{"type":"FeatureCollection","features":[{"type":"Feature","properties":{"destination:lanes":"||Rheineck;Thal;Rorschach;Polizei","highway":"motorway","int_ref":"E 60","lanes":"3","maxspeed":"120","oneway":"yes","placement":"right_of:1","ref":"A1","shoulder:right":"yes","source:maxspeed":"CH:motorway","surface":"asphalt","toll":"yes","turn:lanes":"||slight_right","carriage_ref":"A"},"geometry":{"type":"LineString","coordinates":[[9.5791576,47.4804675],[9.5786673,47.4805398],[9.5782724,47.4805857]]}},{"type":"Feature","properties":{"highway":"motorway","int_ref":"E 25","lanes":"2","maxspeed":"120","oneway":"yes","ref":"A1","surface":"asphalt","toll":"yes","carriage_ref":"A"},"geometry":{"type":"LineString","coordinates":[[6.90756,46.8275073],[6.9071333,46.8273565],[6.9067026,46.8272099],[6.9062323,46.8270615],[6.905921,46.8269689],[6.9056129,46.8268804],[6.9051899,46.8267573],[6.904737,46.8266299],[6.9044037,46.8265351],[6.9040842,46.8264498],[6.9036378,46.8263393],[6.903175,46.8262321],[6.9027068,46.82613],[6.9022573,46.826037],[6.9018018,46.8259484],[6.9013521,46.8258663],[6.9009,46.8257893],[6.9004426,46.8257164],[6.8999821,46.8256507],[6.8995285,46.8255893],[6.8990704,46.8255337],[6.8986156,46.82548],[6.8981547,46.8254361],[6.8976954,46.825396],[6.8972329,46.8253595],[6.8967761,46.8253292],[6.8963387,46.8253067],[6.8960866,46.8252924],[6.8958343,46.8252837],[6.8953679,46.8252697],[6.8949018,46.8252578],[6.8944202,46.8252527],[6.8939611,46.8252505],[6.8934968,46.8252556],[6.8930308,46.8252633],[6.8925578,46.8252797],[6.8920953,46.8253002],[6.8916289,46.8253259],[6.8912727,46.8253512],[6.8909351,46.8253755],[6.890269,46.825431]]}},{"type":"Feature","properties":{"highway":"motorway","int_ref":"E 60","lanes":"2","maxspeed":"120","oneway":"yes","ref":"A1","shoulder:right":"yes","source:maxspeed":"CH:motorway","surface":"asphalt","toll":"yes","carriage_ref":"A"},"geometry":{"type":"LineString","coordinates":[[9.5053098,47.4695527],[9.5045175,47.4693226],[9.5033741,47.4689711],[9.5025765,47.4687375],[9.5022439,47.4686429],[9.5017213,47.468508],[9.5013041,47.4684127],[9.5006131,47.4682649],[9.4987814,47.4679125],[9.4982082,47.46779],[9.4976336,47.4676619],[9.4971807,47.4675453],[9.496597,47.4673735],[9.4960405,47.4671827],[9.4951415,47.4668479],[9.4949133,47.4667588],[9.4943665,47.4665452],[9.4935474,47.4662272],[9.4927921,47.4659596],[9.492301,47.4658004],[9.4917325,47.4656306],[9.4909872,47.4654566],[9.4902727,47.4653187],[9.4895281,47.4652043],[9.4888952,47.4651368],[9.4884253,47.4650975],[9.4878392,47.4650706],[9.4872111,47.4650605],[9.4866764,47.4650687],[9.4861311,47.4650889],[9.4856123,47.4651306],[9.485072,47.4651894],[9.4845144,47.4652608],[9.4839366,47.4653553],[9.4835124,47.4654376],[9.483044,47.4655415],[9.482249,47.4657224],[9.4815901,47.4658885],[9.4809598,47.4660468],[9.4803724,47.4661827]]}},{"type":"Feature","properties":{"bridge":"yes","highway":"motorway","int_ref":"E 23;E 25","lanes":"2","layer":"1","lit":"no","maxspeed":"120","oneway":"yes","ref":"A1;A9","surface":"asphalt","toll":"yes","carriage_ref":"B"},"geometry":{"type":"LineString","coordinates":[[6.5704714,46.6683073],[6.570327,46.6691335],[6.5702767,46.6695471],[6.5702449,46.6697513],[6.5701405,46.6707087],[6.5700686,46.6714216],[6.5700203,46.6723043],[6.570015,46.672505]]}},{"type":"Feature","properties":{"highway":"motorway","int_ref":"E 60","lanes":"3","maxspeed":"120","oneway":"yes","placement":"right_of:1","ref":"A1","surface":"asphalt","toll":"yes","turn:lanes":"||slight_right","last":"true","carriage_ref":"B"},"geometry":{"type":"LineString","coordinates":[[9.6490723,47.4542419],[9.6497938,47.4539415],[9.6502543,47.4537156],[9.6506897,47.4534792],[9.6511496,47.4531958],[9.6513664,47.4530541]]}},{"type":"Feature","properties":{"bridge":"yes","highway":"motorway","int_ref":"E 25;E 62","lanes":"2","layer":"1","maxspeed":"120","oneway":"yes","ref":"A1","toll":"yes","carriage_ref":"B"},"geometry":{"type":"LineString","coordinates":[[6.4039335,46.4778607],[6.4052299,46.4778138]]}},{"type":"Feature","properties":{"bridge":"yes","highway":"motorway","int_ref":"E 60","lanes":"2","layer":"1","maxspeed":"120","oneway":"yes","ref":"A1","shoulder:right":"yes","source:maxspeed":"CH:motorway","surface":"asphalt","toll":"yes","carriage_ref":"A"},"geometry":{"type":"LineString","coordinates":[[9.5833393,47.4789363],[9.5830322,47.4791223]]}},{"type":"Feature","properties":{"highway":"motorway","int_ref":"E 60","lanes":"3","maxspeed":"120","oneway":"yes","ref":"A1","surface":"asphalt","toll":"yes","turn:lanes":"none|none|slight_right","carriage_ref":"A"},"geometry":{"type":"LineString","coordinates":[[9.0981886,47.461183],[9.0972072,47.4610115]]}},{"type":"Feature","properties":{"bridge":"yes","highway":"motorway","int_ref":"E 25","lanes":"3","layer":"1","lit":"no","maxspeed":"100","oneway":"yes","ref":"A1","surface":"asphalt","toll":"yes","carriage_ref":"B"},"geometry":{"type":"LineString","coordinates":[[7.7888244,47.3086011],[7.7891297,47.3086888]]}},{"type":"Feature","properties":{"bridge":"yes","highway":"motorway","int_ref":"E 25","lanes":"2","layer":"1","maxspeed":"120","oneway":"yes","ref":"A1","surface":"asphalt","toll":"yes","carriage_ref":"B"},"geometry":{"type":"LineString","coordinates":[[6.8407486,46.8261459],[6.8412955,46.8262667],[6.8418617,46.8263982],[6.8424287,46.8265348],[6.8429928,46.8266757],[6.8433241,46.8267604],[6.8436554,46.8268485],[6.8439877,46.8269392],[6.8443169,46.8270325],[6.8447015,46.8271447],[6.8450815,46.8272599]]}},{"type":"Feature","properties":{"highway":"motorway","int_ref":"E 60","lanes":"3","maxspeed":"120","oneway":"yes","ref":"A1","surface":"asphalt","toll":"yes","turn:lanes":"none|none|merge_to_left","carriage_ref":"A"},"geometry":{"type":"LineString","coordinates":[[9.153683,47.4488226],[9.1527378,47.4494031],[9.1520975,47.4497815],[9.15193,47.4498805]]}},{"type":"Feature","properties":{"highway":"motorway","int_ref":"E 60","lanes":"3","maxspeed":"120","oneway":"yes","ref":"A1","surface":"asphalt","toll":"yes","carriage_ref":"A"},"geometry":{"type":"LineString","coordinates":[[9.4405573,47.4665767],[9.4400284,47.4660063],[9.4392088,47.4649354],[9.4383412,47.4636926],[9.4382246,47.4635245],[9.43697,47.4617165],[9.4362828,47.4607924],[9.4358785,47.4602952],[9.4354306,47.4597762],[9.4348122,47.4591629],[9.4342361,47.4585924],[9.4336296,47.4580512],[9.4329809,47.4575415],[9.4322949,47.4570082],[9.4315799,47.4565093],[9.4309536,47.4561061],[9.4298861,47.4554189],[9.4277309,47.4540819],[9.4256702,47.4527046],[9.4247898,47.4520548],[9.4239089,47.4513745]]}},{"type":"Feature","properties":{"bridge":"yes","highway":"motorway","int_ref":"E 35","lanes":"2","layer":"1","lit":"no","maxspeed":"120","oneway":"yes","ref":"A1;A2","surface":"asphalt","toll":"yes","carriage_ref":"A"},"geometry":{"type":"LineString","coordinates":[[7.8337934,47.3095904],[7.8332544,47.3096395]]}},{"type":"Feature","properties":{"destination":"St. Gallen","highway":"motorway","int_ref":"E 41;E 60","lanes":"3","lit":"yes","maxspeed":"80","oneway":"yes","ref":"A1;A4","source:maxspeed":"sign","surface":"asphalt","toll":"yes","carriage_ref":"B"},"geometry":{"type":"LineString","coordinates":[[8.435561,47.4136826],[8.4361684,47.4138197],[8.4369038,47.4139926],[8.4376241,47.414174]]}},{"type":"Feature","properties":{"highway":"motorway","lanes":"2","lit":"no","maxspeed":"100","oneway":"yes","ref":"A1;A3","surface":"asphalt","toll":"yes","carriage_ref":"B"},"geometry":{"type":"LineString","coordinates":[[8.2496188,47.4475206],[8.2499331,47.4476679],[8.2502837,47.4478324],[8.2506922,47.448017],[8.2510917,47.4481868],[8.2514892,47.4483457],[8.251905,47.4485023],[8.2523264,47.4486559],[8.2525392,47.4487304],[8.2527559,47.4488026],[8.2531934,47.448945],[8.2534051,47.44901],[8.2536198,47.4490729],[8.2539472,47.4491673]]}},{"type":"Feature","properties":{"highway":"motorway","int_ref":"E 25;E 62","lanes":"2","lit":"no","maxspeed":"100","oneway":"yes","ref":"A1","toll":"yes","carriage_ref":"B"},"geometry":{"type":"LineString","coordinates":[[6.0833065,46.1839262],[6.0829562,46.1846052]]}},{"type":"Feature","properties":{"bridge":"yes","highway":"motorway","int_ref":"E 25;E 62","lanes":"2","layer":"1","maxspeed":"signals","oneway":"yes","ref":"A1","toll":"yes","carriage_ref":"A"},"geometry":{"type":"LineString","coordinates":[[6.1442862,46.2829723],[6.1442388,46.2828416]]}},{"type":"Feature","properties":{"avz":"84","cs_dir:forward":"1","destination:lanes":"St. Gallen Neudorf|St. Gallen Neudorf|St. Gallen St. Fiden","highway":"motorway","int_ref":"E 60","lanes":"3","layer":"-2","maxheight":"default","maxspeed":"100","name":"Rosenbergtunnel Süd","oneway":"yes","ref":"A1","ssvz":"924N","surface":"asphalt","toll":"yes","tunnel":"yes","tunnel:name":"Rosenberg","carriage_ref":"B"},"geometry":{"type":"LineString","coordinates":[[9.384036,47.432562],[9.3846271,47.4327173]]}},{"type":"Feature","properties":{"destination":"Estavayer-le-Lac","highway":"motorway","int_ref":"E 25","lanes":"2","maxspeed":"120","oneway":"yes","ref":"A1","surface":"asphalt","toll":"yes","carriage_ref":"A"},"geometry":{"type":"LineString","coordinates":[[6.9105501,46.828745],[6.9102631,46.8286112],[6.909979,46.8284812],[6.9096853,46.82835],[6.9093887,46.828225],[6.9087855,46.8279763],[6.9081667,46.8277332],[6.90756,46.8275073]]}},{"type":"Feature","properties":{"bridge":"yes","highway":"motorway","int_ref":"E 41;E 60","lanes":"3","layer":"1","maxspeed":"120","oneway":"yes","ref":"A1;A4","source:maxspeed":"CH:motorway","surface":"asphalt","toll":"yes","carriage_ref":"B"},"geometry":{"type":"LineString","coordinates":[[8.6979623,47.4477256],[8.6982083,47.4480173],[8.6984852,47.448354]]}},{"type":"Feature","properties":{"bridge":"yes","highway":"motorway","lanes":"2","layer":"1","lit":"no","maxspeed":"120","oneway":"yes","ref":"A1","surface":"asphalt","toll":"yes","carriage_ref":"B"},"geometry":{"type":"LineString","coordinates":[[8.1743004,47.395291],[8.174683,47.3953059]]}},{"type":"Feature","properties":{"avz":"214","cs_dir:forward":"2","highway":"motorway","int_ref":"E 25","lanes":"2","lit":"no","maxspeed":"100","oneway":"yes","ref":"A1","surface":"asphalt","toll":"yes","carriage_ref":"A"},"geometry":{"type":"LineString","coordinates":[[7.3887063,46.9542138],[7.3886227,46.9541921],[7.3884224,46.9541414],[7.3881949,46.954076],[7.3879867,46.954009],[7.3877734,46.9539372],[7.3875623,46.9538591],[7.3873669,46.9537821],[7.3871624,46.9536952],[7.386941,46.953593],[7.3867817,46.9535152],[7.3866018,46.9534225],[7.3864189,46.953321],[7.3862384,46.9532168],[7.3860736,46.9531144],[7.3859036,46.9530016],[7.3857437,46.9528893],[7.3855839,46.9527712],[7.3854277,46.9526493],[7.3852894,46.9525291],[7.3851452,46.9523953],[7.385013,46.9522684],[7.3848822,46.9521382],[7.3847577,46.9520034],[7.3846396,46.9518676],[7.3845226,46.9517277],[7.3844116,46.9515894],[7.3843052,46.9514501],[7.3841914,46.9512938],[7.3840327,46.9510672],[7.3838975,46.9508605],[7.3836213,46.9504484]]}},{"type":"Feature","properties":{"bridge":"yes","highway":"motorway","int_ref":"E 25","lanes":"2","layer":"1","maxspeed":"120","oneway":"yes","ref":"A1","surface":"asphalt","toll":"yes","carriage_ref":"A"},"geometry":{"type":"LineString","coordinates":[[7.5287293,47.038818],[7.5287058,47.0384893]]}},{"type":"Feature","properties":{"highway":"motorway","int_ref":"E 41;E 60","lanes":"3","maxspeed":"120","oneway":"yes","ref":"A1;A4","source:maxspeed":"CH:motorway","surface":"asphalt","toll":"yes","carriage_ref":"B"},"geometry":{"type":"LineString","coordinates":[[8.6984852,47.448354],[8.6987866,47.4486843]]}},{"type":"Feature","properties":{"highway":"motorway","int_ref":"E 60","lanes":"2","maxspeed":"120","oneway":"yes","ref":"A1","surface":"asphalt","toll":"yes","carriage_ref":"A"},"geometry":{"type":"LineString","coordinates":[[9.4430079,47.4685028],[9.4425193,47.4681985],[9.4420495,47.4678782],[9.4411554,47.4671106],[9.4405573,47.4665767]]}},{"type":"Feature","properties":{"change:lanes":"not_left|not_right|not_left|not_right","highway":"motorway","int_ref":"E 41;E 60","lanes":"4","lit":"yes","maxspeed":"100","oneway":"yes","placement":"middle_of:2","ref":"A1;A4","source:maxspeed":"sign","surface":"asphalt","toll":"yes","turn:lanes":"|||merge_to_left","carriage_ref":"A"},"geometry":{"type":"LineString","coordinates":[[8.6259397,47.4150596],[8.6256357,47.4148601]]}},{"type":"Feature","properties":{"bridge":"yes","highway":"motorway","int_ref":"E 25","lanes":"2","layer":"1","lit":"no","maxspeed":"100","oneway":"yes","ref":"A1","surface":"asphalt","toll":"yes","carriage_ref":"A"},"geometry":{"type":"LineString","coordinates":[[7.3890693,46.9542995],[7.3888994,46.9542593],[7.3887063,46.9542138]]}},{"type":"Feature","properties":{"highway":"motorway","lanes":"2","lit":"no","maxspeed":"120","oneway":"yes","ref":"A1","toll":"yes","carriage_ref":"B"},"geometry":{"type":"LineString","coordinates":[[8.1722819,47.3952626],[8.1743004,47.395291]]}},{"type":"Feature","properties":{"highway":"motorway","int_ref":"E 41;E 60","lanes":"2","lit":"no","maxspeed":"100","oneway":"yes","ref":"A1;A4","source:maxspeed":"CH:motorway","surface":"asphalt","toll":"yes","carriage_ref":"B"},"geometry":{"type":"LineString","coordinates":[[8.4869018,47.4252502],[8.4878985,47.4254882],[8.4882833,47.4255726],[8.4886141,47.4256395],[8.48906,47.4257265],[8.4893406,47.4257762]]}},{"type":"Feature","properties":{"highway":"motorway","int_ref":"E 60","lanes":"4","lit":"no","maxspeed":"120","oneway":"yes","ref":"A1;A3","surface":"asphalt","toll":"yes","turn:lanes":"through|through|through|slight_right","carriage_ref":"A"},"geometry":{"type":"LineString","coordinates":[[8.3918777,47.4224947],[8.3910786,47.4225574]]}},{"type":"Feature","properties":{"bridge":"yes","highway":"motorway","int_ref":"E 60","lanes":"2","layer":"1","maxspeed":"120","oneway":"yes","ref":"A1","surface":"asphalt","toll":"yes","carriage_ref":"B"},"geometry":{"type":"LineString","coordinates":[[8.7597634,47.5283723],[8.7600097,47.5283302]]}},{"type":"Feature","properties":{"destination:lanes":"Uzwil;Zürich|Uzwil;Zürich|Gossau;Andwil","highway":"motorway","int_ref":"E 60","lanes":"3","maxspeed":"120","oneway":"yes","ref":"A1","surface":"asphalt","toll":"yes","carriage_ref":"A"},"geometry":{"type":"LineString","coordinates":[[9.2423645,47.4254465],[9.2417059,47.4253305]]}},{"type":"Feature","properties":{"highway":"motorway","int_ref":"E 60","lanes":"2","maxspeed":"120","oneway":"yes","ref":"A1","surface":"asphalt","toll":"yes","carriage_ref":"B"},"geometry":{"type":"LineString","coordinates":[[8.9957203,47.4712507],[8.9976039,47.4712172],[8.9987814,47.4712262]]}},{"type":"Feature","properties":{"bicycle":"no","foot":"no","highway":"motorway","lanes":"2","lit":"no","maxspeed":"120","oneway":"yes","ref":"A1","surface":"asphalt","toll":"yes","carriage_ref":"A"},"geometry":{"type":"LineString","coordinates":[[8.1104175,47.3814629],[8.1094728,47.3803057],[8.1091734,47.3799495],[8.1088688,47.3795942],[8.1086343,47.3793314],[8.1083778,47.3790516],[8.1081983,47.3788519],[8.10801,47.3786534],[8.1077107,47.3783458],[8.1071992,47.3778357],[8.1067168,47.3773785],[8.1061608,47.3768797],[8.1055746,47.3763785],[8.105275,47.376126],[8.1049646,47.3758761],[8.104505,47.3755126],[8.1040281,47.375155],[8.1036946,47.3749104],[8.1033633,47.3746688],[8.1029469,47.3743792],[8.1025273,47.3740928],[8.1020532,47.3737847],[8.1015766,47.3734805],[8.1010037,47.3731312],[8.1004242,47.372788],[8.0995105,47.3722689],[8.0985853,47.3717587],[8.0973427,47.3710998],[8.0967786,47.3708095],[8.0962213,47.3705295],[8.095638,47.3702357],[8.0950656,47.3699545],[8.094105,47.3694985],[8.093521,47.3692321],[8.0929399,47.3689705],[8.0923428,47.3687127],[8.0917401,47.3684623],[8.0911571,47.3682241]]}},{"type":"Feature","properties":{"destination":"Zürich","highway":"motorway","int_ref":"E 60","lanes":"4","lit":"no","maxspeed":"120","oneway":"yes","ref":"A1;A3","surface":"asphalt","toll":"yes","turn:lanes":"|||slight_right","carriage_ref":"B"},"geometry":{"type":"LineString","coordinates":[[8.3327878,47.4541433],[8.3331421,47.4540462],[8.3333569,47.4539758],[8.3335697,47.4539034],[8.3337719,47.4538286],[8.3339703,47.4537513],[8.3341712,47.4536673],[8.3343692,47.4535817]]}},{"type":"Feature","properties":{"highway":"motorway","int_ref":"E 60","lanes":"2","maxspeed":"120","oneway":"yes","ref":"A1","shoulder:right":"yes","source:maxspeed":"CH:motorway","surface":"asphalt","toll":"yes","carriage_ref":"A"},"geometry":{"type":"LineString","coordinates":[[9.5218867,47.4742118],[9.5211626,47.4740101],[9.519483,47.4734704],[9.5187237,47.4732268]]}},{"type":"Feature","properties":{"highway":"motorway","int_ref":"E 60","lanes":"2","maxspeed":"120","oneway":"yes","ref":"A1","surface":"asphalt","toll":"yes","carriage_ref":"B"},"geometry":{"type":"LineString","coordinates":[[9.2597631,47.4236299],[9.2605162,47.4231081],[9.2610618,47.4227389],[9.2615369,47.4224415],[9.2619454,47.4222034],[9.2623435,47.4219914],[9.262937,47.4217098],[9.263723,47.4214013],[9.2641646,47.4212593],[9.2646384,47.421123],[9.2650393,47.4210155],[9.265744,47.4208543]]}},{"type":"Feature","properties":{"highway":"motorway","int_ref":"E 25;E 62","lanes":"2","layer":"-1","lit":"yes","maxspeed":"100","name":"Tunnel de Vernier","oneway":"yes","ref":"A1","source":"extrapolation","toll":"yes","tunnel":"yes","tunnel:name":"Vernier","carriage_ref":"A"},"geometry":{"type":"LineString","coordinates":[[6.0931238,46.2149745],[6.0803281,46.2110415],[6.0796255,46.2107974],[6.0789733,46.2105449],[6.0784247,46.2103016],[6.0779674,46.2100522],[6.0775225,46.209772],[6.0772687,46.2095764],[6.0769737,46.2093272],[6.0765593,46.2088773],[6.0762347,46.2084784],[6.0760201,46.2081242],[6.0757926,46.2076659],[6.0756577,46.2072963],[6.075533,46.2068508],[6.0754572,46.2065398],[6.0754068,46.2061475],[6.0753524,46.2056482],[6.0753437,46.2051155],[6.0753722,46.2046149]]}},{"type":"Feature","properties":{"highway":"motorway","int_ref":"E 41;E 60","lanes":"3","lit":"no","maxspeed":"100","oneway":"yes","ref":"A1;A4","surface":"asphalt","toll":"yes","carriage_ref":"B"},"geometry":{"type":"LineString","coordinates":[[8.6327249,47.4196514],[8.6330474,47.4198461],[8.6335244,47.4201082],[8.6339118,47.4203168],[8.6342992,47.4205183],[8.6346335,47.4206834],[8.6349594,47.4208395],[8.6352975,47.420997],[8.635654,47.4211557],[8.6359167,47.4212685],[8.6361899,47.4213805],[8.6364465,47.4214868],[8.6367124,47.4215929]]}},{"type":"Feature","properties":{"highway":"motorway","int_ref":"E 41;E 60","lanes":"2","lit":"yes","maxspeed":"100","oneway":"yes","placement":"transition","ref":"A1;A4","source:maxspeed":"sign","surface":"asphalt","toll":"yes","carriage_ref":"B"},"geometry":{"type":"LineString","coordinates":[[8.5741865,47.4193928],[8.5741761,47.4177389]]}},{"type":"Feature","properties":{"highway":"motorway","lanes":"2","lit":"no","maxspeed":"120","oneway":"yes","ref":"A1","surface":"asphalt","toll":"yes","carriage_ref":"B"},"geometry":{"type":"LineString","coordinates":[[8.2385227,47.4325772],[8.2387036,47.4330534]]}},{"type":"Feature","properties":{"bridge":"yes","highway":"motorway","lanes":"2","layer":"1","lit":"no","maxspeed":"120","oneway":"yes","ref":"A1","surface":"asphalt","toll":"yes","carriage_ref":"A"},"geometry":{"type":"LineString","coordinates":[[8.2120851,47.4066577],[8.2113513,47.4061754],[8.21088,47.4058585],[8.2100726,47.4052807],[8.2093686,47.4047409]]}},{"type":"Feature","properties":{"highway":"motorway","lanes":"3","lit":"no","maxspeed":"120","oneway":"yes","ref":"A1","surface":"asphalt","toll":"yes","turn:lanes":"through|through|merge_to_left","carriage_ref":"B"},"geometry":{"type":"LineString","coordinates":[[8.1890194,47.3975167],[8.1897179,47.3975742],[8.1902151,47.3976146],[8.190723,47.3976459],[8.1912343,47.3976743],[8.1923843,47.3977268],[8.1925446,47.3977344],[8.1935843,47.397784],[8.1950347,47.3978648],[8.1957499,47.397909],[8.1964853,47.397962],[8.1971731,47.3980223],[8.1976873,47.3980775],[8.1984389,47.3981737]]}},{"type":"Feature","properties":{"bridge":"yes","destination":"Rolle","highway":"motorway","int_ref":"E 25;E 62","lanes":"2","layer":"1","maxspeed":"120","oneway":"yes","ref":"A1","toll":"yes","carriage_ref":"A"},"geometry":{"type":"LineString","coordinates":[[6.4052434,46.477948],[6.4039362,46.4779699]]}},{"type":"Feature","properties":{"highway":"motorway","int_ref":"E 25","lanes":"3","maxspeed":"120","oneway":"yes","ref":"A1","surface":"asphalt","toll":"yes","turn:lanes":"through|through|slight_right","carriage_ref":"B"},"geometry":{"type":"LineString","coordinates":[[7.5671091,47.0723583],[7.5676113,47.0730712],[7.5682295,47.0739601]]}},{"type":"Feature","properties":{"bridge":"yes","highway":"motorway","int_ref":"E 41;E 60","lanes":"2","layer":"1","lit":"yes","maxspeed":"100","oneway":"yes","ref":"A1;A4","source:maxspeed":"sign","surface":"asphalt","toll":"yes","carriage_ref":"B"},"geometry":{"type":"LineString","coordinates":[[8.575404,47.4116652],[8.575537,47.4115674],[8.5756593,47.4114753],[8.5757704,47.4114011],[8.5758972,47.4113159]]}},{"type":"Feature","properties":{"highway":"motorway","int_ref":"E 60","lanes":"3","lit":"no","maxspeed":"120","oneway":"yes","ref":"A1;A3","surface":"asphalt","toll":"yes","carriage_ref":"A"},"geometry":{"type":"LineString","coordinates":[[8.3666557,47.4295604],[8.3656302,47.4299208],[8.3647685,47.4302349],[8.3643491,47.4303942],[8.3639338,47.4305556],[8.3635619,47.4307058],[8.3631979,47.4308596],[8.3629554,47.4309662],[8.362718,47.4310748],[8.3624125,47.4312179],[8.3620476,47.4313992],[8.3616874,47.4315823],[8.3613279,47.4317674],[8.3609738,47.431954],[8.3597609,47.4326108],[8.3591884,47.4329194],[8.358609,47.4332242],[8.3582243,47.4334209],[8.3578304,47.433613],[8.3574454,47.4337992],[8.3570552,47.4339752],[8.3566595,47.434146],[8.3562468,47.4343215],[8.3558396,47.4344894]]}},{"type":"Feature","properties":{"destination":"Zürich","highway":"motorway","int_ref":"E 60","lanes":"2","layer":"-2","lit":"yes","maxspeed":"100","name":"Bareggtunnel","oneway":"yes","ref":"A1;A3","signals":"maxspeed=signals","surface":"asphalt","toll":"yes","tunnel":"yes","tunnel:name":"Baregg","wikipedia":"de:Bareggtunnel"},"geometry":{"type":"LineString","coordinates":[[8.2889144,47.4588506],[8.2962812,47.4596649],[8.2991751,47.459895],[8.3008371,47.4599026],[8.3015281,47.4598723],[8.3021825,47.4597609],[8.3029604,47.4595713],[8.3037204,47.459325]]}},{"type":"Feature","properties":{"destination":"Bern","destination:lanes":"|||Wettingen-Ost Otelfingen","highway":"motorway","int_ref":"E 60","lanes":"4","lit":"no","maxspeed":"120","oneway":"yes","placement":"middle_of:2","ref":"A1;A3","surface":"asphalt","toll":"yes","turn:lanes":"|||slight_right","carriage_ref":"A"},"geometry":{"type":"LineString","coordinates":[[8.3423561,47.4447769],[8.3412667,47.4462828]]}},{"type":"Feature","properties":{"bridge":"viaduct","highway":"motorway","int_ref":"E 60","lanes":"3","layer":"2","maxspeed":"100","oneway":"yes","ref":"A1","surface":"asphalt","toll":"yes","carriage_ref":"A"},"geometry":{"type":"LineString","coordinates":[[9.344622,47.4226868],[9.3434468,47.4222878],[9.3420361,47.4219057],[9.3399949,47.4215001],[9.3366375,47.4209334],[9.336073,47.4208227]]}},{"type":"Feature","properties":{"highway":"motorway","int_ref":"E 60","lanes":"2","maxspeed":"120","oneway":"yes","ref":"A1","shoulder:right":"yes","source:maxspeed":"CH:motorway","surface":"asphalt","toll":"yes","carriage_ref":"A"},"geometry":{"type":"LineString","coordinates":[[9.5993471,47.4614264],[9.5988272,47.4615148],[9.5981418,47.4616643],[9.5974947,47.4618223],[9.5968677,47.4620111],[9.5963599,47.4621935],[9.5959435,47.4623725],[9.5955668,47.4625683],[9.5952134,47.4627751],[9.5949009,47.4629861],[9.594673,47.4631589],[9.5943901,47.4634028],[9.5940717,47.463715],[9.5935958,47.4642778],[9.5932179,47.4647628],[9.5921743,47.4661885],[9.5913956,47.4673016],[9.5909219,47.4679956],[9.5905654,47.4685413],[9.5899279,47.4695456],[9.5892696,47.4706115]]}},{"type":"Feature","properties":{"bridge":"yes","highway":"motorway","int_ref":"E 60","lanes":"3","layer":"1","lit":"no","maxspeed":"100","oneway":"yes","ref":"A1;A3","surface":"asphalt","toll":"yes","turn:lanes":"slight_left|slight_left;slight_right|slight_right","carriage_ref":"A"},"geometry":{"type":"LineString","coordinates":[[8.259112,47.4506328],[8.2583641,47.4504429],[8.2574739,47.4502159],[8.2563757,47.4499355],[8.2553303,47.4496703]]}},{"type":"Feature","properties":{"highway":"motorway","int_ref":"E 60","lanes":"2","maxspeed":"120","oneway":"yes","ref":"A1","surface":"asphalt","toll":"yes","carriage_ref":"B"},"geometry":{"type":"LineString","coordinates":[[8.7144949,47.5232302],[8.7150252,47.5231457],[8.7155646,47.5230841]]}},{"type":"Feature","properties":{"highway":"motorway","int_ref":"E 25","lanes":"3","lit":"no","maxspeed":"100","oneway":"yes","ref":"A1","surface":"asphalt","toll":"yes","carriage_ref":"A"},"geometry":{"type":"LineString","coordinates":[[7.404771,46.9508347],[7.4045424,46.950843],[7.404067,46.9508688],[7.4035986,46.9509079],[7.4033663,46.9509326],[7.4031303,46.9509589],[7.4028973,46.9509905],[7.402665,46.9510247],[7.4024359,46.9510603],[7.4022086,46.951099],[7.4019527,46.9511474],[7.401721,46.9511919],[7.4014977,46.9512421],[7.4012745,46.951292],[7.4010544,46.9513453],[7.4008,46.951411],[7.400546,46.9514844],[7.4002935,46.9515588],[7.4000447,46.951636],[7.3997079,46.9517487],[7.3993778,46.9518685],[7.3990481,46.9519966],[7.3987229,46.95213],[7.3984684,46.9522438],[7.3982118,46.9523622]]}},{"type":"Feature","properties":{"bridge":"yes","highway":"motorway","int_ref":"E 60","lanes":"3","layer":"1","lit":"no","maxspeed":"120","oneway":"yes","ref":"A1;A3","toll":"yes","carriage_ref":"A"},"geometry":{"type":"LineString","coordinates":[[8.4033222,47.4214298],[8.4026475,47.4215471],[8.4019467,47.4216578],[8.4012629,47.4217549]]}},{"type":"Feature","properties":{"highway":"motorway","lanes":"2","layer":"1","lit":"no","maxspeed":"120","oneway":"yes","ref":"A1","surface":"asphalt","toll":"yes","carriage_ref":"B"},"geometry":{"type":"LineString","coordinates":[[8.2387036,47.4330534],[8.2394138,47.4349759],[8.2395021,47.4352025]]}},{"type":"Feature","properties":{"highway":"motorway","int_ref":"E 60","lanes":"3","lit":"no","maxspeed":"120","oneway":"yes","ref":"A1;A3","surface":"asphalt","toll":"yes","carriage_ref":"A"},"geometry":{"type":"LineString","coordinates":[[8.4081357,47.420326],[8.4078242,47.420415],[8.4076743,47.4204555],[8.4072272,47.4205749],[8.4067811,47.4206893],[8.4063387,47.4207988],[8.4058769,47.4209083],[8.4054382,47.4210071],[8.4049742,47.4211066],[8.4045179,47.421201],[8.4040503,47.4212943],[8.4036975,47.4213621],[8.4033222,47.4214298]]}},{"type":"Feature","properties":{"avz":"287","cs_dir:forward":"1","highway":"motorway","int_ref":"E 41;E 60","lanes":"2","lit":"yes","maxspeed":"100","oneway":"yes","ref":"A1;A4","surface":"asphalt","toll":"yes","carriage_ref":"B"},"geometry":{"type":"LineString","coordinates":[[8.4830543,47.4239594],[8.4840295,47.4243435],[8.4842649,47.4244293],[8.4845366,47.424531],[8.4848978,47.4246549],[8.4851298,47.4247316],[8.4853344,47.4247973],[8.4855686,47.4248721],[8.4858063,47.4249502]]}},{"type":"Feature","properties":{"highway":"motorway","int_ref":"E 60","lanes":"2","maxspeed":"120","oneway":"yes","ref":"A1","surface":"asphalt","toll":"yes","carriage_ref":"A"},"geometry":{"type":"LineString","coordinates":[[9.0903464,47.4598394],[9.0891707,47.4596382],[9.087774,47.4594022],[9.0842725,47.4588039],[9.0839037,47.4587409],[9.0793152,47.4579649]]}},{"type":"Feature","properties":{"bicycle":"no","foot":"no","highway":"motorway","horse":"no","int_ref":"E 25","lanes":"2","maxspeed":"100","oneway":"yes","ref":"A1","sidewalk":"no","surface":"asphalt","toll":"yes","carriage_ref":"A"},"geometry":{"type":"LineString","coordinates":[[6.6482751,46.7618889],[6.6479986,46.761985],[6.6478473,46.7620359],[6.6476874,46.7620812]]}},{"type":"Feature","properties":{"bridge":"yes","highway":"motorway","int_ref":"E 25;E 62","lanes":"2","layer":"1","maxspeed":"120","oneway":"yes","ref":"A1","toll":"yes","carriage_ref":"B"},"geometry":{"type":"LineString","coordinates":[[6.214885,46.4009958],[6.2165961,46.4026106]]}},{"type":"Feature","properties":{"highway":"motorway","int_ref":"E 25","lanes":"2","maxspeed":"120","oneway":"yes","ref":"A1","surface":"asphalt","toll":"yes","carriage_ref":"A"},"geometry":{"type":"LineString","coordinates":[[7.5649287,47.0695543],[7.564506,47.0689912],[7.5641719,47.06855],[7.5638358,47.0681349],[7.5635305,47.0677632],[7.5632648,47.0674424],[7.563014,47.0671504],[7.5626528,47.0667314],[7.5621681,47.066187],[7.5617881,47.0657681],[7.561539,47.0655053],[7.5610204,47.0649609],[7.5604955,47.0644266],[7.5600923,47.0640291],[7.5597194,47.0636603],[7.5593141,47.0632827],[7.5588893,47.0628942],[7.5586936,47.0627345],[7.5584448,47.0625268]]}},{"type":"Feature","properties":{"destination":"Bern","highway":"motorway","int_ref":"E 60","lanes":"3","lit":"no","maxspeed":"120","oneway":"yes","ref":"A1;A3","toll":"yes","carriage_ref":"A"},"geometry":{"type":"LineString","coordinates":[[8.3365035,47.4524215],[8.3362569,47.4526244],[8.3360884,47.452755],[8.335923,47.4528726],[8.3357548,47.4529886],[8.3355908,47.4530965],[8.3354225,47.4532019],[8.3352465,47.4533072],[8.3350658,47.4534043]]}},{"type":"Feature","properties":{"highway":"motorway","int_ref":"E 60","lanes":"3","lit":"no","maxspeed":"100","oneway":"yes","ref":"A1;A3","signals":"maxspeed=signals","surface":"asphalt","toll":"yes","carriage_ref":"B"},"geometry":{"type":"LineString","coordinates":[[8.2591567,47.450515],[8.2609768,47.4510072],[8.2614986,47.4511647],[8.2620845,47.4513452],[8.2625427,47.4514955],[8.2630181,47.4516524],[8.2638814,47.4519548],[8.2643403,47.452123],[8.2647923,47.4522967],[8.2653442,47.4525123],[8.2658527,47.4527133],[8.2663574,47.4529257],[8.2669025,47.4531634]]}},{"type":"Feature","properties":{"destination":"Lausanne","highway":"motorway","int_ref":"E 25;E 62","lanes":"2","maxspeed":"80","oneway":"yes","ref":"A1","toll":"yes","carriage_ref":"B"},"geometry":{"type":"LineString","coordinates":[[6.1345973,46.2485698],[6.1355797,46.2489552],[6.1365621,46.2493406],[6.1371312,46.2495653],[6.1374909,46.2497153],[6.1377837,46.2498443],[6.1380936,46.2499861],[6.1384257,46.2501554],[6.1386965,46.2503095],[6.1389557,46.2504774],[6.1392452,46.2506919],[6.1394846,46.2509046],[6.1396889,46.251126]]}},{"type":"Feature","properties":{"highway":"motorway","int_ref":"E 60","lanes":"2","maxspeed":"120","oneway":"yes","ref":"A1","surface":"asphalt","toll":"yes","carriage_ref":"B"},"geometry":{"type":"LineString","coordinates":[[9.2833376,47.4129531],[9.2838923,47.4128102],[9.2845314,47.4126205],[9.2851609,47.4124122],[9.2857958,47.4121713],[9.2865995,47.4118079],[9.2872457,47.4114762],[9.2884065,47.4108214],[9.2896109,47.4101293],[9.2904571,47.4096768],[9.290959,47.4094367],[9.2914494,47.4092237],[9.2920528,47.4089794],[9.2926906,47.4087668],[9.2931584,47.408631],[9.2937897,47.408455],[9.294304,47.4083338],[9.2947998,47.4082342],[9.2954191,47.4081353],[9.2959931,47.4080505],[9.2965412,47.4079962],[9.2970269,47.4079578],[9.2976432,47.4079038],[9.2989444,47.4079058],[9.2997305,47.4079511],[9.3005047,47.4080203],[9.3012482,47.4081176],[9.3019934,47.4082496],[9.3024487,47.4083387],[9.3032187,47.4085158],[9.303662,47.4086267],[9.3040728,47.4087427]]}},{"type":"Feature","properties":{"highway":"motorway","int_ref":"E 25;E 62","lanes":"2","maxspeed":"100","oneway":"yes","ref":"A1","source":"Orthophotos 2009 du SITG (Système d'Information du Territoire Genevois)","surface":"asphalt","toll":"yes","carriage_ref":"B"},"geometry":{"type":"LineString","coordinates":[[6.1207944,46.2391682],[6.1210452,46.2393776],[6.1219204,46.2400883],[6.1228966,46.2408703]]}},{"type":"Feature","properties":{"highway":"motorway","int_ref":"E 60","lanes":"3","maxspeed":"120","oneway":"yes","ref":"A1","surface":"asphalt","toll":"yes","turn:lanes":"none|none|merge_to_left","carriage_ref":"B"},"geometry":{"type":"LineString","coordinates":[[9.2367338,47.4243349],[9.2381215,47.4245852]]}},{"type":"Feature","properties":{"highway":"motorway","int_ref":"E 60","lanes":"2","maxspeed":"120","oneway":"yes","ref":"A1","surface":"asphalt","toll":"yes","carriage_ref":"B"},"geometry":{"type":"LineString","coordinates":[[8.9441789,47.4969548],[8.9446996,47.49638],[8.945235,47.4958138],[8.9458059,47.495247],[8.9463129,47.4947695],[8.9468173,47.4943249]]}},{"type":"Feature","properties":{"bridge":"yes","highway":"motorway","int_ref":"E 35","lanes":"3","layer":"1","lit":"no","maxspeed":"120","oneway":"yes","ref":"A1;A2","surface":"asphalt","toll":"yes","carriage_ref":"B"},"geometry":{"type":"LineString","coordinates":[[7.8893439,47.313015],[7.88995,47.3129637],[7.890513,47.3129096],[7.8912009,47.3128364]]}},{"type":"Feature","properties":{"highway":"motorway","int_ref":"E 25;E 62","lanes":"3","maxspeed":"100","oneway":"yes","ref":"A1","toll":"yes","carriage_ref":"B"},"geometry":{"type":"LineString","coordinates":[[6.1019069,46.223986],[6.1019946,46.2243022],[6.1020915,46.224607],[6.1021981,46.224899],[6.1023112,46.2251622],[6.1024162,46.2253797],[6.1025172,46.2255623],[6.1026396,46.2257623],[6.1027547,46.2259259],[6.1029362,46.2261572],[6.1030996,46.2263452],[6.1032826,46.226532]]}},{"type":"Feature","properties":{"bicycle":"no","foot":"no","highway":"motorway","lanes":"2","lit":"no","maxspeed":"120","oneway":"yes","ref":"A1","surface":"asphalt","toll":"yes","carriage_ref":"B"},"geometry":{"type":"LineString","coordinates":[[8.143411,47.3908132],[8.1439476,47.3908124],[8.1444845,47.3908187],[8.1449637,47.390831],[8.1454438,47.3908486],[8.14593,47.3908734],[8.1464137,47.3909053],[8.1468841,47.3909432],[8.1473651,47.3909876],[8.1478168,47.3910319],[8.1485351,47.39111],[8.1492552,47.3911923],[8.1519513,47.3915243]]}},{"type":"Feature","properties":{"highway":"motorway","int_ref":"E 60","lanes":"2","maxspeed":"120","oneway":"yes","ref":"A1","surface":"asphalt","toll":"yes","carriage_ref":"A"},"geometry":{"type":"LineString","coordinates":[[9.2340609,47.4239784],[9.233137,47.423826],[9.2321738,47.4236969],[9.2312237,47.4235853],[9.2301537,47.4235045],[9.2293776,47.4234755],[9.2284644,47.4234824]]}},{"type":"Feature","properties":{"highway":"motorway","int_ref":"E 60","lanes":"2","layer":"-2","maxheight":"default","maxspeed":"100","name":"Rosenbergtunnel Süd","oneway":"yes","ref":"A1","surface":"asphalt","toll":"yes","tunnel":"yes","tunnel:name":"Rosenberg","carriage_ref":"B"},"geometry":{"type":"LineString","coordinates":[[9.3846271,47.4327173],[9.3850302,47.4327977]]}},{"type":"Feature","properties":{"bridge":"yes","highway":"motorway","int_ref":"E 25;E 27","lanes":"4","layer":"3","maxspeed":"80","oneway":"yes","ref":"A1;A6","surface":"asphalt","toll":"yes","turn:lanes":"merge_to_right|none|none|none","carriage_ref":"B"},"geometry":{"type":"LineString","coordinates":[[7.4685382,46.9771003],[7.4683239,46.9774323],[7.4681325,46.9777682],[7.467951,46.9780798]]}},{"type":"Feature","properties":{"highway":"motorway","int_ref":"E 25","lanes":"3","layer":"-1","maxspeed":"100","maxspeed:variable":"peak_traffic","oneway":"yes","ref":"A1","surface":"asphalt","toll":"yes","tunnel":"yes","carriage_ref":"B"},"geometry":{"type":"LineString","coordinates":[[7.5740913,47.0841606],[7.5741292,47.0847049],[7.5741111,47.0855246],[7.574094,47.0859271],[7.5740118,47.0863874],[7.573945,47.0867342]]}},{"type":"Feature","properties":{"avz":"43","cs_dir:forward":"2","highway":"motorway","int_ref":"E 25;E 62","lanes":"2","maxspeed":"signals","maxspeed:variable":"yes","oneway":"yes","ref":"A1","ssvz":"5N","toll":"yes","carriage_ref":"A"},"geometry":{"type":"LineString","coordinates":[[6.5417922,46.5299581],[6.5402819,46.5293606],[6.5392966,46.5290244]]}},{"type":"Feature","properties":{"destination":"Zürich Aarau","highway":"motorway","lanes":"2","lit":"no","maxspeed":"100","oneway":"yes","ref":"A1","surface":"asphalt","toll":"yes","carriage_ref":"B"},"geometry":{"type":"LineString","coordinates":[[7.915814,47.3046018],[7.9169324,47.3045036],[7.9174261,47.3044592],[7.9179785,47.3044216],[7.9184451,47.3043998],[7.9188016,47.3043888],[7.9191523,47.3043826],[7.919628,47.304382],[7.9200993,47.3043909]]}},{"type":"Feature","properties":{"highway":"motorway","int_ref":"E 41;E 60","lanes":"3","maxspeed":"120","oneway":"yes","ref":"A1;A4","shoulder:right":"yes","source:maxspeed":"CH:motorway","surface":"asphalt","toll":"yes","carriage_ref":"A"},"geometry":{"type":"LineString","coordinates":[[8.7047474,47.4747258],[8.7047552,47.4743882],[8.7047694,47.4740502],[8.7047892,47.4737144],[8.7048209,47.4733274],[8.7048436,47.473134],[8.7048679,47.4729427],[8.7048929,47.4727488],[8.7049247,47.4725565],[8.7049634,47.4723644],[8.7050031,47.4721757],[8.7050455,47.4719966],[8.7050937,47.4718168],[8.7051434,47.4716386],[8.7051951,47.4714621],[8.7052437,47.4713111],[8.7052979,47.4711622],[8.7053554,47.4710125],[8.7054191,47.4708626],[8.7054866,47.4707054],[8.7055618,47.4705483],[8.7056449,47.4703818],[8.7057329,47.4702175],[8.7058244,47.4700508],[8.7059237,47.4698856],[8.706268,47.4693181],[8.706444,47.4690323],[8.7066104,47.4687451],[8.7067319,47.4685179],[8.7068462,47.4682947],[8.7069119,47.468155],[8.7069754,47.4680113],[8.7070431,47.4678504],[8.7071087,47.4676861],[8.7071684,47.467518],[8.7072236,47.46735],[8.7072811,47.4671573],[8.7073362,47.4669618],[8.7073814,47.4667699],[8.7074261,47.4665793],[8.7075773,47.4657552],[8.7076371,47.465417],[8.7076715,47.46525],[8.707711,47.4650822],[8.7077779,47.4648361],[8.7078537,47.4645851],[8.7079232,47.4643826],[8.7080369,47.464092],[8.7081562,47.4638085],[8.7082481,47.4636021],[8.7083902,47.463278],[8.7085267,47.46295],[8.7085966,47.4627729],[8.7086586,47.4625954],[8.7087189,47.462416],[8.7087724,47.4622357],[8.7088255,47.4620441],[8.7088634,47.4618498],[8.7088999,47.4616832],[8.7089292,47.4615137],[8.7089728,47.4611885],[8.7089893,47.4610267],[8.7089984,47.4608629],[8.7090033,47.4607014],[8.709005,47.4605374],[8.7089924,47.4602072],[8.7089628,47.4598791],[8.7089153,47.4595504],[8.7088833,47.4593696],[8.7088408,47.4591849],[8.708797,47.4590003],[8.7087466,47.4588204],[8.7086602,47.4585367],[8.7085695,47.4582709],[8.7085219,47.4581407],[8.7084696,47.4580124],[8.708419,47.4578926],[8.7083649,47.4577727],[8.7082943,47.4576284],[8.7082187,47.4574878],[8.7080441,47.4571908]]}},{"type":"Feature","properties":{"bridge":"yes","highway":"motorway","int_ref":"E 60","lanes":"2","layer":"1","maxspeed":"120","oneway":"yes","ref":"A1","surface":"asphalt","toll":"yes","carriage_ref":"B"},"geometry":{"type":"LineString","coordinates":[[9.1099186,47.4618046],[9.1101346,47.4617789],[9.1104827,47.4617374],[9.1108982,47.4616739],[9.111575,47.4615699],[9.1122028,47.4614547]]}},{"type":"Feature","properties":{"highway":"motorway","int_ref":"E 41;E 60","lanes":"3","maxspeed":"120","oneway":"yes","ref":"A1;A4","source:maxspeed":"CH:motorway","surface":"asphalt","toll":"yes","carriage_ref":"B"},"geometry":{"type":"LineString","coordinates":[[8.6670379,47.4221834],[8.6673354,47.4222146],[8.6676566,47.4222543],[8.6679561,47.4222995],[8.6682597,47.4223491],[8.6687393,47.4224411],[8.6692254,47.4225394],[8.6693595,47.4225698],[8.6694723,47.4225954],[8.6697178,47.4226548],[8.6702026,47.4227818],[8.6706245,47.422902],[8.6710362,47.4230266],[8.671261,47.4231008],[8.6714763,47.4231779],[8.6719364,47.4233458],[8.6723699,47.4235184],[8.6727999,47.4236978],[8.6732075,47.4238839],[8.6736045,47.4240815],[8.6740659,47.4243302],[8.674291,47.424458],[8.6745106,47.4245882],[8.6748303,47.4247855],[8.6751453,47.424993],[8.6754879,47.425237],[8.6756189,47.4253358],[8.6759482,47.4255831],[8.6762217,47.4258066],[8.6764732,47.4260263],[8.6767184,47.4262523],[8.6768952,47.4264195],[8.6770701,47.4265893],[8.6772692,47.4268032],[8.6774623,47.4270206],[8.6775976,47.4271725],[8.6777236,47.4273241],[8.6778415,47.427469],[8.6779518,47.4276167],[8.6780567,47.4277588],[8.6781572,47.4279009],[8.678256,47.4280471],[8.6783477,47.428193],[8.6784628,47.4283778],[8.6785713,47.428564],[8.6786758,47.4287587],[8.678777,47.4289528],[8.6788645,47.4291323],[8.6789464,47.4293136],[8.6790254,47.4294964],[8.6790958,47.4296784],[8.6791706,47.4298679],[8.6792387,47.4300577],[8.6793011,47.4302278],[8.6795375,47.4310184],[8.6797696,47.4319073],[8.6798803,47.4323304],[8.6799357,47.4325435],[8.6799963,47.4327544],[8.6800828,47.4330587],[8.6801277,47.4332107],[8.6801778,47.4333616],[8.6802995,47.4337223],[8.6803484,47.4338581],[8.6803997,47.4339941],[8.680508,47.4342616],[8.6805658,47.4343971],[8.6806272,47.434533],[8.6806902,47.4346664],[8.6807569,47.434802],[8.6808269,47.4349341],[8.6809013,47.4350652],[8.681049,47.4353225],[8.68118,47.4355293],[8.6813127,47.4357273],[8.6814859,47.4359646],[8.6816563,47.4361875],[8.6817675,47.4363211],[8.6818836,47.4364554],[8.6819946,47.4365819],[8.6821117,47.4367093],[8.6823073,47.4369104],[8.6825125,47.437108],[8.6826608,47.4372437],[8.6828168,47.4373792],[8.6829642,47.4375025],[8.6831317,47.4376454],[8.6834225,47.4378826],[8.6835775,47.4379967],[8.6837333,47.4381075],[8.6838872,47.4382149],[8.6840436,47.4383199],[8.6842042,47.4384244],[8.6843671,47.4385254],[8.6846722,47.4387107],[8.6849712,47.4388878],[8.6851514,47.4389889],[8.6853346,47.4390875],[8.6855069,47.4391789],[8.6856752,47.4392664],[8.6860495,47.4394557],[8.6864304,47.4396428],[8.6867671,47.4398019],[8.6871088,47.4399583],[8.6873819,47.4400812],[8.6876547,47.4402012],[8.6881902,47.4404363],[8.6894087,47.4409652],[8.6906104,47.4415027]]}},{"type":"Feature","properties":{"bridge":"yes","change:lanes":"not_left|not_right|yes","highway":"motorway","int_ref":"E 60","lanes":"3","layer":"2","maxspeed":"120","oneway":"yes","placement":"right_of:1","ref":"A1","surface":"asphalt","toll":"yes","turn:lanes":"||merge_to_left","carriage_ref":"B"},"geometry":{"type":"LineString","coordinates":[[9.5755029,47.4804729],[9.5758471,47.4805099],[9.576196,47.4805341]]}},{"type":"Feature","properties":{"destination":"Genève;Morges-Ouest","highway":"motorway","int_ref":"E 25;E 62","lanes":"2","lit":"no","maxspeed":"120","maxspeed:variable":"peak_traffic","oneway":"yes","ref":"A1","toll":"yes","carriage_ref":"A"},"geometry":{"type":"LineString","coordinates":[[6.5062405,46.5175916],[6.5039721,46.5165729]]}},{"type":"Feature","properties":{"bridge":"yes","highway":"motorway","int_ref":"E 25;E 62","lanes":"2","layer":"1","maxspeed":"signals","oneway":"yes","ref":"A1","source":"Orthophotos 2009 du SITG (Système d'Information du Territoire Genevois)","toll":"yes","carriage_ref":"B"},"geometry":{"type":"LineString","coordinates":[[6.1555489,46.3308457],[6.1555997,46.3309009]]}},{"type":"Feature","properties":{"bridge":"yes","highway":"motorway","lanes":"2","layer":"1","lit":"no","maxspeed":"120","oneway":"yes","ref":"A1","surface":"asphalt","toll":"yes","carriage_ref":"A"},"geometry":{"type":"LineString","coordinates":[[8.0681168,47.3610029],[8.0678573,47.3608108]]}},{"type":"Feature","properties":{"highway":"motorway","int_ref":"E 25;E 27","lanes":"4","lit":"no","maxspeed":"80","note":"KGS-Nr: Nummer des Kulturgutes, zu finden in den KGS-Listen des Bundes und der Kantone.","oneway":"yes","ref":"A1","ref:kgs":"9396","surface":"asphalt","toll":"yes","carriage_ref":"B"},"geometry":{"type":"LineString","coordinates":[[7.4541163,46.9694392],[7.4542769,46.9694128],[7.4543883,46.9693917],[7.4544935,46.9693695],[7.4546012,46.9693437],[7.4547021,46.9693224],[7.455334,46.9692029],[7.4557913,46.969118],[7.45626,46.9690374],[7.4566841,46.96897]]}},{"type":"Feature","properties":{"highway":"motorway","int_ref":"E 41;E 60","lanes":"3","maxspeed":"100","oneway":"yes","overtaking:hgv":"no","placement":"right_of:1","ref":"A1;A4","source:maxspeed":"sign","surface":"asphalt","toll":"yes","turn:lanes":"||slight_right","carriage_ref":"B"},"geometry":{"type":"LineString","coordinates":[[8.6888364,47.5122116],[8.688941,47.5123326],[8.6890744,47.5124821]]}},{"type":"Feature","properties":{"highway":"motorway","int_ref":"E 25;E 62","lanes":"2","maxspeed":"100","oneway":"yes","ref":"A1","source":"Orthophotos 2009 du SITG (Système d'Information du Territoire Genevois)","toll":"yes","carriage_ref":"A"},"geometry":{"type":"LineString","coordinates":[[6.11988,46.2385956],[6.1189811,46.2378285],[6.1181368,46.2370902]]}},{"type":"Feature","properties":{"destination":"Lausanne;Versoix","highway":"motorway","int_ref":"E 25;E 62","lanes":"2","maxspeed":"100","oneway":"yes","ref":"A1","source":"Orthophotos 2009 du SITG (Système d'Information du Territoire Genevois)","surface":"asphalt","toll":"yes","carriage_ref":"B"},"geometry":{"type":"LineString","coordinates":[[6.1238096,46.2416146],[6.1239749,46.2417519],[6.1245744,46.2422499],[6.1251896,46.2427475],[6.1277313,46.2448033]]}},{"type":"Feature","properties":{"highway":"motorway","int_ref":"E 25","lanes":"3","lit":"no","maxspeed":"120","oneway":"yes","ref":"A1","surface":"asphalt","toll":"yes","turn:lanes":"merge_to_right||","carriage_ref":"A"},"geometry":{"type":"LineString","coordinates":[[7.3226148,46.9549852],[7.3225029,46.9550469],[7.3223162,46.9551455],[7.3221239,46.955245],[7.3219284,46.9553426],[7.3217199,46.9554426],[7.3213547,46.9556109]]}},{"type":"Feature","properties":{"highway":"motorway","int_ref":"E 25","lanes":"2","maxspeed":"120","oneway":"yes","ref":"A1","surface":"asphalt","toll":"yes","carriage_ref":"B"},"geometry":{"type":"LineString","coordinates":[[7.5895286,47.1717838],[7.5896105,47.1721229],[7.5896986,47.1724604],[7.5898316,47.1729277],[7.5899748,47.1733945],[7.5901248,47.173851],[7.590197,47.1740568]]}},{"type":"Feature","properties":{"avz":"280","bicycle":"no","cs_dir:forward":"1","foot":"no","highway":"motorway","lanes":"2","lit":"no","maxspeed":"120","oneway":"yes","ref":"A1","surface":"asphalt","toll":"yes","carriage_ref":"B"},"geometry":{"type":"LineString","coordinates":[[8.1391587,47.391081],[8.1401891,47.3909827],[8.1407796,47.390935],[8.1413707,47.3908914],[8.1418431,47.3908639],[8.1423161,47.3908395],[8.1428086,47.3908233],[8.143411,47.3908132]]}},{"type":"Feature","properties":{"highway":"motorway","int_ref":"E 25","lanes":"2","lit":"no","maxspeed":"100","oneway":"yes","ref":"A1","surface":"asphalt","toll":"yes","carriage_ref":"A"},"geometry":{"type":"LineString","coordinates":[[7.414484,46.9535123],[7.414205,46.9533323],[7.4139342,46.953163],[7.413736,46.9530433],[7.4135422,46.9529271],[7.4131944,46.9527312],[7.4128491,46.9525452],[7.4126287,46.9524336],[7.412406,46.9523261],[7.4121741,46.9522183],[7.4119386,46.9521147],[7.4116439,46.9519921],[7.41134,46.9518736],[7.4109927,46.9517476],[7.4107287,46.9516736]]}},{"type":"Feature","properties":{"highway":"motorway","int_ref":"E 23;E 25;E 62","lanes":"4","maxspeed":"100","oneway":"yes","ref":"A1","surface":"asphalt","toll":"yes","carriage_ref":"B"},"geometry":{"type":"LineString","coordinates":[[6.5652816,46.5545754],[6.5651526,46.5547282],[6.5641183,46.5560151],[6.5635999,46.5566465],[6.5634478,46.5568313],[6.5630617,46.5573266]]}},{"type":"Feature","properties":{"highway":"motorway","lanes":"3","lit":"no","maxspeed":"120","oneway":"yes","ref":"A1","surface":"asphalt","toll":"yes","turn:lanes":"through|through|merge_to_left","carriage_ref":"B"},"geometry":{"type":"LineString","coordinates":[[8.2208818,47.4138064],[8.2214004,47.4145252],[8.2218117,47.4151226],[8.2223516,47.4159068]]}},{"type":"Feature","properties":{"bridge":"yes","bridge:name":"Felsenauviadukt","highway":"motorway","int_ref":"E 25;E 27","lanes":"3","layer":"2","lit":"no","maxspeed":"80","name":"Felsenauviadukt","oneway":"yes","ref":"A1","surface":"asphalt","toll":"yes","carriage_ref":"B"},"geometry":{"type":"LineString","coordinates":[[7.4402326,46.9670354],[7.4406572,46.9671352],[7.4410943,46.9672439],[7.4413148,46.9673013],[7.4415346,46.9673609],[7.4419752,46.9674826],[7.4424531,46.9676241],[7.4430088,46.9677946],[7.4438282,46.9680571],[7.444468,46.9682672],[7.4450847,46.9684667],[7.4456874,46.9686567],[7.4461036,46.9687834],[7.4465284,46.9689079],[7.4469734,46.9690305],[7.4471936,46.9690885],[7.4473927,46.9691387],[7.4476108,46.9691924],[7.4478319,46.9692422],[7.4482904,46.9693407],[7.4485216,46.969387],[7.4487526,46.9694296],[7.4489892,46.9694706],[7.4492301,46.9695077],[7.4494616,46.9695396],[7.4496986,46.9695706],[7.4499044,46.9695928],[7.4501124,46.9696114],[7.4504317,46.9696382],[7.4506714,46.9696519],[7.4509141,46.9696619],[7.4511555,46.9696686],[7.4513917,46.969671],[7.4516382,46.9696706],[7.4518816,46.9696656],[7.4521181,46.9696591],[7.4523535,46.969645],[7.4525971,46.9696284],[7.4528398,46.9696078],[7.4530684,46.9695856],[7.4532965,46.9695604],[7.4535195,46.9695308],[7.4537403,46.9695001],[7.4541163,46.9694392]]}},{"type":"Feature","properties":{"highway":"motorway","int_ref":"E 60","lanes":"3","maxspeed":"120","oneway":"yes","placement":"right_of:1","ref":"A1","surface":"asphalt","toll":"yes","turn:lanes":"||merge_to_left","carriage_ref":"B"},"geometry":{"type":"LineString","coordinates":[[9.5767837,47.4805462],[9.5771952,47.4805432],[9.5776434,47.4805224],[9.5781107,47.4804862]]}},{"type":"Feature","properties":{"bridge":"yes","destination":"Bern","highway":"motorway","int_ref":"E 60","lanes":"3","layer":"1","lit":"no","maxspeed":"120","oneway":"yes","ref":"A1;A3","toll":"yes","carriage_ref":"A"},"geometry":{"type":"LineString","coordinates":[[8.3489528,47.4375856],[8.3485473,47.4378447]]}},{"type":"Feature","properties":{"highway":"motorway","lanes":"3","lit":"no","maxspeed":"100","oneway":"yes","ref":"A1","surface":"asphalt","toll":"yes","carriage_ref":"B"},"geometry":{"type":"LineString","coordinates":[[7.9222382,47.3045415],[7.9227304,47.3046024],[7.9231809,47.3046679],[7.9236471,47.3047428],[7.92411,47.3048273],[7.9245829,47.3049239],[7.9249023,47.3049928],[7.9252206,47.3050674],[7.9256176,47.305167]]}},{"type":"Feature","properties":{"highway":"motorway","lanes":"2","lit":"no","maxspeed":"120","oneway":"yes","ref":"A1","surface":"asphalt","toll":"yes","carriage_ref":"A"},"geometry":{"type":"LineString","coordinates":[[8.0909408,47.3681385],[8.0905216,47.3679741],[8.0899097,47.3677413],[8.0892895,47.3675126],[8.0886616,47.3672883],[8.0880268,47.3670692],[8.0870569,47.3667531],[8.0862092,47.3664882],[8.0855621,47.3662945],[8.0849195,47.3661094],[8.0842647,47.3659272],[8.0836078,47.3657522],[8.0829304,47.3655794],[8.0822792,47.3654203],[8.0816022,47.3652619],[8.0809351,47.3651119],[8.0802674,47.3649672],[8.078925,47.3646884],[8.0756499,47.3640376],[8.0751996,47.3639447],[8.0747494,47.3638471],[8.0743013,47.363744],[8.0738709,47.3636366],[8.0734222,47.3635176],[8.0729966,47.3633961],[8.0725593,47.3632563],[8.0721438,47.3631134],[8.0719329,47.3630353],[8.0717239,47.3629552],[8.0715223,47.3628763],[8.0713214,47.3627963],[8.0711114,47.3627093],[8.0709101,47.3626215],[8.0707108,47.3625316],[8.0703234,47.362347],[8.0700836,47.3622283],[8.0698508,47.362104],[8.069489,47.3619025],[8.0691346,47.3616932],[8.0689553,47.3615813],[8.0687801,47.361468],[8.0684415,47.3612398],[8.0681168,47.3610029]]}},{"type":"Feature","properties":{"bridge":"yes","highway":"motorway","int_ref":"E 25","lanes":"2","layer":"1","lit":"no","maxspeed":"120","oneway":"yes","ref":"A1","surface":"asphalt","toll":"yes","carriage_ref":"A"},"geometry":{"type":"LineString","coordinates":[[7.3483902,46.9459608],[7.3479324,46.9460144],[7.3474811,46.9460701],[7.347037,46.9461345],[7.346809,46.946173],[7.3465827,46.9462135],[7.3463574,46.9462565],[7.3461328,46.9463009],[7.3458989,46.9463491],[7.3456681,46.9463997],[7.3454383,46.9464542],[7.3452095,46.946511],[7.3447624,46.9466242],[7.3445416,46.9466833],[7.3443226,46.9467448],[7.3440523,46.946827],[7.3437844,46.9469121]]}},{"type":"Feature","properties":{"highway":"motorway","int_ref":"E 60","lanes":"2","maxspeed":"100","oneway":"yes","ref":"A1","source:maxspeed":"sign","surface":"asphalt","toll":"yes","carriage_ref":"A"},"geometry":{"type":"LineString","coordinates":[[8.7016706,47.523989],[8.7013585,47.5238334],[8.7007926,47.5235252],[8.7005917,47.5234021],[8.7004358,47.5233048],[8.7002848,47.5232051],[8.7000946,47.5230699],[8.6999078,47.5229304],[8.6996855,47.5227538],[8.6994812,47.5225772],[8.6992467,47.5223554],[8.6990223,47.5221324],[8.6987756,47.5218676],[8.6985761,47.521684]]}},{"type":"Feature","properties":{"highway":"motorway","int_ref":"E 25;E 62","lanes":"2","lit":"no","maxspeed":"120","oneway":"yes","ref":"A1","toll":"yes","carriage_ref":"A"},"geometry":{"type":"LineString","coordinates":[[6.5039721,46.5165729],[6.5028644,46.5161619],[6.5020033,46.5158726]]}},{"type":"Feature","properties":{"bridge":"yes","highway":"motorway","lanes":"2","layer":"1","lit":"no","maxspeed":"120","oneway":"yes","ref":"A1","surface":"asphalt","toll":"yes","carriage_ref":"A"},"geometry":{"type":"LineString","coordinates":[[8.0073667,47.3227441],[8.0058229,47.3231351]]}},{"type":"Feature","properties":{"destination":"Bern","highway":"motorway","int_ref":"E 60","lanes":"4","lit":"no","maxspeed":"120","oneway":"yes","placement":"middle_of:2","ref":"A1;A3","surface":"asphalt","toll":"yes","turn:lanes":"|||merge_to_left","carriage_ref":"A"},"geometry":{"type":"LineString","coordinates":[[8.3461297,47.4398702],[8.3459601,47.4400541],[8.345702,47.4403483],[8.345436,47.4406674],[8.3451909,47.4409711],[8.3449414,47.4412739]]}},{"type":"Feature","properties":{"bridge":"yes","highway":"motorway","int_ref":"E 25","lanes":"2","layer":"1","maxspeed":"120","oneway":"yes","ref":"A1","surface":"asphalt","toll":"yes","carriage_ref":"A"},"geometry":{"type":"LineString","coordinates":[[6.8327967,46.8246022],[6.8314253,46.8242628]]}},{"type":"Feature","properties":{"bridge":"yes","highway":"motorway","int_ref":"E 23;E 25","lanes":"2","layer":"1","lit":"no","maxspeed":"120","oneway":"yes","ref":"A1;A9","surface":"asphalt","toll":"yes","carriage_ref":"A"},"geometry":{"type":"LineString","coordinates":[[6.5547436,46.5845589],[6.5547991,46.5841168]]}},{"type":"Feature","properties":{"avz":"272","bridge":"yes","cs_dir:forward":"1","highway":"motorway","int_ref":"E 25;E 62","lanes":"2","layer":"1","lit":"no","maxspeed":"100","name":"Pont d'Aigues-Vertes","oneway":"yes","ref":"A1","toll":"yes","carriage_ref":"B"},"geometry":{"type":"LineString","coordinates":[[6.0767895,46.2014405],[6.0765232,46.2019142],[6.0762905,46.2023576],[6.0761224,46.2027149],[6.0760359,46.2029306],[6.0759579,46.2031376],[6.075888,46.2033708],[6.0758223,46.2036197]]}},{"type":"Feature","properties":{"highway":"motorway","int_ref":"E 25","lanes":"2","lit":"no","maxspeed":"120","oneway":"yes","ref":"A1","surface":"asphalt","toll":"yes","carriage_ref":"B"},"geometry":{"type":"LineString","coordinates":[[7.1924472,46.9612051],[7.1927179,46.9611138],[7.1931346,46.9609781],[7.193551,46.9608486]]}},{"type":"Feature","properties":{"bridge":"yes","highway":"motorway","lanes":"2","layer":"1","lit":"no","maxspeed":"120","oneway":"yes","ref":"A1","surface":"asphalt","toll":"yes","carriage_ref":"B"},"geometry":{"type":"LineString","coordinates":[[8.0408899,47.337991],[8.0411992,47.3383237]]}},{"type":"Feature","properties":{"highway":"motorway","int_ref":"E 25;E 62","lanes":"3","maxspeed":"signals","oneway":"yes","ref":"A1","surface":"asphalt","toll":"yes","carriage_ref":"B"},"geometry":{"type":"LineString","coordinates":[[6.1343116,46.2579328],[6.1338866,46.2584188],[6.1337048,46.2586467],[6.1334605,46.2589819],[6.1332299,46.2593544],[6.1330302,46.2597426],[6.1329192,46.2600107],[6.1328286,46.2602661],[6.132758,46.2605204],[6.1327016,46.2607766],[6.1326659,46.261035],[6.132647,46.26125],[6.1326461,46.2615572],[6.1326665,46.2618374],[6.1327061,46.2621092],[6.1327764,46.2624621],[6.1328611,46.2627588],[6.1329662,46.2630547],[6.1331579,46.2635155]]}},{"type":"Feature","properties":{"bridge":"viaduct","highway":"motorway","int_ref":"E 25","lanes":"2","layer":"1","maxspeed":"120","name":"Viaduc des Vaux","oneway":"yes","ref":"A1","source:name":"Mapillary","surface":"asphalt","toll":"yes","carriage_ref":"B"},"geometry":{"type":"LineString","coordinates":[[6.7363368,46.7826577],[6.7366688,46.7827277],[6.7368916,46.7827748],[6.7371203,46.7828203],[6.7373559,46.7828619],[6.7375852,46.7828996],[6.7378114,46.7829333],[6.7380348,46.7829636],[6.7382666,46.7829922],[6.7384989,46.7830187],[6.7387306,46.7830457],[6.739201,46.7830916],[6.7396673,46.7831359],[6.7410431,46.7832561],[6.7415247,46.783298],[6.7419954,46.7833465],[6.7424639,46.7834025],[6.7426905,46.7834323],[6.7429299,46.783471],[6.7432034,46.7835172],[6.7434659,46.7835646],[6.7437362,46.7836193],[6.7440047,46.7836755],[6.7442844,46.7837398],[6.7445412,46.7838055],[6.7447739,46.7838638],[6.7449785,46.7839199],[6.745184,46.7839778],[6.7453998,46.7840402],[6.7455948,46.7840998],[6.745786,46.7841611],[6.7459924,46.7842291],[6.7462344,46.7843155],[6.7464226,46.7843918],[6.7466112,46.7844668],[6.7468027,46.7845449],[6.7469808,46.7846213],[6.7471677,46.7847023],[6.7473476,46.7847838],[6.7475229,46.7848668]]}},{"type":"Feature","properties":{"highway":"motorway","int_ref":"E 25","lanes":"2","maxspeed":"120","oneway":"yes","ref":"A1","surface":"asphalt","toll":"yes","carriage_ref":"A"},"geometry":{"type":"LineString","coordinates":[[6.9189599,46.8344141],[6.9184941,46.8340363],[6.918034,46.8336609],[6.9175685,46.8332924],[6.9171071,46.8329232],[6.9164799,46.8324427],[6.9158484,46.8319635],[6.9155256,46.8317281],[6.9152001,46.8314942],[6.9148682,46.8312628],[6.9145345,46.831032],[6.9140303,46.8306977],[6.9137756,46.8305316],[6.9135145,46.830368],[6.912984,46.830046],[6.912451,46.829736],[6.9120911,46.8295313],[6.9116484,46.8292915],[6.9113366,46.8291315],[6.9109787,46.8289525],[6.9105501,46.828745]]}},{"type":"Feature","properties":{"avz":"226","cs_dir:forward":"2","highway":"motorway","int_ref":"E 23;E 25;E 62","lanes":"4","maxspeed":"100","oneway":"yes","ref":"A1","ssvz":"1117N","surface":"asphalt","toll":"yes","carriage_ref":"A"},"geometry":{"type":"LineString","coordinates":[[6.5616705,46.5589699],[6.5619565,46.5585399],[6.562354,46.5579959]]}},{"type":"Feature","properties":{"bridge":"yes","highway":"motorway","int_ref":"E 25","lanes":"2","layer":"1","lit":"no","maxspeed":"120","oneway":"yes","ref":"A1","surface":"asphalt","toll":"yes","carriage_ref":"B"},"geometry":{"type":"LineString","coordinates":[[7.3437275,46.9468169],[7.3439926,46.9467327],[7.3442626,46.9466513],[7.3444828,46.9465887],[7.3447074,46.9465294],[7.3451575,46.9464152],[7.3453818,46.9463597],[7.3456101,46.9463063],[7.3458401,46.9462558],[7.3460724,46.9462073],[7.3463027,46.9461626],[7.3465324,46.9461192],[7.346764,46.9460767],[7.3469957,46.9460365],[7.3474496,46.945971],[7.3479044,46.9459139],[7.3483712,46.9458602]]}},{"type":"Feature","properties":{"highway":"motorway","int_ref":"E 25;E 62","lanes":"2","layer":"-1","lit":"yes","maxspeed":"100","name":"Tranchée couverte de Chèvres","oneway":"yes","ref":"A1","toll":"yes","tunnel":"yes","tunnel:name":"Chèvres","carriage_ref":"A"},"geometry":{"type":"LineString","coordinates":[[6.0772167,46.2003508],[6.077391,46.1999969],[6.0776073,46.1994951],[6.0777925,46.1989832],[6.0779621,46.1984448],[6.0780501,46.1979307],[6.07811,46.1974818],[6.0781491,46.1968366]]}},{"type":"Feature","properties":{"bridge":"yes","highway":"motorway","int_ref":"E 25;E 62","lanes":"2","layer":"1","maxspeed":"120","oneway":"yes","ref":"A1","toll":"yes","carriage_ref":"B"},"geometry":{"type":"LineString","coordinates":[[6.4731578,46.4996955],[6.4733991,46.4998003]]}},{"type":"Feature","properties":{"bridge":"yes","highway":"motorway","int_ref":"E 60","lanes":"2","layer":"1","maxspeed":"120","oneway":"yes","ref":"A1","surface":"asphalt","toll":"yes","carriage_ref":"A"},"geometry":{"type":"LineString","coordinates":[[9.2063781,47.4319603],[9.2060403,47.4320706]]}},{"type":"Feature","properties":{"highway":"motorway","int_ref":"E 25","lanes":"2","maxspeed":"120","maxspeed:variable":"peak_traffic","oneway":"yes","ref":"A1","surface":"asphalt","toll":"yes","carriage_ref":"A"},"geometry":{"type":"LineString","coordinates":[[7.5731418,47.0895456],[7.5732125,47.0891708],[7.5733227,47.0887013],[7.5734483,47.0882155],[7.5735644,47.0877518],[7.573615,47.087549],[7.5737162,47.0871075],[7.5737588,47.0869149]]}},{"type":"Feature","properties":{"bridge":"yes","highway":"motorway","int_ref":"E 25","lanes":"2","layer":"1","lit":"no","maxspeed":"100","oneway":"yes","ref":"A1","surface":"asphalt","toll":"yes","carriage_ref":"B"},"geometry":{"type":"LineString","coordinates":[[7.6333151,47.2350307],[7.6336648,47.2352459],[7.63402,47.2354614],[7.6343803,47.2356751],[7.6347472,47.2358833],[7.6349869,47.2360126],[7.6353185,47.2361824]]}},{"type":"Feature","properties":{"highway":"motorway","int_ref":"E 60","lanes":"3","lit":"no","maxspeed":"100","oneway":"yes","ref":"A1;A3","signals":"maxspeed=signals","surface":"asphalt","toll":"yes","carriage_ref":"A"},"geometry":{"type":"LineString","coordinates":[[8.2854736,47.458598],[8.2846114,47.4584881],[8.2841346,47.4584215],[8.2836651,47.4583555],[8.2831992,47.4582812],[8.2827377,47.458203],[8.2822813,47.4581306],[8.281805,47.4580654],[8.2806985,47.4579271],[8.2798283,47.4578227],[8.2786163,47.4576808],[8.2781495,47.4576211],[8.2776743,47.4575518],[8.2771953,47.4574788],[8.2767161,47.4573946],[8.2762674,47.457293],[8.2758245,47.4571838]]}},{"type":"Feature","properties":{"highway":"motorway","int_ref":"E 60","lanes":"3","maxspeed":"100","oneway":"yes","ref":"A1","toll":"yes","turn:lanes":"||slight_right","carriage_ref":"B"},"geometry":{"type":"LineString","coordinates":[[8.7044703,47.524698],[8.7046774,47.5247385],[8.7048878,47.5247762]]}},{"type":"Feature","properties":{"destination:lanes":"Zürich Aarau|Zürich Aarau|Chiasso;Gotthard;Luzern;Reiden|Chiasso;Gotthard;Luzern;Reiden","highway":"motorway","int_ref":"E 35","lanes":"3","lit":"no","maxspeed":"100","oneway":"yes","ref":"A1;A2","surface":"asphalt","toll":"yes","turn:lanes":"slight_left|slight_left;slight_right|slight_right","carriage_ref":"B"},"geometry":{"type":"LineString","coordinates":[[7.9140463,47.3049412],[7.9145234,47.3048364],[7.9151428,47.3047151],[7.915814,47.3046018]]}},{"type":"Feature","properties":{"highway":"motorway","int_ref":"E 25;E 62","lanes":"3","lit":"no","maxspeed":"100","oneway":"yes","ref":"A1","source":"Orthophotos du SITG (Système d'Information du Territoire Genevois)","toll":"yes","carriage_ref":"B"},"geometry":{"type":"LineString","coordinates":[[6.0965452,46.1509496],[6.0967158,46.1512499],[6.096886,46.1515282],[6.0970697,46.1518022]]}},{"type":"Feature","properties":{"highway":"motorway","int_ref":"E 60","lanes":"4","lit":"yes","maxspeed":"100","oneway":"yes","ref":"A1;A3","surface":"asphalt","toll":"yes","turn:lanes":"none|none|none|merge_to_left","carriage_ref":"A"},"geometry":{"type":"LineString","coordinates":[[8.3200581,47.4546431],[8.3196641,47.454591],[8.3192866,47.4545355],[8.3188683,47.4544583],[8.3184086,47.4543555],[8.3180828,47.4542767],[8.3178289,47.4542091],[8.3175077,47.4541204],[8.3171926,47.4540211],[8.3169308,47.4539345],[8.3166904,47.4538478],[8.3162799,47.4537028],[8.3158755,47.4535479],[8.3156228,47.4534545],[8.3153701,47.4533685],[8.3150142,47.4532832]]}},{"type":"Feature","properties":{"bridge":"yes","highway":"motorway","lanes":"2","layer":"1","lit":"no","maxspeed":"120","oneway":"yes","ref":"A1","surface":"asphalt","toll":"yes","carriage_ref":"B"},"geometry":{"type":"LineString","coordinates":[[8.0610651,47.3551965],[8.0614475,47.3554428]]}},{"type":"Feature","properties":{"highway":"motorway","int_ref":"E 60","lanes":"3","maxspeed":"100","oneway":"yes","ref":"A1","surface":"asphalt","toll":"yes","carriage_ref":"B"},"geometry":{"type":"LineString","coordinates":[[9.3131985,47.4128422],[9.3144082,47.4136281],[9.3148669,47.4139004],[9.3151003,47.4140311]]}},{"type":"Feature","properties":{"bicycle":"no","foot":"no","highway":"motorway","horse":"no","int_ref":"E 25","lanes":"2","maxspeed":"120","oneway":"yes","ref":"A1","sidewalk":"no","surface":"asphalt","toll":"yes","carriage_ref":"A"},"geometry":{"type":"LineString","coordinates":[[6.6987613,46.7666072],[6.6982978,46.7664401],[6.69772,46.7662303],[6.6973089,46.7660773],[6.6968962,46.7659217],[6.6964321,46.7657414],[6.6958947,46.7655268]]}},{"type":"Feature","properties":{"highway":"motorway","lanes":"2","lit":"no","maxspeed":"100","maxspeed:lanes":"100|100|80","oneway":"yes","ref":"A1","surface":"asphalt","toll":"yes","turn:lanes":"through|through|slight_right","carriage_ref":"B"},"geometry":{"type":"LineString","coordinates":[[8.244461,47.4437704],[8.2446888,47.4440111],[8.2449717,47.4442887],[8.2452587,47.4445583],[8.2461526,47.445333]]}},{"type":"Feature","properties":{"destination":"Sankt Gallen;Schaffhausen","highway":"motorway","int_ref":"E 41;E 60","lanes":"2","lit":"yes","maxspeed":"100","oneway":"yes","ref":"A1;A4","source:maxspeed":"sign","surface":"asphalt","toll":"yes","carriage_ref":"B"},"geometry":{"type":"LineString","coordinates":[[8.5702483,47.4242414],[8.5705646,47.4242093],[8.5708923,47.4241696],[8.57113,47.4241332],[8.5713694,47.4240845],[8.5715784,47.4240358],[8.5718257,47.4239746]]}},{"type":"Feature","properties":{"highway":"motorway","int_ref":"E 25","lanes":"2","maxspeed":"120","oneway":"yes","ref":"A1","surface":"asphalt","toll":"yes","carriage_ref":"B"},"geometry":{"type":"LineString","coordinates":[[7.5738684,47.0871232],[7.5737601,47.0875639],[7.573708,47.0877692],[7.5735937,47.0882298],[7.5734692,47.0887225],[7.5733566,47.0891888],[7.5732843,47.0895623]]}},{"type":"Feature","properties":{"highway":"motorway","int_ref":"E 60","lanes":"2","maxspeed":"120","oneway":"yes","ref":"A1","surface":"asphalt","toll":"yes","carriage_ref":"B"},"geometry":{"type":"LineString","coordinates":[[9.419628,47.4462046],[9.4199897,47.4468345],[9.4204507,47.4475203],[9.4213214,47.4486282],[9.4217424,47.4491187],[9.4220948,47.449495],[9.4222196,47.4496283],[9.4228505,47.4502557]]}},{"type":"Feature","properties":{"carriage_ref":"A","highway":"motorway","int_ref":"E 25;E 62","lanes":"2","layer":"-1","lit":"yes","maxspeed":"100","name":"Tunnel de Confignon","oneway":"yes","ref":"A1","toll":"yes","tunnel":"yes","tunnel:name":"Confignon"},"geometry":{"type":"LineString","coordinates":[[6.0831029,46.1838242],[6.0833815,46.1831298],[6.0836631,46.1822908],[6.0839686,46.1813329],[6.0846907,46.1793088],[6.0850106,46.178615],[6.085435,46.1778492],[6.0859058,46.1770837],[6.0865034,46.1762709],[6.0871765,46.1755446],[6.0878473,46.1748714],[6.0888314,46.1739638],[6.0910799,46.1721524]]}},{"type":"Feature","properties":{"avz":"229","cs_dir:forward":"1","highway":"motorway","lanes":"2","lit":"no","maxspeed":"120","oneway":"yes","ref":"A1","ssvz":"1118N","surface":"asphalt","toll":"yes","carriage_ref":"B"},"geometry":{"type":"LineString","coordinates":[[7.9423814,47.3153177],[7.9427852,47.3154744],[7.9431971,47.3156257],[7.9435533,47.3157559],[7.9441894,47.3159741]]}},{"type":"Feature","properties":{"bridge":"yes","highway":"motorway","lanes":"2","layer":"1","lit":"no","maxspeed":"120","oneway":"yes","ref":"A1","surface":"asphalt","toll":"yes","carriage_ref":"B"},"geometry":{"type":"LineString","coordinates":[[8.0910016,47.3680438],[8.091229,47.3681337]]}},{"type":"Feature","properties":{"bridge":"yes","highway":"motorway","int_ref":"E 60","lanes":"2","layer":"1","maxspeed":"120","oneway":"yes","ref":"A1","surface":"asphalt","toll":"yes","carriage_ref":"A"},"geometry":{"type":"LineString","coordinates":[[9.2680154,47.4205208],[9.2675578,47.4206088]]}},{"type":"Feature","properties":{"destination:lanes":"Chur;St. Margrethen;Rheineck|Chur;St. Margrethen;Rheineck;Kreuzlingen;Arbon;Rorschach|Kreuzlingen;Arbon;Rorschach","destination:ref:lanes":"E 60;1|E 60;1;11|11","highway":"motorway","int_ref":"E 60","lanes":"3","maxspeed":"120","oneway":"yes","ref":"A1","surface":"asphalt","toll":"yes","carriage_ref":"B"},"geometry":{"type":"LineString","coordinates":[[9.4324296,47.4569197],[9.4331849,47.4574775],[9.4337737,47.4579633],[9.4343836,47.4585031],[9.434983,47.4590748],[9.435604,47.4597128],[9.4360557,47.460233],[9.4364557,47.4607336],[9.4371265,47.4616358],[9.4384129,47.4634804],[9.4385031,47.4636098],[9.4389763,47.4642721]]}},{"type":"Feature","properties":{"highway":"motorway","int_ref":"E 25","lanes":"2","maxspeed":"120","oneway":"yes","ref":"A1","surface":"asphalt","toll":"yes","tunnel":"yes","carriage_ref":"B"},"geometry":{"type":"LineString","coordinates":[[7.5815565,47.1242551],[7.5818072,47.1247975]]}},{"type":"Feature","properties":{"highway":"motorway","int_ref":"E 60","lanes":"2","maxspeed":"120","oneway":"yes","ref":"A1","shoulder:right":"yes","source:maxspeed":"CH:motorway","surface":"asphalt","toll":"yes","carriage_ref":"A"},"geometry":{"type":"LineString","coordinates":[[9.5708155,47.4792956],[9.5703641,47.4791273],[9.5689264,47.4785993],[9.5681263,47.4783111],[9.5675152,47.478108],[9.5669825,47.4779597],[9.5664365,47.4778265],[9.565856,47.4777093],[9.5653261,47.4776225],[9.5646542,47.4775308],[9.5638406,47.4774477],[9.5630658,47.4773829],[9.5623727,47.4773342],[9.5610491,47.4772573],[9.5602755,47.4772012],[9.5597309,47.4771564],[9.5591224,47.4771021],[9.5585468,47.47704],[9.5579718,47.4769638],[9.5574914,47.476886],[9.5570451,47.4768041],[9.556548,47.4766985],[9.5561495,47.4765974],[9.5556276,47.4764572],[9.5549653,47.4762558],[9.5540372,47.475957],[9.5527923,47.4755339],[9.5522757,47.4753631],[9.5516655,47.4751842],[9.5510954,47.4750334],[9.5506143,47.4749122],[9.5501608,47.4748133],[9.549693,47.4747251],[9.5491252,47.4746295],[9.548725,47.4745711],[9.5482481,47.4745151],[9.5478319,47.4744766],[9.5472416,47.4744319],[9.5465081,47.4744011],[9.5458455,47.4743949],[9.5451963,47.4744118],[9.5446539,47.4744354],[9.5440066,47.4744822],[9.5434117,47.4745444],[9.5428268,47.4746251],[9.5423136,47.4747054],[9.5417742,47.4748089],[9.5412377,47.4749191],[9.5403148,47.475126],[9.539125,47.4753953],[9.5385257,47.4755244],[9.5380312,47.4756149],[9.537409,47.4757112],[9.5369537,47.4757708],[9.5364643,47.4758129],[9.5358119,47.4758495],[9.535221,47.4758565],[9.5347013,47.475839],[9.5340603,47.4758003],[9.5333032,47.4757243],[9.5326054,47.4756387],[9.531241,47.4754284],[9.5301015,47.4752561],[9.529417,47.4751642],[9.5286789,47.4750747],[9.5280056,47.4750112],[9.5265029,47.4748948],[9.5258183,47.4748448],[9.525023,47.4747667],[9.5241645,47.4746664],[9.5235863,47.4745817],[9.5228518,47.4744456],[9.5221897,47.4742939]]}},{"type":"Feature","properties":{"highway":"motorway","int_ref":"E 60","lanes":"2","maxspeed":"120","oneway":"yes","ref":"A1","surface":"asphalt","toll":"yes","carriage_ref":"B"},"geometry":{"type":"LineString","coordinates":[[9.5222713,47.474146],[9.5229464,47.4743068],[9.5236657,47.4744497],[9.5242378,47.4745457],[9.5250643,47.4746452],[9.525847,47.4747178],[9.5265253,47.4747705],[9.5280064,47.4748776],[9.52867,47.4749413],[9.5294791,47.4750383],[9.5301555,47.4751331],[9.5306455,47.4752086],[9.5312834,47.4753121],[9.532641,47.4755261],[9.5333114,47.4756133],[9.533999,47.475686],[9.5346305,47.4757272],[9.5352215,47.4757495],[9.5358091,47.475744],[9.5364448,47.4757097],[9.5368999,47.4756664],[9.5373845,47.4756076],[9.5379362,47.4755207],[9.5384568,47.4754273],[9.5390769,47.4752978],[9.5402837,47.4750233],[9.5412246,47.474812],[9.5417125,47.4747151],[9.5422807,47.4746022],[9.5427485,47.4745268],[9.543343,47.4744452],[9.5438192,47.4743912],[9.5442954,47.4743567],[9.5447233,47.4743275],[9.545236,47.4743021],[9.5458708,47.4742926],[9.5464864,47.4742962],[9.5471221,47.474318],[9.5475272,47.4743448],[9.5479782,47.4743831],[9.5485632,47.4744466],[9.5491409,47.4745259],[9.5496578,47.4746112],[9.5501942,47.474714],[9.5507082,47.4748298],[9.5512112,47.4749497],[9.5517509,47.4750948],[9.5523374,47.4752693],[9.5528464,47.4754364],[9.554132,47.4758761],[9.5550347,47.4761666],[9.5556849,47.4763594],[9.5561507,47.4764861],[9.556584,47.4765959],[9.5571022,47.4767043],[9.5576178,47.4767975],[9.5581261,47.4768682],[9.5587428,47.4769434],[9.5591977,47.4769947],[9.5597346,47.4770434],[9.5603161,47.4770896],[9.5610893,47.477142],[9.5623652,47.4772192],[9.5631504,47.4772697],[9.5638883,47.477336],[9.564682,47.4774216],[9.5654039,47.4775248],[9.5660865,47.4776479],[9.5665466,47.4777431],[9.5670266,47.4778563],[9.5676005,47.4780213],[9.5682819,47.4782455],[9.5690159,47.4785086],[9.5699199,47.4788447]]}},{"type":"Feature","properties":{"destination:lanes":"Oberbüren;Uzwil|Oberbüren;Uzwil|Wil","highway":"motorway","int_ref":"E 60","lanes":"3","maxspeed":"120","oneway":"yes","ref":"A1","surface":"asphalt","toll":"yes","turn:lanes":"none|none|slight_right","carriage_ref":"B"},"geometry":{"type":"LineString","coordinates":[[9.0483981,47.4537279],[9.0493542,47.4537333],[9.0500416,47.4537457]]}},{"type":"Feature","properties":{"highway":"motorway","int_ref":"E 60","lanes":"2","maxspeed":"120","oneway":"yes","ref":"A1","shoulder:right":"yes","source:maxspeed":"CH:motorway","surface":"asphalt","toll":"yes","carriage_ref":"A"},"geometry":{"type":"LineString","coordinates":[[9.572926,47.4800532],[9.5725691,47.4799353],[9.5721939,47.4798041],[9.5716297,47.4796045]]}},{"type":"Feature","properties":{"highway":"motorway","int_ref":"E 35","lanes":"3","lit":"no","maxspeed":"120","oneway":"yes","ref":"A1;A2","surface":"asphalt","toll":"yes","carriage_ref":"B"},"geometry":{"type":"LineString","coordinates":[[7.819857,47.3116441],[7.8214726,47.3114256]]}},{"type":"Feature","properties":{"bridge":"yes","highway":"motorway","int_ref":"E 60","lanes":"2","layer":"1","maxspeed":"100","oneway":"yes","ref":"A1","surface":"asphalt","toll":"yes","carriage_ref":"A"},"geometry":{"type":"LineString","coordinates":[[9.3582551,47.4272794],[9.3579812,47.4271434],[9.3576734,47.4269948],[9.3571871,47.4267729],[9.3567574,47.4265991]]}},{"type":"Feature","properties":{"bridge":"yes","highway":"motorway","int_ref":"E 25;E 62","lanes":"2","layer":"1","lit":"no","maxspeed":"120","oneway":"yes","ref":"A1","toll":"yes","carriage_ref":"B"},"geometry":{"type":"LineString","coordinates":[[6.5009172,46.5154108],[6.5020679,46.5157763]]}},{"type":"Feature","properties":{"highway":"motorway","int_ref":"E 25;E 62","lanes":"2","maxspeed":"120","oneway":"yes","ref":"A1","toll":"yes","carriage_ref":"A"},"geometry":{"type":"LineString","coordinates":[[6.3718965,46.4745507],[6.3682293,46.4741093]]}},{"type":"Feature","properties":{"highway":"motorway","int_ref":"E 25","lanes":"2","maxspeed":"120","oneway":"yes","ref":"A1","surface":"asphalt","toll":"yes","carriage_ref":"B"},"geometry":{"type":"LineString","coordinates":[[6.8819517,46.8270202],[6.8823677,46.8268815],[6.882793,46.8267512],[6.8832221,46.8266285],[6.883652,46.8265081],[6.8840869,46.8263963],[6.8845232,46.8262871],[6.8849749,46.8261781],[6.8854234,46.8260786],[6.8858723,46.8259835],[6.88632,46.8258933],[6.8867676,46.8258077],[6.887223,46.8257261],[6.8876798,46.8256515],[6.8881422,46.8255805],[6.8885936,46.8255169],[6.8890487,46.8254582],[6.8894236,46.8254134],[6.889799,46.825376]]}},{"type":"Feature","properties":{"bridge":"yes","highway":"motorway","int_ref":"E 60","lanes":"2","layer":"1","maxspeed":"120","oneway":"yes","ref":"A1","surface":"asphalt","toll":"yes","carriage_ref":"A"},"geometry":{"type":"LineString","coordinates":[[9.1543949,47.4483657],[9.153683,47.4488226]]}},{"type":"Feature","properties":{"highway":"motorway","int_ref":"E 60","lanes":"3","lit":"no","maxspeed":"120","oneway":"yes","ref":"A1;A3","surface":"asphalt","toll":"yes","carriage_ref":"B"},"geometry":{"type":"LineString","coordinates":[[8.3933549,47.4222549],[8.3940719,47.4222125],[8.3949176,47.4221655],[8.3957175,47.422118],[8.3971249,47.4220267],[8.3978179,47.4219763],[8.398679,47.4219074],[8.3995387,47.4218158]]}},{"type":"Feature","properties":{"highway":"motorway","int_ref":"E 41;E 60","lanes":"4","maxspeed":"signals","oneway":"yes","placement":"middle_of:2","ref":"A1;A4","surface":"asphalt","toll":"yes","turn:lanes":"|||merge_to_left","carriage_ref":"A"},"geometry":{"type":"LineString","coordinates":[[8.6990835,47.4492999],[8.6987867,47.4489704]]}},{"type":"Feature","properties":{"bridge":"yes","highway":"motorway","int_ref":"E 25","lanes":"2","layer":"1","lit":"no","maxspeed":"120","oneway":"yes","ref":"A1","surface":"asphalt","toll":"yes","carriage_ref":"A"},"geometry":{"type":"LineString","coordinates":[[7.7111367,47.2644171],[7.7109806,47.2642677]]}},{"type":"Feature","properties":{"highway":"motorway","int_ref":"E 25","lanes":"2","lit":"no","maxspeed":"120","oneway":"yes","ref":"A1","surface":"asphalt","toll":"yes","carriage_ref":"A"},"geometry":{"type":"LineString","coordinates":[[7.6111329,47.2241486],[7.6106122,47.2238573],[7.6100796,47.2235467],[7.6097262,47.223332],[7.6093831,47.2231124],[7.6089807,47.2228435],[7.6086451,47.2226142],[7.608317,47.2223807],[7.6080018,47.2221465],[7.6076933,47.2219086],[7.6073865,47.2216688],[7.6070856,47.2214253],[7.6067887,47.2211686],[7.6064978,47.220911],[7.6062134,47.2206516],[7.6059377,47.2203889],[7.6056779,47.2201317],[7.6054233,47.2198722],[7.6051656,47.2196003],[7.6049192,47.2193228],[7.6046566,47.2190178],[7.6044038,47.2187096],[7.6041751,47.218425],[7.603959,47.2181353],[7.603753,47.2178534],[7.6035473,47.2175576],[7.6033475,47.2172602],[7.6032045,47.217038],[7.6030648,47.2168158],[7.602794,47.2163595],[7.6026242,47.2160586],[7.60254,47.2159093],[7.6022949,47.2154332],[7.602026,47.2148839],[7.6018777,47.21456],[7.601739,47.2142439],[7.6016332,47.2139931],[7.6015302,47.2137426]]}},{"type":"Feature","properties":{"avz":"24","cs_dir:forward":"1","highway":"motorway","int_ref":"E 25;E 62","lanes":"2","maxspeed":"120","oneway":"yes","ref":"A1","ssvz":"4N","toll":"yes","carriage_ref":"B"},"geometry":{"type":"LineString","coordinates":[[6.2878447,46.4417321],[6.2904542,46.4428549],[6.2920054,46.4434976],[6.2929482,46.4438741],[6.2941199,46.4443421],[6.2947027,46.4445749]]}},{"type":"Feature","properties":{"bridge":"yes","highway":"motorway","int_ref":"E 60","lanes":"2","layer":"1","maxspeed":"100","oneway":"yes","ref":"A1","surface":"asphalt","toll":"yes","carriage_ref":"B"},"geometry":{"type":"LineString","coordinates":[[9.354369,47.4256075],[9.3553313,47.4259098],[9.3557832,47.4260673],[9.3562242,47.4262307],[9.3568409,47.4264808],[9.3573285,47.426693],[9.3578261,47.426915]]}},{"type":"Feature","properties":{"highway":"motorway","int_ref":"E 25;E 62","lanes":"2","lit":"no","maxspeed":"signals","maxspeed:variable":"peak_traffic","oneway":"yes","ref":"A1","toll":"yes","carriage_ref":"B"},"geometry":{"type":"LineString","coordinates":[[6.5020679,46.5157763],[6.5029397,46.516063],[6.5038694,46.5164108],[6.5063781,46.5175019],[6.5114316,46.5197722],[6.5138717,46.5208693],[6.516301,46.5219333],[6.5184937,46.5228438],[6.520078,46.5234635]]}},{"type":"Feature","properties":{"bridge":"yes","highway":"motorway","int_ref":"E 25;E 62","lanes":"3","layer":"1","maxspeed":"120","oneway":"yes","ref":"A1","toll":"yes","carriage_ref":"A"},"geometry":{"type":"LineString","coordinates":[[6.4799176,46.5030818],[6.4796617,46.5029459]]}},{"type":"Feature","properties":{"highway":"motorway","int_ref":"E 25;E 27","lanes":"3","maxspeed":"100","oneway":"yes","ref":"A1;A6","surface":"asphalt","toll":"yes","carriage_ref":"A"},"geometry":{"type":"LineString","coordinates":[[7.4762429,46.9897462],[7.4758191,46.9896251],[7.4754178,46.9895098]]}},{"type":"Feature","properties":{"carriage_ref":"A","highway":"motorway","int_ref":"E 25;E 62","lanes":"2","lit":"yes","maxspeed":"100","oneway":"yes","ref":"A1","source":"Orthophotos du SITG (Système d'Information du Territoire Genevois)","toll":"yes"},"geometry":{"type":"LineString","coordinates":[[6.0910799,46.1721524],[6.0916316,46.1716664],[6.0920527,46.1712947]]}},{"type":"Feature","properties":{"bicycle":"no","foot":"no","highway":"motorway","lanes":"3","lit":"no","maxspeed":"120","oneway":"yes","ref":"A1","surface":"asphalt","toll":"yes","turn:lanes":"through|through|right","carriage_ref":"A"},"geometry":{"type":"LineString","coordinates":[[8.1447037,47.390927],[8.1441167,47.3909128]]}},{"type":"Feature","properties":{"highway":"motorway","int_ref":"E 25;E 62","lanes":"2","maxspeed":"120","oneway":"yes","ref":"A1","toll":"yes","carriage_ref":"A"},"geometry":{"type":"LineString","coordinates":[[6.3609133,46.4729354],[6.3588119,46.4724499],[6.3560285,46.4717294],[6.3476851,46.4693691],[6.3444517,46.4684555]]}},{"type":"Feature","properties":{"change:lanes":"not_left|not_right|no","highway":"motorway","int_ref":"E 41;E 60","lanes":"3","maxspeed":"100","oneway":"yes","overtaking:hgv":"no","placement":"right_of:1","ref":"A1;A4","source:maxspeed":"sign","surface":"asphalt","toll":"yes","carriage_ref":"B"},"geometry":{"type":"LineString","coordinates":[[8.6916072,47.514855],[8.6918648,47.515086],[8.6921697,47.5153257]]}},{"type":"Feature","properties":{"bridge":"yes","highway":"motorway","int_ref":"E 25","lanes":"2","layer":"1","maxspeed":"100","oneway":"yes","ref":"A1","surface":"asphalt","toll":"yes","carriage_ref":"B"},"geometry":{"type":"LineString","coordinates":[[6.8502208,46.8291169],[6.851024,46.8294573],[6.8520781,46.8299189]]}},{"type":"Feature","properties":{"bridge":"yes","destination":"Zürich","highway":"motorway","int_ref":"E 41;E 60","lanes":"2","layer":"1","lit":"yes","maxspeed":"100","oneway":"yes","ref":"A1;A4","source:maxspeed":"sign","surface":"asphalt","toll":"yes","carriage_ref":"A"},"geometry":{"type":"LineString","coordinates":[[8.6315132,47.4190666],[8.6310947,47.4187864],[8.6307171,47.418536],[8.6301234,47.4181065],[8.6297715,47.4178495]]}},{"type":"Feature","properties":{"highway":"motorway","int_ref":"E 60","lanes":"2","maxspeed":"100","oneway":"yes","ref":"A1","surface":"asphalt","toll":"yes","carriage_ref":"B"},"geometry":{"type":"LineString","coordinates":[[9.3850302,47.4327977],[9.385531,47.4328897],[9.3860184,47.4329701],[9.3865228,47.4330469],[9.3872532,47.4331458],[9.3885553,47.4332894]]}},{"type":"Feature","properties":{"destination":"Gossau;Zürich","highway":"motorway","int_ref":"E 60","lanes":"2","maxspeed":"100","oneway":"yes","ref":"A1","surface":"asphalt","toll":"yes","carriage_ref":"A"},"geometry":{"type":"LineString","coordinates":[[9.3142131,47.4136628],[9.3141239,47.4135991],[9.3127189,47.4126757],[9.3118753,47.4121508],[9.310962,47.4116158],[9.310322,47.4112734],[9.3095116,47.4108633],[9.3087568,47.4105195],[9.3080235,47.4101956],[9.3068155,47.4097162],[9.3058568,47.4093795],[9.3055211,47.4092831],[9.3048064,47.4090617],[9.3040294,47.4088408],[9.3032136,47.4086212],[9.3024173,47.4084401],[9.3019383,47.4083452],[9.3012218,47.4082277],[9.3005501,47.4081839]]}},{"type":"Feature","properties":{"highway":"motorway","int_ref":"E 60","lanes":"3","maxspeed":"120","oneway":"yes","ref":"A1","surface":"asphalt","toll":"yes","carriage_ref":"A"},"geometry":{"type":"LineString","coordinates":[[8.7885229,47.5320207],[8.7842776,47.5317291],[8.7810614,47.5315033],[8.7793315,47.5313675]]}},{"type":"Feature","properties":{"highway":"motorway","int_ref":"E 41;E 60","lanes":"2","maxspeed":"100","oneway":"yes","ref":"A1;A4","source:maxspeed":"sign","surface":"asphalt","toll":"yes","carriage_ref":"B"},"geometry":{"type":"LineString","coordinates":[[8.7046886,47.4792101],[8.7046164,47.4795561],[8.7045342,47.4798984],[8.7044613,47.4801776],[8.7044234,47.4803182],[8.7043822,47.480457],[8.7043014,47.4807362],[8.7042165,47.4810148],[8.7038781,47.482126],[8.7023569,47.4871232],[8.7022798,47.4874439],[8.7022467,47.4876099],[8.7022197,47.4877687]]}},{"type":"Feature","properties":{"destination":"Zürich","highway":"motorway","int_ref":"E 60","lanes":"3","lit":"no","maxspeed":"120","oneway":"yes","ref":"A1;A3","surface":"asphalt","toll":"yes","carriage_ref":"B"},"geometry":{"type":"LineString","coordinates":[[8.3474908,47.4384041],[8.3477531,47.4382045],[8.3483618,47.4377767]]}},{"type":"Feature","properties":{"bridge":"yes","highway":"motorway","int_ref":"E 23;E 25","lanes":"2","layer":"1","lit":"no","maxspeed":"120","oneway":"yes","ref":"A1;A9","surface":"asphalt","toll":"yes","carriage_ref":"A"},"geometry":{"type":"LineString","coordinates":[[6.5721897,46.7205836],[6.5732774,46.7196418],[6.5743024,46.7187357],[6.5754185,46.717715]]}},{"type":"Feature","properties":{"highway":"motorway","lanes":"2","lit":"no","maxspeed":"120","oneway":"yes","ref":"A1","surface":"asphalt","toll":"yes","turn:lanes":"through|through|slight_right","carriage_ref":"B"},"geometry":{"type":"LineString","coordinates":[[8.2406406,47.4379741],[8.2410437,47.4387856],[8.2412073,47.4391026],[8.2413646,47.4394183],[8.2415363,47.4397273]]}},{"type":"Feature","properties":{"highway":"motorway","lanes":"2","lit":"no","maxspeed":"120","oneway":"yes","ref":"A1","surface":"asphalt","toll":"yes","carriage_ref":"A"},"geometry":{"type":"LineString","coordinates":[[8.0159768,47.3219783],[8.0155432,47.3219273],[8.0150408,47.3218765],[8.0145642,47.3218443],[8.0140853,47.3218217],[8.0136288,47.3218121],[8.0131632,47.3218157],[8.0126962,47.3218289],[8.0122323,47.3218521],[8.011777,47.3218847],[8.0112942,47.3219331],[8.0108367,47.3219899],[8.0103751,47.3220602],[8.0099193,47.3221439],[8.009465,47.3222342],[8.0090139,47.3223316],[8.0085759,47.3224312],[8.0081411,47.322539],[8.0077666,47.3226383],[8.0073667,47.3227441]]}},{"type":"Feature","properties":{"bridge":"yes","highway":"motorway","int_ref":"E 25","lanes":"2","layer":"1","lit":"no","maxspeed":"100","oneway":"yes","ref":"A1","surface":"asphalt","toll":"yes","carriage_ref":"B"},"geometry":{"type":"LineString","coordinates":[[7.3905039,46.9544056],[7.3907358,46.9544203],[7.3909471,46.9544297],[7.3911509,46.9544335]]}},{"type":"Feature","properties":{"carriage_ref":"A","highway":"motorway","int_ref":"E 25;E 62","lanes":"2","lit":"no","maxspeed":"signals","oneway":"yes","ref":"A1","source":"Orthophotos du SITG (Système d'Information du Territoire Genevois)","toll":"yes"},"geometry":{"type":"LineString","coordinates":[[6.1004906,46.1633543],[6.1006666,46.1630644],[6.1008267,46.1627567],[6.1009425,46.1625175],[6.1010646,46.1622407],[6.101155,46.162004],[6.101261,46.1616974],[6.1013655,46.1613093],[6.1014559,46.1608322],[6.1014882,46.1605827],[6.101514,46.1603055],[6.1015237,46.1600184],[6.1015222,46.1597987],[6.1015148,46.1595872],[6.1014869,46.1592884],[6.1014406,46.1590102],[6.1013927,46.1587767]]}},{"type":"Feature","properties":{"highway":"motorway","int_ref":"E 25","lanes":"4","lit":"no","maxspeed":"100","oneway":"yes","ref":"A1","surface":"asphalt","toll":"yes","carriage_ref":"B"},"geometry":{"type":"LineString","coordinates":[[7.7945999,47.310106],[7.7951959,47.3102369],[7.7958678,47.3103758],[7.7965682,47.3105213],[7.7973677,47.3106801],[7.7982671,47.3108482]]}},{"type":"Feature","properties":{"destination:int_ref:lanes":"E 41;E 60|E 41;E 60||","destination:lanes":"Sankt Gallen;Schaffhausen;Winterthur|Sankt Gallen;Schaffhausen;Winterthur|Rapperswil;Uster;Wangen|Brüttisellen;Dietikon","destination:ref:lanes":"A1;A4|A1;A4|A53|","highway":"motorway","int_ref":"E 41;E 60","lanes":"4","lit":"yes","maxspeed":"100","oneway":"yes","placement":"middle_of:2","ref":"A1;A4","source:maxspeed":"sign","surface":"asphalt","toll":"yes","turn:lanes":"||slight_right|slight_right","carriage_ref":"B"},"geometry":{"type":"LineString","coordinates":[[8.6253629,47.414467],[8.6260125,47.4148848]]}},{"type":"Feature","properties":{"destination":"St. Gallen;Flughafen;Nordring Zürich","highway":"motorway","int_ref":"E 60","lanes":"2","layer":"-1","lit":"yes","maxspeed":"80","oneway":"yes","ref":"A1","surface":"asphalt","toll":"yes","tunnel":"yes","carriage_ref":"B"},"geometry":{"type":"LineString","coordinates":[[8.4273542,47.4112538],[8.4276684,47.4111752]]}},{"type":"Feature","properties":{"highway":"motorway","int_ref":"E 60","lanes":"3","maxspeed":"120","oneway":"yes","ref":"A1","surface":"asphalt","toll":"yes","turn:lanes":"none|none|merge_to_left","carriage_ref":"A"},"geometry":{"type":"LineString","coordinates":[[9.0916514,47.4600664],[9.0903464,47.4598394]]}},{"type":"Feature","properties":{"highway":"motorway","int_ref":"E 60","lanes":"2","maxspeed":"120","oneway":"yes","ref":"A1","toll":"yes","carriage_ref":"B"},"geometry":{"type":"LineString","coordinates":[[9.417079,47.4415184],[9.4171562,47.4416436],[9.4172892,47.4418569]]}},{"type":"Feature","properties":{"bridge":"yes","highway":"motorway","int_ref":"E 25;E 62","lanes":"2","layer":"1","maxspeed":"120","oneway":"yes","ref":"A1","toll":"yes","carriage_ref":"A"},"geometry":{"type":"LineString","coordinates":[[6.493308,46.5116135],[6.4919079,46.5106196]]}},{"type":"Feature","properties":{"destination":"Bern","highway":"motorway","int_ref":"E 41;E 60","lanes":"2","lit":"yes","maxspeed":"100","oneway":"yes","ref":"A1;A4","surface":"asphalt","toll":"yes","carriage_ref":"A"},"geometry":{"type":"LineString","coordinates":[[8.4420487,47.4158362],[8.4416684,47.4156443],[8.4412881,47.415474],[8.4408354,47.415285],[8.4407039,47.415235],[8.4403887,47.4151149],[8.4400637,47.4150028],[8.4398231,47.4149236],[8.4395716,47.4148417],[8.4392441,47.4147461],[8.4389034,47.4146496]]}},{"type":"Feature","properties":{"highway":"motorway","int_ref":"E 60","lanes":"2","maxspeed":"120","oneway":"yes","ref":"A1","surface":"asphalt","toll":"yes","carriage_ref":"A"},"geometry":{"type":"LineString","coordinates":[[8.7980035,47.5323275],[8.7972099,47.5323456],[8.7960128,47.5323463],[8.7949027,47.5323362],[8.7938178,47.5322993],[8.7927468,47.5322526],[8.7915402,47.5321899],[8.7904183,47.5321193],[8.7892039,47.5320305],[8.7885229,47.5320207]]}},{"type":"Feature","properties":{"destination:lanes":"Zürich;Rapperswil;Brüttisellen|Zürich;Rapperswil;Brüttisellen|Zürich;Rapperswil;Brüttisellen;Effretikon;Kemptthal","highway":"motorway","int_ref":"E 41;E 60","lanes":"3","maxspeed":"signals","oneway":"yes","ref":"A1;A4","shoulder:right":"yes","surface":"asphalt","toll":"yes","carriage_ref":"A"},"geometry":{"type":"LineString","coordinates":[[8.6977223,47.4477034],[8.6974404,47.4473636],[8.6971851,47.4470502]]}},{"type":"Feature","properties":{"highway":"motorway","int_ref":"E 60","lanes":"2","maxspeed":"120","oneway":"yes","ref":"A1","surface":"asphalt","toll":"yes","carriage_ref":"A"},"geometry":{"type":"LineString","coordinates":[[8.7741726,47.5306666],[8.7730068,47.530383],[8.7722981,47.5301772],[8.7717515,47.5300081],[8.7712272,47.5298221],[8.7700909,47.5294289]]}},{"type":"Feature","properties":{"highway":"motorway","int_ref":"E 25;E 27","lanes":"2","maxspeed":"80","oneway":"yes","ref":"A1","surface":"asphalt","toll":"yes","carriage_ref":"A"},"geometry":{"type":"LineString","coordinates":[[7.4689568,46.9702942],[7.4688226,46.9702568],[7.4686722,46.9702228],[7.4684454,46.9701819],[7.4682276,46.9701543],[7.4679892,46.9701327],[7.46776,46.9701198],[7.4675693,46.9701129],[7.4673865,46.9701095]]}},{"type":"Feature","properties":{"bridge":"yes","highway":"motorway","int_ref":"E 25;E 62","lanes":"2","layer":"1","maxspeed":"signals","oneway":"yes","ref":"A1","toll":"yes","carriage_ref":"A"},"geometry":{"type":"LineString","coordinates":[[6.1460102,46.2899935],[6.1459939,46.2898751]]}},{"type":"Feature","properties":{"bridge":"yes","highway":"motorway","int_ref":"E 60","lanes":"3","layer":"1","maxspeed":"120","oneway":"yes","ref":"A1","surface":"asphalt","toll":"yes","turn:lanes":"none|none|merge_to_left","carriage_ref":"B"},"geometry":{"type":"LineString","coordinates":[[9.2359153,47.424189],[9.2367338,47.4243349]]}},{"type":"Feature","properties":{"highway":"motorway","int_ref":"E 60","lanes":"2","maxspeed":"120","oneway":"yes","ref":"A1","surface":"asphalt","toll":"yes","carriage_ref":"B"},"geometry":{"type":"LineString","coordinates":[[9.4240657,47.4513184],[9.424889,47.4519478],[9.425773,47.4525975],[9.427849,47.4539925],[9.429998,47.4553194],[9.4310937,47.4560275],[9.4316796,47.4564061],[9.4324296,47.4569197]]}},{"type":"Feature","properties":{"highway":"motorway","int_ref":"E 60","lanes":"3","maxspeed":"120","oneway":"yes","ref":"A1","surface":"asphalt","toll":"yes","turn:lanes":"none|none|merge_to_left","carriage_ref":"A"},"geometry":{"type":"LineString","coordinates":[[8.9949429,47.4714013],[8.9944309,47.4714364],[8.9937769,47.4714878],[8.9930868,47.47156],[8.9920591,47.4717032]]}},{"type":"Feature","properties":{"avz":"217","cs_dir:forward":"2","highway":"motorway","int_ref":"E 60","lanes":"2","maxspeed":"120","oneway":"yes","ref":"A1","surface":"asphalt","toll":"yes","carriage_ref":"A"},"geometry":{"type":"LineString","coordinates":[[9.0092462,47.4710849],[9.0081852,47.4712087],[9.0076157,47.4712612],[9.0070295,47.4713064],[9.006019,47.4713764],[9.0048246,47.4714066],[9.0035201,47.4714196]]}},{"type":"Feature","properties":{"bridge":"yes","highway":"motorway","int_ref":"E 25","lanes":"2","layer":"1","maxspeed":"120","name":"Pont sur la Menthue","oneway":"yes","ref":"A1","source:name":"Mapillary","surface":"asphalt","toll":"yes","carriage_ref":"B"},"geometry":{"type":"LineString","coordinates":[[6.7215892,46.7755647],[6.7227624,46.775865],[6.7232383,46.775991],[6.7236018,46.7760902],[6.7238386,46.7761588],[6.7243291,46.7763086],[6.7248358,46.7764766],[6.7253016,46.7766439],[6.7257417,46.7768125],[6.7261405,46.7769782],[6.7265159,46.7771457],[6.7268658,46.7773192],[6.7271834,46.7774923],[6.7274835,46.7776702],[6.7277856,46.7778647],[6.7280813,46.7780662]]}},{"type":"Feature","properties":{"avz":"288","cs_dir:forward":"2","highway":"motorway","int_ref":"E 25","lanes":"2","lit":"no","maxspeed":"120","oneway":"yes","ref":"A1","surface":"asphalt","toll":"yes","carriage_ref":"A"},"geometry":{"type":"LineString","coordinates":[[7.7210313,47.2809231],[7.7208804,47.2807693],[7.7206835,47.2805597],[7.7204907,47.280349],[7.72026,47.2800877],[7.7200453,47.2798315],[7.7197813,47.2795083],[7.719553,47.279212],[7.7193314,47.2789144],[7.7191437,47.2786475],[7.7189646,47.2783779],[7.7187231,47.2780083],[7.7184927,47.2776355],[7.7183281,47.2773554],[7.71817,47.2770741],[7.7180081,47.276776],[7.717852,47.2764777],[7.717724,47.2762311],[7.7176045,47.2759842],[7.7174767,47.2757196],[7.7173536,47.2754545],[7.7172149,47.27515],[7.7170849,47.2748449],[7.7169464,47.2745354],[7.7168138,47.2742261],[7.7165467,47.2735896],[7.7156763,47.2714528],[7.7153412,47.2706943],[7.7149833,47.2699151],[7.7147615,47.2694481],[7.7145235,47.2689888],[7.7142755,47.2685307],[7.7141051,47.2682285],[7.7139294,47.2679272],[7.7137472,47.2676316],[7.7135577,47.2673372],[7.7132853,47.2669365],[7.7129984,47.2665369],[7.712771,47.2662443],[7.7125392,47.2659533],[7.7122938,47.2656628],[7.71206,47.2653928],[7.7118063,47.2651119],[7.7114749,47.2647632],[7.7111367,47.2644171]]}},{"type":"Feature","properties":{"hazmat:water":"permissive","highway":"motorway","int_ref":"E 41;E 60","lanes":"2","maxspeed":"100","oneway":"yes","overtaking:hgv":"no","ref":"A1;A4","shoulder:right":"yes","source:maxspeed":"sign","surface":"asphalt","toll":"yes","carriage_ref":"A"},"geometry":{"type":"LineString","coordinates":[[8.6881483,47.5035133],[8.6882796,47.50338],[8.6884127,47.5032449],[8.6885483,47.5031111],[8.688689,47.502978],[8.6888351,47.5028487],[8.6889851,47.5027201],[8.6892917,47.5024688],[8.6897175,47.5021277],[8.6902172,47.5017257],[8.6903688,47.5016041],[8.690518,47.5014818],[8.6907439,47.501288],[8.690964,47.5010936],[8.6911794,47.5008956],[8.6913925,47.5006975],[8.6916011,47.5004981],[8.6918025,47.5002967],[8.6920002,47.5000936],[8.6921933,47.4998884],[8.6924433,47.4996176],[8.6926864,47.4993442],[8.6929232,47.4990691],[8.6931478,47.4987905]]}},{"type":"Feature","properties":{"highway":"motorway","int_ref":"E 25","lanes":"2","lit":"no","maxspeed":"120","oneway":"yes","ref":"A1","surface":"asphalt","toll":"yes","carriage_ref":"B"},"geometry":{"type":"LineString","coordinates":[[7.7080975,47.261813],[7.7084373,47.2620446],[7.7087702,47.2622844],[7.7090984,47.2625262],[7.7093346,47.2627058],[7.7095664,47.2628874],[7.7098622,47.2631246],[7.7102595,47.2634519],[7.7106384,47.2637876],[7.7111023,47.2642106]]}},{"type":"Feature","properties":{"destination":"Kerzers","highway":"motorway","int_ref":"E 25","lanes":"3","lit":"no","maxspeed":"120","oneway":"yes","ref":"A1","surface":"asphalt","toll":"yes","carriage_ref":"A"},"geometry":{"type":"LineString","coordinates":[[7.3286838,46.9510697],[7.3282813,46.9512553],[7.3279225,46.9514388],[7.327686,46.9515656],[7.3274198,46.9517174],[7.3271507,46.9518761],[7.3269045,46.9520316],[7.3266505,46.9521999],[7.3263168,46.9524211],[7.3259096,46.9527105],[7.3255148,46.9530017],[7.3247166,46.9535898],[7.3243983,46.9538246],[7.3240723,46.9540543]]}},{"type":"Feature","properties":{"highway":"motorway","int_ref":"E 41;E 60","lanes":"3","lit":"yes","maxspeed":"100","oneway":"yes","ref":"A1;A4","source:maxspeed":"sign","surface":"asphalt","toll":"yes","carriage_ref":"A"},"geometry":{"type":"LineString","coordinates":[[8.6249128,47.4143903],[8.6246107,47.4142057],[8.6242765,47.4140033],[8.6235762,47.4135972],[8.6231514,47.4133641],[8.6227411,47.4131424],[8.622207,47.4128614],[8.6216691,47.4125809],[8.6212445,47.4123746],[8.6206622,47.412103],[8.6201098,47.4118483],[8.6198239,47.4117202],[8.619561,47.411603],[8.6190561,47.4113821],[8.6185354,47.4111692],[8.617948,47.410939],[8.6173406,47.4107015]]}},{"type":"Feature","properties":{"bridge":"yes","hazmat:water":"permissive","highway":"motorway","int_ref":"E 41;E 60","lanes":"2","layer":"1","maxspeed":"100","oneway":"yes","overtaking:hgv":"no","ref":"A1;A4","shoulder:right":"yes","source:maxspeed":"sign","surface":"asphalt","toll":"yes","carriage_ref":"A"},"geometry":{"type":"LineString","coordinates":[[8.6872004,47.5048225],[8.6872758,47.5046958],[8.6873604,47.504553],[8.6874606,47.5043932],[8.68756,47.5042441],[8.6876666,47.5040963],[8.6877701,47.5039603],[8.6878796,47.5038242],[8.6879816,47.5037038],[8.6881483,47.5035133]]}},{"type":"Feature","properties":{"highway":"motorway","int_ref":"E 60","lanes":"3","maxspeed":"120","oneway":"yes","ref":"A1","surface":"asphalt","toll":"yes","turn:lanes":"none|none|slight_right","carriage_ref":"B"},"geometry":{"type":"LineString","coordinates":[[9.0891936,47.459536],[9.090585,47.4597691]]}},{"type":"Feature","properties":{"destination:lanes":"Zürich;Wettingen Ost|Zürich;Wettingen Ost|Zürich;Wettingen Ost;Neuenhof|Baden-West;Bremgarten;Spital","destination:ref":"A1;A3","highway":"motorway","int_ref":"E 60","lanes":"4","lit":"no","maxspeed":"100","oneway":"yes","ref":"A1;A3","signals":"maxspeed=signals","surface":"asphalt","toll":"yes","turn:lanes":"through|through|slight_right|right","carriage_ref":"B"},"geometry":{"type":"LineString","coordinates":[[8.27421,47.4565514],[8.274583,47.4566722],[8.2749962,47.4568036],[8.2754332,47.4569334],[8.2758797,47.4570535],[8.2763229,47.4571593],[8.2767813,47.4572568],[8.2772421,47.4573449],[8.2777094,47.4574212],[8.2781805,47.4574877],[8.2786601,47.457549],[8.281031,47.4578256]]}},{"type":"Feature","properties":{"highway":"motorway","int_ref":"E 25","lanes":"2","maxspeed":"120","oneway":"yes","ref":"A1","surface":"asphalt","toll":"yes","carriage_ref":"B"},"geometry":{"type":"LineString","coordinates":[[7.5757134,47.1036964],[7.5759134,47.1046653],[7.5763513,47.1064593],[7.5765833,47.107402],[7.5767984,47.108276],[7.5770211,47.1091637],[7.5772007,47.1098858],[7.5773863,47.1106076],[7.5776764,47.1117264],[7.5779728,47.1128448],[7.5781703,47.1135797],[7.5783744,47.1143134],[7.5786573,47.1153079],[7.5789484,47.1163025],[7.5793038,47.1174812],[7.5798885,47.1193298],[7.5808157,47.1221487],[7.5811061,47.1230082],[7.5813259,47.1236321],[7.5815565,47.1242551]]}},{"type":"Feature","properties":{"highway":"motorway","int_ref":"E 60","lanes":"2","maxspeed":"120","oneway":"yes","ref":"A1","surface":"asphalt","toll":"yes","carriage_ref":"B"},"geometry":{"type":"LineString","coordinates":[[9.1479813,47.4514332],[9.1485795,47.4512537],[9.1491287,47.4510596],[9.1496951,47.4508429]]}},{"type":"Feature","properties":{"highway":"motorway","int_ref":"E 25","lanes":"2","lit":"no","maxspeed":"120","oneway":"yes","ref":"A1","surface":"asphalt","toll":"yes","carriage_ref":"A"},"geometry":{"type":"LineString","coordinates":[[7.6015302,47.2137426],[7.6013623,47.2133097],[7.6012419,47.2129828],[7.6011302,47.2126591],[7.6009744,47.2121768],[7.6008322,47.211712],[7.6007402,47.2113815],[7.6006542,47.2110509],[7.6005397,47.2105923]]}},{"type":"Feature","properties":{"destination":"Aubonne","highway":"motorway","int_ref":"E 25;E 62","lanes":"2","maxspeed":"120","oneway":"yes","ref":"A1","toll":"yes","carriage_ref":"B"},"geometry":{"type":"LineString","coordinates":[[6.3279636,46.4628566],[6.329174,46.4634361],[6.3303424,46.4639403],[6.3311959,46.4642925],[6.3325495,46.4648101],[6.3336998,46.4652036]]}},{"type":"Feature","properties":{"bridge":"yes","highway":"motorway","int_ref":"E 60","lanes":"3","layer":"1","maxspeed":"120","oneway":"yes","ref":"A1","surface":"asphalt","toll":"yes","turn:lanes":"none|none|slight_right","carriage_ref":"B"},"geometry":{"type":"LineString","coordinates":[[8.9949261,47.4712932],[8.9953427,47.471268]]}},{"type":"Feature","properties":{"change:lanes":"not_left|yes|not_right|yes","highway":"motorway","int_ref":"E 41;E 60","lanes":"4","maxspeed":"signals","oneway":"yes","placement":"middle_of:2","ref":"A1;A4","surface":"asphalt","toll":"yes","turn:lanes":"|||merge_to_left","carriage_ref":"A"},"geometry":{"type":"LineString","coordinates":[[8.6995824,47.449821],[8.6993444,47.4495607],[8.6990835,47.4492999]]}},{"type":"Feature","properties":{"highway":"motorway","int_ref":"E 41;E 60","lanes":"2","maxspeed":"100","oneway":"yes","overtaking:hgv":"no","ref":"A1;A4","source:maxspeed":"sign","surface":"asphalt","toll":"yes","carriage_ref":"B"},"geometry":{"type":"LineString","coordinates":[[8.7021652,47.4897099],[8.7021613,47.4900379],[8.702156,47.4902],[8.7021397,47.4903615],[8.7021096,47.4905685],[8.7020672,47.4907754],[8.7020127,47.490983],[8.7019461,47.4911899],[8.7018503,47.4914277],[8.7017982,47.4915456],[8.7017383,47.4916649],[8.7016752,47.4917831],[8.7016091,47.4919041],[8.7015389,47.492021],[8.7014613,47.4921399],[8.7013839,47.4922563],[8.7012997,47.492375],[8.7012101,47.4924892],[8.7011164,47.4926054],[8.7010225,47.4927138],[8.700923,47.4928212],[8.7007114,47.493039],[8.7005907,47.4931529],[8.7004617,47.4932666],[8.7003278,47.4933788],[8.7001876,47.4934904],[8.7000213,47.4936185],[8.6998456,47.493748],[8.6996618,47.4938772],[8.6994697,47.4940061],[8.6992075,47.494175],[8.6989333,47.4943433],[8.6986603,47.4945065],[8.6983826,47.4946683],[8.6978358,47.4949736],[8.6972906,47.4952809],[8.6967527,47.4955942],[8.6964855,47.4957518],[8.6962285,47.4959141],[8.6959718,47.4960854],[8.6957236,47.4962599],[8.6955205,47.4964116],[8.695321,47.4965663]]}},{"type":"Feature","properties":{"highway":"motorway","int_ref":"E 25;E 62","lanes":"2","maxspeed":"120","oneway":"yes","ref":"A1","source":"Orthophotos 2009 du SITG (Système d'Information du Territoire Genevois)","toll":"yes","carriage_ref":"B"},"geometry":{"type":"LineString","coordinates":[[6.1555997,46.3309009],[6.157467,46.3329304],[6.1598569,46.3355279],[6.1606538,46.3364104]]}},{"type":"Feature","properties":{"bridge":"yes","highway":"motorway","int_ref":"E 60","lanes":"2","layer":"1","maxspeed":"120","oneway":"yes","ref":"A1","surface":"asphalt","toll":"yes","carriage_ref":"A"},"geometry":{"type":"LineString","coordinates":[[9.1480263,47.4515571],[9.14754,47.4517]]}},{"type":"Feature","properties":{"bridge":"yes","highway":"motorway","lanes":"2","layer":"1","lit":"no","maxspeed":"120","oneway":"yes","ref":"A1","surface":"asphalt","toll":"yes","carriage_ref":"A"},"geometry":{"type":"LineString","coordinates":[[8.1773776,47.3956045],[8.17668,47.3955288]]}},{"type":"Feature","properties":{"destination":"St. Gallen;Flughafen;Nordring Zürich","highway":"motorway","int_ref":"E 60","lanes":"2","lit":"yes","maxspeed":"80","oneway":"yes","ref":"A1","surface":"asphalt","toll":"yes","carriage_ref":"B"},"geometry":{"type":"LineString","coordinates":[[8.4302728,47.411392],[8.4305306,47.4115095],[8.4307113,47.4116076],[8.4308857,47.4117147],[8.4312156,47.4119516],[8.4315388,47.412193],[8.4318794,47.4124157]]}},{"type":"Feature","properties":{"highway":"motorway","int_ref":"E 25","lanes":"4","maxspeed":"120","oneway":"yes","ref":"A1","surface":"asphalt","toll":"yes","turn:lanes":"through|through|slight_right|slight_right","carriage_ref":"B"},"geometry":{"type":"LineString","coordinates":[[7.5682295,47.0739601],[7.5692135,47.0753472]]}},{"type":"Feature","properties":{"destination":"Lausanne;Genève-Aéroport","highway":"motorway","int_ref":"E 25;E 62","lanes":"2","lit":"no","maxspeed":"signals","oneway":"yes","ref":"A1","source":"Orthophotos du SITG (Système d'Information du Territoire Genevois)","toll":"yes","carriage_ref":"B"},"geometry":{"type":"LineString","coordinates":[[6.1005591,46.156298],[6.1008714,46.1568385],[6.1010351,46.157166],[6.1011561,46.1574327],[6.1012173,46.1575846],[6.1013326,46.1578897],[6.1013963,46.1580798],[6.1014794,46.158369],[6.1015419,46.1586216],[6.1015913,46.1588543],[6.1016201,46.1590041],[6.1016607,46.1593359],[6.1016786,46.1595427],[6.1016908,46.1597713]]}},{"type":"Feature","properties":{"highway":"motorway","int_ref":"E 25","lanes":"3","layer":"-2","lit":"yes","maxspeed":"100","name":"Brünnen","oneway":"yes","ref":"A1","surface":"asphalt","toll":"yes","tunnel":"yes","tunnel:name":"Brünnen","carriage_ref":"B"},"geometry":{"type":"LineString","coordinates":[[7.3739119,46.9448367],[7.3747228,46.9450262],[7.3752429,46.9451666]]}},{"type":"Feature","properties":{"highway":"motorway","int_ref":"E 25;E 62","lanes":"3","lit":"no","maxspeed":"100","oneway":"yes","ref":"A1","toll":"yes","carriage_ref":"B"},"geometry":{"type":"LineString","coordinates":[[6.1009727,46.220795],[6.1011354,46.2212334],[6.1012899,46.2216706],[6.1014052,46.2220515]]}},{"type":"Feature","properties":{"highway":"motorway","int_ref":"E 60","lanes":"3","maxspeed":"120","oneway":"yes","placement":"right_of:1","ref":"A1","shoulder:right":"yes","source:maxspeed":"CH:motorway","surface":"asphalt","toll":"yes","turn:lanes":"||merge_to_left","carriage_ref":"A"},"geometry":{"type":"LineString","coordinates":[[9.4721004,47.4664511],[9.4716901,47.4663931],[9.4712904,47.4663369]]}},{"type":"Feature","properties":{"highway":"motorway","int_ref":"E 25","lanes":"3","layer":"-1","lit":"yes","maxspeed":"100","name":"Brünnen","oneway":"yes","ref":"A1","surface":"asphalt","toll":"yes","tunnel":"yes","tunnel:name":"Brünnen","carriage_ref":"B"},"geometry":{"type":"LineString","coordinates":[[7.3752429,46.9451666],[7.3765936,46.945575],[7.3773376,46.9458236],[7.3780771,46.9460992],[7.37879,46.9463819],[7.3793568,46.9466322],[7.3801381,46.9470252],[7.380593,46.9472987],[7.3809251,46.9475324],[7.3821826,46.9486219],[7.3832743,46.9498216],[7.3837497,46.9504033]]}},{"type":"Feature","properties":{"highway":"motorway","int_ref":"E 25","lanes":"2","maxspeed":"100","oneway":"yes","ref":"A1","surface":"asphalt","toll":"yes","carriage_ref":"A"},"geometry":{"type":"LineString","coordinates":[[6.8051573,46.8074616],[6.8045822,46.8071],[6.8038748,46.8066757],[6.803623,46.8065263],[6.8027553,46.8060276],[6.8018751,46.8055339],[6.8013199,46.8052341],[6.8007603,46.8049398],[6.8001883,46.8046504],[6.7996178,46.8043607],[6.7990838,46.8040944],[6.798219,46.8036767],[6.797344,46.8032628]]}},{"type":"Feature","properties":{"bridge":"yes","highway":"motorway","lanes":"2","layer":"1","lit":"no","oneway":"yes","ref":"A1","surface":"asphalt","toll":"yes","carriage_ref":"A"},"geometry":{"type":"LineString","coordinates":[[8.0474718,47.3449317],[8.0472583,47.3447256]]}},{"type":"Feature","properties":{"destination":"Interlaken;Thun;Bern-Ostring|Lausanne;Interlaken;Bern-Wankdorf|Lausanne;Fribourg;Neuchâtel;Bern-Neufeld","highway":"motorway","int_ref":"E 25;E 27","lanes":"3","maxspeed":"80","oneway":"yes","ref":"A1;A6","surface":"asphalt","toll":"yes","carriage_ref":"A"},"geometry":{"type":"LineString","coordinates":[[7.4683446,46.9770454],[7.4685342,46.9767373],[7.4687772,46.9763421]]}},{"type":"Feature","properties":{"highway":"motorway","int_ref":"E 25;E 62","lanes":"2","maxspeed":"signals","oneway":"yes","ref":"A1","source":"Orthophotos 2009 du SITG (Système d'Information du Territoire Genevois)","toll":"yes","carriage_ref":"B"},"geometry":{"type":"LineString","coordinates":[[6.1348436,46.2663014],[6.1374837,46.2702069]]}},{"type":"Feature","properties":{"highway":"motorway","int_ref":"E 60","lanes":"2","maxspeed":"120","oneway":"yes","ref":"A1","surface":"asphalt","toll":"yes","carriage_ref":"B"},"geometry":{"type":"LineString","coordinates":[[8.8110818,47.5308702],[8.8156285,47.5302683]]}},{"type":"Feature","properties":{"destination":"Zürich;Wettingen Ost;Neuenhof","destination:ref":"A1;A3","highway":"motorway","lanes":"2","maxspeed":"100","oneway":"yes","ref":"A1;A3","signals":"maxspeed=signals","surface":"asphalt","toll":"yes","carriage_ref":"B"},"geometry":{"type":"LineString","coordinates":[[8.2816253,47.457907],[8.2823034,47.4579198],[8.2825421,47.4579325]]}},{"type":"Feature","properties":{"change:lanes":"not_left|not_left|not_right|no","destination:int_ref:lanes":"|E 41;E 60|E 41;E 60|","destination:lanes":"|Bern;Chur;Luzern;Nordring-Zürich|Bern;Chur;Luzern;Nordring-Zürich|Bülach;Flughafen","destination:ref:lanes":"|A1;A4|A1;A4|A51","highway":"motorway","int_ref":"E 41;E 60","lanes":"4","lit":"yes","maxspeed":"signals","oneway":"yes","ref":"A1;A4","shoulder:right":"yes","source:maxspeed":"signals","surface":"asphalt","toll":"yes","turn:lanes":"merge_to_right|none|none|none","carriage_ref":"A"},"geometry":{"type":"LineString","coordinates":[[8.5745139,47.4175401],[8.5744806,47.4181919]]}},{"type":"Feature","properties":{"highway":"motorway","int_ref":"E 25","lanes":"2","lit":"no","maxspeed":"120","oneway":"yes","ref":"A1","surface":"asphalt","toll":"yes","carriage_ref":"B"},"geometry":{"type":"LineString","coordinates":[[7.7271643,47.2853218],[7.727745,47.2856463],[7.72804,47.2858061],[7.728341,47.2859626],[7.7286588,47.2861292],[7.7289818,47.2862931],[7.7293042,47.2864544],[7.7296302,47.2866131],[7.7299672,47.2867755],[7.7303057,47.2869347],[7.7309907,47.2872524],[7.7316237,47.2875336],[7.7322613,47.2878116],[7.7331106,47.2881703],[7.7335383,47.2883461],[7.7339677,47.2885207],[7.7346701,47.2887972],[7.7353746,47.2890721],[7.7367798,47.2896014],[7.7374545,47.2898518],[7.7381317,47.2900994],[7.7395659,47.2906173],[7.7409864,47.2911258],[7.7424329,47.2916447]]}},{"type":"Feature","properties":{"destination":"Sankt Gallen;Schaffhausen","highway":"motorway","int_ref":"E 41;E 60","lanes":"2","lit":"yes","maxspeed":"100","oneway":"yes","placement":"transition","ref":"A1;A4","surface":"asphalt","toll":"yes","carriage_ref":"B"},"geometry":{"type":"LineString","coordinates":[[8.5742183,47.4164454],[8.5742688,47.4148981],[8.5742863,47.414361]]}},{"type":"Feature","properties":{"highway":"motorway","int_ref":"E 23;E 25","lanes":"2","lit":"no","maxspeed":"120","oneway":"yes","ref":"A1;A9","surface":"asphalt","toll":"yes","carriage_ref":"B"},"geometry":{"type":"LineString","coordinates":[[6.5571969,46.5715925],[6.5568297,46.5733098],[6.5564252,46.5752753],[6.5563528,46.5756841],[6.5560182,46.5774469],[6.555886,46.5781468],[6.5555596,46.5800707],[6.5554072,46.5810318],[6.5552173,46.5822848],[6.5549655,46.5839699],[6.5549437,46.5841417]]}},{"type":"Feature","properties":{"highway":"motorway","int_ref":"E 41;E 60","lanes":"2","lit":"yes","maxspeed":"100","oneway":"yes","overtaking:hgv":"no","ref":"A1;A4","shoulder:right":"yes","source:maxspeed":"sign","surface":"asphalt","toll":"yes","carriage_ref":"A"},"geometry":{"type":"LineString","coordinates":[[8.6944287,47.4972143],[8.6945269,47.4971094],[8.6946294,47.4970053],[8.6948453,47.4968029],[8.695023,47.4966485],[8.6952097,47.4964935],[8.6954054,47.4963415],[8.6956081,47.4961918],[8.6958571,47.4960135],[8.6961176,47.4958398],[8.6963799,47.4956763],[8.6966499,47.4955146],[8.6971965,47.4951968],[8.6977392,47.494891],[8.6982855,47.4945852],[8.6985611,47.4944247],[8.6988331,47.4942623],[8.699104,47.4940946],[8.6993628,47.4939284],[8.6995529,47.4938013],[8.6997333,47.4936735],[8.6999111,47.4935435],[8.7000804,47.4934133],[8.7002149,47.4933039],[8.7003407,47.4931953],[8.700465,47.4930878],[8.7005833,47.4929783],[8.7007929,47.4927573],[8.7008922,47.492651],[8.7009853,47.4925455],[8.7010738,47.4924341],[8.7011554,47.4923253],[8.7012389,47.4922134],[8.7013126,47.4921043],[8.7013899,47.4919876],[8.7014601,47.4918702],[8.7015282,47.4917533],[8.7015871,47.4916374],[8.7016452,47.4915171],[8.7016966,47.4913984],[8.701789,47.4911613],[8.7018523,47.4909604],[8.7019065,47.4907598],[8.7019512,47.490559]]}},{"type":"Feature","properties":{"highway":"motorway","int_ref":"E 25;E 62","lanes":"2","maxspeed":"80","oneway":"yes","ref":"A1","surface":"asphalt","toll":"yes","carriage_ref":"B"},"geometry":{"type":"LineString","coordinates":[[6.5617099,46.5404391],[6.5622062,46.5404698],[6.562694,46.5404701],[6.563254,46.5404479],[6.5645262,46.5403086],[6.5648143,46.5402873],[6.5650995,46.5402824],[6.5654632,46.5402974],[6.5657396,46.5403269],[6.5659179,46.5403638],[6.5662181,46.5404446]]}},{"type":"Feature","properties":{"avz":"56","cs_dir:forward":"1","highway":"motorway","int_ref":"E 25;E 27","lanes":"3","maxspeed":"100","oneway":"yes","ref":"A1;A6","ssvz":"944N","surface":"asphalt","toll":"yes","tunnel":"yes","carriage_ref":"B"},"geometry":{"type":"LineString","coordinates":[[7.4872869,46.9980528],[7.4875107,46.9982531]]}},{"type":"Feature","properties":{"highway":"motorway","lanes":"2","lit":"no","maxspeed":"120","oneway":"yes","ref":"A1","surface":"asphalt","toll":"yes","carriage_ref":"B"},"geometry":{"type":"LineString","coordinates":[[8.0362487,47.3334308],[8.0365472,47.333688],[8.0368405,47.3339465],[8.0374153,47.334468],[8.0379789,47.3349918],[8.0385144,47.3355327],[8.0390419,47.3360753],[8.0395586,47.3366137],[8.0401004,47.3371833],[8.0405687,47.3376493],[8.0408899,47.337991]]}},{"type":"Feature","properties":{"highway":"motorway","int_ref":"E 41;E 60","lanes":"2","maxspeed":"100","oneway":"yes","ref":"A1;A4","source:maxspeed":"sign","surface":"asphalt","toll":"yes","carriage_ref":"B"},"geometry":{"type":"LineString","coordinates":[[8.7021282,47.4889601],[8.702137,47.4892108],[8.7021652,47.4897099]]}},{"type":"Feature","properties":{"highway":"motorway","int_ref":"E 25","lanes":"2","lit":"no","maxspeed":"120","oneway":"yes","ref":"A1","surface":"asphalt","toll":"yes","carriage_ref":"B"},"geometry":{"type":"LineString","coordinates":[[7.6009759,47.2116927],[7.601118,47.2121574],[7.6012731,47.2126374],[7.6013832,47.2129548],[7.6015051,47.2132894],[7.6016766,47.2137309],[7.6017749,47.2139698],[7.6018754,47.2142091],[7.6020151,47.2145256],[7.6021657,47.214851],[7.6024313,47.2153948]]}},{"type":"Feature","properties":{"bridge":"yes","destination:lanes":"Zürich;Rapperswil;Brüttisellen|Zürich;Rapperswil;Brüttisellen|Zürich;Rapperswil;Brüttisellen;Effretikon;Kemptthal","highway":"motorway","int_ref":"E 41;E 60","lanes":"3","layer":"1","maxspeed":"signals","oneway":"yes","ref":"A1;A4","shoulder:right":"yes","surface":"asphalt","toll":"yes","carriage_ref":"A"},"geometry":{"type":"LineString","coordinates":[[8.698328,47.4484174],[8.6980359,47.44807],[8.6977223,47.4477034]]}},{"type":"Feature","properties":{"highway":"motorway","int_ref":"E 25","lanes":"4","lit":"no","maxspeed":"100","oneway":"yes","ref":"A1","surface":"asphalt","toll":"yes","carriage_ref":"A"},"geometry":{"type":"LineString","coordinates":[[7.407972,46.9510223],[7.4076797,46.9509804],[7.4074148,46.9509485],[7.4071914,46.9509234],[7.4069686,46.950901],[7.4065253,46.9508656],[7.4062652,46.9508499],[7.4059608,46.950838],[7.4057188,46.9508309],[7.4054842,46.9508267],[7.4052464,46.9508249],[7.4050167,46.9508289],[7.404771,46.9508347]]}},{"type":"Feature","properties":{"highway":"motorway","int_ref":"E 25","lanes":"2","layer":"-1","maxspeed":"100","name":"Tunnel d'Arrissoules","oneway":"yes","ref":"A1","source:name":"Mapillary","surface":"asphalt","toll":"yes","tunnel":"yes","tunnel:name":"Arrissoules","wikipedia":"en:Arrissoules Tunnel","carriage_ref":"B"},"geometry":{"type":"LineString","coordinates":[[6.7630064,46.7904191],[6.7661772,46.7910239],[6.7675195,46.7912686],[6.7718408,46.7922755],[6.7733115,46.7927246],[6.7750087,46.7933192],[6.7774509,46.7941806],[6.779125,46.7949311],[6.780785,46.7957592],[6.7822188,46.7965414],[6.7839781,46.7974303],[6.7850614,46.7979231],[6.7892351,46.7995505],[6.7933801,46.8012248],[6.7957572,46.8022597],[6.7975628,46.8030464]]}},{"type":"Feature","properties":{"destination":"Zürich;Winterthur-Töss","hazmat:water":"permissive","highway":"motorway","int_ref":"E 41;E 60","lanes":"2","maxspeed":"100","oneway":"yes","ref":"A1;A4","shoulder:right":"yes","source:maxspeed":"sign","surface":"asphalt","toll":"yes","carriage_ref":"A"},"geometry":{"type":"LineString","coordinates":[[8.6934077,47.5165565],[8.6931742,47.5163559],[8.6928651,47.5160956],[8.6925529,47.51584]]}},{"type":"Feature","properties":{"avz":"323","cs_dir:forward":"2","highway":"motorway","int_ref":"E 25","lanes":"2","maxspeed":"120","oneway":"yes","ref":"A1","surface":"asphalt","toll":"yes","carriage_ref":"A"},"geometry":{"type":"LineString","coordinates":[[7.090388,46.9039941],[7.0890479,46.903405],[7.0878435,46.9028928],[7.0870367,46.9025576],[7.0862292,46.9022271],[7.0858242,46.9020626],[7.0853842,46.901896],[7.0845787,46.9015915],[7.0831566,46.9010414]]}},{"type":"Feature","properties":{"highway":"motorway","lanes":"2","lit":"no","maxspeed":"100","oneway":"yes","ref":"A1","surface":"asphalt","toll":"yes","carriage_ref":"B"},"geometry":{"type":"LineString","coordinates":[[7.9325467,47.3084466],[7.9333785,47.3090596],[7.9337331,47.3093291],[7.9340828,47.3096016],[7.9347738,47.310152]]}},{"type":"Feature","properties":{"bridge":"yes","highway":"motorway","int_ref":"E 25;E 62","lanes":"2","layer":"1","maxspeed":"signals","oneway":"yes","ref":"A1","toll":"yes","carriage_ref":"A"},"geometry":{"type":"LineString","coordinates":[[6.1374301,46.2704097],[6.1371853,46.2700489]]}},{"type":"Feature","properties":{"highway":"motorway","int_ref":"E 25;E 62","lanes":"3","maxspeed":"120","oneway":"yes","ref":"A1","toll":"yes","carriage_ref":"B"},"geometry":{"type":"LineString","coordinates":[[6.481523,46.5038115],[6.4822237,46.5041957]]}},{"type":"Feature","properties":{"highway":"motorway","int_ref":"E 25;E 62","lanes":"2","lit":"no","maxspeed":"100","oneway":"yes","ref":"A1","toll":"yes","carriage_ref":"B"},"geometry":{"type":"LineString","coordinates":[[6.0773795,46.200385],[6.0767895,46.2014405]]}},{"type":"Feature","properties":{"bridge":"yes","highway":"motorway","int_ref":"E 25;E 62","lanes":"2","layer":"1","maxspeed":"120","oneway":"yes","ref":"A1","toll":"yes","carriage_ref":"B"},"geometry":{"type":"LineString","coordinates":[[6.3104771,46.4516618],[6.3111792,46.4520567]]}},{"type":"Feature","properties":{"highway":"motorway","int_ref":"E 60","lanes":"2","maxspeed":"120","oneway":"yes","ref":"A1","surface":"asphalt","toll":"yes","carriage_ref":"B"},"geometry":{"type":"LineString","coordinates":[[8.7980877,47.5322189],[8.7987794,47.532193],[8.7993543,47.5321681],[8.7998216,47.5321408],[8.8004977,47.5320981],[8.8015378,47.5320264],[8.80384,47.531795],[8.806098,47.5315185],[8.8081994,47.5312379],[8.8107615,47.5309125]]}},{"type":"Feature","properties":{"bridge":"yes","highway":"motorway","int_ref":"E 60","lanes":"2","layer":"1","maxspeed":"120","oneway":"yes","ref":"A1","surface":"asphalt","toll":"yes","carriage_ref":"B"},"geometry":{"type":"LineString","coordinates":[[9.5713934,47.479396],[9.5718282,47.4795581]]}},{"type":"Feature","properties":{"highway":"motorway","int_ref":"E 25","lanes":"2","lit":"no","maxspeed":"120","oneway":"yes","ref":"A1","surface":"asphalt","toll":"yes","carriage_ref":"A"},"geometry":{"type":"LineString","coordinates":[[7.7917401,47.3095271],[7.791073,47.3093508],[7.790408,47.3091711],[7.7897297,47.3089815],[7.7890509,47.3087884]]}},{"type":"Feature","properties":{"bridge":"yes","highway":"motorway","int_ref":"E 41;E 60","lanes":"2","layer":"1","lit":"yes","maxspeed":"100","oneway":"yes","ref":"A1;A4","source:maxspeed":"sign","surface":"asphalt","toll":"yes","carriage_ref":"B"},"geometry":{"type":"LineString","coordinates":[[8.5743749,47.4132744],[8.5744127,47.4131214],[8.5744676,47.4129651],[8.5745317,47.4127946],[8.5745689,47.4127076],[8.5746139,47.4126219],[8.5746806,47.4124909]]}},{"type":"Feature","properties":{"highway":"motorway","int_ref":"E 25;E 62","lanes":"2","maxspeed":"120","oneway":"yes","ref":"A1","toll":"yes","carriage_ref":"A"},"geometry":{"type":"LineString","coordinates":[[6.5008672,46.5155147],[6.4998286,46.5151858],[6.4991223,46.5149434]]}},{"type":"Feature","properties":{"bridge":"yes","highway":"motorway","int_ref":"E 35","lanes":"3","layer":"1","lit":"no","maxspeed":"120","oneway":"yes","ref":"A1;A2","surface":"asphalt","toll":"yes","carriage_ref":"B"},"geometry":{"type":"LineString","coordinates":[[7.8382857,47.3093418],[7.838965,47.3093754]]}},{"type":"Feature","properties":{"bridge":"yes","highway":"motorway","int_ref":"E 25","lanes":"2","layer":"1","maxspeed":"120","oneway":"yes","ref":"A1","surface":"asphalt","toll":"yes","carriage_ref":"A"},"geometry":{"type":"LineString","coordinates":[[7.1924167,46.9613337],[7.1917404,46.9615665]]}},{"type":"Feature","properties":{"highway":"motorway","int_ref":"E 60","lanes":"3","maxspeed":"100","oneway":"yes","ref":"A1","surface":"asphalt","toll":"yes","carriage_ref":"A"},"geometry":{"type":"LineString","coordinates":[[9.3287034,47.4183994],[9.3277177,47.4181029],[9.3265818,47.4177962],[9.32523,47.4175086],[9.3240796,47.4173012],[9.3229049,47.4170787],[9.3217482,47.4168313],[9.3214118,47.4167543],[9.3204951,47.4165065],[9.3194614,47.4161925],[9.3187747,47.4159527]]}},{"type":"Feature","properties":{"highway":"motorway","int_ref":"E 25","lanes":"2","maxspeed":"120","oneway":"yes","ref":"A1","surface":"asphalt","toll":"yes","carriage_ref":"A"},"geometry":{"type":"LineString","coordinates":[[7.0831566,46.9010414],[7.0821159,46.9006596],[7.081062,46.9002798],[7.0798072,46.8998477],[7.0787039,46.8995112],[7.0777462,46.8992019],[7.0767795,46.8988962],[7.0763524,46.8987633],[7.0759063,46.898629],[7.0750517,46.8983798],[7.0741735,46.8981302],[7.0737341,46.8980103],[7.0732851,46.8978953],[7.0723414,46.8976471],[7.0715589,46.8974387],[7.0706669,46.8972155],[7.0697716,46.8970032],[7.0693258,46.8968988],[7.0688759,46.8967957],[7.068416,46.8966941],[7.0679638,46.8965992],[7.0674565,46.8964993],[7.0669371,46.896404],[7.066499,46.896328],[7.066032,46.8962574],[7.0655702,46.896202],[7.0651287,46.8961475],[7.0646715,46.8960957],[7.0644205,46.896067],[7.064183,46.8960435],[7.0639671,46.8960209],[7.0637252,46.8960031],[7.0632475,46.8959728],[7.0627849,46.8959536],[7.0623166,46.8959431],[7.0617282,46.8959388]]}},{"type":"Feature","properties":{"highway":"motorway","int_ref":"E 60","lanes":"2","maxspeed":"120","oneway":"yes","ref":"A1","surface":"asphalt","toll":"yes","carriage_ref":"B"},"geometry":{"type":"LineString","coordinates":[[8.779199,47.5312518],[8.7810767,47.5313777]]}},{"type":"Feature","properties":{"avz":"82","cs_dir:forward":"2","highway":"motorway","int_ref":"E 60","lanes":"2","maxspeed":"120","oneway":"yes","ref":"A1","ssvz":"154N","surface":"asphalt","toll":"yes","carriage_ref":"A"},"geometry":{"type":"LineString","coordinates":[[9.2244787,47.4239539],[9.2237209,47.4241472],[9.2231451,47.424312],[9.2226528,47.4244643],[9.222128,47.4246491],[9.2213819,47.4249348],[9.2206884,47.4252305],[9.2198966,47.4255961],[9.2189378,47.4260781],[9.2179523,47.4266047],[9.2158768,47.4277364],[9.2140092,47.428751],[9.2122194,47.429675],[9.2107084,47.4303782],[9.2091068,47.4310333],[9.207685,47.4315376],[9.2063781,47.4319603]]}},{"type":"Feature","properties":{"destination":"Lausanne;Genève-Aéroport;Palexpo;Arena","highway":"motorway","int_ref":"E 25;E 62","lanes":"2","layer":"-1","lit":"yes","maxspeed":"100","oneway":"yes","ref":"A1","toll":"yes","tunnel":"yes","carriage_ref":"B"},"geometry":{"type":"LineString","coordinates":[[6.0924754,46.2145259],[6.0929658,46.2146779]]}},{"type":"Feature","properties":{"bridge":"yes","highway":"motorway","int_ref":"E 25;E 62","lanes":"2","layer":"1","maxspeed":"120","oneway":"yes","ref":"A1","toll":"yes","carriage_ref":"A"},"geometry":{"type":"LineString","coordinates":[[6.4733291,46.4998984],[6.4730758,46.4997889]]}},{"type":"Feature","properties":{"bridge":"yes","highway":"motorway","int_ref":"E 25;E 27","lanes":"3","layer":"1","maxspeed":"100","oneway":"yes","ref":"A1;A6","surface":"asphalt","toll":"yes","carriage_ref":"B"},"geometry":{"type":"LineString","coordinates":[[7.4716286,46.9880559],[7.4718221,46.9881446]]}},{"type":"Feature","properties":{"highway":"motorway","int_ref":"E 25;E 62","lanes":"2","lit":"no","maxspeed":"120","maxspeed:variable":"peak_traffic","oneway":"yes","ref":"A1","toll":"yes","carriage_ref":"A"},"geometry":{"type":"LineString","coordinates":[[6.5198805,46.5235396],[6.518424,46.5229604],[6.5162363,46.5220519],[6.5137992,46.5209833],[6.511293,46.5198567],[6.5088231,46.5187352],[6.5068585,46.517857]]}},{"type":"Feature","properties":{"highway":"motorway","int_ref":"E 25","lanes":"2","maxspeed":"120","oneway":"yes","ref":"A1","surface":"asphalt","toll":"yes","carriage_ref":"B"},"geometry":{"type":"LineString","coordinates":[[7.5732247,47.0898503],[7.5731537,47.0902223]]}},{"type":"Feature","properties":{"bridge":"viaduct","highway":"motorway","int_ref":"E 25","lanes":"2","layer":"1","maxspeed":"120","oneway":"yes","ref":"A1","surface":"asphalt","toll":"yes","carriage_ref":"A"},"geometry":{"type":"LineString","coordinates":[[6.7575586,46.7893885],[6.7572321,46.7892922],[6.7569908,46.7892175],[6.7567813,46.7891513],[6.7563616,46.7890188],[6.7560395,46.7889128],[6.7557297,46.788809],[6.755424,46.7887022],[6.7551203,46.7885938],[6.7548939,46.7885117],[6.7546783,46.7884309],[6.7544714,46.7883524],[6.7542638,46.7882715],[6.753878,46.7881194],[6.7534913,46.7879607],[6.7531089,46.7878007],[6.7527479,46.7876449],[6.7523114,46.7874498]]}},{"type":"Feature","properties":{"highway":"motorway","int_ref":"E 60","lanes":"3","maxspeed":"100","oneway":"yes","ref":"A1","surface":"asphalt","toll":"yes","turn:lanes":"||slight_right","carriage_ref":"A"},"geometry":{"type":"LineString","coordinates":[[8.7094784,47.52485],[8.7092944,47.5248841],[8.7091031,47.5249167],[8.7088958,47.5249504],[8.7087081,47.5249756],[8.7084979,47.5249988],[8.7082498,47.5250269],[8.7079939,47.5250477],[8.7078009,47.5250618],[8.7075996,47.5250733]]}},{"type":"Feature","properties":{"highway":"motorway","int_ref":"E 23;E 25","lanes":"2","lit":"no","maxspeed":"120","oneway":"yes","ref":"A1;A9","surface":"asphalt","toll":"yes","carriage_ref":"A"},"geometry":{"type":"LineString","coordinates":[[6.5756594,46.6996861],[6.5753344,46.6990064],[6.5750429,46.6983367],[6.5748677,46.6978951],[6.5747061,46.6974231]]}},{"type":"Feature","properties":{"bridge":"yes","highway":"motorway","int_ref":"E 25","lanes":"2","layer":"2","maxspeed":"120","oneway":"yes","ref":"A1","surface":"asphalt","toll":"yes","carriage_ref":"B"},"geometry":{"type":"LineString","coordinates":[[7.5511751,47.058906],[7.5514042,47.0589867]]}},{"type":"Feature","properties":{"highway":"motorway","int_ref":"E 25;E 62","lanes":"2","maxspeed":"120","oneway":"yes","ref":"A1","toll":"yes","carriage_ref":"B"},"geometry":{"type":"LineString","coordinates":[[6.2025785,46.3822114],[6.2030417,46.3834671],[6.2035514,46.3848014],[6.2040918,46.3861053],[6.2042726,46.3865276]]}},{"type":"Feature","properties":{"bridge":"yes","highway":"motorway","int_ref":"E 23;E 25","lanes":"2","layer":"1","lit":"no","maxspeed":"120","oneway":"yes","ref":"A1;A9","surface":"asphalt","toll":"yes","carriage_ref":"B"},"geometry":{"type":"LineString","coordinates":[[6.5726701,46.6602422],[6.5726417,46.6605005],[6.5725973,46.6607441]]}},{"type":"Feature","properties":{"highway":"motorway","int_ref":"E 41;E 60","lanes":"2","lit":"no","maxspeed":"80","oneway":"yes","ref":"A1;A4","source:maxspeed":"CH:motorway","surface":"asphalt","toll":"yes","carriage_ref":"A"},"geometry":{"type":"LineString","coordinates":[[8.5058865,47.4283422],[8.5057953,47.4283207]]}},{"type":"Feature","properties":{"highway":"motorway","int_ref":"E 60","lanes":"2","maxspeed":"120","oneway":"yes","ref":"A1","surface":"asphalt","toll":"yes","carriage_ref":"A"},"geometry":{"type":"LineString","coordinates":[[8.715495,47.5231806],[8.7151941,47.5232219],[8.7148338,47.5232744]]}},{"type":"Feature","properties":{"highway":"motorway","int_ref":"E 25","lanes":"2","maxspeed":"120","oneway":"yes","ref":"A1","surface":"asphalt","toll":"yes","carriage_ref":"A"},"geometry":{"type":"LineString","coordinates":[[6.7058593,46.7691608],[6.704738,46.7687499],[6.7036834,46.7683693]]}},{"type":"Feature","properties":{"highway":"motorway","int_ref":"E 60","lanes":"2","maxspeed":"100","oneway":"yes","ref":"A1","surface":"asphalt","toll":"yes","carriage_ref":"B"},"geometry":{"type":"LineString","coordinates":[[9.3909031,47.4335983],[9.3912285,47.4336518]]}},{"type":"Feature","properties":{"bridge":"yes","highway":"motorway","int_ref":"E 25","lanes":"2","layer":"1","maxspeed":"120","oneway":"yes","ref":"A1","surface":"asphalt","toll":"yes","carriage_ref":"A"},"geometry":{"type":"LineString","coordinates":[[6.9972045,46.8767319],[6.9964324,46.8766052],[6.995516,46.8764449],[6.9945909,46.8762777],[6.9941316,46.8761916],[6.9936776,46.8760997],[6.9930149,46.8759585],[6.9925435,46.8758597],[6.9914247,46.8756166]]}},{"type":"Feature","properties":{"bridge":"yes","highway":"motorway","int_ref":"E 60","lanes":"2","layer":"1","maxspeed":"120","oneway":"yes","ref":"A1","surface":"asphalt","toll":"yes","carriage_ref":"B"},"geometry":{"type":"LineString","coordinates":[[8.9468173,47.4943249],[8.9470752,47.4941095]]}},{"type":"Feature","properties":{"highway":"motorway","int_ref":"E 25;E 62","lanes":"2","lit":"no","maxspeed":"100","oneway":"yes","ref":"A1","toll":"yes","carriage_ref":"A"},"geometry":{"type":"LineString","coordinates":[[6.0753722,46.2046149],[6.0753854,46.2044825],[6.0754247,46.204219],[6.0754779,46.2039511],[6.0755184,46.203792],[6.0755784,46.2035842]]}},{"type":"Feature","properties":{"highway":"motorway","int_ref":"E 25","lanes":"2","lit":"no","maxspeed":"120","oneway":"yes","ref":"A1","surface":"asphalt","toll":"yes","carriage_ref":"A"},"geometry":{"type":"LineString","coordinates":[[7.7004102,47.2583495],[7.6994843,47.258062],[7.6981599,47.2577282],[7.6968559,47.2574589],[7.6956723,47.2572114],[7.6951944,47.2571368],[7.6947176,47.2570681],[7.6942495,47.257007],[7.6937817,47.2569519],[7.6932915,47.2569015],[7.692801,47.2568544],[7.6923235,47.2568111],[7.6918449,47.2567734],[7.6905803,47.2566938],[7.6903697,47.2566805],[7.6896622,47.2566387],[7.6879611,47.2565513],[7.6872391,47.2565053],[7.6865066,47.256459],[7.6857896,47.256409],[7.6852947,47.2563666],[7.6848021,47.2563187],[7.6843325,47.2562699],[7.6838599,47.2562169],[7.6833389,47.2561516],[7.6828178,47.2560779]]}},{"type":"Feature","properties":{"highway":"motorway","lanes":"2","lit":"no","maxspeed":"120","oneway":"yes","ref":"A1","surface":"asphalt","toll":"yes","carriage_ref":"A"},"geometry":{"type":"LineString","coordinates":[[8.17668,47.3955288],[8.1759811,47.3954768],[8.1753405,47.3954416],[8.1747159,47.3954132]]}},{"type":"Feature","properties":{"destination":"Rheineck","highway":"motorway","lanes":"2","maxspeed":"120","oneway":"yes","ref":"A1","shoulder:right":"yes","source:maxspeed":"CH:motorway","surface":"asphalt","toll":"yes","carriage_ref":"A"},"geometry":{"type":"LineString","coordinates":[[9.6516539,47.4530087],[9.6513948,47.453195],[9.6507416,47.4535798],[9.6503675,47.4537867],[9.6499714,47.453983],[9.6492847,47.4542846],[9.6487502,47.4544912],[9.648447,47.4545979]]}},{"type":"Feature","properties":{"destination":"Zürich","highway":"motorway","int_ref":"E 60","lanes":"3","layer":"-1","lit":"yes","maxspeed":"100","oneway":"yes","ref":"A1;A3","surface":"asphalt","toll":"yes","tunnel":"yes","tunnel:name":"Neuenhof Überdachung","carriage_ref":"B"},"geometry":{"type":"LineString","coordinates":[[8.3162296,47.4535496],[8.3166311,47.4536799],[8.3168795,47.4537657],[8.3173148,47.4539059],[8.3177099,47.4540274],[8.3181294,47.4541414],[8.3184608,47.4542188],[8.3189427,47.4543114],[8.3193543,47.4543848],[8.319705,47.4544364],[8.3201773,47.4544936],[8.320774,47.4545407],[8.3212718,47.4545572],[8.321924,47.4545629],[8.3251574,47.4545252]]}},{"type":"Feature","properties":{"bridge":"yes","highway":"motorway","int_ref":"E 25;E 62","lanes":"2","layer":"1","maxspeed":"120","oneway":"yes","ref":"A1","toll":"yes","carriage_ref":"A"},"geometry":{"type":"LineString","coordinates":[[6.202407,46.3821939],[6.2022575,46.3817559]]}},{"type":"Feature","properties":{"avz":"300","cs_dir:forward":"1","highway":"motorway","int_ref":"E 25;E 62","lanes":"2","maxspeed":"120","oneway":"yes","ref":"A1","toll":"yes","carriage_ref":"B"},"geometry":{"type":"LineString","coordinates":[[6.4083126,46.4775549],[6.4116541,46.4770933],[6.4126384,46.4769611],[6.413585,46.4768628]]}},{"type":"Feature","properties":{"bridge":"yes","highway":"motorway","int_ref":"E 60","lanes":"3","layer":"1","maxspeed":"100","oneway":"yes","ref":"A1","surface":"asphalt","toll":"yes","carriage_ref":"B"},"geometry":{"type":"LineString","coordinates":[[9.3472988,47.4236048],[9.3482907,47.4239717],[9.3497921,47.4244239]]}},{"type":"Feature","properties":{"bridge":"yes","highway":"motorway","int_ref":"E 60","lanes":"3","layer":"1","maxspeed":"120","oneway":"yes","ref":"A1","surface":"asphalt","toll":"yes","turn:lanes":"none|none|slight_right","carriage_ref":"A"},"geometry":{"type":"LineString","coordinates":[[9.098558,47.4612454],[9.0981886,47.461183]]}},{"type":"Feature","properties":{"highway":"motorway","int_ref":"E 25","lanes":"3","lit":"no","maxspeed":"100","oneway":"yes","ref":"A1","surface":"asphalt","toll":"yes","carriage_ref":"B"},"geometry":{"type":"LineString","coordinates":[[7.7891297,47.3086888],[7.7898268,47.3088848],[7.7904622,47.309063],[7.791125,47.3092425],[7.791792,47.3094188]]}},{"type":"Feature","properties":{"highway":"motorway","int_ref":"E 25;E 27","lanes":"3","lit":"no","maxspeed":"100","oneway":"yes","ref":"A1","surface":"asphalt","toll":"yes","carriage_ref":"B"},"geometry":{"type":"LineString","coordinates":[[7.4173956,46.9554691],[7.4186829,46.9564649]]}},{"type":"Feature","properties":{"highway":"motorway","int_ref":"E 25","lanes":"2","layer":"1","maxspeed":"120","oneway":"yes","ref":"A1","surface":"asphalt","toll":"yes","carriage_ref":"A"},"geometry":{"type":"LineString","coordinates":[[6.8406989,46.8262451],[6.8392278,46.8259335],[6.8377938,46.825646],[6.83509,46.8250744],[6.8345185,46.8249607],[6.833948,46.8248515],[6.8333687,46.8247292],[6.8327967,46.8246022]]}},{"type":"Feature","properties":{"highway":"motorway","int_ref":"E 60","lanes":"4","lit":"no","maxspeed":"120","oneway":"yes","ref":"A1;A3","surface":"asphalt","toll":"yes","turn:lanes":"through|through|through|merge_to_left","carriage_ref":"A"},"geometry":{"type":"LineString","coordinates":[[8.3882981,47.4228517],[8.3877002,47.4229426],[8.3870189,47.4230622],[8.3860909,47.4232335],[8.3851698,47.4234201],[8.3842581,47.4236343],[8.3832883,47.4238832],[8.3820545,47.4242373],[8.3811843,47.4245048],[8.3804346,47.4247506],[8.3791787,47.4251747]]}},{"type":"Feature","properties":{"bicycle":"no","foot":"no","highway":"motorway","horse":"no","int_ref":"E 25","lanes":"3","lit":"no","maxspeed":"100","oneway":"yes","ref":"A1","sidewalk":"no","surface":"asphalt","toll":"yes","turn:lanes":"through|through|slight_right","carriage_ref":"B"},"geometry":{"type":"LineString","coordinates":[[6.6345763,46.7567091],[6.6350505,46.756959],[6.6355217,46.7572122],[6.6359679,46.7574573],[6.6364095,46.7577042],[6.6371879,46.7581579],[6.6378442,46.7585512],[6.6382504,46.7588011],[6.6386521,46.7590547],[6.6389269,46.7592265],[6.6394183,46.7595553],[6.6400975,46.759999],[6.64055,46.760306],[6.6407666,46.760453],[6.6410064,46.7606098],[6.6412727,46.7607863],[6.6414705,46.7609131],[6.6416755,46.7610378],[6.6417997,46.7611109],[6.6419569,46.7611966],[6.6421188,46.7612785]]}},{"type":"Feature","properties":{"highway":"motorway","int_ref":"E 25;E 62","lanes":"2","maxspeed":"signals","oneway":"yes","ref":"A1","toll":"yes","carriage_ref":"A"},"geometry":{"type":"LineString","coordinates":[[6.1442388,46.2828416],[6.144012,46.2822126]]}},{"type":"Feature","properties":{"highway":"motorway","int_ref":"E 25;E 62","lanes":"2","lit":"yes","maxspeed":"100","oneway":"yes","ref":"A1","toll":"yes","carriage_ref":"B"},"geometry":{"type":"LineString","coordinates":[[6.0943171,46.2151081],[6.0950523,46.2153601],[6.0954059,46.215485]]}},{"type":"Feature","properties":{"destination":"Avenches","highway":"motorway","int_ref":"E 25","lanes":"2","maxspeed":"120","oneway":"yes","ref":"A1","surface":"asphalt","toll":"yes","carriage_ref":"B"},"geometry":{"type":"LineString","coordinates":[[6.9047813,46.8265305],[6.9052446,46.8266607],[6.9056707,46.826788],[6.9059748,46.8268793],[6.9062849,46.826975],[6.9067439,46.8271253],[6.9071831,46.8272726],[6.9076081,46.8274234],[6.9082298,46.82765]]}},{"type":"Feature","properties":{"bridge":"yes","highway":"motorway","int_ref":"E 23;E 25","lanes":"2","layer":"1","lit":"no","maxspeed":"120","oneway":"yes","ref":"A1;A9","surface":"asphalt","toll":"yes","carriage_ref":"B"},"geometry":{"type":"LineString","coordinates":[[6.5739837,46.6941841],[6.5740827,46.6946019],[6.5741891,46.6950041],[6.574331,46.6954858],[6.5745963,46.6965221],[6.5748256,46.697338]]}},{"type":"Feature","properties":{"highway":"motorway","lanes":"2","lit":"no","maxspeed":"120","oneway":"yes","ref":"A1","surface":"asphalt","toll":"yes","carriage_ref":"B"},"geometry":{"type":"LineString","coordinates":[[8.174683,47.3953059],[8.175338,47.3953392],[8.1758014,47.3953722]]}},{"type":"Feature","properties":{"bridge":"yes","highway":"motorway","int_ref":"E 60","lanes":"2","layer":"1","maxspeed":"120","oneway":"yes","ref":"A1","shoulder:right":"yes","source:maxspeed":"CH:motorway","surface":"asphalt","toll":"yes","carriage_ref":"A"},"geometry":{"type":"LineString","coordinates":[[9.5759431,47.4806202],[9.5755882,47.4805906],[9.5751708,47.4805443]]}},{"type":"Feature","properties":{"bridge":"yes","highway":"motorway","int_ref":"E 60","lanes":"2","layer":"1","maxspeed":"120","oneway":"yes","ref":"A1","surface":"asphalt","toll":"yes","carriage_ref":"A"},"geometry":{"type":"LineString","coordinates":[[9.4434706,47.4687689],[9.4430079,47.4685028]]}},{"type":"Feature","properties":{"avz":"24","cs_dir:forward":"2","highway":"motorway","int_ref":"E 25;E 62","lanes":"2","maxspeed":"120","oneway":"yes","ref":"A1","ssvz":"4N","toll":"yes","carriage_ref":"A"},"geometry":{"type":"LineString","coordinates":[[6.2948041,46.4447449],[6.2919747,46.4436245],[6.2904088,46.4429629],[6.2877974,46.4418368]]}},{"type":"Feature","properties":{"bridge":"yes","highway":"motorway","int_ref":"E 25","lanes":"2","layer":"1","maxspeed":"120","name":"Viaduc du Bois de Rosset","oneway":"yes","ref":"A1","source:name":"Mapillary","surface":"asphalt","toll":"yes","carriage_ref":"B"},"geometry":{"type":"LineString","coordinates":[[7.0520187,46.8954087],[7.0524171,46.8954726]]}},{"type":"Feature","properties":{"bridge":"yes","highway":"motorway","int_ref":"E 60","lanes":"4","layer":"1","lit":"no","maxspeed":"120","oneway":"yes","ref":"A1;A3","surface":"asphalt","toll":"yes","turn:lanes":"through|through|through|slight_right","carriage_ref":"A"},"geometry":{"type":"LineString","coordinates":[[8.3925244,47.422452],[8.3918777,47.4224947]]}},{"type":"Feature","properties":{"hazmat:water":"permissive","highway":"motorway","int_ref":"E 41;E 60","lanes":"2","maxspeed":"100","oneway":"yes","overtaking:hgv":"no","ref":"A1;A4","shoulder:right":"yes","source:maxspeed":"sign","surface":"asphalt","toll":"yes","carriage_ref":"A"},"geometry":{"type":"LineString","coordinates":[[8.6925529,47.51584],[8.6922608,47.5156005],[8.6920202,47.5154082],[8.6916993,47.5151478]]}},{"type":"Feature","properties":{"destination:lanes":"Zürich: Wettingen Ost|Zürich: Wettingen Ost|Zürich: Wettingen Ost;Neuenhof","destination:ref":"A1;A3","highway":"motorway","int_ref":"E 60","lanes":"3","lit":"no","maxspeed":"100","oneway":"yes","ref":"A1;A3","signals":"maxspeed=signals","surface":"asphalt","toll":"yes","turn:lanes":"through|through|slight_right","carriage_ref":"B"},"geometry":{"type":"LineString","coordinates":[[8.281031,47.4578256],[8.2816253,47.457907]]}},{"type":"Feature","properties":{"destination:int_ref:lanes":"E 41;E 60|E 41;E 60|","destination:lanes":"Flughafen;Zürich|Flughafen;Zürich|Rapperswil;Uster;Brüttisellen;Dietlikon","destination:ref:lanes":"A1;A4|A1;A4|A53","highway":"motorway","int_ref":"E 41;E 60","lanes":"3","lit":"no","maxspeed":"100","oneway":"yes","ref":"A1;A4","shoulder:right":"yes","source:maxspeed":"sign","surface":"asphalt","toll":"yes","turn:lanes":"none|none|slight_right","carriage_ref":"A"},"geometry":{"type":"LineString","coordinates":[[8.6374433,47.42203],[8.6370547,47.4218911],[8.6366237,47.4217302],[8.6363465,47.4216158],[8.6360852,47.4215078],[8.6358036,47.4213971],[8.6355368,47.4212819],[8.6351886,47.4211259],[8.634855,47.4209707],[8.6345344,47.4208146],[8.6341887,47.4206466],[8.6337748,47.4204293],[8.6334323,47.4202355]]}},{"type":"Feature","properties":{"bridge":"yes","highway":"motorway","int_ref":"E 25;E 62","lanes":"2","layer":"1","maxspeed":"120","oneway":"yes","ref":"A1","toll":"yes","carriage_ref":"A"},"geometry":{"type":"LineString","coordinates":[[6.4991223,46.5149434],[6.4987444,46.514806]]}},{"type":"Feature","properties":{"highway":"motorway","int_ref":"E 60","lanes":"2","maxspeed":"120","oneway":"yes","ref":"A1","surface":"asphalt","toll":"yes","carriage_ref":"A"},"geometry":{"type":"LineString","coordinates":[[9.1101618,47.4618851],[9.1092716,47.461975],[9.1085181,47.4620332],[9.1077852,47.4620716],[9.107082,47.4620913],[9.1063404,47.4621004],[9.1055675,47.4620759],[9.1046944,47.4620323],[9.1036813,47.4619511],[9.1026977,47.4618554],[9.1019819,47.461769],[9.1004904,47.4615579],[9.0993728,47.4613802],[9.098558,47.4612454]]}},{"type":"Feature","properties":{"highway":"motorway","lanes":"3","lit":"no","maxspeed":"100","oneway":"yes","ref":"A1","surface":"asphalt","toll":"yes","turn:lanes":"||slight_right","carriage_ref":"A"},"geometry":{"type":"LineString","coordinates":[[7.9200459,47.3044868],[7.9195999,47.3044825],[7.9191587,47.3044857]]}},{"type":"Feature","properties":{"avz":"72","bicycle":"no","cs_dir:forward":"1","foot":"no","highway":"motorway","lanes":"2","lit":"no","maxspeed":"120","oneway":"yes","ref":"A1","ssvz":"23N","surface":"asphalt","toll":"yes","carriage_ref":"B"},"geometry":{"type":"LineString","coordinates":[[8.1105477,47.3814158],[8.1112559,47.3823041]]}},{"type":"Feature","properties":{"highway":"motorway","int_ref":"E 25","lanes":"2","lit":"no","maxspeed":"120","oneway":"yes","ref":"A1","surface":"asphalt","toll":"yes","carriage_ref":"B"},"geometry":{"type":"LineString","coordinates":[[7.6684676,47.2499452],[7.6688332,47.250108],[7.6692324,47.2502904],[7.6696143,47.2504744],[7.6700062,47.2506666],[7.6703942,47.250868],[7.6707731,47.2510724],[7.6715337,47.2514986],[7.6721312,47.2518467],[7.6730044,47.2523546],[7.6737516,47.2527844],[7.6741283,47.2529958],[7.6745077,47.2532061],[7.6748941,47.2534116],[7.6752855,47.253615],[7.6754799,47.2537109],[7.6756767,47.253807],[7.6758736,47.2539016],[7.6760737,47.2539945],[7.6762716,47.2540838],[7.676471,47.2541709],[7.6766741,47.254259],[7.6768788,47.2543459],[7.6770794,47.2544277],[7.677284,47.254507],[7.6777152,47.2546704],[7.6779316,47.2547491],[7.6781388,47.2548216],[7.6783603,47.2548989],[7.6785829,47.254974],[7.6789692,47.255096],[7.6793334,47.2552045],[7.6796333,47.2552915],[7.6799298,47.2553736],[7.6805339,47.2555327],[7.6811306,47.2556629],[7.6814381,47.2557283],[7.6817443,47.2557902],[7.6820461,47.2558477],[7.682349,47.2559032]]}},{"type":"Feature","properties":{"bridge":"yes","highway":"motorway","lanes":"2","layer":"1","lit":"no","maxspeed":"100","oneway":"yes","ref":"A1","surface":"asphalt","toll":"yes","carriage_ref":"A"},"geometry":{"type":"LineString","coordinates":[[8.247642,47.4465366],[8.2470964,47.4461741]]}},{"type":"Feature","properties":{"highway":"motorway","int_ref":"E 25;E 62","lanes":"2","lit":"yes","maxspeed":"100","oneway":"yes","ref":"A1","toll":"yes","carriage_ref":"A"},"geometry":{"type":"LineString","coordinates":[[6.0781491,46.1968366],[6.0781575,46.196472],[6.0781543,46.1960492],[6.0781358,46.195627]]}},{"type":"Feature","properties":{"highway":"motorway","int_ref":"E 25","lanes":"2","lit":"no","maxspeed":"100","oneway":"yes","ref":"A1","surface":"asphalt","toll":"yes","carriage_ref":"B"},"geometry":{"type":"LineString","coordinates":[[7.4062721,46.9507392],[7.4065211,46.9507536],[7.4069813,46.9507904],[7.4072085,46.9508126],[7.4074351,46.9508383],[7.4077047,46.9508701],[7.4079942,46.95091],[7.4083154,46.9509617],[7.4086244,46.9510168],[7.4088293,46.9510564],[7.4090327,46.951099],[7.4092844,46.9511547],[7.4095357,46.9512133],[7.4100693,46.9513177]]}},{"type":"Feature","properties":{"highway":"motorway","lanes":"2","lit":"no","maxspeed":"120","oneway":"yes","ref":"A1","surface":"asphalt","toll":"yes","carriage_ref":"A"},"geometry":{"type":"LineString","coordinates":[[8.2385764,47.4330734],[8.23839,47.4325928]]}},{"type":"Feature","properties":{"highway":"motorway","lanes":"2","lit":"no","maxspeed":"120","oneway":"yes","ref":"A1","surface":"asphalt","toll":"yes","carriage_ref":"A"},"geometry":{"type":"LineString","coordinates":[[8.0610691,47.3553387],[8.0597544,47.354514],[8.0585155,47.3537463],[8.0578969,47.3533529],[8.0571962,47.3529007],[8.0568559,47.3526748],[8.0565189,47.3524475],[8.0561629,47.3522049],[8.05581,47.3519613],[8.0551481,47.3514921],[8.0545723,47.3510716],[8.0539288,47.3505913],[8.0536056,47.3503434],[8.0532852,47.3500945],[8.052967,47.3498444],[8.0526507,47.3495928],[8.0523375,47.3493393],[8.0520277,47.349085],[8.0517226,47.3488285],[8.0514205,47.3485715],[8.0510063,47.348217],[8.0505994,47.34786],[8.0501619,47.3474695],[8.0497323,47.3470757],[8.0485898,47.3460047],[8.0480247,47.3454682],[8.0474718,47.3449317]]}},{"type":"Feature","properties":{"highway":"motorway","lanes":"2","lit":"no","maxspeed":"120","oneway":"yes","ref":"A1","surface":"asphalt","toll":"yes","carriage_ref":"A"},"geometry":{"type":"LineString","coordinates":[[8.2093686,47.4047409],[8.2091972,47.4045934],[8.2089881,47.4044262],[8.2086732,47.4041753],[8.2083371,47.4038714],[8.2079599,47.403493],[8.207564,47.403078],[8.2070066,47.4024848],[8.206515,47.4019811],[8.2062439,47.4017219],[8.2059526,47.401462],[8.2056554,47.4012133],[8.2052048,47.400849],[8.2048623,47.4006149],[8.2045118,47.4003933],[8.204151,47.4001804],[8.203774,47.3999739],[8.2033872,47.3997807],[8.2029952,47.3995951],[8.2025854,47.3994241],[8.202154,47.3992619],[8.2017237,47.3991083],[8.2012937,47.3989679],[8.2008507,47.398827],[8.2004103,47.3987009],[8.1999639,47.3985907],[8.1995088,47.3984908],[8.1990337,47.3983913],[8.1985493,47.3983019]]}},{"type":"Feature","properties":{"destination:int_ref:lanes":"E 60|E 60|E 43;E 60","destination:lanes":"Rheineck|Rheineck|St. Margrethen;Bregenz","destination:ref:lanes":"A1|A1|","highway":"motorway","int_ref":"E 43","lanes":"3","maxspeed":"120","oneway":"yes","placement":"right_of:1","ref":"A13","shoulder:right":"yes","source:maxspeed":"CH:motorway","surface":"asphalt","toll":"yes","turn:lanes":"||slight_right","first":"true","carriage_ref":"A"},"geometry":{"type":"LineString","coordinates":[[9.6525268,47.4522568],[9.6519655,47.4527563],[9.6516539,47.4530087]]}},{"type":"Feature","properties":{"highway":"motorway","int_ref":"E 25","lanes":"3","lit":"no","maxspeed":"120","oneway":"yes","ref":"A1","surface":"asphalt","toll":"yes","turn:lanes":"none|none|slight_right","carriage_ref":"A"},"geometry":{"type":"LineString","coordinates":[[7.6512693,47.2429223],[7.6506389,47.2424142],[7.6495496,47.2415841]]}},{"type":"Feature","properties":{"highway":"motorway","lanes":"2","lit":"no","maxspeed":"100","oneway":"yes","ref":"A1","surface":"asphalt","toll":"yes","carriage_ref":"A"},"geometry":{"type":"LineString","coordinates":[[7.8124896,47.3122409],[7.8118375,47.3122438],[7.8111857,47.3122444],[7.8107917,47.3122439],[7.8103972,47.312239],[7.8100038,47.3122302],[7.8096099,47.31222],[7.8088089,47.3121955],[7.8081987,47.3121693],[7.8075874,47.3121368]]}},{"type":"Feature","properties":{"destination:lanes":"Gossau|Gossau|Rastplatz Wildhus","highway":"motorway","int_ref":"E 60","lanes":"3","maxspeed":"120","oneway":"yes","ref":"A1","surface":"asphalt","toll":"yes","carriage_ref":"A"},"geometry":{"type":"LineString","coordinates":[[9.2647574,47.421201],[9.2642614,47.421344],[9.2638557,47.4214768]]}},{"type":"Feature","properties":{"avz":"382","cs_dir:forward":"1","highway":"motorway","lanes":"2","lit":"no","maxspeed":"120","oneway":"yes","ref":"A1","surface":"asphalt","toll":"yes","turn:lanes":"through|through|slight_right","carriage_ref":"B"},"geometry":{"type":"LineString","coordinates":[[8.2415363,47.4397273],[8.2417969,47.4401814],[8.2420656,47.4406381],[8.2422593,47.4409485],[8.2423704,47.4411164]]}},{"type":"Feature","properties":{"highway":"motorway","int_ref":"E 41;E 60","lanes":"2","lit":"yes","maxspeed":"100","oneway":"yes","ref":"A1;A4","source:maxspeed":"sign","surface":"asphalt","toll":"yes","carriage_ref":"B"},"geometry":{"type":"LineString","coordinates":[[8.5724863,47.4237286],[8.5727774,47.4235859],[8.5729576,47.4234847],[8.5731269,47.4233703],[8.5732771,47.4232644],[8.5734965,47.4230759]]}},{"type":"Feature","properties":{"bridge":"yes","highway":"motorway","int_ref":"E 25","lanes":"2","layer":"1","maxspeed":"120","oneway":"yes","ref":"A1","surface":"asphalt","toll":"yes","carriage_ref":"A"},"geometry":{"type":"LineString","coordinates":[[7.1477004,46.9395391],[7.1470025,46.9391222],[7.1466396,46.9389024],[7.1462804,46.9386842],[7.1454617,46.9381739],[7.1446511,46.937657],[7.1437774,46.9370905],[7.1433531,46.9368082],[7.1428422,46.9364641],[7.1423351,46.936116],[7.1418285,46.9357646],[7.1413167,46.9354026]]}},{"type":"Feature","properties":{"highway":"motorway","int_ref":"E 60","lanes":"3","lit":"no","maxspeed":"120","oneway":"yes","ref":"A1;A3","surface":"asphalt","toll":"yes","carriage_ref":"A"},"geometry":{"type":"LineString","coordinates":[[8.3791787,47.4251747],[8.3780668,47.4255584],[8.3736306,47.4271134]]}},{"type":"Feature","properties":{"highway":"motorway","lanes":"2","lit":"no","maxspeed":"100","oneway":"yes","ref":"A1","surface":"asphalt","toll":"yes","carriage_ref":"B"},"geometry":{"type":"LineString","coordinates":[[8.2480677,47.4466597],[8.2484053,47.4468574],[8.2487782,47.4470701],[8.2491106,47.4472617]]}},{"type":"Feature","properties":{"bicycle":"no","foot":"no","highway":"motorway","horse":"no","int_ref":"E 25","lanes":"3","lit":"no","maxspeed":"120","oneway":"yes","ref":"A1","sidewalk":"no","surface":"asphalt","toll":"yes","carriage_ref":"A"},"geometry":{"type":"LineString","coordinates":[[6.6341839,46.7566417],[6.6335607,46.7563296],[6.6329226,46.756018],[6.6324447,46.7557912],[6.6319635,46.7555696],[6.6314746,46.7553478],[6.6309811,46.7551302]]}},{"type":"Feature","properties":{"avz":"381","cs_dir:forward":"2","highway":"motorway","int_ref":"E 60","lanes":"3","lit":"no","maxspeed":"100","oneway":"yes","ref":"A1;A3","surface":"asphalt","toll":"yes","turn:lanes":"slight_left|slight_left;slight_right|slight_right","carriage_ref":"A"},"geometry":{"type":"LineString","coordinates":[[8.2553303,47.4496703],[8.2546642,47.4494893],[8.2539369,47.449283],[8.2534779,47.4491462],[8.2530972,47.4490323],[8.2526121,47.4488846],[8.2518388,47.448626],[8.2512295,47.4484021]]}},{"type":"Feature","properties":{"highway":"motorway","lanes":"2","layer":"1","lit":"no","maxspeed":"120","oneway":"yes","ref":"A1","surface":"asphalt","toll":"yes","carriage_ref":"B"},"geometry":{"type":"LineString","coordinates":[[8.2318527,47.4241168],[8.2323619,47.424452],[8.2327036,47.4246871],[8.2330373,47.4249262],[8.2333675,47.4251727],[8.2336887,47.4254159],[8.2339992,47.4256675],[8.234311,47.4259327],[8.2346214,47.4262073],[8.2348975,47.4264664],[8.2351712,47.426746],[8.2354355,47.4270316],[8.235687,47.4273129],[8.2358525,47.4275035],[8.2360099,47.4276996],[8.2362662,47.4280369],[8.2364852,47.4283396],[8.2366958,47.4286456],[8.2368828,47.4289383],[8.2370703,47.4292488],[8.2372563,47.4295629],[8.2374229,47.4298619],[8.2375808,47.4301865],[8.237654,47.4303495],[8.2377849,47.4306605],[8.238039,47.431298],[8.2382913,47.4319543],[8.2385227,47.4325772]]}},{"type":"Feature","properties":{"destination":"Zürich;Basel;Interlaken;Bern-Neufeld","highway":"motorway","int_ref":"E 25","lanes":"2","lit":"no","maxspeed":"100","oneway":"yes","ref":"A1","surface":"asphalt","toll":"yes","carriage_ref":"B"},"geometry":{"type":"LineString","coordinates":[[7.3999707,46.9515038],[7.4004817,46.951381],[7.4007457,46.9513078],[7.4010066,46.9512398],[7.4012208,46.9511882],[7.4014497,46.9511354],[7.4016791,46.9510858],[7.4019068,46.95104],[7.4021581,46.9509934],[7.402394,46.950953],[7.4026318,46.9509165],[7.4028652,46.9508826],[7.4030995,46.9508523],[7.4033356,46.950824],[7.4035719,46.9507995],[7.4040455,46.9507603],[7.4045346,46.9507323],[7.4047633,46.9507243],[7.405007,46.9507178],[7.4052407,46.950715],[7.405484,46.9507146],[7.4057208,46.9507193],[7.4059614,46.9507251],[7.4062721,46.9507392]]}},{"type":"Feature","properties":{"bridge":"yes","highway":"motorway","int_ref":"E 60","lanes":"4","layer":"1","lit":"no","maxspeed":"120","oneway":"yes","ref":"A1;A3","surface":"asphalt","toll":"yes","carriage_ref":"B"},"geometry":{"type":"LineString","coordinates":[[8.4081895,47.4201459],[8.4085695,47.4200373]]}},{"type":"Feature","properties":{"highway":"motorway","int_ref":"E 25","lanes":"2","layer":"1","maxspeed":"120","oneway":"yes","ref":"A1","surface":"asphalt","toll":"yes","carriage_ref":"B"},"geometry":{"type":"LineString","coordinates":[[7.4966892,47.0153464],[7.4967404,47.0155036],[7.4967943,47.0156618],[7.4968559,47.0158209],[7.4969011,47.0159271],[7.4969479,47.0160228]]}},{"type":"Feature","properties":{"highway":"motorway","int_ref":"E 25;E 62","lanes":"3","lit":"yes","maxspeed":"120","oneway":"yes","ref":"A1","source":"Orthophotos du SITG (Système d'Information du Territoire Genevois)","toll":"yes","first":"true","carriage_ref":"B"},"geometry":{"type":"LineString","coordinates":[[6.09646,46.1508049],[6.0965452,46.1509496]]}},{"type":"Feature","properties":{"highway":"motorway","lanes":"2","lit":"no","maxspeed":"100","oneway":"yes","ref":"A1","surface":"asphalt","toll":"yes","carriage_ref":"B"},"geometry":{"type":"LineString","coordinates":[[7.9280725,47.3059698],[7.9284852,47.3061386],[7.928892,47.3063162],[7.9296674,47.3066828],[7.9301177,47.3069193],[7.9304888,47.3071253],[7.9308521,47.3073352],[7.9312101,47.3075544],[7.9315538,47.3077718],[7.9318952,47.3079936],[7.9321737,47.3081844],[7.9324482,47.3083756],[7.9325467,47.3084466]]}},{"type":"Feature","properties":{"highway":"motorway","int_ref":"E 60","lanes":"3","maxspeed":"120","oneway":"yes","placement":"right_of:1","ref":"A1","shoulder":"none","source:maxspeed":"CH:motorway","surface":"asphalt","toll":"yes","turn:lanes":"||slight_right","carriage_ref":"A"},"geometry":{"type":"LineString","coordinates":[[9.4803724,47.4661827],[9.4797206,47.4663251]]}},{"type":"Feature","properties":{"bridge":"yes","highway":"motorway","int_ref":"E 25;E 62","lanes":"2","layer":"1","maxspeed":"120","oneway":"yes","ref":"A1","toll":"yes","carriage_ref":"B"},"geometry":{"type":"LineString","coordinates":[[6.3440629,46.4682143],[6.3446808,46.468391]]}},{"type":"Feature","properties":{"avz":"200","cs_dir:forward":"2","highway":"motorway","int_ref":"E 25;E 62","lanes":"3","lit":"yes","maxspeed":"40","oneway":"yes","ref":"A1","source":"Orthophotos du SITG (Système d'Information du Territoire Genevois)","ssvz":"997N","toll":"yes","last":"true","carriage_ref":"A"},"geometry":{"type":"LineString","coordinates":[[6.0967362,46.1516446],[6.0966294,46.1514688],[6.0964391,46.1511498],[6.0963693,46.151033],[6.096309,46.1509406],[6.0962297,46.1508334],[6.0960098,46.1506201]]}},{"type":"Feature","properties":{"highway":"motorway","int_ref":"E 60","lanes":"2","maxspeed":"120","oneway":"yes","ref":"A1","shoulder:right":"yes","source:maxspeed":"CH:motorway","surface":"asphalt","toll":"yes","carriage_ref":"A"},"geometry":{"type":"LineString","coordinates":[[9.6050162,47.4612078],[9.6036091,47.4611755],[9.6029167,47.4611698],[9.6022695,47.461175],[9.601624,47.4611903],[9.6009688,47.4612244],[9.6006276,47.4612563]]}},{"type":"Feature","properties":{"highway":"motorway","int_ref":"E 25;E 62","lanes":"2","maxspeed":"120","oneway":"yes","ref":"A1","toll":"yes","carriage_ref":"B"},"geometry":{"type":"LineString","coordinates":[[6.2165961,46.4026106],[6.2173766,46.4033045],[6.2184933,46.4042403],[6.2191646,46.4047923],[6.2195013,46.4050692],[6.2205069,46.4058604],[6.2222077,46.4071321],[6.2233449,46.407934],[6.2243995,46.4086535],[6.2256213,46.4094531],[6.2268861,46.4102481],[6.2279682,46.4109131],[6.2290176,46.4115203],[6.2300447,46.4121067],[6.231126,46.4126945],[6.2326128,46.4134761],[6.2340732,46.414204],[6.2356649,46.414949],[6.2380184,46.4159622],[6.2403514,46.4169025],[6.2456095,46.4189305],[6.2471623,46.4195641],[6.2487064,46.4202119],[6.2499305,46.4207558],[6.2511731,46.4213391],[6.2517472,46.4216219]]}},{"type":"Feature","properties":{"bridge":"yes","highway":"motorway","int_ref":"E 25;E 62","lanes":"2","layer":"1","maxspeed":"signals","oneway":"yes","ref":"A1","toll":"yes","carriage_ref":"B"},"geometry":{"type":"LineString","coordinates":[[6.1460472,46.2961383],[6.1460229,46.2962915]]}},{"type":"Feature","properties":{"bridge":"yes","highway":"motorway","lanes":"2","layer":"1","lit":"no","maxspeed":"120","oneway":"yes","ref":"A1","surface":"asphalt","toll":"yes","carriage_ref":"A"},"geometry":{"type":"LineString","coordinates":[[8.0911571,47.3682241],[8.0909408,47.3681385]]}},{"type":"Feature","properties":{"highway":"motorway","int_ref":"E 35","lanes":"3","lit":"no","maxspeed":"120","oneway":"yes","ref":"A1;A2","surface":"asphalt","toll":"yes","turn:lanes":"||merge_to_left","carriage_ref":"A"},"geometry":{"type":"LineString","coordinates":[[7.8893671,47.3131214],[7.8889053,47.3131497],[7.8885575,47.3131687]]}},{"type":"Feature","properties":{"destination":"France;Genève-La Praille;Thônex;Carouge;Perly","highway":"motorway","int_ref":"E 25;E 62","lanes":"2","lit":"no","maxspeed":"100","oneway":"yes","ref":"A1","toll":"yes","carriage_ref":"A"},"geometry":{"type":"LineString","coordinates":[[6.0788111,46.1910047],[6.0790726,46.1903745],[6.0795289,46.1895176],[6.0799391,46.1888618],[6.0803457,46.1883104],[6.0806693,46.1878758]]}},{"type":"Feature","properties":{"bicycle":"no","foot":"no","highway":"motorway","lanes":"2","lit":"no","maxspeed":"120","oneway":"yes","ref":"A1","surface":"asphalt","toll":"yes","carriage_ref":"A"},"geometry":{"type":"LineString","coordinates":[[8.1441167,47.3909128],[8.1431283,47.3909014],[8.1425682,47.3909201],[8.1410915,47.3909948],[8.1395923,47.3911215],[8.1381138,47.3912682],[8.1361593,47.3914523],[8.134298,47.3915868],[8.1338766,47.3916057],[8.1333852,47.3916221],[8.1328921,47.3916282],[8.1324262,47.3916245],[8.1319397,47.3916141],[8.1314536,47.3915991],[8.1309805,47.3915767],[8.1305072,47.391549],[8.1300564,47.3915171],[8.1295916,47.3914766],[8.1290956,47.3914282],[8.1286496,47.3913771],[8.1282832,47.3913331],[8.1279174,47.391282],[8.1274561,47.3912108],[8.1269295,47.3911238],[8.1267226,47.3910866],[8.12638,47.3910241],[8.126039,47.3909578],[8.1256198,47.3908718],[8.1250973,47.3907542],[8.1247081,47.3906624],[8.1242549,47.390548],[8.1238019,47.3904271],[8.12336,47.3903025],[8.1229137,47.390171],[8.1224776,47.3900306],[8.1220648,47.389891],[8.1216805,47.389745],[8.1211997,47.3895594],[8.1208012,47.389401],[8.1203961,47.3892368],[8.1199905,47.3890648],[8.1196022,47.3888953],[8.1191985,47.3887101],[8.1188067,47.38852],[8.1184181,47.3883265],[8.1180985,47.3881617],[8.1178365,47.3880212],[8.1176328,47.3879086],[8.1174339,47.3877941],[8.1172214,47.3876736],[8.1170147,47.3875504],[8.1165147,47.3872431],[8.1159037,47.3868441],[8.1153428,47.3864464],[8.1149747,47.3861707],[8.1145024,47.3858014],[8.1141993,47.3855506],[8.1139043,47.3852969],[8.1136735,47.3850925],[8.1134477,47.3848869],[8.1131893,47.384639],[8.1129273,47.3843773],[8.1127274,47.384172],[8.112534,47.3839653],[8.1124043,47.3838292],[8.1122773,47.3836918],[8.1120302,47.3834164],[8.1116679,47.3829997],[8.1113137,47.3825813]]}},{"type":"Feature","properties":{"highway":"motorway","int_ref":"E 25","lanes":"4","lit":"no","maxspeed":"100","oneway":"yes","ref":"A1","surface":"asphalt","toll":"yes","turn:lanes":"|||merge_to_left","carriage_ref":"B"},"geometry":{"type":"LineString","coordinates":[[7.3934176,46.9542169],[7.3936415,46.9541701],[7.393863,46.9541187],[7.3940735,46.9540651],[7.3942825,46.9540064],[7.3944943,46.9539414],[7.3947172,46.9538669]]}},{"type":"Feature","properties":{"destination:lanes":"Zürich Aarau|Zürich Aarau;Chiasso;Gotthard;Luzern|Chiasso;Gotthard;Luzern","highway":"motorway","int_ref":"E 35","lanes":"3","lit":"no","maxspeed":"100","oneway":"yes","ref":"A1;A2","surface":"asphalt","toll":"yes","turn:lanes":"slight_left|slight_left;slight_right|slight_right","carriage_ref":"B"},"geometry":{"type":"LineString","coordinates":[[7.9049454,47.3088286],[7.9053682,47.3086128],[7.9057834,47.308394],[7.9068574,47.307822]]}},{"type":"Feature","properties":{"highway":"motorway","int_ref":"E 41;E 60","lanes":"3","maxspeed":"120","oneway":"yes","ref":"A1;A4","shoulder:right":"yes","source:maxspeed":"CH:motorway","surface":"asphalt","toll":"yes","carriage_ref":"B"},"geometry":{"type":"LineString","coordinates":[[8.6995257,47.4494699],[8.6996593,47.4496076],[8.6999591,47.4499092],[8.7002549,47.4501979],[8.7005562,47.4504823],[8.7008927,47.4507912],[8.701066,47.450946],[8.7012371,47.4510978],[8.7014788,47.4513082],[8.7017229,47.4515179],[8.7021035,47.4518315],[8.7022944,47.4519893],[8.7024878,47.4521447],[8.7027673,47.4523652],[8.7029888,47.452539]]}},{"type":"Feature","properties":{"destination:lanes":"Lausanne-Sud|Genève|Genève","highway":"motorway","int_ref":"E 23;E 25;E 62","lanes":"3","lit":"no","maxspeed":"100","oneway":"yes","ref":"A1","surface":"asphalt","toll":"yes","carriage_ref":"A"},"geometry":{"type":"LineString","coordinates":[[6.5645887,46.5551117],[6.5648345,46.5548291],[6.5654742,46.5540361],[6.5662389,46.5530223],[6.5666784,46.5524113],[6.567122,46.5517356],[6.5674757,46.5511342],[6.5677499,46.5506212],[6.567997,46.5501062],[6.5682169,46.5495693],[6.5683468,46.5491956],[6.5684415,46.5488811],[6.5685871,46.5482889]]}},{"type":"Feature","properties":{"highway":"motorway","int_ref":"E 25;E 62","lanes":"2","maxspeed":"signals","maxspeed:variable":"peak_traffic","oneway":"yes","ref":"A1","toll":"yes","carriage_ref":"B"},"geometry":{"type":"LineString","coordinates":[[6.5366684,46.5282016],[6.5380207,46.5285382],[6.5393357,46.5289255]]}},{"type":"Feature","properties":{"avz":"234","bicycle":"no","cs_dir:forward":"1","foot":"no","highway":"motorway","horse":"no","int_ref":"E 25","lanes":"2","layer":"-1","maxspeed":"100","name":"Tunnel de Pomy","oneway":"yes","ref":"A1","sidewalk":"no","ssvz":"1101N","surface":"asphalt","toll":"yes","tunnel":"yes","tunnel:name":"Pomy","carriage_ref":"B"},"geometry":{"type":"LineString","coordinates":[[6.6480687,46.7616897],[6.6490451,46.7613058],[6.6499563,46.7608528],[6.6517651,46.759876],[6.652807,46.7593102],[6.653863,46.7588026],[6.6554958,46.7580522],[6.6572085,46.7574054],[6.6591867,46.7567598],[6.6610429,46.7562979],[6.6637027,46.7558206],[6.6656438,46.7556004],[6.667192,46.7555323],[6.6688739,46.7555128],[6.6703034,46.7555789],[6.6725156,46.7557808],[6.6733352,46.7558696],[6.6741601,46.7559768],[6.6758583,46.7562317],[6.6774156,46.7565904],[6.6789973,46.7570271],[6.6805335,46.75756],[6.6818775,46.7580977],[6.6827835,46.7585599],[6.6838445,46.759105]]}},{"type":"Feature","properties":{"highway":"motorway","int_ref":"E 60","lanes":"3","maxspeed":"100","oneway":"yes","ref":"A1","surface":"asphalt","toll":"yes","turn:lanes":"none|none|merge_to_left","carriage_ref":"A"},"geometry":{"type":"LineString","coordinates":[[9.2979897,47.4080254],[9.2970716,47.4080609],[9.2965624,47.4080953],[9.2960218,47.4081591],[9.2954191,47.4082376],[9.2948391,47.4083356]]}},{"type":"Feature","properties":{"highway":"motorway","int_ref":"E 25","lanes":"2","maxspeed":"100","oneway":"yes","ref":"A1","surface":"asphalt","toll":"yes","carriage_ref":"B"},"geometry":{"type":"LineString","coordinates":[[6.8746734,46.8299768],[6.8770676,46.8289152],[6.8777559,46.8286162],[6.8784536,46.8283217],[6.8788625,46.8281535],[6.8792672,46.8279916],[6.8796731,46.8278315],[6.8800812,46.8276743],[6.8804984,46.827518],[6.8809209,46.827367],[6.8812253,46.8272604],[6.8815648,46.8271451]]}},{"type":"Feature","properties":{"destination":"France;Genève-La Praille;Meyrin;Vernier;Genève-Aéroport","highway":"motorway","int_ref":"E 25;E 62","lanes":"2","maxspeed":"100","oneway":"yes","ref":"A1","source":"Orthophotos 2009 du SITG (Système d'Information du Territoire Genevois)","surface":"asphalt","toll":"yes","carriage_ref":"A"},"geometry":{"type":"LineString","coordinates":[[6.1280946,46.2452846],[6.1250365,46.2428117],[6.1243357,46.2422449]]}},{"type":"Feature","properties":{"highway":"motorway","int_ref":"E 25;E 27","lanes":"2","maxspeed":"80","oneway":"yes","ref":"A1","surface":"asphalt","toll":"yes","carriage_ref":"B"},"geometry":{"type":"LineString","coordinates":[[7.4712416,46.9718417],[7.4712924,46.9719876],[7.4713302,46.9721538],[7.4713524,46.9723075],[7.4713599,46.9724703],[7.4713523,46.9726277],[7.4713283,46.9727916],[7.4712916,46.9729475],[7.4712327,46.9731184],[7.4711668,46.9732675],[7.471088,46.9734194],[7.471002,46.9735683],[7.4709162,46.9737058],[7.4708601,46.9737901],[7.4706237,46.9740595]]}},{"type":"Feature","properties":{"bridge":"yes","highway":"motorway","int_ref":"E 60","lanes":"2","layer":"1","maxspeed":"120","oneway":"yes","ref":"A1","surface":"asphalt","toll":"yes","carriage_ref":"B"},"geometry":{"type":"LineString","coordinates":[[9.2829921,47.4130442],[9.2833376,47.4129531]]}},{"type":"Feature","properties":{"highway":"motorway","int_ref":"E 23;E 25","lanes":"2","lit":"no","maxspeed":"120","oneway":"yes","ref":"A1;A9","surface":"asphalt","toll":"yes","carriage_ref":"A"},"geometry":{"type":"LineString","coordinates":[[6.5703192,46.7230214],[6.5705108,46.7226675],[6.5707638,46.7222337],[6.5711213,46.7217305],[6.5714244,46.721367],[6.571857,46.7209015],[6.5721897,46.7205836]]}},{"type":"Feature","properties":{"bicycle":"no","bridge":"viaduct","foot":"no","highway":"motorway","horse":"no","int_ref":"E 25","lanes":"2","layer":"1","maxspeed":"100","oneway":"yes","ref":"A1","sidewalk":"no","surface":"asphalt","toll":"yes","carriage_ref":"A"},"geometry":{"type":"LineString","coordinates":[[6.6476874,46.7620812],[6.6473914,46.7621469],[6.6471637,46.7621872],[6.6469414,46.7622146],[6.6467038,46.7622372],[6.6464822,46.7622535],[6.646246,46.7622632],[6.6460535,46.7622648],[6.645842,46.7622639],[6.6456493,46.7622578]]}},{"type":"Feature","properties":{"destination":"Bern;Neuchâtel;Simplon;Gd-St-Bernard;Lausanne-Nord;Lausanne-Crissier","highway":"motorway","int_ref":"E 25;E 62","lanes":"2","maxspeed":"100","oneway":"yes","ref":"A1","surface":"asphalt","toll":"yes","carriage_ref":"B"},"geometry":{"type":"LineString","coordinates":[[6.5586755,46.5397821],[6.5595713,46.5400379],[6.5601571,46.5401845],[6.5607763,46.540313],[6.5612128,46.5403839],[6.5617099,46.5404391]]}},{"type":"Feature","properties":{"highway":"motorway","int_ref":"E 60","lanes":"2","layer":"-1","maxspeed":"100","name":"Stephanshorn","oneway":"yes","ref":"A1","surface":"asphalt","toll":"yes","tunnel":"yes","tunnel:name":"Stephanshorn","carriage_ref":"A"},"geometry":{"type":"LineString","coordinates":[[9.4088791,47.4390391],[9.4073845,47.4392294],[9.4068797,47.4392725],[9.406379,47.4393005],[9.405897,47.4393153],[9.4054248,47.4393127],[9.4049638,47.4392912],[9.4048523,47.4392815],[9.4045063,47.4392514],[9.4041275,47.4392002],[9.4037609,47.4391373],[9.4033959,47.4390545],[9.4030383,47.4389639],[9.4025636,47.438791],[9.40218,47.4386386],[9.4017826,47.4384407],[9.401397,47.4382318]]}},{"type":"Feature","properties":{"bridge":"yes","highway":"motorway","int_ref":"E 41;E 60","lanes":"2","layer":"1","maxspeed":"100","oneway":"yes","overtaking:hgv":"no","ref":"A1;A4","source:maxspeed":"sign","surface":"asphalt","toll":"yes","carriage_ref":"B"},"geometry":{"type":"LineString","coordinates":[[8.6868913,47.5088701],[8.6869959,47.5092067]]}},{"type":"Feature","properties":{"highway":"motorway","int_ref":"E 60","lanes":"3","maxspeed":"100","oneway":"yes","ref":"A1","surface":"asphalt","toll":"yes","turn:lanes":"none|none|merge_to_left","carriage_ref":"B"},"geometry":{"type":"LineString","coordinates":[[9.3885553,47.4332894],[9.3892562,47.4333674],[9.3901131,47.4334793],[9.3909031,47.4335983]]}},{"type":"Feature","properties":{"bridge":"yes","highway":"motorway","lanes":"2","layer":"1","lit":"no","oneway":"yes","ref":"A1","surface":"asphalt","toll":"yes","carriage_ref":"B"},"geometry":{"type":"LineString","coordinates":[[8.0473205,47.3446057],[8.0475348,47.3448135]]}},{"type":"Feature","properties":{"highway":"motorway","int_ref":"E 25;E 62","lanes":"2","maxspeed":"120","oneway":"yes","ref":"A1","source":"Orthophotos 2009 du SITG (Système d'Information du Territoire Genevois)","toll":"yes","carriage_ref":"B"},"geometry":{"type":"LineString","coordinates":[[6.1641756,46.3402403],[6.1650563,46.3412414],[6.165899,46.3422521],[6.1664844,46.3429843],[6.1672376,46.3439767],[6.1676094,46.3444751],[6.168628,46.345873],[6.1695779,46.3471836],[6.1701113,46.3479056],[6.1705729,46.3485161],[6.171193,46.3493027],[6.1718986,46.3501627],[6.1726157,46.3509881],[6.1733552,46.3517956]]}},{"type":"Feature","properties":{"bridge":"yes","change:lanes":"not_left|not_right|yes","hazmat:water":"permissive","highway":"motorway","int_ref":"E 41;E 60","lanes":"3","layer":"1","maxspeed":"100","oneway":"yes","overtaking:hgv":"no","placement":"right_of:1","ref":"A1;A4","shoulder:right":"yes","source:maxspeed":"sign","surface":"asphalt","toll":"yes","turn:lanes":"none|none|merge_to_left","carriage_ref":"A"},"geometry":{"type":"LineString","coordinates":[[8.6914321,47.514929],[8.6912227,47.5147544]]}},{"type":"Feature","properties":{"bridge":"yes","highway":"motorway","lanes":"2","layer":"1","lit":"yes","maxspeed":"100","oneway":"yes","ref":"A1;A3","surface":"asphalt","toll":"yes","carriage_ref":"B"},"geometry":{"type":"LineString","coordinates":[[8.285219,47.4581935],[8.2864901,47.4583203],[8.2873459,47.4584093],[8.2883638,47.4585047]]}},{"type":"Feature","properties":{"highway":"motorway","int_ref":"E 60","lanes":"5","lit":"yes","maxspeed":"100","oneway":"yes","ref":"A1;A3","surface":"asphalt","toll":"yes","turn:lanes":"none|none|none|none|merge_to_left","carriage_ref":"A"},"geometry":{"type":"LineString","coordinates":[[8.4214778,47.4146557],[8.4202985,47.4152311]]}},{"type":"Feature","properties":{"bicycle":"no","foot":"no","highway":"motorway","horse":"no","int_ref":"E 25","lanes":"2","lit":"no","maxspeed":"120","oneway":"yes","ref":"A1","sidewalk":"no","surface":"asphalt","toll":"yes","carriage_ref":"A"},"geometry":{"type":"LineString","coordinates":[[6.6279589,46.7539084],[6.6272727,46.7536555],[6.6265662,46.7534057],[6.6262051,46.7532815],[6.6258552,46.7531622],[6.6254973,46.7530447],[6.6251382,46.7529285],[6.6246078,46.7527616],[6.6240747,46.7525977],[6.6233366,46.7523779],[6.6227925,46.752223],[6.6222444,46.7520711],[6.6217006,46.7519265],[6.6211529,46.751784],[6.6205947,46.7516456],[6.6200396,46.7515118],[6.6192787,46.7513344],[6.6188334,46.751233],[6.6183876,46.7511356]]}},{"type":"Feature","properties":{"highway":"motorway","lanes":"2","lit":"no","maxspeed":"100","oneway":"yes","ref":"A1","surface":"asphalt","toll":"yes","carriage_ref":"A"},"geometry":{"type":"LineString","coordinates":[[7.9251695,47.3051636],[7.924856,47.3050925],[7.9245425,47.3050235],[7.9240732,47.304928],[7.9236149,47.3048447],[7.9231546,47.3047679],[7.9226998,47.3047006],[7.922214,47.304634],[7.9217539,47.3045835],[7.9212979,47.3045442],[7.9208247,47.3045142],[7.920394,47.3044955]]}},{"type":"Feature","properties":{"bridge":"yes","highway":"motorway","int_ref":"E 60","lanes":"2","layer":"1","maxspeed":"100","oneway":"yes","ref":"A1","surface":"asphalt","toll":"yes","carriage_ref":"A"},"geometry":{"type":"LineString","coordinates":[[8.7019146,47.524092],[8.7016706,47.523989]]}},{"type":"Feature","properties":{"highway":"motorway","lanes":"2","lit":"no","maxspeed":"120","oneway":"yes","ref":"A1","surface":"asphalt","toll":"yes","carriage_ref":"B"},"geometry":{"type":"LineString","coordinates":[[8.0070935,47.3227036],[8.0077096,47.3225392],[8.0080834,47.3224433],[8.0085158,47.3223357],[8.008953,47.3222351],[8.0094139,47.3221362],[8.0098789,47.3220441],[8.010339,47.321959],[8.010791,47.3218898],[8.0112565,47.3218324],[8.0117452,47.3217842],[8.0122087,47.3217504],[8.0126768,47.3217249],[8.0131544,47.3217115],[8.0136194,47.3217086],[8.0140828,47.3217172],[8.0145677,47.3217412],[8.0150503,47.3217739],[8.0155678,47.3218245],[8.0159965,47.3218763]]}},{"type":"Feature","properties":{"destination":"Zürich","highway":"motorway","int_ref":"E 60","lanes":"3","lit":"no","maxspeed":"120","oneway":"yes","ref":"A1;A3","surface":"asphalt","toll":"yes","carriage_ref":"B"},"geometry":{"type":"LineString","coordinates":[[8.3459916,47.4397668],[8.3462663,47.4394887],[8.3465528,47.4392162],[8.3468297,47.4389598],[8.3471245,47.4387034],[8.3472947,47.4385625]]}},{"type":"Feature","properties":{"highway":"motorway","int_ref":"E 35","lanes":"2","lit":"no","maxspeed":"120","oneway":"yes","ref":"A1;A2","surface":"asphalt","toll":"yes","carriage_ref":"A"},"geometry":{"type":"LineString","coordinates":[[7.8806951,47.3132107],[7.8802796,47.3132005],[7.879113,47.3131761],[7.8782142,47.3131442],[7.8773131,47.3131049],[7.8766746,47.3130741],[7.8763562,47.3130554],[7.8760362,47.3130351],[7.8756291,47.3130059],[7.8752383,47.3129743],[7.874847,47.3129393],[7.8744657,47.3129026],[7.874086,47.3128628],[7.8733439,47.3127774],[7.8729377,47.3127249],[7.8725319,47.3126685],[7.872136,47.3126105],[7.8717487,47.3125502],[7.8713628,47.3124843],[7.8709935,47.3124235],[7.8706279,47.3123594],[7.8691054,47.3120969],[7.868648,47.3120224],[7.8682689,47.3119622],[7.8678928,47.3119084],[7.8675009,47.3118574],[7.8671086,47.3118104],[7.8667258,47.3117709],[7.866324,47.3117392],[7.8659215,47.3117143],[7.8655218,47.3116968],[7.8651225,47.3116868],[7.864756,47.3116863],[7.8643506,47.3116897],[7.8639494,47.3117048],[7.863532,47.3117286],[7.8631156,47.3117554],[7.8625453,47.3117985],[7.8618942,47.3118595],[7.8612456,47.3119243],[7.8599515,47.3120612],[7.8591907,47.3121339],[7.8587987,47.3121692],[7.8584043,47.3122009],[7.8580041,47.3122278],[7.8575977,47.3122489],[7.8572085,47.312262],[7.8568175,47.3122727],[7.8564116,47.3122749],[7.8560034,47.3122714],[7.8556027,47.3122601],[7.8552014,47.3122415],[7.8548064,47.3122161],[7.8544068,47.3121836],[7.8540294,47.3121483],[7.8536519,47.3121088],[7.8532734,47.3120634],[7.8528959,47.3120142],[7.8523155,47.3119298],[7.8517377,47.3118354],[7.8511092,47.3117204],[7.8504798,47.3115998],[7.8500261,47.3115082],[7.8495749,47.3114141],[7.8491959,47.3113318],[7.8488177,47.3112468],[7.8484667,47.3111663],[7.8482127,47.311108]]}},{"type":"Feature","properties":{"highway":"motorway","int_ref":"E 25","lanes":"2","layer":"1","maxspeed":"120","oneway":"yes","ref":"A1","surface":"asphalt","toll":"yes","carriage_ref":"B"},"geometry":{"type":"LineString","coordinates":[[6.8328387,46.824499],[6.8334251,46.8246318],[6.8339896,46.8247523],[6.834558,46.8248569],[6.8351243,46.8249698],[6.83782,46.8255385],[6.8392787,46.8258319],[6.8407486,46.8261459]]}},{"type":"Feature","properties":{"highway":"motorway","int_ref":"E 23;E 25","lanes":"2","lit":"no","maxspeed":"120","oneway":"yes","ref":"A1;A9","surface":"asphalt","toll":"yes","carriage_ref":"A"},"geometry":{"type":"LineString","coordinates":[[6.5547991,46.5841168],[6.5552722,46.580933],[6.555744,46.5780923],[6.5562827,46.5752749],[6.5570538,46.5715922]]}},{"type":"Feature","properties":{"bridge":"yes","highway":"motorway","int_ref":"E 25;E 62","lanes":"2","layer":"1","maxspeed":"120","oneway":"yes","ref":"A1","toll":"yes","carriage_ref":"A"},"geometry":{"type":"LineString","coordinates":[[6.3682293,46.4741093],[6.3678342,46.4740587]]}},{"type":"Feature","properties":{"highway":"motorway","int_ref":"E 25;E 62","lanes":"2","lit":"no","maxspeed":"100","oneway":"yes","ref":"A1","toll":"yes","carriage_ref":"A"},"geometry":{"type":"LineString","coordinates":[[6.07662,46.2014305],[6.0772167,46.2003508]]}},{"type":"Feature","properties":{"highway":"motorway","int_ref":"E 25;E 62","lanes":"2","maxspeed":"100","oneway":"yes","ref":"A1","source":"Orthophotos 2009 du SITG (Système d'Information du Territoire Genevois)","toll":"yes","carriage_ref":"B"},"geometry":{"type":"LineString","coordinates":[[6.1331579,46.2635155],[6.1333075,46.2638334],[6.1335406,46.2642828],[6.1337738,46.2646954],[6.1340822,46.265176],[6.1347384,46.2661445]]}},{"type":"Feature","properties":{"highway":"motorway","int_ref":"E 25","lanes":"2","maxspeed":"120","oneway":"yes","ref":"A1","surface":"asphalt","toll":"yes","carriage_ref":"A"},"geometry":{"type":"LineString","coordinates":[[6.7362822,46.7827577],[6.7359298,46.7826707],[6.7356784,46.7826046],[6.7354567,46.7825421],[6.7352365,46.7824774],[6.7348486,46.7823554],[6.7345831,46.7822649],[6.7343671,46.7821884],[6.7341535,46.7821098],[6.7339472,46.7820308],[6.7337443,46.7819493],[6.7335415,46.7818655],[6.7333425,46.7817795],[6.7331415,46.7816885],[6.732944,46.7815959],[6.7327396,46.7814972],[6.7325381,46.7813963],[6.7323496,46.7812972],[6.7321633,46.7811967],[6.7319809,46.7810927],[6.7318022,46.7809876],[6.7316229,46.7808784],[6.7314474,46.7807678],[6.7312748,46.7806551],[6.7311071,46.7805402],[6.7309453,46.780425],[6.730786,46.7803087],[6.7306228,46.780187],[6.7304608,46.780065],[6.7301466,46.7798247],[6.7298221,46.779571],[6.7289184,46.7788472],[6.7286015,46.7786035],[6.7283005,46.7783776],[6.7279652,46.7781409]]}},{"type":"Feature","properties":{"highway":"motorway","int_ref":"E 25","lanes":"2","maxspeed":"120","oneway":"yes","ref":"A1","surface":"asphalt","toll":"yes","carriage_ref":"B"},"geometry":{"type":"LineString","coordinates":[[6.9082298,46.82765],[6.9088389,46.8278954],[6.9094501,46.8281468],[6.9097488,46.8282711],[6.9100435,46.8284036],[6.9103323,46.8285325],[6.9106191,46.8286671],[6.9110353,46.8288697],[6.9114004,46.8290532],[6.9117163,46.8292157],[6.9121674,46.8294578],[6.9125259,46.8296613],[6.9130623,46.8299724],[6.9135974,46.8302976],[6.9138591,46.8304612],[6.9141135,46.830625],[6.9146187,46.8309617],[6.9149535,46.8311939],[6.915286,46.8314254],[6.9156144,46.8316623],[6.9159385,46.8319013],[6.9165733,46.8323788],[6.9172015,46.8328608],[6.917668,46.8332264],[6.9181377,46.8335929],[6.9186079,46.8339656],[6.9190705,46.8343353]]}},{"type":"Feature","properties":{"destination":"St. Gallen;Chur;Luzern","highway":"motorway","int_ref":"E 60","lanes":"3","lit":"yes","maxspeed":"80","oneway":"yes","ref":"A1;A3","surface":"asphalt","toll":"yes","turn:lanes":"slight_left|slight_left|slight_right","carriage_ref":"B"},"geometry":{"type":"LineString","coordinates":[[8.4227913,47.413833],[8.4231683,47.4136221],[8.4237598,47.4133404]]}},{"type":"Feature","properties":{"highway":"motorway","int_ref":"E 23;E 25;E 62","lanes":"4","maxspeed":"100","oneway":"yes","ref":"A1","surface":"asphalt","toll":"yes","carriage_ref":"A"},"geometry":{"type":"LineString","coordinates":[[6.562354,46.5579959],[6.5631327,46.5569523],[6.5638932,46.5559648],[6.5645887,46.5551117]]}},{"type":"Feature","properties":{"highway":"motorway","int_ref":"E 41;E 60","lanes":"3","lit":"no","maxspeed":"120","oneway":"yes","ref":"A1;A4","source:maxspeed":"CH:motorway","surface":"asphalt","toll":"yes","carriage_ref":"A"},"geometry":{"type":"LineString","coordinates":[[8.5496028,47.4306233],[8.5492591,47.4307521],[8.5488357,47.4309109],[8.548425,47.4310611],[8.5479959,47.4312149],[8.5475742,47.4313614],[8.5471474,47.4315036],[8.5467053,47.4316443],[8.5462733,47.4317808],[8.5458498,47.4319075]]}},{"type":"Feature","properties":{"destination":"St. Gallen","destination:lanes":"Zürich;St.Gallen|Zürich;St.Gallen|Kreuzlingen;Arbon;Rorschach","destination:ref:lanes":"E 60;1|E 60;1|11","highway":"motorway","int_ref":"E 60","lanes":"3","maxspeed":"120","oneway":"yes","placement":"right_of:1","ref":"A1","surface":"asphalt","toll":"yes","carriage_ref":"A"},"geometry":{"type":"LineString","coordinates":[[9.449892,47.47021],[9.4494358,47.4702152],[9.4490186,47.4702035],[9.4486281,47.4701814]]}},{"type":"Feature","properties":{"highway":"motorway","int_ref":"E 60","lanes":"4","lit":"no","maxspeed":"120","oneway":"yes","ref":"A1;A3","surface":"asphalt","toll":"yes","carriage_ref":"B"},"geometry":{"type":"LineString","coordinates":[[8.4034538,47.4212457],[8.4039869,47.421145],[8.4044431,47.4210518],[8.4049017,47.4209607],[8.4053617,47.4208603],[8.405809,47.4207583],[8.4062571,47.4206549],[8.4067064,47.4205452],[8.4071493,47.4204312],[8.4075934,47.4203124],[8.4079057,47.4202236],[8.4081895,47.4201459]]}},{"type":"Feature","properties":{"destination:ref:lanes":"Chur|St.Margrethen;Bregenz;München","highway":"motorway","int_ref":"E 60","lanes":"2","maxspeed":"120","oneway":"yes","ref":"A1","surface":"asphalt","toll":"yes","carriage_ref":"B"},"geometry":{"type":"LineString","coordinates":[[9.6482161,47.4545545],[9.6486166,47.4544154],[9.6489501,47.4542916],[9.6490723,47.4542419]]}},{"type":"Feature","properties":{"highway":"motorway","int_ref":"E 60","lanes":"2","maxspeed":"120","oneway":"yes","ref":"A1","surface":"asphalt","toll":"yes","carriage_ref":"B"},"geometry":{"type":"LineString","coordinates":[[8.7745583,47.5306363],[8.7752075,47.5307633],[8.7758581,47.5308758],[8.7765258,47.5309711],[8.7774326,47.5310903],[8.7784916,47.5311953]]}},{"type":"Feature","properties":{"highway":"motorway","int_ref":"E 25;E 62","lanes":"2","maxspeed":"120","oneway":"yes","ref":"A1","toll":"yes","carriage_ref":"B"},"geometry":{"type":"LineString","coordinates":[[6.4733991,46.4998003],[6.4748869,46.5004608],[6.4766358,46.5012765],[6.4784353,46.5021725],[6.4797788,46.5028674]]}},{"type":"Feature","properties":{"highway":"motorway","int_ref":"E 25;E 62","lanes":"2","maxspeed":"signals","maxspeed:variable":"peak_traffic","oneway":"yes","ref":"A1","surface":"asphalt","toll":"yes","carriage_ref":"B"},"geometry":{"type":"LineString","coordinates":[[6.5433946,46.5305591],[6.5443066,46.5310478],[6.5451469,46.5315431],[6.5459514,46.5320425],[6.5506173,46.5351033]]}},{"type":"Feature","properties":{"highway":"motorway","int_ref":"E 41;E 60","lanes":"2","lit":"yes","maxspeed":"100","oneway":"yes","ref":"A1;A4","shoulder:right":"yes","source:maxspeed":"sign","surface":"asphalt","toll":"yes","carriage_ref":"B"},"geometry":{"type":"LineString","coordinates":[[8.5736219,47.4229589],[8.5737364,47.4228303],[8.5738851,47.4226578],[8.57398,47.4225153],[8.5740625,47.4223781],[8.5741318,47.422234],[8.5741967,47.4220782],[8.5742429,47.421919],[8.5742651,47.4218112],[8.5742902,47.4216651],[8.5743033,47.4215068],[8.5743097,47.4213743],[8.5743039,47.4212235],[8.5742945,47.4210431],[8.5742543,47.4204696],[8.5742189,47.4200808],[8.5742002,47.4197232],[8.5741865,47.4193928]]}},{"type":"Feature","properties":{"highway":"motorway","int_ref":"E 25","lanes":"2","lit":"no","maxspeed":"120","oneway":"yes","ref":"A1","surface":"asphalt","toll":"yes","carriage_ref":"A"},"geometry":{"type":"LineString","coordinates":[[7.633128,47.2350254],[7.6327693,47.2347931],[7.6325513,47.2346514],[7.6323373,47.2345084],[7.6321236,47.2343639],[7.631912,47.234218],[7.6315632,47.2339665],[7.6312164,47.2337142],[7.6308708,47.2334599],[7.6305292,47.2332046],[7.6296875,47.2325799],[7.6290775,47.2321384],[7.6287357,47.2318984],[7.6283995,47.2316698],[7.6280554,47.2314465],[7.627709,47.2312305],[7.6273602,47.2310155],[7.6270079,47.2308064],[7.6266489,47.2306037],[7.6263722,47.2304513],[7.6259936,47.2302518],[7.6256125,47.2300558],[7.6252243,47.229867],[7.6248345,47.2296801],[7.6244283,47.2294931],[7.6240175,47.2293107],[7.6236159,47.2291409],[7.6232125,47.2289741],[7.6226167,47.2287304],[7.6222108,47.2285698],[7.6217943,47.2284103],[7.6207671,47.2280269],[7.6194742,47.2275578]]}},{"type":"Feature","properties":{"bridge":"yes","highway":"motorway","int_ref":"E 25;E 62","lanes":"3","layer":"1","maxspeed":"signals","oneway":"yes","ref":"A1","surface":"asphalt","toll":"yes","carriage_ref":"A"},"geometry":{"type":"LineString","coordinates":[[6.5526811,46.5366575],[6.5505023,46.5352136]]}},{"type":"Feature","properties":{"destination":"Zürich","highway":"motorway","int_ref":"E 60","lanes":"2","lit":"yes","maxspeed":"100","oneway":"yes","ref":"A1;A3","surface":"asphalt","toll":"yes"},"geometry":{"type":"LineString","coordinates":[[8.3037204,47.459325],[8.3039823,47.4592274],[8.304344,47.4590834],[8.3046707,47.4589371],[8.3049862,47.4587794],[8.3052527,47.4586395],[8.3054818,47.4585055],[8.3057256,47.4583585],[8.3059199,47.4582296],[8.3060946,47.4581041],[8.3062585,47.4579852],[8.3064804,47.4578058],[8.3066522,47.4576527],[8.3068096,47.4575001],[8.3069878,47.4572988],[8.3071417,47.4571043],[8.3072955,47.4568768],[8.3074252,47.456666],[8.3075623,47.4563615]]}},{"type":"Feature","properties":{"bicycle":"no","foot":"no","highway":"motorway","horse":"no","int_ref":"E 25","lanes":"2","layer":"-1","maxspeed":"120","oneway":"yes","ref":"A1","sidewalk":"no","surface":"asphalt","toll":"yes","tunnel":"yes","tunnel:alt_name":"Champ Baly","tunnel:name":"Baly","carriage_ref":"B"},"geometry":{"type":"LineString","coordinates":[[6.6936246,46.7644277],[6.6949192,46.7650087],[6.6959604,46.7654264]]}},{"type":"Feature","properties":{"destination":"Sankt Gallen;Zürich-City;Flughafen","highway":"motorway","int_ref":"E 41;E 60","lanes":"2","lit":"no","maxspeed":"120","oneway":"yes","overtaking:hgv":"no","ref":"A1;A4","source:maxspeed":"CH:motorway","surface":"asphalt","toll":"yes","carriage_ref":"B"},"geometry":{"type":"LineString","coordinates":[[8.544579,47.4321198],[8.5451278,47.4319946],[8.5455663,47.4318747],[8.5462124,47.4316776],[8.5466218,47.4315406],[8.5470623,47.4314041],[8.547491,47.4312591],[8.5479087,47.4311124],[8.5483462,47.4309585],[8.5487636,47.4308065],[8.549187,47.4306409],[8.5495178,47.4305166]]}},{"type":"Feature","properties":{"highway":"motorway","int_ref":"E 60","lanes":"2","maxspeed":"120","oneway":"yes","ref":"A1","surface":"asphalt","toll":"yes","carriage_ref":"A"},"geometry":{"type":"LineString","coordinates":[[9.2638557,47.4214768],[9.263047,47.4217857],[9.2624375,47.4220688],[9.2620328,47.4222834],[9.2615774,47.422555],[9.261154,47.422822],[9.2605568,47.423229],[9.2596403,47.4238622],[9.2589924,47.4243018],[9.2586066,47.4245375]]}},{"type":"Feature","properties":{"highway":"motorway","int_ref":"E 25;E 27","lanes":"3","lit":"no","maxspeed":"80","oneway":"yes","ref":"A1","surface":"asphalt","toll":"yes","carriage_ref":"A"},"geometry":{"type":"LineString","coordinates":[[7.436397,46.9664823],[7.4359534,46.9664127],[7.4355089,46.9663428],[7.4350666,46.9662713],[7.4346019,46.9661915],[7.434195,46.9661147],[7.4336919,46.966016],[7.4332231,46.965916],[7.4327858,46.9658135],[7.4324743,46.9657328],[7.4321111,46.9656357]]}},{"type":"Feature","properties":{"highway":"motorway","int_ref":"E 25","lanes":"2","lit":"no","maxspeed":"120","oneway":"yes","ref":"A1","surface":"asphalt","toll":"yes","carriage_ref":"A"},"geometry":{"type":"LineString","coordinates":[[6.6058808,46.7483916],[6.6055743,46.7483096],[6.6052615,46.7482237],[6.6045348,46.7480225],[6.603901,46.7478418],[6.6032532,46.7476525],[6.6021525,46.7473105],[6.601631,46.747142],[6.6010988,46.7469698],[6.6007882,46.7468703],[6.6004789,46.7467696],[6.5998698,46.7465657],[6.5994197,46.7464127],[6.5989744,46.7462603],[6.5982748,46.7460144],[6.5973815,46.7456917],[6.5968666,46.7454992],[6.596343,46.7453021],[6.5956417,46.7450344],[6.5949549,46.7447638],[6.5942751,46.7444899],[6.5932882,46.7440814],[6.5926064,46.7437911],[6.5922668,46.7436422],[6.5919318,46.7434971],[6.5915966,46.7433477],[6.5912657,46.743199],[6.5904458,46.7428262],[6.5896255,46.742447],[6.5891443,46.7422151],[6.5886577,46.7419765],[6.5880887,46.7416929],[6.5875303,46.7414129],[6.5869001,46.7410933],[6.5865815,46.7409281],[6.5862708,46.740767],[6.5859514,46.7405985],[6.5856449,46.7404333],[6.5853331,46.7402622],[6.5847177,46.7399131],[6.5841097,46.7395659],[6.5835045,46.7392128],[6.5829136,46.7388578],[6.5823195,46.7385043],[6.581729,46.738142],[6.5811409,46.7377743],[6.580556,46.7374038],[6.5799765,46.7370264],[6.5796973,46.7368382],[6.5794147,46.7366492],[6.579137,46.7364609],[6.5788627,46.7362732],[6.5782993,46.7358803],[6.5778921,46.7355929],[6.5774896,46.7353049],[6.5772223,46.7351034],[6.5769446,46.7349093],[6.5766744,46.7347081],[6.5764063,46.7345088],[6.5759976,46.7341999],[6.575598,46.733893],[6.5753407,46.7336925],[6.5750834,46.7334911],[6.5745811,46.7330872],[6.5741977,46.7327729],[6.5738263,46.7324625],[6.5736371,46.7323016],[6.5734551,46.7321413],[6.5732007,46.7319149],[6.5729538,46.7316909],[6.5727275,46.7314766],[6.5725061,46.7312602],[6.5722955,46.7310472],[6.5720553,46.7307948],[6.5718467,46.7305654],[6.5716454,46.7303369]]}},{"type":"Feature","properties":{"highway":"motorway","int_ref":"E 25","lanes":"2","maxspeed":"120","oneway":"yes","ref":"A1","surface":"asphalt","toll":"yes","carriage_ref":"B"},"geometry":{"type":"LineString","coordinates":[[7.0161441,46.8793078],[7.0166374,46.8794196],[7.0171203,46.8795324],[7.0175659,46.8796402],[7.0180082,46.8797526],[7.0186709,46.879922],[7.0190029,46.8800105],[7.0193297,46.880102],[7.019767,46.8802233],[7.0202292,46.8803486],[7.0213881,46.8806861]]}},{"type":"Feature","properties":{"highway":"motorway","int_ref":"E 60","lanes":"2","maxspeed":"120","oneway":"yes","ref":"A1","surface":"asphalt","toll":"yes","carriage_ref":"A"},"geometry":{"type":"LineString","coordinates":[[9.2675578,47.4206088],[9.2667477,47.4207592],[9.2658206,47.4209444],[9.2651044,47.421108],[9.2647574,47.421201]]}},{"type":"Feature","properties":{"highway":"motorway","int_ref":"E 25","lanes":"2","maxspeed":"120","oneway":"yes","ref":"A1","surface":"asphalt","toll":"yes","carriage_ref":"A"},"geometry":{"type":"LineString","coordinates":[[7.5814173,47.1242783],[7.5811862,47.1236537],[7.5809665,47.1230287],[7.5806727,47.1221701],[7.5797426,47.1193486],[7.5791566,47.1174972],[7.5788027,47.1163223],[7.5785114,47.115329],[7.578228,47.1143319],[7.5780238,47.1135987],[7.5778254,47.1128632],[7.5775293,47.1117464],[7.5772392,47.1106296],[7.5770532,47.1099056],[7.576874,47.1091811],[7.5766525,47.1082955]]}},{"type":"Feature","properties":{"highway":"motorway","int_ref":"E 25","lanes":"3","maxspeed":"120","oneway":"yes","ref":"A1","surface":"asphalt","toll":"yes","turn:lanes":"none|none|merge_to_left","carriage_ref":"B"},"geometry":{"type":"LineString","coordinates":[[7.590197,47.1740568],[7.5902926,47.1743028],[7.5904112,47.1746407],[7.5905375,47.1749769],[7.5906631,47.1752866],[7.5907946,47.1755956],[7.5909925,47.1760378]]}},{"type":"Feature","properties":{"highway":"motorway","int_ref":"E 60","lanes":"2","maxspeed":"120","oneway":"yes","ref":"A1","surface":"asphalt","toll":"yes","carriage_ref":"A"},"geometry":{"type":"LineString","coordinates":[[9.0466222,47.4538708],[9.0453529,47.4539431],[9.0447884,47.4539753],[9.0434975,47.4540986],[9.0422928,47.454243],[9.0412959,47.4543969],[9.0400248,47.4546268],[9.0386292,47.4549352],[9.0375966,47.4551918],[9.0366774,47.4554604],[9.0357909,47.4557567],[9.0345289,47.4562201],[9.0334432,47.4566925],[9.0330388,47.4568879],[9.0323675,47.4572123],[9.0312485,47.4578281],[9.0302208,47.4584846],[9.0295029,47.4589766],[9.028857,47.4594814],[9.0280497,47.4601624],[9.0273271,47.4608581],[9.0267968,47.4613802],[9.0255269,47.4627389],[9.0248898,47.4634243],[9.0246452,47.4636787],[9.0243207,47.4640164],[9.0238986,47.4644465],[9.0234483,47.4648782],[9.0229685,47.4653047],[9.0220579,47.4660683],[9.0215169,47.4664584],[9.0210458,47.4667784],[9.0205283,47.467125],[9.0199864,47.4674665],[9.0194562,47.4677711],[9.0189588,47.4680402],[9.0183842,47.4683351],[9.017839,47.4686],[9.0169326,47.4689987],[9.0158453,47.4694433],[9.014997,47.4697375],[9.0138533,47.4701012],[9.0129178,47.4703678],[9.0118496,47.4706189],[9.010493,47.4708845],[9.0092462,47.4710849]]}},{"type":"Feature","properties":{"highway":"motorway","int_ref":"E 41;E 60","lanes":"3","layer":"-1","lit":"yes","maxspeed":"120","oneway":"yes","ref":"A1;A4","source:maxspeed":"CH:motorway","surface":"asphalt","toll":"yes","tunnel":"yes","carriage_ref":"A"},"geometry":{"type":"LineString","coordinates":[[8.6664843,47.4222635],[8.6659552,47.4222206],[8.6654505,47.422194],[8.6646422,47.4221727]]}},{"type":"Feature","properties":{"highway":"motorway","int_ref":"E 25","lanes":"2","layer":"-1","maxspeed":"100","name":"Combette","oneway":"yes","ref":"A1","surface":"asphalt","toll":"yes","tunnel":"yes","tunnel:name":"Combette","carriage_ref":"A"},"geometry":{"type":"LineString","coordinates":[[7.1353847,46.9305813],[7.134937,46.9300621],[7.1326048,46.9268433],[7.1295372,46.921612]]}},{"type":"Feature","properties":{"highway":"motorway","int_ref":"E 60","lanes":"4","maxspeed":"100","oneway":"yes","placement":"middle_of:2","ref":"A1","surface":"asphalt","toll":"yes","turn:lanes":"merge_to_right|||","carriage_ref":"B"},"geometry":{"type":"LineString","coordinates":[[8.7032932,47.5244489],[8.7034787,47.5244983],[8.7037098,47.5245534],[8.7039175,47.5245971],[8.7042145,47.524654]]}},{"type":"Feature","properties":{"highway":"motorway","int_ref":"E 25;E 62","lanes":"3","lit":"no","maxspeed":"120","maxspeed:variable":"peak_traffic","oneway":"yes","ref":"A1","toll":"yes","transit:lanes":"continue|continue|leave","carriage_ref":"A"},"geometry":{"type":"LineString","coordinates":[[6.5068585,46.517857],[6.5062405,46.5175916]]}},{"type":"Feature","properties":{"highway":"motorway","int_ref":"E 60","lanes":"2","maxspeed":"120","oneway":"yes","ref":"A1","shoulder:right":"yes","source:maxspeed":"CH:motorway","surface":"asphalt","toll":"yes","carriage_ref":"A"},"geometry":{"type":"LineString","coordinates":[[9.5762321,47.4806385],[9.5759431,47.4806202]]}},{"type":"Feature","properties":{"bicycle":"no","destination":"Bern;Fribourg;Estavayer-le-Lac","foot":"no","highway":"motorway","horse":"no","int_ref":"E 25","lanes":"2","lit":"no","maxspeed":"100","oneway":"yes","ref":"A1","sidewalk":"no","surface":"asphalt","toll":"yes","carriage_ref":"B"},"geometry":{"type":"LineString","coordinates":[[6.6421188,46.7612785],[6.6423557,46.7613893],[6.6425383,46.7614656],[6.6427349,46.7615414],[6.6429576,46.7616214],[6.6431128,46.7616732],[6.6432694,46.7617223],[6.6434392,46.7617688],[6.6436133,46.7618144],[6.6438243,46.7618639],[6.6440381,46.7619088],[6.6442643,46.7619564],[6.6445149,46.7619968],[6.6447451,46.7620272],[6.6449355,46.7620494],[6.645196,46.7620716]]}},{"type":"Feature","properties":{"destination":"Bern;Aarau;Mägenwil","highway":"motorway","lanes":"2","lit":"no","maxspeed":"100","oneway":"yes","ref":"A1","surface":"asphalt","toll":"yes","carriage_ref":"A"},"geometry":{"type":"LineString","coordinates":[[8.2507281,47.4482037],[8.2501802,47.4479197],[8.2494924,47.4475851]]}},{"type":"Feature","properties":{"highway":"motorway","int_ref":"E 35","lanes":"2","lit":"no","maxspeed":"120","oneway":"yes","ref":"A1;A2","surface":"asphalt","toll":"yes","carriage_ref":"A"},"geometry":{"type":"LineString","coordinates":[[7.8475455,47.310953],[7.84404,47.3101706],[7.8434699,47.3100552],[7.842897,47.3099453],[7.842511,47.3098805],[7.8417559,47.309762],[7.8411794,47.3096811],[7.8406016,47.3096108],[7.8401917,47.3095672],[7.8397815,47.3095275],[7.8389387,47.3094668]]}},{"type":"Feature","properties":{"highway":"motorway","int_ref":"E 60","lanes":"3","maxspeed":"120","oneway":"yes","ref":"A1","surface":"asphalt","toll":"yes","turn:lanes":"none|none|merge_to_left","carriage_ref":"B"},"geometry":{"type":"LineString","coordinates":[[9.265744,47.4208543],[9.2666778,47.4206643]]}},{"type":"Feature","properties":{"highway":"motorway","int_ref":"E 25;E 62","lanes":"2","maxspeed":"120","oneway":"yes","ref":"A1","toll":"yes","carriage_ref":"A"},"geometry":{"type":"LineString","coordinates":[[6.3610321,46.4729594],[6.3609133,46.4729354]]}},{"type":"Feature","properties":{"bridge":"yes","highway":"motorway","int_ref":"E 25","lanes":"2","layer":"1","maxspeed":"120","oneway":"yes","ref":"A1","surface":"asphalt","toll":"yes","carriage_ref":"A"},"geometry":{"type":"LineString","coordinates":[[6.8819747,46.8271304],[6.8815836,46.8272589]]}},{"type":"Feature","properties":{"highway":"motorway","int_ref":"E 60","lanes":"3","lit":"no","maxspeed":"120","oneway":"yes","ref":"A1;A3","surface":"asphalt","toll":"yes","carriage_ref":"B"},"geometry":{"type":"LineString","coordinates":[[8.3630926,47.4307463],[8.3634578,47.4305908],[8.3638315,47.4304381],[8.3642457,47.4302769],[8.3646646,47.4301197],[8.3655352,47.4298021],[8.3674669,47.4291237],[8.3692123,47.4285127],[8.371138,47.4278364],[8.37321,47.4271082],[8.3779761,47.4254359]]}},{"type":"Feature","properties":{"highway":"motorway","int_ref":"E 60","lanes":"3","maxspeed":"120","oneway":"yes","ref":"A1","surface":"asphalt","toll":"yes","carriage_ref":"B"},"geometry":{"type":"LineString","coordinates":[[8.7810767,47.5313777],[8.7842886,47.5315913],[8.7870306,47.5317824]]}},{"type":"Feature","properties":{"highway":"motorway","int_ref":"E 25;E 62","lanes":"2","maxspeed":"signals","oneway":"yes","ref":"A1","toll":"yes","carriage_ref":"A"},"geometry":{"type":"LineString","coordinates":[[6.142904,46.27959],[6.1424529,46.2786601],[6.1419703,46.2777093],[6.1416268,46.2770796],[6.1412574,46.2764106],[6.1405276,46.2751708],[6.1395873,46.2736666],[6.1386351,46.2722058],[6.1374301,46.2704097]]}},{"type":"Feature","properties":{"avz":"32","cs_dir:forward":"2","highway":"motorway","int_ref":"E 25","lanes":"2","lit":"no","maxspeed":"120","oneway":"yes","ref":"A1","ssvz":"869N","surface":"asphalt","toll":"yes","carriage_ref":"A"},"geometry":{"type":"LineString","coordinates":[[7.6130849,47.2251111],[7.6126676,47.2249204],[7.6122874,47.2247403],[7.611902,47.2245483],[7.6115102,47.2243501],[7.6111329,47.2241486]]}},{"type":"Feature","properties":{"destination":"Sankt Gallen;Schaffhausen","highway":"motorway","int_ref":"E 41;E 60","lanes":"2","lit":"yes","maxspeed":"100","oneway":"yes","placement":"transition","ref":"A1;A4","surface":"asphalt","toll":"yes","carriage_ref":"B"},"geometry":{"type":"LineString","coordinates":[[8.5742863,47.414361],[8.5742874,47.4143285]]}},{"type":"Feature","properties":{"highway":"motorway","int_ref":"E 41;E 60","lanes":"2","layer":"-1","length":"3250","lit":"24/7","maxspeed":"100","oneway":"yes","ref":"A1;A4","source:maxspeed":"sign","surface":"asphalt","toll":"yes","tunnel":"yes","tunnel:name":"Gubristtunnel","wikipedia":"de:Gubristtunnel","carriage_ref":"B"},"geometry":{"type":"LineString","coordinates":[[8.4422604,47.4157905],[8.4429253,47.416141],[8.443582,47.4165066],[8.4448666,47.4172466],[8.4455834,47.4176446],[8.4463334,47.4180273],[8.4471036,47.4183781],[8.447902,47.4186931],[8.4484219,47.4188788],[8.4489124,47.4190372],[8.4497954,47.4192912],[8.45068,47.4195054],[8.4514678,47.419659],[8.4521793,47.4197842],[8.452892,47.419883],[8.4541525,47.420034],[8.4663059,47.4212883],[8.472378,47.4219212],[8.4784478,47.4225658],[8.4791444,47.4226718],[8.4798171,47.4228071],[8.4804727,47.4229769],[8.4810932,47.4231714],[8.4817502,47.4234187],[8.4823827,47.4236798],[8.4830543,47.4239594]]}},{"type":"Feature","properties":{"bridge":"yes","highway":"motorway","int_ref":"E 60","lanes":"2","layer":"1","maxspeed":"120","oneway":"yes","ref":"A1","surface":"asphalt","toll":"yes","carriage_ref":"A"},"geometry":{"type":"LineString","coordinates":[[9.2762919,47.4163796],[9.2759723,47.4166908]]}},{"type":"Feature","properties":{"highway":"motorway","int_ref":"E 60","lanes":"3","lit":"no","maxspeed":"120","oneway":"yes","ref":"A1;A3","surface":"asphalt","toll":"yes","carriage_ref":"A"},"geometry":{"type":"LineString","coordinates":[[8.4012629,47.4217549],[8.4006897,47.421834],[8.4002473,47.42189],[8.3998014,47.4219402],[8.3992075,47.4220039],[8.3985809,47.4220633],[8.3978691,47.4221214],[8.3971579,47.4221741],[8.3964445,47.4222198],[8.3957458,47.422262],[8.3949064,47.422313],[8.3940691,47.4223612],[8.3935197,47.4223954]]}},{"type":"Feature","properties":{"highway":"motorway","int_ref":"E 25;E 62","lanes":"2","maxspeed":"120","oneway":"yes","ref":"A1","toll":"yes","carriage_ref":"A"},"geometry":{"type":"LineString","coordinates":[[6.4796617,46.5029459],[6.4783274,46.5022532],[6.4765458,46.5013689],[6.4747948,46.5005506],[6.4733291,46.4998984]]}},{"type":"Feature","properties":{"highway":"motorway","int_ref":"E 25;E 62","lanes":"2","maxspeed":"120","oneway":"yes","ref":"A1","toll":"yes","carriage_ref":"B"},"geometry":{"type":"LineString","coordinates":[[6.361003,46.4728402],[6.3611127,46.4728615]]}},{"type":"Feature","properties":{"bridge":"yes","highway":"motorway","int_ref":"E 25;E 62","lanes":"2","layer":"1","maxspeed":"120","oneway":"yes","ref":"A1","toll":"yes","carriage_ref":"B"},"geometry":{"type":"LineString","coordinates":[[6.3993458,46.4776909],[6.3997765,46.4777232]]}},{"type":"Feature","properties":{"destination":"Payerne","highway":"motorway","int_ref":"E 25","lanes":"2","maxspeed":"100","oneway":"yes","ref":"A1","surface":"asphalt","toll":"yes","carriage_ref":"B"},"geometry":{"type":"LineString","coordinates":[[6.8520781,46.8299189],[6.8526199,46.8301554],[6.8530164,46.8303269],[6.8534178,46.8304937],[6.8538422,46.8306659],[6.8545016,46.8309327]]}},{"type":"Feature","properties":{"highway":"motorway","int_ref":"E 41;E 60","lanes":"2","lit":"yes","maxspeed":"100","oneway":"yes","ref":"A1;A4","source:maxspeed":"sign","surface":"asphalt","toll":"yes","carriage_ref":"B"},"geometry":{"type":"LineString","coordinates":[[8.4421118,47.4157093],[8.4422604,47.4157905]]}},{"type":"Feature","properties":{"highway":"motorway","int_ref":"E 25","lanes":"2","lit":"no","maxspeed":"100","oneway":"yes","ref":"A1","surface":"asphalt","toll":"yes","carriage_ref":"A"},"geometry":{"type":"LineString","coordinates":[[7.3731422,46.9447998],[7.3728322,46.9447411],[7.3724924,46.9446812],[7.3722721,46.9446445],[7.3720491,46.9446093],[7.3718071,46.9445722],[7.3715624,46.9445388],[7.3710069,46.9444684],[7.3705525,46.9444203],[7.3703178,46.9443976],[7.3700837,46.9443774],[7.369618,46.9443423],[7.3691515,46.944314],[7.3686809,46.9442947]]}},{"type":"Feature","properties":{"highway":"motorway","int_ref":"E 25","lanes":"3","lit":"no","maxspeed":"120","oneway":"yes","ref":"A1","surface":"asphalt","toll":"yes","turn:lanes":"none|none|merge_to_left","carriage_ref":"B"},"geometry":{"type":"LineString","coordinates":[[7.70627,47.2606943],[7.7066678,47.2609202],[7.7070597,47.2611509],[7.707406,47.2613625],[7.7077515,47.2615837],[7.7080975,47.261813]]}},{"type":"Feature","properties":{"covered":"yes","destination":"Zürich","highway":"motorway","int_ref":"E 60","lanes":"3","lit":"no","maxspeed":"120","oneway":"yes","ref":"A1;A3","surface":"asphalt","toll":"yes","carriage_ref":"B"},"geometry":{"type":"LineString","coordinates":[[8.3472947,47.4385625],[8.3474301,47.4384503],[8.3474908,47.4384041]]}},{"type":"Feature","properties":{"highway":"motorway","int_ref":"E 25","lanes":"2","lit":"no","maxspeed":"100","oneway":"yes","ref":"A1","surface":"asphalt","toll":"yes","carriage_ref":"B"},"geometry":{"type":"LineString","coordinates":[[7.3686974,46.9441934],[7.3691624,46.9442139],[7.3696291,46.9442406],[7.3701,46.9442783],[7.3703342,46.9442987],[7.3705683,46.9443213],[7.3710295,46.9443693],[7.3715862,46.9444413],[7.3718268,46.9444736],[7.3720662,46.9445113],[7.3722947,46.9445477],[7.3725234,46.9445856],[7.3728719,46.944647],[7.3731843,46.9447063]]}},{"type":"Feature","properties":{"highway":"motorway","int_ref":"E 25;E 62","lanes":"2","maxspeed":"120","oneway":"yes","ref":"A1","toll":"yes","carriage_ref":"B"},"geometry":{"type":"LineString","coordinates":[[6.4955815,46.5130467],[6.4964121,46.5135625],[6.4971928,46.5139902],[6.4980059,46.5143802],[6.4988556,46.5147214]]}},{"type":"Feature","properties":{"avz":"69","cs_dir:forward":"2","highway":"motorway","int_ref":"E 25;E 62","lanes":"2","maxspeed":"signals","oneway":"yes","ref":"A1","ssvz":"998N","toll":"yes","carriage_ref":"A"},"geometry":{"type":"LineString","coordinates":[[6.1359909,46.2561522],[6.1360194,46.2561278]]}},{"type":"Feature","properties":{"highway":"motorway","int_ref":"E 25","lanes":"2","lit":"no","maxspeed":"100","oneway":"yes","ref":"A1","surface":"asphalt","toll":"yes","carriage_ref":"A"},"geometry":{"type":"LineString","coordinates":[[7.7958228,47.3104988],[7.7954839,47.3104283],[7.795157,47.3103542],[7.7945531,47.3102145],[7.7942364,47.3101413],[7.7939203,47.3100668],[7.7928292,47.3098038],[7.7922836,47.3096664],[7.7917401,47.3095271]]}},{"type":"Feature","properties":{"avz":"84","cs_dir:forward":"1","highway":"motorway","int_ref":"E 60","lanes":"2","layer":"-2","maxspeed":"100","name":"Rosenbergtunnel Süd","oneway":"yes","ref":"A1","ssvz":"924N","surface":"asphalt","toll":"yes","tunnel":"yes","tunnel:name":"Rosenberg","carriage_ref":"B"},"geometry":{"type":"LineString","coordinates":[[9.3664749,47.4307697],[9.367251,47.4308972],[9.3680344,47.4309849],[9.3682612,47.4309989],[9.3687034,47.4310261],[9.3693974,47.4310324],[9.3701063,47.4310161],[9.3709291,47.430982],[9.3722671,47.4309077],[9.3754443,47.4305713],[9.3766607,47.4305969],[9.3778807,47.4308462],[9.3814197,47.4318479],[9.3815043,47.4318718],[9.384036,47.432562]]}},{"type":"Feature","properties":{"highway":"motorway","int_ref":"E 41;E 60","lanes":"4","lit":"yes","maxspeed":"100","oneway":"yes","placement":"middle_of:2","ref":"A1;A4","source:maxspeed":"sign","surface":"asphalt","toll":"yes","turn:lanes":"none|none|none|merge_to_left","carriage_ref":"A"},"geometry":{"type":"LineString","coordinates":[[8.6256357,47.4148601],[8.625266,47.4146171],[8.6249128,47.4143903]]}},{"type":"Feature","properties":{"avz":"243","bridge":"yes","cs_dir:forward":"2","highway":"motorway","int_ref":"E 60","lanes":"3","layer":"1","maxspeed":"100","oneway":"yes","ref":"A1","ssvz":"767N","surface":"asphalt","toll":"yes","carriage_ref":"A"},"geometry":{"type":"LineString","coordinates":[[9.4172972,47.4421511],[9.4171473,47.4418942]]}},{"type":"Feature","properties":{"highway":"motorway","int_ref":"E 25;E 62","lanes":"2","maxspeed":"100","oneway":"yes","ref":"A1","source":"Orthophotos 2009 du SITG (Système d'Information du Territoire Genevois)","surface":"asphalt","toll":"yes","carriage_ref":"A"},"geometry":{"type":"LineString","coordinates":[[6.1243357,46.2422449],[6.1227918,46.2409911],[6.1220057,46.240335],[6.1211958,46.2396821]]}},{"type":"Feature","properties":{"highway":"motorway","lanes":"3","lit":"no","maxspeed":"120","oneway":"yes","ref":"A1","surface":"asphalt","toll":"yes","turn:lanes":"through|through|slight_right","carriage_ref":"B"},"geometry":{"type":"LineString","coordinates":[[8.2395021,47.4352025],[8.2396731,47.435632],[8.2397912,47.4359429],[8.2399231,47.4362708],[8.2401831,47.4368887],[8.2404581,47.4375312],[8.2406406,47.4379741]]}},{"type":"Feature","properties":{"highway":"motorway","int_ref":"E 60","lanes":"2","maxspeed":"120","oneway":"yes","ref":"A1","surface":"asphalt","toll":"yes","carriage_ref":"A"},"geometry":{"type":"LineString","coordinates":[[8.8106486,47.531027],[8.8082631,47.5313475],[8.8061204,47.5316335],[8.8038586,47.5319112],[8.8026667,47.5320383],[8.8015214,47.532142],[8.800543,47.5322117],[8.7998631,47.5322544],[8.7993905,47.5322771],[8.7984101,47.5323183]]}},{"type":"Feature","properties":{"avz":"56","cs_dir:forward":"2","highway":"motorway","int_ref":"E 25;E 27","lanes":"3","maxspeed":"100","oneway":"yes","ref":"A1;A6","ssvz":"944N","surface":"asphalt","toll":"yes","carriage_ref":"A"},"geometry":{"type":"LineString","coordinates":[[7.4967998,47.0102254],[7.4967816,47.0100576],[7.49676,47.0099029],[7.4967312,47.0097415],[7.4966968,47.0095795],[7.4966583,47.0094269],[7.4966125,47.0092666],[7.4965588,47.0090959],[7.4965011,47.0089316],[7.4964346,47.0087645],[7.496308,47.008469],[7.4961655,47.0081738],[7.4960103,47.0078886],[7.4959038,47.0077072],[7.4957933,47.0075262],[7.4955975,47.0072276],[7.49538,47.0069195],[7.4951826,47.0066541],[7.4949612,47.0063691],[7.4946565,47.0060005],[7.494343,47.005632],[7.4939713,47.0052124],[7.4935719,47.0047737],[7.4919853,47.0030427],[7.4911167,47.0020944],[7.4902298,47.001138],[7.4897648,47.0006531],[7.4892989,47.0001785],[7.4883538,46.9992569],[7.4879871,46.9989102],[7.4873567,46.998331]]}},{"type":"Feature","properties":{"highway":"motorway","int_ref":"E 41;E 60","lanes":"2","lit":"yes","maxspeed":"120","oneway":"yes","ref":"A1;A4","shoulder:right":"yes","source:maxspeed":"CH:motorway","surface":"asphalt","toll":"yes","carriage_ref":"A"},"geometry":{"type":"LineString","coordinates":[[8.7037264,47.4820979],[8.704063,47.4809934],[8.7041454,47.480717],[8.7042236,47.4804401],[8.7042651,47.4803033],[8.7043038,47.4801644],[8.7043776,47.4798859],[8.7044622,47.4795404],[8.7045354,47.4791929],[8.7045605,47.4789254]]}},{"type":"Feature","properties":{"highway":"motorway","int_ref":"E 41;E 60","lanes":"3","layer":"-1","maxspeed":"120","oneway":"yes","ref":"A1;A4","source:maxspeed":"CH:motorway","surface":"asphalt","toll":"yes","tunnel":"yes","carriage_ref":"B"},"geometry":{"type":"LineString","coordinates":[[8.6654991,47.4220638],[8.6659891,47.4220895],[8.6664974,47.4221297],[8.6670379,47.4221834]]}},{"type":"Feature","properties":{"highway":"motorway","int_ref":"E 60","lanes":"2","maxspeed":"120","oneway":"yes","ref":"A1","shoulder:right":"yes","source:maxspeed":"CH:motorway","surface":"asphalt","toll":"yes","carriage_ref":"A"},"geometry":{"type":"LineString","coordinates":[[9.6147839,47.4597713],[9.6135131,47.4602004],[9.6126326,47.46047],[9.6118945,47.4606686],[9.6112577,47.4608175],[9.6104618,47.460966],[9.6097407,47.4610698],[9.6091908,47.4611363]]}},{"type":"Feature","properties":{"bridge":"yes","highway":"motorway","int_ref":"E 60","lanes":"3","layer":"1","maxspeed":"120","oneway":"yes","ref":"A1","surface":"asphalt","toll":"yes","carriage_ref":"A"},"geometry":{"type":"LineString","coordinates":[[9.4239089,47.4513745],[9.4233015,47.4508616],[9.4230346,47.4506251]]}},{"type":"Feature","properties":{"bridge":"yes","highway":"motorway","int_ref":"E 23;E 25","lanes":"2","layer":"1","lit":"no","maxspeed":"120","oneway":"yes","ref":"A1;A9","surface":"asphalt","toll":"yes","carriage_ref":"B"},"geometry":{"type":"LineString","coordinates":[[6.5755076,46.7178282],[6.5743864,46.7188423],[6.5733298,46.7197712],[6.5722672,46.7207049]]}},{"type":"Feature","properties":{"highway":"motorway","int_ref":"E 60","lanes":"2","maxspeed":"120","oneway":"yes","ref":"A1","surface":"asphalt","toll":"yes","carriage_ref":"A"},"geometry":{"type":"LineString","coordinates":[[9.0035201,47.4714196],[9.0020728,47.4713967],[9.0001973,47.4713671]]}},{"type":"Feature","properties":{"highway":"motorway","int_ref":"E 25","lanes":"2","maxspeed":"120","name":"Viaduc du Bois de Rosset","oneway":"yes","ref":"A1","source:name":"Mapillary","surface":"asphalt","toll":"yes","carriage_ref":"B"},"geometry":{"type":"LineString","coordinates":[[7.0524171,46.8954726],[7.0526206,46.8955021],[7.0528243,46.8955288],[7.053243,46.8955811],[7.0536562,46.8956279]]}},{"type":"Feature","properties":{"destination":"Bern;Basel;Chur;Luzern;Zürich-Affoltern","highway":"motorway","int_ref":"E 41;E 60","lanes":"3","lit":"no","maxspeed":"120","oneway":"yes","ref":"A1;A4","source:maxspeed":"sign","surface":"asphalt","toll":"yes","carriage_ref":"A"},"geometry":{"type":"LineString","coordinates":[[8.5537028,47.4287254],[8.5529534,47.4291165],[8.5525875,47.4293066],[8.5521968,47.4294858],[8.5518016,47.4296731],[8.5514057,47.4298602],[8.5509847,47.4300467],[8.5506023,47.430216],[8.5502027,47.43038]]}},{"type":"Feature","properties":{"highway":"motorway","int_ref":"E 25","lanes":"3","lit":"no","maxspeed":"120","oneway":"yes","ref":"A1","surface":"asphalt","toll":"yes","turn:lanes":"none|none|slight_right","carriage_ref":"A"},"geometry":{"type":"LineString","coordinates":[[7.7070003,47.2612574],[7.7065639,47.2610097],[7.7058257,47.2605874]]}},{"type":"Feature","properties":{"bridge":"yes","highway":"motorway","lanes":"2","layer":"1","lit":"no","maxspeed":"120","oneway":"yes","ref":"A1","surface":"asphalt","toll":"yes","carriage_ref":"A"},"geometry":{"type":"LineString","coordinates":[[8.0431636,47.3405516],[8.0430092,47.340388]]}},{"type":"Feature","properties":{"avz":"286","cs_dir:forward":"1","destination:int_ref:lanes":"E 41;E 60|E 41;E 60|","destination:lanes":"Sankt Gallen;Schaffhausen;Winterthur|Sankt Gallen;Schaffhausen;Winterthur|Rapperswil;Uster;Brüttisellen","destination:ref:lanes":"A1;A4|A1;A4|A53","highway":"motorway","int_ref":"E 41;E 60","lanes":"3","lit":"yes","maxspeed":"100","oneway":"yes","ref":"A1;A4","source:maxspeed":"sign","surface":"asphalt","toll":"yes","turn:lanes":"||slight_right","carriage_ref":"B"},"geometry":{"type":"LineString","coordinates":[[8.5926068,47.4074112],[8.5937983,47.4073134],[8.5944375,47.4072702],[8.5947489,47.4072577],[8.595066,47.407246],[8.59569,47.4072341],[8.5967831,47.4072254],[8.5973725,47.4072324],[8.5983131,47.4072629],[8.5990857,47.4072921],[8.5999392,47.4073245],[8.6013536,47.407389],[8.6019319,47.4074194],[8.6024298,47.4074495],[8.6029602,47.4074832],[8.6035685,47.4075304],[8.6041871,47.4075844],[8.6047906,47.4076417],[8.6054129,47.4077007],[8.6058171,47.4077496],[8.6062152,47.4077978],[8.6070144,47.4079083],[8.6073655,47.4079605],[8.6077207,47.4080163],[8.6084344,47.4081402],[8.6089177,47.4082268],[8.6094015,47.4083174],[8.6099727,47.408431],[8.6102938,47.4084986],[8.6109218,47.4086354],[8.6115433,47.4087793],[8.6122246,47.4089506],[8.6129081,47.4091266],[8.613352,47.4092461],[8.6138933,47.409399],[8.6144312,47.4095577],[8.6153107,47.4098275],[8.6162914,47.4101527],[8.6168734,47.4103606],[8.61745,47.4105756],[8.6180293,47.410794],[8.6186215,47.4110312],[8.6191357,47.4112413],[8.6196415,47.4114544],[8.6199343,47.4115825],[8.6202185,47.411712],[8.6207865,47.4119698],[8.6213535,47.4122389],[8.6217718,47.4124461],[8.6223286,47.4127295],[8.6228573,47.4130095],[8.6232848,47.4132407],[8.6237031,47.4134724],[8.6244236,47.4138908],[8.6247686,47.4140988],[8.6251081,47.4143081],[8.6253629,47.414467]]}},{"type":"Feature","properties":{"bridge":"yes","highway":"motorway","int_ref":"E 25","lanes":"2","layer":"1","maxspeed":"120","oneway":"yes","ref":"A1","surface":"asphalt","toll":"yes","carriage_ref":"B"},"geometry":{"type":"LineString","coordinates":[[6.8450815,46.8272599],[6.8454565,46.8273764],[6.8458349,46.8274952],[6.8461539,46.827598],[6.8464767,46.8277059],[6.8467927,46.8278138],[6.8471187,46.8279268],[6.8474887,46.8280565],[6.8478571,46.8281897],[6.8485823,46.8284624],[6.8489898,46.8286229],[6.8494015,46.8287857],[6.8502208,46.8291169]]}},{"type":"Feature","properties":{"destination:lanes":"Wil;Zürich|Wil;Zürich|Oberbüren;Uzwil","highway":"motorway","int_ref":"E 60","lanes":"3","maxspeed":"120","oneway":"yes","ref":"A1","surface":"asphalt","toll":"yes","carriage_ref":"A"},"geometry":{"type":"LineString","coordinates":[[9.1582535,47.4459164],[9.1569726,47.4467341]]}},{"type":"Feature","properties":{"highway":"motorway","int_ref":"E 60","lanes":"3","maxspeed":"120","oneway":"yes","ref":"A1","surface":"asphalt","toll":"yes","turn:lanes":"none|none|merge_to_left","carriage_ref":"B"},"geometry":{"type":"LineString","coordinates":[[9.0969777,47.4608649],[9.0972481,47.4609102],[9.0981936,47.4610685]]}},{"type":"Feature","properties":{"highway":"motorway","int_ref":"E 60","lanes":"3","lit":"no","maxspeed":"100","oneway":"yes","ref":"A1;A3","signals":"maxspeed=signals","surface":"asphalt","toll":"yes","carriage_ref":"A"},"geometry":{"type":"LineString","coordinates":[[8.2667608,47.4532663],[8.2662686,47.4530498],[8.2657447,47.4528292]]}},{"type":"Feature","properties":{"avz":"182","cs_dir:forward":"1","highway":"motorway","int_ref":"E 25","lanes":"2","maxspeed":"120","oneway":"yes","ref":"A1","ssvz":"907","surface":"asphalt","toll":"yes","carriage_ref":"B"},"geometry":{"type":"LineString","coordinates":[[7.5739756,47.09638],[7.5741064,47.0969497],[7.5743848,47.0981639],[7.5748621,47.1002131],[7.5752696,47.1019518],[7.5757134,47.1036964]]}},{"type":"Feature","properties":{"highway":"motorway","int_ref":"E 60","lanes":"2","maxspeed":"120","oneway":"yes","ref":"A1","surface":"asphalt","toll":"yes","carriage_ref":"B"},"geometry":{"type":"LineString","coordinates":[[9.2417499,47.4252293],[9.2424023,47.4253506],[9.2435818,47.4255555],[9.2459423,47.4259788],[9.2470884,47.4261722],[9.2481749,47.4263221],[9.2490213,47.4264035],[9.2498742,47.4264573],[9.2508246,47.4264738],[9.251727,47.4264359],[9.2523564,47.4263868],[9.2529295,47.4263181],[9.2535584,47.426224],[9.2542373,47.4260884],[9.2548744,47.42594],[9.2555001,47.425763],[9.2560132,47.4255987],[9.2565775,47.4253931],[9.2572039,47.4251301],[9.2579264,47.4247859],[9.2584538,47.4244873],[9.2589009,47.4242186]]}},{"type":"Feature","properties":{"bridge":"yes","highway":"motorway","int_ref":"E 60","lanes":"2","layer":"1","maxspeed":"120","oneway":"yes","ref":"A1","surface":"asphalt","toll":"yes","carriage_ref":"A"},"geometry":{"type":"LineString","coordinates":[[8.7747308,47.5307789],[8.7741726,47.5306666]]}},{"type":"Feature","properties":{"highway":"motorway","int_ref":"E 25","lanes":"2","lit":"no","maxspeed":"120","oneway":"yes","ref":"A1","surface":"asphalt","toll":"yes","carriage_ref":"A"},"geometry":{"type":"LineString","coordinates":[[7.7109806,47.2642677],[7.7105156,47.2638399],[7.7101496,47.2635154],[7.7097499,47.2631838],[7.7094508,47.2629437],[7.7092237,47.2627668],[7.708992,47.2625909],[7.7086642,47.2623494],[7.7083333,47.26211],[7.7079988,47.261883],[7.7076582,47.2616576],[7.7073185,47.2614593],[7.7070003,47.2612574]]}},{"type":"Feature","properties":{"highway":"motorway","int_ref":"E 25;E 62","lanes":"2","maxspeed":"100","oneway":"yes","ref":"A1","source":"Orthophotos 2009 du SITG (Système d'Information du Territoire Genevois)","surface":"asphalt","toll":"yes","carriage_ref":"B"},"geometry":{"type":"LineString","coordinates":[[6.1182621,46.2370067],[6.1191637,46.237791],[6.1200514,46.2385477],[6.1207944,46.2391682]]}},{"type":"Feature","properties":{"highway":"motorway","int_ref":"E 25","lanes":"2","lit":"no","maxspeed":"120","oneway":"yes","ref":"A1","surface":"asphalt","toll":"yes","carriage_ref":"A"},"geometry":{"type":"LineString","coordinates":[[7.6822974,47.2559928],[7.6820062,47.2559408],[7.6817161,47.2558851],[7.6814432,47.2558308],[7.6811727,47.2557761],[7.6804828,47.2556224],[7.6798836,47.2554658],[7.6795772,47.2553805],[7.6792719,47.255293],[7.6789041,47.2551822],[7.6785257,47.255062],[7.6783026,47.2549875],[7.6780807,47.2549105],[7.6778647,47.2548347],[7.6776487,47.2547567],[7.6772181,47.2545931],[7.6770151,47.2545138],[7.6768148,47.2544321],[7.6766083,47.2543443],[7.6764006,47.2542545],[7.6761999,47.2541663],[7.6760024,47.2540768],[7.6758004,47.2539834],[7.6755995,47.2538879],[7.6754003,47.253791],[7.6752036,47.2536923],[7.674811,47.2534879],[7.6744216,47.2532821],[7.6740442,47.2530718],[7.6736678,47.2528596],[7.6729227,47.2524295],[7.6720545,47.2519284],[7.6714476,47.2515756],[7.6706847,47.2511485],[7.670312,47.2509461],[7.6699319,47.2507461],[7.6695372,47.2505517],[7.6691512,47.2503661],[7.6687703,47.2501931],[7.6683938,47.2500291],[7.6681181,47.2499147],[7.66771,47.2497527],[7.6672947,47.249597],[7.6668664,47.2494445],[7.6664372,47.2493003],[7.6659859,47.2491585],[7.6655422,47.2490298],[7.6652614,47.2489557],[7.6651671,47.248928],[7.6646867,47.2488011],[7.6639733,47.2486208],[7.6632552,47.2484485],[7.6618958,47.2481232],[7.661446,47.2480132],[7.6609859,47.2478957],[7.6605281,47.2477739],[7.6601957,47.2476817],[7.6598646,47.2475873],[7.6594244,47.2474546],[7.6589902,47.2473115],[7.6585425,47.2471578],[7.6581175,47.2470017],[7.6576943,47.2468435],[7.657266,47.2466691],[7.6568659,47.2464976],[7.6564629,47.2463139],[7.6560657,47.2461243],[7.655678,47.2459254],[7.6552951,47.2457227],[7.6549232,47.2455147],[7.6545571,47.2453011],[7.6541931,47.2450784],[7.6538378,47.2448521],[7.6534962,47.2446206],[7.6531597,47.2443842],[7.6528224,47.244136],[7.6524929,47.2438856],[7.65218,47.243641],[7.6518685,47.2433957],[7.6512693,47.2429223]]}},{"type":"Feature","properties":{"highway":"motorway","int_ref":"E 25;E 27","lanes":"3","lit":"no","maxspeed":"100","oneway":"yes","ref":"A1","surface":"asphalt","toll":"yes","carriage_ref":"B"},"geometry":{"type":"LineString","coordinates":[[7.4240859,46.9607533],[7.4248186,46.961321],[7.4251912,46.9616025],[7.425566,46.9618829]]}},{"type":"Feature","properties":{"avz":"602","cs_dir:forward":"2","highway":"motorway","int_ref":"E 60","lanes":"2","layer":"-1","maxspeed":"100","oneway":"yes","ref":"A1","surface":"asphalt","toll":"yes","carriage_ref":"A"},"geometry":{"type":"LineString","coordinates":[[9.3979408,47.4359536],[9.396899,47.4355988],[9.3963889,47.4354156],[9.3961299,47.4353193],[9.3958764,47.4352218]]}},{"type":"Feature","properties":{"destination":"Genève","highway":"motorway","int_ref":"E 25;E 62","lanes":"2","maxspeed":"120","oneway":"yes","ref":"A1","source":"Orthophotos 2009 du SITG (Système d'Information du Territoire Genevois)","toll":"yes","carriage_ref":"A"},"geometry":{"type":"LineString","coordinates":[[6.1670803,46.3440347],[6.1663232,46.3430496],[6.1656724,46.3422119],[6.1649055,46.3412956],[6.1640432,46.3403112]]}},{"type":"Feature","properties":{"destination:lanes":";;St. Gallen - St. Fiden;Trogen","highway":"motorway","int_ref":"E 60","lanes":"3","layer":"-1","maxspeed":"100","oneway":"yes","ref":"A1","surface":"asphalt","toll":"yes","carriage_ref":"A"},"geometry":{"type":"LineString","coordinates":[[9.3918587,47.4338568],[9.3912009,47.4337354],[9.39086,47.4336793]]}},{"type":"Feature","properties":{"highway":"motorway","lanes":"3","lit":"no","maxspeed":"120","oneway":"yes","ref":"A1","surface":"asphalt","toll":"yes","turn:lanes":"through|through|slight_right","carriage_ref":"B"},"geometry":{"type":"LineString","coordinates":[[8.1758014,47.3953722],[8.1766947,47.3954347]]}},{"type":"Feature","properties":{"destination":"Payerne","highway":"motorway","int_ref":"E 25","lanes":"2","maxspeed":"120","oneway":"yes","ref":"A1","surface":"asphalt","toll":"yes","carriage_ref":"A"},"geometry":{"type":"LineString","coordinates":[[7.0292891,46.8838461],[7.0286546,46.8835576],[7.0282597,46.8833825],[7.0278717,46.8832115],[7.0272908,46.8829617],[7.0268279,46.8827831],[7.0263016,46.8825555],[7.0257324,46.8823301]]}},{"type":"Feature","properties":{"bridge":"yes","destination":"St. Gallen;Flughafen;Nordring Zürich","highway":"motorway","int_ref":"E 60","lanes":"2","layer":"1","lit":"yes","maxspeed":"80","oneway":"yes","ref":"A1","surface":"asphalt","toll":"yes","carriage_ref":"B"},"geometry":{"type":"LineString","coordinates":[[8.4297258,47.4112019],[8.4298172,47.4112279],[8.4299889,47.4112816],[8.4301688,47.4113461],[8.4302728,47.411392]]}},{"type":"Feature","properties":{"highway":"motorway","int_ref":"E 25","lanes":"2","maxspeed":"120","oneway":"yes","ref":"A1","surface":"asphalt","toll":"yes","carriage_ref":"B"},"geometry":{"type":"LineString","coordinates":[[7.5692135,47.0753472],[7.5695999,47.0759112],[7.5700038,47.0764931],[7.5705061,47.0772137],[7.5707994,47.0776437],[7.5713942,47.0784974],[7.5718912,47.0792239],[7.5721318,47.0795882],[7.572366,47.0799518],[7.5725512,47.0802507],[7.572725,47.0805425],[7.572904,47.0808523],[7.5730628,47.0811566],[7.5731952,47.0814171],[7.5733317,47.0816849],[7.5734397,47.0819151],[7.5735365,47.082145],[7.5736468,47.0824226],[7.5737433,47.0826982]]}},{"type":"Feature","properties":{"destination":"Coppet","highway":"motorway","int_ref":"E 25;E 62","lanes":"2","maxspeed":"120","oneway":"yes","ref":"A1","toll":"yes","carriage_ref":"A"},"geometry":{"type":"LineString","coordinates":[[6.2127535,46.3990497],[6.2123545,46.3986103],[6.2116171,46.3977885],[6.2106456,46.3966663]]}},{"type":"Feature","properties":{"highway":"motorway","int_ref":"E 25","lanes":"3","lit":"no","maxspeed":"120","oneway":"yes","ref":"A1","surface":"asphalt","toll":"yes","carriage_ref":"A"},"geometry":{"type":"LineString","coordinates":[[7.3359643,46.9493507],[7.3355056,46.9494205],[7.3350427,46.9494885],[7.3341191,46.9496231],[7.3336547,46.9496926],[7.3331953,46.9497673],[7.3327474,46.9498455],[7.3322845,46.9499319],[7.33183,46.9500295],[7.3314026,46.9501322],[7.3309477,46.9502512],[7.3305249,46.950377],[7.3301008,46.9505106],[7.3296729,46.9506603],[7.32927,46.95082],[7.3288476,46.9509947],[7.3286838,46.9510697]]}},{"type":"Feature","properties":{"highway":"motorway","int_ref":"E 25;E 62","lanes":"4","maxspeed":"100","oneway":"yes","ref":"A1","toll":"yes","carriage_ref":"A"},"geometry":{"type":"LineString","coordinates":[[6.1033451,46.2268415],[6.1031837,46.2267029],[6.1030514,46.2265759],[6.1029301,46.226452],[6.1028093,46.2263214],[6.1026942,46.2261856],[6.1025776,46.2260385],[6.1024749,46.225893],[6.102368,46.2257304],[6.102269,46.2255654],[6.1021676,46.225369],[6.1020639,46.2251495],[6.1019345,46.2248308],[6.1018353,46.2245503]]}},{"type":"Feature","properties":{"highway":"motorway","int_ref":"E 60","lanes":"2","maxspeed":"120","oneway":"yes","ref":"A1","surface":"asphalt","toll":"yes","carriage_ref":"A"},"geometry":{"type":"LineString","coordinates":[[9.15193,47.4498805],[9.1516003,47.4500619],[9.1514832,47.4501264],[9.1512718,47.4502428],[9.1506629,47.4505472],[9.1500837,47.4508024],[9.149747,47.4509436],[9.1492307,47.4511447],[9.148648,47.451348],[9.1480263,47.4515571]]}},{"type":"Feature","properties":{"change:lanes":"not_left|not_right|no","highway":"motorway","int_ref":"E 60","lanes":"3","maxspeed":"120","oneway":"yes","placement":"right_of:1","ref":"A1","shoulder:right":"yes","source:maxspeed":"CH:motorway","surface":"asphalt","toll":"yes","carriage_ref":"A"},"geometry":{"type":"LineString","coordinates":[[9.4730633,47.4665792],[9.4727844,47.4665436]]}},{"type":"Feature","properties":{"destination:lanes":"Chur;St. Margrethen;Rheineck|Chur;St. Margrethen;Rheineck;Kreuzlingen;Arbon;Rorschach|Kreuzlingen;Arbon;Rorschach","destination:ref:lanes":"E 60;1|E 60;1;11|11","destination:symbol:lanes":"||hospital","highway":"motorway","int_ref":"E 60","lanes":"3","maxspeed":"120","oneway":"yes","ref":"A1","surface":"asphalt","toll":"yes","carriage_ref":"B"},"geometry":{"type":"LineString","coordinates":[[9.4389763,47.4642721],[9.4393932,47.4648556],[9.4400194,47.4656805],[9.4404061,47.466131]]}},{"type":"Feature","properties":{"bridge":"yes","destination:lanes":"Uzwil;Zürich|Uzwil;Zürich|Gossau;Andwil","highway":"motorway","int_ref":"E 60","lanes":"3","layer":"1","maxspeed":"120","oneway":"yes","ref":"A1","surface":"asphalt","toll":"yes","carriage_ref":"A"},"geometry":{"type":"LineString","coordinates":[[9.2417059,47.4253305],[9.2405001,47.425121]]}},{"type":"Feature","properties":{"bridge":"yes","highway":"motorway","int_ref":"E 25;E 62","lanes":"2","layer":"1","maxspeed":"signals","oneway":"yes","ref":"A1","source":"Orthophotos 2009 du SITG (Système d'Information du Territoire Genevois)","toll":"yes","carriage_ref":"A"},"geometry":{"type":"LineString","coordinates":[[6.1554579,46.3309711],[6.1554057,46.3309151]]}},{"type":"Feature","properties":{"bridge":"yes","highway":"motorway","int_ref":"E 60","lanes":"2","layer":"1","maxspeed":"120","oneway":"yes","ref":"A1","surface":"asphalt","toll":"yes","carriage_ref":"B"},"geometry":{"type":"LineString","coordinates":[[8.8107615,47.5309125],[8.8110818,47.5308702]]}},{"type":"Feature","properties":{"bridge":"yes","carriage_ref":"A","highway":"motorway","int_ref":"E 25;E 62","lanes":"2","layer":"1","lit":"yes","maxspeed":"100","oneway":"yes","ref":"A1","source":"Orthophotos du SITG (Système d'Information du Territoire Genevois)","toll":"yes"},"geometry":{"type":"LineString","coordinates":[[6.0920527,46.1712947],[6.0922406,46.1711276]]}},{"type":"Feature","properties":{"avz":"290","cs_dir:forward":"1","highway":"motorway","int_ref":"E 35","lanes":"4","lit":"no","maxspeed":"100","oneway":"yes","ref":"A1;A2","surface":"asphalt","toll":"yes","turn:lanes":"through|through|through|merge_to_left","carriage_ref":"B"},"geometry":{"type":"LineString","coordinates":[[7.8992357,47.3111401],[7.8994968,47.3110618],[7.8999228,47.3109213],[7.9003352,47.310783],[7.9006521,47.3106713],[7.9008378,47.3106033]]}},{"type":"Feature","properties":{"highway":"motorway","int_ref":"E 25","lanes":"3","lit":"no","maxspeed":"120","oneway":"yes","ref":"A1","surface":"asphalt","toll":"yes","turn:lanes":"||merge_to_left","carriage_ref":"A"},"geometry":{"type":"LineString","coordinates":[[7.7223683,47.2821729],[7.7221499,47.281985],[7.7219361,47.2817955],[7.721703,47.2815795],[7.7214747,47.2813627],[7.7212494,47.2811442],[7.7210313,47.2809231]]}},{"type":"Feature","properties":{"bicycle":"no","foot":"no","highway":"motorway","lanes":"2","lit":"no","maxspeed":"120","oneway":"yes","ref":"A1","surface":"asphalt","toll":"yes","carriage_ref":"B"},"geometry":{"type":"LineString","coordinates":[[8.1274802,47.3911093],[8.1291175,47.3913257],[8.1296107,47.3913764],[8.1300743,47.3914155],[8.1305207,47.3914465],[8.1309847,47.3914739],[8.1314489,47.3914938],[8.1319381,47.3915115],[8.1324256,47.3915216],[8.1328848,47.3915234],[8.1333811,47.3915187],[8.1338666,47.3915067],[8.1342672,47.391494],[8.1346669,47.3914753],[8.1353585,47.3914312],[8.1360513,47.3913796],[8.1364804,47.3913435],[8.13709,47.3912858],[8.1380918,47.3911883],[8.1391587,47.391081]]}},{"type":"Feature","properties":{"avz":"149","cs_dir:forward":"2","highway":"motorway","int_ref":"E 23;E 25","lanes":"2","lit":"no","maxspeed":"120","oneway":"yes","ref":"A1;A9","ssvz":"822N","toll":"yes","carriage_ref":"A"},"geometry":{"type":"LineString","coordinates":[[6.5570538,46.5715922],[6.5574294,46.5698742]]}},{"type":"Feature","properties":{"highway":"motorway","int_ref":"E 41;E 60","lanes":"3","layer":"-1","lit":"no","maxspeed":"80","oneway":"yes","ref":"A1;A4","source:maxspeed":"CH:motorway","surface":"asphalt","toll":"yes","tunnel":"yes","tunnel:name":"Katzensee","carriage_ref":"A"},"geometry":{"type":"LineString","coordinates":[[8.5057953,47.4283207],[8.5048447,47.4280796],[8.504397,47.4279746],[8.5039587,47.4278752],[8.5035027,47.4277738],[8.5030635,47.4276797],[8.5026056,47.4275862],[8.5021589,47.4275013],[8.5016987,47.4274223],[8.5012474,47.4273474],[8.5008598,47.4272839],[8.5004985,47.4272272],[8.5000216,47.4271558],[8.4995444,47.4270869],[8.4990567,47.4270187],[8.4985735,47.4269552],[8.4983504,47.4269312]]}},{"type":"Feature","properties":{"bridge":"yes","highway":"motorway","lanes":"2","layer":"1","lit":"no","maxspeed":"120","oneway":"yes","ref":"A1","surface":"asphalt","toll":"yes","carriage_ref":"B"},"geometry":{"type":"LineString","coordinates":[[8.0462756,47.3435833],[8.0464703,47.3437682]]}},{"type":"Feature","properties":{"avz":"56","cs_dir:forward":"1","highway":"motorway","int_ref":"E 25;E 27","lanes":"3","maxspeed":"100","oneway":"yes","ref":"A1;A6","ssvz":"944N","surface":"asphalt","toll":"yes","carriage_ref":"B"},"geometry":{"type":"LineString","coordinates":[[7.4875107,46.9982531],[7.4881416,46.9988341],[7.4885142,46.999183],[7.4894597,47.0001052],[7.4899268,47.0005821],[7.4903962,47.001074],[7.4912823,47.0020281],[7.4921531,47.0029781],[7.4934181,47.0043596]]}},{"type":"Feature","properties":{"bridge":"yes","highway":"motorway","lanes":"2","layer":"1","lit":"no","maxspeed":"120","oneway":"yes","ref":"A1","surface":"asphalt","toll":"yes","carriage_ref":"B"},"geometry":{"type":"LineString","coordinates":[[8.0360456,47.333267],[8.0362487,47.3334308]]}},{"type":"Feature","properties":{"destination:lanes":"Effretikon|Effretikon|Winterthur-Töss","highway":"motorway","int_ref":"E 41;E 60","lanes":"3","lit":"yes","maxspeed":"100","oneway":"yes","overtaking:hgv":"no","placement":"right_of:1","ref":"A1;A4","shoulder:right":"yes","source:maxspeed":"sign","surface":"asphalt","toll":"yes","turn:lanes":"||slight_right","carriage_ref":"A"},"geometry":{"type":"LineString","coordinates":[[8.7019512,47.490559],[8.7019813,47.490354],[8.7019962,47.4901842]]}},{"type":"Feature","properties":{"highway":"motorway","int_ref":"E 25","lanes":"3","maxspeed":"120","oneway":"yes","ref":"A1","surface":"asphalt","toll":"yes","turn:lanes":"through|through|slight_right","carriage_ref":"B"},"geometry":{"type":"LineString","coordinates":[[7.6004844,47.2095652],[7.600598,47.2101638]]}},{"type":"Feature","properties":{"highway":"motorway","lanes":"3","lit":"no","maxspeed":"120","oneway":"yes","ref":"A1","surface":"asphalt","toll":"yes","turn:lanes":"through|through|slight_right","carriage_ref":"B"},"geometry":{"type":"LineString","coordinates":[[8.2132121,47.4071886],[8.2136399,47.4074467],[8.2141731,47.4077731],[8.214856,47.4081986],[8.2152133,47.408428],[8.2155497,47.4086545],[8.2158882,47.4088867],[8.216552,47.4093676],[8.2171924,47.4098738],[8.2175705,47.4101865]]}},{"type":"Feature","properties":{"highway":"motorway","int_ref":"E 41;E 60","lanes":"3","maxspeed":"120","oneway":"yes","ref":"A1;A4","shoulder:right":"yes","source:maxspeed":"CH:motorway","surface":"asphalt","toll":"yes","carriage_ref":"A"},"geometry":{"type":"LineString","coordinates":[[8.7039708,47.4534804],[8.7037119,47.453265],[8.7034383,47.4530666],[8.703167,47.4528684],[8.702899,47.4526673],[8.7026148,47.4524496],[8.7023366,47.4522301],[8.7021454,47.4520764],[8.7019559,47.4519197],[8.7015792,47.451604],[8.7013318,47.4513951],[8.7010894,47.451184],[8.7009134,47.4510284],[8.7007369,47.4508706],[8.700396,47.4505594]]}},{"type":"Feature","properties":{"highway":"motorway","int_ref":"E 25","oneway":"yes","ref":"A1","surface":"asphalt","toll":"yes","carriage_ref":"A"},"geometry":{"type":"LineString","coordinates":[[6.7629238,46.7906629],[6.7626637,46.7906095]]}},{"type":"Feature","properties":{"highway":"motorway","int_ref":"E 25","lanes":"3","lit":"no","maxspeed":"120","oneway":"yes","ref":"A1","surface":"asphalt","toll":"yes","carriage_ref":"A"},"geometry":{"type":"LineString","coordinates":[[7.3368818,46.9491919],[7.3364245,46.9492738],[7.3359643,46.9493507]]}},{"type":"Feature","properties":{"highway":"motorway","int_ref":"E 60","lanes":"2","maxspeed":"120","oneway":"yes","ref":"A1","shoulder:right":"yes","source:maxspeed":"CH:motorway","surface":"asphalt","toll":"yes","carriage_ref":"A"},"geometry":{"type":"LineString","coordinates":[[9.4712904,47.4663369],[9.4705478,47.4662382],[9.4693717,47.466086],[9.4686384,47.4660027],[9.4678688,47.4659287],[9.4674236,47.4658939],[9.4669499,47.4658681],[9.4665056,47.4658547],[9.4659367,47.4658505],[9.4654646,47.4658639],[9.4648469,47.4659009],[9.4642386,47.4659502],[9.4637613,47.4660022],[9.4633037,47.4660647],[9.4625959,47.4661876],[9.4619703,47.4663181],[9.4614391,47.4664442],[9.4608553,47.4666046],[9.4603725,47.4667583],[9.4599759,47.4668925],[9.4596206,47.4670266],[9.4590729,47.4672543],[9.4588279,47.4673614],[9.4580092,47.4677176],[9.4572225,47.4681084],[9.4567697,47.4683396]]}},{"type":"Feature","properties":{"destination":"Zürich;Basel;Kirchberg","destination:int_ref":"E 25","destination:ref":"1","highway":"motorway","int_ref":"E 25","lanes":"3","layer":"1","maxspeed":"100","oneway":"yes","ref":"A1","surface":"asphalt","toll":"yes","turn:lanes":"none|none|merge_to_left","carriage_ref":"B"},"geometry":{"type":"LineString","coordinates":[[7.4965824,47.0130223],[7.4965588,47.0131627]]}},{"type":"Feature","properties":{"highway":"motorway","int_ref":"E 25;E 62","lanes":"2","maxspeed":"120","oneway":"yes","ref":"A1","source":"Orthophotos 2009 du SITG (Système d'Information du Territoire Genevois)","toll":"yes","carriage_ref":"A"},"geometry":{"type":"LineString","coordinates":[[6.1371853,46.2700489],[6.1347015,46.2663791]]}},{"type":"Feature","properties":{"destination":"Zürich","highway":"motorway","lanes":"2","lit":"yes","maxspeed":"100","name":"Baregg","oneway":"yes","ref":"A1;A3","surface":"asphalt","toll":"yes","carriage_ref":"B"},"geometry":{"type":"LineString","coordinates":[[8.2883638,47.4585047],[8.2889931,47.4585637]]}},{"type":"Feature","properties":{"highway":"motorway","int_ref":"E 23;E 25","lanes":"2","lit":"no","maxspeed":"120","oneway":"yes","ref":"A1;A9","surface":"asphalt","toll":"yes","carriage_ref":"A"},"geometry":{"type":"LineString","coordinates":[[6.5720751,46.6560479],[6.5719858,46.6557411],[6.5717924,46.6552204],[6.5715377,46.6546425],[6.5712564,46.6540918],[6.5710103,46.6536529],[6.5707545,46.6532362],[6.5705072,46.652859],[6.5701177,46.6522927],[6.5693774,46.6512342],[6.5689668,46.6506953],[6.568376,46.6500303]]}},{"type":"Feature","properties":{"highway":"motorway","int_ref":"E 25;E 62","lanes":"2","maxspeed":"120","oneway":"yes","ref":"A1","toll":"yes","carriage_ref":"B"},"geometry":{"type":"LineString","coordinates":[[6.4894806,46.5087573],[6.4898468,46.5090093],[6.4920503,46.5105615]]}},{"type":"Feature","properties":{"highway":"motorway","int_ref":"E 35","lanes":"3","lit":"no","maxspeed":"120","oneway":"yes","ref":"A1;A2","surface":"asphalt","toll":"yes","carriage_ref":"B"},"geometry":{"type":"LineString","coordinates":[[7.8856323,47.3131515],[7.8862268,47.3131474]]}},{"type":"Feature","properties":{"highway":"motorway","int_ref":"E 25;E 62","lanes":"2","maxspeed":"120","oneway":"yes","ref":"A1","toll":"yes","carriage_ref":"A"},"geometry":{"type":"LineString","coordinates":[[6.31037,46.4517434],[6.3079446,46.4504249],[6.3059563,46.4494279],[6.3034972,46.4482609],[6.3023529,46.447779],[6.30023,46.4468694],[6.2981414,46.4460257],[6.2948041,46.4447449]]}},{"type":"Feature","properties":{"highway":"motorway","lanes":"2","lit":"no","maxspeed":"120","oneway":"yes","ref":"A1","surface":"asphalt","toll":"yes","carriage_ref":"B"},"geometry":{"type":"LineString","coordinates":[[8.0464703,47.3437682],[8.0473205,47.3446057]]}},{"type":"Feature","properties":{"destination":"Chavornay","highway":"motorway","int_ref":"E 23;E 25","lanes":"2","lit":"no","maxspeed":"120","oneway":"yes","ref":"A1;A9","surface":"asphalt","toll":"yes","carriage_ref":"B"},"geometry":{"type":"LineString","coordinates":[[6.5631434,46.6415092],[6.563504,46.6423102],[6.5638212,46.6430137],[6.5647897,46.6447466],[6.5653048,46.6455945],[6.5660137,46.6466507],[6.5665224,46.6473988],[6.5671225,46.6482048],[6.5681974,46.6495981],[6.5690692,46.6506733],[6.5695093,46.6512363],[6.5702319,46.6522397],[6.5706121,46.6527874],[6.5709088,46.6532413],[6.571129,46.6536097],[6.5713827,46.6540352],[6.5716723,46.6545977],[6.5719302,46.6551753],[6.5721131,46.6556723],[6.5722406,46.6560348]]}},{"type":"Feature","properties":{"highway":"motorway","int_ref":"E 23;E 25","lanes":"2","lit":"no","maxspeed":"120","oneway":"yes","ref":"A1;A9","surface":"asphalt","toll":"yes","carriage_ref":"B"},"geometry":{"type":"LineString","coordinates":[[6.5790882,46.7066513],[6.5792367,46.7072571],[6.5793505,46.7078058],[6.5793913,46.7081062],[6.5794309,46.7084066],[6.5794574,46.7090837],[6.579471,46.7094839],[6.5794416,46.710098],[6.5793934,46.7106015],[6.579354,46.7109355],[6.579293,46.7112824],[6.5791657,46.7118288],[6.5789905,46.7124633],[6.5787763,46.7130573],[6.5785246,46.7136649],[6.5783804,46.7139619],[6.5782118,46.7142895],[6.5779688,46.7147243],[6.5776814,46.7152037],[6.5774421,46.7155679],[6.5772431,46.7158392],[6.5767897,46.7164166],[6.5764192,46.7168713],[6.5763012,46.716999],[6.5759247,46.7174067],[6.5755076,46.7178282]]}},{"type":"Feature","properties":{"bridge":"yes","highway":"motorway","int_ref":"E 60","lanes":"2","layer":"1","maxspeed":"120","oneway":"yes","ref":"A1","surface":"asphalt","toll":"yes","carriage_ref":"B"},"geometry":{"type":"LineString","coordinates":[[8.7784916,47.5311953],[8.779199,47.5312518]]}},{"type":"Feature","properties":{"highway":"motorway","int_ref":"E 25;E 62","lanes":"2","maxspeed":"100","oneway":"yes","ref":"A1","surface":"asphalt","toll":"yes","carriage_ref":"B"},"geometry":{"type":"LineString","coordinates":[[6.1015761,46.2226634],[6.1017086,46.2232571],[6.1019069,46.223986]]}},{"type":"Feature","properties":{"destination":"Lausanne","highway":"motorway","int_ref":"E 25;E 62","lanes":"2","maxspeed":"120","oneway":"yes","ref":"A1","toll":"yes","carriage_ref":"B"},"geometry":{"type":"LineString","coordinates":[[6.4822237,46.5041957],[6.4836149,46.5049966],[6.4857812,46.506311]]}},{"type":"Feature","properties":{"highway":"motorway","int_ref":"E 25;E 62","lanes":"2","maxspeed":"120","oneway":"yes","ref":"A1","toll":"yes","carriage_ref":"A"},"geometry":{"type":"LineString","coordinates":[[6.4730758,46.4997889],[6.4713945,46.4990764],[6.4700544,46.4985297]]}},{"type":"Feature","properties":{"avz":"43","cs_dir:forward":"1","highway":"motorway","int_ref":"E 25;E 62","lanes":"2","maxspeed":"signals","maxspeed:variable":"peak_traffic","oneway":"yes","ref":"A1","ssvz":"5N","toll":"yes","carriage_ref":"B"},"geometry":{"type":"LineString","coordinates":[[6.5393357,46.5289255],[6.5403423,46.529261],[6.5413762,46.5296545],[6.5423668,46.5300748],[6.5433946,46.5305591]]}},{"type":"Feature","properties":{"highway":"motorway","int_ref":"E 25","oneway":"yes","ref":"A1","surface":"asphalt","toll":"yes","carriage_ref":"B"},"geometry":{"type":"LineString","coordinates":[[6.7627421,46.7903792],[6.7630064,46.7904191]]}},{"type":"Feature","properties":{"bridge":"yes","highway":"motorway","int_ref":"E 25;E 62","lanes":"2","layer":"1","maxspeed":"120","oneway":"yes","ref":"A1","toll":"yes","carriage_ref":"B"},"geometry":{"type":"LineString","coordinates":[[6.2024116,46.3817284],[6.2025785,46.3822114]]}},{"type":"Feature","properties":{"highway":"motorway","int_ref":"E 23;E 25","lanes":"2","lit":"no","maxspeed":"120","oneway":"yes","ref":"A1;A9","surface":"asphalt","toll":"yes","carriage_ref":"B"},"geometry":{"type":"LineString","coordinates":[[6.5725973,46.6607441],[6.5725154,46.661185],[6.5723148,46.661986],[6.572122,46.6626375]]}},{"type":"Feature","properties":{"highway":"motorway","int_ref":"E 41;E 60","lanes":"4","lit":"no","maxspeed":"100","oneway":"yes","overtaking:hgv":"no","ref":"A1;A4","source:maxspeed":"CH:motorway","surface":"asphalt","toll":"yes","carriage_ref":"B"},"geometry":{"type":"LineString","coordinates":[[8.5076599,47.4286545],[8.5084288,47.4288857],[8.508892,47.4290305],[8.5093618,47.4291816],[8.5101548,47.429456],[8.5113995,47.4298916],[8.5124449,47.4302465],[8.5135236,47.4306066],[8.5142082,47.4308295],[8.5149585,47.4310757],[8.5154369,47.4312387],[8.5158768,47.431379],[8.5162761,47.4315071],[8.5167212,47.431641],[8.517155,47.4317629]]}},{"type":"Feature","properties":{"avz":"23","cs_dir:forward":"2","highway":"motorway","int_ref":"E 25","lanes":"2","maxspeed":"120","oneway":"yes","ref":"A1","ssvz":"13N","surface":"asphalt","toll":"yes","carriage_ref":"A"},"geometry":{"type":"LineString","coordinates":[[7.5287058,47.0384893],[7.528667,47.0375946],[7.5286399,47.037189],[7.528608,47.0367836],[7.5285698,47.0363535],[7.5285234,47.0359244],[7.5284925,47.0356608],[7.5284489,47.0353382],[7.5283975,47.0350182],[7.5283567,47.0347776],[7.52831,47.0345385],[7.5282558,47.0342904],[7.5281978,47.0340434],[7.5281179,47.033735],[7.528033,47.0334372],[7.5278763,47.032958],[7.5277865,47.0327222],[7.5276999,47.0324946],[7.5275988,47.0322602],[7.5274957,47.0320218],[7.5273837,47.031797],[7.527133,47.0313474],[7.5270009,47.0311258],[7.5268181,47.0308304],[7.526604,47.0305354],[7.5262697,47.0301027],[7.5261539,47.0299686],[7.5259199,47.0297053],[7.5256536,47.0294247],[7.5253749,47.0291561],[7.5250996,47.0288999],[7.5248569,47.0286964],[7.5245047,47.0284106],[7.5240408,47.0280708],[7.5238537,47.0279455],[7.5235747,47.027761],[7.5233241,47.0275958],[7.522987,47.0274006],[7.522632,47.0272022],[7.522171,47.0269718],[7.5219278,47.0268536],[7.5216926,47.0267434],[7.5214001,47.026613],[7.5210902,47.0264827],[7.5208142,47.0263773],[7.520479,47.0262478],[7.5198991,47.0260359],[7.5193997,47.0258587],[7.5187766,47.0256562],[7.5181526,47.0254642],[7.5167422,47.0250308],[7.5153385,47.0245891],[7.514977,47.0244715],[7.5146147,47.0243532],[7.5142542,47.0242342],[7.5138959,47.0241175],[7.5099183,47.022785],[7.5059353,47.0214558]]}},{"type":"Feature","properties":{"bridge":"yes","highway":"motorway","int_ref":"E 25","lanes":"2","layer":"1","maxspeed":"120","oneway":"yes","ref":"A1","surface":"asphalt","toll":"yes","carriage_ref":"B"},"geometry":{"type":"LineString","coordinates":[[6.9911465,46.8754364],[6.9914715,46.8755144],[6.9925849,46.8757606],[6.993055,46.8758575],[6.9937168,46.8759968],[6.994172,46.8760885],[6.9946289,46.8761757],[6.9955471,46.8763394],[6.9964761,46.8765029],[6.9973348,46.8766432]]}},{"type":"Feature","properties":{"highway":"motorway","int_ref":"E 60","lanes":"4","lit":"no","maxspeed":"100","oneway":"yes","ref":"A1;A3","surface":"asphalt","toll":"yes","turn:lanes":"none|none|none|merge_to_left","carriage_ref":"A"},"geometry":{"type":"LineString","coordinates":[[8.4124499,47.4188869],[8.4120729,47.4190334],[8.4115731,47.419214],[8.4111258,47.4193718]]}},{"type":"Feature","properties":{"highway":"motorway","int_ref":"E 60","lanes":"2","maxspeed":"120","oneway":"yes","ref":"A1","surface":"asphalt","toll":"yes","carriage_ref":"A"},"geometry":{"type":"LineString","coordinates":[[8.9469285,47.4943959],[8.9464285,47.4948458],[8.9459306,47.4953157],[8.9453479,47.4958828],[8.9448258,47.4964401],[8.9443359,47.4969885]]}},{"type":"Feature","properties":{"bridge":"yes","destination:lanes":"||Rheineck;Thal;Polizei","highway":"motorway","int_ref":"E 60","lanes":"3","layer":"1","maxspeed":"120","oneway":"yes","placement":"right_of:1","ref":"A1","surface":"asphalt","toll":"yes","turn:lanes":"||slight_right","carriage_ref":"B"},"geometry":{"type":"LineString","coordinates":[[9.5710416,47.4792651],[9.5713934,47.479396]]}},{"type":"Feature","properties":{"highway":"motorway","int_ref":"E 25;E 27","lanes":"3","maxspeed":"100","oneway":"yes","ref":"A1;A6","surface":"asphalt","toll":"yes","carriage_ref":"B"},"geometry":{"type":"LineString","coordinates":[[7.4718221,46.9881446],[7.4720766,46.9882591],[7.4723509,46.9883734],[7.4725906,46.988468],[7.472828,46.9885564],[7.4730239,46.9886272],[7.4732179,46.988696],[7.473439,46.988773],[7.4736625,46.988846]]}},{"type":"Feature","properties":{"bridge":"yes","highway":"motorway","lanes":"2","layer":"1","lit":"no","maxspeed":"120","oneway":"yes","ref":"A1","surface":"asphalt","toll":"yes","carriage_ref":"A"},"geometry":{"type":"LineString","coordinates":[[8.1747159,47.3954132],[8.1743386,47.3953952]]}},{"type":"Feature","properties":{"bridge":"yes","highway":"motorway","int_ref":"E 25;E 62","lanes":"2","layer":"1","maxspeed":"120","oneway":"yes","ref":"A1","toll":"yes","carriage_ref":"A"},"geometry":{"type":"LineString","coordinates":[[6.2012591,46.3788187],[6.2010166,46.3780241],[6.2007343,46.3772457]]}},{"type":"Feature","properties":{"highway":"motorway","int_ref":"E 25","lanes":"3","lit":"no","maxspeed":"100","oneway":"yes","ref":"A1","surface":"asphalt","toll":"yes","carriage_ref":"B"},"geometry":{"type":"LineString","coordinates":[[7.6502819,47.2419518],[7.6513861,47.2428321],[7.6519985,47.2433342],[7.6523004,47.2435734],[7.6526057,47.2438113],[7.6529332,47.2440595],[7.6532662,47.2443048],[7.653599,47.2445385],[7.6539373,47.244767],[7.6542874,47.2449922],[7.6546528,47.2452087],[7.6550198,47.2454221],[7.6553912,47.2456305],[7.6557737,47.2458326],[7.6561587,47.2460303],[7.6565504,47.2462189],[7.656949,47.2464],[7.6573514,47.2465718],[7.6577707,47.2467451],[7.6581916,47.2469035],[7.6586178,47.2470579],[7.6590587,47.2472095],[7.6594947,47.2473541],[7.6599379,47.247486],[7.6602632,47.2475812],[7.6605901,47.2476701]]}},{"type":"Feature","properties":{"bridge":"yes","highway":"motorway","lanes":"2","layer":"1","lit":"no","maxspeed":"120","oneway":"yes","ref":"A1","surface":"asphalt","toll":"yes","carriage_ref":"A"},"geometry":{"type":"LineString","coordinates":[[8.061439,47.3555808],[8.0610691,47.3553387]]}},{"type":"Feature","properties":{"highway":"motorway","int_ref":"E 60","lanes":"2","maxspeed":"120","oneway":"yes","ref":"A1","surface":"asphalt","toll":"yes","carriage_ref":"B"},"geometry":{"type":"LineString","coordinates":[[9.0985233,47.4611222],[9.0994184,47.4612793],[9.1005612,47.4614622],[9.1020056,47.4616671],[9.1027457,47.4617579],[9.1036888,47.4618502],[9.1046924,47.4619272],[9.1055346,47.4619716],[9.1063312,47.4619926],[9.1070617,47.461987],[9.1077735,47.4619717],[9.1085004,47.4619289],[9.1092438,47.4618776],[9.1099186,47.4618046]]}},{"type":"Feature","properties":{"highway":"motorway","int_ref":"E 60","lanes":"2","maxspeed":"100","oneway":"yes","ref":"A1","surface":"asphalt","toll":"yes","carriage_ref":"B"},"geometry":{"type":"LineString","coordinates":[[9.4130018,47.439009],[9.413246,47.4390653]]}},{"type":"Feature","properties":{"avz":"114","cs_dir:forward":"1","highway":"motorway","int_ref":"E 41;E 60","lanes":"3","maxspeed":"120","oneway":"yes","ref":"A1;A4","source:maxspeed":"CH:motorway","ssvz":"751N","surface":"asphalt","toll":"yes","carriage_ref":"B"},"geometry":{"type":"LineString","coordinates":[[8.6367124,47.4215929],[8.63712,47.4217457],[8.6375265,47.421896],[8.6380995,47.422094],[8.6383903,47.4221885],[8.638677,47.4222782],[8.63893,47.4223556],[8.6391731,47.4224286],[8.6394054,47.4224945],[8.6396502,47.4225616],[8.6401192,47.4226853],[8.6405972,47.4228053],[8.6408728,47.4228699],[8.6411487,47.4229321],[8.6414213,47.4229924],[8.6416961,47.4230487],[8.6422017,47.4231476],[8.6426963,47.423237],[8.6431892,47.4233178],[8.6434329,47.4233553],[8.6436749,47.4233912],[8.644178,47.4234571],[8.6446806,47.4235192],[8.6449952,47.423552],[8.6453137,47.4235828],[8.6458546,47.4236289],[8.6461302,47.4236484],[8.6464076,47.4236667],[8.6469329,47.4236951],[8.6471791,47.4237065],[8.647424,47.4237149],[8.6476725,47.423722],[8.6479212,47.4237269],[8.6482525,47.4237306],[8.6485867,47.4237317],[8.6490041,47.4237282],[8.6494326,47.4237198],[8.6496942,47.4237115],[8.6499536,47.4236991],[8.6504444,47.4236754],[8.6509601,47.4236424],[8.6512011,47.4236242],[8.6514408,47.4236044],[8.6519547,47.4235578],[8.6522147,47.4235331],[8.6524727,47.4235062]]}},{"type":"Feature","properties":{"avz":"285","cs_dir:forward":"2","highway":"motorway","int_ref":"E 25;E 27","lanes":"3","lit":"no","maxspeed":"100","oneway":"yes","ref":"A1","surface":"asphalt","toll":"yes","carriage_ref":"A"},"geometry":{"type":"LineString","coordinates":[[7.426308,46.9626224],[7.4259615,46.9623713],[7.4254313,46.9619747],[7.4250597,46.961694],[7.4246892,46.9614133],[7.4239586,46.9608477],[7.4233504,46.9603748],[7.42275,46.9598973],[7.4215498,46.9589405],[7.4204827,46.9580861],[7.418993,46.956913]]}},{"type":"Feature","properties":{"highway":"motorway","int_ref":"E 25","lanes":"2","maxspeed":"120","oneway":"yes","ref":"A1","surface":"asphalt","toll":"yes","carriage_ref":"B"},"geometry":{"type":"LineString","coordinates":[[6.8902125,46.8253307],[6.8909137,46.8252678],[6.8912595,46.8252435],[6.8916145,46.8252212],[6.8920783,46.8251955],[6.8925444,46.8251741],[6.8930192,46.8251594],[6.8934884,46.8251488],[6.8939579,46.8251457],[6.8944259,46.8251462],[6.8949014,46.8251516],[6.8953669,46.825163],[6.8958347,46.8251766],[6.8960895,46.8251863],[6.8963427,46.8251996],[6.8967814,46.8252224],[6.8972494,46.8252526],[6.8977091,46.8252898],[6.8981665,46.8253297],[6.8986306,46.8253761],[6.8990958,46.8254282],[6.8995555,46.8254859],[6.9000136,46.8255474],[6.9004723,46.8256115],[6.9009304,46.8256849],[6.9013811,46.8257621],[6.9018392,46.8258465],[6.9022948,46.8259332],[6.9027486,46.826027],[6.9032093,46.8261279],[6.9033228,46.8261542],[6.9036839,46.826238],[6.9041377,46.8263504],[6.9044472,46.8264349],[6.9047813,46.8265305]]}},{"type":"Feature","properties":{"highway":"motorway","int_ref":"E 60","lanes":"4","lit":"no","maxspeed":"100","oneway":"yes","ref":"A1;A3","surface":"asphalt","toll":"yes","carriage_ref":"A"},"geometry":{"type":"LineString","coordinates":[[8.4192347,47.4157604],[8.4181138,47.4163155],[8.417116,47.4168043],[8.4161339,47.4172692],[8.4150442,47.417763]]}},{"type":"Feature","properties":{"bicycle":"no","foot":"no","highway":"motorway","horse":"no","int_ref":"E 25","lanes":"2","lit":"no","maxspeed":"120","oneway":"yes","ref":"A1","sidewalk":"no","surface":"asphalt","toll":"yes","carriage_ref":"A"},"geometry":{"type":"LineString","coordinates":[[6.6378017,46.758669],[6.6370938,46.7582435],[6.6363361,46.7578048],[6.6358853,46.7575516],[6.6354312,46.7573008],[6.6349612,46.7570483],[6.6344873,46.7567981],[6.6341839,46.7566417]]}},{"type":"Feature","properties":{"avz":"249","cs_dir:forward":"1","highway":"motorway","int_ref":"E 25;E 62","lanes":"2","maxspeed":"signals","oneway":"yes","ref":"A1","source":"Orthophotos 2009 du SITG (Système d'Information du Territoire Genevois)","ssvz":"1127N","toll":"yes","carriage_ref":"B"},"geometry":{"type":"LineString","coordinates":[[6.1456721,46.3169491],[6.1459397,46.3175393]]}},{"type":"Feature","properties":{"destination":"Bern;Chur;Luzern;Flughafen;Nordring-Zürich","destination:symbol":"airport","highway":"motorway","int_ref":"E 41;E 60","lanes":"2","lit":"yes","maxspeed":"signals","oneway":"yes","placement":"transition","ref":"A1;A4","source:maxspeed":"signals","surface":"asphalt","toll":"yes","carriage_ref":"A"},"geometry":{"type":"LineString","coordinates":[[8.5784648,47.4108462],[8.5780646,47.4109701]]}},{"type":"Feature","properties":{"highway":"motorway","int_ref":"E 25;E 62","lanes":"2","lit":"yes","maxspeed":"100","oneway":"yes","ref":"A1","surface":"asphalt","toll":"yes","carriage_ref":"A"},"geometry":{"type":"LineString","coordinates":[[6.0964276,46.216061],[6.0961581,46.2159671],[6.095697,46.2158129]]}},{"type":"Feature","properties":{"highway":"motorway","int_ref":"E 25","lanes":"2","maxspeed":"100","oneway":"yes","ref":"A1","surface":"asphalt","toll":"yes","carriage_ref":"A"},"geometry":{"type":"LineString","coordinates":[[6.8616959,46.8327641],[6.8612213,46.8327231],[6.8607611,46.8326745],[6.8604296,46.8326322],[6.8600851,46.8325859],[6.8597019,46.8325279]]}},{"type":"Feature","properties":{"highway":"motorway","int_ref":"E 23;E 25","lanes":"2","lit":"no","maxspeed":"120","oneway":"yes","ref":"A1;A9","surface":"asphalt","toll":"yes","carriage_ref":"B"},"geometry":{"type":"LineString","coordinates":[[6.5748256,46.697338],[6.5750513,46.6979529],[6.5751998,46.6983322],[6.5757723,46.6995996]]}},{"type":"Feature","properties":{"bridge":"yes","highway":"motorway","int_ref":"E 25","lanes":"2","layer":"1","maxspeed":"120","oneway":"yes","ref":"A1","surface":"asphalt","toll":"yes","carriage_ref":"B"},"geometry":{"type":"LineString","coordinates":[[7.5288602,47.038629],[7.5288838,47.038989]]}},{"type":"Feature","properties":{"highway":"motorway","int_ref":"E 25","lanes":"2","lit":"no","maxspeed":"100","oneway":"yes","ref":"A1","surface":"asphalt","toll":"yes","carriage_ref":"B"},"geometry":{"type":"LineString","coordinates":[[7.6328507,47.2347274],[7.6333151,47.2350307]]}},{"type":"Feature","properties":{"highway":"motorway","int_ref":"E 60","lanes":"3","maxspeed":"100","oneway":"yes","ref":"A1","surface":"asphalt","toll":"yes","carriage_ref":"B"},"geometry":{"type":"LineString","coordinates":[[9.3497921,47.4244239],[9.3512088,47.4247743],[9.3519418,47.424953],[9.3526803,47.4251329],[9.3531401,47.4252437]]}},{"type":"Feature","properties":{"avz":"69","cs_dir:forward":"2","destination":"France;Genève-La Praille;Aéroport;Gd-Saconnex;Palexpo","highway":"motorway","int_ref":"E 25;E 62","lanes":"2","maxspeed":"80","oneway":"yes","ref":"A1","ssvz":"998N","toll":"yes","carriage_ref":"A"},"geometry":{"type":"LineString","coordinates":[[6.1387506,46.2535486],[6.1388799,46.253379],[6.1389913,46.2531958],[6.1390937,46.2529867],[6.1391751,46.2527713]]}},{"type":"Feature","properties":{"highway":"motorway","int_ref":"E 25;E 62","lanes":"2","maxspeed":"120","oneway":"yes","ref":"A1","toll":"yes","carriage_ref":"A"},"geometry":{"type":"LineString","coordinates":[[6.4987444,46.514806],[6.497918,46.5144698],[6.4971028,46.5140831],[6.4963217,46.513651],[6.4955013,46.5131418]]}},{"type":"Feature","properties":{"highway":"motorway","lanes":"2","lit":"no","maxspeed":"100","oneway":"yes","ref":"A1","surface":"asphalt","toll":"yes","carriage_ref":"B"},"geometry":{"type":"LineString","coordinates":[[7.9204613,47.3044041],[7.9208233,47.304419],[7.9213099,47.3044507],[7.9217676,47.304492],[7.9222382,47.3045415]]}},{"type":"Feature","properties":{"highway":"motorway","int_ref":"E 41;E 60","lanes":"3","lit":"no","maxspeed":"120","oneway":"yes","overtaking:hgv":"no","ref":"A1;A4","source:maxspeed":"CH:motorway","surface":"asphalt","toll":"yes","carriage_ref":"A"},"geometry":{"type":"LineString","coordinates":[[8.5297469,47.4339057],[8.5292832,47.4338846],[8.5288153,47.433861],[8.5283431,47.4338333],[8.5278737,47.4338035],[8.5273959,47.433767],[8.5269229,47.4337265],[8.5264684,47.433684],[8.5259886,47.4336355],[8.525506,47.4335862],[8.5250432,47.433531],[8.524576,47.4334715],[8.5241032,47.4334059],[8.5236392,47.4333395],[8.523176,47.433267],[8.5227185,47.433187],[8.5224908,47.4331456],[8.5220364,47.4330623],[8.52158,47.4329751],[8.5211211,47.4328823],[8.5206631,47.432785],[8.5202052,47.4326842],[8.5197661,47.4325825],[8.5193154,47.4324729],[8.5188931,47.4323811],[8.5184318,47.4322486],[8.5179937,47.4321311],[8.5175515,47.4320078],[8.5171122,47.4318816],[8.516667,47.4317502],[8.5162095,47.4316185],[8.515817,47.4314875],[8.5153898,47.4313511],[8.5148918,47.4312046],[8.5141357,47.4309443],[8.5134634,47.4307177],[8.5131647,47.4306133]]}},{"type":"Feature","properties":{"avz":"329","cs_dir:forward":"1","highway":"motorway","int_ref":"E 25","lanes":"2","maxspeed":"120","oneway":"yes","ref":"A1","surface":"asphalt","toll":"yes","carriage_ref":"B"},"geometry":{"type":"LineString","coordinates":[[7.1477961,46.9394558],[7.1484139,46.9398149],[7.1489536,46.9401257],[7.1495051,46.9404366],[7.1499425,46.9406794]]}},{"type":"Feature","properties":{"highway":"motorway","int_ref":"E 23;E 25","lanes":"2","maxspeed":"100","oneway":"yes","ref":"A1;A9","toll":"yes","carriage_ref":"B"},"geometry":{"type":"LineString","coordinates":[[6.5583157,46.5669064],[6.5580645,46.5678765]]}},{"type":"Feature","properties":{"highway":"motorway","int_ref":"E 23;E 25","lanes":"2","lit":"no","maxspeed":"120","oneway":"yes","ref":"A1;A9","surface":"asphalt","toll":"yes","carriage_ref":"A"},"geometry":{"type":"LineString","coordinates":[[6.5535213,46.598567],[6.5535615,46.5970512],[6.5536343,46.5958604],[6.5537632,46.5938494],[6.5538828,46.592333],[6.5542584,46.5884821],[6.5547436,46.5845589]]}},{"type":"Feature","properties":{"highway":"motorway","int_ref":"E 25;E 62","lanes":"2","lit":"yes","maxspeed":"100","oneway":"yes","ref":"A1","toll":"yes","carriage_ref":"B"},"geometry":{"type":"LineString","coordinates":[[6.0782873,46.1956177],[6.0783161,46.1960419],[6.0783239,46.1964383],[6.0783174,46.1968624]]}},{"type":"Feature","properties":{"highway":"motorway","int_ref":"E 25","lanes":"3","lit":"no","maxspeed":"120","oneway":"yes","ref":"A1","surface":"asphalt","toll":"yes","carriage_ref":"A"},"geometry":{"type":"LineString","coordinates":[[7.3240723,46.9540543],[7.3236413,46.9543454],[7.3234352,46.9544884],[7.3232126,46.9546324],[7.3228669,46.9548429],[7.3226148,46.9549852]]}},{"type":"Feature","properties":{"bridge":"yes","highway":"motorway","int_ref":"E 25","lanes":"2","layer":"1","lit":"no","maxspeed":"100","oneway":"yes","ref":"A1","surface":"asphalt","toll":"yes","carriage_ref":"B"},"geometry":{"type":"LineString","coordinates":[[7.3888829,46.9541558],[7.389035,46.9541915],[7.3891943,46.9542247]]}},{"type":"Feature","properties":{"highway":"motorway","int_ref":"E 25","lanes":"2","lit":"no","maxspeed":"120","oneway":"yes","ref":"A1","surface":"asphalt","toll":"yes","carriage_ref":"A"},"geometry":{"type":"LineString","coordinates":[[7.2418938,46.9636274],[7.2412599,46.9637025],[7.2406076,46.9637715],[7.2399113,46.9638367],[7.2392076,46.963896],[7.2387386,46.9639301],[7.2382665,46.9639602],[7.2377921,46.9639861],[7.2373151,46.9640092],[7.2367509,46.9640301],[7.2361873,46.9640468],[7.2356224,46.9640591],[7.2350488,46.9640624],[7.2343368,46.9640595],[7.2333967,46.9640463],[7.2328056,46.9640274],[7.2322119,46.9640027],[7.2318571,46.9639912],[7.2314535,46.9639663],[7.230972,46.9639364],[7.2304915,46.9638999],[7.2300158,46.9638658],[7.2294781,46.9638176],[7.2291012,46.9637813],[7.2286047,46.9637256],[7.2281231,46.9636745],[7.2276924,46.9636207],[7.2272841,46.9635697],[7.2267217,46.9634946],[7.2260594,46.9633979],[7.2255656,46.9633258],[7.2249136,46.9632217],[7.2244297,46.963145],[7.2238471,46.9630491],[7.2232979,46.9629602],[7.2228089,46.9628724],[7.2221667,46.9627579],[7.2216853,46.9626689],[7.2203146,46.9624125],[7.2187228,46.9621074],[7.2172649,46.9618347],[7.2157476,46.9615596],[7.2146077,46.9613636],[7.2141435,46.9612871],[7.2138728,46.9612429],[7.2129944,46.9611051],[7.2125285,46.9610329],[7.2120619,46.9609626],[7.2111317,46.9608246],[7.210196,46.9606985],[7.2095073,46.9606117],[7.2085865,46.9604991],[7.2081198,46.9604462],[7.2074401,46.9603757],[7.2067373,46.9603012],[7.2060192,46.9602251],[7.205552,46.9601776],[7.205084,46.9601328],[7.2041574,46.9600535],[7.203684,46.9600136],[7.2032108,46.959977],[7.202718,46.9599431],[7.2022372,46.9599134],[7.2017551,46.9598972],[7.2012838,46.9598881],[7.2009943,46.9598852],[7.2007063,46.959885],[7.2002283,46.9598936],[7.1999735,46.959902],[7.1995444,46.9599214],[7.1990747,46.959951],[7.1986017,46.9599862],[7.1981415,46.9600327],[7.1975487,46.9600969],[7.1971922,46.9601411],[7.1967354,46.96021],[7.1964472,46.9602596],[7.1960563,46.9603358],[7.1956235,46.9604318],[7.1951769,46.9605333],[7.19473,46.9606374]]}},{"type":"Feature","properties":{"highway":"motorway","lanes":"2","lit":"no","maxspeed":"120","oneway":"yes","ref":"A1","surface":"asphalt","toll":"yes","carriage_ref":"B"},"geometry":{"type":"LineString","coordinates":[[8.2314737,47.4238741],[8.2318527,47.4241168]]}},{"type":"Feature","properties":{"destination:lanes":"Zürich: Wettingen Ost|Zürich: Wettingen Ost|Zürich: Wettingen Ost;Neuenhof","destination:ref":"A1;A3","highway":"motorway","int_ref":"E 60","lanes":"3","lit":"no","maxspeed":"100","oneway":"yes","ref":"A1;A3","signals":"maxspeed=signals","surface":"asphalt","toll":"yes","carriage_ref":"B"},"geometry":{"type":"LineString","coordinates":[[8.271363,47.4553496],[8.2717441,47.4555326],[8.2721437,47.4557085],[8.2725481,47.4558805],[8.2729343,47.4560624],[8.2733462,47.4562311],[8.2737466,47.4563837],[8.2741225,47.4565197],[8.27421,47.4565514]]}},{"type":"Feature","properties":{"destination:lanes":"Zürich;Schaffhausen|Zürich;Schaffhausen|Winterthur;Ohringen;Zentrum;Polizei","highway":"motorway","int_ref":"E 60","lanes":"3","maxspeed":"120","oneway":"yes","ref":"A1","surface":"asphalt","toll":"yes","turn:lanes":"none|none|slight_right","carriage_ref":"A"},"geometry":{"type":"LineString","coordinates":[[8.72241,47.5243176],[8.7217566,47.5240716],[8.7210395,47.5238188],[8.7206099,47.523679]]}},{"type":"Feature","properties":{"highway":"motorway","int_ref":"E 35","lanes":"4","lit":"no","maxspeed":"120","oneway":"yes","ref":"A1;A2","surface":"asphalt","toll":"yes","turn:lanes":"through|through|through|slight_right","carriage_ref":"B"},"geometry":{"type":"LineString","coordinates":[[7.8417788,47.3096575],[7.8425375,47.3097751],[7.8429199,47.3098406],[7.8434963,47.3099516],[7.8440027,47.3100529]]}},{"type":"Feature","properties":{"destination":"Bern-Forsthaus","highway":"motorway","int_ref":"E 25","lanes":"2","lit":"no","maxspeed":"120","oneway":"yes","ref":"A1","surface":"asphalt","toll":"yes","carriage_ref":"B"},"geometry":{"type":"LineString","coordinates":[[7.3653369,46.9442765],[7.3656917,46.9442448],[7.3661207,46.9442235],[7.3665436,46.9442031],[7.3670177,46.9441877],[7.3674907,46.9441803],[7.3679615,46.9441795],[7.3683252,46.9441834],[7.3686974,46.9441934]]}},{"type":"Feature","properties":{"highway":"motorway","int_ref":"E 25","lanes":"2","lit":"no","maxspeed":"120","oneway":"yes","ref":"A1","surface":"asphalt","toll":"yes","carriage_ref":"A"},"geometry":{"type":"LineString","coordinates":[[7.6495496,47.2415841],[7.6490184,47.2411787],[7.6487247,47.2409723],[7.6484261,47.2407686]]}},{"type":"Feature","properties":{"highway":"motorway","int_ref":"E 25;E 62","lanes":"2","maxspeed":"100","oneway":"yes","ref":"A1","source":"Orthophotos 2009 du SITG (Système d'Information du Territoire Genevois)","surface":"asphalt","toll":"yes","carriage_ref":"A"},"geometry":{"type":"LineString","coordinates":[[6.1211958,46.2396821],[6.1208317,46.2393865],[6.11988,46.2385956]]}},{"type":"Feature","properties":{"highway":"motorway","int_ref":"E 60","lanes":"2","maxspeed":"120","oneway":"yes","ref":"A1","surface":"asphalt","toll":"yes","carriage_ref":"B"},"geometry":{"type":"LineString","coordinates":[[9.1137848,47.4610913],[9.1142273,47.460973],[9.1148973,47.4607801],[9.1155572,47.4605648],[9.1161831,47.4603471],[9.1168593,47.4600844],[9.117769,47.459691],[9.1184295,47.4593767],[9.1191675,47.4589957],[9.1196394,47.4587314],[9.1202424,47.4583937],[9.1213675,47.4577578],[9.1221437,47.457356],[9.1228444,47.4570356]]}},{"type":"Feature","properties":{"bridge":"yes","highway":"motorway","int_ref":"E 41;E 60","lanes":"2","layer":"1","lit":"yes","maxspeed":"signals","oneway":"yes","ref":"A1;A4","shoulder:right":"yes","source:maxspeed":"signals","surface":"asphalt","toll":"yes","carriage_ref":"A"},"geometry":{"type":"LineString","coordinates":[[8.5725889,47.4238132],[8.5724781,47.4238631],[8.5722882,47.4239418],[8.5721202,47.4240031],[8.5719357,47.4240624]]}},{"type":"Feature","properties":{"highway":"motorway","int_ref":"E 25;E 62","lanes":"2","maxspeed":"120","oneway":"yes","ref":"A1","toll":"yes","carriage_ref":"A"},"geometry":{"type":"LineString","coordinates":[[6.2147129,46.4010521],[6.2142992,46.4006433]]}},{"type":"Feature","properties":{"bridge":"yes","highway":"motorway","int_ref":"E 25","lanes":"2","layer":"1","maxspeed":"120","oneway":"yes","ref":"A1","surface":"asphalt","toll":"yes","carriage_ref":"B"},"geometry":{"type":"LineString","coordinates":[[7.1414114,46.9353231],[7.1419295,46.9356885],[7.1424349,46.9360393],[7.1429397,46.9363859],[7.1434482,46.93673],[7.1438887,46.9370196],[7.1447625,46.9375862],[7.1455601,46.9380933],[7.146385,46.9386084],[7.1467384,46.9388234],[7.1471066,46.9390455],[7.1477961,46.9394558]]}},{"type":"Feature","properties":{"highway":"motorway","int_ref":"E 25","lanes":"2","maxspeed":"100","maxspeed:variable":"peak_traffic","oneway":"yes","ref":"A1","surface":"asphalt","toll":"yes","turn:lanes":"none|none|merge_to_left","carriage_ref":"A"},"geometry":{"type":"LineString","coordinates":[[7.570461,47.0773865],[7.5703715,47.0772558],[7.5694701,47.0759595]]}},{"type":"Feature","properties":{"bridge":"yes","highway":"motorway","int_ref":"E 25","lanes":"2","layer":"1","lit":"no","maxspeed":"120","oneway":"yes","ref":"A1","surface":"asphalt","toll":"yes","carriage_ref":"A"},"geometry":{"type":"LineString","coordinates":[[7.6828178,47.2560779],[7.6822974,47.2559928]]}},{"type":"Feature","properties":{"destination":"Zürich;St.Gallen-St.Fiden;Zentrum","destination:int_ref":"E 60","destination:ref":"A 1","highway":"motorway","int_ref":"E 60","lanes":"2","maxspeed":"100","oneway":"yes","ref":"A1","surface":"asphalt","toll":"yes","carriage_ref":"A"},"geometry":{"type":"LineString","coordinates":[[9.4171473,47.4418942],[9.4170153,47.4416805],[9.4169058,47.4415182],[9.4167796,47.4413453],[9.4167485,47.441305],[9.416658,47.4411879],[9.4165035,47.4410098],[9.4163066,47.4408065],[9.416127,47.4406333],[9.4159556,47.4404857],[9.4156693,47.4402719],[9.4153257,47.4400471],[9.4150232,47.4398732],[9.4147384,47.4397263],[9.4145019,47.4396139],[9.4142985,47.4395264],[9.4140037,47.4394106],[9.4135851,47.4392716],[9.413186,47.4391619],[9.4127552,47.4390671],[9.4121712,47.4389705]]}},{"type":"Feature","properties":{"bridge":"yes","highway":"motorway","int_ref":"E 25","lanes":"2","layer":"1","maxspeed":"120","name":"Pont sur la Menthue","oneway":"yes","ref":"A1","source:name":"Mapillary","surface":"asphalt","toll":"yes","carriage_ref":"A"},"geometry":{"type":"LineString","coordinates":[[6.7279652,46.7781409],[6.7276695,46.7779439],[6.7273736,46.7777526],[6.7270692,46.7775712],[6.7267586,46.7774026],[6.7264238,46.7772364],[6.7260605,46.7770722],[6.7256633,46.7769094],[6.7252178,46.7767392],[6.7247515,46.7765737],[6.7242604,46.7764109],[6.7237735,46.7762625],[6.7235402,46.7761936],[6.7231817,46.7760944],[6.7227081,46.7759692],[6.7215277,46.7756642]]}},{"type":"Feature","properties":{"highway":"motorway","int_ref":"E 60","lanes":"3","maxspeed":"120","oneway":"yes","placement":"right_of:1","ref":"A1","surface":"asphalt","toll":"yes","turn:lanes":"none|none|merge_to_left","carriage_ref":"B"},"geometry":{"type":"LineString","coordinates":[[9.4474899,47.4699511],[9.4479131,47.4700097],[9.4483178,47.4700504],[9.4487183,47.4700836],[9.4491631,47.4701022],[9.4496681,47.4701138]]}},{"type":"Feature","properties":{"highway":"motorway","int_ref":"E 25;E 62","lanes":"2","maxspeed":"120","oneway":"yes","ref":"A1","toll":"yes","carriage_ref":"B"},"geometry":{"type":"LineString","coordinates":[[6.3446808,46.468391],[6.3477259,46.4692635],[6.3560712,46.4716229],[6.3588321,46.4723423],[6.361003,46.4728402]]}},{"type":"Feature","properties":{"bicycle":"no","destination":"Genève;Lausanne;Besançon;Vallorbe","foot":"no","highway":"motorway","horse":"no","int_ref":"E 25","lanes":"2","lit":"no","maxspeed":"100","oneway":"yes","ref":"A1","sidewalk":"no","surface":"asphalt","toll":"yes","carriage_ref":"A"},"geometry":{"type":"LineString","coordinates":[[6.6415848,46.7611261],[6.6413802,46.7610008],[6.6411796,46.7608738],[6.6410138,46.760764],[6.6406724,46.7605431],[6.6404496,46.760392],[6.6399991,46.7600866],[6.6393123,46.7596361],[6.6389435,46.7593919],[6.6385603,46.7591401],[6.6381821,46.7589027],[6.6378017,46.758669]]}},{"type":"Feature","properties":{"highway":"motorway","int_ref":"E 25;E 62","lanes":"2","maxspeed":"120","oneway":"yes","ref":"A1","toll":"yes","carriage_ref":"A"},"geometry":{"type":"LineString","coordinates":[[6.2877974,46.4418368],[6.2852478,46.4406871],[6.2826383,46.4394445],[6.2801393,46.4382023],[6.2773871,46.43674],[6.2754534,46.4356743],[6.273567,46.434581],[6.2628737,46.4281641]]}},{"type":"Feature","properties":{"highway":"motorway","int_ref":"E 60","lanes":"2","maxspeed":"120","oneway":"yes","ref":"A1","surface":"asphalt","toll":"yes","carriage_ref":"B"},"geometry":{"type":"LineString","coordinates":[[8.9060961,47.5144313],[8.9070828,47.5142028],[8.90845,47.5139098],[8.9114752,47.5133422],[8.9146337,47.5127631],[8.9184456,47.512016],[8.920518,47.5115557],[8.9224434,47.5110933],[8.923862,47.5107077],[8.9250247,47.5103761],[8.9260954,47.510043],[8.9270484,47.5097193],[8.928133,47.5093367],[8.9294928,47.5087942],[8.9307957,47.5082174]]}},{"type":"Feature","properties":{"highway":"motorway","int_ref":"E 60","lanes":"2","maxspeed":"120","oneway":"yes","ref":"A1","surface":"asphalt","toll":"yes","carriage_ref":"B"},"geometry":{"type":"LineString","coordinates":[[9.4496681,47.4701138],[9.4499332,47.4701143],[9.4503407,47.4701009]]}},{"type":"Feature","properties":{"avz":"234","bicycle":"no","cs_dir:forward":"2","foot":"no","highway":"motorway","horse":"no","int_ref":"E 25","lanes":"2","layer":"-1","maxspeed":"100","name":"Tunnel de Pomy","oneway":"yes","ref":"A1","sidewalk":"no","ssvz":"1101N","surface":"asphalt","toll":"yes","tunnel":"yes","tunnel:name":"Pomy","carriage_ref":"A"},"geometry":{"type":"LineString","coordinates":[[6.6836658,46.7592752],[6.6826458,46.7587844],[6.6813937,46.7582977],[6.6803467,46.7579126],[6.6788203,46.7574982],[6.6775853,46.757213],[6.6767213,46.7570239],[6.6758697,46.7568855],[6.6732641,46.7564924],[6.6706987,46.7563066],[6.6685773,46.7562541],[6.6665174,46.7562355],[6.6651583,46.7563249],[6.6637187,46.756516],[6.6616258,46.7568929],[6.6606321,46.757157],[6.6580701,46.7578684],[6.6556066,46.758715],[6.6538223,46.7594371],[6.6524715,46.760047],[6.6502355,46.7611125],[6.649235,46.7615436],[6.6482751,46.7618889]]}},{"type":"Feature","properties":{"highway":"motorway","int_ref":"E 25;E 62","lanes":"2","maxspeed":"signals","oneway":"yes","ref":"A1","toll":"yes","carriage_ref":"A"},"geometry":{"type":"LineString","coordinates":[[6.14585,46.2962409],[6.1459564,46.2955508],[6.1460464,46.2947484],[6.1460718,46.2944779],[6.1461206,46.2938163],[6.1461372,46.2934848],[6.146151,46.2929938],[6.1461528,46.2921892],[6.1461307,46.2915102],[6.1460868,46.2908419],[6.146052,46.2904473],[6.1460102,46.2899935]]}},{"type":"Feature","properties":{"highway":"motorway","int_ref":"E 41;E 60","lanes":"2","lit":"yes","maxspeed":"100","oneway":"yes","ref":"A1;A4","source:maxspeed":"sign","surface":"asphalt","toll":"yes","carriage_ref":"B"},"geometry":{"type":"LineString","coordinates":[[8.5758972,47.4113159],[8.5761675,47.4111602],[8.5764557,47.4110212],[8.5766798,47.4109349],[8.5768905,47.4108597],[8.5771063,47.4107856],[8.5773228,47.4107285],[8.5775426,47.4106655],[8.5778121,47.4106018],[8.578119,47.4105294],[8.580499,47.4099946],[8.5811938,47.4098263]]}},{"type":"Feature","properties":{"highway":"motorway","int_ref":"E 60","lanes":"2","maxspeed":"100","oneway":"yes","ref":"A1","surface":"asphalt","toll":"yes","carriage_ref":"B"},"geometry":{"type":"LineString","coordinates":[[8.7111397,47.5242603],[8.7125614,47.5237549],[8.713041,47.5235908],[8.7135098,47.5234516],[8.7139601,47.5233397],[8.7144949,47.5232302]]}},{"type":"Feature","properties":{"carriage_ref":"A","destination":"France","highway":"motorway","int_ref":"E 25;E 62","lanes":"2","lit":"no","maxspeed":"signals","oneway":"yes","ref":"A1","source":"Orthophotos du SITG (Système d'Information du Territoire Genevois)","toll":"yes"},"geometry":{"type":"LineString","coordinates":[[6.0960995,46.1676664],[6.0969736,46.1669384],[6.0987033,46.1653894]]}},{"type":"Feature","properties":{"highway":"motorway","int_ref":"E 25;E 62","lanes":"2","lit":"no","maxspeed":"100","oneway":"yes","ref":"A1","toll":"yes","carriage_ref":"B"},"geometry":{"type":"LineString","coordinates":[[6.0797605,46.1894234],[6.0794806,46.1899032],[6.0792188,46.1904094],[6.0790673,46.1907383],[6.078936,46.1910534],[6.0787523,46.1915696],[6.0786619,46.1918581],[6.0785856,46.1921312],[6.0785052,46.192461],[6.0784425,46.1927729],[6.0783764,46.193206],[6.0783597,46.1933156],[6.0783108,46.1938819],[6.0782862,46.1945245],[6.0782912,46.1949585],[6.0782873,46.1956177]]}},{"type":"Feature","properties":{"highway":"motorway","int_ref":"E 25;E 62","lanes":"2","maxspeed":"120","oneway":"yes","ref":"A1","toll":"yes","carriage_ref":"A"},"geometry":{"type":"LineString","coordinates":[[6.2140739,46.4004217],[6.2137626,46.4001084],[6.2127535,46.3990497]]}},{"type":"Feature","properties":{"destination:lanes":"Lausanne;Yverdon;Neuchâtel|Lausanne;Yverdon;Neuchâtel;Vevey;Fribourg|Vevey;Fribourg;Bern-Neufeld","highway":"motorway","int_ref":"E 25;E 27","lanes":"3","lit":"no","maxspeed":"80","oneway":"yes","ref":"A1","surface":"asphalt","toll":"yes","carriage_ref":"A"},"geometry":{"type":"LineString","coordinates":[[7.4401806,46.9671388],[7.4399224,46.9670807],[7.439727,46.9670398],[7.4395314,46.9670009],[7.4392894,46.9669528],[7.439046,46.9669057]]}},{"type":"Feature","properties":{"avz":"290","cs_dir:forward":"2","highway":"motorway","int_ref":"E 35","lanes":"3","lit":"no","maxspeed":"100","oneway":"yes","ref":"A1;A2","surface":"asphalt","toll":"yes","carriage_ref":"A"},"geometry":{"type":"LineString","coordinates":[[7.9050181,47.3089227],[7.904678,47.3090897],[7.9043305,47.3092581],[7.9039351,47.3094431],[7.9035337,47.3096281],[7.9031277,47.3098106],[7.9027233,47.3099843],[7.9023149,47.3101546],[7.9016896,47.3104005],[7.9013707,47.3105231],[7.9010488,47.3106452],[7.9007335,47.3107596],[7.9004148,47.310872],[7.8999864,47.3110138],[7.8995589,47.3111532],[7.8993759,47.3112104]]}},{"type":"Feature","properties":{"highway":"motorway","int_ref":"E 60","lanes":"2","layer":"-1","maxspeed":"100","oneway":"yes","ref":"A1","surface":"asphalt","toll":"yes","carriage_ref":"A"},"geometry":{"type":"LineString","coordinates":[[9.401397,47.4382318],[9.4012112,47.4381197],[9.4010273,47.4380047],[9.4008612,47.4378897],[9.400707,47.4377707],[9.4004045,47.4375286],[9.4001198,47.4372879],[9.3998371,47.4370472],[9.3995425,47.4368158],[9.3991974,47.4365821],[9.3988006,47.4363492],[9.398413,47.4361571],[9.3979408,47.4359536]]}},{"type":"Feature","properties":{"bridge":"yes","highway":"motorway","int_ref":"E 25;E 62","lanes":"2","layer":"1","maxspeed":"120","oneway":"yes","ref":"A1","toll":"yes","carriage_ref":"B"},"geometry":{"type":"LineString","coordinates":[[6.2142238,46.4003486],[6.214448,46.4005705]]}},{"type":"Feature","properties":{"highway":"motorway","int_ref":"E 60","lanes":"4","lit":"no","maxspeed":"100","oneway":"yes","ref":"A1;A3","surface":"asphalt","toll":"yes","carriage_ref":"A"},"geometry":{"type":"LineString","coordinates":[[8.4150442,47.417763],[8.4148903,47.4178345],[8.414467,47.4180357],[8.413749,47.4183543],[8.4134428,47.4184848],[8.4131336,47.4186134],[8.412793,47.418751],[8.4124499,47.4188869]]}},{"type":"Feature","properties":{"highway":"motorway","int_ref":"E 25","lanes":"3","maxspeed":"120","oneway":"yes","ref":"A1","surface":"asphalt","toll":"yes","turn:lanes":"through|through|slight_right","carriage_ref":"B"},"geometry":{"type":"LineString","coordinates":[[7.6006913,47.2106136],[7.6008006,47.2110354]]}},{"type":"Feature","properties":{"avz":"200","carriage_ref":"A","cs_dir:forward":"2","highway":"motorway","int_ref":"E 25;E 62","lanes":"3","lit":"no","maxspeed":"40","oneway":"yes","ref":"A1","source":"Orthophotos du SITG (Système d'Information du Territoire Genevois)","ssvz":"997N","toll":"yes"},"geometry":{"type":"LineString","coordinates":[[6.0970044,46.152049],[6.0968602,46.1518349],[6.0967362,46.1516446]]}},{"type":"Feature","properties":{"bridge":"yes","highway":"motorway","int_ref":"E 41;E 60","lanes":"2","layer":"1","lit":"yes","maxspeed":"signals","oneway":"yes","ref":"A1;A4","shoulder:right":"yes","source:maxspeed":"signals","surface":"asphalt","toll":"yes","carriage_ref":"A"},"geometry":{"type":"LineString","coordinates":[[8.5747226,47.4142567],[8.5747002,47.4143729]]}},{"type":"Feature","properties":{"highway":"motorway","int_ref":"E 60","lanes":"3","layer":"-1","maxspeed":"100","oneway":"yes","ref":"A1","surface":"asphalt","toll":"yes","turn:lanes":"none|none|merge_to_left","carriage_ref":"A"},"geometry":{"type":"LineString","coordinates":[[9.3869151,47.4331973],[9.3864848,47.4331406],[9.3859671,47.4330657],[9.3853406,47.4329598]]}},{"type":"Feature","properties":{"bridge":"yes","highway":"motorway","int_ref":"E 60","lanes":"2","layer":"1","maxspeed":"120","oneway":"yes","ref":"A1","surface":"asphalt","toll":"yes","carriage_ref":"B"},"geometry":{"type":"LineString","coordinates":[[8.9032173,47.5153681],[8.904189,47.5150001],[8.9049213,47.514761],[8.9055704,47.5145653],[8.9060961,47.5144313]]}},{"type":"Feature","properties":{"bridge":"yes","highway":"motorway","int_ref":"E 60","lanes":"2","layer":"1","maxspeed":"120","oneway":"yes","ref":"A1","surface":"asphalt","toll":"yes","carriage_ref":"A"},"geometry":{"type":"LineString","coordinates":[[9.1122967,47.4615469],[9.111666,47.4616605],[9.1109892,47.4617704],[9.1105889,47.4618297],[9.1101618,47.4618851]]}},{"type":"Feature","properties":{"highway":"motorway","int_ref":"E 25;E 27","lanes":"4","lit":"no","maxspeed":"80","note":"KGS-Nr: Nummer des Kulturgutes, zu finden in den KGS-Listen des Bundes und der Kantone.","oneway":"yes","ref":"A1","ref:kgs":"9396","surface":"asphalt","toll":"yes","turn:lanes":"none|none|none|merge_to_left","carriage_ref":"A"},"geometry":{"type":"LineString","coordinates":[[7.4567326,46.9691086],[7.4563146,46.9691736],[7.4558497,46.9692526],[7.4553745,46.9693264]]}},{"type":"Feature","properties":{"highway":"motorway","int_ref":"E 60","lanes":"4","maxspeed":"100","oneway":"yes","ref":"A1","surface":"asphalt","toll":"yes","turn:lanes":"none|none|none|merge_to_left","carriage_ref":"A"},"geometry":{"type":"LineString","coordinates":[[9.3005501,47.4081839],[9.2996669,47.4080971],[9.2989716,47.4080548],[9.2984783,47.4080298],[9.2979897,47.4080254]]}},{"type":"Feature","properties":{"highway":"motorway","int_ref":"E 41;E 60","lanes":"2","layer":"1","lit":"yes","maxspeed":"signals","oneway":"yes","ref":"A1;A4","shoulder:right":"yes","source:maxspeed":"signals","surface":"asphalt","toll":"yes","carriage_ref":"A"},"geometry":{"type":"LineString","coordinates":[[8.5748973,47.4134125],[8.57484,47.4136412],[8.5747844,47.4138926],[8.5747226,47.4142567]]}},{"type":"Feature","properties":{"bicycle":"no","foot":"no","highway":"motorway","horse":"no","int_ref":"E 25","lanes":"2","maxspeed":"100","oneway":"yes","ref":"A1","sidewalk":"no","surface":"asphalt","toll":"yes","carriage_ref":"B"},"geometry":{"type":"LineString","coordinates":[[6.6475011,46.7618849],[6.6476837,46.7618271],[6.6478416,46.7617689],[6.6480687,46.7616897]]}},{"type":"Feature","properties":{"highway":"motorway","int_ref":"E 60","lanes":"2","layer":"-1","maxspeed":"100","name":"Stephanshorn","oneway":"yes","ref":"A1","surface":"asphalt","toll":"yes","tunnel":"yes","tunnel:name":"Stephanshorn","carriage_ref":"B"},"geometry":{"type":"LineString","coordinates":[[9.3912285,47.4336518],[9.3922863,47.4338615],[9.3927193,47.4339605],[9.3931563,47.4340795],[9.3934825,47.4341865],[9.3938147,47.4343015],[9.3946439,47.4346302],[9.3949753,47.4347616],[9.3954814,47.4349689],[9.3959678,47.4351682]]}},{"type":"Feature","properties":{"bridge":"yes","highway":"motorway","int_ref":"E 25;E 62","lanes":"2","layer":"1","maxspeed":"120","oneway":"yes","ref":"A1","toll":"yes","carriage_ref":"A"},"geometry":{"type":"LineString","coordinates":[[6.2142992,46.4006433],[6.2140739,46.4004217]]}},{"type":"Feature","properties":{"destination:lanes":"Zürich: Wettingen Ost|Zürich: Wettingen Ost","destination:ref":"A1;A3","highway":"motorway","int_ref":"E 60","lanes":"2","lit":"no","maxspeed":"100","oneway":"yes","ref":"A1;A3","surface":"asphalt","toll":"yes"},"geometry":{"type":"LineString","coordinates":[[8.2816253,47.457907],[8.2822599,47.4579974],[8.2827867,47.458076],[8.2832354,47.4581424],[8.2839173,47.4582412],[8.2846398,47.4583404],[8.2854684,47.4584374]]}},{"type":"Feature","properties":{"highway":"motorway","int_ref":"E 25","lanes":"3","maxspeed":"120","oneway":"yes","ref":"A1","surface":"asphalt","toll":"yes","turn:lanes":"none|none|merge_to_left","carriage_ref":"A"},"geometry":{"type":"LineString","coordinates":[[7.6000381,47.2068269],[7.6000259,47.20639],[7.6000165,47.2059833],[7.6000087,47.2055004],[7.6000057,47.2051772]]}},{"type":"Feature","properties":{"bridge":"yes","highway":"motorway","int_ref":"E 25;E 27","lanes":"2","layer":"2","maxspeed":"80","oneway":"yes","ref":"A1","surface":"asphalt","toll":"yes","carriage_ref":"A"},"geometry":{"type":"LineString","coordinates":[[7.4707428,46.9719794],[7.4707215,46.9718757],[7.4706931,46.9717675],[7.47066,46.9716666],[7.4706018,46.9715241],[7.470519,46.9713699],[7.4704183,46.9712226],[7.4703031,46.9710823],[7.4701759,46.9709555],[7.4700323,46.9708332],[7.4698626,46.9707076],[7.4696872,46.9705978],[7.4695259,46.9705124],[7.4694195,46.9704612],[7.4692984,46.9704093],[7.4691056,46.9703389],[7.4689568,46.9702942]]}},{"type":"Feature","properties":{"bridge":"yes","destination":"Sankt Gallen;Schaffhausen","highway":"motorway","int_ref":"E 41;E 60","lanes":"2","layer":"1","lit":"yes","maxspeed":"100","oneway":"yes","placement":"transition","ref":"A1;A4","surface":"asphalt","toll":"yes","carriage_ref":"B"},"geometry":{"type":"LineString","coordinates":[[8.5741955,47.4169338],[8.5742183,47.4164454]]}},{"type":"Feature","properties":{"destination:lanes":"Zürich Aarau|Zürich Aarau;Chiasso;Gotthard;Luzern;Reiden|Chiasso;Gotthard;Luzern;Reiden","highway":"motorway","int_ref":"E 35","lanes":"3","lit":"no","maxspeed":"100","oneway":"yes","ref":"A1;A2","surface":"asphalt","toll":"yes","turn:lanes":"slight_left|slight_left;slight_right|slight_right","carriage_ref":"B"},"geometry":{"type":"LineString","coordinates":[[7.9120622,47.3054918],[7.9123138,47.3054153],[7.9127342,47.3052877],[7.9131663,47.3051627],[7.9135936,47.3050534],[7.9140463,47.3049412]]}},{"type":"Feature","properties":{"bicycle":"no","bridge":"viaduct","destination:lanes":"Genève;Lausanne|Genève;Lausanne;Neuchâtel;Yverdon-Ouest","foot":"no","highway":"motorway","horse":"no","int_ref":"E 25","lanes":"2","layer":"1","maxspeed":"100","oneway":"yes","ref":"A1","sidewalk":"no","surface":"asphalt","toll":"yes","carriage_ref":"A"},"geometry":{"type":"LineString","coordinates":[[6.6456493,46.7622578],[6.6453549,46.7622405],[6.6451569,46.7622219]]}},{"type":"Feature","properties":{"highway":"motorway","int_ref":"E 25","lanes":"2","lit":"no","maxspeed":"120","oneway":"yes","ref":"A1","surface":"asphalt","toll":"yes","carriage_ref":"B"},"geometry":{"type":"LineString","coordinates":[[7.3483712,46.9458602],[7.3486929,46.945831],[7.3490157,46.9458047],[7.3493444,46.9457827],[7.3496757,46.9457622],[7.3503863,46.94574],[7.3507345,46.9457238],[7.3510878,46.945709],[7.3515668,46.9456927],[7.3520391,46.9456741],[7.3525158,46.9456515],[7.3529885,46.945624],[7.353457,46.9455954],[7.3539336,46.9455661],[7.3544049,46.9455339],[7.3548738,46.9455012],[7.3555782,46.9454449],[7.3559298,46.9454122],[7.3562862,46.9453838],[7.3567531,46.9453391],[7.3572225,46.9453009],[7.3576853,46.9452535],[7.3581668,46.9452017],[7.3590867,46.9450962],[7.3593272,46.9450655],[7.3595584,46.9450362],[7.360032,46.9449772],[7.3604768,46.9449185],[7.360949,46.9448515],[7.3630243,46.9445459],[7.363723,46.944451],[7.3640668,46.9444056],[7.3644246,46.9443658]]}},{"type":"Feature","properties":{"highway":"motorway","lanes":"2","lit":"no","maxspeed":"120","oneway":"yes","ref":"A1","surface":"asphalt","toll":"yes","carriage_ref":"B"},"geometry":{"type":"LineString","coordinates":[[8.043306,47.3405202],[8.0447442,47.3420272],[8.0462756,47.3435833]]}},{"type":"Feature","properties":{"highway":"motorway","int_ref":"E 25;E 27","lanes":"4","layer":"2","maxspeed":"80","oneway":"yes","ref":"A1","surface":"asphalt","toll":"yes","carriage_ref":"A"},"geometry":{"type":"LineString","coordinates":[[7.4628959,46.9695597],[7.462346,46.9694295],[7.4620299,46.9693577],[7.461821,46.9693116],[7.4616005,46.9692652],[7.4613715,46.9692201],[7.4611397,46.9691766],[7.4609134,46.9691367],[7.4606789,46.9690983],[7.4604445,46.9690656],[7.4602166,46.9690382],[7.4599869,46.9690146],[7.459746,46.9689941],[7.4595309,46.9689788]]}},{"type":"Feature","properties":{"bridge":"yes","change:lanes":"yes|yes|not_right|yes","highway":"motorway","int_ref":"E 60","lanes":"4","layer":"1","maxspeed":"100","oneway":"yes","placement":"middle_of:2","ref":"A1","surface":"asphalt","toll":"yes","turn:lanes":"merge_to_right|||","carriage_ref":"B"},"geometry":{"type":"LineString","coordinates":[[8.7017053,47.5238552],[8.7019485,47.5239583]]}},{"type":"Feature","properties":{"bridge":"yes","highway":"motorway","lanes":"2","layer":"1","lit":"no","maxspeed":"120","oneway":"yes","ref":"A1","surface":"asphalt","toll":"yes","carriage_ref":"B"},"geometry":{"type":"LineString","coordinates":[[8.0054949,47.3231043],[8.0070935,47.3227036]]}},{"type":"Feature","properties":{"highway":"motorway","int_ref":"E 35","lanes":"3","lit":"no","maxspeed":"120","oneway":"yes","ref":"A1;A2","surface":"asphalt","toll":"yes","carriage_ref":"B"},"geometry":{"type":"LineString","coordinates":[[7.8807085,47.3131057],[7.8816934,47.3131243],[7.8826768,47.3131339],[7.8836588,47.3131489],[7.8846459,47.3131565],[7.8850804,47.3131556]]}},{"type":"Feature","properties":{"highway":"motorway","int_ref":"E 25","lanes":"3","maxspeed":"120","oneway":"yes","ref":"A1","surface":"asphalt","toll":"yes","turn:lanes":"none|none|merge_to_left","carriage_ref":"A"},"geometry":{"type":"LineString","coordinates":[[7.5901355,47.1743235],[7.5899709,47.1738699],[7.5898204,47.1734112],[7.589678,47.1729448],[7.589544,47.1724781],[7.5894533,47.1721385],[7.5893744,47.1717986],[7.5892447,47.171205]]}},{"type":"Feature","properties":{"bridge":"yes","highway":"motorway","int_ref":"E 60","lanes":"2","layer":"1","maxspeed":"120","oneway":"yes","ref":"A1","surface":"asphalt","toll":"yes","carriage_ref":"B"},"geometry":{"type":"LineString","coordinates":[[9.5219882,47.4740723],[9.5222713,47.474146]]}},{"type":"Feature","properties":{"highway":"motorway","int_ref":"E 25;E 62","lanes":"2","maxspeed":"120","oneway":"yes","ref":"A1","toll":"yes","carriage_ref":"B"},"geometry":{"type":"LineString","coordinates":[[6.3683384,46.4740003],[6.3718801,46.4744401]]}},{"type":"Feature","properties":{"highway":"motorway","int_ref":"E 25;E 62","lanes":"2","lit":"no","maxspeed":"100","oneway":"yes","ref":"A1","toll":"yes","carriage_ref":"B"},"geometry":{"type":"LineString","coordinates":[[6.0758223,46.2036197],[6.07577,46.203869],[6.075742,46.2040488],[6.0757118,46.2042694],[6.0756949,46.204484],[6.0756857,46.2046541],[6.0756781,46.2047969]]}},{"type":"Feature","properties":{"highway":"motorway","int_ref":"E 25;E 62","lanes":"2","maxspeed":"signals","oneway":"yes","ref":"A1","surface":"asphalt","toll":"yes","carriage_ref":"A"},"geometry":{"type":"LineString","coordinates":[[6.5505023,46.5352136],[6.5482932,46.5337512]]}},{"type":"Feature","properties":{"bridge":"yes","highway":"motorway","int_ref":"E 60","lanes":"2","layer":"1","maxspeed":"120","oneway":"yes","ref":"A1","surface":"asphalt","toll":"yes","carriage_ref":"A"},"geometry":{"type":"LineString","coordinates":[[9.4459134,47.4697135],[9.4455747,47.4696184],[9.4452105,47.4695027]]}},{"type":"Feature","properties":{"highway":"motorway","int_ref":"E 25","lanes":"2","maxspeed":"120","oneway":"yes","ref":"A1","surface":"asphalt","toll":"yes","carriage_ref":"B"},"geometry":{"type":"LineString","coordinates":[[6.7280813,46.7780662],[6.728416,46.7783042],[6.7287104,46.7785235],[6.7290338,46.7787709],[6.7299394,46.7794968],[6.7302608,46.7797524],[6.7305687,46.7799866],[6.7307268,46.7801078],[6.7308884,46.7802278],[6.7310468,46.7803436],[6.7312091,46.7804583],[6.7313779,46.7805733],[6.731551,46.7806863],[6.7317239,46.7807959],[6.7319008,46.7809038],[6.732076,46.7810076],[6.7322547,46.7811092],[6.7324378,46.7812094],[6.7326263,46.7813074],[6.7328233,46.7814066],[6.7330235,46.781504],[6.7332196,46.7815964],[6.7334211,46.7816856],[6.7336198,46.7817715],[6.7338217,46.781856],[6.7340248,46.7819364],[6.7342306,46.7820151],[6.7344381,46.7820927],[6.7346492,46.7821673],[6.734911,46.7822556],[6.7352908,46.7823761],[6.735508,46.7824403],[6.7357277,46.7825019],[6.7359768,46.7825699],[6.7363368,46.7826577]]}},{"type":"Feature","properties":{"highway":"motorway","int_ref":"E 60","lanes":"4","lit":"no","maxspeed":"100","oneway":"yes","ref":"A1;A3","signals":"maxspeed=signals","surface":"asphalt","toll":"yes","turn:lanes":"through|through|through|slight_right","carriage_ref":"A"},"geometry":{"type":"LineString","coordinates":[[8.2758245,47.4571838],[8.2753689,47.4570624],[8.2749262,47.4569369],[8.2745063,47.4568007],[8.2736271,47.4564886]]}},{"type":"Feature","properties":{"highway":"motorway","int_ref":"E 25","lanes":"2","maxspeed":"120","oneway":"yes","ref":"A1","surface":"asphalt","toll":"yes","carriage_ref":"A"},"geometry":{"type":"LineString","coordinates":[[7.558003,47.0621695],[7.5577612,47.061995],[7.5575297,47.0618321],[7.5571768,47.0616029],[7.5569239,47.0614477],[7.5566456,47.0612892],[7.5560795,47.0609902],[7.5556889,47.0607985],[7.5553219,47.0606203],[7.5549041,47.0604319],[7.5544992,47.0602558],[7.5540875,47.0600883],[7.5536127,47.0598993],[7.5530925,47.0597032],[7.5526236,47.0595275],[7.5513367,47.0590735]]}},{"type":"Feature","properties":{"highway":"motorway","int_ref":"E 25","lanes":"2","maxspeed":"120","oneway":"yes","ref":"A1","surface":"asphalt","toll":"yes","carriage_ref":"B"},"geometry":{"type":"LineString","coordinates":[[7.5818072,47.1247975],[7.5820232,47.1253508],[7.5826207,47.1268963],[7.5830539,47.1279868],[7.5837618,47.1297037],[7.5844205,47.1312592],[7.5848564,47.1322629],[7.5852986,47.1332651],[7.5857457,47.134267],[7.5861963,47.1352641],[7.5886424,47.1404437],[7.5886834,47.1405258],[7.5894794,47.1421895],[7.5899849,47.143284],[7.590259,47.1439215],[7.5905125,47.1445381],[7.5907568,47.1451562],[7.5909848,47.1457917],[7.5911939,47.1464288],[7.5912915,47.1467457],[7.5913819,47.1470627],[7.59151,47.1475388],[7.591617,47.1480153],[7.5916832,47.1483367],[7.5917654,47.1488225],[7.591808,47.1491018],[7.5918571,47.1494397],[7.5918961,47.1497767],[7.5919344,47.1502684],[7.5919577,47.1505967],[7.5919615,47.1509207],[7.591966,47.151193],[7.5919621,47.1514652],[7.5919528,47.1518107],[7.5919412,47.1521605],[7.5919146,47.152553],[7.5918718,47.1529462],[7.5918126,47.1534315],[7.5917417,47.1539138],[7.5916486,47.1543957],[7.5915402,47.1548741],[7.5914252,47.155354],[7.5912989,47.155832],[7.5911667,47.1563049],[7.5910275,47.1567763],[7.590734,47.1577269],[7.5904716,47.158518],[7.5902187,47.1593094],[7.5900551,47.1598186],[7.5899032,47.1603306],[7.5897571,47.1608437],[7.5896166,47.1613579],[7.5895399,47.1616782],[7.589466,47.161999],[7.5893955,47.1623204],[7.5893326,47.1626417],[7.5892422,47.1631195],[7.5891672,47.1635977],[7.589103,47.164081],[7.5890488,47.1645641],[7.589018,47.1648842],[7.5889936,47.165204],[7.5889793,47.1655266],[7.5889562,47.1658484],[7.5889416,47.1661702],[7.5889294,47.166652],[7.5889349,47.1671363],[7.5889524,47.1676691],[7.5889811,47.1682046],[7.5890145,47.168602],[7.5890511,47.1690001],[7.589119,47.1695599],[7.5891963,47.1701171],[7.5892788,47.1705967],[7.5893705,47.1710605]]}},{"type":"Feature","properties":{"bridge":"yes","highway":"motorway","int_ref":"E 60","lanes":"2","layer":"1","maxspeed":"120","oneway":"yes","ref":"A1","shoulder:right":"yes","source:maxspeed":"CH:motorway","surface":"asphalt","toll":"yes","carriage_ref":"A"},"geometry":{"type":"LineString","coordinates":[[9.5798253,47.480337],[9.5795209,47.4804002]]}},{"type":"Feature","properties":{"bridge":"yes","highway":"motorway","int_ref":"E 41;E 60","lanes":"2","layer":"1","lit":"yes","maxspeed":"100","oneway":"yes","ref":"A1;A4","surface":"asphalt","toll":"yes","carriage_ref":"B"},"geometry":{"type":"LineString","coordinates":[[8.5742874,47.4143285],[8.5742953,47.4142426]]}},{"type":"Feature","properties":{"bridge":"yes","highway":"motorway","int_ref":"E 25","lanes":"2","layer":"1","lit":"no","maxspeed":"100","oneway":"yes","ref":"A1","surface":"asphalt","toll":"yes","carriage_ref":"A"},"geometry":{"type":"LineString","coordinates":[[7.6350931,47.2361753],[7.6349132,47.2360781],[7.6346799,47.2359517],[7.634314,47.2357417],[7.63395,47.2355296],[7.6335853,47.2353064],[7.633128,47.2350254]]}},{"type":"Feature","properties":{"highway":"motorway","lanes":"2","lit":"no","maxspeed":"120","oneway":"yes","ref":"A1","surface":"asphalt","toll":"yes","carriage_ref":"B"},"geometry":{"type":"LineString","coordinates":[[8.0314307,47.3300446],[8.0317413,47.3302327],[8.0321653,47.3304955],[8.0325201,47.3307191],[8.0328695,47.3309464],[8.0335453,47.3313941],[8.0338779,47.3316249],[8.0342056,47.3318576],[8.0345251,47.3320884],[8.0348393,47.3323216],[8.0351578,47.3325647],[8.035473,47.3328088],[8.0360456,47.333267]]}},{"type":"Feature","properties":{"highway":"motorway","int_ref":"E 25","lanes":"2","lit":"no","maxspeed":"120","oneway":"yes","ref":"A1","surface":"asphalt","toll":"yes","carriage_ref":"B"},"geometry":{"type":"LineString","coordinates":[[7.3644246,46.9443658],[7.3648817,46.9443191],[7.3653369,46.9442765]]}},{"type":"Feature","properties":{"highway":"motorway","int_ref":"E 25","lanes":"2","maxspeed":"120","oneway":"yes","ref":"A1","surface":"asphalt","toll":"yes","carriage_ref":"B"},"geometry":{"type":"LineString","coordinates":[[6.7150832,46.7731722],[6.7156076,46.7734269],[6.7161413,46.7736767],[6.7165771,46.7738693],[6.7169687,46.7740346],[6.717362,46.7741965],[6.7177677,46.7743552],[6.7181781,46.7745093],[6.7185964,46.7746604],[6.7190182,46.7748062],[6.7194107,46.7749374],[6.7198293,46.7750687],[6.7202587,46.7751979],[6.7206933,46.775323],[6.7211479,46.7754468],[6.7215892,46.7755647]]}},{"type":"Feature","properties":{"destination":"Zürich;Baden","highway":"motorway","lanes":"2","lit":"no","maxspeed":"100","oneway":"yes","ref":"A1","surface":"asphalt","toll":"yes","carriage_ref":"B"},"geometry":{"type":"LineString","coordinates":[[8.2461526,47.445333],[8.2467129,47.4457584],[8.2470226,47.4459744],[8.2473407,47.4461914]]}},{"type":"Feature","properties":{"bridge":"viaduct","highway":"motorway","int_ref":"E 60","lanes":"3","layer":"2","maxspeed":"100","oneway":"yes","ref":"A1","surface":"asphalt","toll":"yes","carriage_ref":"B"},"geometry":{"type":"LineString","coordinates":[[9.3361385,47.4207095],[9.3366852,47.4208131],[9.3400513,47.4213867],[9.3421043,47.4217888],[9.3435113,47.4221707],[9.3446892,47.4225883]]}},{"type":"Feature","properties":{"highway":"motorway","int_ref":"E 25","lanes":"2","maxspeed":"100","oneway":"yes","ref":"A1","surface":"asphalt","toll":"yes","carriage_ref":"A"},"geometry":{"type":"LineString","coordinates":[[7.4963984,47.0132087],[7.4964314,47.0130078],[7.4964807,47.0127584],[7.4965326,47.0125186],[7.4966407,47.0120374],[7.4966932,47.0116912]]}},{"type":"Feature","properties":{"access":"yes","avz":"206","bicycle":"no","cs_dir:forward":"1","foot":"no","highway":"motorway","horse":"no","int_ref":"E 25","lanes":"2","lit":"no","maxspeed":"120","motor_vehicle":"designated","oneway":"yes","ref":"A1","ssvz":"1109N","surface":"asphalt","toll":"yes","carriage_ref":"B"},"geometry":{"type":"LineString","coordinates":[[6.6059463,46.7482923],[6.6065585,46.7484539],[6.6071603,46.7486078],[6.6077219,46.7487506],[6.6082916,46.7488902],[6.6090242,46.7490667],[6.6097676,46.7492377],[6.6108371,46.7494755]]}},{"type":"Feature","properties":{"bridge":"yes","bridge:name":"Felsenauviadukt","highway":"motorway","int_ref":"E 25;E 27","lanes":"4","layer":"2","lit":"no","maxspeed":"80","oneway":"yes","ref":"A1","surface":"asphalt","toll":"yes","carriage_ref":"B"},"geometry":{"type":"LineString","coordinates":[[7.4566841,46.96897],[7.4571863,46.9689036],[7.4576124,46.9688617],[7.4578736,46.9688431]]}},{"type":"Feature","properties":{"bridge":"yes","highway":"motorway","int_ref":"E 25","lanes":"2","layer":"1","maxspeed":"120","oneway":"yes","ref":"A1","surface":"asphalt","toll":"yes","carriage_ref":"A"},"geometry":{"type":"LineString","coordinates":[[7.0161689,46.8794279],[7.0155383,46.8792848]]}},{"type":"Feature","properties":{"highway":"motorway","int_ref":"E 25","lanes":"2","layer":"-1","maxspeed":"120","oneway":"yes","ref":"A1","surface":"asphalt","toll":"yes","tunnel":"yes","carriage_ref":"B"},"geometry":{"type":"LineString","coordinates":[[7.5581133,47.0621061],[7.5585563,47.0624625]]}},{"type":"Feature","properties":{"bridge":"yes","highway":"motorway","int_ref":"E 60","lanes":"2","layer":"1","maxspeed":"120","oneway":"yes","ref":"A1","surface":"asphalt","toll":"yes","carriage_ref":"A"},"geometry":{"type":"LineString","coordinates":[[9.2833808,47.4130581],[9.2830053,47.4131538]]}},{"type":"Feature","properties":{"highway":"motorway","int_ref":"E 25","lanes":"2","maxspeed":"120","oneway":"yes","ref":"A1","surface":"asphalt","toll":"yes","tunnel":"yes","carriage_ref":"A"},"geometry":{"type":"LineString","coordinates":[[7.5816556,47.1248223],[7.5814173,47.1242783]]}},{"type":"Feature","properties":{"highway":"motorway","int_ref":"E 60","lanes":"3","maxspeed":"120","oneway":"yes","ref":"A1","surface":"asphalt","toll":"yes","turn:lanes":"none|none|merge_to_left","carriage_ref":"A"},"geometry":{"type":"LineString","coordinates":[[9.049543,47.453834],[9.0483967,47.453831],[9.0474889,47.4538457],[9.0466222,47.4538708]]}},{"type":"Feature","properties":{"highway":"motorway","int_ref":"E 60","lanes":"2","maxspeed":"120","oneway":"yes","ref":"A1","shoulder:right":"yes","source:maxspeed":"CH:motorway","surface":"asphalt","toll":"yes","carriage_ref":"A"},"geometry":{"type":"LineString","coordinates":[[9.5751708,47.4805443],[9.5747581,47.4804795]]}},{"type":"Feature","properties":{"highway":"motorway","int_ref":"E 25","lanes":"2","maxspeed":"100","oneway":"yes","ref":"A1","surface":"asphalt","toll":"yes","carriage_ref":"B"},"geometry":{"type":"LineString","coordinates":[[7.1354994,46.9305337],[7.1356755,46.9307047],[7.1359365,46.9309529],[7.1362374,46.9312339],[7.1365278,46.9314962],[7.1368071,46.9317441],[7.1370651,46.9319665],[7.1372693,46.9321405],[7.1376446,46.9324559],[7.1379803,46.9327314],[7.1383002,46.9329889],[7.1386303,46.9332489]]}},{"type":"Feature","properties":{"highway":"motorway","int_ref":"E 41;E 60","lanes":"3","lit":"no","maxspeed":"100","oneway":"yes","overtaking:hgv":"no","ref":"A1;A4","source:maxspeed":"CH:motorway","surface":"asphalt","toll":"yes","carriage_ref":"A"},"geometry":{"type":"LineString","coordinates":[[8.5131647,47.4306133],[8.5123934,47.4303692],[8.5113147,47.4300038],[8.5100566,47.4295826],[8.5092272,47.4293167],[8.5087891,47.4291801],[8.5083152,47.4290344],[8.5075546,47.4288022],[8.5069676,47.4286318]]}},{"type":"Feature","properties":{"highway":"motorway","int_ref":"E 25","lanes":"2","lit":"no","maxspeed":"100","oneway":"yes","ref":"A1","surface":"asphalt","toll":"yes","carriage_ref":"B"},"geometry":{"type":"LineString","coordinates":[[7.3891943,46.9542247],[7.3893522,46.9542548],[7.389569,46.9542935],[7.3897883,46.9543265],[7.3900204,46.9543565],[7.3902383,46.9543802],[7.3905039,46.9544056]]}},{"type":"Feature","properties":{"bridge":"yes","highway":"motorway","int_ref":"E 60","lanes":"2","layer":"1","maxspeed":"120","oneway":"yes","ref":"A1","surface":"asphalt","toll":"yes","carriage_ref":"B"},"geometry":{"type":"LineString","coordinates":[[9.5890588,47.4707216],[9.5891617,47.4705472]]}},{"type":"Feature","properties":{"avz":"285","cs_dir:forward":"1","highway":"motorway","int_ref":"E 25;E 27","lanes":"3","lit":"no","maxspeed":"100","oneway":"yes","ref":"A1","surface":"asphalt","toll":"yes","carriage_ref":"B"},"geometry":{"type":"LineString","coordinates":[[7.4186829,46.9564649],[7.4206339,46.9580131],[7.4216903,46.9588584],[7.422887,46.9598141],[7.4234839,46.960286],[7.4240859,46.9607533]]}},{"type":"Feature","properties":{"highway":"motorway","int_ref":"E 60","lanes":"5","lit":"yes","maxspeed":"100","oneway":"yes","ref":"A1;A3","surface":"asphalt","toll":"yes","carriage_ref":"A"},"geometry":{"type":"LineString","coordinates":[[8.4229247,47.4139735],[8.4224313,47.4142034],[8.4217871,47.4145066],[8.4214778,47.4146557]]}},{"type":"Feature","properties":{"bridge":"yes","highway":"motorway","int_ref":"E 35","lanes":"3","layer":"1","lit":"no","oneway":"yes","ref":"A1;A2","surface":"asphalt","toll":"yes","carriage_ref":"B"},"geometry":{"type":"LineString","coordinates":[[7.8476336,47.3108627],[7.8482899,47.3110144]]}},{"type":"Feature","properties":{"highway":"motorway","int_ref":"E 25;E 62","lanes":"2","layer":"-1","lit":"yes","maxspeed":"100","name":"Tunnel de Confignon","oneway":"yes","ref":"A1","toll":"yes","tunnel":"yes","tunnel:name":"Confignon","carriage_ref":"B"},"geometry":{"type":"LineString","coordinates":[[6.0912026,46.1722211],[6.0890363,46.17408],[6.0880878,46.1749805],[6.0874352,46.1756264],[6.0867937,46.176331],[6.0861853,46.1771163],[6.085692,46.1778985],[6.085304,46.1786203],[6.0849793,46.1793243],[6.0842352,46.1813628],[6.0839123,46.1823632],[6.0835977,46.1832585],[6.0833065,46.1839262]]}},{"type":"Feature","properties":{"destination":"Zürich;Oftringen;Luzern;Rothrist","highway":"motorway","lanes":"2","lit":"no","maxspeed":"100","oneway":"yes","ref":"A1","surface":"asphalt","toll":"yes","carriage_ref":"B"},"geometry":{"type":"LineString","coordinates":[[7.7982671,47.3108482],[7.7989863,47.3110177],[7.7995643,47.3111171],[7.8006808,47.3112943],[7.8015346,47.3114219],[7.8024493,47.3115459],[7.8038791,47.3117197]]}},{"type":"Feature","properties":{"highway":"motorway","int_ref":"E 25","lanes":"2","maxspeed":"100","oneway":"yes","ref":"A1","surface":"asphalt","toll":"yes","carriage_ref":"A"},"geometry":{"type":"LineString","coordinates":[[6.8815836,46.8272589],[6.8813001,46.8273539],[6.880983,46.827463],[6.8805672,46.8276123],[6.8801577,46.8277652],[6.8797479,46.827923],[6.8793438,46.8280823],[6.8789291,46.8282498],[6.8785335,46.8284123],[6.8778307,46.8287103],[6.8771351,46.8290119],[6.8747631,46.8300646],[6.8744436,46.8302005]]}},{"type":"Feature","properties":{"highway":"motorway","int_ref":"E 60","lanes":"4","lit":"no","maxspeed":"120","oneway":"yes","ref":"A1;A3","surface":"asphalt","toll":"yes","turn:lanes":"through|through|through|merge_to_left","carriage_ref":"A"},"geometry":{"type":"LineString","coordinates":[[8.3736306,47.4271134],[8.3712145,47.4279546],[8.369309,47.4286294],[8.3675624,47.4292418],[8.3666557,47.4295604]]}},{"type":"Feature","properties":{"highway":"motorway","int_ref":"E 41;E 60","lanes":"3","lit":"no","maxspeed":"120","oneway":"yes","overtaking:hgv":"no","placement":"right_of:1","ref":"A1;A4","source:maxspeed":"CH:motorway","surface":"asphalt","toll":"yes","turn:lanes":"none|none|merge_to_left","carriage_ref":"A"},"geometry":{"type":"LineString","coordinates":[[8.5358325,47.4337661],[8.5357051,47.4337765],[8.5352779,47.4338064],[8.5348052,47.4338395],[8.5343259,47.4338669],[8.5338423,47.4338885],[8.5333963,47.4339049],[8.5328123,47.4339212],[8.5323563,47.4339316],[8.5318896,47.4339371],[8.5313988,47.433938],[8.530922,47.4339339],[8.5305693,47.4339294],[8.5302032,47.4339225],[8.5297469,47.4339057]]}},{"type":"Feature","properties":{"change:lanes":"not_left|yes|yes|no","highway":"motorway","int_ref":"E 41;E 60","lanes":"4","maxspeed":"120","oneway":"yes","placement":"middle_of:2","ref":"A1;A4","shoulder:right":"yes","source:maxspeed":"CH:motorway","surface":"asphalt","toll":"yes","turn:lanes":"|||slight_right","carriage_ref":"A"},"geometry":{"type":"LineString","coordinates":[[8.7044237,47.4537797],[8.7041794,47.4536129],[8.7039708,47.4534804]]}},{"type":"Feature","properties":{"highway":"motorway","int_ref":"E 41;E 60","lanes":"3","lit":"no","maxspeed":"80","oneway":"yes","ref":"A1;A4","surface":"asphalt","toll":"yes","carriage_ref":"A"},"geometry":{"type":"LineString","coordinates":[[8.4866438,47.425363],[8.4862807,47.4252733],[8.4859769,47.4251863],[8.4856928,47.4250856]]}},{"type":"Feature","properties":{"bridge":"yes","highway":"motorway","int_ref":"E 25;E 62","lanes":"2","layer":"1","lit":"no","maxspeed":"signals","oneway":"yes","ref":"A1","smoothness":"excellent","surface":"asphalt","toll":"yes","carriage_ref":"B"},"geometry":{"type":"LineString","coordinates":[[6.1430343,46.2795618],[6.1433302,46.2802139],[6.1436137,46.2808693],[6.1438856,46.2815276],[6.1441438,46.282188]]}},{"type":"Feature","properties":{"highway":"motorway","lanes":"3","lit":"no","maxspeed":"120","oneway":"yes","ref":"A1","surface":"asphalt","toll":"yes","turn:lanes":"through|through|slight_right","carriage_ref":"B"},"geometry":{"type":"LineString","coordinates":[[8.1815268,47.3962207],[8.1821322,47.3963538]]}},{"type":"Feature","properties":{"highway":"motorway","int_ref":"E 41;E 60","lanes":"3","lit":"yes","maxspeed":"100","oneway":"yes","ref":"A1;A4","source:maxspeed":"sign","surface":"asphalt","toll":"yes","carriage_ref":"A"},"geometry":{"type":"LineString","coordinates":[[8.6162012,47.4103009],[8.6152372,47.4099799],[8.6143439,47.4096975],[8.6138131,47.4095424],[8.6132878,47.4093943],[8.6128392,47.409273],[8.612163,47.4090953],[8.6114709,47.4089289],[8.6108461,47.4087867],[8.6102646,47.4086624]]}},{"type":"Feature","properties":{"highway":"motorway","int_ref":"E 25;E 27","lanes":"3","maxspeed":"100","oneway":"yes","ref":"A1;A6","surface":"asphalt","toll":"yes","carriage_ref":"A"},"geometry":{"type":"LineString","coordinates":[[7.4788174,46.9905965],[7.478578,46.9905046],[7.4783628,46.9904236],[7.4781387,46.9903419],[7.4776792,46.9901865],[7.4772164,46.990036],[7.4767427,46.9898921],[7.4762429,46.9897462]]}},{"type":"Feature","properties":{"highway":"motorway","int_ref":"E 25;E 62","lanes":"2","maxspeed":"120","oneway":"yes","ref":"A1","toll":"yes","carriage_ref":"B"},"geometry":{"type":"LineString","coordinates":[[6.3611127,46.4728615],[6.3630687,46.4732371],[6.3650807,46.4735603],[6.3679166,46.473948]]}},{"type":"Feature","properties":{"bridge":"yes","highway":"motorway","int_ref":"E 25","lanes":"2","layer":"1","maxspeed":"100","oneway":"yes","ref":"A1","surface":"asphalt","toll":"yes","carriage_ref":"A"},"geometry":{"type":"LineString","coordinates":[[6.8519888,46.8300088],[6.8509485,46.8295507],[6.8501417,46.8292095]]}},{"type":"Feature","properties":{"highway":"motorway","int_ref":"E 41;E 60","lanes":"2","lit":"yes","maxspeed":"signals","oneway":"yes","ref":"A1;A4","shoulder":"none","source:maxspeed":"signals","surface":"asphalt","toll":"yes","carriage_ref":"A"},"geometry":{"type":"LineString","coordinates":[[8.5698422,47.4244172],[8.5688198,47.4245354],[8.5681853,47.4246069],[8.5677964,47.4246638]]}},{"type":"Feature","properties":{"destination":"St. Gallen","highway":"motorway","int_ref":"E 41;E 60","lanes":"2","lit":"yes","maxspeed":"80","oneway":"yes","ref":"A1;A4","source:maxspeed":"sign","surface":"asphalt","toll":"yes","carriage_ref":"B"},"geometry":{"type":"LineString","coordinates":[[8.4376241,47.414174],[8.4382516,47.4143326],[8.4387677,47.4144712],[8.4392968,47.4146254],[8.4396582,47.4147368],[8.4401245,47.4148902],[8.4404844,47.4150162],[8.4410499,47.4152461],[8.4421118,47.4157093]]}},{"type":"Feature","properties":{"bridge":"yes","highway":"motorway","lanes":"2","layer":"1","lit":"no","maxspeed":"100","oneway":"yes","ref":"A1","surface":"asphalt","toll":"yes","carriage_ref":"B"},"geometry":{"type":"LineString","coordinates":[[8.2491106,47.4472617],[8.2496188,47.4475206]]}},{"type":"Feature","properties":{"highway":"motorway","int_ref":"E 25;E 62","lanes":"2","lit":"no","maxspeed":"100","oneway":"yes","ref":"A1","toll":"yes","carriage_ref":"B"},"geometry":{"type":"LineString","coordinates":[[6.0929658,46.2146779],[6.0943171,46.2151081]]}},{"type":"Feature","properties":{"bridge":"yes","destination":"Zürich","highway":"motorway","int_ref":"E 60","lanes":"3","layer":"1","lit":"no","maxspeed":"120","oneway":"yes","ref":"A1;A3","surface":"asphalt","toll":"yes","carriage_ref":"B"},"geometry":{"type":"LineString","coordinates":[[8.3483618,47.4377767],[8.3487325,47.4375388]]}},{"type":"Feature","properties":{"bridge":"yes","highway":"motorway","int_ref":"E 41;E 60","lanes":"2","layer":"1","lit":"yes","maxspeed":"100","oneway":"yes","ref":"A1;A4","surface":"asphalt","toll":"yes","carriage_ref":"B"},"geometry":{"type":"LineString","coordinates":[[8.6299103,47.4177248],[8.6303019,47.4180125]]}},{"type":"Feature","properties":{"highway":"motorway","int_ref":"E 25","lanes":"2","lit":"no","maxspeed":"120","oneway":"yes","ref":"A1","surface":"asphalt","toll":"yes","carriage_ref":"A"},"geometry":{"type":"LineString","coordinates":[[7.3686809,46.9442947],[7.3683267,46.9442846],[7.3679687,46.9442799],[7.3674939,46.9442792],[7.3670272,46.9442867],[7.3665524,46.9443029],[7.3661377,46.9443226],[7.3657198,46.9443483],[7.3653688,46.9443689],[7.3649062,46.9444192],[7.3644387,46.9444678],[7.3640959,46.9445086],[7.3637479,46.9445512],[7.3630559,46.9446427],[7.3609796,46.9449511],[7.360516,46.9450148],[7.3600627,46.9450758],[7.3595881,46.9451354],[7.359353,46.9451652],[7.3591201,46.9451942],[7.3581878,46.9453015],[7.3577137,46.945353],[7.3572451,46.9454003],[7.3567748,46.9454418],[7.3563,46.9454821],[7.3559524,46.9455135],[7.3555979,46.9455429],[7.354891,46.9456033],[7.3544168,46.9456365],[7.3539433,46.9456684],[7.3534661,46.9456975],[7.3529986,46.9457242],[7.3525133,46.9457522],[7.3520441,46.9457744],[7.3515668,46.9457959],[7.351092,46.945811],[7.3507426,46.9458264],[7.3503911,46.9458411],[7.3496831,46.9458628],[7.3493562,46.9458829],[7.3490298,46.9459045],[7.3487084,46.9459302],[7.3483902,46.9459608]]}},{"type":"Feature","properties":{"highway":"motorway","int_ref":"E 35","lanes":"3","lit":"no","maxspeed":"100","oneway":"yes","ref":"A1;A2","surface":"asphalt","toll":"yes","carriage_ref":"B"},"geometry":{"type":"LineString","coordinates":[[7.8186067,47.3117805],[7.819857,47.3116441]]}},{"type":"Feature","properties":{"bridge":"yes","highway":"motorway","int_ref":"E 60","lanes":"2","layer":"1","maxspeed":"120","oneway":"yes","ref":"A1","toll":"yes","carriage_ref":"A"},"geometry":{"type":"LineString","coordinates":[[8.7600279,47.5284319],[8.7597861,47.528474]]}},{"type":"Feature","properties":{"avz":"84","cs_dir:forward":"2","highway":"motorway","int_ref":"E 60","lanes":"2","layer":"-2","maxspeed":"100","name":"Rosenbergtunnel Nord","oneway":"yes","ref":"A1","ssvz":"924N","surface":"asphalt","toll":"yes","tunnel":"yes","tunnel:name":"Rosenberg","carriage_ref":"A"},"geometry":{"type":"LineString","coordinates":[[9.3850009,47.4328983],[9.3845415,47.4328082],[9.3814051,47.4321201],[9.3812648,47.4320819],[9.3778971,47.4311648],[9.376667,47.430898],[9.3754716,47.4308734],[9.3747508,47.430939],[9.3741085,47.4309955],[9.3722716,47.4311571],[9.3709261,47.4312303],[9.3700974,47.4312623],[9.369372,47.4312616],[9.368659,47.4312363],[9.3682176,47.4312023],[9.3679673,47.431183],[9.3672091,47.4310974],[9.3663725,47.4309458]]}},{"type":"Feature","properties":{"change:lanes":"|not_right|not_left","highway":"motorway","int_ref":"E 41;E 60","lanes":"3","lit":"yes","maxspeed":"120","oneway":"yes","ref":"A1;A4","shoulder:right":"yes","source:maxspeed":"CH:motorway","surface":"asphalt","toll":"yes","carriage_ref":"A"},"geometry":{"type":"LineString","coordinates":[[8.7045605,47.4789254],[8.7045911,47.4787493],[8.7046167,47.4785744],[8.7046387,47.4784082],[8.7046568,47.4782502],[8.7046873,47.477913],[8.7047072,47.4776116]]}},{"type":"Feature","properties":{"bridge":"yes","highway":"motorway","int_ref":"E 25;E 62","lanes":"2","layer":"1","lit":"no","maxspeed":"80","oneway":"yes","ref":"A1","smoothness":"excellent","source":"Lausanne - Orthophoto technique 2012","surface":"asphalt","toll":"yes","carriage_ref":"B"},"geometry":{"type":"LineString","coordinates":[[6.5662181,46.5404446],[6.5663797,46.5404992],[6.5665356,46.5405611],[6.5666851,46.5406302],[6.5668276,46.5407059],[6.5669623,46.5407881]]}},{"type":"Feature","properties":{"bridge":"yes","highway":"motorway","int_ref":"E 25","lanes":"2","layer":"1","maxspeed":"120","name":"Viadukt Galmitz","oneway":"yes","ref":"A1","surface":"asphalt","toll":"yes","carriage_ref":"B"},"geometry":{"type":"LineString","coordinates":[[7.1606083,46.9460777],[7.1608719,46.9462369],[7.1611313,46.9463997],[7.1614178,46.9465875],[7.1617042,46.9467824],[7.1619577,46.9469657],[7.162221,46.9471651],[7.1624589,46.9473507],[7.1627217,46.9475668],[7.1629563,46.9477718],[7.1631849,46.9479807],[7.1634247,46.9482057],[7.1636524,46.948427],[7.1638698,46.9486574],[7.1640892,46.9488978],[7.1642806,46.9491228],[7.1644741,46.9493579],[7.1646527,46.9495932],[7.1648244,46.9498265],[7.1649764,46.9500483],[7.165138,46.9502867],[7.1652931,46.9505328]]}},{"type":"Feature","properties":{"bridge":"yes","highway":"motorway","lanes":"2","layer":"1","lit":"no","maxspeed":"100","oneway":"yes","ref":"A1","surface":"asphalt","toll":"yes","carriage_ref":"A"},"geometry":{"type":"LineString","coordinates":[[8.2494924,47.4475851],[8.2489987,47.4473346]]}},{"type":"Feature","properties":{"highway":"motorway","int_ref":"E 25;E 62","lanes":"2","maxspeed":"signals","oneway":"yes","ref":"A1","toll":"yes","carriage_ref":"A"},"geometry":{"type":"LineString","coordinates":[[6.1459939,46.2898751],[6.1459421,46.2894961],[6.1458842,46.2890997],[6.1458008,46.2886078],[6.1457153,46.2881471],[6.1455436,46.2873406],[6.1454166,46.2868028],[6.1453317,46.2863791],[6.1450505,46.2853465],[6.1448562,46.2846906],[6.144563,46.283767],[6.1442862,46.2829723]]}},{"type":"Feature","properties":{"bridge":"yes","highway":"motorway","int_ref":"E 60","lanes":"2","layer":"1","maxspeed":"120","oneway":"yes","ref":"A1","surface":"asphalt","toll":"yes","carriage_ref":"B"},"geometry":{"type":"LineString","coordinates":[[9.6050547,47.4610941],[9.605296,47.4611007]]}},{"type":"Feature","properties":{"access":"yes","avz":"206","bicycle":"no","cs_dir:forward":"2","foot":"no","highway":"motorway","horse":"no","int_ref":"E 25","lanes":"2","lit":"no","maxspeed":"120","motor_vehicle":"designated","oneway":"yes","ref":"A1","ssvz":"1109N","surface":"asphalt","toll":"yes","carriage_ref":"A"},"geometry":{"type":"LineString","coordinates":[[6.6108,46.7495811],[6.6097218,46.749341],[6.6089791,46.7491692],[6.6082369,46.7489921],[6.6076729,46.7488529],[6.6071069,46.7487086],[6.6065076,46.748556],[6.6058808,46.7483916]]}},{"type":"Feature","properties":{"highway":"motorway","int_ref":"E 60","lanes":"3","maxspeed":"120","oneway":"yes","ref":"A1","surface":"asphalt","toll":"yes","turn:lanes":"merge_to_right|none|none","carriage_ref":"A"},"geometry":{"type":"LineString","coordinates":[[9.4226931,47.4503126],[9.4220826,47.449713],[9.4219275,47.4495502],[9.4215962,47.4492023]]}},{"type":"Feature","properties":{"avz":"217","cs_dir:forward":"1","highway":"motorway","int_ref":"E 60","lanes":"2","maxspeed":"120","oneway":"yes","ref":"A1","surface":"asphalt","toll":"yes","carriage_ref":"B"},"geometry":{"type":"LineString","coordinates":[[9.0035933,47.4713005],[9.0048702,47.4713012],[9.0060947,47.4712537],[9.0070979,47.4711959],[9.007603,47.4711552],[9.0081434,47.4711034],[9.0092272,47.4709756]]}},{"type":"Feature","properties":{"highway":"motorway","int_ref":"E 41;E 60","lanes":"3","lit":"no","maxspeed":"120","oneway":"yes","overtaking:hgv":"no","ref":"A1;A4","source:maxspeed":"CH:motorway","surface":"asphalt","toll":"yes","carriage_ref":"B"},"geometry":{"type":"LineString","coordinates":[[8.517155,47.4317629],[8.5176062,47.4318944],[8.5180414,47.4320181],[8.5184789,47.4321337],[8.5189362,47.4322554],[8.519367,47.432363],[8.519826,47.4324731],[8.5202532,47.4325732],[8.5207123,47.4326725],[8.5211742,47.4327718],[8.5216127,47.4328607],[8.5220708,47.4329464],[8.5225089,47.433028],[8.5227415,47.4330732],[8.5232002,47.433155],[8.5236537,47.4332249],[8.524126,47.4332961],[8.5245988,47.4333621],[8.5250656,47.4334225],[8.5255192,47.4334793],[8.5260102,47.433529],[8.5264879,47.4335778],[8.5269364,47.4336157],[8.5274035,47.4336573],[8.5278772,47.4336914],[8.5283314,47.4337191],[8.5287988,47.4337502],[8.5292838,47.4337656],[8.5297547,47.433787],[8.530199,47.4337935],[8.5305629,47.4338009],[8.5309093,47.4338112],[8.5313576,47.4338199],[8.5318751,47.4338123],[8.5323302,47.43381],[8.5327871,47.4337901],[8.5333917,47.4337749],[8.5338191,47.4337693],[8.5342982,47.4337314],[8.534798,47.4337082],[8.535264,47.4336744],[8.5357382,47.4336397],[8.5364237,47.4335839],[8.5368697,47.433542],[8.5373385,47.4334935],[8.5378151,47.4334428],[8.5382194,47.4333868],[8.5386887,47.4333218],[8.5391709,47.4332566],[8.5396041,47.4331886],[8.5400447,47.4331199],[8.5405732,47.4330271],[8.5410374,47.4329374],[8.5414967,47.4328569],[8.5419806,47.4327587],[8.5424059,47.4326656],[8.5427879,47.4325771],[8.5433746,47.4324409],[8.5437273,47.4323493],[8.5440289,47.4322703],[8.544579,47.4321198]]}},{"type":"Feature","properties":{"highway":"motorway","int_ref":"E 25","lanes":"2","lit":"no","maxspeed":"120","oneway":"yes","ref":"A1","surface":"asphalt","toll":"yes","carriage_ref":"A"},"geometry":{"type":"LineString","coordinates":[[7.7058257,47.2605874],[7.7053138,47.2603289],[7.7048483,47.2600953],[7.7036816,47.2595557]]}},{"type":"Feature","properties":{"avz":"93","cs_dir:forward":"2","highway":"motorway","int_ref":"E 41;E 60","lanes":"3","lit":"yes","maxspeed":"100","oneway":"yes","placement":"right_of:1","ref":"A1;A4","shoulder:right":"yes","source:maxspeed":"sign","ssvz":"700N","surface":"asphalt","toll":"yes","carriage_ref":"A"},"geometry":{"type":"LineString","coordinates":[[8.6982563,47.5213217],[8.6976727,47.5206298],[8.6974626,47.5203909],[8.6972566,47.5201537],[8.6968942,47.5197495],[8.6965343,47.5193762],[8.6962835,47.5191202]]}},{"type":"Feature","properties":{"bridge":"yes","carriage_ref":"A","highway":"motorway","int_ref":"E 25;E 62","lanes":"2","layer":"1","lit":"no","maxspeed":"signals","oneway":"yes","ref":"A1","source":"Orthophotos du SITG (Système d'Information du Territoire Genevois)","toll":"yes"},"geometry":{"type":"LineString","coordinates":[[6.1003612,46.1635504],[6.1004906,46.1633543]]}},{"type":"Feature","properties":{"highway":"motorway","int_ref":"E 41;E 60","lanes":"2","layer":"-1","length":"3250","lit":"24/7","maxspeed":"100","oneway":"yes","ref":"A1;A4","source:maxspeed":"sign","surface":"asphalt","toll":"yes","tunnel":"yes","tunnel:name":"Gubristtunnel","wikipedia":"de:Gubristtunnel","carriage_ref":"A"},"geometry":{"type":"LineString","coordinates":[[8.4828606,47.4240677],[8.4822156,47.423854],[8.4818294,47.4237238],[8.4814294,47.4235987],[8.4806158,47.4233698],[8.4802161,47.4232706],[8.4798076,47.4231774],[8.4790481,47.4230264],[8.4782677,47.4229077],[8.4765454,47.4227082],[8.468078,47.4219704],[8.4666654,47.4218441],[8.4652545,47.4216904],[8.462424,47.4213917],[8.460215,47.4211594],[8.4580116,47.4208895],[8.4536002,47.4203321],[8.4522363,47.4201415],[8.4507453,47.4198752],[8.4496516,47.4196216],[8.4488663,47.4193997],[8.4480434,47.4191254],[8.4472401,47.4188278],[8.4465944,47.418552],[8.4460241,47.4182851],[8.445544,47.4180241],[8.4450794,47.4177319],[8.44458,47.417383],[8.4440191,47.4169525],[8.4432562,47.4165001],[8.4426199,47.4161309],[8.4420487,47.4158362]]}},{"type":"Feature","properties":{"highway":"motorway","int_ref":"E 41;E 60","lanes":"2","maxspeed":"100","oneway":"yes","overtaking:hgv":"no","ref":"A1;A4","source:maxspeed":"sign","surface":"asphalt","toll":"yes","carriage_ref":"B"},"geometry":{"type":"LineString","coordinates":[[8.687335,47.504857],[8.6872362,47.5050206],[8.6871663,47.5051766],[8.6870984,47.505333],[8.6870342,47.5054908],[8.6869734,47.5056442],[8.6869221,47.5057932],[8.6868496,47.5060469],[8.6867849,47.5063001]]}},{"type":"Feature","properties":{"highway":"motorway","lanes":"3","lit":"no","maxspeed":"120","oneway":"yes","ref":"A1","surface":"asphalt","toll":"yes","turn:lanes":"through|through|slight_right","carriage_ref":"A"},"geometry":{"type":"LineString","coordinates":[[8.1985493,47.3983019],[8.1978454,47.3981864],[8.1971248,47.3981105],[8.1964189,47.3980575],[8.1953341,47.3979882]]}},{"type":"Feature","properties":{"highway":"motorway","int_ref":"E 60","lanes":"3","maxspeed":"120","oneway":"yes","ref":"A1","surface":"asphalt","toll":"yes","turn:lanes":"none|none|merge_to_left","carriage_ref":"B"},"geometry":{"type":"LineString","coordinates":[[8.9987814,47.4712262],[9.0011758,47.4712731]]}},{"type":"Feature","properties":{"highway":"motorway","int_ref":"E 41;E 60","lanes":"2","lit":"no","maxspeed":"100","oneway":"yes","ref":"A1;A4","source:maxspeed":"CH:motorway","surface":"asphalt","toll":"yes","carriage_ref":"B"},"geometry":{"type":"LineString","coordinates":[[8.4903664,47.4259406],[8.4907531,47.4259887],[8.4911637,47.4260422],[8.4919501,47.4261504],[8.4926531,47.4262342]]}},{"type":"Feature","properties":{"highway":"motorway","int_ref":"E 25","lanes":"2","lit":"no","maxspeed":"120","maxspeed:variable":"peak_traffic","oneway":"yes","ref":"A1","surface":"asphalt","toll":"yes","carriage_ref":"B"},"geometry":{"type":"LineString","coordinates":[[7.7597554,47.2979349],[7.7625026,47.2990012],[7.7724822,47.3028541],[7.7736121,47.3032918],[7.7747467,47.3037256],[7.7757839,47.3041228],[7.7768242,47.3045148],[7.7778647,47.3049062],[7.7789144,47.3052894],[7.7797921,47.3056137],[7.7806779,47.3059324],[7.7815643,47.3062491],[7.7824589,47.3065606],[7.7830992,47.3067804],[7.7837406,47.3069981],[7.7843819,47.3072143],[7.7850266,47.3074265],[7.7855131,47.3075856],[7.786001,47.3077413],[7.7864878,47.3078982],[7.7869764,47.3080541]]}},{"type":"Feature","properties":{"highway":"motorway","int_ref":"E 60","lanes":"3","lit":"no","maxspeed":"100","oneway":"yes","ref":"A1;A3","signals":"maxspeed=signals","surface":"asphalt","toll":"yes","carriage_ref":"B"},"geometry":{"type":"LineString","coordinates":[[8.267268,47.4533225],[8.2677007,47.4535164],[8.2681267,47.453719],[8.2685117,47.4539075],[8.2689018,47.4541023],[8.2698453,47.4545812],[8.2702192,47.4547766],[8.2705975,47.4549691],[8.2709782,47.4551604],[8.271363,47.4553496]]}},{"type":"Feature","properties":{"highway":"motorway","int_ref":"E 25","lanes":"2","maxspeed":"120","oneway":"yes","ref":"A1","surface":"asphalt","toll":"yes","carriage_ref":"A"},"geometry":{"type":"LineString","coordinates":[[7.5742416,47.0981792],[7.5739588,47.0969623],[7.5738296,47.096392],[7.5734895,47.0948874],[7.573203,47.0936092],[7.5731513,47.0933632],[7.5731032,47.0931168],[7.573057,47.0928768],[7.5730189,47.0926375],[7.5729969,47.0924796],[7.572978,47.0923271],[7.572959,47.0921684],[7.5729414,47.0920079],[7.5729295,47.0918493],[7.5729238,47.0916847],[7.5729224,47.0913523],[7.5729236,47.0911819],[7.5729364,47.0910028]]}},{"type":"Feature","properties":{"destination":"Genève;Lausanne-Sud;Lausanne-Crissier","highway":"motorway","int_ref":"E 23;E 25","lanes":"2","maxspeed":"100","oneway":"yes","ref":"A1","toll":"yes","carriage_ref":"A"},"geometry":{"type":"LineString","coordinates":[[6.5577467,46.5685057],[6.5581962,46.5667052],[6.5585297,46.5655265],[6.558725,46.564928],[6.5589513,46.5643035]]}},{"type":"Feature","properties":{"highway":"motorway","lanes":"2","lit":"no","maxspeed":"120","oneway":"yes","ref":"A1","surface":"asphalt","toll":"yes","carriage_ref":"A"},"geometry":{"type":"LineString","coordinates":[[8.0678573,47.3608108],[8.0675026,47.3605241],[8.0672026,47.3602756],[8.0667654,47.3598953],[8.0663519,47.359523],[8.0649738,47.3582773],[8.0646809,47.3580188],[8.0643808,47.3577616],[8.063767,47.357257],[8.0634509,47.3570065],[8.063128,47.3567606],[8.0627919,47.3565124],[8.0624627,47.3562754],[8.0621254,47.3560406],[8.061778,47.3558048],[8.061439,47.3555808]]}},{"type":"Feature","properties":{"avz":"282","cs_dir:forward":"2","highway":"motorway","int_ref":"E 60","lanes":"3","maxspeed":"100","oneway":"yes","ref":"A1","surface":"asphalt","toll":"yes","carriage_ref":"A"},"geometry":{"type":"LineString","coordinates":[[9.336073,47.4208227],[9.3349406,47.4205867],[9.3344667,47.4204693],[9.3337829,47.4202814],[9.3330164,47.4200402],[9.332268,47.4197715],[9.3298275,47.4187984],[9.3287034,47.4183994]]}},{"type":"Feature","properties":{"highway":"motorway","lanes":"2","lit":"no","maxspeed":"120","oneway":"yes","ref":"A1","surface":"asphalt","toll":"yes","carriage_ref":"A"},"geometry":{"type":"LineString","coordinates":[[8.0430092,47.340388],[8.0424275,47.3397807],[8.041675,47.3390187],[8.0411462,47.3384536]]}},{"type":"Feature","properties":{"destination":"Nyon","highway":"motorway","int_ref":"E 25;E 62","lanes":"2","maxspeed":"120","oneway":"yes","ref":"A1","toll":"yes","carriage_ref":"A"},"geometry":{"type":"LineString","coordinates":[[6.2628737,46.4281641],[6.2581551,46.4253337]]}},{"type":"Feature","properties":{"highway":"motorway","int_ref":"E 35","lanes":"3","lit":"no","maxspeed":"120","oneway":"yes","ref":"A1;A2","surface":"asphalt","toll":"yes","carriage_ref":"B"},"geometry":{"type":"LineString","coordinates":[[7.8921889,47.312718],[7.8926362,47.3126539]]}},{"type":"Feature","properties":{"highway":"motorway","lanes":"2","lit":"no","maxspeed":"120","oneway":"yes","ref":"A1","surface":"asphalt","toll":"yes","carriage_ref":"B"},"geometry":{"type":"LineString","coordinates":[[7.9347738,47.310152],[7.9372478,47.3121611],[7.937846,47.3126413],[7.9381523,47.3128768],[7.938463,47.3131107],[7.9387782,47.3133418],[7.9391,47.3135696],[7.9394281,47.3137908],[7.9397632,47.3140082],[7.9401175,47.3142225],[7.9404641,47.3144222],[7.9408204,47.3146144],[7.9412003,47.314805],[7.9415899,47.3149875],[7.941982,47.3151562],[7.9423814,47.3153177]]}},{"type":"Feature","properties":{"highway":"motorway","int_ref":"E 60","lanes":"3","lit":"no","maxspeed":"120","oneway":"yes","ref":"A1;A3","surface":"asphalt","toll":"yes","carriage_ref":"A"},"geometry":{"type":"LineString","coordinates":[[8.4095742,47.4198936],[8.4089844,47.4200762],[8.4085144,47.4202148]]}},{"type":"Feature","properties":{"highway":"motorway","int_ref":"E 25","lanes":"3","lit":"no","maxspeed":"120","oneway":"yes","ref":"A1","surface":"asphalt","toll":"yes","turn:lanes":"none|none|slight_right","carriage_ref":"B"},"geometry":{"type":"LineString","coordinates":[[7.7011054,47.2584262],[7.7021733,47.2587935],[7.7028698,47.2590595],[7.7035014,47.2593261],[7.7040181,47.2595571]]}},{"type":"Feature","properties":{"change:lanes":"not_left|not_right|yes","highway":"motorway","int_ref":"E 60","lanes":"3","maxspeed":"120","oneway":"yes","placement":"right_of:1","ref":"A1","shoulder:right":"yes","source:maxspeed":"CH:motorway","surface":"asphalt","toll":"yes","turn:lanes":"||merge_to_left","carriage_ref":"A"},"geometry":{"type":"LineString","coordinates":[[9.4727844,47.4665436],[9.4721004,47.4664511]]}},{"type":"Feature","properties":{"highway":"motorway","int_ref":"E 25","lanes":"2","maxspeed":"100","oneway":"yes","ref":"A1","surface":"asphalt","toll":"yes","carriage_ref":"A"},"geometry":{"type":"LineString","coordinates":[[6.8682162,46.8323555],[6.8677414,46.8324495],[6.8672959,46.8325262],[6.8668504,46.8325941],[6.8664908,46.8326422]]}},{"type":"Feature","properties":{"highway":"motorway","int_ref":"E 25;E 62","lanes":"2","maxspeed":"120","oneway":"yes","ref":"A1","toll":"yes","carriage_ref":"A"},"geometry":{"type":"LineString","coordinates":[[6.2106456,46.3966663],[6.2099354,46.3957934],[6.2092607,46.3949167],[6.2085374,46.3939778],[6.2078611,46.3930327],[6.2067249,46.3913777],[6.206355,46.3907705],[6.2059517,46.3900924],[6.2052108,46.3887669],[6.2046733,46.3877134],[6.2042381,46.3868216]]}},{"type":"Feature","properties":{"highway":"motorway","int_ref":"E 25","lanes":"3","layer":"-2","lit":"yes","maxspeed":"100","name":"Brünnen","oneway":"yes","ref":"A1","surface":"asphalt","toll":"yes","tunnel":"yes","tunnel:name":"Brünnen","turn:lanes":"||slight_right","carriage_ref":"A"},"geometry":{"type":"LineString","coordinates":[[7.3751816,46.9453072],[7.3747316,46.9451888],[7.3740702,46.9450161]]}},{"type":"Feature","properties":{"highway":"motorway","int_ref":"E 60","lanes":"2","layer":"-1","maxspeed":"100","name":"Stephanshorn","oneway":"yes","ref":"A1","surface":"asphalt","toll":"yes","tunnel":"yes","tunnel:name":"Stephanshorn","carriage_ref":"B"},"geometry":{"type":"LineString","coordinates":[[9.3979785,47.4358984],[9.3984748,47.436103],[9.3988841,47.4363063],[9.3992993,47.4365443],[9.3996374,47.436781],[9.4002167,47.4372478],[9.4004994,47.4374912],[9.400794,47.4377279],[9.4011123,47.4379566],[9.4015176,47.4381919],[9.4018992,47.4383992],[9.4020871,47.4384942],[9.40235,47.4386145],[9.4027791,47.438779],[9.4031211,47.4388766],[9.4034612,47.4389649],[9.4038111,47.4390411],[9.4041512,47.4391026],[9.404519,47.4391575],[9.4047542,47.4391832],[9.404863,47.4391909],[9.4049757,47.4391976],[9.4054245,47.4392163],[9.4056578,47.4392163],[9.4058871,47.4392136],[9.4063518,47.4391962],[9.4068777,47.4391655],[9.4073485,47.4391303],[9.4087543,47.438957]]}},{"type":"Feature","properties":{"bridge":"yes","highway":"motorway","int_ref":"E 41;E 60","lanes":"2","layer":"1","maxspeed":"100","oneway":"yes","overtaking:hgv":"no","ref":"A1;A4","source:maxspeed":"sign","surface":"asphalt","toll":"yes","carriage_ref":"B"},"geometry":{"type":"LineString","coordinates":[[8.6867849,47.5063001],[8.6867295,47.5065663]]}},{"type":"Feature","properties":{"change:lanes":"not_left|yes|no","highway":"motorway","int_ref":"E 60","lanes":"3","maxspeed":"120","oneway":"yes","placement":"right_of:1","ref":"A1","shoulder":"none","source:maxspeed":"CH:motorway","surface":"asphalt","toll":"yes","turn:lanes":"||slight_right","carriage_ref":"A"},"geometry":{"type":"LineString","coordinates":[[9.4797206,47.4663251],[9.4793388,47.4664028]]}},{"type":"Feature","properties":{"highway":"motorway","int_ref":"E 41;E 60","lanes":"3","lit":"no","maxspeed":"120","oneway":"yes","overtaking:hgv":"no","ref":"A1;A4","source:maxspeed":"CH:motorway","surface":"asphalt","toll":"yes","carriage_ref":"B"},"geometry":{"type":"LineString","coordinates":[[8.5501032,47.4302778],[8.5504948,47.4301165],[8.550889,47.4299427],[8.5512995,47.4297571],[8.5516955,47.4295787],[8.5520951,47.4293926],[8.5524887,47.429214],[8.5528482,47.4290304],[8.5531608,47.4288713],[8.5536092,47.4286386]]}},{"type":"Feature","properties":{"avz":"56","cs_dir:forward":"1","destination:int_ref:lanes":"E 25|E 25|E 27|E 27","destination:lanes":"Zürich;Basel;Kirchberg|Zürich;Basel;Kirchberg|Biel/Bienne;Schönbühl;Einkaufszentrum|Biel/Bienne;Schönbühl;Einkaufszentrum","destination:ref:lanes":"1|1|6|6","highway":"motorway","int_ref":"E 25;E 27","lanes":"4","maxspeed:lanes":"100|100|80|80","oneway":"yes","ref":"A1;A6","ssvz":"944N","surface":"asphalt","toll":"yes","turn:lanes":"through|through|slight_right|slight_right","carriage_ref":"B"},"geometry":{"type":"LineString","coordinates":[[7.4964538,47.0083498],[7.4966184,47.0087291],[7.4966874,47.0088997],[7.4967463,47.0090692],[7.4967992,47.0092441],[7.496844,47.0094018],[7.4968831,47.0095572],[7.4969186,47.0097297],[7.4969496,47.009888],[7.4969674,47.0100432]]}},{"type":"Feature","properties":{"highway":"motorway","int_ref":"E 25","lanes":"2","lit":"no","maxspeed":"120","maxspeed:variable":"peak_traffic","oneway":"yes","ref":"A1","surface":"asphalt","toll":"yes","carriage_ref":"B"},"geometry":{"type":"LineString","coordinates":[[7.7424329,47.2916447],[7.755006,47.2961395],[7.7564047,47.2966527],[7.7577852,47.2971764],[7.7596378,47.2978909],[7.7597554,47.2979349]]}},{"type":"Feature","properties":{"bicycle":"no","foot":"no","highway":"motorway","int_ref":"E 60","lanes":"3","lit":"no","maxspeed":"120","oneway":"yes","ref":"A1;A3","surface":"asphalt","toll":"yes","carriage_ref":"B"},"geometry":{"type":"LineString","coordinates":[[8.3492989,47.4371953],[8.3495653,47.4370406],[8.3499366,47.4368393],[8.3503159,47.436642],[8.3507018,47.4364528],[8.3511021,47.4362602],[8.3514941,47.4360832],[8.3520937,47.4358227],[8.352758,47.4355477],[8.3534281,47.4352765]]}},{"type":"Feature","properties":{"destination":"Murten","highway":"motorway","int_ref":"E 25","lanes":"2","maxspeed":"120","oneway":"yes","ref":"A1","surface":"asphalt","toll":"yes","carriage_ref":"B"},"geometry":{"type":"LineString","coordinates":[[7.0213881,46.8806861],[7.0217557,46.8808028],[7.0221933,46.8809403],[7.0226212,46.8810793],[7.0230424,46.8812178],[7.0234685,46.8813644],[7.0240892,46.8815855],[7.0247091,46.8818158],[7.0252205,46.8820092]]}},{"type":"Feature","properties":{"highway":"motorway","int_ref":"E 25;E 62","lanes":"2","maxspeed":"signals","oneway":"yes","ref":"A1","source":"Orthophotos 2009 du SITG (Système d'Information du Territoire Genevois)","toll":"yes","carriage_ref":"B"},"geometry":{"type":"LineString","coordinates":[[6.1460229,46.2962915],[6.1459276,46.2968335],[6.1458179,46.2973545],[6.1455241,46.2986071],[6.1451574,46.2999832],[6.1447672,46.3013981],[6.1443377,46.3030432],[6.1441461,46.3038754],[6.1440093,46.3045322],[6.1438635,46.3053669],[6.143771,46.3060289],[6.1437144,46.3066223],[6.1436712,46.3072496],[6.1436552,46.3076168],[6.1436453,46.3080343],[6.1436495,46.3087155],[6.1436648,46.3091066],[6.1436859,46.3094868],[6.143709,46.3098],[6.1437453,46.3101887],[6.1438089,46.3107318],[6.1438557,46.3110687],[6.1439096,46.3113925],[6.1439789,46.3117797],[6.1440619,46.3121827],[6.1441549,46.3125972],[6.1442504,46.3129981],[6.1443569,46.313387],[6.144466,46.3137634],[6.1446818,46.3144347],[6.1449427,46.3151652],[6.1452163,46.3158717],[6.145415,46.3163501],[6.1456343,46.3168616]]}},{"type":"Feature","properties":{"bridge":"yes","highway":"motorway","int_ref":"E 60","lanes":"2","layer":"1","maxspeed":"120","oneway":"yes","ref":"A1","surface":"asphalt","toll":"yes","carriage_ref":"B"},"geometry":{"type":"LineString","coordinates":[[9.1535719,47.4487517],[9.1543221,47.4482756]]}},{"type":"Feature","properties":{"highway":"motorway","int_ref":"E 25;E 62","lanes":"2","maxspeed":"80","oneway":"yes","ref":"A1","source":"Orthophotos 2009 du SITG (Système d'Information du Territoire Genevois)","toll":"yes","carriage_ref":"A"},"geometry":{"type":"LineString","coordinates":[[6.1392419,46.252412],[6.1392511,46.2521543],[6.1392231,46.2519037],[6.1391852,46.251736],[6.1391108,46.2515141],[6.1390215,46.2513111],[6.1389043,46.2511174],[6.1387213,46.2508736],[6.13851,46.2506423],[6.1383421,46.2504929],[6.138113,46.2503118],[6.1378682,46.2501466],[6.1375823,46.2499776],[6.1373405,46.2498445],[6.1370053,46.2496801]]}},{"type":"Feature","properties":{"highway":"motorway","int_ref":"E 25","lanes":"2","maxspeed":"100","maxspeed:variable":"peak_traffic","oneway":"yes","ref":"A1","surface":"asphalt","toll":"yes","carriage_ref":"A"},"geometry":{"type":"LineString","coordinates":[[7.5694701,47.0759595],[7.5690751,47.0753899],[7.5680941,47.0740006],[7.5674784,47.0731104],[7.5669743,47.0723992],[7.5662962,47.0714421],[7.5655702,47.0704252],[7.5652611,47.0699969],[7.5649287,47.0695543]]}},{"type":"Feature","properties":{"highway":"motorway","int_ref":"E 23;E 25","lanes":"2","lit":"no","maxspeed":"120","oneway":"yes","ref":"A1;A9","toll":"yes","carriage_ref":"A"},"geometry":{"type":"LineString","coordinates":[[6.5574294,46.5698742],[6.5577467,46.5685057]]}},{"type":"Feature","properties":{"destination":"Gland","highway":"motorway","int_ref":"E 25;E 62","lanes":"2","maxspeed":"120","oneway":"yes","ref":"A1","toll":"yes","carriage_ref":"B"},"geometry":{"type":"LineString","coordinates":[[6.2065026,46.390741],[6.2069404,46.3914356],[6.2079996,46.3929837],[6.2086898,46.3939441]]}},{"type":"Feature","properties":{"avz":"69","cs_dir:forward":"1","highway":"motorway","int_ref":"E 25;E 62","lanes":"2","maxspeed":"80","oneway":"yes","ref":"A1","ssvz":"998N","surface":"asphalt","toll":"yes","carriage_ref":"B"},"geometry":{"type":"LineString","coordinates":[[6.1389814,46.2544493],[6.1386808,46.2546351],[6.1379462,46.2550612],[6.1376097,46.2552638],[6.1373414,46.2554375],[6.1369511,46.2557291],[6.136398,46.2561615]]}},{"type":"Feature","properties":{"highway":"motorway","int_ref":"E 41;E 60","lanes":"2","lit":"yes","maxspeed":"100","oneway":"yes","ref":"A1;A4","source:maxspeed":"sign","surface":"asphalt","toll":"yes","carriage_ref":"B"},"geometry":{"type":"LineString","coordinates":[[8.5746806,47.4124909],[8.574787,47.4123293],[8.5748943,47.4121783],[8.5750149,47.4120342],[8.5751932,47.4118536],[8.575404,47.4116652]]}},{"type":"Feature","properties":{"bridge":"yes","highway":"motorway","int_ref":"E 60","lanes":"2","layer":"1","maxspeed":"120","oneway":"yes","ref":"A1","surface":"asphalt","toll":"yes","carriage_ref":"A"},"geometry":{"type":"LineString","coordinates":[[9.1234231,47.4569088],[9.1228979,47.457127]]}},{"type":"Feature","properties":{"highway":"motorway","int_ref":"E 60","lanes":"2","maxspeed":"120","oneway":"yes","ref":"A1","shoulder:right":"yes","source:maxspeed":"CH:motorway","surface":"asphalt","toll":"yes","carriage_ref":"A"},"geometry":{"type":"LineString","coordinates":[[9.4777395,47.4666456],[9.4771136,47.4667008],[9.4764563,47.4667362],[9.4758558,47.4667483],[9.4752361,47.4667351],[9.4745418,47.4667027],[9.4739581,47.4666623],[9.4735196,47.4666281],[9.4730633,47.4665792]]}},{"type":"Feature","properties":{"highway":"motorway","int_ref":"E 25","lanes":"3","lit":"no","maxspeed":"120","oneway":"yes","ref":"A1","surface":"asphalt","toll":"yes","turn:lanes":"||merge_to_left","carriage_ref":"B"},"geometry":{"type":"LineString","coordinates":[[7.6024313,47.2153948],[7.602563,47.2156535],[7.6026735,47.2158706],[7.6029271,47.216319],[7.6031999,47.216773],[7.6033397,47.2169977],[7.6034859,47.2172215]]}},{"type":"Feature","properties":{"highway":"motorway","int_ref":"E 25;E 62","lanes":"2","maxspeed":"signals","oneway":"yes","ref":"A1","source":"Orthophotos 2009 du SITG (Système d'Information du Territoire Genevois)","toll":"yes","carriage_ref":"A"},"geometry":{"type":"LineString","coordinates":[[6.1554057,46.3309151],[6.1545759,46.3299974],[6.1538854,46.3292325],[6.1531704,46.3284343],[6.1524965,46.3276601],[6.1517647,46.3268015],[6.1511067,46.3260019],[6.1503798,46.3250881],[6.150025,46.3246261],[6.1496988,46.3241829],[6.1492668,46.3235853],[6.148994,46.3231933],[6.1486962,46.3227504],[6.1483814,46.322275],[6.1480927,46.321823],[6.1478377,46.3214141],[6.1475775,46.320983],[6.1473263,46.3205572],[6.1470779,46.3201197],[6.1468479,46.3197038],[6.1466194,46.3192737],[6.1462342,46.3185295],[6.1460542,46.3181631],[6.1458898,46.3178197]]}},{"type":"Feature","properties":{"change:lanes":"not_left|not_right|yes","hazmat:water":"permissive","highway":"motorway","int_ref":"E 41;E 60","lanes":"3","maxspeed":"100","oneway":"yes","overtaking:hgv":"no","placement":"right_of:1","ref":"A1;A4","shoulder:right":"yes","source:maxspeed":"sign","surface":"asphalt","toll":"yes","turn:lanes":"none|none|merge_to_left","carriage_ref":"A"},"geometry":{"type":"LineString","coordinates":[[8.6912227,47.5147544],[8.690864,47.5144253]]}},{"type":"Feature","properties":{"carriage_ref":"A","highway":"motorway","int_ref":"E 25;E 62","lanes":"4","lit":"yes","maxspeed":"100","oneway":"yes","ref":"A1","source":"Orthophotos du SITG (Système d'Information du Territoire Genevois)","toll":"yes"},"geometry":{"type":"LineString","coordinates":[[6.0922406,46.1711276],[6.0930404,46.1703755]]}},{"type":"Feature","properties":{"change:lanes":"no|not_left|not_right","highway":"motorway","int_ref":"E 41;E 60","lanes":"3","lit":"yes","maxspeed":"signals","oneway":"yes","placement":"right_of:2","ref":"A1;A4","shoulder:left":"yes","source:maxspeed":"signals","surface":"asphalt","toll":"yes","carriage_ref":"A"},"geometry":{"type":"LineString","coordinates":[[8.5744879,47.4162513],[8.5744812,47.4164287]]}},{"type":"Feature","properties":{"avz":"288","cs_dir:forward":"1","highway":"motorway","int_ref":"E 25","lanes":"3","lit":"no","maxspeed":"120","oneway":"yes","ref":"A1","surface":"asphalt","toll":"yes","turn:lanes":"||slight_right","carriage_ref":"B"},"geometry":{"type":"LineString","coordinates":[[7.7210082,47.2807144],[7.7211496,47.2808603],[7.7213657,47.2810805],[7.7215924,47.2812979],[7.7218202,47.2815155],[7.7220535,47.2817322]]}},{"type":"Feature","properties":{"bicycle":"no","foot":"no","highway":"motorway","lanes":"2","lit":"no","maxspeed":"120","oneway":"yes","ref":"A1","surface":"asphalt","toll":"yes","carriage_ref":"B"},"geometry":{"type":"LineString","coordinates":[[8.1114556,47.3825463],[8.1118069,47.382961],[8.1121631,47.3833672],[8.1124148,47.3836461],[8.112538,47.3837803],[8.112664,47.3839138],[8.1128588,47.3841205],[8.1130584,47.3843253],[8.1133287,47.3845925],[8.1135671,47.3848253],[8.1137962,47.3850319],[8.11403,47.3852378],[8.1143251,47.3854911],[8.1146275,47.385741],[8.1150827,47.3861029],[8.1154593,47.3863791],[8.1160057,47.3867691],[8.1166168,47.3871661]]}},{"type":"Feature","properties":{"highway":"motorway","int_ref":"E 25","lanes":"3","maxspeed":"100","maxspeed:variable":"peak_traffic","oneway":"yes","ref":"A1","surface":"asphalt","toll":"yes","turn:lanes":"none|none|slight_right","carriage_ref":"A"},"geometry":{"type":"LineString","coordinates":[[7.5738875,47.0838091],[7.5738348,47.0835595]]}},{"type":"Feature","properties":{"avz":"149","cs_dir:forward":"1","highway":"motorway","int_ref":"E 23;E 25","lanes":"2","lit":"no","maxspeed":"120","oneway":"yes","ref":"A1;A9","ssvz":"822N","toll":"yes","carriage_ref":"B"},"geometry":{"type":"LineString","coordinates":[[6.5575822,46.5699207],[6.5571969,46.5715925]]}},{"type":"Feature","properties":{"highway":"motorway","lanes":"2","lit":"no","maxspeed":"120","oneway":"yes","ref":"A1","surface":"asphalt","toll":"yes","carriage_ref":"A"},"geometry":{"type":"LineString","coordinates":[[8.0462155,47.3436986],[8.044629,47.3420899],[8.0431636,47.3405516]]}},{"type":"Feature","properties":{"highway":"motorway","int_ref":"E 25","lanes":"3","maxspeed":"120","oneway":"yes","ref":"A1","surface":"asphalt","toll":"yes","turn:lanes":"none|none|slight_right","carriage_ref":"B"},"geometry":{"type":"LineString","coordinates":[[7.5893705,47.1710605],[7.5895286,47.1717838]]}},{"type":"Feature","properties":{"highway":"motorway","int_ref":"E 41;E 60","lanes":"3","maxspeed":"100","oneway":"yes","placement":"right_of:1","ref":"A1;A4","source:maxspeed":"sign","surface":"asphalt","toll":"yes","turn:lanes":"||merge_to_left","carriage_ref":"B"},"geometry":{"type":"LineString","coordinates":[[8.7022197,47.4877687],[8.7021644,47.4881266],[8.7021489,47.4882708],[8.7021382,47.4884174],[8.7021314,47.4885629],[8.7021263,47.4887093],[8.7021282,47.4889601]]}},{"type":"Feature","properties":{"destination":"Zürich;Rapperswil;Brüttisellen","highway":"motorway","int_ref":"E 41;E 60","lanes":"3","maxspeed":"120","oneway":"yes","ref":"A1;A4","shoulder:right":"yes","source:maxspeed":"CH:motorway","surface":"asphalt","toll":"yes","carriage_ref":"A"},"geometry":{"type":"LineString","coordinates":[[8.6958845,47.4453535],[8.6956739,47.4450942],[8.6955011,47.4449025],[8.6953522,47.4447521],[8.695204,47.4446046],[8.6950576,47.4444708],[8.6949115,47.4443299],[8.6946965,47.4441436],[8.69447,47.4439574],[8.6942458,47.4437733],[8.6939986,47.4435891],[8.6937526,47.4434144],[8.693499,47.4432445],[8.6932844,47.4431026],[8.6930179,47.4429433],[8.6928049,47.4428168],[8.6924992,47.4426348],[8.6921699,47.4424548],[8.6917776,47.4422494],[8.6911223,47.4419266],[8.6904908,47.4416403]]}},{"type":"Feature","properties":{"highway":"motorway","int_ref":"E 25","lanes":"3","lit":"no","maxspeed":"100","oneway":"yes","ref":"A1","surface":"asphalt","toll":"yes","carriage_ref":"B"},"geometry":{"type":"LineString","coordinates":[[7.3963171,46.9531735],[7.3965012,46.9530797],[7.3970064,46.9528189],[7.3975562,46.952533],[7.3978271,46.9523961],[7.3981114,46.952256],[7.3983677,46.9521342],[7.3986311,46.9520138],[7.3989456,46.9518744],[7.3992782,46.9517458],[7.3996171,46.9516219],[7.3999707,46.9515038]]}},{"type":"Feature","properties":{"highway":"motorway","lanes":"2","lit":"no","maxspeed":"120","oneway":"yes","ref":"A1","surface":"asphalt","toll":"yes","carriage_ref":"B"},"geometry":{"type":"LineString","coordinates":[[8.2175705,47.4101865],[8.217871,47.4104444],[8.2186068,47.4111386],[8.2196062,47.4121951],[8.2203038,47.4130391],[8.2205326,47.4133355],[8.2207562,47.4136317],[8.2208818,47.4138064]]}},{"type":"Feature","properties":{"highway":"motorway","int_ref":"E 41;E 60","lanes":"4","maxspeed":"120","oneway":"yes","placement":"middle_of:2","ref":"A1;A4","shoulder:right":"yes","source:maxspeed":"CH:motorway","surface":"asphalt","toll":"yes","turn:lanes":"|||merge_to_left","carriage_ref":"B"},"geometry":{"type":"LineString","coordinates":[[8.703582,47.4529803],[8.7038539,47.4531762],[8.7040636,47.4533278],[8.7042676,47.4534712]]}},{"type":"Feature","properties":{"highway":"motorway","int_ref":"E 25","lanes":"2","lit":"no","maxspeed":"120","oneway":"yes","ref":"A1","surface":"asphalt","toll":"yes","carriage_ref":"A"},"geometry":{"type":"LineString","coordinates":[[7.3213547,46.9556109],[7.3211678,46.9557028],[7.3209571,46.9557947],[7.3207535,46.9558688],[7.32054,46.955946],[7.3203095,46.9560223],[7.320092,46.95609],[7.3198829,46.9561532],[7.3196601,46.9562169],[7.3194398,46.9562792],[7.3192167,46.9563416],[7.3189892,46.9564033],[7.3187795,46.9564555],[7.3183232,46.9565631],[7.3180862,46.956615],[7.3178612,46.9566606],[7.3176357,46.9567023],[7.3174142,46.9567395],[7.3171816,46.9567777],[7.3169465,46.9568132],[7.3167131,46.9568436],[7.3164831,46.9568719],[7.3160156,46.9569196],[7.3155285,46.9569578],[7.3151742,46.9569785],[7.3148305,46.9569906],[7.3144798,46.9569951],[7.3139795,46.956998],[7.3135101,46.9569845],[7.3130408,46.95696],[7.3125669,46.9569263],[7.3120929,46.9568829],[7.3116246,46.9568357],[7.3112867,46.956796],[7.3109338,46.9567524],[7.3102411,46.9566617],[7.3095172,46.9565689],[7.3088373,46.9564879],[7.3083643,46.9564378],[7.3078962,46.9563926],[7.3074323,46.9563566],[7.306961,46.9563282],[7.3064925,46.9563103],[7.3060243,46.956308],[7.3055538,46.9563167],[7.3050848,46.9563369],[7.3046209,46.9563642],[7.304151,46.9564068],[7.3036934,46.9564592],[7.3032156,46.9565263],[7.3027536,46.9566033],[7.3022815,46.9566924],[7.3018201,46.9567911],[7.3013098,46.9568904]]}},{"type":"Feature","properties":{"avz":"198","cs_dir:forward":"2","highway":"motorway","int_ref":"E 60","lanes":"2","maxspeed":"120","oneway":"yes","ref":"A1","shoulder:right":"yes","source:maxspeed":"CH:motorway","ssvz":"962N","surface":"asphalt","toll":"yes","carriage_ref":"A"},"geometry":{"type":"LineString","coordinates":[[9.4793388,47.4664028],[9.4788886,47.4664862],[9.4783269,47.466573],[9.4777395,47.4666456]]}},{"type":"Feature","properties":{"bridge":"yes","highway":"motorway","int_ref":"E 25","lanes":"2","layer":"1","maxspeed":"100","oneway":"yes","ref":"A1","surface":"asphalt","toll":"yes","carriage_ref":"B"},"geometry":{"type":"LineString","coordinates":[[6.7606243,46.7900178],[6.7611035,46.7901078],[6.7614967,46.7901784],[6.7623215,46.790311],[6.7627421,46.7903792]]}},{"type":"Feature","properties":{"bridge":"yes","highway":"motorway","int_ref":"E 60","lanes":"3","layer":"1","maxspeed":"120","oneway":"yes","ref":"A1","surface":"asphalt","toll":"yes","carriage_ref":"B"},"geometry":{"type":"LineString","coordinates":[[9.155679,47.4473877],[9.1561983,47.4470472]]}},{"type":"Feature","properties":{"highway":"motorway","lanes":"2","lit":"no","maxspeed":"120","oneway":"yes","ref":"A1","surface":"asphalt","toll":"yes","carriage_ref":"B"},"geometry":{"type":"LineString","coordinates":[[8.0475348,47.3448135],[8.0481497,47.3454078],[8.0487136,47.3459434],[8.0498549,47.347009],[8.0502855,47.3474031],[8.0507225,47.3477947],[8.0511302,47.3481532],[8.0515444,47.3485085],[8.0518458,47.3487638],[8.0521492,47.3490181],[8.0524539,47.3492695],[8.0527646,47.3495192],[8.0530785,47.3497694],[8.0533958,47.3500187],[8.0537148,47.3502663],[8.0540355,47.350513],[8.054677,47.3509944],[8.0552599,47.3514207],[8.0559189,47.3518876],[8.0562643,47.3521281],[8.0566135,47.3523665],[8.0569524,47.3525953],[8.0572938,47.3528231],[8.0579878,47.3532712],[8.0586171,47.3536704],[8.0598554,47.3544393],[8.0610651,47.3551965]]}},{"type":"Feature","properties":{"bridge":"yes","highway":"motorway","int_ref":"E 25;E 62","lanes":"2","layer":"1","maxspeed":"signals","oneway":"yes","ref":"A1","toll":"yes","carriage_ref":"B"},"geometry":{"type":"LineString","coordinates":[[6.1374837,46.2702069],[6.1377235,46.2705617]]}},{"type":"Feature","properties":{"destination":"Zürich","highway":"motorway","lanes":"2","lit":"yes","maxspeed":"100","oneway":"yes","ref":"A1;A3","surface":"asphalt","toll":"yes","carriage_ref":"B"},"geometry":{"type":"LineString","coordinates":[[8.303564,47.4591179],[8.3038362,47.4590206],[8.3040267,47.458954],[8.3042124,47.4588823],[8.3044803,47.4587736],[8.304826,47.4586143],[8.3050768,47.4584898],[8.3053173,47.4583598],[8.3055541,47.4582228],[8.3057648,47.4580917],[8.3059206,47.4579849],[8.3060826,47.4578721],[8.3063016,47.4577006],[8.3064685,47.4575614],[8.3066311,47.4574165],[8.3068253,47.4572274],[8.3069974,47.4570452],[8.3071716,47.4568356],[8.3073265,47.4566338],[8.3075623,47.4563615]]}},{"type":"Feature","properties":{"highway":"motorway","int_ref":"E 23;E 25","lanes":"2","lit":"no","maxspeed":"120","oneway":"yes","ref":"A1;A9","surface":"asphalt","toll":"yes","carriage_ref":"B"},"geometry":{"type":"LineString","coordinates":[[6.5609248,46.6265362],[6.5609735,46.6278665],[6.5609922,46.6291071],[6.560989,46.6303587],[6.5609976,46.6315756],[6.5610246,46.6324834],[6.5610797,46.6332923],[6.5611787,46.6342715],[6.561266,46.6349158],[6.5613602,46.6355049],[6.5614685,46.6360841],[6.5615795,46.6366181],[6.5618507,46.6377407],[6.562168,46.6388678],[6.5625668,46.6400537],[6.562971,46.6410846],[6.5631434,46.6415092]]}},{"type":"Feature","properties":{"highway":"motorway","int_ref":"E 25","lanes":"2","lit":"no","maxspeed":"120","oneway":"yes","ref":"A1","surface":"asphalt","toll":"yes","carriage_ref":"A"},"geometry":{"type":"LineString","coordinates":[[7.727066,47.2853986],[7.7267826,47.2852386],[7.7263563,47.2849859],[7.7260133,47.2847807],[7.7256729,47.2845739],[7.7253712,47.2843853],[7.7250781,47.2841946],[7.7247862,47.2840015],[7.7244982,47.2838058],[7.724163,47.2835682],[7.7238047,47.2833099],[7.7234524,47.2830488],[7.7231688,47.2828286],[7.7228892,47.2826067],[7.722625,47.2823918],[7.7223683,47.2821729]]}},{"type":"Feature","properties":{"highway":"motorway","int_ref":"E 25;E 62","lanes":"3","maxspeed":"120","oneway":"yes","ref":"A1","toll":"yes","carriage_ref":"A"},"geometry":{"type":"LineString","coordinates":[[6.4897305,46.5090847],[6.4893721,46.5088383],[6.4887092,46.5083735]]}},{"type":"Feature","properties":{"highway":"motorway","int_ref":"E 35","lanes":"2","lit":"no","maxspeed":"120","oneway":"yes","ref":"A1;A2","surface":"asphalt","toll":"yes","carriage_ref":"A"},"geometry":{"type":"LineString","coordinates":[[7.886361,47.3132463],[7.8857794,47.3132475]]}},{"type":"Feature","properties":{"bridge":"yes","highway":"motorway","lanes":"2","layer":"1","lit":"no","maxspeed":"120","name":"201","oneway":"yes","ref":"A1","surface":"asphalt","toll":"yes","carriage_ref":"A"},"geometry":{"type":"LineString","coordinates":[[8.0179314,47.3223446],[8.0176645,47.3222822]]}},{"type":"Feature","properties":{"bridge":"yes","highway":"motorway","int_ref":"E 25;E 62","lanes":"2","layer":"1","maxspeed":"120","oneway":"yes","ref":"A1","toll":"yes","carriage_ref":"A"},"geometry":{"type":"LineString","coordinates":[[6.3110726,46.4521383],[6.31037,46.4517434]]}},{"type":"Feature","properties":{"bridge":"yes","highway":"motorway","int_ref":"E 23;E 25","lanes":"2","layer":"1","lit":"no","maxspeed":"120","oneway":"yes","ref":"A1;A9","surface":"asphalt","toll":"yes","carriage_ref":"A"},"geometry":{"type":"LineString","coordinates":[[6.5607736,46.626555],[6.5607323,46.6258631]]}},{"type":"Feature","properties":{"highway":"motorway","int_ref":"E 41;E 60","lanes":"2","maxspeed":"100","oneway":"yes","overtaking:hgv":"no","ref":"A1;A4","source:maxspeed":"sign","surface":"asphalt","toll":"yes","carriage_ref":"B"},"geometry":{"type":"LineString","coordinates":[[8.6869959,47.5092067],[8.6870398,47.5093521],[8.6870958,47.5094885],[8.6871657,47.5096559],[8.6872426,47.5098216],[8.6873145,47.5099762],[8.6873916,47.5101307],[8.6874749,47.5102839],[8.6875649,47.5104355],[8.6876463,47.5105786],[8.6877335,47.5107217],[8.6878243,47.5108638],[8.687919,47.5110057],[8.6880546,47.5112058],[8.6881952,47.5114039],[8.6883404,47.5115989],[8.6884926,47.5117926],[8.6887145,47.5120638],[8.6888364,47.5122116]]}},{"type":"Feature","properties":{"highway":"motorway","int_ref":"E 25","lanes":"3","lit":"no","maxspeed":"100","oneway":"yes","ref":"A1","surface":"asphalt","toll":"yes","carriage_ref":"B"},"geometry":{"type":"LineString","coordinates":[[7.3947172,46.9538669],[7.3949257,46.9537919],[7.3951216,46.9537156],[7.3953139,46.9536395],[7.3955722,46.9535289],[7.3958257,46.953411],[7.3960738,46.9532941],[7.3963171,46.9531735]]}},{"type":"Feature","properties":{"bridge":"yes","bridge:name":"Felsenauviadukt","highway":"motorway","int_ref":"E 25;E 27","lanes":"4","layer":"2","lit":"no","maxspeed":"80","oneway":"yes","ref":"A1","surface":"asphalt","toll":"yes","carriage_ref":"A"},"geometry":{"type":"LineString","coordinates":[[7.4595309,46.9689788],[7.4591381,46.9689611],[7.4586645,46.9689551],[7.458026,46.9689741],[7.4576359,46.9690005]]}},{"type":"Feature","properties":{"highway":"motorway","int_ref":"E 60","lanes":"2","maxspeed":"100","oneway":"yes","ref":"A1","surface":"asphalt","toll":"yes","carriage_ref":"A"},"geometry":{"type":"LineString","coordinates":[[9.4099805,47.4389234],[9.4095788,47.4389578],[9.4092178,47.4389971],[9.4088791,47.4390391]]}},{"type":"Feature","properties":{"change:lanes":"not_left|not_right|no","destination:int_ref:lanes":"E 41;E 60|E 41;E 60|","destination:lanes":"Flughafen;Zürich|Flughafen;Zürich|Rapperswil;Uster;Brüttisellen;Dietlikon","destination:ref:lanes":"A1;A4|A1;A4|A53","highway":"motorway","int_ref":"E 41;E 60","lanes":"3","lit":"no","maxspeed":"100","oneway":"yes","ref":"A1;A4","shoulder:right":"yes","source:maxspeed":"sign","surface":"asphalt","toll":"yes","turn:lanes":"none|none|slight_right","carriage_ref":"A"},"geometry":{"type":"LineString","coordinates":[[8.6334323,47.4202355],[8.632927,47.4199529],[8.6326123,47.4197611]]}},{"type":"Feature","properties":{"avz":"382","cs_dir:forward":"2","highway":"motorway","lanes":"3","lit":"no","maxspeed":"100","oneway":"yes","ref":"A1","surface":"asphalt","toll":"yes","turn:lanes":"through|through|merge_to_left","carriage_ref":"A"},"geometry":{"type":"LineString","coordinates":[[8.2449417,47.4444141],[8.2443558,47.4438241],[8.2441114,47.4435681],[8.2437139,47.443118],[8.2431635,47.4424364],[8.2427451,47.4418727],[8.2425375,47.4415813],[8.2422513,47.4411555]]}},{"type":"Feature","properties":{"bridge":"yes","highway":"motorway","int_ref":"E 25","lanes":"2","layer":"1","maxspeed":"120","name":"Pont de Cronay","oneway":"yes","ref":"A1","source:name":"Mapillary","surface":"asphalt","toll":"yes","carriage_ref":"B"},"geometry":{"type":"LineString","coordinates":[[6.7061185,46.769132],[6.70668,46.7693489],[6.7070986,46.7695113],[6.7077039,46.769751],[6.7081074,46.7699136],[6.7085072,46.7700789],[6.7089056,46.7702452],[6.7095113,46.7705041],[6.710138,46.7707806],[6.7107399,46.7710456],[6.7114412,46.7713662],[6.7121343,46.7716929],[6.7128761,46.7720528],[6.713451,46.7723401],[6.7140215,46.7726297],[6.7150832,46.7731722]]}},{"type":"Feature","properties":{"highway":"motorway","int_ref":"E 25","lanes":"3","layer":"-1","maxspeed":"100","oneway":"yes","ref":"A1","surface":"asphalt","toll":"yes","carriage_ref":"B"},"geometry":{"type":"LineString","coordinates":[[7.5740354,47.0837964],[7.5740913,47.0841606]]}},{"type":"Feature","properties":{"bridge":"viaduct","bridge:name":"Hammermühleviadukt","highway":"motorway","int_ref":"E 41;E 60","lanes":"3","layer":"2","maxspeed":"120","oneway":"yes","ref":"A1;A4","shoulder:right":"yes","source:maxspeed":"CH:motorway","surface":"asphalt","toll":"yes","carriage_ref":"A"},"geometry":{"type":"LineString","coordinates":[[8.7080441,47.4571908],[8.7079306,47.4569975],[8.7077934,47.4567894],[8.7076424,47.4565778],[8.7074903,47.4563796],[8.7073828,47.4562415],[8.7072687,47.4561049],[8.7071513,47.4559711],[8.7070316,47.4558382],[8.7068597,47.4556585],[8.7066796,47.4554773],[8.7065004,47.4553062],[8.7063109,47.4551363],[8.7060806,47.4549363],[8.7058344,47.4547387],[8.7055842,47.454547],[8.7053334,47.4543731]]}},{"type":"Feature","properties":{"avz":"23","cs_dir:forward":"1","highway":"motorway","int_ref":"E 25","lanes":"2","maxspeed":"120","oneway":"yes","ref":"A1","ssvz":"13N","surface":"asphalt","toll":"yes","carriage_ref":"B"},"geometry":{"type":"LineString","coordinates":[[7.4969479,47.0160228],[7.4970083,47.0161598],[7.4970651,47.0162712],[7.4971452,47.0164126],[7.4972381,47.0165702],[7.4973416,47.0167334],[7.4974387,47.0168769],[7.4975437,47.0170139],[7.4976462,47.0171493],[7.4977604,47.0172927],[7.4978768,47.0174313],[7.4980039,47.0175722],[7.4981323,47.0177126],[7.4982681,47.0178449],[7.4984088,47.0179789],[7.4985505,47.018109],[7.4986992,47.0182341],[7.4988477,47.0183555],[7.4990046,47.0184798],[7.4991636,47.0185954],[7.4993276,47.0187134],[7.4995067,47.0188327],[7.4996833,47.0189448],[7.4998621,47.0190528],[7.5000499,47.019162],[7.5002352,47.0192637],[7.5004236,47.0193627],[7.5006132,47.0194569],[7.5008208,47.0195547],[7.5010145,47.0196414],[7.5012165,47.0197295],[7.5014204,47.0198105],[7.5016292,47.0198915],[7.501843,47.0199691],[7.5022849,47.0201237],[7.5027144,47.0202677],[7.5060061,47.0213671],[7.5099861,47.0226962],[7.5139523,47.0240243],[7.5143114,47.0241422],[7.5146706,47.0242607],[7.5150284,47.0243763],[7.5153895,47.0244938],[7.5167928,47.0249371],[7.5182015,47.0253701],[7.5188352,47.0255644],[7.5194643,47.0257692],[7.5199973,47.0259482],[7.5205304,47.0261384],[7.5208376,47.0262596],[7.5211542,47.0263948],[7.5214607,47.0265234],[7.5217639,47.0266584],[7.5219984,47.0267695],[7.5222368,47.0268847],[7.5227145,47.0271222],[7.5230967,47.0273353],[7.5234457,47.0275403],[7.5237196,47.0277167],[7.5239646,47.0278812],[7.5241386,47.0280018],[7.5242863,47.0281053],[7.5246104,47.0283449],[7.5249318,47.0285979],[7.5252089,47.0288378],[7.5255038,47.0291074],[7.5257792,47.0293784],[7.5260352,47.0296466],[7.5262842,47.0299199],[7.5264022,47.0300661],[7.5265096,47.0301951],[7.526739,47.0304941],[7.5269456,47.0307896],[7.5271318,47.0310832],[7.5272671,47.0313115],[7.5273996,47.031546],[7.527629,47.0319979],[7.5277356,47.03223],[7.5278352,47.0324615],[7.5279267,47.0326866],[7.5280161,47.032932],[7.5281736,47.0334076],[7.5282629,47.0337177],[7.5283432,47.0340282],[7.5284023,47.0342773],[7.5284561,47.0345264],[7.5285027,47.0347644],[7.5285426,47.0350042],[7.5285942,47.0353277],[7.5286399,47.0356557],[7.5286709,47.0359213],[7.5287155,47.0363482],[7.5287552,47.0367769],[7.5287864,47.0371839],[7.5288135,47.0375903],[7.5288602,47.038629]]}},{"type":"Feature","properties":{"highway":"motorway","int_ref":"E 25;E 62","lanes":"2","maxspeed":"120","oneway":"yes","ref":"A1","toll":"yes","carriage_ref":"A"},"geometry":{"type":"LineString","coordinates":[[6.4856794,46.5063877],[6.4835171,46.5050898],[6.4814341,46.5038939],[6.4809256,46.5036208]]}},{"type":"Feature","properties":{"bridge":"yes","highway":"motorway","int_ref":"E 35","lanes":"3","layer":"1","lit":"no","maxspeed":"120","oneway":"yes","ref":"A1;A2","surface":"asphalt","toll":"yes","carriage_ref":"B"},"geometry":{"type":"LineString","coordinates":[[7.8850804,47.3131556],[7.8856323,47.3131515]]}},{"type":"Feature","properties":{"bridge":"yes","destination":"Interlaken;Thun;Bern-Ostring|Lausanne;Interlaken;Bern-Wankdorf|Lausanne;Fribourg;Neuchâtel;Bern-Neufeld","highway":"motorway","int_ref":"E 25;E 27","lanes":"3","layer":"3","maxspeed":"80","oneway":"yes","ref":"A1;A6","surface":"asphalt","toll":"yes","carriage_ref":"A"},"geometry":{"type":"LineString","coordinates":[[7.4671728,46.9791969],[7.4672692,46.9789861],[7.4673769,46.9787581],[7.4674786,46.9785544],[7.467582,46.9783462],[7.4677588,46.9780251],[7.467942,46.9777082],[7.4681357,46.9773736],[7.4683446,46.9770454]]}},{"type":"Feature","properties":{"highway":"motorway","int_ref":"E 60","lanes":"2","maxspeed":"120","oneway":"yes","ref":"A1","surface":"asphalt","toll":"yes","carriage_ref":"B"},"geometry":{"type":"LineString","coordinates":[[9.5781107,47.4804862],[9.5785986,47.4804358],[9.5790754,47.4803688],[9.5794951,47.4802923]]}},{"type":"Feature","properties":{"highway":"motorway","int_ref":"E 25","lanes":"2","lit":"no","maxspeed":"120","oneway":"yes","ref":"A1","surface":"asphalt","toll":"yes","carriage_ref":"B"},"geometry":{"type":"LineString","coordinates":[[7.7220535,47.2817322],[7.7222664,47.2819205],[7.7224856,47.2821086],[7.722739,47.2823225],[7.7229975,47.2825354],[7.7232792,47.2827592],[7.7235669,47.2829803],[7.7239137,47.2832388],[7.7242672,47.2834958]]}},{"type":"Feature","properties":{"highway":"motorway","int_ref":"E 60","lanes":"3","maxspeed":"100","oneway":"yes","ref":"A1","surface":"asphalt","toll":"yes","carriage_ref":"B"},"geometry":{"type":"LineString","coordinates":[[9.3446892,47.4225883],[9.3472988,47.4236048]]}},{"type":"Feature","properties":{"bridge":"yes","highway":"motorway","int_ref":"E 25","lanes":"2","layer":"1","maxspeed":"100","oneway":"yes","ref":"A1","surface":"asphalt","toll":"yes","carriage_ref":"A"},"geometry":{"type":"LineString","coordinates":[[6.7626637,46.7906095],[6.7622327,46.7905231],[6.76143,46.790359],[6.7610325,46.7902704],[6.7603392,46.7901105]]}},{"type":"Feature","properties":{"highway":"motorway","int_ref":"E 60","lanes":"2","maxspeed":"120","oneway":"yes","ref":"A1","surface":"asphalt","toll":"yes","carriage_ref":"A"},"geometry":{"type":"LineString","coordinates":[[8.9442172,47.4971213],[8.9434636,47.4980114],[8.9427465,47.4988781],[8.9419475,47.4998493],[8.9412065,47.5007129],[8.9404727,47.5015327],[8.9401576,47.5018611],[8.9396959,47.5023422],[8.9392322,47.502796],[8.9387725,47.5032155],[8.9382162,47.5037033],[8.9374554,47.5043341],[8.936743,47.5048698],[8.9360884,47.5053509],[8.9350414,47.5060465],[8.9347721,47.5062148],[8.9338909,47.506751],[8.9330843,47.5072046],[8.932181,47.5076844],[8.9314731,47.5080295]]}},{"type":"Feature","properties":{"highway":"motorway","int_ref":"E 25;E 62","lanes":"2","maxspeed":"120","oneway":"yes","ref":"A1","toll":"yes","carriage_ref":"A"},"geometry":{"type":"LineString","coordinates":[[6.2022575,46.3817559],[6.2012591,46.3788187]]}},{"type":"Feature","properties":{"bridge":"yes","highway":"motorway","int_ref":"E 23;E 25","lanes":"2","layer":"1","lit":"no","maxspeed":"120","oneway":"yes","ref":"A1;A9","surface":"asphalt","toll":"yes","carriage_ref":"A"},"geometry":{"type":"LineString","coordinates":[[6.5724288,46.6607823],[6.5724756,46.660521],[6.572507,46.6602362]]}},{"type":"Feature","properties":{"bridge":"yes","highway":"motorway","int_ref":"E 60","lanes":"3","layer":"1","lit":"yes","maxspeed":"100","oneway":"yes","ref":"A1;A3","surface":"asphalt","toll":"yes","carriage_ref":"A"},"geometry":{"type":"LineString","coordinates":[[8.288253,47.458952],[8.2854736,47.458598]]}},{"type":"Feature","properties":{"avz":"20","cs_dir:forward":"1","highway":"motorway","int_ref":"E 41;E 60","lanes":"5","lit":"no","maxspeed":"100","oneway":"yes","overtaking:hgv":"no","ref":"A1;A4","source:maxspeed":"CH:motorway","ssvz":"850N","surface":"asphalt","toll":"yes","carriage_ref":"B"},"geometry":{"type":"LineString","coordinates":[[8.5058925,47.4281588],[8.5067187,47.4283813],[8.5070776,47.4284851],[8.5076599,47.4286545]]}},{"type":"Feature","properties":{"bridge":"yes","highway":"motorway","int_ref":"E 60","lanes":"3","layer":"1","lit":"no","maxspeed":"120","oneway":"yes","ref":"A1;A3","toll":"yes","carriage_ref":"B"},"geometry":{"type":"LineString","coordinates":[[8.3534281,47.4352765],[8.3554381,47.434492]]}},{"type":"Feature","properties":{"bridge":"yes","highway":"motorway","int_ref":"E 25","lanes":"2","layer":"1","maxspeed":"120","oneway":"yes","ref":"A1","surface":"asphalt","toll":"yes","carriage_ref":"A"},"geometry":{"type":"LineString","coordinates":[[6.7036834,46.7683693],[6.6987613,46.7666072]]}},{"type":"Feature","properties":{"highway":"motorway","int_ref":"E 41;E 60","lanes":"2","lit":"yes","maxspeed":"signals","oneway":"yes","ref":"A1;A4","shoulder:right":"yes","source:maxspeed":"signals","surface":"asphalt","toll":"yes","carriage_ref":"A"},"geometry":{"type":"LineString","coordinates":[[8.5745107,47.4210408],[8.5745022,47.4212244],[8.5744894,47.4213763],[8.57448,47.4215234],[8.5744598,47.4216821],[8.5744312,47.42183],[8.5744042,47.4219472],[8.5743571,47.4221065],[8.5742906,47.4222708],[8.5742185,47.4224138],[8.5741324,47.4225626],[8.5740282,47.4227152],[8.5738476,47.4229256]]}},{"type":"Feature","properties":{"highway":"motorway","int_ref":"E 41;E 60","lanes":"3","lit":"yes","maxspeed":"100","oneway":"yes","overtaking:hgv":"no","ref":"A1;A4","source:maxspeed":"sign","surface":"asphalt","toll":"yes","carriage_ref":"B"},"geometry":{"type":"LineString","coordinates":[[8.5560763,47.4273695],[8.5564497,47.4271997],[8.5567909,47.4270532],[8.5571246,47.4269115],[8.5574624,47.4267775],[8.5577986,47.4266518],[8.5581449,47.4265215],[8.558664,47.4263376]]}},{"type":"Feature","properties":{"highway":"motorway","int_ref":"E 60","lanes":"3","maxspeed":"120","oneway":"yes","ref":"A1","surface":"asphalt","toll":"yes","carriage_ref":"B"},"geometry":{"type":"LineString","coordinates":[[9.1549044,47.4478809],[9.155679,47.4473877]]}},{"type":"Feature","properties":{"highway":"motorway","int_ref":"E 25","lanes":"2","maxspeed":"120","oneway":"yes","ref":"A1","surface":"asphalt","toll":"yes","carriage_ref":"A"},"geometry":{"type":"LineString","coordinates":[[6.9914247,46.8756166],[6.9910921,46.8755385],[6.9903114,46.8753437],[6.9894451,46.8751134],[6.9890032,46.8749945],[6.9885639,46.8748719],[6.9881222,46.8747412],[6.9876899,46.8746133],[6.9870435,46.8744196],[6.9863947,46.874213],[6.9857583,46.874004],[6.9851157,46.8737867],[6.984479,46.8735644],[6.9838639,46.8733406],[6.9834445,46.8731859],[6.9830213,46.8730279],[6.9824035,46.8727839],[6.9817928,46.8725384],[6.9813869,46.872368],[6.9809948,46.8722025],[6.9801835,46.8718547],[6.9793766,46.8715068],[6.9766215,46.8703199],[6.9727976,46.868687],[6.9710954,46.8679457],[6.9693905,46.8672149],[6.9659858,46.8657505],[6.9619914,46.8640206],[6.9561925,46.8615381],[6.9553899,46.8611855],[6.9549956,46.8610101],[6.9546045,46.8608316],[6.954229,46.8606551],[6.9538256,46.8604619],[6.9534232,46.8602672],[6.9530413,46.8600789],[6.9526621,46.8598873],[6.9519111,46.8594995],[6.9515378,46.8592995],[6.9511678,46.8590976],[6.9504283,46.8586862],[6.9500688,46.8584789],[6.9497124,46.8582704],[6.9490023,46.8578504],[6.9484769,46.8575224],[6.9479553,46.857191],[6.9476141,46.856969],[6.9472755,46.8567456],[6.9466073,46.8562877],[6.9459486,46.8558242],[6.9452981,46.8553463],[6.9449763,46.8551052],[6.944661,46.8548612],[6.9435724,46.8540003],[6.9424857,46.8531379],[6.9414222,46.8522817],[6.9403113,46.8513957]]}},{"type":"Feature","properties":{"highway":"motorway","int_ref":"E 60","lanes":"4","lit":"no","maxspeed":"120","oneway":"yes","ref":"A1;A3","toll":"yes","turn:lanes":"through|through|through|slight_right","carriage_ref":"B"},"geometry":{"type":"LineString","coordinates":[[8.3622996,47.4311079],[8.3626079,47.4309633],[8.3628474,47.4308536],[8.3630926,47.4307463]]}},{"type":"Feature","properties":{"bridge":"yes","highway":"motorway","int_ref":"E 60","lanes":"2","layer":"1","maxspeed":"120","oneway":"yes","ref":"A1","surface":"asphalt","toll":"yes","carriage_ref":"B"},"geometry":{"type":"LineString","coordinates":[[8.9307957,47.5082174],[8.9309191,47.5081597],[8.9313594,47.5079538]]}},{"type":"Feature","properties":{"bridge":"viaduct","bridge:name":"Hammermühleviadukt","highway":"motorway","int_ref":"E 41;E 60","lanes":"3","layer":"2","maxspeed":"120","oneway":"yes","ref":"A1;A4","source:maxspeed":"CH:motorway","surface":"asphalt","toll":"yes","carriage_ref":"B"},"geometry":{"type":"LineString","coordinates":[[8.705447,47.4542993],[8.7056988,47.4544716],[8.7059509,47.4546635],[8.7061986,47.4548589],[8.7064333,47.4550602],[8.7066235,47.4552349],[8.7068105,47.4554134],[8.7069881,47.455593],[8.7071613,47.4557721],[8.7072856,47.4559108],[8.7074013,47.4560453],[8.707517,47.4561814],[8.7076233,47.4563181],[8.7077883,47.4565346],[8.7079373,47.4567454],[8.7080764,47.45696],[8.7081946,47.45715]]}},{"type":"Feature","properties":{"destination":"Lausanne;Fribourg;Neuchâtel;Bern-Neufeld","destination:int_ref":"E 25;E 27","highway":"motorway","int_ref":"E 25;E 27","lanes":"2","layer":"1","maxspeed":"80","oneway":"yes","ref":"A1","surface":"asphalt","toll":"yes","carriage_ref":"A"},"geometry":{"type":"LineString","coordinates":[[7.4698919,46.9747578],[7.4700933,46.9743997],[7.4701868,46.9742633],[7.4702767,46.9741256],[7.4703601,46.9739865],[7.4704383,46.9738462],[7.4705086,46.9736968],[7.4705646,46.9735586],[7.4706146,46.973422],[7.4706631,46.9732674],[7.4707069,46.9730911],[7.4707354,46.9729508],[7.4707581,46.9727983],[7.4707733,46.9726341],[7.4707805,46.9724728],[7.4707784,46.9723102],[7.4707671,46.9721531],[7.4707428,46.9719794]]}},{"type":"Feature","properties":{"bridge":"yes","highway":"motorway","int_ref":"E 60","lanes":"2","layer":"1","maxspeed":"120","oneway":"yes","ref":"A1","surface":"asphalt","toll":"yes","carriage_ref":"A"},"geometry":{"type":"LineString","coordinates":[[8.9471954,47.4941746],[8.9469285,47.4943959]]}},{"type":"Feature","properties":{"highway":"motorway","int_ref":"E 60","lanes":"2","maxspeed":"120","oneway":"yes","ref":"A1","surface":"asphalt","toll":"yes","carriage_ref":"B"},"geometry":{"type":"LineString","coordinates":[[9.5718282,47.4795581],[9.5724789,47.4797934],[9.572907,47.4799372],[9.573334,47.4800668],[9.5737659,47.480174],[9.5743289,47.4802991],[9.5747973,47.4803835],[9.5753719,47.4804562],[9.5755029,47.4804729]]}},{"type":"Feature","properties":{"highway":"motorway","int_ref":"E 25","lanes":"3","maxspeed":"120","oneway":"yes","ref":"A1","surface":"asphalt","toll":"yes","turn:lanes":"none|none|slight_right","carriage_ref":"A"},"geometry":{"type":"LineString","coordinates":[[7.5913222,47.1770426],[7.5911421,47.1767001],[7.5909423,47.1762692]]}},{"type":"Feature","properties":{"highway":"motorway","int_ref":"E 25;E 62","lanes":"2","maxspeed":"120","oneway":"yes","ref":"A1","toll":"yes","carriage_ref":"B"},"geometry":{"type":"LineString","coordinates":[[6.2014225,46.3788057],[6.2024116,46.3817284]]}},{"type":"Feature","properties":{"bridge":"yes","highway":"motorway","int_ref":"E 25;E 62","lanes":"2","layer":"1","maxspeed":"signals","oneway":"yes","ref":"A1","surface":"asphalt","toll":"yes","carriage_ref":"A"},"geometry":{"type":"LineString","coordinates":[[6.1358482,46.2562781],[6.1359909,46.2561522]]}},{"type":"Feature","properties":{"bridge":"yes","highway":"motorway","int_ref":"E 60","lanes":"2","layer":"1","maxspeed":"120","oneway":"yes","ref":"A1","surface":"asphalt","toll":"yes","carriage_ref":"B"},"geometry":{"type":"LineString","coordinates":[[9.0981936,47.4610685],[9.0985233,47.4611222]]}},{"type":"Feature","properties":{"avz":"303","cs_dir:forward":"1","highway":"motorway","int_ref":"E 60","lanes":"2","maxspeed":"120","oneway":"yes","ref":"A1","surface":"asphalt","toll":"yes","carriage_ref":"B"},"geometry":{"type":"LineString","coordinates":[[9.0657708,47.4555429],[9.0703395,47.4563214],[9.0714543,47.4565116],[9.0747477,47.4570734],[9.0793742,47.457867]]}},{"type":"Feature","properties":{"bridge":"yes","highway":"motorway","int_ref":"E 25","lanes":"2","layer":"1","lit":"no","maxspeed":"120","oneway":"yes","ref":"A1","surface":"asphalt","toll":"yes","carriage_ref":"A"},"geometry":{"type":"LineString","coordinates":[[7.7890509,47.3087884],[7.7887574,47.3087]]}},{"type":"Feature","properties":{"highway":"motorway","int_ref":"E 60","lanes":"2","maxspeed":"120","oneway":"yes","ref":"A1","surface":"asphalt","toll":"yes","carriage_ref":"A"},"geometry":{"type":"LineString","coordinates":[[9.2948391,47.4083356],[9.2943227,47.4084361],[9.2938458,47.4085478],[9.2932358,47.4087136],[9.2927497,47.4088579],[9.2921142,47.4090754],[9.2915618,47.4092963],[9.2910394,47.4095198],[9.2905244,47.4097644],[9.2897278,47.4101934],[9.2884968,47.4109006],[9.28732,47.4115617],[9.2866675,47.4118953],[9.2858743,47.4122507],[9.2852224,47.4125044],[9.2845726,47.4127207],[9.2839125,47.4129086],[9.2833808,47.4130581]]}},{"type":"Feature","properties":{"highway":"motorway","int_ref":"E 25;E 27","lanes":"3","lit":"no","maxspeed":"100","oneway":"yes","ref":"A1","surface":"asphalt","toll":"yes","carriage_ref":"A"},"geometry":{"type":"LineString","coordinates":[[7.4294112,46.9645852],[7.4290406,46.9643906]]}},{"type":"Feature","properties":{"avz":"56","cs_dir:forward":"1","highway":"motorway","int_ref":"E 25;E 27","lanes":"3","maxspeed":"100","oneway":"yes","ref":"A1;A6","ssvz":"944N","surface":"asphalt","toll":"yes","carriage_ref":"B"},"geometry":{"type":"LineString","coordinates":[[7.4817251,46.9920868],[7.4818713,46.9922082],[7.4820167,46.9923335],[7.4821585,46.9924629],[7.4823008,46.9925941],[7.4824383,46.9927282],[7.4825742,46.9928649],[7.4827028,46.9930015],[7.4828342,46.9931433],[7.4831019,46.9934467],[7.4832687,46.9936421],[7.4836355,46.9940904],[7.4840723,46.9946403],[7.4843044,46.9949309],[7.4845407,46.9952234],[7.4847679,46.9954976],[7.4850052,46.9957728],[7.4852045,46.9959989],[7.4854145,46.9962299],[7.4856471,46.9964773],[7.4859115,46.9967433],[7.4861727,46.9970016],[7.486453,46.9972687],[7.486726,46.9975253],[7.4871989,46.9979718],[7.4872869,46.9980528]]}},{"type":"Feature","properties":{"bridge":"yes","highway":"motorway","int_ref":"E 25;E 62","lanes":"2","layer":"1","maxspeed":"120","oneway":"yes","ref":"A1","toll":"yes","carriage_ref":"B"},"geometry":{"type":"LineString","coordinates":[[6.453402,46.4927115],[6.4535337,46.4927605]]}},{"type":"Feature","properties":{"highway":"motorway","int_ref":"E 60","lanes":"2","maxspeed":"120","oneway":"yes","ref":"A1","surface":"asphalt","toll":"yes","carriage_ref":"B"},"geometry":{"type":"LineString","coordinates":[[9.5798058,47.4802281],[9.5803199,47.4801005],[9.5808118,47.4799551],[9.581281,47.4798007],[9.5817105,47.4796312],[9.5821737,47.4794279],[9.5825948,47.4792211],[9.5830083,47.478997]]}},{"type":"Feature","properties":{"highway":"motorway","int_ref":"E 60","lanes":"4","lit":"no","maxspeed":"120","oneway":"yes","placement":"middle_of:2","ref":"A1;A3","surface":"asphalt","toll":"yes","turn:lanes":"|||right","carriage_ref":"A"},"geometry":{"type":"LineString","coordinates":[[8.3504264,47.4367521],[8.3500494,47.4369497],[8.3496804,47.4371502],[8.3493865,47.4373219]]}},{"type":"Feature","properties":{"bridge":"yes","highway":"motorway","lanes":"3","lit":"no","maxspeed":"100","oneway":"yes","ref":"A1","surface":"asphalt","toll":"yes","turn:lanes":"||slight_right","carriage_ref":"A"},"geometry":{"type":"LineString","coordinates":[[7.920394,47.3044955],[7.9200459,47.3044868]]}},{"type":"Feature","properties":{"destination":"Chur;St. Margrethen;Rheineck","destination:ref":"E 60;1","highway":"motorway","int_ref":"E 60","lanes":"2","maxspeed":"120","oneway":"yes","ref":"A1","surface":"asphalt","toll":"yes","carriage_ref":"B"},"geometry":{"type":"LineString","coordinates":[[9.4404061,47.466131],[9.4408963,47.4666898],[9.4414718,47.4672323],[9.4421998,47.4678188],[9.4432146,47.4684777]]}},{"type":"Feature","properties":{"destination":"Bern;Basel;Dietikon","destination:ref":"A 1","highway":"motorway","int_ref":"E 60","lanes":"2","lit":"yes","maxspeed":"80","oneway":"yes","shoulder:right":"yes","source:maxspeed":"signals","surface":"asphalt","toll":"yes","carriage_ref":"A"},"geometry":{"type":"LineString","coordinates":[[8.4318162,47.4130008],[8.4315709,47.4129379],[8.4312819,47.4128595],[8.4308988,47.4127534],[8.4301823,47.4125494],[8.429781,47.4124374],[8.4295351,47.4123674],[8.4293476,47.4123211],[8.4291619,47.4122804],[8.4289803,47.4122469],[8.4287868,47.4122177],[8.4285841,47.4121979],[8.4283863,47.4121852],[8.4282281,47.4121833],[8.4280859,47.4121854]]}},{"type":"Feature","properties":{"bridge":"yes","highway":"motorway","int_ref":"E 60","lanes":"2","layer":"1","maxspeed":"120","oneway":"yes","ref":"A1","surface":"asphalt","toll":"yes","carriage_ref":"A"},"geometry":{"type":"LineString","coordinates":[[8.9314731,47.5080295],[8.9310149,47.5082426],[8.9308915,47.5083]]}},{"type":"Feature","properties":{"highway":"motorway","int_ref":"E 25;E 27","lanes":"3","lit":"no","maxspeed":"100","oneway":"yes","ref":"A1","surface":"asphalt","toll":"yes","carriage_ref":"B"},"geometry":{"type":"LineString","coordinates":[[7.425566,46.9618829],[7.4261045,46.9622847],[7.4264253,46.9625212],[7.4269135,46.9628737],[7.4271611,46.9630477],[7.4274119,46.9632204],[7.4277575,46.9634521],[7.428092,46.9636702],[7.4284367,46.9638802],[7.4287837,46.9640857],[7.4291499,46.9642876],[7.4295149,46.9644767],[7.4298657,46.9646484],[7.4301414,46.9647739]]}},{"type":"Feature","properties":{"bridge":"yes","highway":"motorway","int_ref":"E 25;E 62","lanes":"2","layer":"1","maxspeed":"120","oneway":"yes","ref":"A1","toll":"yes","carriage_ref":"A"},"geometry":{"type":"LineString","coordinates":[[6.4264426,46.4780126],[6.426198,46.4779506]]}},{"type":"Feature","properties":{"bridge":"yes","highway":"motorway","int_ref":"E 25;E 62","lanes":"2","layer":"1","maxspeed":"signals","oneway":"yes","ref":"A1","source":"Orthophotos 2009 du SITG (Système d'Information du Territoire Genevois)","toll":"yes","carriage_ref":"A"},"geometry":{"type":"LineString","coordinates":[[6.1455206,46.3170183],[6.145481,46.3169293]]}},{"type":"Feature","properties":{"avz":"222","cs_dir:forward":"1","highway":"motorway","int_ref":"E 25","lanes":"2","maxspeed":"120","oneway":"yes","ref":"A1","ssvz":"1003N","surface":"asphalt","toll":"yes","carriage_ref":"B"},"geometry":{"type":"LineString","coordinates":[[6.9190705,46.8343353],[6.9322852,46.8448491],[6.9404153,46.8513159]]}},{"type":"Feature","properties":{"highway":"motorway","lanes":"2","lit":"no","maxspeed":"100","oneway":"yes","ref":"A1","surface":"asphalt","toll":"yes","carriage_ref":"B"},"geometry":{"type":"LineString","coordinates":[[7.8075859,47.3120308],[7.8082079,47.3120634],[7.8088263,47.3120899],[7.8096071,47.3121143],[7.8100041,47.3121241],[7.8103999,47.3121317],[7.810794,47.3121377],[7.8111875,47.3121387],[7.8118386,47.3121377],[7.8124891,47.3121349],[7.812819,47.3121289],[7.8135913,47.3121081],[7.8143618,47.312081],[7.8152323,47.3120434]]}},{"type":"Feature","properties":{"highway":"motorway","int_ref":"E 25;E 62","lanes":"2","lit":"no","maxspeed":"100","oneway":"yes","ref":"A1","surface":"asphalt","toll":"yes","carriage_ref":"A"},"geometry":{"type":"LineString","coordinates":[[6.0972407,46.2164257],[6.097063,46.2163382],[6.0968724,46.2162508],[6.0966612,46.2161602],[6.0964276,46.216061]]}},{"type":"Feature","properties":{"destination":"Lausanne;Yverdon;Neuchâtel;Bern-Bethlehem","highway":"motorway","int_ref":"E 25","lanes":"2","lit":"no","maxspeed":"100","oneway":"yes","ref":"A1","surface":"asphalt","toll":"yes","carriage_ref":"A"},"geometry":{"type":"LineString","coordinates":[[7.4176663,46.9558928],[7.4168312,46.9552042],[7.4160229,46.9546019],[7.4151973,46.954001],[7.4148263,46.9537438],[7.414484,46.9535123]]}},{"type":"Feature","properties":{"highway":"motorway","int_ref":"E 25","lanes":"2","maxspeed":"120","oneway":"yes","ref":"A1","surface":"asphalt","toll":"yes","carriage_ref":"B"},"geometry":{"type":"LineString","coordinates":[[7.5288838,47.038989],[7.5288979,47.0392634],[7.5289172,47.0395821],[7.5289433,47.0399578],[7.5289644,47.0403316],[7.5289879,47.0406665],[7.5290152,47.0409981],[7.5290563,47.0414298],[7.5291136,47.0418867],[7.5291536,47.042196],[7.529179,47.0423575],[7.5292077,47.0425188],[7.5292767,47.0428355],[7.5293568,47.0431509],[7.5294471,47.0434807],[7.5295031,47.0436481],[7.529557,47.043813],[7.5296128,47.0439598],[7.5296709,47.044109],[7.5297301,47.044254],[7.5297929,47.0444021],[7.5298642,47.0445611],[7.5299371,47.044718],[7.530011,47.0448663],[7.5300857,47.0450138],[7.5301671,47.0451645],[7.5302502,47.0453111],[7.5303381,47.0454585],[7.5304262,47.0456056],[7.5305097,47.0457341],[7.5305931,47.0458639],[7.5306804,47.0459939],[7.5307659,47.0461158],[7.5310084,47.0464468],[7.5312561,47.0467636],[7.5314009,47.0469383],[7.5316404,47.0472175],[7.5318828,47.0474944],[7.5321316,47.0477721],[7.532466,47.0481369],[7.5329052,47.0485922],[7.5331976,47.0488862],[7.5336013,47.04928],[7.5338819,47.0495416],[7.5341633,47.0497974],[7.5344491,47.0500517],[7.5347424,47.0503004],[7.5350629,47.0505774],[7.5354795,47.0509193],[7.535807,47.0511815],[7.5362047,47.0514875],[7.5367408,47.0518852],[7.5372389,47.0522442],[7.5377268,47.0525829],[7.5382228,47.0529189],[7.5387411,47.0532523],[7.5392655,47.0535756],[7.5398035,47.0538976],[7.5403407,47.0542005],[7.5409068,47.0545087],[7.5414827,47.054809],[7.5420439,47.055093],[7.5426141,47.0553727],[7.5431662,47.0556419],[7.5437869,47.0559312],[7.5444718,47.0562446],[7.545067,47.0565111],[7.5456667,47.0567727],[7.5463068,47.0570443],[7.5470286,47.0573448],[7.5477065,47.0576168],[7.5485516,47.0579442],[7.5494028,47.0582657],[7.5502073,47.0585585],[7.5511751,47.058906]]}},{"type":"Feature","properties":{"highway":"motorway","int_ref":"E 25;E 62","lanes":"2","maxspeed":"120","oneway":"yes","ref":"A1","toll":"yes","carriage_ref":"B"},"geometry":{"type":"LineString","coordinates":[[6.3724114,46.4745032],[6.3931547,46.4770036]]}},{"type":"Feature","properties":{"highway":"motorway","int_ref":"E 60","lanes":"3","maxspeed":"100","oneway":"yes","ref":"A1","surface":"asphalt","toll":"yes","carriage_ref":"B"},"geometry":{"type":"LineString","coordinates":[[9.3167452,47.4149292],[9.3170853,47.4150982],[9.3175704,47.4153111],[9.3182697,47.4156077],[9.318844,47.4158274],[9.3195009,47.4160613],[9.3206001,47.4163903],[9.3209933,47.4165047],[9.3215084,47.4166273],[9.3218261,47.4167035],[9.3229379,47.4169428],[9.3240772,47.4171718],[9.3252724,47.4173849],[9.3266288,47.4176728],[9.3277848,47.4179723],[9.3288044,47.4182803]]}},{"type":"Feature","properties":{"highway":"motorway","int_ref":"E 25;E 62","lanes":"2","maxspeed":"100","oneway":"yes","ref":"A1","source":"Orthophotos 2009 du SITG (Système d'Information du Territoire Genevois)","toll":"yes","carriage_ref":"A"},"geometry":{"type":"LineString","coordinates":[[6.1370053,46.2496801],[6.1365021,46.2494557],[6.135948,46.2492302],[6.1353186,46.2489844],[6.1344973,46.2486629],[6.133629,46.2483214]]}},{"type":"Feature","properties":{"bridge":"yes","highway":"motorway","int_ref":"E 25;E 62","lanes":"2","layer":"1","maxspeed":"120","oneway":"yes","ref":"A1","toll":"yes","carriage_ref":"B"},"geometry":{"type":"LineString","coordinates":[[6.4988556,46.5147214],[6.4992115,46.5148539]]}},{"type":"Feature","properties":{"bridge":"yes","highway":"motorway","int_ref":"E 25;E 27","lanes":"4","layer":"1","lit":"no","maxspeed":"100","oneway":"yes","ref":"A1","surface":"asphalt","toll":"yes","turn:lanes":"none|none|none|merge_to_left","carriage_ref":"A"},"geometry":{"type":"LineString","coordinates":[[7.4306076,46.9651238],[7.4303295,46.9650105],[7.4300597,46.9648933]]}},{"type":"Feature","properties":{"bridge":"yes","highway":"motorway","lanes":"2","lit":"no","maxspeed":"100","oneway":"yes","ref":"A1","surface":"asphalt","toll":"yes","carriage_ref":"B"},"geometry":{"type":"LineString","coordinates":[[7.9200993,47.3043909],[7.9204613,47.3044041]]}},{"type":"Feature","properties":{"bicycle":"no","foot":"no","highway":"motorway","horse":"no","int_ref":"E 25","lanes":"2","maxspeed":"120","oneway":"yes","ref":"A1","sidewalk":"no","surface":"asphalt","toll":"yes","carriage_ref":"B"},"geometry":{"type":"LineString","coordinates":[[6.6959604,46.7654264],[6.6965065,46.7656471],[6.6969635,46.7658227],[6.6973748,46.7659787],[6.6977854,46.7661341],[6.6983669,46.7663442],[6.6989426,46.7665512],[6.6993277,46.76669]]}},{"type":"Feature","properties":{"bridge":"yes","highway":"motorway","int_ref":"E 41;E 60","lanes":"2","layer":"1","maxspeed":"100","oneway":"yes","overtaking:hgv":"no","ref":"A1;A4","source:maxspeed":"sign","surface":"asphalt","toll":"yes","carriage_ref":"B"},"geometry":{"type":"LineString","coordinates":[[8.6882763,47.5035667],[8.6881104,47.503748],[8.6880107,47.5038689],[8.6878029,47.5041359],[8.6876892,47.5042824],[8.6875966,47.5044232],[8.6874947,47.5045856],[8.6874103,47.5047267],[8.687335,47.504857]]}},{"type":"Feature","properties":{"bridge":"yes","highway":"motorway","int_ref":"E 25;E 62","lanes":"2","layer":"1","maxspeed":"signals","oneway":"yes","ref":"A1","source":"Orthophotos 2009 du SITG (Système d'Information du Territoire Genevois)","toll":"yes","carriage_ref":"B"},"geometry":{"type":"LineString","coordinates":[[6.1456343,46.3168616],[6.1456721,46.3169491]]}},{"type":"Feature","properties":{"highway":"motorway","int_ref":"E 23;E 25","lanes":"2","lit":"no","maxspeed":"120","oneway":"yes","ref":"A1;A9","surface":"asphalt","toll":"yes","carriage_ref":"B"},"geometry":{"type":"LineString","coordinates":[[6.5548827,46.5846244],[6.5546681,46.5862333],[6.5544832,46.587824],[6.5543998,46.5885056],[6.5542214,46.5902685],[6.5541041,46.5915125],[6.5540259,46.5923516],[6.5539256,46.5936071],[6.5537078,46.5970621]]}},{"type":"Feature","properties":{"highway":"motorway","lanes":"2","lit":"no","maxspeed":"100","oneway":"yes","ref":"A1","surface":"asphalt","toll":"yes","carriage_ref":"A"},"geometry":{"type":"LineString","coordinates":[[8.2489987,47.4473346],[8.2486637,47.4471517],[8.2483043,47.4469427],[8.2479681,47.4467419],[8.247642,47.4465366]]}},{"type":"Feature","properties":{"highway":"motorway","int_ref":"E 25;E 62","lanes":"2","lit":"yes","maxspeed":"100","oneway":"yes","ref":"A1","toll":"yes","carriage_ref":"A"},"geometry":{"type":"LineString","coordinates":[[6.0822215,46.1855958],[6.0824788,46.1851361],[6.0826036,46.1848984],[6.0827642,46.1845814]]}},{"type":"Feature","properties":{"destination":"Bern-Brünnen","highway":"motorway","int_ref":"E 25","lanes":"2","lit":"no","maxspeed":"120","oneway":"yes","ref":"A1","surface":"asphalt","toll":"yes","carriage_ref":"B"},"geometry":{"type":"LineString","coordinates":[[7.193551,46.9608486],[7.1940011,46.9607168],[7.1944259,46.9606019],[7.1946658,46.9605424],[7.1951228,46.9604341],[7.1955622,46.9603353],[7.195999,46.9602362],[7.1964055,46.960156],[7.1966875,46.9601066],[7.1971511,46.9600346],[7.1975229,46.9599906]]}},{"type":"Feature","properties":{"bridge":"yes","highway":"motorway","int_ref":"E 25","lanes":"2","layer":"1","lit":"no","maxspeed":"120","oneway":"yes","ref":"A1","surface":"asphalt","toll":"yes","carriage_ref":"B"},"geometry":{"type":"LineString","coordinates":[[7.2418823,46.9635342],[7.2424108,46.9634475],[7.2429021,46.9633731],[7.2433731,46.9633052],[7.2438372,46.9632297],[7.2442931,46.9631484],[7.2446969,46.9630745],[7.2451829,46.9629868],[7.2456718,46.9628978],[7.246123,46.9628047],[7.2465646,46.9627119],[7.2472331,46.9625544],[7.2476394,46.9624622],[7.2480834,46.9623569],[7.2495593,46.9619949],[7.251033,46.9616357],[7.2525398,46.9613308]]}},{"type":"Feature","properties":{"highway":"motorway","int_ref":"E 60","lanes":"4","lit":"yes","maxspeed":"100","oneway":"yes","ref":"A1;A3","surface":"asphalt","toll":"yes","carriage_ref":"A"},"geometry":{"type":"LineString","coordinates":[[8.4202985,47.4152311],[8.4192347,47.4157604]]}},{"type":"Feature","properties":{"highway":"motorway","int_ref":"E 35","lanes":"3","lit":"no","maxspeed":"120","oneway":"yes","ref":"A1;A2","surface":"asphalt","toll":"yes","carriage_ref":"B"},"geometry":{"type":"LineString","coordinates":[[7.8513537,47.3116562],[7.8517688,47.3117318],[7.8523532,47.3118262],[7.8529379,47.3119146],[7.853308,47.3119592],[7.8536793,47.3120024],[7.8540516,47.3120437],[7.8544252,47.3120789],[7.8548151,47.3121106],[7.8552059,47.3121376],[7.8556017,47.3121545],[7.8559978,47.3121659],[7.8564022,47.3121714],[7.856805,47.3121666],[7.8571984,47.3121574],[7.8575893,47.3121441],[7.8579853,47.312124],[7.8583777,47.3120971],[7.8587701,47.3120659],[7.8591588,47.3120308],[7.8599204,47.3119589],[7.8612168,47.3118209],[7.8618677,47.3117552],[7.8625232,47.3116945],[7.863092,47.3116497],[7.8635117,47.3116234],[7.8639316,47.3115988],[7.8643413,47.3115845],[7.8647443,47.3115803],[7.8651186,47.3115817],[7.8655159,47.3115911],[7.8659247,47.311607],[7.8663334,47.3116317],[7.8667422,47.3116637],[7.8671291,47.3117028],[7.8675235,47.3117503],[7.8679163,47.3118026],[7.8682964,47.3118568],[7.8686761,47.3119165],[7.8691485,47.311993],[7.8706659,47.3122555],[7.8710315,47.3123204],[7.8713953,47.3123831],[7.8717832,47.312447],[7.8721701,47.3125073],[7.872567,47.3125648],[7.8729661,47.3126199],[7.8733674,47.312671],[7.8741022,47.3127564],[7.8744876,47.3127972],[7.8748739,47.3128347],[7.8752572,47.3128692],[7.8756413,47.3129014],[7.876045,47.31293],[7.876365,47.3129505],[7.8766881,47.3129687],[7.8773305,47.3130017],[7.8782253,47.3130387],[7.8791198,47.3130685],[7.8802887,47.3130952],[7.8807085,47.3131057]]}},{"type":"Feature","properties":{"bridge":"yes","highway":"motorway","lanes":"2","layer":"1","lit":"no","maxspeed":"120","oneway":"yes","ref":"A1","surface":"asphalt","toll":"yes","carriage_ref":"A"},"geometry":{"type":"LineString","coordinates":[[8.0313591,47.3301416],[8.031117,47.3299997]]}},{"type":"Feature","properties":{"highway":"motorway","int_ref":"E 41;E 60","lanes":"3","maxspeed":"120","oneway":"yes","ref":"A1;A4","source:maxspeed":"CH:motorway","surface":"asphalt","toll":"yes","carriage_ref":"B"},"geometry":{"type":"LineString","coordinates":[[8.7081946,47.45715],[8.7083688,47.457456],[8.7084454,47.4576034],[8.7085158,47.4577472],[8.7085742,47.4578687],[8.7086289,47.4579897],[8.7086833,47.4581118],[8.7087355,47.4582375],[8.7088435,47.4585118],[8.7089406,47.4588033],[8.7089951,47.4589874],[8.7090375,47.4591659],[8.7090798,47.4593566],[8.7091141,47.4595442],[8.7091616,47.459874],[8.7091925,47.460203],[8.709204,47.4605341],[8.7092038,47.4606996],[8.7091985,47.4608656],[8.7091881,47.4610327],[8.7091712,47.461197],[8.709128,47.461528],[8.709098,47.4617016],[8.7090617,47.4618728],[8.709018,47.4620681],[8.708971,47.4622592],[8.7089166,47.462445],[8.7088531,47.4626303],[8.7087872,47.4628132],[8.7087163,47.4629898],[8.7085807,47.4633188],[8.7084368,47.463642],[8.7083499,47.4638411],[8.7082284,47.4641312],[8.7081172,47.4644148],[8.7080472,47.4646178],[8.7079732,47.4648587],[8.7079058,47.465098],[8.7078672,47.4652665],[8.707831,47.4654376],[8.7077709,47.4657723],[8.707623,47.4665988],[8.7075788,47.4667956],[8.7075317,47.4669882],[8.7074763,47.4671878],[8.7074158,47.4673873],[8.7073619,47.467551],[8.7072995,47.4677138],[8.7072356,47.4678834],[8.7071649,47.4680524],[8.7071028,47.4681916],[8.7070355,47.4683325],[8.7069173,47.4685673],[8.7067941,47.4687997],[8.7066267,47.469084],[8.7064486,47.4693723],[8.7061043,47.4699427],[8.7060109,47.4700996],[8.705918,47.4702619],[8.7058303,47.4704283],[8.7057484,47.4705927],[8.705672,47.470749],[8.7056018,47.4709048],[8.7055441,47.4710476],[8.705488,47.4711947],[8.7054351,47.4713427],[8.7053865,47.47149],[8.7053337,47.4716591],[8.7052858,47.471833],[8.7052416,47.4720041],[8.7051972,47.4721898],[8.7051548,47.472379],[8.7051211,47.4725697],[8.705087,47.4727627],[8.7050609,47.4729557],[8.7050371,47.4731439],[8.7050185,47.4733376],[8.7049833,47.4737273],[8.7049637,47.474061]]}},{"type":"Feature","properties":{"highway":"motorway","int_ref":"E 60","lanes":"3","maxspeed":"120","oneway":"yes","ref":"A1","surface":"asphalt","toll":"yes","turn:lanes":"none|none|slight_right","carriage_ref":"A"},"geometry":{"type":"LineString","coordinates":[[9.0001973,47.4713671],[8.9988226,47.471339]]}},{"type":"Feature","properties":{"carriage_ref":"A","highway":"motorway","int_ref":"E 25;E 62","lanes":"3","lit":"no","maxspeed":"80","oneway":"yes","ref":"A1","source":"Orthophotos du SITG (Système d'Information du Territoire Genevois)","toll":"yes"},"geometry":{"type":"LineString","coordinates":[[6.0996464,46.1553667],[6.0994451,46.1551094],[6.0980949,46.1534852]]}},{"type":"Feature","properties":{"highway":"motorway","int_ref":"E 25;E 62","lanes":"2","maxspeed":"120","oneway":"yes","ref":"A1","toll":"yes","carriage_ref":"B"},"geometry":{"type":"LineString","coordinates":[[6.3266634,46.4621873],[6.3273071,46.4625324],[6.3279636,46.4628566]]}},{"type":"Feature","properties":{"bridge":"yes","highway":"motorway","int_ref":"E 25;E 27","lanes":"2","layer":"2","maxspeed":"80","oneway":"yes","ref":"A1","surface":"asphalt","toll":"yes","carriage_ref":"B"},"geometry":{"type":"LineString","coordinates":[[7.4690186,46.9701879],[7.4691751,46.9702276],[7.469372,46.9702883],[7.4695732,46.9703624],[7.469789,46.9704546],[7.4699797,46.9705486],[7.4701682,46.9706574],[7.4703289,46.970761],[7.4704909,46.9708789],[7.4706357,46.9710009],[7.4707706,46.9711312],[7.4708963,46.9712688],[7.4710148,46.9714241],[7.471113,46.9715781],[7.4711892,46.9717226],[7.4712416,46.9718417]]}},{"type":"Feature","properties":{"highway":"motorway","int_ref":"E 25","lanes":"2","maxspeed":"100","oneway":"yes","ref":"A1","surface":"asphalt","toll":"yes","carriage_ref":"A"},"geometry":{"type":"LineString","coordinates":[[7.1413167,46.9354026],[7.1410392,46.9352057],[7.1404105,46.9347472],[7.1397703,46.9342756],[7.1395358,46.9341009],[7.1392883,46.9339136],[7.1388176,46.9335522],[7.1385156,46.9333198],[7.1381813,46.9330551],[7.1378598,46.9327987],[7.1375276,46.9325251],[7.1371576,46.9322162],[7.1369336,46.9320238],[7.1366909,46.9318127],[7.1364045,46.9315579],[7.1361176,46.9312933],[7.1358292,46.9310165],[7.1355642,46.9307568],[7.1353847,46.9305813]]}},{"type":"Feature","properties":{"bridge":"yes","highway":"motorway","int_ref":"E 25","lanes":"2","layer":"1","lit":"no","maxspeed":"120","oneway":"yes","ref":"A1","surface":"asphalt","toll":"yes","carriage_ref":"B"},"geometry":{"type":"LineString","coordinates":[[7.682349,47.2559032],[7.6828738,47.2559852]]}},{"type":"Feature","properties":{"highway":"motorway","int_ref":"E 23;E 25","lanes":"2","maxspeed":"100","oneway":"yes","ref":"A1","toll":"yes","carriage_ref":"A"},"geometry":{"type":"LineString","coordinates":[[6.5589513,46.5643035],[6.5591572,46.5637628],[6.559408,46.5631693],[6.5598949,46.5620891],[6.5604519,46.5609424]]}},{"type":"Feature","properties":{"highway":"motorway","int_ref":"E 60","lanes":"2","maxspeed":"120","oneway":"yes","ref":"A1","surface":"asphalt","toll":"yes","carriage_ref":"B"},"geometry":{"type":"LineString","coordinates":[[9.413246,47.4390653],[9.4136447,47.4391744],[9.414071,47.4393177],[9.4143797,47.4394341],[9.4145871,47.4395245],[9.414828,47.4396404],[9.4151214,47.4397933],[9.4158626,47.4402369]]}},{"type":"Feature","properties":{"highway":"motorway","int_ref":"E 35","lanes":"3","lit":"no","maxspeed":"120","oneway":"yes","ref":"A1;A2","surface":"asphalt","toll":"yes","carriage_ref":"B"},"geometry":{"type":"LineString","coordinates":[[7.8912009,47.3128364],[7.8916754,47.312784],[7.8921889,47.312718]]}},{"type":"Feature","properties":{"bridge":"yes","highway":"motorway","int_ref":"E 25;E 62","lanes":"2","layer":"1","maxspeed":"120","oneway":"yes","ref":"A1","toll":"yes","carriage_ref":"A"},"geometry":{"type":"LineString","coordinates":[[6.3444517,46.4684555],[6.3441348,46.4683657]]}},{"type":"Feature","properties":{"highway":"motorway","int_ref":"E 41;E 60","lanes":"3","maxspeed":"120","oneway":"yes","ref":"A1;A4","source:maxspeed":"CH:motorway","surface":"asphalt","toll":"yes","carriage_ref":"B"},"geometry":{"type":"LineString","coordinates":[[8.6524727,47.4235062],[8.6527135,47.4234781],[8.652957,47.4234478],[8.6534507,47.4233867],[8.6539509,47.4233198],[8.6544421,47.4232493],[8.6551449,47.4231429],[8.6559628,47.4230071],[8.6574392,47.4227655],[8.658675,47.4225705],[8.6592998,47.4224755],[8.6599236,47.422389],[8.6604774,47.4223172],[8.6610297,47.4222497],[8.6615208,47.4221959],[8.662031,47.4221505],[8.6625772,47.4221042],[8.6631242,47.4220687],[8.6635589,47.42205],[8.6639651,47.4220404],[8.6642842,47.4220365],[8.6646076,47.422033],[8.6650552,47.4220421],[8.6654991,47.4220638]]}},{"type":"Feature","properties":{"highway":"motorway","int_ref":"E 60","lanes":"3","maxspeed":"100","oneway":"yes","ref":"A1","surface":"asphalt","toll":"yes","turn:lanes":"||slight_right","carriage_ref":"B"},"geometry":{"type":"LineString","coordinates":[[8.7048878,47.5247762],[8.7053322,47.524844],[8.7055726,47.5248741],[8.7058406,47.5249016],[8.7061089,47.5249227],[8.7063003,47.5249346],[8.7064926,47.5249436],[8.7066882,47.5249494],[8.7068878,47.524952],[8.7071212,47.5249511],[8.707341,47.524947],[8.7075607,47.5249386],[8.7077651,47.5249269],[8.7079637,47.5249133],[8.7084683,47.5248662],[8.7087595,47.5248294],[8.7090101,47.5247919],[8.7092521,47.524749],[8.7095474,47.5246916],[8.709837,47.5246316],[8.7101741,47.5245531],[8.7104845,47.5244714],[8.7107829,47.5243803],[8.7110609,47.5242889],[8.7111397,47.5242603]]}},{"type":"Feature","properties":{"destination":"Interlaken;Thun|Interlaken;Thun;Lausanne;Fribourg|Lausanne;Fribourg","highway":"motorway","int_ref":"E 25;E 27","lanes":"3","maxspeed":"80","oneway":"yes","ref":"A1;A6","surface":"asphalt","toll":"yes","carriage_ref":"A"},"geometry":{"type":"LineString","coordinates":[[7.4668941,46.9835922],[7.4668413,46.9834404],[7.4667917,46.9832838],[7.4667483,46.9831275],[7.4667084,46.9829719],[7.4666746,46.9828128],[7.4666449,46.9826552],[7.4666191,46.9824916],[7.4666003,46.9823429],[7.4665861,46.9821944],[7.4665672,46.9819119],[7.4665663,46.9817351],[7.4665703,46.981559],[7.4665788,46.9814015],[7.4665926,46.98124],[7.4666109,46.9810679]]}},{"type":"Feature","properties":{"highway":"motorway","int_ref":"E 25;E 62","lanes":"2","lit":"no","maxspeed":"100","oneway":"yes","ref":"A1","toll":"yes","carriage_ref":"B"},"geometry":{"type":"LineString","coordinates":[[6.1014052,46.2220515],[6.1014966,46.2223818],[6.1015761,46.2226634]]}},{"type":"Feature","properties":{"highway":"motorway","int_ref":"E 25;E 62","lanes":"2","maxspeed":"120","oneway":"yes","ref":"A1","toll":"yes","carriage_ref":"B"},"geometry":{"type":"LineString","coordinates":[[6.204392,46.3867881],[6.2048189,46.3876672],[6.2053515,46.388717],[6.2060771,46.390024],[6.2065026,46.390741]]}},{"type":"Feature","properties":{"bridge":"yes","highway":"motorway","int_ref":"E 60","lanes":"2","layer":"1","maxspeed":"120","oneway":"yes","ref":"A1","surface":"asphalt","toll":"yes","carriage_ref":"B"},"geometry":{"type":"LineString","coordinates":[[9.20602,47.4319567],[9.2063559,47.4318568]]}},{"type":"Feature","properties":{"highway":"motorway","int_ref":"E 25","lanes":"2","maxspeed":"120","oneway":"yes","ref":"A1","surface":"asphalt","toll":"yes","carriage_ref":"A"},"geometry":{"type":"LineString","coordinates":[[7.1583565,46.9450041],[7.1577612,46.9447153],[7.1571753,46.9444371],[7.1564716,46.944106],[7.1555835,46.9436914],[7.1546813,46.9432595],[7.1541128,46.9429836],[7.1536959,46.94278],[7.1533368,46.942601],[7.1527588,46.9423077],[7.1523782,46.9421125],[7.1518517,46.9418424]]}},{"type":"Feature","properties":{"avz":"214","cs_dir:forward":"1","highway":"motorway","int_ref":"E 25","lanes":"2","lit":"no","maxspeed":"100","oneway":"yes","ref":"A1","surface":"asphalt","toll":"yes","carriage_ref":"B"},"geometry":{"type":"LineString","coordinates":[[7.3840242,46.950817],[7.3841619,46.9510233],[7.3843196,46.9512497],[7.38443,46.951407],[7.3845347,46.9515425],[7.3846424,46.9516779],[7.3847553,46.9518184],[7.384875,46.9519532],[7.3849969,46.9520843],[7.3851287,46.9522146],[7.3852564,46.9523396],[7.385392,46.9524662],[7.3855289,46.9525839],[7.3856775,46.9527011],[7.3858344,46.9528179],[7.3859933,46.952928],[7.3861612,46.9530395],[7.3863256,46.9531409],[7.3865001,46.9532431],[7.3866804,46.9533419],[7.3868618,46.9534363],[7.3870151,46.9535123],[7.3872385,46.9536159],[7.3874366,46.9536984],[7.3876355,46.9537771],[7.3878426,46.9538538],[7.3880475,46.9539251],[7.3882582,46.9539901],[7.3884706,46.9540519],[7.3886772,46.9541075],[7.3888829,46.9541558]]}},{"type":"Feature","properties":{"destination":"Zürich City | St. Gallen;Flughafen;Nordring Zürich| Flughafen;Nordring Zürich| Urdorf Chur","destination:lanes":"Zürich City | St. Gallen;Flughafen;Nordring Zürich| Flughafen;Nordring Zürich| Urdorf Chur","highway":"motorway","int_ref":"E 60","lanes":"4","lit":"no","maxspeed":"120","oneway":"yes","ref":"A1;A3","surface":"asphalt","toll":"yes","carriage_ref":"B"},"geometry":{"type":"LineString","coordinates":[[8.4085695,47.4200373],[8.4088954,47.4199392],[8.4093226,47.4198063],[8.4097593,47.419673],[8.4101915,47.4195303],[8.4106145,47.4193867],[8.4114732,47.4190782],[8.412141,47.4188259],[8.4127149,47.4186005],[8.4131529,47.4184191],[8.4136868,47.4181932],[8.4143628,47.417893],[8.4147582,47.4177174],[8.4149111,47.4176475],[8.4150359,47.4175911]]}},{"type":"Feature","properties":{"highway":"motorway","int_ref":"E 25","lanes":"2","maxspeed":"100","maxspeed:variable":"peak_traffic","oneway":"yes","ref":"A1","surface":"asphalt","toll":"yes","carriage_ref":"A"},"geometry":{"type":"LineString","coordinates":[[7.5738348,47.0835595],[7.5737746,47.0833075],[7.5736998,47.0830384],[7.5736526,47.0828729],[7.5736004,47.0827161],[7.5735002,47.0824491],[7.5733952,47.0821734],[7.5732951,47.0819409],[7.5731851,47.0817033],[7.5730446,47.0814288],[7.5729271,47.0811904],[7.5727707,47.0808936],[7.5725937,47.0805925],[7.5724198,47.0802978],[7.5722323,47.0799958],[7.5719923,47.0796224],[7.5717536,47.0792592],[7.5712609,47.0785425],[7.570666,47.0776859],[7.570461,47.0773865]]}},{"type":"Feature","properties":{"bicycle":"no","foot":"no","highway":"motorway","horse":"no","int_ref":"E 25","lanes":"2","maxspeed":"100","oneway":"yes","ref":"A1","sidewalk":"no","surface":"asphalt","toll":"yes","carriage_ref":"B"},"geometry":{"type":"LineString","coordinates":[[6.6838445,46.759105],[6.6843264,46.7593583],[6.6846937,46.7595565],[6.6850666,46.7597631],[6.685437,46.7599711],[6.6861543,46.760385],[6.6866959,46.7607018],[6.6873485,46.7610854],[6.6884764,46.7617522],[6.68959,46.7623946],[6.6900426,46.7626464],[6.6903832,46.7628326],[6.6907581,46.7630315],[6.6911387,46.7632294],[6.6915406,46.7634299],[6.6919002,46.7636103],[6.6922839,46.7637988],[6.6926959,46.7639959],[6.6930998,46.7641843],[6.6936246,46.7644277]]}},{"type":"Feature","properties":{"bridge":"yes","highway":"motorway","lanes":"2","layer":"1","lit":"no","maxspeed":"120","oneway":"yes","ref":"A1","surface":"asphalt","toll":"yes","carriage_ref":"B"},"geometry":{"type":"LineString","coordinates":[[8.0679525,47.3607199],[8.0681949,47.3609016]]}},{"type":"Feature","properties":{"avz":"328","cs_dir:forward":"2","highway":"motorway","int_ref":"E 25","lanes":"2","layer":"-1","maxspeed":"100","name":"Sévaz","oneway":"yes","ref":"A1","surface":"asphalt","toll":"yes","tunnel":"yes","tunnel:name":"Sévaz","carriage_ref":"A"},"geometry":{"type":"LineString","coordinates":[[6.8744436,46.8302005],[6.8711626,46.8315221],[6.8699547,46.831909],[6.8686109,46.8322488],[6.8682162,46.8323555]]}},{"type":"Feature","properties":{"highway":"motorway","int_ref":"E 25;E 27","lanes":"3","lit":"no","maxspeed":"80","note":"KGS-Nr: Nummer des Kulturgutes, zu finden in den KGS-Listen des Bundes und der Kantone.","oneway":"yes","ref":"A1","ref:kgs":"9396","surface":"asphalt","toll":"yes","carriage_ref":"A"},"geometry":{"type":"LineString","coordinates":[[7.4553745,46.9693264],[7.4547537,46.9694385],[7.4544347,46.9694962],[7.4541536,46.9695452]]}},{"type":"Feature","properties":{"highway":"motorway","int_ref":"E 25;E 62","lanes":"2","maxspeed":"100","oneway":"yes","ref":"A1","surface":"asphalt","toll":"yes","carriage_ref":"B"},"geometry":{"type":"LineString","coordinates":[[6.10823,46.2290088],[6.1084319,46.2291206],[6.1086238,46.2292314],[6.1089287,46.2294187],[6.1092653,46.2296378],[6.1103178,46.2303604],[6.1108827,46.2307601],[6.1114384,46.2311879],[6.1126304,46.23217]]}},{"type":"Feature","properties":{"highway":"motorway","int_ref":"E 25;E 62","lanes":"2","lit":"no","maxspeed":"100","oneway":"yes","ref":"A1","surface":"asphalt","toll":"yes","carriage_ref":"A"},"geometry":{"type":"LineString","coordinates":[[6.1009623,46.2212384],[6.1007971,46.2208096],[6.1006157,46.2203674],[6.100475,46.2200523],[6.1003208,46.219719],[6.1001275,46.2193401],[6.0999507,46.2190138],[6.0997793,46.2187216],[6.0995925,46.218438],[6.0993951,46.2181681],[6.0992439,46.2179834],[6.0991105,46.217828],[6.0989302,46.2176396],[6.0987224,46.2174411],[6.0985078,46.2172525],[6.0982659,46.2170656],[6.0979405,46.2168369],[6.0976941,46.2166789],[6.097515,46.2165748],[6.0972407,46.2164257]]}},{"type":"Feature","properties":{"avz":"93","change:lanes":"not_left|not_right|no","cs_dir:forward":"2","destination:lanes":"Zürich;Winterthur-Töss|Zürich;Winterthur-Töss|Wülflingen;Pfungen;Embrach","destination:ref:lanes":"A1;A4|A1;A4|7","hazmat:water":"permissive","highway":"motorway","int_ref":"E 41;E 60","lanes":"3","maxspeed":"100","oneway":"yes","placement":"right_of:1","ref":"A1;A4","shoulder:right":"yes","source:maxspeed":"sign","ssvz":"700N","surface":"asphalt","toll":"yes","turn:lanes":"none|none|slight_right","carriage_ref":"A"},"geometry":{"type":"LineString","coordinates":[[8.6940573,47.5170993],[8.6937073,47.5168031],[8.6934077,47.5165565]]}},{"type":"Feature","properties":{"highway":"motorway","int_ref":"E 25;E 62","lanes":"2","layer":"-1","lit":"yes","maxspeed":"100","name":"Tunnel de Vernier","oneway":"yes","ref":"A1","source":"extrapolation","toll":"yes","tunnel":"yes","tunnel:name":"Vernier","carriage_ref":"B"},"geometry":{"type":"LineString","coordinates":[[6.0756781,46.2047969],[6.0756578,46.2051825],[6.0756638,46.205636],[6.0756994,46.2061308],[6.0757643,46.2065164],[6.0758361,46.2068643],[6.0759581,46.2072618],[6.0760873,46.2076138],[6.0762938,46.2080206],[6.076471,46.2083116],[6.0766797,46.2085918],[6.0769107,46.2088586],[6.0771903,46.2091507],[6.0775802,46.2094918],[6.0779987,46.2097793],[6.0783958,46.210009],[6.0788653,46.2102468],[6.0795452,46.2105252],[6.0802245,46.2107736],[6.0808814,46.2109755],[6.0924754,46.2145259]]}},{"type":"Feature","properties":{"destination":"Zürich;St.Gallen","highway":"motorway","int_ref":"E 60","lanes":"2","maxspeed":"120","oneway":"yes","ref":"A1","surface":"asphalt","toll":"yes","carriage_ref":"A"},"geometry":{"type":"LineString","coordinates":[[9.4486281,47.4701814],[9.4480765,47.4701259],[9.4475158,47.4700553],[9.4469975,47.4699588],[9.4469518,47.4699497],[9.4465651,47.4698728],[9.4462737,47.4698083],[9.4459134,47.4697135]]}},{"type":"Feature","properties":{"avz":"341","cs_dir:forward":"2","destination:lanes":"|||Neuenhof;Bad Zurzach;Wettingen-Zentrum;Baden-Zentrum","highway":"motorway","int_ref":"E 60","lanes":"4","lit":"yes","maxspeed":"100","oneway":"yes","placement":"middle_of:2","ref":"A1;A3","surface":"asphalt","toll":"yes","turn:lanes":"through|through|through|right","carriage_ref":"A"},"geometry":{"type":"LineString","coordinates":[[8.3256189,47.4546619],[8.3252681,47.4546507],[8.3248267,47.4546431]]}},{"type":"Feature","properties":{"highway":"motorway","int_ref":"E 25;E 62","lanes":"3","maxspeed":"signals","oneway":"yes","ref":"A1","surface":"asphalt","toll":"yes","carriage_ref":"A"},"geometry":{"type":"LineString","coordinates":[[6.5587443,46.5399661],[6.5580825,46.5397107],[6.557284,46.5393663],[6.5561745,46.5388127],[6.555419,46.5383839],[6.5543247,46.5377162],[6.5539614,46.5374841],[6.553694,46.5373132],[6.5532234,46.5370068],[6.5526811,46.5366575]]}},{"type":"Feature","properties":{"highway":"motorway","int_ref":"E 25","lanes":"2","maxspeed":"120","oneway":"yes","ref":"A1","surface":"asphalt","toll":"yes","carriage_ref":"A"},"geometry":{"type":"LineString","coordinates":[[7.6004454,47.210144],[7.6003955,47.2099145],[7.6003378,47.2095729],[7.600259,47.2090974],[7.6001947,47.2086026],[7.6001358,47.2081063],[7.6001053,47.2077834],[7.6000791,47.2074595],[7.6000381,47.2068269]]}},{"type":"Feature","properties":{"bridge":"yes","hazmat:water":"permissive","highway":"motorway","int_ref":"E 41;E 60","lanes":"2","layer":"1","maxspeed":"100","oneway":"yes","overtaking:hgv":"no","ref":"A1;A4","shoulder:right":"yes","source:maxspeed":"sign","surface":"asphalt","toll":"yes","carriage_ref":"A"},"geometry":{"type":"LineString","coordinates":[[8.6867973,47.5091545],[8.6866917,47.5088185]]}},{"type":"Feature","properties":{"destination":"Uzwil;Zürich","highway":"motorway","int_ref":"E 60","lanes":"2","maxspeed":"120","oneway":"yes","ref":"A1","surface":"asphalt","toll":"yes","carriage_ref":"A"},"geometry":{"type":"LineString","coordinates":[[9.2401558,47.4250565],[9.2389268,47.4248304],[9.2379561,47.4246603],[9.2366756,47.4244283]]}},{"type":"Feature","properties":{"highway":"motorway","lanes":"2","lit":"no","maxspeed":"120","oneway":"yes","ref":"A1","surface":"asphalt","toll":"yes","carriage_ref":"A"},"geometry":{"type":"LineString","coordinates":[[8.0472583,47.3447256],[8.0464151,47.3438931]]}},{"type":"Feature","properties":{"avz":"291","cs_dir:forward":"1","highway":"motorway","int_ref":"E 23;E 25;E 62","lanes":"3","lit":"no","maxspeed":"100","oneway":"yes","ref":"A1","surface":"asphalt","toll":"yes","carriage_ref":"B"},"geometry":{"type":"LineString","coordinates":[[6.5689181,46.5460529],[6.568948,46.5469446],[6.5689407,46.5470599],[6.5689336,46.5471813],[6.5689199,46.5472894],[6.5689093,46.5474074],[6.5688967,46.547494]]}},{"type":"Feature","properties":{"highway":"motorway","int_ref":"E 60","lanes":"2","maxspeed":"120","oneway":"yes","ref":"A1","surface":"asphalt","toll":"yes","carriage_ref":"B"},"geometry":{"type":"LineString","coordinates":[[9.4436718,47.4687342],[9.4438386,47.4688252],[9.4442217,47.4690023],[9.4444418,47.4691018],[9.4448442,47.4692659],[9.4450779,47.469351],[9.4452974,47.4694197]]}},{"type":"Feature","properties":{"highway":"motorway","int_ref":"E 41;E 60","lanes":"4","maxspeed":"120","oneway":"yes","placement":"middle_of:2","ref":"A1;A4","source:maxspeed":"CH:motorway","surface":"asphalt","toll":"yes","turn:lanes":"|||merge_to_left","carriage_ref":"A"},"geometry":{"type":"LineString","coordinates":[[8.6904908,47.4416403],[8.6893035,47.4411052],[8.6880919,47.4405638]]}},{"type":"Feature","properties":{"highway":"motorway","int_ref":"E 35","lanes":"2","lit":"no","maxspeed":"120","oneway":"yes","ref":"A1;A2","surface":"asphalt","toll":"yes","carriage_ref":"A"},"geometry":{"type":"LineString","coordinates":[[7.8852367,47.3132592],[7.8846473,47.3132622],[7.8836599,47.313253],[7.8826724,47.3132391],[7.8816837,47.3132284],[7.8806951,47.3132107]]}},{"type":"Feature","properties":{"bridge":"yes","highway":"motorway","int_ref":"E 25;E 62","lanes":"2","layer":"1","maxspeed":"120","oneway":"yes","ref":"A1","toll":"yes","carriage_ref":"B"},"geometry":{"type":"LineString","coordinates":[[6.3679166,46.473948],[6.3683384,46.4740003]]}},{"type":"Feature","properties":{"avz":"272","bridge":"yes","cs_dir:forward":"2","highway":"motorway","int_ref":"E 25;E 62","lanes":"2","layer":"1","lit":"no","maxspeed":"100","name":"Pont d'Aigues-Vertes","oneway":"yes","ref":"A1","toll":"yes","carriage_ref":"A"},"geometry":{"type":"LineString","coordinates":[[6.0755784,46.2035842],[6.0756532,46.2033658],[6.075737,46.203144],[6.0758162,46.2029479],[6.0759173,46.2027327],[6.0760452,46.2024703],[6.0761682,46.2022295],[6.0763665,46.2018656],[6.07662,46.2014305]]}},{"type":"Feature","properties":{"highway":"motorway","int_ref":"E 60","lanes":"2","maxspeed":"120","oneway":"yes","ref":"A1","surface":"asphalt","toll":"yes","carriage_ref":"A"},"geometry":{"type":"LineString","coordinates":[[9.4452105,47.4695027],[9.4449341,47.4694087],[9.4446261,47.4692932],[9.4442642,47.4691519],[9.4439223,47.4689914],[9.4436967,47.4688882],[9.4434706,47.4687689]]}},{"type":"Feature","properties":{"highway":"motorway","lanes":"2","lit":"no","maxspeed":"120","oneway":"yes","ref":"A1","surface":"asphalt","toll":"yes","carriage_ref":"A"},"geometry":{"type":"LineString","coordinates":[[8.031117,47.3299997],[8.0306413,47.3297098],[8.0301605,47.329425],[8.029201,47.3288586],[8.0285039,47.3284461],[8.0277817,47.3280144],[8.0274234,47.327796],[8.027067,47.3275766],[8.0267268,47.3273549],[8.0263853,47.3271321],[8.0260521,47.3268993],[8.0257227,47.3266647],[8.0254777,47.3264828],[8.0252383,47.3263008],[8.0247611,47.325932],[8.024295,47.3255662],[8.0238199,47.3251988],[8.0235056,47.3249627],[8.0231869,47.3247287],[8.0228596,47.3245013],[8.0225194,47.3242792],[8.0221795,47.3240634],[8.0218228,47.3238559],[8.0214477,47.3236529],[8.0210825,47.3234693],[8.0206879,47.3232875],[8.0202849,47.3231139],[8.0198769,47.3229503],[8.0194782,47.3228046],[8.0190393,47.322657],[8.0185834,47.3225194],[8.0179314,47.3223446]]}},{"type":"Feature","properties":{"highway":"motorway","int_ref":"E 60","lanes":"2","maxspeed":"120","oneway":"yes","ref":"A1","surface":"asphalt","toll":"yes","carriage_ref":"B"},"geometry":{"type":"LineString","coordinates":[[8.7870306,47.5317824],[8.7880765,47.531864],[8.7892033,47.5319384],[8.7904759,47.5320148],[8.7915133,47.5320846],[8.7927379,47.5321457],[8.7938688,47.5321888],[8.794928,47.5322201],[8.7960351,47.5322327],[8.7976372,47.5322273]]}},{"type":"Feature","properties":{"avz":"323","cs_dir:forward":"1","highway":"motorway","int_ref":"E 25","lanes":"2","maxspeed":"120","oneway":"yes","ref":"A1","surface":"asphalt","toll":"yes","carriage_ref":"B"},"geometry":{"type":"LineString","coordinates":[[7.0832447,46.900921],[7.0846383,46.9014744],[7.0854823,46.9017959],[7.0858941,46.9019697],[7.0862982,46.9021339],[7.0871076,46.9024646],[7.0879177,46.9027938],[7.089118,46.9033084],[7.0904706,46.9039051]]}},{"type":"Feature","properties":{"highway":"motorway","int_ref":"E 25","lanes":"2","maxspeed":"100","oneway":"yes","ref":"A1","surface":"asphalt","toll":"yes","carriage_ref":"B"},"geometry":{"type":"LineString","coordinates":[[6.8601283,46.8324841],[6.8604582,46.8325289],[6.8607833,46.832571],[6.8612419,46.8326189],[6.8617081,46.8326584],[6.8621736,46.8326891],[6.8626456,46.8327106],[6.8631142,46.8327213],[6.8635831,46.8327249],[6.864055,46.8327176],[6.8645235,46.8327031],[6.8649931,46.832678],[6.8654572,46.8326438],[6.8659128,46.832602],[6.8664152,46.8325446],[6.8668181,46.83249],[6.867262,46.8324211],[6.8676991,46.8323466],[6.8681666,46.8322536],[6.8685414,46.8321756]]}},{"type":"Feature","properties":{"bridge":"yes","change:lanes":"not_left|not_right|not_left|not_right","highway":"motorway","int_ref":"E 41;E 60","lanes":"4","layer":"1","lit":"yes","maxspeed":"100","oneway":"yes","placement":"middle_of:2","ref":"A1;A4","source:maxspeed":"sign","surface":"asphalt","toll":"yes","turn:lanes":"|||merge_to_left","carriage_ref":"A"},"geometry":{"type":"LineString","coordinates":[[8.6261438,47.4151995],[8.6259397,47.4150596]]}},{"type":"Feature","properties":{"highway":"motorway","int_ref":"E 60","lanes":"2","maxspeed":"120","oneway":"yes","ref":"A1","surface":"asphalt","toll":"yes","carriage_ref":"B"},"geometry":{"type":"LineString","coordinates":[[9.228465,47.4233708],[9.229396,47.4233691],[9.2300118,47.4233953]]}},{"type":"Feature","properties":{"highway":"motorway","int_ref":"E 25","lanes":"2","layer":"-1","maxspeed":"120","oneway":"yes","ref":"A1","surface":"asphalt","toll":"yes","tunnel":"yes","carriage_ref":"A"},"geometry":{"type":"LineString","coordinates":[[7.5584448,47.0625268],[7.558003,47.0621695]]}},{"type":"Feature","properties":{"destination":"St. Gallen;Kreuzlingen","highway":"motorway","int_ref":"E 60","lanes":"2","maxspeed":"120","oneway":"yes","ref":"A1","shoulder:right":"yes","source:maxspeed":"CH:motorway","surface":"asphalt","toll":"yes","carriage_ref":"A"},"geometry":{"type":"LineString","coordinates":[[9.5782724,47.4805857],[9.5779277,47.4806109],[9.5773622,47.4806454],[9.5768072,47.4806499],[9.5762321,47.4806385]]}},{"type":"Feature","properties":{"destination:int_ref:lanes":"E 60|E 60|E 60;E 41","destination:lanes":"Sankt Gallen;Kreuzlingen|Sankt Gallen;Kreuzlingen|Sankt Gallen;Kreuzlingen;Schaffhausen","destination:ref:lanes":"A1|A1|A1;A4","highway":"motorway","int_ref":"E 41;E 60","lanes":"3","maxspeed":"100","oneway":"yes","ref":"A1;A4","surface":"asphalt","toll":"yes","carriage_ref":"B"},"geometry":{"type":"LineString","coordinates":[[8.6921697,47.5153257],[8.6924152,47.515518],[8.6927176,47.5157732],[8.6930061,47.5160087],[8.6933557,47.5163026]]}},{"type":"Feature","properties":{"bridge":"yes","highway":"motorway","int_ref":"E 41;E 60","lanes":"2","layer":"1","lit":"yes","maxspeed":"signals","oneway":"yes","ref":"A1;A4","shoulder:right":"yes","source:maxspeed":"signals","surface":"asphalt","toll":"yes","carriage_ref":"A"},"geometry":{"type":"LineString","coordinates":[[8.5738476,47.4229256],[8.5737307,47.4230415]]}},{"type":"Feature","properties":{"highway":"motorway","int_ref":"E 25","lanes":"2","lit":"no","maxspeed":"100","oneway":"yes","ref":"A1","surface":"asphalt","toll":"yes","carriage_ref":"B"},"geometry":{"type":"LineString","coordinates":[[7.6353185,47.2361824],[7.6357529,47.2364069],[7.6361914,47.2366264],[7.6363869,47.2367183],[7.6365833,47.2368093],[7.6367837,47.2368978],[7.6369865,47.2369838],[7.6371943,47.2370692],[7.6374043,47.2371519],[7.6376646,47.2372476],[7.6379771,47.2373498],[7.6382341,47.2374268],[7.6384995,47.2374972],[7.6387261,47.23755],[7.6389562,47.237599],[7.639179,47.2376418],[7.6394061,47.2376813],[7.6396486,47.2377192],[7.6398785,47.2377499],[7.6401269,47.2377788],[7.6403609,47.2378037],[7.6408281,47.237845],[7.6414236,47.2378951],[7.6418027,47.2379285],[7.642039,47.2379531],[7.6422748,47.2379803],[7.6425111,47.2380108],[7.6427466,47.2380448],[7.6429822,47.238083],[7.6432163,47.2381245],[7.6434637,47.238174],[7.6437067,47.2382286],[7.6439419,47.238288],[7.644165,47.2383525],[7.6443785,47.2384186],[7.6445858,47.238491],[7.6448171,47.238578],[7.6450234,47.238662],[7.6452285,47.2387521],[7.6454315,47.2388443],[7.6456266,47.2389395],[7.6458195,47.2390373],[7.6461138,47.2391997],[7.6464039,47.239363],[7.6467441,47.2395599],[7.6471122,47.2397818],[7.6474944,47.2400228],[7.6479088,47.2402873],[7.6482152,47.2404881],[7.648517,47.2406943],[7.6488186,47.2409007],[7.6491166,47.2411098],[7.6500235,47.2417728],[7.6502819,47.2419518]]}},{"type":"Feature","properties":{"highway":"motorway","lanes":"2","lit":"no","maxspeed":"120","oneway":"yes","ref":"A1","surface":"asphalt","toll":"yes","carriage_ref":"A"},"geometry":{"type":"LineString","coordinates":[[8.2410961,47.4391328],[8.240921,47.438812],[8.2406033,47.4381701],[8.2403288,47.4375534],[8.2399838,47.4367549],[8.2396572,47.4359479],[8.2394211,47.4353316],[8.2392977,47.4350098],[8.2385764,47.4330734]]}},{"type":"Feature","properties":{"highway":"motorway","int_ref":"E 23;E 25","lanes":"2","lit":"no","maxspeed":"120","oneway":"yes","ref":"A1;A9","surface":"asphalt","toll":"yes","carriage_ref":"A"},"geometry":{"type":"LineString","coordinates":[[6.5789456,46.7066995],[6.578769,46.7060895],[6.5785518,46.7054733],[6.578317,46.7049019],[6.5781434,46.7045018],[6.5780388,46.7042745],[6.5779673,46.7041155],[6.5775024,46.7031931],[6.5767717,46.7018155],[6.576053,46.7004673],[6.5756594,46.6996861]]}},{"type":"Feature","properties":{"highway":"motorway","int_ref":"E 25","lanes":"2","layer":"-1","maxspeed":"100","name":"Frasses","oneway":"yes","ref":"A1","surface":"asphalt","toll":"yes","tunnel":"yes","tunnel:name":"Frasses","carriage_ref":"A"},"geometry":{"type":"LineString","coordinates":[[6.8597019,46.8325279],[6.8587509,46.8323213],[6.8569011,46.8318095],[6.8556373,46.8314335],[6.854088,46.8308907]]}},{"type":"Feature","properties":{"bridge":"yes","highway":"motorway","int_ref":"E 35","lanes":"2","layer":"1","lit":"no","maxspeed":"120","oneway":"yes","ref":"A1;A2","surface":"asphalt","toll":"yes","carriage_ref":"A"},"geometry":{"type":"LineString","coordinates":[[7.8482127,47.311108],[7.8475455,47.310953]]}},{"type":"Feature","properties":{"highway":"motorway","int_ref":"E 60","lanes":"2","maxspeed":"100","oneway":"yes","ref":"A1","surface":"asphalt","toll":"yes","carriage_ref":"A"},"geometry":{"type":"LineString","coordinates":[[8.7148338,47.5232744],[8.7143733,47.5233631],[8.7140021,47.5234518]]}},{"type":"Feature","properties":{"highway":"motorway","int_ref":"E 25","lanes":"2","maxspeed":"120","oneway":"yes","ref":"A1","surface":"asphalt","toll":"yes","carriage_ref":"A"},"geometry":{"type":"LineString","coordinates":[[7.0155383,46.8792848],[7.0146965,46.879117],[7.0139879,46.8789712],[7.0130965,46.8787992],[7.0126518,46.878719],[7.0122038,46.8786476],[7.0112697,46.8785029],[7.0103394,46.8783629],[7.0094223,46.8782265],[7.0087321,46.8781353],[7.0075683,46.8779933],[7.0064013,46.8778547],[7.0042933,46.8776125],[7.002891,46.8774602],[7.0015036,46.87729],[7.0006993,46.8771977],[6.999895,46.877102],[6.9991895,46.8770151],[6.9984904,46.8769221],[6.9978063,46.8768217],[6.9972045,46.8767319]]}},{"type":"Feature","properties":{"highway":"motorway","int_ref":"E 25;E 62","lanes":"2","maxspeed":"80","oneway":"yes","ref":"A1","surface":"asphalt","toll":"yes","carriage_ref":"B"},"geometry":{"type":"LineString","coordinates":[[6.5669623,46.5407881],[6.5671527,46.5409207],[6.567251,46.541015],[6.5673783,46.5411495],[6.5674671,46.5412647],[6.5676004,46.5414528],[6.5676693,46.5415981]]}},{"type":"Feature","properties":{"highway":"motorway","int_ref":"E 25","lanes":"2","maxspeed":"120","oneway":"yes","ref":"A1","surface":"asphalt","toll":"yes","carriage_ref":"B"},"geometry":{"type":"LineString","coordinates":[[7.5585563,47.0624625],[7.5588047,47.0626731],[7.5590009,47.0628341],[7.5594254,47.0632213],[7.5598324,47.0635993],[7.5602081,47.0639701],[7.5606131,47.0643689],[7.5611385,47.0649057],[7.5616589,47.0654508],[7.5619058,47.0657148],[7.5622856,47.0661303],[7.5627783,47.0666844],[7.5631396,47.0671044],[7.5633913,47.0673977],[7.5636582,47.067718],[7.5639638,47.0680904],[7.5643026,47.0685068],[7.5646333,47.0689448],[7.5650563,47.0695098],[7.5653871,47.0699493],[7.5656958,47.0703773],[7.5664287,47.0713979],[7.5671091,47.0723583]]}},{"type":"Feature","properties":{"avz":"517","cs_dir:forward":"2","highway":"motorway","int_ref":"E 60","lanes":"2","maxspeed":"120","oneway":"yes","ref":"A1","surface":"asphalt","toll":"yes","carriage_ref":"A"},"geometry":{"type":"LineString","coordinates":[[9.2830053,47.4131538],[9.2812012,47.4136136],[9.280545,47.4137966],[9.2798815,47.4140179],[9.2793386,47.4142396],[9.2786775,47.414553],[9.2783078,47.4147669],[9.277938,47.4149972],[9.2775282,47.4152832],[9.2771628,47.4155703],[9.2767085,47.4159786],[9.2762919,47.4163796]]}},{"type":"Feature","properties":{"bicycle":"no","bridge":"viaduct","foot":"no","highway":"motorway","horse":"no","int_ref":"E 25","lanes":"2","layer":"1","maxspeed":"100","oneway":"yes","ref":"A1","sidewalk":"no","surface":"asphalt","toll":"yes","carriage_ref":"B"},"geometry":{"type":"LineString","coordinates":[[6.645196,46.7620716],[6.6454094,46.7620829],[6.6456512,46.7620917],[6.6458452,46.7620929],[6.6460709,46.7620924],[6.6462185,46.7620864],[6.6464517,46.7620719],[6.6466588,46.7620513],[6.6468785,46.762022],[6.647091,46.7619875],[6.6473021,46.76194],[6.6475011,46.7618849]]}},{"type":"Feature","properties":{"highway":"motorway","int_ref":"E 35","lanes":"4","lit":"no","maxspeed":"120","oneway":"yes","ref":"A1;A2","surface":"asphalt","toll":"yes","turn:lanes":"through|through|through|merge_to_left","carriage_ref":"B"},"geometry":{"type":"LineString","coordinates":[[7.8482899,47.3110144],[7.84885,47.3111423],[7.849232,47.3112274],[7.8496153,47.3113113],[7.8500672,47.3114058],[7.8505207,47.311498],[7.8511457,47.3116183],[7.8513537,47.3116562]]}},{"type":"Feature","properties":{"highway":"motorway","int_ref":"E 60","lanes":"2","maxspeed":"120","oneway":"yes","ref":"A1","surface":"asphalt","toll":"yes","carriage_ref":"A"},"geometry":{"type":"LineString","coordinates":[[9.0538717,47.454042],[9.0528166,47.453972],[9.0517249,47.453907],[9.049543,47.453834]]}},{"type":"Feature","properties":{"highway":"motorway","int_ref":"E 25","lanes":"2","maxspeed":"120","oneway":"yes","ref":"A1","surface":"asphalt","toll":"yes","carriage_ref":"B"},"geometry":{"type":"LineString","coordinates":[[6.9404153,46.8513159],[6.9415312,46.8522071],[6.9426026,46.853068],[6.9436887,46.8539293],[6.9447765,46.8547902],[6.9450891,46.8550315],[6.9454086,46.8552704],[6.946054,46.8557436],[6.9467138,46.8562074],[6.9473829,46.8566676],[6.9477171,46.8568885],[6.9480547,46.8571077],[6.9485787,46.8574411],[6.9491075,46.8577702],[6.9498146,46.8581901],[6.95017,46.8583971],[6.9505282,46.8586041],[6.9512616,46.8590119],[6.9516317,46.8592131],[6.9520034,46.859413],[6.9527549,46.8598013],[6.953135,46.8599934],[6.9535174,46.8601825],[6.9539169,46.8603757],[6.9543171,46.8605681],[6.9546855,46.86074],[6.9550792,46.8609193],[6.9554724,46.8610946],[6.9562801,46.8614496],[6.9620662,46.8639244],[6.966067,46.8656694],[6.9694646,46.8671285],[6.9711672,46.8678581],[6.9728689,46.8685918],[6.9766885,46.8702303],[6.9794678,46.8714187],[6.980263,46.8717617],[6.9810794,46.8721094],[6.9814638,46.8722759],[6.9818667,46.8724426],[6.9824847,46.8726938],[6.9830979,46.8729321],[6.9835191,46.8730922],[6.9839365,46.8732482],[6.9845514,46.8734699],[6.9851895,46.873693],[6.9858234,46.8739095],[6.9864583,46.8741149],[6.987102,46.8743178],[6.9877518,46.8745141],[6.9881842,46.8746409],[6.9886206,46.8747708],[6.9890583,46.874893],[6.9894961,46.8750114],[6.9903695,46.8752434],[6.9911465,46.8754364]]}},{"type":"Feature","properties":{"highway":"motorway","int_ref":"E 25","lanes":"2","layer":"-1","maxspeed":"100","name":"Combette","oneway":"yes","ref":"A1","surface":"asphalt","toll":"yes","tunnel":"yes","tunnel:name":"Combette","carriage_ref":"B"},"geometry":{"type":"LineString","coordinates":[[7.1285598,46.9195084],[7.1287295,46.9197664],[7.1289022,46.9200671],[7.1290667,46.9203738],[7.1292284,46.9206794],[7.1296788,46.9215761],[7.1301506,46.9223214],[7.1328248,46.9268139],[7.1348995,46.9297324],[7.1354994,46.9305337]]}},{"type":"Feature","properties":{"bridge":"yes","highway":"motorway","int_ref":"E 25","lanes":"2","layer":"2","maxspeed":"120","oneway":"yes","ref":"A1","surface":"asphalt","toll":"yes","carriage_ref":"A"},"geometry":{"type":"LineString","coordinates":[[7.5513367,47.0590735],[7.5511137,47.058994]]}},{"type":"Feature","properties":{"highway":"motorway","int_ref":"E 25;E 62","lanes":"2","maxspeed":"120","oneway":"yes","ref":"A1","toll":"yes","carriage_ref":"B"},"geometry":{"type":"LineString","coordinates":[[6.2086898,46.3939441],[6.2094139,46.3948924],[6.2100863,46.3957583],[6.2107875,46.3966218],[6.2117541,46.3977373],[6.2127516,46.3988013],[6.2131565,46.3992439],[6.2139148,46.4000353],[6.2142238,46.4003486]]}},{"type":"Feature","properties":{"bridge":"yes","highway":"motorway","int_ref":"E 25","lanes":"2","layer":"1","lit":"no","maxspeed":"120","oneway":"yes","ref":"A1","surface":"asphalt","toll":"yes","carriage_ref":"A"},"geometry":{"type":"LineString","coordinates":[[7.3013098,46.9568904],[7.3002771,46.9571511],[7.2992297,46.9574701]]}},{"type":"Feature","properties":{"highway":"motorway","int_ref":"E 60","lanes":"2","maxspeed":"120","oneway":"yes","ref":"A1","surface":"asphalt","toll":"yes","carriage_ref":"B"},"geometry":{"type":"LineString","coordinates":[[9.5891617,47.4705472],[9.5897893,47.4695273],[9.5904301,47.4685283],[9.5908091,47.4679405],[9.5912763,47.467252],[9.5920169,47.4661941],[9.5930891,47.4647307],[9.5934294,47.4642778],[9.5938895,47.4637122],[9.5942404,47.4633537],[9.5945405,47.4630908],[9.5947925,47.4628979],[9.5951206,47.4626803],[9.5954543,47.4624792],[9.5959344,47.4622486],[9.5963472,47.4620749],[9.5968277,47.4619005],[9.5974418,47.4617202],[9.5980979,47.4615557],[9.5985913,47.4614474],[9.5991284,47.4613448],[9.5996915,47.4612543],[9.6005474,47.4611501],[9.6009075,47.4611177],[9.6013193,47.4610931],[9.6017581,47.4610738],[9.6022631,47.4610679],[9.6028227,47.4610639],[9.6036348,47.461067],[9.6050547,47.4610941]]}},{"type":"Feature","properties":{"highway":"motorway","int_ref":"E 25","lanes":"2","lit":"no","maxspeed":"120","oneway":"yes","ref":"A1","surface":"asphalt","toll":"yes","carriage_ref":"B"},"geometry":{"type":"LineString","coordinates":[[6.5700272,46.7272091],[6.5701299,46.7275431],[6.570226,46.7278024],[6.5703369,46.7280656],[6.5704566,46.7283213],[6.5705881,46.7285776],[6.570729,46.728826],[6.5708817,46.7290781],[6.5710506,46.72933],[6.5712179,46.729568],[6.5713968,46.7298073],[6.5715852,46.7300455],[6.5717835,46.7302843],[6.5719774,46.7305062],[6.5721836,46.7307333],[6.5724079,46.7309703],[6.5726282,46.7311931],[6.5728448,46.7314057],[6.5730808,46.731627],[6.5733203,46.7318472],[6.5735697,46.732069],[6.5737571,46.7322314],[6.5739513,46.7323983],[6.5743128,46.7327019],[6.5746914,46.7330108],[6.5751942,46.7334143],[6.5754517,46.7336156],[6.57571,46.7338171],[6.5761083,46.7341217],[6.5765131,46.7344288],[6.5767816,46.7346272],[6.577053,46.7348298],[6.5773288,46.7350215],[6.5775895,46.7352206],[6.5779946,46.7355108],[6.5784059,46.7358025],[6.5789658,46.7361919],[6.5792401,46.7363804],[6.5795194,46.7365698],[6.5798012,46.7367582],[6.5800842,46.7369478],[6.5806568,46.7373215],[6.5812426,46.7376911],[6.5818298,46.7380573],[6.5824175,46.7384182],[6.5830104,46.7387739],[6.5836033,46.7391296],[6.5842123,46.7394848],[6.5848132,46.7398289],[6.5854325,46.7401785],[6.5857425,46.7403484],[6.5860482,46.740516],[6.5863545,46.7406774],[6.5866708,46.7408402],[6.5869932,46.7410073],[6.5876201,46.7413233],[6.5881814,46.7416055],[6.588749,46.7418883],[6.5892251,46.7421227],[6.5897071,46.7423547],[6.5905319,46.7427357],[6.5913508,46.7431076],[6.5916797,46.7432561],[6.5920175,46.7434049],[6.5923511,46.7435512],[6.5926915,46.7436987],[6.5933697,46.7439878],[6.5943498,46.7443951],[6.5950307,46.7446691],[6.5957184,46.7449397],[6.5964175,46.7452073],[6.5969324,46.7454008],[6.5974511,46.7455942],[6.5983439,46.7459174],[6.5990398,46.7461623],[6.5994886,46.7463161],[6.5999355,46.7464674],[6.6005428,46.7466711],[6.6008539,46.7467726],[6.6011661,46.7468722],[6.6017018,46.7470443],[6.6022179,46.7472112],[6.6033156,46.7475545],[6.6039649,46.7477437],[6.6045861,46.7479203],[6.6053216,46.748125],[6.6056342,46.7482082],[6.6059463,46.7482923]]}},{"type":"Feature","properties":{"highway":"motorway","int_ref":"E 25;E 27","lanes":"3","maxspeed":"100","maxspeed:variable":"yes","oneway":"yes","ref":"A1;A6","surface":"asphalt","toll":"yes","carriage_ref":"B"},"geometry":{"type":"LineString","coordinates":[[7.4673707,46.9792413],[7.4672075,46.9796015],[7.4670777,46.979937],[7.4669778,46.9802405],[7.4669305,46.9804054],[7.4668887,46.9805739],[7.4668524,46.9807425],[7.4668231,46.9809054],[7.4667988,46.9810769],[7.4667812,46.9812505],[7.4667661,46.9814066],[7.4667584,46.9815625],[7.4667543,46.9817352],[7.4667578,46.9819093],[7.4667739,46.9821831],[7.4667879,46.9823299],[7.4668059,46.9824745],[7.4668318,46.9826364],[7.4668606,46.9827949],[7.4668945,46.9829479],[7.4669343,46.983104],[7.466979,46.9832611],[7.467025,46.9834091],[7.4670781,46.9835649],[7.4671339,46.9837105],[7.4672005,46.9838739],[7.4672771,46.9840488],[7.4673506,46.9842002],[7.467426,46.9843471],[7.467512,46.9845015],[7.4676021,46.9846546],[7.4676955,46.9848043],[7.4677885,46.984944],[7.4678959,46.9850982],[7.468002,46.9852422],[7.4681107,46.9853809],[7.4682209,46.9855163],[7.4683368,46.9856514],[7.4684538,46.9857835],[7.4685908,46.9859279],[7.4687314,46.9860698],[7.4688581,46.9861929],[7.468986,46.986313],[7.4691283,46.9864402],[7.469282,46.986571],[7.4694205,46.9866848],[7.4695523,46.9867887],[7.4697472,46.9869387],[7.4699718,46.9871001],[7.4701807,46.9872409],[7.4703976,46.9873824],[7.4705443,46.9874722],[7.4706953,46.9875625],[7.4708498,46.98765],[7.471011,46.9877398],[7.4711726,46.9878262],[7.4713413,46.9879156],[7.4716286,46.9880559]]}},{"type":"Feature","properties":{"destination":"St. Gallen;Flughafen;Nordring Zürich","destination:lanes":"St. Gallen;Flughafen;Nordring Zürich|St. Gallen;Flughafen;Nordring Zürich","destination:symbol":"airport","highway":"motorway","int_ref":"E 60","lanes":"2","lit":"yes","maxspeed":"80","oneway":"yes","ref":"59","surface":"asphalt","toll":"yes","carriage_ref":"B"},"geometry":{"type":"LineString","coordinates":[[8.4237598,47.4133404],[8.4240477,47.4131954],[8.4243301,47.4130444],[8.4244952,47.4129487],[8.4246295,47.4128685],[8.4247699,47.4127834],[8.4249118,47.4126961],[8.4251478,47.4125425],[8.4253792,47.4123839],[8.4255456,47.4122672],[8.4257055,47.4121497],[8.4258426,47.412048],[8.4259772,47.4119446],[8.4262611,47.4117269],[8.4264637,47.4116139],[8.4266138,47.4115331],[8.4267677,47.4114591],[8.4269649,47.4113807],[8.4271128,47.4113286],[8.4273542,47.4112538]]}},{"type":"Feature","properties":{"highway":"motorway","int_ref":"E 60","lanes":"2","maxspeed":"120","oneway":"yes","ref":"A1","surface":"asphalt","toll":"yes","carriage_ref":"A"},"geometry":{"type":"LineString","coordinates":[[9.2580089,47.4248775],[9.2572941,47.4252137],[9.2566834,47.4254673],[9.2560997,47.4256758],[9.2555836,47.4258511],[9.2549605,47.4260275],[9.2542807,47.4261879],[9.2536102,47.4263185],[9.2529603,47.426418],[9.2523864,47.4264885],[9.2517184,47.4265421],[9.250847,47.4265752],[9.2498458,47.4265604],[9.2490324,47.4265085],[9.2481589,47.4264176],[9.2470151,47.4262633],[9.2459152,47.4260783],[9.243553,47.4256595],[9.2423645,47.4254465]]}},{"type":"Feature","properties":{"change:lanes":"not_left|not_right|no","highway":"motorway","int_ref":"E 41;E 60","lanes":"3","lit":"yes","maxspeed":"100","oneway":"yes","ref":"A1;A4","shoulder:right":"yes","source:maxspeed":"sign","surface":"asphalt","toll":"yes","carriage_ref":"A"},"geometry":{"type":"LineString","coordinates":[[8.5677964,47.4246638],[8.5666671,47.424801]]}},{"type":"Feature","properties":{"highway":"motorway","int_ref":"E 25","lanes":"2","maxspeed":"120","oneway":"yes","ref":"A1","surface":"asphalt","toll":"yes","carriage_ref":"B"},"geometry":{"type":"LineString","coordinates":[[7.0258323,46.8822432],[7.0263646,46.882456],[7.0269642,46.8827012],[7.0273739,46.8828698],[7.0279587,46.8831225],[7.0283425,46.8832934],[7.0287362,46.8834652],[7.0295776,46.883848],[7.0301382,46.8841221],[7.030695,46.8843981],[7.0310722,46.8845939],[7.0316115,46.8848703],[7.0321689,46.8851656],[7.032906,46.885565],[7.0336266,46.8859886],[7.0339859,46.8861981],[7.0343493,46.8864094],[7.0347161,46.8866315],[7.035078,46.8868577],[7.036425,46.8877269],[7.0394996,46.8897376],[7.0422393,46.8915189],[7.042587,46.8917435],[7.0429365,46.8919653],[7.0432859,46.8921804],[7.0436424,46.8923955],[7.0439904,46.8926067],[7.0441686,46.8927131],[7.0443455,46.8928185],[7.0445223,46.8929203],[7.0447157,46.8930201],[7.0449014,46.8931142],[7.0450914,46.8932075],[7.0454834,46.8933904],[7.0458825,46.8935743],[7.0462758,46.8937366],[7.0466708,46.8939017],[7.0470824,46.8940642],[7.0475018,46.8942189],[7.0479223,46.894368],[7.0483496,46.8945071],[7.0487708,46.8946368],[7.0492167,46.8947761],[7.0496392,46.8948953],[7.0500829,46.8950073],[7.0505202,46.8951087],[7.050967,46.8952101],[7.0514151,46.8952978],[7.0520187,46.8954087]]}},{"type":"Feature","properties":{"avz":"56","cs_dir:forward":"1","destination:lanes":"Zürich;Basel;Kirchberg|Zürich;Basel;Kirchberg|Biel/Bienne;Schönbühl","highway":"motorway","int_ref":"E 25;E 27","lanes":"3","maxspeed":"100","oneway":"yes","ref":"A1;A6","ssvz":"944N","surface":"asphalt","toll":"yes","turn:lanes":"through|through|through","carriage_ref":"B"},"geometry":{"type":"LineString","coordinates":[[7.4934181,47.0043596],[7.4937422,47.0047117],[7.4941372,47.0051467],[7.4945084,47.0055645],[7.4948289,47.0059387],[7.4951689,47.0063555],[7.4953482,47.0065881],[7.4955512,47.0068641],[7.4957653,47.0071653],[7.4959656,47.0074709],[7.4960819,47.0076603],[7.4961906,47.0078426],[7.496346,47.0081323],[7.4964538,47.0083498]]}},{"type":"Feature","properties":{"change:lanes":"not_left|yes|not_right|yes","highway":"motorway","int_ref":"E 41;E 60","lanes":"4","maxspeed":"120","oneway":"yes","placement":"middle_of:2","ref":"A1;A4","shoulder:right":"yes","source:maxspeed":"CH:motorway","surface":"asphalt","toll":"yes","turn:lanes":"|||merge_to_left","carriage_ref":"B"},"geometry":{"type":"LineString","coordinates":[[8.7029888,47.452539],[8.703319,47.4527841],[8.703582,47.4529803]]}},{"type":"Feature","properties":{"highway":"motorway","int_ref":"E 60","lanes":"2","maxspeed":"120","oneway":"yes","ref":"A1","shoulder:right":"yes","source:maxspeed":"CH:motorway","surface":"asphalt","toll":"yes","carriage_ref":"A"},"geometry":{"type":"LineString","coordinates":[[9.5795209,47.4804002],[9.5791576,47.4804675]]}},{"type":"Feature","properties":{"bridge":"yes","highway":"motorway","int_ref":"E 25;E 62","lanes":"2","layer":"1","lit":"no","maxspeed":"signals","oneway":"yes","ref":"A1","smoothness":"excellent","surface":"asphalt","toll":"yes","carriage_ref":"A"},"geometry":{"type":"LineString","coordinates":[[6.144012,46.2822126],[6.1437541,46.2815529],[6.1434827,46.2808957],[6.1431997,46.2802415],[6.142904,46.27959]]}},{"type":"Feature","properties":{"highway":"motorway","int_ref":"E 23;E 25","lanes":"2","lit":"no","maxspeed":"120","oneway":"yes","ref":"A1;A9","surface":"asphalt","toll":"yes","carriage_ref":"B"},"geometry":{"type":"LineString","coordinates":[[6.570015,46.672505],[6.5700296,46.673243],[6.5700665,46.673796],[6.5701794,46.6745514],[6.5703199,46.6752048],[6.5705282,46.6759321],[6.5707394,46.6764814],[6.5709229,46.6769154],[6.5711142,46.6773373],[6.5713264,46.677746],[6.571903,46.6787681],[6.5721242,46.6791447],[6.5723519,46.6795424],[6.572708,46.6801955],[6.5729411,46.6807178],[6.5731793,46.6812847],[6.5733523,46.6817976],[6.5735012,46.6822554],[6.5736823,46.682965],[6.5737515,46.6833417],[6.5737986,46.6836229],[6.5738884,46.6843196],[6.5739198,46.6846981],[6.5739327,46.6850382],[6.5739513,46.6856724],[6.5739357,46.6864122],[6.5738957,46.6871789],[6.5738017,46.6884264],[6.573736,46.6893016],[6.5737041,46.6900014],[6.5736861,46.6904885],[6.573678,46.6910707],[6.5737039,46.6918922],[6.573765,46.6926933],[6.5738568,46.693462],[6.5739837,46.6941841]]}},{"type":"Feature","properties":{"bridge":"yes","highway":"motorway","lanes":"3","layer":"1","lit":"no","maxspeed":"120","oneway":"yes","ref":"A1","surface":"asphalt","toll":"yes","turn:lanes":"through|through|merge_to_left","carriage_ref":"A"},"geometry":{"type":"LineString","coordinates":[[8.181493,47.3963113],[8.1806319,47.3961237],[8.1798914,47.395979],[8.1792694,47.3958648],[8.1783887,47.3957323],[8.1773776,47.3956045]]}},{"type":"Feature","properties":{"destination":"Zürich","destination:int_ref":"E 60","destination:int_ref:lanes":"E 60|E 60","destination:lanes":"Zürich|Zürich;St. Gallen-Kreuzbleiche;Appenzell","destination:ref":"A 1","destination:ref:lanes":"A 1|A 1","highway":"motorway","int_ref":"E 60","lanes":"2","layer":"-1","maxspeed":"100","oneway":"yes","ref":"A1","surface":"asphalt","toll":"yes","carriage_ref":"A"},"geometry":{"type":"LineString","coordinates":[[9.39086,47.4336793],[9.3900513,47.4335584],[9.3892377,47.4334515],[9.388519,47.4333731],[9.3869151,47.4331973]]}},{"type":"Feature","properties":{"highway":"motorway","int_ref":"E 23;E 25","lanes":"3","lit":"no","maxspeed":"120","oneway":"yes","ref":"A1;A9","surface":"asphalt","toll":"yes","turn:lanes":"none|none|merge_to_left","carriage_ref":"A"},"geometry":{"type":"LineString","coordinates":[[6.5696656,46.72596],[6.5696618,46.7257811],[6.5696636,46.725603],[6.5696734,46.7253318],[6.5696993,46.7250549],[6.5697384,46.7247797],[6.5697893,46.7245093],[6.5698543,46.7242379],[6.5699324,46.7239696],[6.5700269,46.7236932],[6.5701123,46.7234751],[6.5701713,46.7233345],[6.5702347,46.7231963],[6.5703192,46.7230214]]}},{"type":"Feature","properties":{"bridge":"yes","destination":"Zürich","highway":"motorway","int_ref":"E 41;E 60","lanes":"2","layer":"1","lit":"yes","maxspeed":"100","oneway":"yes","ref":"A1;A4","source:maxspeed":"sign","surface":"asphalt","toll":"yes","carriage_ref":"A"},"geometry":{"type":"LineString","coordinates":[[8.6292642,47.4174564],[8.6284881,47.4168776]]}},{"type":"Feature","properties":{"bridge":"yes","highway":"motorway","int_ref":"E 25;E 62","lanes":"2","layer":"1","maxspeed":"120","oneway":"yes","ref":"A1","toll":"yes","carriage_ref":"B"},"geometry":{"type":"LineString","coordinates":[[6.4920503,46.5105615],[6.4934326,46.5115444]]}},{"type":"Feature","properties":{"highway":"motorway","int_ref":"E 25","lanes":"2","maxspeed":"120","oneway":"yes","ref":"A1","surface":"asphalt","toll":"yes","carriage_ref":"B"},"geometry":{"type":"LineString","coordinates":[[6.8212343,46.8199002],[6.8215199,46.8200882],[6.8218102,46.8202779],[6.8220968,46.820461],[6.8224167,46.8206435],[6.8227812,46.8208466],[6.8230518,46.8209955],[6.8233393,46.8211491],[6.8236236,46.8212963],[6.8239211,46.8214419],[6.8243087,46.8216274],[6.8246969,46.8218123],[6.8250794,46.8219941],[6.8254743,46.8221758],[6.8258896,46.8223518],[6.8262987,46.8225131],[6.8267144,46.8226648],[6.8271331,46.8228163],[6.8273845,46.8229075],[6.8276372,46.8229998],[6.8279299,46.823102],[6.828193,46.8231935],[6.8286361,46.823339],[6.8290788,46.8234792],[6.8295287,46.8236234],[6.82997,46.8237563],[6.8303721,46.8238709],[6.8307265,46.8239694],[6.8314661,46.8241648]]}},{"type":"Feature","properties":{"destination":"Wil;Zürich","highway":"motorway","int_ref":"E 60","lanes":"2","maxspeed":"120","oneway":"yes","ref":"A1","surface":"asphalt","toll":"yes","carriage_ref":"A"},"geometry":{"type":"LineString","coordinates":[[9.1569726,47.4467341],[9.1563107,47.4471436]]}},{"type":"Feature","properties":{"highway":"motorway","int_ref":"E 25","lanes":"2","maxspeed":"120","oneway":"yes","ref":"A1","surface":"asphalt","toll":"yes","carriage_ref":"A"},"geometry":{"type":"LineString","coordinates":[[7.1001672,46.9094918],[7.0998282,46.9093324],[7.0994416,46.909139],[7.0991073,46.9089657],[7.0988986,46.9088555],[7.0986923,46.9087441],[7.098321,46.9085356],[7.0979628,46.908325],[7.0976027,46.9081057],[7.0972563,46.907886],[7.0969143,46.9076636],[7.0965764,46.9074402],[7.0962417,46.9072151],[7.0955578,46.9067613],[7.0948753,46.9063208],[7.0945197,46.9061024],[7.0941637,46.9058902],[7.0937934,46.9056778],[7.0934217,46.9054731],[7.0930495,46.9052732],[7.0924853,46.9049857],[7.0919053,46.9047019],[7.0912042,46.9043703],[7.090388,46.9039941]]}},{"type":"Feature","properties":{"bridge":"yes","highway":"motorway","int_ref":"E 25","lanes":"2","layer":"1","maxspeed":"120","oneway":"yes","ref":"A1","surface":"asphalt","toll":"yes","carriage_ref":"A"},"geometry":{"type":"LineString","coordinates":[[6.8501417,46.8292095],[6.8493365,46.8288829],[6.8489333,46.8287236],[6.8485281,46.8285632],[6.8477904,46.8282859],[6.8474227,46.8281536],[6.8470585,46.8280239],[6.8467439,46.8279152],[6.8464283,46.8278067],[6.8461047,46.827699],[6.8457863,46.8275968],[6.845404,46.8274752],[6.8450162,46.8273562]]}},{"type":"Feature","properties":{"bridge":"yes","highway":"motorway","int_ref":"E 41;E 60","lanes":"2","layer":"1","lit":"yes","maxspeed":"100","oneway":"yes","ref":"A1;A4","surface":"asphalt","toll":"yes","carriage_ref":"B"},"geometry":{"type":"LineString","coordinates":[[8.6285921,47.4167623],[8.629058,47.417093],[8.6293859,47.4173242]]}},{"type":"Feature","properties":{"highway":"motorway","int_ref":"E 25","lit":"no","maxspeed":"120","oneway":"yes","ref":"A1","surface":"asphalt","toll":"yes","carriage_ref":"A"},"geometry":{"type":"LineString","coordinates":[[7.2750441,46.9604442],[7.2745817,46.9604272]]}},{"type":"Feature","properties":{"highway":"motorway","int_ref":"E 25;E 62","lanes":"2","maxspeed":"120","oneway":"yes","ref":"A1","source":"Orthophotos 2009 du SITG (Système d'Information du Territoire Genevois)","toll":"yes","carriage_ref":"A"},"geometry":{"type":"LineString","coordinates":[[6.1731838,46.3518434],[6.1724821,46.3510737],[6.1717445,46.3502364],[6.1710649,46.3494093],[6.1704049,46.3485703],[6.1699563,46.3479847],[6.1694612,46.3473092],[6.1684435,46.3459013],[6.1674482,46.3445294],[6.1670803,46.3440347]]}},{"type":"Feature","properties":{"highway":"motorway","int_ref":"E 60","lanes":"3","maxspeed":"100","oneway":"yes","ref":"A1","surface":"asphalt","toll":"yes","carriage_ref":"A"},"geometry":{"type":"LineString","coordinates":[[8.7140021,47.5234518],[8.7135741,47.5235671],[8.7131274,47.5236954],[8.7126443,47.5238608],[8.712229,47.5240149],[8.7119583,47.5241173]]}},{"type":"Feature","properties":{"highway":"motorway","int_ref":"E 25;E 62","lanes":"2","lit":"no","maxspeed":"100","oneway":"yes","ref":"A1","toll":"yes","carriage_ref":"A"},"geometry":{"type":"LineString","coordinates":[[6.0827642,46.1845814],[6.0831029,46.1838242]]}},{"type":"Feature","properties":{"highway":"motorway","int_ref":"E 23;E 25","lanes":"2","lit":"no","maxspeed":"120","oneway":"yes","ref":"A1;A9","surface":"asphalt","toll":"yes","carriage_ref":"A"},"geometry":{"type":"LineString","coordinates":[[6.5754185,46.717715],[6.5758765,46.7172448],[6.5763423,46.7167461],[6.5763509,46.7167369],[6.5767769,46.7162205],[6.5771511,46.7157252],[6.5775338,46.715174],[6.5778332,46.7146955],[6.5780757,46.7142447],[6.578373,46.7136281],[6.5786303,46.7130233],[6.5788428,46.7124258],[6.579012,46.711831],[6.5791392,46.7112425],[6.5791937,46.7109316],[6.5792338,46.7106255],[6.5792867,46.7100838],[6.5793078,46.709494],[6.5792956,46.7090648],[6.57917104659,46.7078336641],[6.5789456,46.7066995]]}},{"type":"Feature","properties":{"highway":"motorway","int_ref":"E 41;E 60","lanes":"3","lit":"no","maxspeed":"100","oneway":"yes","overtaking:hgv":"no","ref":"A1;A4","source:maxspeed":"CH:motorway","surface":"asphalt","toll":"yes","carriage_ref":"B"},"geometry":{"type":"LineString","coordinates":[[8.5536092,47.4286386],[8.5544018,47.4281975]]}},{"type":"Feature","properties":{"destination":"Bern","highway":"motorway","int_ref":"E 60","lanes":"3","lit":"no","maxspeed":"120","oneway":"yes","ref":"A1;A3","surface":"asphalt","toll":"yes","carriage_ref":"A"},"geometry":{"type":"LineString","coordinates":[[8.3485473,47.4378447],[8.3478969,47.4382966],[8.3476639,47.4384756]]}},{"type":"Feature","properties":{"highway":"motorway","int_ref":"E 60","lanes":"3","maxspeed":"120","oneway":"yes","ref":"A1","surface":"asphalt","toll":"yes","turn:lanes":"none|none|merge_to_left","carriage_ref":"B"},"geometry":{"type":"LineString","coordinates":[[8.7168054,47.5230143],[8.7172924,47.5230066],[8.7177053,47.5230228],[8.7181925,47.5230602],[8.7186109,47.5231153],[8.7190376,47.52319]]}},{"type":"Feature","properties":{"highway":"motorway","int_ref":"E 25;E 62","lanes":"2","maxspeed":"signals","oneway":"yes","ref":"A1","source":"Orthophotos 2009 du SITG (Système d'Information du Territoire Genevois)","toll":"yes","carriage_ref":"B"},"geometry":{"type":"LineString","coordinates":[[6.1459397,46.3175393],[6.1461832,46.3180505],[6.1463633,46.3184168],[6.1467586,46.319195],[6.1469969,46.3196368],[6.1472385,46.320071],[6.1474869,46.3205064],[6.147737,46.3209329],[6.1480041,46.3213727],[6.1482693,46.3218],[6.148534,46.3222131],[6.1488299,46.3226618],[6.1491278,46.3231049],[6.149417,46.3235186],[6.1498412,46.3241119],[6.1501988,46.3245936],[6.1505519,46.3250497],[6.151227,46.3259041],[6.1519047,46.3267269],[6.1525997,46.3275462],[6.153305,46.3283499],[6.154016,46.3291467],[6.1547288,46.329934],[6.1555489,46.3308457]]}},{"type":"Feature","properties":{"change:lanes":"not_left|not_right|no|no","embankment":"yes","highway":"motorway","int_ref":"E 41;E 60","lanes":"4","lit":"yes","maxspeed":"100","oneway":"yes","placement:end":"middle_of:2","placement:start":"right_of:1","ref":"A1;A4","source:maxspeed":"sign","surface":"asphalt","toll":"yes","carriage_ref":"A"},"geometry":{"type":"LineString","coordinates":[[8.6268743,47.4157187],[8.6264576,47.4154129]]}},{"type":"Feature","properties":{"highway":"motorway","int_ref":"E 25;E 62","lanes":"2","lit":"no","maxspeed":"signals","oneway":"yes","ref":"A1","source":"Orthophotos du SITG (Système d'Information du Territoire Genevois)","toll":"yes","carriage_ref":"B"},"geometry":{"type":"LineString","coordinates":[[6.1005863,46.1634807],[6.100315,46.1638679],[6.100167,46.1640617],[6.0999953,46.1642735],[6.0998498,46.1644437],[6.0995274,46.1647936],[6.0993028,46.1650126],[6.0982051,46.1660492]]}},{"type":"Feature","properties":{"bridge":"yes","bridge:structure":"beam","highway":"motorway","int_ref":"E 25","lanes":"2","layer":"1","maxspeed":"120","name":"Viaduc du Bois de Rosset","oneway":"yes","ref":"A1","surface":"asphalt","toll":"yes","carriage_ref":"A"},"geometry":{"type":"LineString","coordinates":[[7.0617282,46.8959388],[7.0610897,46.8959462],[7.0604327,46.8959479],[7.057387,46.8959045],[7.0563186,46.8958968],[7.0558483,46.8958836],[7.0554777,46.8958706],[7.0551309,46.8958559],[7.0549019,46.8958443],[7.0546549,46.895826],[7.0544238,46.8958095],[7.0541896,46.8957892],[7.0539167,46.8957606],[7.0536315,46.8957339]]}},{"type":"Feature","properties":{"highway":"motorway","int_ref":"E 41;E 60","lanes":"3","lit":"no","maxspeed":"100","oneway":"yes","placement":"right_of:1","ref":"A1;A4","surface":"asphalt","toll":"yes","turn:lanes":"none|none|slight_right","carriage_ref":"B"},"geometry":{"type":"LineString","coordinates":[[8.4858063,47.4249502],[8.4860947,47.4250315],[8.4864013,47.4251158],[8.4866436,47.4251812],[8.4869018,47.4252502]]}},{"type":"Feature","properties":{"highway":"motorway","int_ref":"E 35","lanes":"2","lit":"no","maxspeed":"100","oneway":"yes","ref":"A1;A2","surface":"asphalt","toll":"yes","carriage_ref":"A"},"geometry":{"type":"LineString","coordinates":[[7.8181031,47.3119344],[7.8173827,47.3119943],[7.8165696,47.3120572],[7.8152486,47.3121654],[7.8147086,47.3121978],[7.8143794,47.3122132],[7.8136041,47.3122152],[7.8128301,47.312236]]}},{"type":"Feature","properties":{"highway":"motorway","int_ref":"E 60","lanes":"2","maxspeed":"100","oneway":"yes","ref":"A1","surface":"asphalt","toll":"yes","carriage_ref":"A"},"geometry":{"type":"LineString","coordinates":[[9.3663725,47.4309458],[9.3660789,47.4308735],[9.3658535,47.4308084]]}},{"type":"Feature","properties":{"highway":"motorway","int_ref":"E 60","lanes":"2","maxspeed":"120","oneway":"yes","ref":"A1","surface":"asphalt","toll":"yes","carriage_ref":"B"},"geometry":{"type":"LineString","coordinates":[[9.2666778,47.4206643],[9.2675287,47.4205091]]}},{"type":"Feature","properties":{"destination":"Zürich","highway":"motorway","int_ref":"E 60","lanes":"3","lit":"yes","maxspeed":"100","oneway":"yes","ref":"A1;A3","surface":"asphalt","toll":"yes","carriage_ref":"B"},"geometry":{"type":"LineString","coordinates":[[8.3138629,47.4529968],[8.314163,47.4530202],[8.3144099,47.4530518],[8.3146544,47.4530889],[8.3148604,47.4531274],[8.3150668,47.45317],[8.3154258,47.4532614],[8.3156177,47.4533239],[8.315806,47.4533933],[8.3162296,47.4535496]]}},{"type":"Feature","properties":{"highway":"motorway","int_ref":"E 35","lanes":"3","lit":"no","maxspeed":"100","oneway":"yes","ref":"A1;A2","surface":"asphalt","toll":"yes","carriage_ref":"A"},"geometry":{"type":"LineString","coordinates":[[7.9086944,47.3070026],[7.9081003,47.3073013],[7.907371,47.3076847],[7.906629,47.3080755],[7.9058691,47.3084812],[7.9054448,47.3087027],[7.9050181,47.3089227]]}},{"type":"Feature","properties":{"bridge":"yes","highway":"motorway","int_ref":"E 60","lanes":"3","layer":"1","lit":"no","maxspeed":"120","oneway":"yes","ref":"A1;A3","surface":"asphalt","toll":"yes","carriage_ref":"A"},"geometry":{"type":"LineString","coordinates":[[8.3326078,47.4543407],[8.3322356,47.4544292],[8.3318715,47.4545062],[8.3314545,47.4545851],[8.3310608,47.4546504]]}},{"type":"Feature","properties":{"highway":"motorway","int_ref":"E 25","lanes":"2","maxspeed":"120","oneway":"yes","ref":"A1","surface":"asphalt","toll":"yes","carriage_ref":"B"},"geometry":{"type":"LineString","coordinates":[[7.1652931,46.9505328],[7.1660685,46.9518347],[7.1663285,46.9522727],[7.1665185,46.9525767],[7.1667149,46.9528752],[7.1669168,46.9531712],[7.1671214,46.9534622],[7.1673348,46.9537516],[7.1675385,46.9540129],[7.1677738,46.9543206],[7.1679991,46.9545982],[7.1682317,46.9548722],[7.1684725,46.9551476],[7.1687133,46.9554128],[7.1689725,46.9556843],[7.1692401,46.955954],[7.1695154,46.956225],[7.1697968,46.9564902],[7.1700773,46.9567453],[7.1703797,46.9570117],[7.1705927,46.9571956],[7.1708926,46.9574485],[7.1711976,46.9576957],[7.1715137,46.9579453],[7.171822,46.9581789],[7.1721504,46.9584214],[7.1724808,46.9586564],[7.1728131,46.9588873],[7.1731528,46.9591149],[7.1734953,46.959336],[7.1738463,46.9595562],[7.1742083,46.9597745],[7.1745681,46.9599846],[7.1749235,46.9601898],[7.1752954,46.9603936],[7.1756773,46.9605978],[7.1760526,46.9607919],[7.1764359,46.9609812],[7.1768282,46.9611661],[7.1772167,46.9613433],[7.1776113,46.9615121],[7.1780132,46.9616743],[7.1784319,46.9618314],[7.1788382,46.9619737],[7.1792655,46.9621125],[7.1796948,46.962238],[7.1801437,46.9623598],[7.1805917,46.9624695],[7.1810499,46.9625669],[7.1815008,46.9626485],[7.1819618,46.9627207],[7.1824273,46.9627808],[7.1828979,46.9628293],[7.1833558,46.9628629],[7.1838147,46.9628822],[7.1841857,46.9628899],[7.1846473,46.9628901],[7.1851302,46.9628799],[7.1856063,46.9628564],[7.1860715,46.9628199],[7.1865341,46.9627713],[7.1870067,46.9627088],[7.1874552,46.962635],[7.1878352,46.9625655],[7.1881348,46.9625007],[7.1885666,46.9624009],[7.1890115,46.9622871],[7.1894654,46.9621647],[7.1898852,46.962043],[7.1903417,46.9619054],[7.1907821,46.9617655],[7.1917728,46.9614365]]}},{"type":"Feature","properties":{"destination":"Sankt Gallen;Schaffhausen","highway":"motorway","int_ref":"E 41;E 60","lanes":"2","lit":"yes","maxspeed":"100","oneway":"yes","placement":"transition","ref":"A1;A4","surface":"asphalt","toll":"yes","carriage_ref":"B"},"geometry":{"type":"LineString","coordinates":[[8.5741761,47.4177389],[8.5741955,47.4169338]]}},{"type":"Feature","properties":{"bridge":"yes","highway":"motorway","int_ref":"E 25;E 62","lanes":"2","layer":"1","maxspeed":"signals","oneway":"yes","ref":"A1","toll":"yes","carriage_ref":"B"},"geometry":{"type":"LineString","coordinates":[[6.1461595,46.2897724],[6.1461774,46.2898952]]}},{"type":"Feature","properties":{"bicycle":"no","foot":"no","highway":"motorway","horse":"no","int_ref":"E 25","lanes":"2","lit":"no","maxspeed":"120","oneway":"yes","ref":"A1","sidewalk":"no","surface":"asphalt","toll":"yes","carriage_ref":"B"},"geometry":{"type":"LineString","coordinates":[[6.6330042,46.7559259],[6.633647,46.756239],[6.6342647,46.7565493],[6.6345763,46.7567091]]}},{"type":"Feature","properties":{"highway":"motorway","int_ref":"E 60","lanes":"2","maxspeed":"120","oneway":"yes","ref":"A1","surface":"asphalt","toll":"yes","carriage_ref":"B"},"geometry":{"type":"LineString","coordinates":[[9.605296,47.4611007],[9.606684,47.4611283],[9.6073369,47.4611263],[9.6078756,47.4611202],[9.6084428,47.461094]]}},{"type":"Feature","properties":{"access":"yes","bicycle":"no","bridge":"viaduct","foot":"no","highway":"motorway","horse":"no","int_ref":"E 25","lanes":"2","layer":"1","lit":"no","maxspeed":"120","motor_vehicle":"designated","oneway":"yes","ref":"A1","surface":"asphalt","toll":"yes","carriage_ref":"B"},"geometry":{"type":"LineString","coordinates":[[6.6108371,46.7494755],[6.6117097,46.7496623],[6.6126106,46.7498485],[6.6163202,46.7505946],[6.617362,46.7508071],[6.618435,46.7510353]]}},{"type":"Feature","properties":{"destination:int_ref:lanes":"E 41|E 60|E 60","destination:lanes":"Chur;Luzern;Westring-Zürich|Bern;Basel;Dietikon|Bern;Basel;Dietikon","destination:ref:lanes":"A3;A4|A1;A3|A1;A3","highway":"motorway","int_ref":"E 41;E 60","lanes":"3","lit":"yes","maxspeed":"80","oneway":"yes","ref":"A1;A4","shoulder:right":"yes","source:maxspeed":"signals","surface":"asphalt","toll":"yes","turn:lanes":"slight_left|none|none","carriage_ref":"A"},"geometry":{"type":"LineString","coordinates":[[8.4349062,47.4136979],[8.4343162,47.4135815],[8.4337269,47.4134459],[8.4333763,47.4133648],[8.4332401,47.4133318]]}},{"type":"Feature","properties":{"highway":"motorway","int_ref":"E 25","lanes":"3","lit":"no","maxspeed":"120","oneway":"yes","ref":"A1","surface":"asphalt","toll":"yes","turn:lanes":"none|none|merge_to_left","carriage_ref":"A"},"geometry":{"type":"LineString","coordinates":[[7.7036816,47.2595557],[7.7012163,47.2586075],[7.7004102,47.2583495]]}},{"type":"Feature","properties":{"highway":"motorway","lanes":"2","lit":"no","maxspeed":"120","oneway":"yes","ref":"A1","surface":"asphalt","toll":"yes","carriage_ref":"A"},"geometry":{"type":"LineString","coordinates":[[8.23839,47.4325928],[8.2381515,47.43197],[8.2379054,47.43132],[8.2376545,47.4306862],[8.237522,47.4303746],[8.2374485,47.4302046],[8.2372972,47.4298872],[8.2371383,47.4295988],[8.2369537,47.4292819],[8.2367685,47.4289771],[8.2365741,47.4286765],[8.2363608,47.4283681],[8.2361498,47.4280743],[8.235898,47.4277445],[8.2357395,47.4275486],[8.2355737,47.4273562],[8.2353231,47.4270761],[8.2350609,47.4267912],[8.2347855,47.4265137],[8.2345054,47.4262502],[8.2342041,47.4259834],[8.2339002,47.4257265],[8.2335884,47.4254742],[8.2332681,47.4252294],[8.232938,47.4249856],[8.2326071,47.4247471],[8.2321523,47.4244397]]}},{"type":"Feature","properties":{"destination":"Sankt Gallen;Kreuzlingen;Winterthur-Ohringen","highway":"motorway","int_ref":"E 60","lanes":"3","maxspeed":"100","oneway":"yes","ref":"A1","surface":"asphalt","toll":"yes","carriage_ref":"B"},"geometry":{"type":"LineString","coordinates":[[8.6977848,47.5204721],[8.6984624,47.5212694],[8.6989044,47.5217819],[8.6991611,47.522059],[8.699392,47.5222892],[8.6996116,47.5224949],[8.6998227,47.522675],[8.7000287,47.5228409],[8.7002178,47.522983],[8.7004139,47.5231241]]}},{"type":"Feature","properties":{"bridge":"yes","highway":"motorway","int_ref":"E 23;E 25;E 62","lanes":"3","layer":"1","lit":"no","maxspeed":"signals","oneway":"yes","ref":"A1","smoothness":"excellent","source":"Lausanne - Orthophoto technique 2012","surface":"asphalt","toll":"yes","turn:lanes":"through|through;slight_right|slight_right","carriage_ref":"A"},"geometry":{"type":"LineString","coordinates":[[6.5687274,46.5460588],[6.5686954,46.5457781],[6.5686532,46.5454981],[6.568601,46.5452189],[6.5685388,46.5449406],[6.5684667,46.5446635],[6.5683846,46.5443876],[6.5682926,46.5441133],[6.5681909,46.5438406]]}},{"type":"Feature","properties":{"highway":"motorway","int_ref":"E 60","lanes":"2","maxspeed":"120","oneway":"yes","ref":"A1","surface":"asphalt","toll":"yes","carriage_ref":"A"},"geometry":{"type":"LineString","coordinates":[[9.0972072,47.4610115],[9.0941163,47.4604848],[9.0916514,47.4600664]]}},{"type":"Feature","properties":{"avz":"243","bridge":"yes","cs_dir:forward":"2","highway":"motorway","int_ref":"E 60","lanes":"3","layer":"1","maxspeed":"120","oneway":"yes","ref":"A1","ssvz":"767N","surface":"asphalt","toll":"yes","carriage_ref":"A"},"geometry":{"type":"LineString","coordinates":[[9.417586,47.442642],[9.4172972,47.4421511]]}},{"type":"Feature","properties":{"highway":"motorway","int_ref":"E 25","lanes":"2","lit":"no","maxspeed":"120","oneway":"yes","ref":"A1","surface":"asphalt","toll":"yes","carriage_ref":"B"},"geometry":{"type":"LineString","coordinates":[[7.726456,47.2849106],[7.7268822,47.2851617],[7.7271643,47.2853218]]}},{"type":"Feature","properties":{"bridge":"yes","highway":"motorway","int_ref":"E 60","lanes":"3","layer":"1","lit":"no","maxspeed":"100","oneway":"yes","ref":"A1;A3","surface":"asphalt","toll":"yes","carriage_ref":"B"},"geometry":{"type":"LineString","coordinates":[[8.2669025,47.4531634],[8.267268,47.4533225]]}},{"type":"Feature","properties":{"avz":"182","cs_dir:forward":"2","highway":"motorway","int_ref":"E 25","lanes":"2","maxspeed":"120","oneway":"yes","ref":"A1","ssvz":"907","surface":"asphalt","toll":"yes","carriage_ref":"A"},"geometry":{"type":"LineString","coordinates":[[7.5766525,47.1082955],[7.5764372,47.1074196],[7.5762025,47.1064755],[7.5757643,47.1046767],[7.5755353,47.1037077],[7.5751207,47.1019653],[7.5747159,47.1002315],[7.5742416,47.0981792]]}},{"type":"Feature","properties":{"highway":"motorway","int_ref":"E 23;E 25;E 62","lanes":"4","maxspeed":"100","oneway":"yes","ref":"A1","toll":"yes","carriage_ref":"A"},"geometry":{"type":"LineString","coordinates":[[6.5604519,46.5609424],[6.5610119,46.5599984],[6.5616705,46.5589699]]}},{"type":"Feature","properties":{"destination":"Rolle","highway":"motorway","int_ref":"E 25;E 62","lanes":"2","maxspeed":"120","oneway":"yes","ref":"A1","toll":"yes","carriage_ref":"B"},"geometry":{"type":"LineString","coordinates":[[6.2517472,46.4216219],[6.2522551,46.4218775],[6.2546643,46.4231357],[6.2561581,46.423993]]}},{"type":"Feature","properties":{"highway":"motorway","int_ref":"E 35","lanes":"3","lit":"no","maxspeed":"120","oneway":"yes","ref":"A1;A2","surface":"asphalt","toll":"yes","carriage_ref":"B"},"geometry":{"type":"LineString","coordinates":[[7.8955698,47.3121188],[7.895765,47.3120768],[7.8960021,47.3120232],[7.8964534,47.3119172],[7.8969014,47.3118062],[7.897443,47.3116666],[7.8992357,47.3111401]]}},{"type":"Feature","properties":{"highway":"motorway","int_ref":"E 25","lanes":"2","lit":"no","maxspeed":"120","oneway":"yes","ref":"A1","surface":"asphalt","toll":"yes","carriage_ref":"B"},"geometry":{"type":"LineString","coordinates":[[7.6865227,47.2563623],[7.6872507,47.256409],[7.6879704,47.2564533],[7.6896726,47.2565416],[7.6903825,47.2565836],[7.6918598,47.2566767],[7.6923418,47.2567148],[7.692823,47.2567578],[7.6933124,47.2568066],[7.6938018,47.2568569],[7.6942754,47.2569113],[7.6947473,47.2569734],[7.695222,47.2570433],[7.6957034,47.257118],[7.6961835,47.2571987],[7.6966498,47.257285],[7.6971163,47.2573761],[7.697578,47.2574739],[7.6984696,47.2576731],[7.6998439,47.2580356],[7.7011054,47.2584262]]}},{"type":"Feature","properties":{"highway":"motorway","int_ref":"E 60","lanes":"3","maxspeed":"100","oneway":"yes","ref":"A1","surface":"asphalt","toll":"yes","turn:lanes":"none|none|merge_to_left","carriage_ref":"A"},"geometry":{"type":"LineString","coordinates":[[9.4121712,47.4389705],[9.4119175,47.4389383],[9.4115127,47.4389076],[9.411159,47.4388931],[9.4107994,47.4388907],[9.410426,47.4388999],[9.4099805,47.4389234]]}},{"type":"Feature","properties":{"highway":"motorway","int_ref":"E 60","lanes":"3","lit":"no","maxspeed":"120","oneway":"yes","ref":"A1;A3","surface":"asphalt","toll":"yes","carriage_ref":"B"},"geometry":{"type":"LineString","coordinates":[[8.3554381,47.434492],[8.3561323,47.4342092],[8.3565466,47.4340336],[8.3569385,47.4338622],[8.3573339,47.4336832],[8.3577153,47.4335009],[8.358109,47.4333078],[8.3584969,47.4331096],[8.3590709,47.4328086],[8.3596382,47.4325037],[8.3608601,47.4318419],[8.3612145,47.431656],[8.3615717,47.4314715],[8.3619328,47.4312886],[8.3622996,47.4311079]]}},{"type":"Feature","properties":{"highway":"motorway","int_ref":"E 23;E 25","lanes":"2","lit":"no","maxspeed":"120","oneway":"yes","ref":"A1;A9","surface":"asphalt","toll":"yes","carriage_ref":"B"},"geometry":{"type":"LineString","coordinates":[[6.5706466,46.6674172],[6.5704714,46.6683073]]}},{"type":"Feature","properties":{"highway":"motorway","int_ref":"E 41;E 60","lanes":"2","maxspeed":"100","oneway":"yes","overtaking:hgv":"no","ref":"A1;A4","source:maxspeed":"sign","surface":"asphalt","toll":"yes","carriage_ref":"B"},"geometry":{"type":"LineString","coordinates":[[8.6867295,47.5065663],[8.6867068,47.5067171],[8.6866877,47.5068983],[8.6866752,47.507076],[8.6866675,47.5072529],[8.6866657,47.5074849],[8.6866758,47.5077209],[8.6866886,47.5078831],[8.686709,47.5080452],[8.6867339,47.5082082],[8.6867629,47.5083703],[8.6868169,47.5086114],[8.6868913,47.5088701]]}},{"type":"Feature","properties":{"highway":"motorway","int_ref":"E 60","lanes":"2","maxspeed":"120","oneway":"yes","ref":"A1","surface":"asphalt","toll":"yes","carriage_ref":"A"},"geometry":{"type":"LineString","coordinates":[[8.9920591,47.4717032],[8.9912895,47.4718332],[8.9903426,47.4720224],[8.9893989,47.4722528],[8.9890353,47.4723498],[8.9882394,47.4725857],[8.9874767,47.4728294],[8.9866534,47.4731264],[8.985842,47.4734487],[8.984962,47.4738457],[8.9836914,47.4744917],[8.982356,47.4752249],[8.9804438,47.4764139],[8.9785053,47.4776709],[8.9781359,47.4779104],[8.9760264,47.4792325],[8.9740586,47.4804076],[8.9720424,47.4815552],[8.9703405,47.4824692],[8.9685677,47.4834024],[8.968402,47.4834845],[8.9667084,47.4843236],[8.9649334,47.4851699],[8.9627437,47.4861872],[8.9603952,47.4872527],[8.9592211,47.4877742],[8.9574427,47.4885725],[8.955831,47.4892959],[8.9542566,47.4900002],[8.953077,47.4905669],[8.9522485,47.490971],[8.9520134,47.4910758],[8.9511129,47.491564],[8.9498059,47.4923154],[8.9487567,47.4929947],[8.9479546,47.493582],[8.9471954,47.4941746]]}},{"type":"Feature","properties":{"highway":"motorway","lanes":"3","layer":"1","lit":"no","maxspeed":"120","oneway":"yes","ref":"A1","surface":"asphalt","toll":"yes","turn:lanes":"through|through|merge_to_left","carriage_ref":"B"},"geometry":{"type":"LineString","coordinates":[[8.2235013,47.4174748],[8.2237603,47.4178028],[8.2242345,47.4183652],[8.2248622,47.4190423],[8.2252959,47.4194696],[8.2257125,47.4198576],[8.2263117,47.4203775],[8.2269416,47.4208889],[8.2271934,47.4210872],[8.227444,47.4212814],[8.2277505,47.4215098],[8.2280817,47.4217422],[8.228415,47.421974],[8.2287665,47.4222026],[8.2291264,47.4224279],[8.2294889,47.4226522],[8.2305786,47.4233164],[8.2314737,47.4238741]]}},{"type":"Feature","properties":{"bicycle":"no","covered":"yes","foot":"no","highway":"motorway","lanes":"2","layer":"-1","lit":"no","maxspeed":"120","oneway":"yes","ref":"A1","surface":"asphalt","toll":"yes","carriage_ref":"B"},"geometry":{"type":"LineString","coordinates":[[8.1662177,47.3945811],[8.1668177,47.3947025],[8.1673724,47.3948085],[8.1679233,47.3948968],[8.168511,47.3949863],[8.1689782,47.3950469],[8.1694353,47.3950912],[8.1699173,47.3951398],[8.1704218,47.3951783],[8.1709369,47.3952086],[8.1715766,47.3952357],[8.1722819,47.3952626]]}},{"type":"Feature","properties":{"highway":"motorway","int_ref":"E 35","lanes":"2","lit":"no","maxspeed":"100","oneway":"yes","ref":"A1;A2","surface":"asphalt","toll":"yes","carriage_ref":"A"},"geometry":{"type":"LineString","coordinates":[[7.8208304,47.3116219],[7.8203111,47.3116882],[7.8191728,47.3118236],[7.8186542,47.3118785],[7.8181031,47.3119344]]}},{"type":"Feature","properties":{"highway":"motorway","int_ref":"E 35","lanes":"2","lit":"no","maxspeed":"120","oneway":"yes","ref":"A1;A2","surface":"asphalt","toll":"yes","carriage_ref":"A"},"geometry":{"type":"LineString","coordinates":[[7.8944727,47.3124507],[7.8939158,47.3125507],[7.8933516,47.3126459],[7.8926774,47.3127509],[7.892225,47.3128165],[7.8917044,47.3128854],[7.8912237,47.3129439]]}},{"type":"Feature","properties":{"bicycle":"no","foot":"no","highway":"motorway","horse":"no","int_ref":"E 25","lanes":"3","lit":"no","maxspeed":"120","oneway":"yes","ref":"A1","sidewalk":"no","surface":"asphalt","toll":"yes","turn:lanes":"none|none|merge_to_left","carriage_ref":"A"},"geometry":{"type":"LineString","coordinates":[[6.6309811,46.7551302],[6.6306528,46.7549878],[6.6303222,46.7548468],[6.6296575,46.754572],[6.6291505,46.7543678],[6.6286385,46.7541675],[6.6283001,46.7540372],[6.6279589,46.7539084]]}},{"type":"Feature","properties":{"highway":"motorway","int_ref":"E 25;E 62","lanes":"2","maxspeed":"80","oneway":"yes","ref":"A1","toll":"yes","carriage_ref":"A"},"geometry":{"type":"LineString","coordinates":[[6.1391751,46.2527713],[6.1392165,46.2525817],[6.1392419,46.252412]]}},{"type":"Feature","properties":{"highway":"motorway","int_ref":"E 60","lanes":"2","maxspeed":"120","oneway":"yes","ref":"A1","surface":"asphalt","toll":"yes","carriage_ref":"A"},"geometry":{"type":"LineString","coordinates":[[9.1228979,47.457127],[9.1221791,47.4574671],[9.1214155,47.4578655],[9.1202803,47.458498],[9.1192026,47.4591082],[9.1185104,47.4594673],[9.1178517,47.4597778],[9.1169782,47.4601562],[9.1162057,47.4604587],[9.1156685,47.4606417],[9.1149276,47.4608827],[9.1142373,47.4610831],[9.1138227,47.4611938]]}},{"type":"Feature","properties":{"highway":"motorway","int_ref":"E 25;E 62","lanes":"3","maxspeed":"100","oneway":"yes","ref":"A1","surface":"asphalt","toll":"yes","carriage_ref":"A"},"geometry":{"type":"LineString","coordinates":[[6.1130659,46.2328093],[6.1122009,46.2320532],[6.1118153,46.2317129],[6.111514,46.2314605],[6.1112156,46.2312159],[6.110958,46.2310146],[6.110624,46.2307647],[6.1101363,46.2304175],[6.1098,46.2301845],[6.1094484,46.2299442],[6.1089695,46.2296242],[6.1086327,46.2294066],[6.1083628,46.2292472],[6.1080882,46.2290966],[6.1077118,46.228905],[6.1071353,46.2286562],[6.1063428,46.2283522],[6.1055917,46.228072],[6.1052747,46.2279473],[6.1049644,46.2278153],[6.1046998,46.2276919],[6.1045188,46.2276016],[6.1043082,46.2274847],[6.1040446,46.2273306],[6.1038619,46.2272071],[6.1036242,46.2270409],[6.1033451,46.2268415]]}},{"type":"Feature","properties":{"destination:lanes":"Gossau;St. Gallen|Gossau;St. Gallen|Oberbüren;Uzwil","highway":"motorway","int_ref":"E 60","lanes":"3","maxspeed":"120","oneway":"yes","ref":"A1","surface":"asphalt","toll":"yes","carriage_ref":"B"},"geometry":{"type":"LineString","coordinates":[[9.1496951,47.4508429],[9.149979,47.4507229],[9.1505747,47.4504476],[9.1511479,47.4501717]]}},{"type":"Feature","properties":{"destination":"Bern;Chur;Luzern;Flughafen;Nordring-Zürich","destination:symbol":"airport","highway":"motorway","int_ref":"E 41;E 60","lanes":"2","lit":"yes","maxspeed":"100","oneway":"yes","ref":"A1;A4","source:maxspeed":"sign","surface":"asphalt","toll":"yes","carriage_ref":"A"},"geometry":{"type":"LineString","coordinates":[[8.6027137,47.4075884],[8.6011273,47.4075296],[8.5992608,47.4074898],[8.5984116,47.4074902],[8.5978165,47.4074973],[8.5968276,47.4075291]]}},{"type":"Feature","properties":{"highway":"motorway","int_ref":"E 60","lanes":"3","maxspeed":"120","oneway":"yes","placement":"right_of:1","ref":"A1","surface":"asphalt","toll":"yes","turn:lanes":"||merge_to_left","carriage_ref":"B"},"geometry":{"type":"LineString","coordinates":[[9.6084428,47.461094],[9.6091747,47.4610365],[9.6098136,47.4609545]]}},{"type":"Feature","properties":{"bridge":"yes","highway":"motorway","int_ref":"E 60","lanes":"2","layer":"1","maxspeed":"120","oneway":"yes","ref":"A1","surface":"asphalt","toll":"yes","carriage_ref":"A"},"geometry":{"type":"LineString","coordinates":[[8.8109618,47.5309904],[8.8106486,47.531027]]}},{"type":"Feature","properties":{"highway":"motorway","int_ref":"E 25","lanes":"3","lit":"no","maxspeed":"120","oneway":"yes","ref":"A1","surface":"asphalt","toll":"yes","turn:lanes":"||merge_to_left","carriage_ref":"B"},"geometry":{"type":"LineString","coordinates":[[7.7242672,47.2834958],[7.7245947,47.283729],[7.7248839,47.2839237],[7.7251764,47.2841166],[7.7254685,47.2843061],[7.7257674,47.2844943],[7.7261091,47.2847043],[7.726456,47.2849106]]}},{"type":"Feature","properties":{"highway":"motorway","int_ref":"E 25","lanes":"3","maxspeed":"120","maxspeed:variable":"peak_traffic","oneway":"yes","ref":"A1","surface":"asphalt","toll":"yes","turn:lanes":"none|none|slight_right","carriage_ref":"A"},"geometry":{"type":"LineString","coordinates":[[7.5737588,47.0869149],[7.5738016,47.0867132],[7.57386,47.0863705]]}},{"type":"Feature","properties":{"highway":"motorway","int_ref":"E 25","lanes":"2","lit":"no","maxspeed":"120","oneway":"yes","ref":"A1","surface":"asphalt","toll":"yes","carriage_ref":"A"},"geometry":{"type":"LineString","coordinates":[[7.3437844,46.9469121],[7.3432697,46.9470832],[7.343058,46.9471642],[7.3428628,46.9472458],[7.3424504,46.9474087],[7.3421428,46.9475209]]}},{"type":"Feature","properties":{"bridge":"yes","highway":"motorway","lanes":"2","layer":"1","lit":"no","maxspeed":"120","oneway":"yes","ref":"A1","surface":"asphalt","toll":"yes","carriage_ref":"A"},"geometry":{"type":"LineString","coordinates":[[8.0464151,47.3438931],[8.0462155,47.3436986]]}},{"type":"Feature","properties":{"bridge":"yes","highway":"motorway","int_ref":"E 23;E 25","lanes":"2","layer":"1","lit":"no","maxspeed":"120","oneway":"yes","ref":"A1;A9","surface":"asphalt","toll":"yes","carriage_ref":"B"},"geometry":{"type":"LineString","coordinates":[[6.5608791,46.6258726],[6.5609248,46.6265362]]}},{"type":"Feature","properties":{"avz":"56","cs_dir:forward":"2","highway":"motorway","int_ref":"E 25;E 27","lanes":"3","maxspeed":"100","oneway":"yes","ref":"A1;A6","ssvz":"944N","surface":"asphalt","toll":"yes","tunnel":"yes","carriage_ref":"A"},"geometry":{"type":"LineString","coordinates":[[7.4873567,46.998331],[7.4871319,46.9981266]]}},{"type":"Feature","properties":{"highway":"motorway","int_ref":"E 60","lanes":"3","maxspeed":"120","oneway":"yes","placement":"right_of:1","ref":"A1","shoulder:right":"yes","source:maxspeed":"CH:motorway","surface":"asphalt","toll":"yes","turn:lanes":"||merge_to_left","carriage_ref":"A"},"geometry":{"type":"LineString","coordinates":[[9.6470405,47.4550098],[9.6465062,47.4551399],[9.6460283,47.4552405]]}},{"type":"Feature","properties":{"bridge":"yes","highway":"motorway","lanes":"2","layer":"1","lit":"no","maxspeed":"120","oneway":"yes","ref":"A1","surface":"asphalt","toll":"yes","carriage_ref":"A"},"geometry":{"type":"LineString","coordinates":[[8.0360825,47.3334618],[8.0358942,47.3333088]]}},{"type":"Feature","properties":{"highway":"motorway","int_ref":"E 25","lanes":"4","lit":"no","maxspeed":"100","oneway":"yes","ref":"A1","surface":"asphalt","toll":"yes","turn:lanes":"||slight_right|slight_right","carriage_ref":"A"},"geometry":{"type":"LineString","coordinates":[[7.3982118,46.9523622],[7.3979335,46.9524988],[7.3976598,46.9526389],[7.3970987,46.9529302]]}},{"type":"Feature","properties":{"highway":"motorway","lanes":"2","lit":"no","maxspeed":"120","oneway":"yes","ref":"A1","surface":"asphalt","toll":"yes","carriage_ref":"A"},"geometry":{"type":"LineString","coordinates":[[8.2290092,47.4224745],[8.2286734,47.4222529],[8.2276972,47.421586],[8.2270958,47.4211439],[8.2265128,47.4206857],[8.2261921,47.4204256],[8.2259533,47.4202265]]}},{"type":"Feature","properties":{"highway":"motorway","int_ref":"E 41;E 60","lanes":"3","maxspeed":"120","oneway":"yes","ref":"A1;A4","shoulder:right":"yes","source:maxspeed":"CH:motorway","surface":"asphalt","toll":"yes","carriage_ref":"B"},"geometry":{"type":"LineString","coordinates":[[8.7042676,47.4534712],[8.7045549,47.4536772],[8.7047655,47.4538183],[8.7050492,47.4540121],[8.705447,47.4542993]]}},{"type":"Feature","properties":{"highway":"motorway","int_ref":"E 25","lanes":"2","lit":"no","maxspeed":"100","oneway":"yes","ref":"A1","surface":"asphalt","toll":"yes","carriage_ref":"A"},"geometry":{"type":"LineString","coordinates":[[7.3904146,46.9544952],[7.3902094,46.9544745],[7.3899991,46.9544509],[7.389763,46.9544204],[7.389533,46.9543862],[7.3893195,46.9543484],[7.3890693,46.9542995]]}},{"type":"Feature","properties":{"destination:lanes":"Winkeln|Winkeln|St. Gallen","highway":"motorway","int_ref":"E 60","lanes":"3","maxspeed":"100","oneway":"yes","ref":"A1","surface":"asphalt","toll":"yes","carriage_ref":"A"},"geometry":{"type":"LineString","coordinates":[[9.3658535,47.4308084],[9.3654261,47.4306659],[9.3650805,47.4305431],[9.3647298,47.4304073]]}},{"type":"Feature","properties":{"highway":"motorway","int_ref":"E 25","lanes":"2","maxspeed":"100","oneway":"yes","ref":"A1","surface":"asphalt","toll":"yes","carriage_ref":"A"},"geometry":{"type":"LineString","coordinates":[[6.7603392,46.7901105],[6.7598661,46.7899974],[6.7594219,46.7898871],[6.7589853,46.7897777],[6.7585424,46.789663],[6.758112,46.7895463],[6.7578249,46.7894645],[6.7575586,46.7893885]]}},{"type":"Feature","properties":{"avz":"198","cs_dir:forward":"1","highway":"motorway","int_ref":"E 60","lanes":"2","maxspeed":"120","oneway":"yes","ref":"A1","ssvz":"962N","surface":"asphalt","toll":"yes","carriage_ref":"B"},"geometry":{"type":"LineString","coordinates":[[9.4767535,47.4666248],[9.4772634,47.4665862],[9.477752,47.4665377],[9.478319,47.4664649],[9.4790067,47.4663585],[9.4796671,47.4662256],[9.4803368,47.4660759]]}},{"type":"Feature","properties":{"highway":"motorway","int_ref":"E 25;E 62","lanes":"2","maxspeed":"signals","oneway":"yes","ref":"A1","toll":"yes","carriage_ref":"B"},"geometry":{"type":"LineString","coordinates":[[6.1377235,46.2705617],[6.1388041,46.2721726],[6.1397603,46.273642],[6.1406773,46.2751149],[6.1414039,46.2763542],[6.1417715,46.2769992],[6.1421068,46.277627],[6.1426075,46.2786015],[6.1430343,46.2795618]]}},{"type":"Feature","properties":{"highway":"motorway","int_ref":"E 60","lanes":"3","maxspeed":"120","oneway":"yes","placement":"right_of:1","ref":"A1","shoulder:right":"yes","source:maxspeed":"CH:motorway","surface":"asphalt","toll":"yes","turn:lanes":"||slight_right","carriage_ref":"A"},"geometry":{"type":"LineString","coordinates":[[9.6091908,47.4611363],[9.6085387,47.4611883]]}},{"type":"Feature","properties":{"highway":"motorway","lanes":"2","lit":"no","maxspeed":"100","oneway":"yes","ref":"A1","surface":"asphalt","toll":"yes","carriage_ref":"A"},"geometry":{"type":"LineString","coordinates":[[7.9191587,47.3044857],[7.9188238,47.3044917],[7.9184549,47.3045025],[7.9179757,47.3045234],[7.9174996,47.3045538],[7.9170214,47.304596],[7.9165466,47.304646],[7.9159955,47.3047146],[7.9154957,47.3047857],[7.9149476,47.3048798],[7.9145435,47.3049595],[7.9141429,47.3050445],[7.9136917,47.3051495],[7.9132477,47.3052594],[7.9128032,47.3053801],[7.9123833,47.3055061],[7.9119356,47.3056471],[7.9115123,47.3057921],[7.9110958,47.3059422],[7.9106924,47.3061015],[7.9102939,47.3062635],[7.9098827,47.3064412],[7.9094789,47.3066243],[7.9090856,47.3068129],[7.9086944,47.3070026]]}},{"type":"Feature","properties":{"highway":"motorway","int_ref":"E 25;E 62","lanes":"3","maxspeed":"120","oneway":"yes","ref":"A1","toll":"yes","turn:lanes":"none|none|merge_to_left","carriage_ref":"B"},"geometry":{"type":"LineString","coordinates":[[6.4874343,46.5073668],[6.4888183,46.5082962],[6.4894806,46.5087573]]}},{"type":"Feature","properties":{"bridge":"yes","highway":"motorway","int_ref":"E 35","lanes":"2","layer":"1","lit":"no","maxspeed":"120","oneway":"yes","ref":"A1;A2","surface":"asphalt","toll":"yes","carriage_ref":"A"},"geometry":{"type":"LineString","coordinates":[[7.8857794,47.3132475],[7.8852367,47.3132592]]}},{"type":"Feature","properties":{"highway":"motorway","lanes":"2","lit":"no","maxspeed":"120","oneway":"yes","ref":"A1","surface":"asphalt","toll":"yes","carriage_ref":"B"},"geometry":{"type":"LineString","coordinates":[[8.0181472,47.3222885],[8.0186371,47.3224239],[8.0190972,47.3225614],[8.0195434,47.3227114],[8.0199424,47.322858],[8.0203523,47.3230216],[8.0207603,47.3231966],[8.0211546,47.3233776],[8.0215327,47.3235676],[8.0219096,47.3237711],[8.0222714,47.3239817],[8.022622,47.3242014],[8.0229635,47.324426],[8.0232952,47.3246571],[8.0236147,47.3248935],[8.02393,47.3251313],[8.0244061,47.3254973],[8.0248768,47.3258646],[8.0253497,47.3262304],[8.025589,47.3264121],[8.0258298,47.3265904],[8.0261574,47.3268263],[8.0264926,47.3270588],[8.0268249,47.3272836],[8.0271648,47.3275029],[8.0275182,47.327721],[8.0278734,47.3279379],[8.0285931,47.3283636],[8.029294,47.3287747],[8.0302534,47.3293395],[8.030738,47.3296263],[8.0312077,47.3299119]]}},{"type":"Feature","properties":{"highway":"motorway","int_ref":"E 25;E 62","lanes":"2","maxspeed":"120","oneway":"yes","ref":"A1","toll":"yes","carriage_ref":"B"},"geometry":{"type":"LineString","coordinates":[[6.3111792,46.4520567],[6.3130861,46.4531426],[6.3157698,46.4548329],[6.3170243,46.4556591],[6.3188311,46.4569037],[6.3207512,46.4583129],[6.3220517,46.4592766],[6.3227181,46.4597533],[6.3233586,46.4601926],[6.3241762,46.4607292],[6.3250085,46.4612536],[6.3262746,46.4619783]]}},{"type":"Feature","properties":{"highway":"motorway","lanes":"3","maxspeed":"100","oneway":"yes","ref":"A1;A3","signals":"maxspeed=signals","surface":"asphalt","toll":"yes","turn:lanes":"none|none|merge_to_left","carriage_ref":"B"},"geometry":{"type":"LineString","coordinates":[[8.2825421,47.4579325],[8.2849017,47.4581645]]}},{"type":"Feature","properties":{"highway":"motorway","int_ref":"E 23;E 25","lanes":"2","lit":"no","maxspeed":"120","oneway":"yes","ref":"A1;A9","surface":"asphalt","toll":"yes","carriage_ref":"A"},"geometry":{"type":"LineString","coordinates":[[6.5607323,46.6258631],[6.5606682,46.6251241],[6.5605369,46.6240858],[6.5604322,46.6233951],[6.5603317,46.6227891],[6.5602011,46.6221253],[6.5601397,46.6218121],[6.5600265,46.6213222],[6.5598873,46.6207198],[6.5595229,46.6193908],[6.5593341,46.6187778],[6.5590696,46.6179744],[6.5587419,46.6170658],[6.5583875,46.6161499],[6.5579899,46.6152238],[6.5574975,46.6141297],[6.5570768,46.6132296],[6.556786,46.6126001],[6.5561877,46.6112348],[6.5559438,46.6106757],[6.5556919,46.6100268],[6.5554784,46.6094501],[6.5552232,46.6087203],[6.5550176,46.6080942],[6.5548532,46.6075319],[6.5546153,46.6067053],[6.5543488,46.6056311],[6.5542355,46.6051357],[6.554107,46.6045302],[6.553913,46.6034138],[6.5538215,46.6027641],[6.5537579,46.602313],[6.5537281,46.6021007],[6.55349306105,46.60031194484],[6.5535213,46.598567]]}},{"type":"Feature","properties":{"highway":"motorway","int_ref":"E 25;E 62","lanes":"2","lit":"no","maxspeed":"signals","oneway":"yes","ref":"A1","source":"Orthophotos du SITG (Système d'Information du Territoire Genevois)","toll":"yes","carriage_ref":"B"},"geometry":{"type":"LineString","coordinates":[[6.1016908,46.1597713],[6.1016901,46.1600379],[6.101681,46.1602957],[6.1016663,46.1604634],[6.1016378,46.1607125],[6.1016028,46.1609575],[6.1015392,46.1612675],[6.1014876,46.1614749],[6.1013842,46.1618182],[6.1013278,46.1619918],[6.10126,46.1621773],[6.101174,46.162388],[6.1010505,46.1626588],[6.1008836,46.1629822],[6.1008063,46.1631179],[6.1007252,46.1632587]]}},{"type":"Feature","properties":{"highway":"motorway","int_ref":"E 60","lanes":"2","maxspeed":"120","oneway":"yes","ref":"A1","surface":"asphalt","toll":"yes","carriage_ref":"B"},"geometry":{"type":"LineString","coordinates":[[9.1543221,47.4482756],[9.1549044,47.4478809]]}},{"type":"Feature","properties":{"highway":"motorway","int_ref":"E 25","lanes":"2","lit":"no","maxspeed":"120","oneway":"yes","ref":"A1","surface":"asphalt","toll":"yes","carriage_ref":"A"},"geometry":{"type":"LineString","coordinates":[[6.5707341,46.7291134],[6.5705863,46.7288698],[6.5704416,46.7286137],[6.5703105,46.7283565],[6.5701858,46.7280965],[6.5700764,46.7278333],[6.5699862,46.7275887],[6.5698746,46.7272304],[6.5698054,46.7269565],[6.5697507,46.7266944],[6.5697074,46.7264191],[6.5696783,46.7261478],[6.5696656,46.72596]]}},{"type":"Feature","properties":{"highway":"motorway","lanes":"2","lit":"no","maxspeed":"120","oneway":"yes","ref":"A1","surface":"asphalt","toll":"yes","carriage_ref":"A"},"geometry":{"type":"LineString","coordinates":[[8.0408413,47.3381348],[8.0405235,47.3378035],[8.0399812,47.3372368],[8.0394408,47.3366719],[8.0389177,47.3361306],[8.0383932,47.3355974],[8.037851,47.335058],[8.037292,47.3345301],[8.0367138,47.3340065],[8.0364248,47.3337538],[8.0360825,47.3334618]]}},{"type":"Feature","properties":{"highway":"motorway","int_ref":"E 25","lanes":"3","lit":"no","maxspeed":"100","oneway":"yes","ref":"A1","surface":"asphalt","toll":"yes","carriage_ref":"A"},"geometry":{"type":"LineString","coordinates":[[7.4107287,46.9516736],[7.4105448,46.951615],[7.4103613,46.9515587],[7.4101769,46.9515045],[7.4099934,46.9514528],[7.4098488,46.9514113],[7.4097,46.9513727],[7.4094887,46.9513198],[7.4092439,46.9512626],[7.408994,46.9512066],[7.4087962,46.9511644],[7.4085972,46.9511256],[7.4082842,46.9510687],[7.407972,46.9510223]]}},{"type":"Feature","properties":{"highway":"motorway","int_ref":"E 25","lanes":"2","maxspeed":"120","oneway":"yes","ref":"A1","surface":"asphalt","toll":"yes","carriage_ref":"A"},"geometry":{"type":"LineString","coordinates":[[6.7523114,46.7874498],[6.7521546,46.7873795],[6.7519243,46.7872732],[6.7516972,46.787165],[6.7514741,46.7870572],[6.7512519,46.7869487],[6.751077,46.7868617],[6.7509038,46.7867739],[6.7505133,46.7865746],[6.7503206,46.7864738],[6.7501294,46.7863719],[6.7493255,46.7859467],[6.7489519,46.7857422],[6.7485808,46.7855402],[6.7482108,46.7853443],[6.7478842,46.7851774]]}},{"type":"Feature","properties":{"highway":"motorway","lanes":"2","lit":"no","maxspeed":"120","oneway":"yes","ref":"A1","surface":"asphalt","toll":"yes","carriage_ref":"B"},"geometry":{"type":"LineString","coordinates":[[7.9441894,47.3159741],[7.9453627,47.3163656],[7.9465377,47.316754],[7.9482466,47.3173182],[7.9499592,47.317878],[7.950802,47.3181586],[7.9516469,47.318436],[7.9520484,47.3185686],[7.9524535,47.3186977],[7.9528598,47.3188256],[7.9532675,47.3189523],[7.9537724,47.3191043],[7.9542785,47.3192551],[7.95479,47.3194009],[7.9553054,47.3195436],[7.9556358,47.3196334],[7.9559658,47.3197198],[7.9562981,47.319805],[7.9566319,47.3198884],[7.9570228,47.3199836],[7.957414,47.3200767],[7.9581966,47.3202571],[7.958704,47.3203645],[7.9592106,47.3204691],[7.9602258,47.3206691],[7.9611936,47.3208398],[7.9621628,47.3210056],[7.9631345,47.3211614],[7.9641073,47.3213141],[7.96695,47.3217538],[7.9724136,47.3225994],[7.9749456,47.3229905],[7.976081,47.3231685],[7.9767838,47.3232679],[7.9774849,47.3233664],[7.9779419,47.3234285],[7.9784023,47.3234832],[7.9788735,47.3235315],[7.9793459,47.3235763],[7.9798122,47.3236151],[7.9802792,47.323648],[7.9807498,47.3236733],[7.9812212,47.3236897],[7.981688,47.3236971],[7.9821569,47.3236972],[7.9826312,47.3236905],[7.983104,47.3236759],[7.9835717,47.3236535],[7.9840388,47.3236262],[7.9845111,47.3235888],[7.9849792,47.3235411],[7.9854422,47.3234891],[7.9859034,47.3234325],[7.9863727,47.3233728],[7.9868396,47.3233073],[7.9877482,47.3231739],[7.9882127,47.3231053],[7.9886792,47.3230391],[7.9891402,47.3229806],[7.9896016,47.3229232],[7.990073,47.3228714],[7.9905472,47.3228298],[7.9910191,47.3228044],[7.9914934,47.3227897],[7.9919664,47.3227838],[7.9924402,47.3227888],[7.9929168,47.3228083],[7.9933932,47.3228372],[7.9938808,47.3228811],[7.9943607,47.3229323],[7.9948044,47.3229886],[7.9971154,47.3233257],[7.9975774,47.3233909],[7.9980291,47.3234539],[7.9985088,47.3235118],[7.998961,47.3235592],[7.9994293,47.3235991],[7.9998966,47.3236308],[8.0003569,47.3236488],[8.0008161,47.3236576],[8.0012918,47.3236527],[8.0017666,47.3236381],[8.0022368,47.323613],[8.0027059,47.3235747],[8.0031796,47.3235212],[8.0036413,47.3234573],[8.0041045,47.3233871],[8.0045521,47.3233048],[8.0049887,47.3232166],[8.0052424,47.3231612],[8.0054949,47.3231043]]}},{"type":"Feature","properties":{"highway":"motorway","int_ref":"E 25","lanes":"2","maxspeed":"120","oneway":"yes","ref":"A1","surface":"asphalt","toll":"yes","carriage_ref":"A"},"geometry":{"type":"LineString","coordinates":[[7.5892447,47.171205],[7.5891255,47.1706103],[7.5890435,47.1701354],[7.5889635,47.1695725],[7.588896,47.1690145],[7.588858,47.1686084],[7.5888256,47.1682055],[7.5887978,47.1676704],[7.5887797,47.1671344],[7.5887757,47.1666462],[7.5887896,47.1661618],[7.5888057,47.1658421],[7.5888215,47.165523],[7.5888385,47.1651903],[7.5888627,47.1648695],[7.5888934,47.1645486],[7.588949,47.1640653],[7.5890142,47.1635836],[7.5890912,47.1631036],[7.5891763,47.1626248],[7.5892405,47.1623022],[7.5893098,47.1619809],[7.5893849,47.1616606],[7.5894626,47.1613407],[7.5896043,47.1608234],[7.5897501,47.1603064],[7.5899028,47.1597907],[7.5900696,47.1592773],[7.5903209,47.1584878],[7.5905824,47.157699],[7.5908755,47.1567493],[7.5910153,47.1562787],[7.5911488,47.1558064],[7.5912766,47.1553288],[7.5913874,47.1548532],[7.5914957,47.1543767],[7.5915875,47.1538982],[7.5916598,47.1534179],[7.5917196,47.1529375],[7.5917617,47.1525443],[7.5917917,47.1521499],[7.591808,47.151805],[7.5918161,47.1514597],[7.5918174,47.1511912],[7.5918133,47.1509226],[7.5918095,47.1505976],[7.5917892,47.1502716],[7.5917471,47.1497816],[7.5917105,47.1494502],[7.5916645,47.1491186],[7.591621,47.1488276],[7.5915406,47.1483467],[7.5914754,47.1480267],[7.5913677,47.1475545],[7.591241,47.1470848],[7.5911488,47.1467661],[7.5910522,47.1464491],[7.5908434,47.1458139],[7.5906158,47.1451799],[7.5903732,47.1445672],[7.5901208,47.1439494],[7.5898472,47.1433159],[7.5893405,47.1422262],[7.5885403,47.1405566],[7.5860595,47.1352982],[7.5856052,47.1342978],[7.5851597,47.1332976],[7.5847153,47.1322951],[7.5842827,47.1312919],[7.5836231,47.1297324],[7.5829142,47.1280167],[7.5824811,47.1269212],[7.5818831,47.1253829],[7.5816556,47.1248223]]}},{"type":"Feature","properties":{"bridge":"yes","highway":"motorway","int_ref":"E 35","lanes":"3","layer":"1","lit":"no","maxspeed":"120","oneway":"yes","ref":"A1;A2","surface":"asphalt","toll":"yes","carriage_ref":"B"},"geometry":{"type":"LineString","coordinates":[[7.8862268,47.3131474],[7.8869791,47.3131315],[7.8875156,47.3131154]]}},{"type":"Feature","properties":{"highway":"motorway","int_ref":"E 25;E 27","lanes":"3","maxspeed":"100","oneway":"yes","ref":"A1;A6","surface":"asphalt","toll":"yes","carriage_ref":"A"},"geometry":{"type":"LineString","coordinates":[[7.4966932,47.0116912],[7.4967228,47.0115314],[7.4967507,47.0113686],[7.4967756,47.0112055],[7.4967928,47.0110423],[7.4968056,47.0108777],[7.4968135,47.0107167],[7.4968182,47.010549],[7.4968111,47.0103863],[7.4967998,47.0102254]]}},{"type":"Feature","properties":{"highway":"motorway","int_ref":"E 25;E 27","lanes":"3","maxspeed":"100","oneway":"yes","ref":"A1;A6","surface":"asphalt","toll":"yes","carriage_ref":"A"},"geometry":{"type":"LineString","coordinates":[[7.4737272,46.9890094],[7.4733584,46.98889]]}},{"type":"Feature","properties":{"highway":"motorway","int_ref":"E 60","lanes":"3","maxspeed":"100","oneway":"yes","ref":"A1","surface":"asphalt","toll":"yes","carriage_ref":"B"},"geometry":{"type":"LineString","coordinates":[[8.7042145,47.524654],[8.7044703,47.524698]]}},{"type":"Feature","properties":{"avz":"114","cs_dir:forward":"2","highway":"motorway","int_ref":"E 41;E 60","lanes":"3","maxspeed":"120","oneway":"yes","ref":"A1;A4","shoulder:right":"yes","source:maxspeed":"CH:motorway","ssvz":"751N","surface":"asphalt","toll":"yes","carriage_ref":"A"},"geometry":{"type":"LineString","coordinates":[[8.6436491,47.4235412],[8.6434036,47.4235048],[8.6431648,47.4234678],[8.6426561,47.4233813],[8.6421506,47.423292],[8.6416604,47.4231968],[8.6413748,47.4231424],[8.6410967,47.423082]]}},{"type":"Feature","properties":{"avz":"290","destination:lanes":"Zürich Aarau|Zürich Aarau;Chiasso;Gotthard;Luzern|Chiasso;Gotthard;Luzern|","highway":"motorway","int_ref":"E 35","lanes":"4","lit":"no","maxspeed":"100","oneway":"yes","ref":"A1;A2","surface":"asphalt","toll":"yes","turn:lanes":"slight_left|slight_left;slight_right|slight_right|merge_to_left","carriage_ref":"B"},"geometry":{"type":"LineString","coordinates":[[7.9008378,47.3106033],[7.901288,47.3104365],[7.9016055,47.3103148],[7.902234,47.310066],[7.9027471,47.3098501]]}},{"type":"Feature","properties":{"highway":"motorway","int_ref":"E 25;E 62","lanes":"2","maxspeed":"120","oneway":"yes","ref":"A1","toll":"yes","carriage_ref":"A"},"geometry":{"type":"LineString","coordinates":[[6.399299,46.4777956],[6.3972273,46.4775961],[6.3948414,46.4773032],[6.3939388,46.4772033],[6.3724231,46.4746115]]}},{"type":"Feature","properties":{"highway":"motorway","int_ref":"E 23;E 25","lanes":"2","lit":"no","maxspeed":"120","oneway":"yes","ref":"A1;A9","surface":"asphalt","toll":"yes","carriage_ref":"A"},"geometry":{"type":"LineString","coordinates":[[6.572507,46.6602362],[6.5725449,46.659851],[6.5725689,46.6594494],[6.5725647,46.658912],[6.572539,46.6582862],[6.572513,46.6579912],[6.5724641,46.6576735],[6.572351,46.6570182],[6.5722028,46.6564646]]}},{"type":"Feature","properties":{"destination":"Zürich","highway":"motorway","int_ref":"E 60","lanes":"2","lit":"yes","maxspeed":"100","name":"Baregg","oneway":"yes","ref":"A1;A3","surface":"asphalt","toll":"yes"},"geometry":{"type":"LineString","coordinates":[[8.2882357,47.4587713],[8.2889144,47.4588506]]}},{"type":"Feature","properties":{"bridge":"yes","highway":"motorway","int_ref":"E 60","lanes":"2","layer":"1","maxspeed":"120","oneway":"yes","ref":"A1","shoulder:right":"yes","source:maxspeed":"CH:motorway","surface":"asphalt","toll":"yes","carriage_ref":"A"},"geometry":{"type":"LineString","coordinates":[[9.4567697,47.4683396],[9.4559079,47.4687467],[9.4554089,47.4689772],[9.4546389,47.4692991],[9.4539172,47.4695622],[9.4531746,47.4697776],[9.4522951,47.469973],[9.4515754,47.4700944],[9.4510139,47.4701634],[9.4503739,47.4702047]]}},{"type":"Feature","properties":{"bridge":"yes","highway":"motorway","int_ref":"E 25","lanes":"2","layer":"1","maxspeed":"120","oneway":"yes","ref":"A1","surface":"asphalt","toll":"yes","carriage_ref":"B"},"geometry":{"type":"LineString","coordinates":[[7.1917728,46.9614365],[7.1924472,46.9612051]]}},{"type":"Feature","properties":{"highway":"motorway","int_ref":"E 60","lanes":"3","lit":"no","maxspeed":"120","oneway":"yes","ref":"A1;A3","surface":"asphalt","toll":"yes","carriage_ref":"A"},"geometry":{"type":"LineString","coordinates":[[8.3538412,47.4352734],[8.3528637,47.4356625],[8.3521902,47.4359385],[8.3515919,47.4362012],[8.3512038,47.4363753],[8.3508107,47.4365621],[8.3504264,47.4367521]]}},{"type":"Feature","properties":{"destination:lanes":"Lausanne;Yverdon;Neuchâtel|Lausanne;Yverdon;Neuchâtel;Vevey;Fribourg|Vevey;Fribourg|Bern-Neufeld","highway":"motorway","int_ref":"E 25;E 27","lanes":"4","lit":"no","maxspeed":"80","oneway":"yes","ref":"A1","surface":"asphalt","toll":"yes","turn:lanes":"none|none|none|slight_right","carriage_ref":"A"},"geometry":{"type":"LineString","coordinates":[[7.439046,46.9669057],[7.4385876,46.966823],[7.4381813,46.9667533],[7.4377343,46.9666799],[7.436397,46.9664823]]}},{"type":"Feature","properties":{"destination:lanes":"Interlaken;Thun;Bern-Ostring|Interlaken;Thun;Bern-Ostring;Bern-Wankdorf|Lausanne;Fribourg;Neuchâtel;Bern-Neufeld|Lausanne;Fribourg;Neuchâtel;Bern-Neufeld","highway":"motorway","int_ref":"E 25;E 27","lanes":"4","maxspeed":"80","oneway":"yes","ref":"A1;A6","surface":"asphalt","toll":"yes","turn:lanes":"through|through|slight_right|slight_right","carriage_ref":"A"},"geometry":{"type":"LineString","coordinates":[[7.4687772,46.9763421],[7.4689831,46.9760414],[7.4698652,46.9747944],[7.4698919,46.9747578]]}},{"type":"Feature","properties":{"highway":"motorway","int_ref":"E 60","lanes":"3","maxspeed":"120","oneway":"yes","ref":"A1","surface":"asphalt","toll":"yes","turn:lanes:forward":"||slight_right","carriage_ref":"A"},"geometry":{"type":"LineString","coordinates":[[8.7786249,47.5313139],[8.7774293,47.5312009],[8.7765528,47.5310923],[8.7759884,47.5310087],[8.7756671,47.530959]]}},{"type":"Feature","properties":{"bridge":"yes","highway":"motorway","int_ref":"E 60","lanes":"2","layer":"1","maxspeed":"120","oneway":"yes","ref":"A1","surface":"asphalt","toll":"yes","carriage_ref":"B"},"geometry":{"type":"LineString","coordinates":[[8.8156285,47.5302683],[8.8157605,47.5302511]]}},{"type":"Feature","properties":{"bridge":"yes","highway":"motorway","int_ref":"E 25","lanes":"2","layer":"1","maxspeed":"120","oneway":"yes","ref":"A1","surface":"asphalt","toll":"yes","carriage_ref":"B"},"geometry":{"type":"LineString","coordinates":[[6.889799,46.825376],[6.8902125,46.8253307]]}},{"type":"Feature","properties":{"destination":"Bern;Basel;Dietikon","destination:ref":"A 1","highway":"motorway","int_ref":"E 60","lanes":"2","lit":"yes","maxspeed":"80","oneway":"yes","placement":"transition","shoulder:right":"yes","source:maxspeed":"signals","surface":"asphalt","toll":"yes","carriage_ref":"A"},"geometry":{"type":"LineString","coordinates":[[8.4332401,47.4133318],[8.4325379,47.413184],[8.4318162,47.4130008]]}},{"type":"Feature","properties":{"highway":"motorway","int_ref":"E 60","lanes":"2","maxspeed":"120","oneway":"yes","ref":"A1","surface":"asphalt","toll":"yes","carriage_ref":"B"},"geometry":{"type":"LineString","coordinates":[[8.9313594,47.5079538],[8.9320954,47.5075948],[8.9330092,47.507116],[8.9337869,47.5066802],[8.9345952,47.5061809],[8.934993,47.5059266],[8.9359828,47.5052681],[8.9366543,47.5047772],[8.9373425,47.504247],[8.9381158,47.5036174],[8.9386193,47.5031774],[8.9390655,47.5027706],[8.9395476,47.5022992],[8.9400258,47.5018023],[8.9403397,47.5014762],[8.9410847,47.5006436],[8.9418157,47.4997839],[8.9425814,47.498851],[8.9432996,47.4979841],[8.9440521,47.4971021]]}},{"type":"Feature","properties":{"highway":"motorway","int_ref":"E 25;E 62","lanes":"2","maxspeed":"120","oneway":"yes","ref":"A1","toll":"yes","carriage_ref":"B"},"geometry":{"type":"LineString","coordinates":[[6.3336998,46.4652036],[6.3351607,46.4656715],[6.3384258,46.4665999],[6.3399438,46.4670357],[6.343816,46.4681424],[6.3440629,46.4682143]]}},{"type":"Feature","properties":{"change:lanes":"not_left|not_right|yes","highway":"motorway","int_ref":"E 60","lanes":"3","maxspeed":"120","oneway":"yes","placement":"right_of:1","ref":"A1","shoulder:right":"yes","source:maxspeed":"CH:motorway","surface":"asphalt","toll":"yes","turn:lanes":"||merge_to_left","carriage_ref":"A"},"geometry":{"type":"LineString","coordinates":[[9.5747581,47.4804795],[9.574352,47.4804154],[9.5739959,47.4803444]]}},{"type":"Feature","properties":{"avz":"240","cs_dir:forward":"1","destination:int_ref:lanes":"E 41;E 60|E 41;E 60|","destination:lanes":"Sankt Gallen;Schaffhausen;Zürich-City|Sankt Gallen;Schaffhausen;Zürich-City|Bülach;Flughafen","destination:ref:lanes":"A1;A4|A1;A4|A51","highway":"motorway","int_ref":"E 41;E 60","lanes":"3","layer":"-1","lit":"yes","maxspeed":"100","oneway":"yes","ref":"A1;A4","source:maxspeed":"sign","ssvz":"866N","surface":"asphalt","toll":"yes","tunnel":"yes","tunnel:name":"Stelzentunnel","carriage_ref":"B"},"geometry":{"type":"LineString","coordinates":[[8.558664,47.4263376],[8.5592777,47.426132],[8.5599039,47.4259344],[8.5602981,47.4258105],[8.5606389,47.4257092],[8.5609946,47.4256146],[8.5616058,47.4254742],[8.5622108,47.4253447],[8.562786,47.425222],[8.5633753,47.4251102]]}},{"type":"Feature","properties":{"bridge":"yes","highway":"motorway","int_ref":"E 25;E 62","lanes":"2","layer":"1","maxspeed":"120","oneway":"yes","ref":"A1","toll":"yes","carriage_ref":"B"},"geometry":{"type":"LineString","coordinates":[[6.2006481,46.3765209],[6.2011734,46.3779913],[6.2014225,46.3788057]]}},{"type":"Feature","properties":{"highway":"motorway","int_ref":"E 60","lanes":"2","maxspeed":"120","oneway":"yes","ref":"A1","surface":"asphalt","toll":"yes","carriage_ref":"A"},"geometry":{"type":"LineString","coordinates":[[9.0657188,47.4556366],[9.0633126,47.4552395],[9.0622001,47.4550617],[9.061079,47.4548931],[9.0590262,47.4545951],[9.058553,47.4545354],[9.0578435,47.4544458],[9.0566489,47.4543153],[9.0553668,47.4541741]]}},{"type":"Feature","properties":{"highway":"motorway","int_ref":"E 25","lanes":"2","lit":"no","maxspeed":"120","oneway":"yes","ref":"A1","surface":"asphalt","toll":"yes","carriage_ref":"A"},"geometry":{"type":"LineString","coordinates":[[7.7887574,47.3087],[7.788447,47.3086091],[7.7876768,47.3083806],[7.7869071,47.3081449],[7.7864207,47.3079926],[7.7859346,47.307835],[7.7854465,47.3076793],[7.7849603,47.3075214],[7.7843143,47.3073087],[7.7836722,47.3070921],[7.7830295,47.3068748],[7.7823873,47.3066552],[7.7814976,47.306343],[7.7806119,47.3060261],[7.7797264,47.3057094],[7.7788452,47.3053867],[7.7777974,47.3050003],[7.7767589,47.3046081],[7.7757178,47.3042154],[7.7746803,47.3038189],[7.7735354,47.3033816],[7.7723939,47.3029411],[7.7624228,47.2990907],[7.759695,47.2980333],[7.7595603,47.2979814],[7.7577067,47.2972666],[7.7563319,47.2967438],[7.7549472,47.2962343],[7.7423677,47.2917395],[7.7409183,47.2912187],[7.7395002,47.2907124],[7.738063,47.2901939],[7.7373887,47.2899472],[7.7367185,47.2896971],[7.7353042,47.289164],[7.7345983,47.2888883],[7.7338937,47.2886114],[7.7334634,47.2884384],[7.7330362,47.2882634],[7.7321879,47.2879043],[7.7315438,47.2876242],[7.730905,47.2873394],[7.7302256,47.2870234],[7.7298861,47.2868626],[7.7295512,47.2867],[7.7292229,47.2865397],[7.728897,47.2863783],[7.7285721,47.2862138],[7.7282562,47.2860466]]}},{"type":"Feature","properties":{"highway":"motorway","int_ref":"E 25;E 27","lanes":"4","lit":"no","maxspeed":"80","oneway":"yes","ref":"A1","surface":"asphalt","toll":"yes","turn:lanes":"none|none|none|merge_to_left","carriage_ref":"A"},"geometry":{"type":"LineString","coordinates":[[7.4321111,46.9656357],[7.4317005,46.9655109],[7.4312883,46.9653751],[7.4309107,46.9652381],[7.4306076,46.9651238]]}},{"type":"Feature","properties":{"highway":"motorway","int_ref":"E 60","lanes":"2","maxspeed":"120","oneway":"yes","ref":"A1","surface":"asphalt","toll":"yes","carriage_ref":"A"},"geometry":{"type":"LineString","coordinates":[[9.2759723,47.4166908],[9.2752093,47.4174197],[9.274792,47.4177939],[9.2744865,47.4180399],[9.2741653,47.4182773],[9.2737258,47.418585],[9.2733342,47.4188259],[9.2727557,47.419129],[9.2724029,47.4192947],[9.2719103,47.4195134],[9.2714131,47.4196991],[9.2707978,47.4198924],[9.2700997,47.4200891],[9.2694014,47.4202503],[9.2686705,47.4203992],[9.2680154,47.4205208]]}},{"type":"Feature","properties":{"avz":"291","cs_dir:forward":"2","highway":"motorway","int_ref":"E 23;E 25;E 62","lanes":"3","lit":"no","maxspeed":"signals","oneway":"yes","ref":"A1","surface":"asphalt","toll":"yes","carriage_ref":"A"},"geometry":{"type":"LineString","coordinates":[[6.5685871,46.5482889],[6.5686344,46.5479719],[6.5686903,46.5476735],[6.5687352,46.5473095],[6.5687445,46.5469632],[6.5687416,46.546559],[6.5687274,46.5460588]]}},{"type":"Feature","properties":{"highway":"motorway","int_ref":"E 25;E 27","lanes":"3","maxspeed":"100","oneway":"yes","ref":"A1;A6","surface":"asphalt","toll":"yes","carriage_ref":"A"},"geometry":{"type":"LineString","coordinates":[[7.4733584,46.98889],[7.4731421,46.9888165],[7.4729371,46.988745],[7.4727369,46.9886722],[7.4724975,46.9885819],[7.4722583,46.9884867],[7.4719796,46.9883703],[7.4717097,46.9882515]]}},{"type":"Feature","properties":{"highway":"motorway","int_ref":"E 25;E 62","lanes":"2","maxspeed":"120","oneway":"yes","ref":"A1","toll":"yes","carriage_ref":"B"},"geometry":{"type":"LineString","coordinates":[[6.4535337,46.4927605],[6.4550229,46.4933105],[6.4565626,46.4938364],[6.4591432,46.4946684],[6.4617445,46.4954849],[6.4634283,46.4960173],[6.4651131,46.4965826],[6.4670503,46.4972689]]}},{"type":"Feature","properties":{"highway":"motorway","int_ref":"E 25","lanes":"2","maxspeed":"120","oneway":"yes","ref":"A1","surface":"asphalt","toll":"yes","carriage_ref":"B"},"geometry":{"type":"LineString","coordinates":[[7.1584449,46.9449151],[7.1588213,46.9451034],[7.1592171,46.9453049],[7.159587,46.945501],[7.1599626,46.9457059],[7.1603255,46.9459114],[7.1606083,46.9460777]]}},{"type":"Feature","properties":{"highway":"motorway","int_ref":"E 60","lanes":"2","layer":"-1","maxspeed":"100","oneway":"yes","ref":"A1","surface":"asphalt","toll":"yes","carriage_ref":"A"},"geometry":{"type":"LineString","coordinates":[[9.3853406,47.4329598],[9.3850009,47.4328983]]}},{"type":"Feature","properties":{"bridge":"yes","highway":"motorway","int_ref":"E 25;E 62","lanes":"2","layer":"1","maxspeed":"120","oneway":"yes","ref":"A1","toll":"yes","carriage_ref":"B"},"geometry":{"type":"LineString","coordinates":[[6.3718801,46.4744401],[6.3724114,46.4745032]]}},{"type":"Feature","properties":{"bridge":"yes","highway":"motorway","int_ref":"E 25","lanes":"2","layer":"1","maxspeed":"120","oneway":"yes","ref":"A1","surface":"asphalt","toll":"yes","carriage_ref":"A"},"geometry":{"type":"LineString","coordinates":[[6.890269,46.825431],[6.8898684,46.8254778]]}},{"type":"Feature","properties":{"highway":"motorway","int_ref":"E 60","lanes":"3","lit":"no","maxspeed":"100","oneway":"yes","ref":"A1;A3","surface":"asphalt","toll":"yes","carriage_ref":"A"},"geometry":{"type":"LineString","coordinates":[[8.4111258,47.4193718],[8.410705,47.4195185],[8.410269,47.4196677],[8.4098431,47.4198088],[8.4095742,47.4198936]]}},{"type":"Feature","properties":{"highway":"motorway","int_ref":"E 25;E 62","lanes":"3","lit":"no","maxspeed":"signals","oneway":"yes","ref":"A1","source":"Orthophotos du SITG (Système d'Information du Territoire Genevois)","toll":"yes","carriage_ref":"B"},"geometry":{"type":"LineString","coordinates":[[6.0979561,46.1530193],[6.0982178,46.1533454],[6.0985291,46.1537289],[6.0988389,46.1540988],[6.0995023,46.1548929],[6.0997236,46.1551607],[6.0998283,46.1552912]]}},{"type":"Feature","properties":{"bridge":"yes","highway":"motorway","int_ref":"E 41;E 60","lanes":"2","layer":"1","lit":"no","maxspeed":"100","oneway":"yes","ref":"A1;A4","source:maxspeed":"CH:motorway","surface":"asphalt","toll":"yes","carriage_ref":"B"},"geometry":{"type":"LineString","coordinates":[[8.4926531,47.4262342],[8.4933872,47.4263069]]}},{"type":"Feature","properties":{"highway":"motorway","int_ref":"E 25;E 62","lanes":"2","maxspeed":"120","oneway":"yes","ref":"A1","toll":"yes","carriage_ref":"A"},"geometry":{"type":"LineString","coordinates":[[6.426198,46.4779506],[6.4252949,46.4777299],[6.4240139,46.4774526],[6.4227176,46.4772361],[6.4214706,46.477069],[6.420137,46.4769325],[6.4188897,46.476845],[6.4175072,46.4768072],[6.4162351,46.4768195],[6.4149545,46.4768645],[6.4146509,46.476888],[6.4135952,46.4769696]]}},{"type":"Feature","properties":{"highway":"motorway","int_ref":"E 25;E 62","lanes":"2","maxspeed":"signals","oneway":"yes","ref":"A1","source":"Orthophotos 2009 du SITG (Système d'Information du Territoire Genevois)","toll":"yes","carriage_ref":"A"},"geometry":{"type":"LineString","coordinates":[[6.145481,46.3169293],[6.1452463,46.3163857],[6.1450512,46.315908],[6.1447656,46.315174],[6.1445054,46.3144296],[6.1442976,46.3137876],[6.144185,46.3134059],[6.1440809,46.3130139],[6.143984,46.3126248],[6.1438942,46.3122143],[6.1438067,46.3117848],[6.1437327,46.3113772],[6.1436798,46.31105],[6.1436335,46.3107117],[6.1435694,46.3101844],[6.1435347,46.3097938],[6.143512,46.3095007],[6.1434899,46.3091237],[6.1434774,46.3087324],[6.1434723,46.3079904],[6.1434845,46.3075865],[6.1435013,46.3072042],[6.1435447,46.3066003],[6.1436062,46.3060213],[6.1436971,46.3053655],[6.1438362,46.3045483],[6.1439761,46.3038715],[6.1441743,46.3030225],[6.1446082,46.3013537],[6.1449955,46.299934],[6.1453562,46.2985772],[6.1456317,46.2973592],[6.1458238,46.296393]]}},{"type":"Feature","properties":{"avz":"73","cs_dir:forward":"2","highway":"motorway","lanes":"2","lit":"no","maxspeed":"100","oneway":"yes","ref":"A1","surface":"asphalt","toll":"yes","carriage_ref":"A"},"geometry":{"type":"LineString","coordinates":[[7.8075874,47.3121368],[7.8066321,47.3120751],[7.8056722,47.3120031],[7.8052233,47.3119672],[7.8047703,47.311921],[7.8038705,47.3118249]]}},{"type":"Feature","properties":{"highway":"motorway","int_ref":"E 25","lanes":"2","lit":"no","maxspeed":"120","official_name":"Nationalstrasse N1 Mitteland Süd","oneway":"yes","ref":"A1","surface":"asphalt","toll":"yes","carriage_ref":"B"},"geometry":{"type":"LineString","coordinates":[[7.6131156,47.2250044],[7.6135424,47.225194],[7.6139376,47.2253642],[7.6143233,47.2255258],[7.6147397,47.2256961],[7.6151584,47.2258618],[7.6155739,47.226024],[7.6159908,47.2261849],[7.6164008,47.2263381],[7.6168122,47.2264898],[7.6178711,47.2268747],[7.6184028,47.2270668],[7.6189376,47.2272542],[7.6198121,47.2275672]]}},{"type":"Feature","properties":{"bridge":"yes","bridge:structure":"beam","highway":"motorway","int_ref":"E 25","lanes":"2","layer":"1","maxspeed":"120","name":"Viaduc du Bois de Rosset","oneway":"yes","ref":"A1","surface":"asphalt","toll":"yes","carriage_ref":"B"},"geometry":{"type":"LineString","coordinates":[[7.0536562,46.8956279],[7.0539363,46.8956548],[7.0542122,46.8956775],[7.0544467,46.8956961],[7.0546631,46.8957157],[7.0549087,46.8957316],[7.0551416,46.8957459],[7.0554933,46.8957584],[7.0558567,46.89577],[7.0563038,46.895782],[7.0573866,46.8958015],[7.0604289,46.8958306],[7.0610726,46.8958344],[7.0617362,46.8958309]]}},{"type":"Feature","properties":{"bridge":"yes","highway":"motorway","int_ref":"E 25","lanes":"2","layer":"1","lit":"no","maxspeed":"120","oneway":"yes","ref":"A1","surface":"asphalt","toll":"yes","carriage_ref":"A"},"geometry":{"type":"LineString","coordinates":[[7.2525969,46.9614187],[7.2511052,46.9617373],[7.2496161,46.9620908],[7.2481338,46.9624513],[7.2477563,46.9625381],[7.2473478,46.9626325],[7.2466302,46.9627981],[7.2461688,46.9628969],[7.2457147,46.9629912],[7.2452455,46.9630806],[7.2447851,46.9631685],[7.2443263,46.9632486],[7.2438746,46.9633244],[7.2433951,46.9634025],[7.2429458,46.9634689],[7.2424368,46.963548],[7.2418938,46.9636274]]}},{"type":"Feature","properties":{"avz":"69","cs_dir:forward":"2","destination":"France;Genève-La Praille;Aéroport;Gd-Saconnex;Palexpo","highway":"motorway","int_ref":"E 25;E 62","lanes":"2","maxspeed":"signals","oneway":"yes","ref":"A1","ssvz":"998N","surface":"asphalt","toll":"yes","carriage_ref":"A"},"geometry":{"type":"LineString","coordinates":[[6.1360194,46.2561278],[6.136171,46.2559892],[6.1368143,46.2554253],[6.137392,46.2549093],[6.1382048,46.254124],[6.1384095,46.2539197],[6.1386246,46.2536962],[6.1387506,46.2535486]]}},{"type":"Feature","properties":{"highway":"motorway","int_ref":"E 35","lanes":"3","lit":"no","maxspeed":"120","oneway":"yes","ref":"A1;A2","surface":"asphalt","toll":"yes","carriage_ref":"B"},"geometry":{"type":"LineString","coordinates":[[7.8440027,47.3100529],[7.8448997,47.310245],[7.8476336,47.3108627]]}},{"type":"Feature","properties":{"highway":"motorway","lanes":"2","maxspeed":"100","oneway":"yes","ref":"A1;A3","signals":"maxspeed=signals","surface":"asphalt","toll":"yes","carriage_ref":"B"},"geometry":{"type":"LineString","coordinates":[[8.2849017,47.4581645],[8.285219,47.4581935]]}},{"type":"Feature","properties":{"destination:int_ref:lanes":"||E 41;E 60|E 41;E 60","destination:lanes":"Zürich-City|Zürich-City|Bern;Chur;Luzern;Flughafen;Nordring-Zürich|Bern;Chur;Luzern;Flughafen;Nordring-Zürich","destination:ref:lanes":"A1L|A1L|A1;A4|A1;A4","highway":"motorway","int_ref":"E 41;E 60","lanes":"4","lit":"yes","maxspeed":"signals","oneway":"yes","ref":"A1;A4","source:maxspeed":"signals","surface":"asphalt","toll":"yes","carriage_ref":"A"},"geometry":{"type":"LineString","coordinates":[[8.5859562,47.4090347],[8.5842372,47.4094232],[8.5819574,47.4099502],[8.5812645,47.4101048],[8.580499,47.4102977],[8.5799123,47.4104496],[8.579269,47.4106177],[8.5784648,47.4108462]]}},{"type":"Feature","properties":{"highway":"motorway","int_ref":"E 25;E 62","lanes":"2","maxspeed":"120","oneway":"yes","ref":"A1","toll":"yes","carriage_ref":"B"},"geometry":{"type":"LineString","coordinates":[[6.4992115,46.5148539],[6.4998881,46.5150839],[6.5009172,46.5154108]]}},{"type":"Feature","properties":{"highway":"motorway","int_ref":"E 25;E 62","lanes":"2","layer":"1","maxspeed":"120","oneway":"yes","ref":"A1","toll":"yes","carriage_ref":"B"},"geometry":{"type":"LineString","coordinates":[[6.4934326,46.5115444],[6.4939721,46.511928],[6.4955815,46.5130467]]}},{"type":"Feature","properties":{"avz":"114","cs_dir:forward":"2","destination:int_ref:lanes":"E 41;E 60|E 41;E 60|","destination:lanes":"Flughafen;Zürich|Flughafen;Zürich|Rapperswil;Uster;Brüttisellen;Dietlikon","destination:ref:lanes":"A1;A4|A1;A4|A53","highway":"motorway","int_ref":"E 41;E 60","lanes":"3","maxspeed":"120","oneway":"yes","ref":"A1;A4","shoulder:right":"yes","source:maxspeed":"CH:motorway","ssvz":"751N","surface":"asphalt","toll":"yes","carriage_ref":"A"},"geometry":{"type":"LineString","coordinates":[[8.6410967,47.423082],[8.6408078,47.4230149],[8.6405328,47.42295],[8.6400596,47.422829],[8.6395891,47.4227064],[8.639344,47.4226332],[8.6391009,47.4225716],[8.6388496,47.4224964],[8.6386096,47.4224228],[8.6383037,47.4223298],[8.6380033,47.4222279],[8.6374433,47.42203]]}},{"type":"Feature","properties":{"highway":"motorway","int_ref":"E 25;E 27","lanes":"4","lit":"no","maxspeed":"100","oneway":"yes","ref":"A1","surface":"asphalt","toll":"yes","turn:lanes":"none|none|none|merge_to_left","carriage_ref":"A"},"geometry":{"type":"LineString","coordinates":[[7.4300597,46.9648933],[7.4297761,46.9647616],[7.4294112,46.9645852]]}},{"type":"Feature","properties":{"avz":"162","cs_dir:forward":"2","highway":"motorway","int_ref":"E 25","lanes":"2","lit":"no","maxspeed":"120","oneway":"yes","ref":"A1","ssvz":"851N","surface":"asphalt","toll":"yes","carriage_ref":"A"},"geometry":{"type":"LineString","coordinates":[[7.2745817,46.9604272],[7.2740191,46.9604041],[7.2734553,46.9603766],[7.2729267,46.9603476],[7.2724215,46.9603173],[7.2713588,46.9602512],[7.2708308,46.9602173],[7.2703026,46.9601845],[7.2693812,46.9601265],[7.2689093,46.9601014],[7.2684318,46.9600763],[7.267957,46.960055],[7.2674858,46.960037],[7.2670145,46.9600209],[7.266541,46.9600067],[7.2660643,46.9600001],[7.2656105,46.9599955],[7.2651262,46.9599937],[7.2646596,46.9599998],[7.2641804,46.9600059],[7.2637056,46.9600177],[7.2632359,46.960029],[7.2627624,46.9600503],[7.2622933,46.9600699],[7.2618348,46.960098],[7.2613732,46.9601274],[7.2609098,46.9601592],[7.2602099,46.960214],[7.2594918,46.9602839],[7.2587929,46.9603587],[7.2580978,46.9604427],[7.2573889,46.960538],[7.256679,46.9606423],[7.2560027,46.9607502],[7.2553183,46.9608682],[7.2546367,46.960996],[7.2539674,46.9611304],[7.2532926,46.9612697],[7.2525969,46.9614187]]}},{"type":"Feature","properties":{"highway":"motorway","int_ref":"E 60","lanes":"3","maxspeed":"120","oneway":"yes","placement":"right_of:1","ref":"A1","surface":"asphalt","toll":"yes","turn:lanes":"||merge_to_left","carriage_ref":"B"},"geometry":{"type":"LineString","coordinates":[[9.5202757,47.473546],[9.5214322,47.4739154]]}},{"type":"Feature","properties":{"highway":"motorway","int_ref":"E 41;E 60","lanes":"2","lit":"yes","maxspeed":"100","oneway":"yes","ref":"A1;A4","source:maxspeed":"sign","surface":"asphalt","toll":"yes","carriage_ref":"A"},"geometry":{"type":"LineString","coordinates":[[8.5968276,47.4075291],[8.5965704,47.4075389],[8.5957723,47.4075788],[8.5949877,47.4076311],[8.5942069,47.4076911]]}},{"type":"Feature","properties":{"highway":"motorway","int_ref":"E 25;E 62","lanes":"2","lit":"no","maxspeed":"100","oneway":"yes","ref":"A1","toll":"yes","carriage_ref":"B"},"geometry":{"type":"LineString","coordinates":[[6.0823763,46.1856251],[6.0820123,46.1862349],[6.0817207,46.1866748],[6.0811936,46.1874398]]}},{"type":"Feature","properties":{"bridge":"yes","highway":"motorway","int_ref":"E 23;E 25","lanes":"2","layer":"1","lit":"no","maxspeed":"120","oneway":"yes","ref":"A1;A9","surface":"asphalt","toll":"yes","carriage_ref":"A"},"geometry":{"type":"LineString","coordinates":[[6.5747061,46.6974231],[6.5746598,46.6972651],[6.574457,46.6965726],[6.5741806,46.6955563],[6.5740324,46.6950376],[6.5739368,46.6946382],[6.5738449,46.6942443]]}},{"type":"Feature","properties":{"avz":"329","cs_dir:forward":"2","destination":"Avenches","highway":"motorway","int_ref":"E 25","lanes":"2","maxspeed":"120","oneway":"yes","ref":"A1","surface":"asphalt","toll":"yes","carriage_ref":"A"},"geometry":{"type":"LineString","coordinates":[[7.1518517,46.9418424],[7.1514542,46.9416328],[7.1510872,46.941438],[7.1507153,46.9412392],[7.1503337,46.941032],[7.149849,46.9407661],[7.1494125,46.940523],[7.1488705,46.9402172],[7.1483251,46.9399037],[7.1477004,46.9395391]]}},{"type":"Feature","properties":{"avz":"162","cs_dir:forward":"1","highway":"motorway","int_ref":"E 25","lanes":"2","lit":"no","maxspeed":"120","oneway":"yes","ref":"A1","ssvz":"851N","surface":"asphalt","toll":"yes","carriage_ref":"B"},"geometry":{"type":"LineString","coordinates":[[7.2525398,46.9613308],[7.2532979,46.9611655],[7.2539715,46.9610241],[7.2546398,46.9608891],[7.2553082,46.9607651],[7.2559842,46.9606503],[7.2566796,46.9605421],[7.2574096,46.9604338],[7.2581019,46.9603407],[7.2587876,46.9602559],[7.2594911,46.9601814],[7.2601787,46.9601143],[7.2608845,46.9600587],[7.2613528,46.9600269],[7.2618209,46.9599975],[7.2622859,46.9599721],[7.2627531,46.9599505],[7.2632308,46.9599334],[7.2637096,46.9599192],[7.2642049,46.9599028],[7.2646786,46.9598981],[7.2656207,46.9598949],[7.266568,46.9599071],[7.2675192,46.9599362],[7.2684683,46.9599781],[7.2694024,46.9600282],[7.2703419,46.9600853],[7.272445,46.9602184],[7.2729539,46.9602515],[7.2734655,46.9602758],[7.2740258,46.9603037],[7.2745835,46.9603274]]}},{"type":"Feature","properties":{"destination":"Zürich City|Zürich City | St. Gallen;Flughafen;Nordring Zürich| Flughafen;Nordring Zürich| Urdorf Chur","destination:lanes":"Zürich City|Zürich City | St. Gallen;Flughafen;Nordring Zürich| Flughafen;Nordring Zürich| Urdorf Chur","highway":"motorway","int_ref":"E 60","lanes":"5","lit":"no","maxspeed":"100","oneway":"yes","ref":"A1;A3","surface":"asphalt","toll":"yes","turn:lanes":"slight_left|slight_left|slight_right|slight_right|slight_right","carriage_ref":"B"},"geometry":{"type":"LineString","coordinates":[[8.4169899,47.4166461],[8.4179652,47.4161685],[8.4190802,47.4156159]]}},{"type":"Feature","properties":{"highway":"motorway","int_ref":"E 35","lanes":"4","lit":"no","maxspeed":"120","oneway":"yes","ref":"A1;A2","surface":"asphalt","toll":"yes","turn:lanes":"through|through|through|slight_right","carriage_ref":"B"},"geometry":{"type":"LineString","coordinates":[[7.8926362,47.3126539],[7.8933082,47.3125473],[7.8938699,47.312453],[7.894426,47.3123509],[7.8955698,47.3121188]]}},{"type":"Feature","properties":{"bridge":"yes","highway":"motorway","lanes":"2","layer":"1","lit":"no","maxspeed":"120","oneway":"yes","ref":"A1","surface":"asphalt","toll":"yes","turn:lanes":"through|through|merge_to_left","carriage_ref":"A"},"geometry":{"type":"LineString","coordinates":[[8.2234251,47.4175749],[8.2229565,47.4169608],[8.2226582,47.416548],[8.2222923,47.4160341]]}},{"type":"Feature","properties":{"destination:lanes":"Zürich-City;Bern;Chur;Luzern;Flughafen;Nordring-Zürich|Bern;Chur;Luzern;Flughafen;Nordring-Zürich","highway":"motorway","int_ref":"E 41;E 60","lanes":"2","lit":"yes","maxspeed":"100","oneway":"yes","ref":"A1;A4","source:maxspeed":"sign","surface":"asphalt","toll":"yes","carriage_ref":"A"},"geometry":{"type":"LineString","coordinates":[[8.5942069,47.4076911],[8.5935472,47.4077469],[8.5928901,47.4078101],[8.5919075,47.4079279],[8.5913061,47.4080092],[8.5907585,47.40809],[8.5897663,47.4082514],[8.5890744,47.4083768],[8.5883778,47.4085079],[8.5876922,47.4086471],[8.5859562,47.4090347]]}},{"type":"Feature","properties":{"bridge":"yes","highway":"motorway","int_ref":"E 60","lanes":"2","layer":"1","maxspeed":"120","oneway":"yes","ref":"A1","surface":"asphalt","toll":"yes","carriage_ref":"A"},"geometry":{"type":"LineString","coordinates":[[9.1138227,47.4611938],[9.113451,47.4612878]]}},{"type":"Feature","properties":{"highway":"motorway","int_ref":"E 25;E 62","lanes":"2","maxspeed":"120","oneway":"yes","ref":"A1","toll":"yes","carriage_ref":"A"},"geometry":{"type":"LineString","coordinates":[[6.3441348,46.4683657],[6.3433472,46.4681414],[6.3425671,46.4679195],[6.3399153,46.4671605]]}},{"type":"Feature","properties":{"destination":"Zürich","highway":"motorway","int_ref":"E 60","lanes":"3","lit":"no","maxspeed":"120","oneway":"yes","ref":"A1;A3","surface":"asphalt","toll":"yes","carriage_ref":"B"},"geometry":{"type":"LineString","coordinates":[[8.3343692,47.4535817],[8.3346336,47.4534572],[8.3347893,47.4533788],[8.3349418,47.4532988],[8.3351184,47.4532008],[8.3352921,47.4530999],[8.3354647,47.452991],[8.3356336,47.4528803],[8.3357957,47.4527679],[8.3359524,47.4526539],[8.3361121,47.4525279],[8.3363547,47.4523299],[8.3365486,47.4521578],[8.3367419,47.4519688],[8.3369129,47.4517961],[8.3370738,47.4516222],[8.3372219,47.4514501],[8.3373707,47.4512735],[8.3375181,47.4510951],[8.3376584,47.4509147],[8.3377954,47.4507357],[8.3380583,47.45037],[8.3383194,47.4500117],[8.339281,47.4486997],[8.3408711,47.4465312],[8.3421822,47.4447173],[8.3434023,47.4430513],[8.3444698,47.4416003],[8.3446208,47.4413994],[8.3447785,47.4412007],[8.3450186,47.4409097],[8.3452684,47.4406009],[8.3455436,47.440271],[8.3457947,47.4399818],[8.3459916,47.4397668]]}},{"type":"Feature","properties":{"highway":"motorway","int_ref":"E 41;E 60","lanes":"2","lit":"yes","maxspeed":"signals","oneway":"yes","ref":"A1;A4","shoulder:right":"yes","source:maxspeed":"signals","surface":"asphalt","toll":"yes","carriage_ref":"A"},"geometry":{"type":"LineString","coordinates":[[8.5719357,47.4240624],[8.5716466,47.4241482],[8.5714244,47.4241976],[8.5711944,47.424243],[8.5709532,47.4242807],[8.570523,47.4243369],[8.5698422,47.4244172]]}},{"type":"Feature","properties":{"destination":"Bern;Neuchâtel;Yverdon;Vallorbe;Besançon","highway":"motorway","int_ref":"E 23;E 25","lanes":"2","maxspeed":"100","oneway":"yes","ref":"A1","surface":"asphalt","toll":"yes","carriage_ref":"B"},"geometry":{"type":"LineString","coordinates":[[6.5619609,46.5588541],[6.5617329,46.5591335],[6.5614404,46.5596021],[6.5611694,46.5600476],[6.5605975,46.5610481],[6.5600671,46.5620921]]}},{"type":"Feature","properties":{"carriage_ref":"A","highway":"motorway","int_ref":"E 25;E 62","lanes":"3","lit":"no","maxspeed":"signals","oneway":"yes","ref":"A1","source":"Orthophotos du SITG (Système d'Information du Territoire Genevois)","toll":"yes"},"geometry":{"type":"LineString","coordinates":[[6.1013927,46.1587767],[6.1013385,46.1585344],[6.1012588,46.1582246],[6.1012154,46.1580803],[6.1010566,46.1576467]]}},{"type":"Feature","properties":{"highway":"motorway","int_ref":"E 60","lanes":"2","maxspeed":"120","oneway":"yes","ref":"A1","surface":"asphalt","toll":"yes","carriage_ref":"B"},"geometry":{"type":"LineString","coordinates":[[9.12332,47.4568315],[9.1238529,47.4566294],[9.1245854,47.4563774],[9.125418,47.456132],[9.1263293,47.4559081],[9.1279262,47.4555798],[9.1320374,47.4547574],[9.1328148,47.4546026],[9.1328833,47.454589],[9.1377723,47.4536156],[9.142605,47.4526417],[9.1446429,47.4522284],[9.1452044,47.4521128],[9.1457395,47.4520027],[9.1466318,47.4518076],[9.1474381,47.4515966]]}},{"type":"Feature","properties":{"destination":"Zürich;Schaffhausen","highway":"motorway","int_ref":"E 60","lanes":"2","maxspeed":"120","oneway":"yes","ref":"A1","surface":"asphalt","toll":"yes","carriage_ref":"A"},"geometry":{"type":"LineString","coordinates":[[8.7206099,47.523679],[8.7202125,47.523549],[8.7197352,47.5234332],[8.7193347,47.5233481],[8.7185913,47.5232243],[8.718104,47.5231752],[8.7176166,47.5231359],[8.7168526,47.5231152],[8.7163571,47.523128]]}},{"type":"Feature","properties":{"highway":"motorway","int_ref":"E 25","lanes":"3","layer":"-1","lit":"yes","maxspeed":"100","name":"Brünnen","oneway":"yes","ref":"A1","surface":"asphalt","toll":"yes","tunnel":"yes","tunnel:name":"Brünnen","turn:lanes":"||slight_right","carriage_ref":"A"},"geometry":{"type":"LineString","coordinates":[[7.3836213,46.9504484],[7.3831435,46.9498759],[7.3820253,46.948698],[7.3807648,46.9476286],[7.3804453,46.9474038],[7.3800039,46.9471385],[7.3792351,46.9467518],[7.3786794,46.9465063],[7.3779697,46.9462251],[7.3772448,46.9459545],[7.376501,46.9457059],[7.3751816,46.9453072]]}},{"type":"Feature","properties":{"bridge":"yes","highway":"motorway","int_ref":"E 25","layer":"1","maxspeed":"120","oneway":"yes","ref":"A1","surface":"asphalt","toll":"yes","carriage_ref":"A"},"geometry":{"type":"LineString","coordinates":[[6.8450162,46.8273562],[6.8446449,46.8272419],[6.8442725,46.8271339]]}},{"type":"Feature","properties":{"bridge":"yes","highway":"motorway","int_ref":"E 60","lanes":"2","layer":"1","maxspeed":"120","oneway":"yes","ref":"A1","surface":"asphalt","toll":"yes","carriage_ref":"B"},"geometry":{"type":"LineString","coordinates":[[9.275849,47.4166201],[9.2761719,47.4163179]]}},{"type":"Feature","properties":{"highway":"motorway","int_ref":"E 25;E 62","lanes":"2","maxspeed":"120","oneway":"yes","ref":"A1","toll":"yes","carriage_ref":"A"},"geometry":{"type":"LineString","coordinates":[[6.3359416,46.4660188],[6.3334432,46.4652455],[6.3317854,46.4646459],[6.3300822,46.4639627],[6.3287678,46.4633752],[6.3274692,46.4627566],[6.3265618,46.4622755]]}},{"type":"Feature","properties":{"avz":"114","cs_dir:forward":"2","highway":"motorway","int_ref":"E 41;E 60","lanes":"4","maxspeed":"120","oneway":"yes","placement":"middle_of:2","ref":"A1;A4","source:maxspeed":"CH:motorway","ssvz":"751N","surface":"asphalt","toll":"yes","turn:lanes":"none|none|none|merge_to_left","carriage_ref":"A"},"geometry":{"type":"LineString","coordinates":[[8.6452883,47.4237226],[8.6449656,47.4236931],[8.6446605,47.4236559],[8.6441483,47.4235986],[8.6436491,47.4235412]]}},{"type":"Feature","properties":{"highway":"motorway","int_ref":"E 25;E 62","lanes":"2","maxspeed":"100","oneway":"yes","ref":"A1","source":"Orthophotos 2009 du SITG (Système d'Information du Territoire Genevois)","surface":"asphalt","toll":"yes","carriage_ref":"B"},"geometry":{"type":"LineString","coordinates":[[6.1277313,46.2448033],[6.1282216,46.2452119],[6.1283388,46.2453094],[6.1285303,46.2454587],[6.1290241,46.2458316],[6.1295575,46.2462152],[6.1299341,46.2464652],[6.1302874,46.2466825],[6.1307407,46.2469338],[6.131381,46.2472519],[6.1318434,46.2474635],[6.1323739,46.2476894],[6.1332013,46.2480219],[6.1337155,46.2482234],[6.1345973,46.2485698]]}},{"type":"Feature","properties":{"destination":"Aubonne","highway":"motorway","int_ref":"E 25;E 62","lanes":"2","maxspeed":"120","oneway":"yes","ref":"A1","toll":"yes","carriage_ref":"A"},"geometry":{"type":"LineString","coordinates":[[6.4887092,46.5083735],[6.4873352,46.50745],[6.4856794,46.5063877]]}},{"type":"Feature","properties":{"destination":"Meyrin;Vernier","highway":"motorway","int_ref":"E 25;E 62","lanes":"2","maxspeed":"100","oneway":"yes","ref":"A1","toll":"yes","tunnel":"building_passage","carriage_ref":"A"},"geometry":{"type":"LineString","coordinates":[[6.1166431,46.2357812],[6.116198,46.2353846]]}},{"type":"Feature","properties":{"bridge":"yes","highway":"motorway","int_ref":"E 60","lanes":"2","layer":"1","oneway":"yes","ref":"A1","surface":"asphalt","toll":"yes","carriage_ref":"A"},"geometry":{"type":"LineString","coordinates":[[8.9443359,47.4969885],[8.9442172,47.4971213]]}},{"type":"Feature","properties":{"destination:lanes":"Zürich;Rapperswil;Brüttisellen|Zürich;Rapperswil;Brüttisellen|Zürich;Rapperswil;Brüttisellen;Effretikon;Kemptthal","highway":"motorway","int_ref":"E 41;E 60","lanes":"3","maxspeed":"signals","oneway":"yes","ref":"A1;A4","shoulder:right":"yes","surface":"asphalt","toll":"yes","carriage_ref":"A"},"geometry":{"type":"LineString","coordinates":[[8.6987867,47.4489704],[8.6986065,47.4487708],[8.698328,47.4484174]]}},{"type":"Feature","properties":{"destination":"Zürich City | St. Gallen;Flughafen;Nordring Zürich| Flughafen;Nordring Zürich| Urdorf Chur","destination:lanes":"Zürich City | St. Gallen;Flughafen;Nordring Zürich| Flughafen;Nordring Zürich| Urdorf Chur","highway":"motorway","int_ref":"E 60","lanes":"4","lit":"no","maxspeed":"100","oneway":"yes","ref":"A1;A3","surface":"asphalt","toll":"yes","carriage_ref":"B"},"geometry":{"type":"LineString","coordinates":[[8.4150359,47.4175911],[8.4169899,47.4166461]]}},{"type":"Feature","properties":{"bridge":"yes","highway":"motorway","int_ref":"E 41;E 60","lanes":"3","layer":"1","lit":"yes","maxspeed":"100","oneway":"yes","ref":"A1;A4","surface":"asphalt","toll":"yes","carriage_ref":"B"},"geometry":{"type":"LineString","coordinates":[[8.6303019,47.4180125],[8.6309024,47.4184376],[8.6312558,47.4186825],[8.6316471,47.4189403]]}},{"type":"Feature","properties":{"destination:lanes":"St. Gallen|St. Gallen|Herisau;Winkeln","highway":"motorway","int_ref":"E 60","lanes":"3","maxspeed":"120","oneway":"yes","ref":"A1","surface":"asphalt","toll":"yes","carriage_ref":"B"},"geometry":{"type":"LineString","coordinates":[[9.3040728,47.4087427],[9.3048612,47.4089677],[9.3055778,47.4091881],[9.30639,47.4094531]]}},{"type":"Feature","properties":{"highway":"motorway","int_ref":"E 60","lanes":"2","maxspeed":"100","oneway":"yes","ref":"A1","surface":"asphalt","toll":"yes","carriage_ref":"B"},"geometry":{"type":"LineString","coordinates":[[9.3110492,47.4115391],[9.3119866,47.4120806],[9.3128177,47.4126135],[9.3131985,47.4128422]]}},{"type":"Feature","properties":{"bridge":"yes","bridge:name":"Felsenauviadukt","destination:lanes":"Zürich;Basel;Biel/Bienne|Zürich;Basel;Biel/Bienne|Interlaken;Thun;Bern-Ostring|Bern-Wankdorf","highway":"motorway","int_ref":"E 25;E 27","lanes":"4","layer":"2","lit":"no","maxspeed":"80","oneway":"yes","ref":"A1","surface":"asphalt","toll":"yes","carriage_ref":"B"},"geometry":{"type":"LineString","coordinates":[[7.4578736,46.9688431],[7.4580096,46.9688335],[7.4586651,46.9688138],[7.4591473,46.9688171],[7.4595517,46.9688376]]}},{"type":"Feature","properties":{"highway":"motorway","int_ref":"E 60","lanes":"2","maxspeed":"120","oneway":"yes","ref":"A1","surface":"asphalt","toll":"yes","carriage_ref":"B"},"geometry":{"type":"LineString","coordinates":[[9.4558951,47.4686589],[9.4567019,47.4682824],[9.4571451,47.4680584],[9.4579478,47.4676626],[9.4587367,47.4672685],[9.4589766,47.467166],[9.4595643,47.4669279],[9.4602613,47.4666788],[9.4609124,47.466472],[9.4613733,47.4663554],[9.4618501,47.4662366],[9.4626175,47.4660748],[9.4632777,47.4659617],[9.463742,47.4658973],[9.4642617,47.4658425],[9.4647989,47.4657988],[9.4655133,47.4657613],[9.4660065,47.4657517],[9.4664681,47.4657571],[9.4669319,47.4657649],[9.4673128,47.4657843],[9.4676914,47.4658098],[9.4682891,47.4658604],[9.4687694,47.46591],[9.4693754,47.46598],[9.4703886,47.4661098],[9.4712651,47.466236],[9.4717222,47.4663006],[9.472072,47.4663433],[9.4729034,47.4664484],[9.4736744,47.4665338],[9.47428,47.4665862],[9.4748847,47.4666153],[9.4754828,47.4666419],[9.4760819,47.4666439],[9.4767535,47.4666248]]}},{"type":"Feature","properties":{"bridge":"yes","bridge:name":"Felsenauviadukt","highway":"motorway","int_ref":"E 25;E 27","lanes":"4","layer":"2","lit":"no","maxspeed":"80","oneway":"yes","ref":"A1","surface":"asphalt","toll":"yes","turn:lanes":"none|none|none|merge_to_left","carriage_ref":"A"},"geometry":{"type":"LineString","coordinates":[[7.4576359,46.9690005],[7.4572224,46.9690428],[7.4567326,46.9691086]]}},{"type":"Feature","properties":{"destination":"France;Genève-La Praille;Bernex","highway":"motorway","int_ref":"E 25;E 62","lanes":"2","lit":"no","maxspeed":"100","oneway":"yes","ref":"A1","surface":"asphalt","toll":"yes","carriage_ref":"A"},"geometry":{"type":"LineString","coordinates":[[6.1018353,46.2245503],[6.1017067,46.2239151],[6.1015737,46.2233861],[6.101431,46.2227853],[6.1013212,46.2223627],[6.1011831,46.2218954],[6.1010804,46.2215824],[6.1009623,46.2212384]]}},{"type":"Feature","properties":{"highway":"motorway","int_ref":"E 23;E 25","lanes":"2","lit":"no","maxspeed":"120","oneway":"yes","ref":"A1;A9","surface":"asphalt","toll":"yes","carriage_ref":"A"},"geometry":{"type":"LineString","coordinates":[[6.568376,46.6500303],[6.56769990385,46.64910842708],[6.5670025295,46.64819516368],[6.56639635026,46.64737026737],[6.5658672,46.6466805],[6.5651852,46.6456521],[6.5646616,46.6447863],[6.5636941,46.6430245],[6.5631099,46.6417777],[6.5629197,46.6413131],[6.5624437,46.6401069],[6.5620398,46.6389096],[6.5616978,46.6377303],[6.5614356,46.6366303],[6.5613231,46.6360974],[6.5612247,46.6355604],[6.5611206,46.634905],[6.5610415,46.6342998],[6.5609397,46.6332975],[6.5608896,46.6325033],[6.5608576,46.6315887],[6.5608478,46.630359],[6.5608467,46.6291047],[6.5608322,46.6278812],[6.5607736,46.626555]]}},{"type":"Feature","properties":{"highway":"motorway","int_ref":"E 25;E 62","lanes":"3","lit":"no","maxspeed":"100","oneway":"yes","ref":"A1","toll":"yes","carriage_ref":"A"},"geometry":{"type":"LineString","coordinates":[[6.0786327,46.1914367],[6.0788111,46.1910047]]}},{"type":"Feature","properties":{"highway":"motorway","int_ref":"E 60","lanes":"3","layer":"-1","lit":"yes","maxspeed":"100","oneway":"yes","ref":"A1;A3","surface":"asphalt","toll":"yes","tunnel":"yes","tunnel:name":"Neuenhof Überdachung","carriage_ref":"A"},"geometry":{"type":"LineString","coordinates":[[8.3213034,47.4547097],[8.3207388,47.4546896],[8.3203981,47.4546715],[8.3200581,47.4546431]]}},{"type":"Feature","properties":{"avz":"97","cs_dir:forward":"1","destination":"Zürich","highway":"motorway","int_ref":"E 60","lanes":"4","lit":"yes","maxspeed":"100","oneway":"yes","ref":"A1;A3","ssvz":"971N","surface":"asphalt","toll":"3","turn:lanes":"through|through|through|right","carriage_ref":"B"},"geometry":{"type":"LineString","coordinates":[[8.3075623,47.4563615],[8.3079348,47.4557564],[8.308128,47.4554547],[8.308329,47.4551634],[8.3084605,47.4549894],[8.3085917,47.4548151],[8.3087606,47.4546238],[8.3089268,47.4544567],[8.3091086,47.4542973],[8.3092983,47.4541432],[8.3095124,47.4539894],[8.309723,47.4538569],[8.3098774,47.4537703],[8.3100559,47.4536769]]}},{"type":"Feature","properties":{"hazmat:water":"permissive","highway":"motorway","int_ref":"E 41;E 60","lanes":"2","maxspeed":"100","oneway":"yes","overtaking:hgv":"no","ref":"A1;A4","shoulder:right":"yes","source:maxspeed":"sign","surface":"asphalt","toll":"yes","carriage_ref":"A"},"geometry":{"type":"LineString","coordinates":[[8.6866917,47.5088185],[8.6866489,47.5086374],[8.6865837,47.5083773],[8.6865616,47.508216],[8.6865387,47.5080528],[8.6865191,47.5078878],[8.6865109,47.5077268],[8.6865111,47.5074888],[8.6865137,47.507252],[8.6865208,47.5070737],[8.686532,47.5068923],[8.6865539,47.5067063],[8.6865869,47.5065063]]}},{"type":"Feature","properties":{"highway":"motorway","int_ref":"E 25;E 62","lanes":"3","maxspeed":"100","oneway":"yes","ref":"A1","toll":"yes","tunnel":"building_passage","carriage_ref":"A"},"geometry":{"type":"LineString","coordinates":[[6.1181368,46.2370902],[6.1166431,46.2357812]]}},{"type":"Feature","properties":{"highway":"motorway","int_ref":"E 60","lanes":"3","maxspeed":"120","oneway":"yes","ref":"A1","surface":"asphalt","toll":"yes","carriage_ref":"B"},"geometry":{"type":"LineString","coordinates":[[9.1561983,47.4470472],[9.1581354,47.4458286],[9.1591441,47.4451848],[9.1604593,47.4443997],[9.1617073,47.4437198],[9.1632674,47.4429754],[9.164191,47.4425899],[9.1650964,47.4422289],[9.1673863,47.4413982],[9.1715216,47.4398973],[9.1752491,47.4385565],[9.1790391,47.4371736],[9.1825387,47.4359194],[9.1835911,47.4355601],[9.1846179,47.4352317]]}},{"type":"Feature","properties":{"highway":"motorway","int_ref":"E 25","lanes":"2","maxspeed":"120","oneway":"yes","ref":"A1","surface":"asphalt","toll":"yes","carriage_ref":"B"},"geometry":{"type":"LineString","coordinates":[[7.0904706,46.9039051],[7.0912862,46.9042797],[7.0919955,46.9046152],[7.0925729,46.9048973],[7.093144,46.9051914],[7.0935161,46.905389],[7.0938927,46.9055977],[7.0942595,46.9058074],[7.0946189,46.9060217],[7.0949699,46.906238],[7.0956678,46.9066831],[7.0963569,46.9071344],[7.0966997,46.9073556],[7.0970393,46.9075694],[7.0973909,46.9077869],[7.0977449,46.9079935],[7.0981022,46.9081948],[7.0984802,46.9083961],[7.0988555,46.9085894],[7.0990701,46.9086951],[7.0992885,46.9087993],[7.0996315,46.908958],[7.1000245,46.9091322],[7.1002814,46.9092422],[7.1004696,46.9093203],[7.1007128,46.9094184],[7.1009665,46.9095168]]}},{"type":"Feature","properties":{"avz":"214","cs_dir:forward":"1","highway":"motorway","int_ref":"E 25","lanes":"3","lit":"no","maxspeed":"100","oneway":"yes","ref":"A1","toll":"yes","turn:lanes":"||merge_to_left","carriage_ref":"B"},"geometry":{"type":"LineString","coordinates":[[7.3837497,46.9504033],[7.3840242,46.950817]]}},{"type":"Feature","properties":{"highway":"motorway","int_ref":"E 60","lanes":"3","maxspeed":"120","oneway":"yes","placement":"right_of:1","ref":"A1","shoulder:right":"yes","source:maxspeed":"CH:motorway","surface":"asphalt","toll":"yes","turn:lanes":"||merge_to_left","carriage_ref":"A"},"geometry":{"type":"LineString","coordinates":[[9.5739959,47.4803444],[9.5736859,47.4802698],[9.5732987,47.4801662],[9.572926,47.4800532]]}},{"type":"Feature","properties":{"highway":"motorway","int_ref":"E 41;E 60","lanes":"2","maxspeed":"100","oneway":"yes","overtaking:hgv":"no","ref":"A1;A4","source:maxspeed":"sign","surface":"asphalt","toll":"yes","carriage_ref":"B"},"geometry":{"type":"LineString","coordinates":[[8.6895918,47.5130287],[8.6897135,47.5131527],[8.6899014,47.5133361],[8.6900889,47.5135152],[8.6902801,47.5136953],[8.6904742,47.5138744],[8.6908956,47.5142515],[8.6911271,47.5144537],[8.6914024,47.5146796]]}},{"type":"Feature","properties":{"highway":"motorway","int_ref":"E 41;E 60","lanes":"4","maxspeed":"120","oneway":"yes","placement":"middle_of:2","ref":"A1;A4","source:maxspeed":"CH:motorway","surface":"asphalt","toll":"yes","turn:lanes":"|||slight_right","carriage_ref":"B"},"geometry":{"type":"LineString","coordinates":[[8.6906104,47.4415027],[8.6912557,47.441807],[8.6918918,47.4421211]]}},{"type":"Feature","properties":{"change:lanes":"yes|yes|not_right|yes","highway":"motorway","int_ref":"E 60","lanes":"4","maxspeed":"100","oneway":"yes","placement":"middle_of:2","ref":"A1","surface":"asphalt","toll":"yes","turn:lanes":"merge_to_right|||","carriage_ref":"B"},"geometry":{"type":"LineString","coordinates":[[8.7019485,47.5239583],[8.7021939,47.5240653],[8.7023969,47.5241468],[8.7026144,47.5242277],[8.7028282,47.5243014],[8.7030438,47.5243711],[8.7032932,47.5244489]]}},{"type":"Feature","properties":{"bridge":"yes","change:lanes":"not_left|not_left|not_right","highway":"motorway","int_ref":"E 41;E 60","lanes":"3","layer":"1","lit":"yes","maxspeed":"signals","oneway":"yes","placement":"right_of:2","ref":"A1;A4","shoulder:left":"yes","source:maxspeed":"signals","surface":"asphalt","toll":"yes","carriage_ref":"A"},"geometry":{"type":"LineString","coordinates":[[8.5744812,47.4164287],[8.5744568,47.4169216]]}},{"type":"Feature","properties":{"highway":"motorway","int_ref":"E 35","lanes":"3","lit":"no","maxspeed":"120","oneway":"yes","ref":"A1;A2","surface":"asphalt","toll":"yes","carriage_ref":"B"},"geometry":{"type":"LineString","coordinates":[[7.8875156,47.3131154],[7.8884613,47.3130684],[7.8889196,47.3130423],[7.8893439,47.313015]]}},{"type":"Feature","properties":{"highway":"motorway","int_ref":"E 25;E 62","lanes":"2","maxspeed":"120","oneway":"yes","ref":"A1","toll":"yes","carriage_ref":"A"},"geometry":{"type":"LineString","coordinates":[[6.3678342,46.4740587],[6.3650626,46.4736687],[6.3630464,46.4733464],[6.3610321,46.4729594]]}},{"type":"Feature","properties":{"avz":"93","change:lanes":"not_left|not_right|no","cs_dir:forward":"2","highway":"motorway","int_ref":"E 41;E 60","lanes":"3","lit":"yes","maxspeed":"100","oneway":"yes","placement":"right_of:1","ref":"A1;A4","shoulder:right":"yes","source:maxspeed":"sign","ssvz":"700N","surface":"asphalt","toll":"yes","carriage_ref":"A"},"geometry":{"type":"LineString","coordinates":[[8.6985761,47.521684],[8.6982563,47.5213217]]}},{"type":"Feature","properties":{"bridge":"yes","highway":"motorway","int_ref":"E 60","lanes":"2","layer":"1","maxspeed":"120","oneway":"yes","ref":"A1","surface":"asphalt","toll":"yes","carriage_ref":"B"},"geometry":{"type":"LineString","coordinates":[[9.4452974,47.4694197],[9.4456264,47.4695242],[9.4459217,47.4696075]]}},{"type":"Feature","properties":{"highway":"motorway","int_ref":"E 60","lanes":"4","maxspeed":"100","oneway":"yes","ref":"A1","surface":"asphalt","toll":"yes","turn:lanes":"none|none|none|merge_to_left","carriage_ref":"B"},"geometry":{"type":"LineString","coordinates":[[9.3151003,47.4140311],[9.3159746,47.4145121],[9.3164782,47.4147949],[9.3167452,47.4149292]]}},{"type":"Feature","properties":{"highway":"motorway","int_ref":"E 25","lanes":"2","maxspeed":"120","oneway":"yes","ref":"A1","surface":"asphalt","toll":"yes","carriage_ref":"A"},"geometry":{"type":"LineString","coordinates":[[6.7215277,46.7756642],[6.7210883,46.7755477],[6.7206467,46.7754256],[6.7202054,46.7752982],[6.719769,46.7751671],[6.7193516,46.775036],[6.7189525,46.7749051],[6.7185302,46.77476],[6.7181098,46.7746066],[6.7177007,46.7744526],[6.7172892,46.7742922],[6.7168927,46.7741293],[6.716497,46.7739608],[6.7160593,46.7737674]]}},{"type":"Feature","properties":{"highway":"motorway","int_ref":"E 25","lanes":"2","layer":"-1","maxspeed":"100","name":"Frasses","oneway":"yes","ref":"A1","surface":"asphalt","toll":"yes","tunnel":"yes","tunnel:name":"Frasses","carriage_ref":"B"},"geometry":{"type":"LineString","coordinates":[[6.8545016,46.8309327],[6.8557007,46.8313368],[6.856952,46.8317067],[6.8588142,46.8322165],[6.8601283,46.8324841]]}},{"type":"Feature","properties":{"destination":"Zürich","highway":"motorway","int_ref":"E 60","lanes":"3","lit":"yes","maxspeed":"100","oneway":"yes","ref":"A1;A3","surface":"asphalt","toll":"yes","carriage_ref":"B"},"geometry":{"type":"LineString","coordinates":[[8.3100559,47.4536769],[8.310547,47.4534767],[8.3108045,47.453382],[8.3110713,47.4532935]]}},{"type":"Feature","properties":{"bridge":"yes","highway":"motorway","int_ref":"E 60","lanes":"2","layer":"1","maxspeed":"120","oneway":"yes","ref":"A1","surface":"asphalt","toll":"yes","carriage_ref":"B"},"geometry":{"type":"LineString","coordinates":[[9.224488,47.4238478],[9.2255643,47.42364],[9.2264429,47.4235085],[9.2273219,47.4234294],[9.228465,47.4233708]]}},{"type":"Feature","properties":{"destination":"Interlaken;Thun|Interlaken;Thun;Lausanne;Fribourg|Lausanne;Fribourg","highway":"motorway","int_ref":"E 25;E 27","lanes":"3","maxspeed":"80","oneway":"yes","ref":"A1;A6","surface":"asphalt","toll":"yes","carriage_ref":"A"},"geometry":{"type":"LineString","coordinates":[[7.4666109,46.9810679],[7.466636,46.9808953],[7.4666657,46.9807255],[7.4667028,46.9805525],[7.4667436,46.980386],[7.4667897,46.9802144],[7.466884,46.9799073],[7.4670119,46.9795605],[7.4671728,46.9791969]]}},{"type":"Feature","properties":{"bridge":"yes","highway":"motorway","int_ref":"E 25;E 62","lanes":"2","layer":"1","maxspeed":"120","oneway":"yes","ref":"A1","toll":"yes","carriage_ref":"A"},"geometry":{"type":"LineString","coordinates":[[6.4700544,46.4985297],[6.4689942,46.4981117],[6.4679496,46.4977218],[6.4669982,46.497372]]}},{"type":"Feature","properties":{"bridge":"yes","highway":"motorway","int_ref":"E 41;E 60","lanes":"2","layer":"1","lit":"yes","maxspeed":"signals","oneway":"yes","ref":"A1;A4","shoulder:right":"yes","source:maxspeed":"signals","surface":"asphalt","toll":"yes","carriage_ref":"A"},"geometry":{"type":"LineString","coordinates":[[8.5750942,47.4129183],[8.5750276,47.4130661],[8.574971,47.4132152],[8.5748973,47.4134125]]}},{"type":"Feature","properties":{"highway":"motorway","int_ref":"E 25;E 62","lanes":"2","maxspeed":"120","oneway":"yes","ref":"A1","toll":"yes","carriage_ref":"B"},"geometry":{"type":"LineString","coordinates":[[6.413585,46.4768628],[6.4149474,46.4767554],[6.4162329,46.4767068],[6.4175071,46.4766976],[6.4188986,46.4767355],[6.420146,46.4768224],[6.4214836,46.4769599],[6.4227309,46.4771253],[6.4240391,46.4773432],[6.4253262,46.4776194],[6.42628,46.4778554]]}},{"type":"Feature","properties":{"bridge":"yes","highway":"motorway","int_ref":"E 25","lanes":"3","layer":"1","maxspeed":"100","oneway":"yes","ref":"A1","surface":"asphalt","toll":"yes","turn:lanes":"none|none|merge_to_left","carriage_ref":"B"},"geometry":{"type":"LineString","coordinates":[[7.4965588,47.0131627],[7.4965144,47.0134875]]}},{"type":"Feature","properties":{"avz":"639","cs_dir:forward":"2","highway":"motorway","int_ref":"E 41;E 60","lanes":"2","maxspeed":"100","oneway":"yes","overtaking:hgv":"no","ref":"A1;A4","shoulder:right":"yes","source:maxspeed":"sign","surface":"asphalt","toll":"yes","carriage_ref":"A"},"geometry":{"type":"LineString","coordinates":[[8.6931478,47.4987905],[8.6937793,47.4979813],[8.6939373,47.4977823],[8.6940506,47.497638],[8.694167,47.497501],[8.6942344,47.4974252],[8.6944287,47.4972143]]}},{"type":"Feature","properties":{"bridge":"yes","highway":"motorway","int_ref":"E 25","lanes":"3","layer":"2","maxspeed":"120","oneway":"yes","ref":"A1","surface":"asphalt","toll":"yes","turn:lanes":"through|through|slight_right","carriage_ref":"B"},"geometry":{"type":"LineString","coordinates":[[7.600598,47.2101638],[7.6006913,47.2106136]]}},{"type":"Feature","properties":{"bicycle":"no","bridge":"yes","foot":"no","highway":"motorway","lanes":"2","layer":"1","lit":"no","maxspeed":"120","oneway":"yes","ref":"A1","surface":"asphalt","toll":"yes","carriage_ref":"B"},"geometry":{"type":"LineString","coordinates":[[8.1112559,47.3823041],[8.1114556,47.3825463]]}},{"type":"Feature","properties":{"destination:int_ref:lanes":"E 60|","destination:lanes":"Zürich;Herisau;St. Gallen - Winkeln|Zürich;Herisau;St. Gallen - Winkeln","destination:ref:lanes":"A 1|","highway":"motorway","int_ref":"E 60","lanes":"2","maxspeed":"100","oneway":"yes","ref":"A1","surface":"asphalt","toll":"yes","carriage_ref":"A"},"geometry":{"type":"LineString","coordinates":[[9.3647298,47.4304073],[9.3644649,47.4302996],[9.3642307,47.4301998],[9.3639038,47.4300558],[9.3635611,47.4298976],[9.3631795,47.4297181],[9.3625928,47.4294313],[9.3618651,47.4290666],[9.3613676,47.4288199],[9.3604078,47.428345],[9.359732,47.4280072],[9.3590065,47.4276434],[9.3584812,47.4273872],[9.3582551,47.4272794]]}},{"type":"Feature","properties":{"bridge":"yes","highway":"motorway","int_ref":"E 25","lanes":"2","layer":"1","maxspeed":"120","oneway":"yes","ref":"A1","surface":"asphalt","toll":"yes","carriage_ref":"B"},"geometry":{"type":"LineString","coordinates":[[7.0155203,46.8791692],[7.0161441,46.8793078]]}},{"type":"Feature","properties":{"bridge":"yes","highway":"motorway","int_ref":"E 25;E 62","lanes":"2","layer":"1","maxspeed":"80","oneway":"yes","ref":"A1","surface":"asphalt","toll":"yes","carriage_ref":"B"},"geometry":{"type":"LineString","coordinates":[[6.5676693,46.5415981],[6.5677376,46.5417667],[6.5678136,46.5419652],[6.5680564,46.542886],[6.5681553,46.5431619],[6.5682105,46.543308]]}},{"type":"Feature","properties":{"bicycle":"no","foot":"no","highway":"motorway","horse":"no","int_ref":"E 25","lanes":"2","lit":"no","maxspeed":"100","oneway":"yes","ref":"A1","sidewalk":"no","surface":"asphalt","toll":"yes","carriage_ref":"A"},"geometry":{"type":"LineString","coordinates":[[6.6451569,46.7622219],[6.6449054,46.7621936],[6.6447148,46.76217],[6.6444778,46.7621338],[6.6442254,46.7620886],[6.6439934,46.7620395],[6.6437732,46.7619887],[6.643555,46.7619347],[6.6433806,46.7618863],[6.6432089,46.7618355],[6.6430338,46.7617789],[6.6428595,46.7617194],[6.6426554,46.7616432],[6.6424651,46.7615665],[6.6422741,46.7614834],[6.6420307,46.7613684],[6.6418728,46.7612871],[6.6417174,46.7612023],[6.6415848,46.7611261]]}},{"type":"Feature","properties":{"highway":"motorway","lanes":"2","lit":"no","maxspeed":"120","oneway":"yes","ref":"A1","surface":"asphalt","toll":"yes","carriage_ref":"A"},"geometry":{"type":"LineString","coordinates":[[8.0058229,47.3231351],[8.0055392,47.3232031],[8.0052924,47.3232591],[8.005044,47.3233138],[8.0045944,47.3234045],[8.0041396,47.323487],[8.0036728,47.3235598],[8.0032134,47.3236226],[8.0027479,47.3236757],[8.0022554,47.323714],[8.0017887,47.3237403],[8.0013002,47.3237565],[8.0008193,47.3237606],[8.0003566,47.3237519],[7.9998906,47.3237353],[7.9994183,47.323703],[7.9989439,47.3236629],[7.9984806,47.3236134],[7.9979991,47.3235547],[7.9975505,47.3234931],[7.9970865,47.3234281],[7.994774,47.3230893],[7.9943394,47.3230345],[7.9938583,47.3229821],[7.9933753,47.3229396],[7.9929074,47.3229117],[7.9924384,47.3228933],[7.9919682,47.3228873],[7.9914995,47.3228923],[7.9910341,47.3229077],[7.9905682,47.3229321],[7.9901002,47.3229733],[7.9896335,47.3230256],[7.9891685,47.3230819],[7.9887037,47.3231415],[7.9882426,47.3232065],[7.9877822,47.3232742],[7.9868693,47.3234079],[7.9864001,47.3234746],[7.9859264,47.3235345],[7.9854669,47.3235913],[7.9850047,47.3236448],[7.9845314,47.3236912],[7.9840542,47.3237272],[7.9835824,47.3237561],[7.9831099,47.323779],[7.9826322,47.3237942],[7.9821534,47.3238014],[7.9816852,47.3238006],[7.9812167,47.3237926],[7.980741,47.3237763],[7.9802652,47.3237505],[7.9797951,47.3237186],[7.9793265,47.323679],[7.9788534,47.323634],[7.9783803,47.3235853],[7.9779165,47.3235304],[7.9774549,47.3234667],[7.9767589,47.3233696],[7.9760694,47.3232733],[7.9749204,47.3230926],[7.9723884,47.3227005],[7.9669213,47.3218568],[7.9640831,47.3214152],[7.9631071,47.3212637],[7.9621323,47.3211074],[7.9611628,47.3209407],[7.9601939,47.3207689],[7.9591721,47.3205695],[7.9586633,47.3204638],[7.9581559,47.3203558],[7.9573729,47.3201758],[7.9569838,47.3200836],[7.9565956,47.3199889],[7.9562606,47.3199057],[7.9559277,47.3198194],[7.9555919,47.3197341],[7.9552601,47.3196433],[7.9547426,47.3194982],[7.9542282,47.3193514],[7.9537141,47.3191999],[7.9532021,47.3190449],[7.9527956,47.3189184],[7.9523903,47.3187911],[7.9519885,47.3186617],[7.9515874,47.318531],[7.9507442,47.318253],[7.9499012,47.3179735],[7.9481911,47.3174137],[7.946485,47.3168483],[7.9453019,47.3164583],[7.9441208,47.3160653],[7.943488,47.3158475]]}},{"type":"Feature","properties":{"highway":"motorway","int_ref":"E 60","lanes":"2","maxspeed":"120","oneway":"yes","ref":"A1","surface":"asphalt","toll":"yes","carriage_ref":"B"},"geometry":{"type":"LineString","coordinates":[[9.0566322,47.4542065],[9.0578778,47.4543464],[9.0585779,47.4544351],[9.0590738,47.454498],[9.0610644,47.4547831],[9.0622305,47.4549626],[9.0633025,47.4551301],[9.0657708,47.4555429]]}},{"type":"Feature","properties":{"highway":"motorway","int_ref":"E 25;E 27","lanes":"3","maxspeed":"100","oneway":"yes","ref":"A1;A6","surface":"asphalt","toll":"yes","carriage_ref":"A"},"geometry":{"type":"LineString","coordinates":[[7.471522,46.9881641],[7.4712373,46.988025],[7.4710619,46.9879337],[7.4708859,46.9878408],[7.4707253,46.9877509],[7.4705746,46.9876628],[7.4704273,46.9875764],[7.470285,46.9874864],[7.4700595,46.9873429],[7.4698378,46.9871934],[7.469621,46.987037],[7.4694219,46.9868862],[7.4692758,46.9867712],[7.469149,46.9866669],[7.4689906,46.986532],[7.4688404,46.9863984],[7.4687118,46.9862801],[7.4685801,46.9861519],[7.4684372,46.9860069],[7.4682983,46.9858591],[7.4681735,46.9857207],[7.4680562,46.9855819]]}},{"type":"Feature","properties":{"bridge":"yes","highway":"motorway","int_ref":"E 25;E 62","lanes":"2","layer":"1","maxspeed":"signals","maxspeed:variable":"peak_traffic","oneway":"yes","ref":"A1","toll":"yes","carriage_ref":"B"},"geometry":{"type":"LineString","coordinates":[[6.520078,46.5234635],[6.5203177,46.5235582]]}},{"type":"Feature","properties":{"highway":"motorway","int_ref":"E 25","lanes":"2","layer":"-1","maxspeed":"100","oneway":"yes","ref":"A1","surface":"asphalt","toll":"yes","carriage_ref":"A"},"geometry":{"type":"LineString","coordinates":[[7.1295372,46.921612],[7.1290765,46.9207075],[7.1289129,46.9204076],[7.1287403,46.9201035],[7.128561,46.919813],[7.1283831,46.9195447],[7.1282699,46.9193841],[7.1281513,46.9192267],[7.1279347,46.91896],[7.1276879,46.9186831],[7.1274163,46.918411],[7.1271315,46.9181418],[7.1269189,46.9179572],[7.1267093,46.9177857],[7.1264493,46.9175802]]}},{"type":"Feature","properties":{"change:lanes":"yes|yes|not_right|yes","destination":"Sankt Gallen;Kreuzlingen;Winterthur-Ohringen","highway":"motorway","int_ref":"E 60","lanes":"4","maxspeed":"100","oneway":"yes","placement":"middle_of:2","ref":"A1","surface":"asphalt","toll":"yes","carriage_ref":"B"},"geometry":{"type":"LineString","coordinates":[[8.7004139,47.5231241],[8.7005537,47.5232168],[8.7006987,47.5233079],[8.7009074,47.5234339],[8.7011769,47.5235874]]}},{"type":"Feature","properties":{"highway":"motorway","int_ref":"E 25","lanes":"2","maxspeed":"120","oneway":"yes","ref":"A1","surface":"asphalt","toll":"yes","carriage_ref":"A"},"geometry":{"type":"LineString","coordinates":[[7.5511137,47.058994],[7.5501424,47.0586487],[7.5493373,47.0583521],[7.5484867,47.0580325],[7.5476423,47.057705],[7.5469551,47.0574306],[7.5462349,47.05713],[7.5455953,47.0568565],[7.5449929,47.0565951],[7.5443936,47.0563276],[7.5437061,47.0560153],[7.5430887,47.0557249],[7.5425302,47.0554535],[7.5419532,47.0551725],[7.5413955,47.0548887],[7.540821,47.0545924],[7.5402482,47.0542808],[7.5397116,47.0539772],[7.5391754,47.053656],[7.538647,47.0533302],[7.5381243,47.0529922],[7.5376245,47.0526546],[7.5371307,47.052313],[7.5366358,47.0519562],[7.5360995,47.0515566],[7.5356995,47.0512504],[7.5353675,47.0509858],[7.5349496,47.0506423],[7.534625,47.050365],[7.5343437,47.0501149],[7.5340557,47.0498671],[7.5337705,47.0496064],[7.533494,47.0493501],[7.5330799,47.0489441],[7.5327799,47.0486449],[7.5323455,47.0481938],[7.5320116,47.0478314],[7.5317585,47.0475477],[7.5315095,47.0472674],[7.5312732,47.0469872],[7.5311293,47.0468154],[7.5308795,47.0464956],[7.5306375,47.0461661],[7.5305466,47.0460375],[7.5304581,47.0459062],[7.5303712,47.0457737],[7.5302882,47.0456425],[7.5302003,47.0454975],[7.5301132,47.04535],[7.5300303,47.0452013],[7.529948,47.0450515],[7.5298708,47.0449041],[7.5298,47.0447544],[7.5297246,47.0445944],[7.5296528,47.0444313],[7.5295866,47.0442823],[7.5295278,47.0441344],[7.5294687,47.0439831],[7.5294127,47.0438338],[7.5293578,47.0436699],[7.5293037,47.0435025],[7.5292075,47.0431707],[7.5291304,47.0428524],[7.5290629,47.0425336],[7.5290351,47.0423721],[7.529011,47.0422106],[7.5289653,47.041898],[7.5289111,47.0414364],[7.5288714,47.0410035],[7.5288462,47.0406713],[7.5288264,47.0403385],[7.5288027,47.0399589],[7.5287803,47.0395833],[7.5287622,47.0392629],[7.5287293,47.038818]]}},{"type":"Feature","properties":{"bridge":"yes","highway":"motorway","int_ref":"E 25;E 62","lanes":"2","layer":"1","maxspeed":"120","oneway":"yes","ref":"A1","toll":"yes","carriage_ref":"B"},"geometry":{"type":"LineString","coordinates":[[6.2042726,46.3865276],[6.204392,46.3867881]]}},{"type":"Feature","properties":{"bridge":"yes","highway":"motorway","int_ref":"E 25;E 62","lanes":"2","layer":"1","maxspeed":"80","oneway":"yes","ref":"A1","surface":"asphalt","toll":"yes","carriage_ref":"B"},"geometry":{"type":"LineString","coordinates":[[6.136398,46.2561615],[6.1362395,46.2562884]]}},{"type":"Feature","properties":{"bridge":"yes","highway":"motorway","int_ref":"E 60","lanes":"2","layer":"1","maxspeed":"120","oneway":"yes","ref":"A1","shoulder:right":"yes","source:maxspeed":"CH:motorway","surface":"asphalt","toll":"yes","carriage_ref":"A"},"geometry":{"type":"LineString","coordinates":[[9.5892696,47.4706115],[9.5891764,47.4707653]]}},{"type":"Feature","properties":{"highway":"motorway","int_ref":"E 60","lanes":"4","lit":"yes","maxspeed":"100","oneway":"yes","ref":"A1","surface":"asphalt","toll":"yes","carriage_ref":"A"},"geometry":{"type":"LineString","coordinates":[[8.4254228,47.4128948],[8.4246509,47.4131948],[8.4229247,47.4139735]]}},{"type":"Feature","properties":{"highway":"motorway","int_ref":"E 25","lanes":"2","maxspeed":"100","oneway":"yes","ref":"A1","surface":"asphalt","toll":"yes","carriage_ref":"A"},"geometry":{"type":"LineString","coordinates":[[6.854088,46.8308907],[6.8533604,46.8305945],[6.8529551,46.8304271],[6.8525544,46.8302536],[6.8519888,46.8300088]]}},{"type":"Feature","properties":{"bridge":"yes","highway":"motorway","int_ref":"E 25","lanes":"2","layer":"1","maxspeed":"120","oneway":"yes","ref":"A1","surface":"asphalt","toll":"yes","carriage_ref":"A"},"geometry":{"type":"LineString","coordinates":[[7.0257324,46.8823301],[7.0251307,46.8821017]]}},{"type":"Feature","properties":{"highway":"motorway","int_ref":"E 41;E 60","lanes":"3","lit":"no","maxspeed":"100","oneway":"yes","overtaking:hgv":"no","ref":"A1;A4","source:maxspeed":"sign","surface":"asphalt","toll":"yes","carriage_ref":"B"},"geometry":{"type":"LineString","coordinates":[[8.5544018,47.4281975],[8.5547154,47.4280321],[8.55564,47.4275717],[8.5560763,47.4273695]]}},{"type":"Feature","properties":{"avz":"222","cs_dir:forward":"2","highway":"motorway","int_ref":"E 25","lanes":"2","maxspeed":"120","oneway":"yes","ref":"A1","ssvz":"1003N","surface":"asphalt","toll":"yes","carriage_ref":"A"},"geometry":{"type":"LineString","coordinates":[[6.9403113,46.8513957],[6.9321627,46.8449171],[6.9189599,46.8344141]]}},{"type":"Feature","properties":{"avz":"43","cs_dir:forward":"2","highway":"motorway","int_ref":"E 25;E 62","lanes":"2","maxspeed":"signals","maxspeed:variable":"peak_traffic","oneway":"yes","ref":"A1","ssvz":"5N","toll":"yes","carriage_ref":"A"},"geometry":{"type":"LineString","coordinates":[[6.5433272,46.5306609],[6.5423153,46.5301843],[6.5417922,46.5299581]]}},{"type":"Feature","properties":{"carriage_ref":"A","highway":"motorway","int_ref":"E 25;E 62","lanes":"4","lit":"no","maxspeed":"100","oneway":"yes","ref":"A1","source":"Orthophotos du SITG (Système d'Information du Territoire Genevois)","toll":"yes"},"geometry":{"type":"LineString","coordinates":[[6.0930404,46.1703755],[6.0960995,46.1676664]]}},{"type":"Feature","properties":{"highway":"motorway","int_ref":"E 25;E 62","lanes":"2","maxspeed":"signals","oneway":"yes","ref":"A1","toll":"yes","carriage_ref":"B"},"geometry":{"type":"LineString","coordinates":[[6.1441438,46.282188],[6.1443855,46.2828109]]}},{"type":"Feature","properties":{"highway":"motorway","int_ref":"E 41;E 60","lanes":"3","maxspeed":"120","oneway":"yes","ref":"A1;A4","source:maxspeed":"CH:motorway","surface":"asphalt","toll":"yes","carriage_ref":"A"},"geometry":{"type":"LineString","coordinates":[[8.6646422,47.4221727],[8.6642883,47.4221669],[8.6639735,47.4221714],[8.6635536,47.4221827],[8.6631317,47.4222022],[8.662596,47.4222372],[8.6620658,47.4222815],[8.6615524,47.4223285],[8.661065,47.4223789],[8.6605113,47.4224447],[8.6599713,47.4225181],[8.6593424,47.422606],[8.6587286,47.4226985],[8.657477,47.4228977],[8.6560129,47.4231388],[8.6551749,47.4232761],[8.6544799,47.4233783],[8.6539824,47.4234513],[8.653492,47.423517],[8.6529781,47.4235808],[8.6527401,47.4236087],[8.6525021,47.4236352],[8.6522396,47.4236642],[8.6519842,47.4236893],[8.6514644,47.4237376],[8.6512203,47.4237578],[8.6509738,47.4237765],[8.6504563,47.4238093],[8.6499671,47.4238334],[8.6497115,47.4238444],[8.6494531,47.4238532],[8.6490135,47.4238612],[8.648592,47.4238665],[8.6482549,47.4238655],[8.6479171,47.4238602],[8.6476673,47.4238543],[8.6474213,47.4238473],[8.6471701,47.42384],[8.6469172,47.4238297],[8.6464031,47.4237999],[8.646118,47.4237813],[8.645831,47.4237616],[8.6452883,47.4237226]]}},{"type":"Feature","properties":{"bridge":"yes","highway":"motorway","int_ref":"E 25;E 62","lanes":"3","layer":"1","maxspeed":"120","oneway":"yes","ref":"A1","toll":"yes","carriage_ref":"A"},"geometry":{"type":"LineString","coordinates":[[6.4083305,46.4776788],[6.4068078,46.477833],[6.4052434,46.477948]]}},{"type":"Feature","properties":{"highway":"motorway","int_ref":"E 60","lanes":"3","lit":"no","maxspeed":"100","oneway":"yes","ref":"A1;A3","signals":"maxspeed=signals","surface":"asphalt","toll":"yes","carriage_ref":"A"},"geometry":{"type":"LineString","coordinates":[[8.2736271,47.4564886],[8.2732514,47.4563436],[8.2728406,47.4561751],[8.2724471,47.4559986],[8.2720432,47.4558232],[8.2716422,47.4556467],[8.2712556,47.4554615],[8.2708772,47.4552762],[8.2704936,47.4550866],[8.2701136,47.4548935],[8.2697357,47.4546991],[8.2687887,47.4542179],[8.2684061,47.4540289],[8.2680263,47.4538412],[8.2675861,47.4536302],[8.2671383,47.4534285]]}},{"type":"Feature","properties":{"highway":"motorway","int_ref":"E 25","lanes":"2","maxspeed":"120","oneway":"yes","ref":"A1","surface":"asphalt","toll":"yes","carriage_ref":"A"},"geometry":{"type":"LineString","coordinates":[[7.1917404,46.9615665],[7.190851,46.9618628],[7.1904112,46.9620027],[7.189959,46.9621401],[7.1895191,46.9622635],[7.1890788,46.9623881],[7.1886198,46.9625031],[7.1881871,46.9626064],[7.187871,46.9626744],[7.1874906,46.9627417],[7.187027,46.9628166],[7.1865584,46.9628773],[7.1860924,46.9629269],[7.1856221,46.962963],[7.1851362,46.9629876],[7.184652,46.9629973],[7.1841835,46.9629988],[7.1838029,46.9629896],[7.1833404,46.962969],[7.1828702,46.9629353],[7.1823948,46.9628869],[7.1819277,46.9628273],[7.1814603,46.9627544],[7.1810063,46.962671],[7.1805442,46.9625735],[7.180088,46.9624627],[7.1796297,46.9623383],[7.1792014,46.9622107],[7.1787727,46.9620723],[7.1783552,46.9619245],[7.177933,46.9617656],[7.1775348,46.9616045],[7.1771394,46.9614352],[7.176739,46.961255],[7.1763516,46.9610709],[7.1759637,46.9608784],[7.1755833,46.9606832],[7.1752046,46.9604818],[7.1748301,46.9602744],[7.1744713,46.9600701],[7.1741029,46.9598537],[7.1737463,46.959638],[7.173394,46.959417],[7.1730505,46.9591929],[7.1727047,46.958963],[7.1723755,46.9587355],[7.1720408,46.9584975],[7.171719,46.9582608],[7.1714073,46.9580215],[7.1710956,46.9577786],[7.1707875,46.9575285],[7.1704874,46.9572765],[7.170254,46.9570727],[7.169957,46.9568105],[7.1696691,46.956549],[7.1693883,46.9562846],[7.1691129,46.9560142],[7.1688478,46.9557466],[7.1685896,46.955474],[7.1683399,46.9552025],[7.1681009,46.9549287],[7.167865,46.9546492],[7.167636,46.9543676],[7.1673979,46.9540615],[7.1671936,46.9537941],[7.1669821,46.9535062],[7.1667756,46.9532128],[7.1665788,46.9529186],[7.1663799,46.9526196],[7.1661869,46.9523151],[7.1659241,46.9518747],[7.1651511,46.9505752]]}},{"type":"Feature","properties":{"bridge":"yes","highway":"motorway","int_ref":"E 60","lanes":"2","layer":"1","maxspeed":"120","oneway":"yes","ref":"A1","surface":"asphalt","toll":"yes","carriage_ref":"B"},"geometry":{"type":"LineString","coordinates":[[9.5830083,47.478997],[9.5832698,47.4788411]]}},{"type":"Feature","properties":{"bridge":"yes","destination:int_ref:lanes":"E 41;E 60|E 41;E 60||","destination:lanes":"Sankt Gallen;Schaffhausen;Winterthur|Sankt Gallen;Schaffhausen;Winterthur|Rapperswil;Uster;Wangen|Brüttisellen;Dietikon","destination:ref:lanes":"A1;A4|A1;A4|A53|","highway":"motorway","int_ref":"E 41;E 60","lanes":"4","layer":"1","lit":"yes","maxspeed":"100","oneway":"yes","placement":"middle_of:2","ref":"A1;A4","source:maxspeed":"sign","surface":"asphalt","toll":"yes","turn:lanes":"||slight_right|slight_right","carriage_ref":"B"},"geometry":{"type":"LineString","coordinates":[[8.6260125,47.4148848],[8.6262636,47.4150484]]}},{"type":"Feature","properties":{"destination:lanes":"Zürich|Zürich|Abtwil;Gossau;Herisau","highway":"motorway","int_ref":"E 60","lanes":"3","maxspeed:lanes":"100|100|80","oneway":"yes","ref":"A1","surface":"asphalt","toll":"yes","carriage_ref":"A"},"geometry":{"type":"LineString","coordinates":[[9.3187747,47.4159527],[9.3181455,47.4157123],[9.3175207,47.4154483],[9.3169369,47.4151889],[9.3165444,47.4149946],[9.3162367,47.4148411],[9.3158564,47.4146397],[9.3150716,47.4142033]]}},{"type":"Feature","properties":{"bridge":"yes","highway":"motorway","int_ref":"E 60","lanes":"4","layer":"1","lit":"no","maxspeed":"120","oneway":"yes","ref":"A1;A3","surface":"asphalt","toll":"yes","carriage_ref":"B"},"geometry":{"type":"LineString","coordinates":[[8.4013982,47.4215776],[8.4021501,47.4214654],[8.402843,47.4213547],[8.4034538,47.4212457]]}},{"type":"Feature","properties":{"destination":"Bern;Chur;Luzern;Flughafen;Nordring-Zürich","destination:symbol":"airport","highway":"motorway","int_ref":"E 41;E 60","lanes":"2","lit":"yes","maxspeed":"signals","oneway":"yes","ref":"A1;A4","shoulder:right":"yes","source:maxspeed":"signals","surface":"asphalt","toll":"yes","carriage_ref":"A"},"geometry":{"type":"LineString","coordinates":[[8.5780646,47.4109701],[8.5777837,47.4110628],[8.5775647,47.411139],[8.577342,47.4112265],[8.5770489,47.4113485],[8.5768606,47.4114272],[8.5766929,47.411502],[8.576521,47.4115903],[8.576364,47.4116749],[8.5762515,47.411741],[8.5761612,47.4117977],[8.575978,47.4119211],[8.5758447,47.4120299],[8.5757163,47.412133],[8.575629,47.4122125],[8.5755386,47.4123034],[8.5753938,47.4124604],[8.5752987,47.4125937],[8.5752407,47.41268],[8.5751806,47.4127657],[8.5750942,47.4129183]]}},{"type":"Feature","properties":{"highway":"motorway","int_ref":"E 41;E 60","lanes":"3","lit":"no","maxspeed":"120","oneway":"yes","overtaking:hgv":"no","ref":"A1;A4","source:maxspeed":"CH:motorway","surface":"asphalt","toll":"yes","carriage_ref":"A"},"geometry":{"type":"LineString","coordinates":[[8.5458498,47.4319075],[8.5456203,47.4319748],[8.5452128,47.4320927],[8.5448022,47.432204],[8.5444908,47.4322868],[8.5441397,47.4323792],[8.5438249,47.4324587],[8.5434157,47.4325581],[8.5428424,47.4326909],[8.5424754,47.432769],[8.5420291,47.4328651],[8.5415643,47.4329588],[8.5411002,47.4330488],[8.5406195,47.4331377],[8.5400791,47.4332298],[8.5396551,47.4332993],[8.5392154,47.4333682],[8.5387258,47.4334393],[8.5382826,47.4334996],[8.5378398,47.4335563],[8.5373548,47.4336116],[8.5370182,47.4336478],[8.536427,47.4337065],[8.5358325,47.4337661]]}},{"type":"Feature","properties":{"change:lanes":"not_left|yes|no","destination:lanes":"Effretikon|Effretikon|Winterthur-Töss","highway":"motorway","int_ref":"E 41;E 60","lanes":"3","lit":"yes","maxspeed":"100","oneway":"yes","overtaking:hgv":"no","placement":"right_of:1","ref":"A1;A4","shoulder:right":"yes","source:maxspeed":"sign","surface":"asphalt","toll":"yes","turn:lanes":"||slight_right","carriage_ref":"A"},"geometry":{"type":"LineString","coordinates":[[8.7019962,47.4901842],[8.7020003,47.4900339],[8.7020053,47.4896907]]}},{"type":"Feature","properties":{"bridge":"yes","highway":"motorway","int_ref":"E 35","lanes":"3","layer":"1","lit":"no","maxspeed":"120","oneway":"yes","ref":"A1;A2","surface":"asphalt","toll":"yes","carriage_ref":"B"},"geometry":{"type":"LineString","coordinates":[[7.833222,47.3095341],[7.8338103,47.3094772]]}},{"type":"Feature","properties":{"highway":"motorway","int_ref":"E 25;E 62","lanes":"2","maxspeed":"120","oneway":"yes","ref":"A1","toll":"yes","carriage_ref":"B"},"geometry":{"type":"LineString","coordinates":[[6.1734941,46.3519449],[6.1741291,46.3526037],[6.1747326,46.3532034],[6.1754375,46.3538793],[6.1762351,46.3546152],[6.1768616,46.3551629],[6.1774208,46.3556318],[6.1783256,46.3563763],[6.1792178,46.3570782],[6.1801348,46.3577675],[6.1810826,46.3584503],[6.1819642,46.3590552],[6.1828773,46.3596662],[6.1840381,46.3603941],[6.1852292,46.3611188],[6.1873427,46.3623751],[6.1887629,46.3632224],[6.1914275,46.3648988],[6.1924456,46.3656263],[6.1927802,46.3658638],[6.1932741,46.3662445],[6.193763,46.3666334],[6.1946668,46.3674006],[6.1953499,46.3680372],[6.1959976,46.3687076],[6.1965672,46.3693319],[6.1971074,46.369966],[6.1977102,46.3707288],[6.19838,46.3716844],[6.1988742,46.3724824],[6.1993333,46.3732998],[6.1997064,46.3741125],[6.200049,46.3748675],[6.200532,46.3761555],[6.2006481,46.3765209]]}},{"type":"Feature","properties":{"highway":"motorway","int_ref":"E 60","lanes":"2","maxspeed":"100","oneway":"yes","ref":"A1","surface":"asphalt","toll":"yes","carriage_ref":"A"},"geometry":{"type":"LineString","coordinates":[[8.7075996,47.5250733],[8.7069467,47.5250749],[8.7066897,47.5250713],[8.7064842,47.5250668],[8.7062946,47.5250599],[8.7061043,47.5250507],[8.7058214,47.5250305],[8.7055426,47.5250047],[8.7052991,47.5249789],[8.7048326,47.5249123],[8.7046006,47.5248752],[8.7043241,47.5248233],[8.7040478,47.5247659],[8.7038445,47.5247189],[8.7036361,47.5246688],[8.70342,47.524613],[8.7031979,47.5245486],[8.7029785,47.5244824],[8.702762,47.5244118],[8.702546,47.5243375],[8.7023245,47.5242549],[8.7021302,47.5241777],[8.7019146,47.524092]]}},{"type":"Feature","properties":{"highway":"motorway","int_ref":"E 25;E 62","lanes":"2","maxspeed":"signals","oneway":"yes","ref":"A1","toll":"yes","carriage_ref":"B"},"geometry":{"type":"LineString","coordinates":[[6.1444333,46.2829413],[6.1447356,46.2837626],[6.1450293,46.2846927],[6.1452246,46.2853391],[6.1454942,46.2863523],[6.145604,46.2868099],[6.1457245,46.287331],[6.1458935,46.2881416],[6.1459773,46.2885831],[6.1460594,46.289068],[6.1461155,46.2894526],[6.1461595,46.2897724]]}},{"type":"Feature","properties":{"highway":"motorway","int_ref":"E 25;E 62","lanes":"3","lit":"yes","maxspeed":"signals","oneway":"yes","ref":"A1","source":"Orthophotos du SITG (Système d'Information du Territoire Genevois)","toll":"yes","carriage_ref":"B"},"geometry":{"type":"LineString","coordinates":[[6.093216,46.170461],[6.0923708,46.1711883]]}},{"type":"Feature","properties":{"highway":"motorway","int_ref":"E 23;E 25","lanes":"2","lit":"no","maxspeed":"120","oneway":"yes","ref":"A1;A9","surface":"asphalt","toll":"yes","carriage_ref":"A"},"geometry":{"type":"LineString","coordinates":[[6.57032,46.6682634],[6.5705041,46.6673737]]}},{"type":"Feature","properties":{"highway":"motorway","int_ref":"E 60","lanes":"2","maxspeed":"100","oneway":"yes","ref":"A1","surface":"asphalt","toll":"yes","carriage_ref":"B"},"geometry":{"type":"LineString","coordinates":[[9.4087543,47.438957],[9.4091937,47.4389043],[9.4095607,47.4388648],[9.4099557,47.4388297],[9.4104037,47.438802],[9.4107974,47.4387874]]}},{"type":"Feature","properties":{"avz":"249","cs_dir:forward":"2","highway":"motorway","int_ref":"E 25;E 62","lanes":"2","maxspeed":"signals","oneway":"yes","ref":"A1","source":"Orthophotos 2009 du SITG (Système d'Information du Territoire Genevois)","ssvz":"1127N","toll":"yes","carriage_ref":"A"},"geometry":{"type":"LineString","coordinates":[[6.1458898,46.3178197],[6.1455206,46.3170183]]}},{"type":"Feature","properties":{"highway":"motorway","int_ref":"E 41;E 60","lanes":"2","lit":"yes","maxspeed":"100","oneway":"yes","ref":"A1;A4","surface":"asphalt","toll":"yes","carriage_ref":"B"},"geometry":{"type":"LineString","coordinates":[[8.6293859,47.4173242],[8.6296414,47.41753],[8.6299103,47.4177248]]}},{"type":"Feature","properties":{"highway":"motorway","int_ref":"E 41;E 60","lanes":"3","lit":"yes","maxspeed":"80","oneway":"yes","ref":"A1;A4","surface":"asphalt","toll":"yes","carriage_ref":"A"},"geometry":{"type":"LineString","coordinates":[[8.4856928,47.4250856],[8.4850614,47.4248618]]}},{"type":"Feature","properties":{"highway":"motorway","int_ref":"E 25","lanes":"2","maxspeed":"120","oneway":"yes","ref":"A1","surface":"asphalt","toll":"yes","carriage_ref":"B"},"geometry":{"type":"LineString","coordinates":[[7.0617362,46.8958309],[7.0623187,46.8958331],[7.0627839,46.8958431],[7.0632623,46.8958696],[7.0637363,46.8958951],[7.0639765,46.8959131],[7.0642025,46.8959344],[7.0644291,46.895958],[7.0646913,46.8959844],[7.0651493,46.8960354],[7.0655977,46.8960936],[7.0660569,46.8961524],[7.0665327,46.8962237],[7.06697,46.8963011],[7.0674945,46.8963977],[7.0680119,46.8964972],[7.0684624,46.8965947],[7.0689344,46.8966943],[7.0693711,46.896792],[7.069819,46.896896],[7.0707196,46.8971133],[7.0716095,46.8973387],[7.0723946,46.8975437],[7.0733362,46.8977955],[7.073796,46.8979165],[7.0742283,46.8980312],[7.075099,46.8982795],[7.0759539,46.8985321],[7.076401,46.898666],[7.0768301,46.8987922],[7.0778165,46.8991019],[7.0787847,46.8993949],[7.0798779,46.8997397],[7.0811335,46.9001716],[7.0821996,46.9005316],[7.0832447,46.900921]]}},{"type":"Feature","properties":{"highway":"motorway","int_ref":"E 60","lanes":"2","maxspeed":"120","oneway":"yes","ref":"A1","surface":"asphalt","toll":"yes","carriage_ref":"A"},"geometry":{"type":"LineString","coordinates":[[8.7597861,47.528474],[8.7593273,47.5285718],[8.7585739,47.5287523],[8.7579315,47.5289236],[8.7560327,47.5294968],[8.7551237,47.5297496],[8.7544257,47.5299095],[8.7535543,47.5300753],[8.7528891,47.5301683],[8.7521335,47.5302442],[8.7514247,47.5302914],[8.7506203,47.5303164],[8.7497643,47.5303006],[8.749239,47.5302799],[8.7486213,47.5302359],[8.7479821,47.5301636],[8.7473518,47.5300796],[8.7468549,47.5299991],[8.7464732,47.5299331],[8.7459585,47.5298322],[8.7453364,47.5296913],[8.7447506,47.5295551],[8.7435497,47.5292384],[8.7425266,47.5289291],[8.7413953,47.5285729],[8.7386274,47.5276647],[8.7380664,47.5274778],[8.7372817,47.5272303],[8.7363432,47.5269585],[8.735563,47.5267423],[8.7345235,47.5264935],[8.7336074,47.5263001],[8.7326037,47.5261291],[8.7318752,47.5260416],[8.7308776,47.5259471],[8.7298396,47.5258693],[8.7286302,47.5257894],[8.7279487,47.5257406],[8.7271543,47.5256368],[8.7262723,47.5254913],[8.7253615,47.5252957],[8.724888,47.5251815],[8.7244108,47.5250374],[8.7239599,47.5248917],[8.723491,47.5247236],[8.72241,47.5243176]]}},{"type":"Feature","properties":{"change:lanes":"not_left|not_right|no","hazmat:water":"permissive","highway":"motorway","int_ref":"E 41;E 60","lanes":"3","maxspeed":"100","oneway":"yes","overtaking:hgv":"no","placement":"right_of:1","ref":"A1;A4","shoulder:right":"yes","source:maxspeed":"sign","surface":"asphalt","toll":"yes","carriage_ref":"A"},"geometry":{"type":"LineString","coordinates":[[8.6916993,47.5151478],[8.6914321,47.514929]]}},{"type":"Feature","properties":{"highway":"motorway","lanes":"3","lit":"no","maxspeed":"120","oneway":"yes","ref":"A1","surface":"asphalt","toll":"yes","turn:lanes":"through|through|slight_right","carriage_ref":"A"},"geometry":{"type":"LineString","coordinates":[[8.2321523,47.4244397],[8.2317516,47.4241828],[8.2314251,47.4239768],[8.2304834,47.4233785],[8.2293965,47.4227138],[8.2290092,47.4224745]]}},{"type":"Feature","properties":{"bicycle":"no","destination":"Bern;Fribourg;Yverdon-Sud","foot":"no","highway":"motorway","horse":"no","int_ref":"E 25","lanes":"2","lit":"no","maxspeed":"120","oneway":"yes","ref":"A1","sidewalk":"no","surface":"asphalt","toll":"yes","carriage_ref":"B"},"geometry":{"type":"LineString","coordinates":[[6.6287107,46.7540702],[6.6292212,46.75427],[6.6297284,46.7544748],[6.6303892,46.7547486],[6.6307239,46.7548909],[6.6310574,46.7550343],[6.6315509,46.7552527],[6.6320418,46.7554745],[6.6325245,46.7556986],[6.6330042,46.7559259]]}},{"type":"Feature","properties":{"highway":"motorway","int_ref":"E 35","lanes":"3","lit":"no","maxspeed":"100","oneway":"yes","ref":"A1;A2","surface":"asphalt","toll":"yes","turn:lanes":"none|none|merge_to_left","carriage_ref":"B"},"geometry":{"type":"LineString","coordinates":[[7.8152323,47.3120434],[7.8182052,47.3118213],[7.8186067,47.3117805]]}},{"type":"Feature","properties":{"avz":"97","cs_dir:forward":"2","highway":"motorway","int_ref":"E 60","lanes":"4","lit":"yes","maxspeed":"100","oneway":"yes","ref":"A1;A3","ssvz":"971N","surface":"asphalt","toll":"yes","turn:lanes":"none|none|none|merge_to_left","carriage_ref":"A"},"geometry":{"type":"LineString","coordinates":[[8.3108519,47.4535022],[8.3106538,47.4535774],[8.3104493,47.4536619],[8.3101642,47.4537917],[8.3100013,47.4538743],[8.3098627,47.453953],[8.3096346,47.4540922],[8.3094133,47.4542466],[8.3092382,47.4543867]]}},{"type":"Feature","properties":{"avz":"341","cs_dir:forward":"1","destination":"Zürich","highway":"motorway","int_ref":"E 60","lanes":"3","lit":"yes","maxspeed":"100","oneway":"yes","ref":"A1;A3","surface":"asphalt","toll":"yes","carriage_ref":"B"},"geometry":{"type":"LineString","coordinates":[[8.3251574,47.4545252],[8.3256275,47.45454],[8.3262717,47.4545719],[8.3272795,47.4546299],[8.3277204,47.4546515],[8.3282079,47.4546678],[8.3286602,47.4546753],[8.3289688,47.4546734],[8.3293071,47.4546639]]}},{"type":"Feature","properties":{"avz":"341","cs_dir:forward":"2","highway":"motorway","int_ref":"E 60","lanes":"3","lit":"yes","maxspeed":"100","oneway":"yes","ref":"A1;A3","surface":"asphalt","toll":"yes","carriage_ref":"A"},"geometry":{"type":"LineString","coordinates":[[8.3291247,47.4548089],[8.3288935,47.4548118],[8.32866,47.4548115],[8.3282069,47.4548033],[8.32772,47.4547829],[8.3272713,47.4547582],[8.326264,47.4546953],[8.3256189,47.4546619]]}},{"type":"Feature","properties":{"bridge":"yes","destination":"Genève","highway":"motorway","int_ref":"E 25;E 62","lanes":"2","layer":"1","lit":"no","maxspeed":"signals","oneway":"yes","placement":"transition","ref":"A1","smoothness":"excellent","source":"Lausanne - Orthophoto technique 2012","surface":"asphalt","toll":"yes","carriage_ref":"A"},"geometry":{"type":"LineString","coordinates":[[6.5681909,46.5438406],[6.568135,46.5437742],[6.5680872,46.5437049],[6.568048,46.5436331],[6.5679287,46.5433949],[6.5677045,46.5431074],[6.5675563,46.54295],[6.5673452,46.5427486],[6.567088,46.5425532],[6.5668384,46.5423852],[6.5665602,46.5422272],[6.5661362,46.5420266],[6.5656254,46.5418481],[6.5651624,46.5416993]]}},{"type":"Feature","properties":{"bridge":"yes","highway":"motorway","int_ref":"E 25","lanes":"2","layer":"1","maxspeed":"120","name":"Viadukt Galmitz","oneway":"yes","ref":"A1","surface":"asphalt","toll":"yes","carriage_ref":"A"},"geometry":{"type":"LineString","coordinates":[[7.1651511,46.9505752],[7.1649966,46.9503304],[7.164837,46.9500934],[7.1646819,46.9498723],[7.1645148,46.9496408],[7.1643343,46.9494061],[7.1641459,46.9491752],[7.1639531,46.9489489],[7.1637433,46.9487175],[7.1635239,46.948491],[7.1632973,46.9482655],[7.1630634,46.948048],[7.1628397,46.9478426],[7.162597,46.9476325],[7.1623422,46.9474212],[7.1621061,46.947235],[7.1618481,46.947041],[7.1615947,46.9468588],[7.1613154,46.9466678],[7.16103,46.94648],[7.1607717,46.946318],[7.1605114,46.9461575]]}},{"type":"Feature","properties":{"change:lanes":"not_left|not_left|not_right","destination":"Bern;Chur;Luzern;Nordring-Zürich","destination:int_ref":"E 41;E 60","destination:ref":"A 1;A 4","highway":"motorway","int_ref":"E 41;E 60","lanes":"3","lit":"yes","maxspeed":"signals","oneway":"yes","placement":"right_of:2","ref":"A1;A4","source:maxspeed":"signals","surface":"asphalt","toll":"yes","turn:lanes":"merge_to_right|none|none","carriage_ref":"A"},"geometry":{"type":"LineString","coordinates":[[8.5745494,47.4204595],[8.5745162,47.4207536],[8.5745107,47.4210408]]}},{"type":"Feature","properties":{"highway":"motorway","int_ref":"E 25;E 62","lanes":"2","maxspeed":"100","oneway":"yes","ref":"A1","toll":"yes","carriage_ref":"B"},"geometry":{"type":"LineString","coordinates":[[6.1461774,46.2898952],[6.1462369,46.2904262],[6.1462729,46.2908295],[6.1463165,46.2915095],[6.1463366,46.2921909],[6.1463366,46.2929924],[6.1463217,46.2934805],[6.1463091,46.2938237],[6.1462365,46.2947567],[6.1461386,46.2955582],[6.1460472,46.2961383]]}},{"type":"Feature","properties":{"destination":"Genève;Lausanne","highway":"motorway","int_ref":"E 25","lanes":"2","lit":"no","maxspeed":"120","oneway":"yes","ref":"A1","surface":"asphalt","toll":"yes","carriage_ref":"A"},"geometry":{"type":"LineString","coordinates":[[6.5716454,46.7303369],[6.5714511,46.7301003],[6.5712587,46.7298576],[6.5710749,46.72961],[6.570896,46.7293584],[6.5707341,46.7291134]]}},{"type":"Feature","properties":{"bridge":"yes","highway":"motorway","int_ref":"E 60","lanes":"2","layer":"1","maxspeed":"120","oneway":"yes","ref":"A1","shoulder:right":"yes","source:maxspeed":"CH:motorway","surface":"asphalt","toll":"yes","carriage_ref":"A"},"geometry":{"type":"LineString","coordinates":[[9.6052787,47.4612128],[9.6050162,47.4612078]]}},{"type":"Feature","properties":{"bicycle":"no","foot":"no","highway":"motorway","horse":"no","int_ref":"E 25","lanes":"2","lit":"no","maxspeed":"120","oneway":"yes","ref":"A1","sidewalk":"no","surface":"asphalt","toll":"yes","carriage_ref":"B"},"geometry":{"type":"LineString","coordinates":[[6.618435,46.7510353],[6.6188822,46.7511313],[6.6193281,46.7512322],[6.6200829,46.7514062],[6.6206455,46.751542],[6.6212029,46.7516811],[6.6217465,46.7518229],[6.6223014,46.7519701],[6.622848,46.7521216],[6.6233935,46.7522775],[6.6241273,46.7524947],[6.6246635,46.75266],[6.6251972,46.7528288],[6.6255583,46.752945],[6.6259179,46.7530635],[6.6262671,46.753182],[6.6266252,46.7533058],[6.6271653,46.7534969],[6.6273378,46.7535579],[6.6280286,46.7538126],[6.6283706,46.7539403],[6.6287107,46.7540702]]}},{"type":"Feature","properties":{"bridge":"yes","highway":"motorway","lanes":"2","layer":"1","lit":"no","maxspeed":"120","oneway":"yes","ref":"A1","surface":"asphalt","toll":"yes","carriage_ref":"B"},"geometry":{"type":"LineString","coordinates":[[8.2095266,47.4046877],[8.2101851,47.4051979],[8.2109913,47.4057751],[8.2114662,47.4060988],[8.2121896,47.406566]]}},{"type":"Feature","properties":{"highway":"motorway","int_ref":"E 60","lanes":"2","maxspeed":"120","oneway":"yes","ref":"A1","surface":"asphalt","toll":"yes","carriage_ref":"B"},"geometry":{"type":"LineString","coordinates":[[8.7164239,47.5230232],[8.7168054,47.5230143]]}},{"type":"Feature","properties":{"bridge":"yes","highway":"motorway","int_ref":"E 60","lanes":"2","layer":"1","maxspeed":"120","oneway":"yes","ref":"A1","surface":"asphalt","toll":"yes","carriage_ref":"B"},"geometry":{"type":"LineString","coordinates":[[9.5053417,47.4694538],[9.5058823,47.469585],[9.5064923,47.4697248]]}},{"type":"Feature","properties":{"destination:int_ref:lanes":"E 41;E 60|E 41;E 60||","destination:lanes":"Sankt Gallen;Schaffhausen;Winterthur|Sankt Gallen;Schaffhausen;Winterthur|Rapperswil;Uster|Wallisellen;Dübendorf","destination:ref:lanes":"A1;A4|A1;A4|A53|","highway":"motorway","int_ref":"E 41;E 60","lanes":"4","lit":"yes","maxspeed":"100","oneway":"yes","ref":"A1;A4","source:maxspeed":"sign","surface":"asphalt","toll":"yes","carriage_ref":"B"},"geometry":{"type":"LineString","coordinates":[[8.5818831,47.4096764],[8.5840499,47.4091764],[8.5862326,47.408677],[8.5888928,47.4080651],[8.5895915,47.4079075],[8.5899402,47.4078321],[8.5903002,47.4077623],[8.590725,47.4076864],[8.5911527,47.4076125],[8.5914515,47.4075657],[8.592005,47.4074862],[8.5926068,47.4074112]]}},{"type":"Feature","properties":{"bridge":"yes","highway":"motorway","int_ref":"E 41;E 60","lanes":"3","layer":"1","lit":"no","maxspeed":"120","oneway":"yes","ref":"A1;A4","source:maxspeed":"CH:motorway","surface":"asphalt","toll":"yes","carriage_ref":"A"},"geometry":{"type":"LineString","coordinates":[[8.5502027,47.43038],[8.5496028,47.4306233]]}},{"type":"Feature","properties":{"highway":"motorway","int_ref":"E 60","lanes":"2","maxspeed":"120","oneway":"yes","ref":"A1","surface":"asphalt","toll":"yes","carriage_ref":"A"},"geometry":{"type":"LineString","coordinates":[[8.9032789,47.5154495],[8.9028664,47.5156232],[8.902476,47.5158006],[8.9022361,47.5159095],[8.901721,47.5161649],[8.9011604,47.5164657],[8.9004444,47.5168853],[8.899626,47.5174447],[8.8986937,47.5181828],[8.8975842,47.5191738],[8.8964649,47.5202502],[8.8961469,47.5205526],[8.8954498,47.5211653],[8.8949357,47.521585],[8.8945162,47.5219158],[8.8940529,47.5222331],[8.8935294,47.5225625],[8.8931004,47.5228281],[8.8925387,47.5231247],[8.8918924,47.5234265],[8.8912367,47.5237049],[8.8902676,47.5240541],[8.8892217,47.5243802],[8.8886744,47.5245331],[8.8881277,47.5246747],[8.8859877,47.5252154],[8.8849044,47.5254982],[8.8838534,47.5257744],[8.8831866,47.5259748],[8.882517,47.5261797],[8.8818401,47.5264022],[8.8811863,47.5266286],[8.8802737,47.5269528],[8.87939,47.5272858],[8.8776341,47.5279812],[8.8766662,47.5283537],[8.8756846,47.5287106],[8.8748985,47.5289812],[8.874117,47.5292355],[8.8735369,47.5293991],[8.8725469,47.5296475],[8.8719106,47.5297854],[8.8712598,47.5299036],[8.8703388,47.5300643],[8.8693873,47.530183],[8.8687509,47.5302598],[8.8681133,47.5302972],[8.8669942,47.5303516],[8.8660312,47.5303794],[8.8650692,47.5303762],[8.8639069,47.5303468],[8.8627471,47.5303049],[8.8610472,47.5302519],[8.8600331,47.5302318],[8.8594098,47.5302305],[8.8583662,47.5302311],[8.8571278,47.5302542],[8.8565198,47.5302707],[8.8533648,47.5303824],[8.8515369,47.5304332],[8.8504536,47.5304313],[8.8492483,47.530433],[8.8483409,47.5304068],[8.8474725,47.530366],[8.8462293,47.5302855],[8.8444849,47.5301304],[8.8429502,47.5299527],[8.8413924,47.5297563],[8.8394505,47.5295028],[8.837508,47.5292689],[8.8357983,47.5291011],[8.8348103,47.529032],[8.8337827,47.5289789],[8.8328201,47.5289342],[8.8318307,47.5289129],[8.8306572,47.528913],[8.8293619,47.5289474],[8.8282723,47.5289883],[8.8269044,47.5290683],[8.8246716,47.5292521],[8.8223312,47.5295065],[8.820003,47.529799],[8.8182304,47.5300265],[8.8157835,47.5303426]]}},{"type":"Feature","properties":{"avz":"290","cs_dir:forward":"2","highway":"motorway","int_ref":"E 35","lanes":"3","lit":"no","maxspeed":"120","oneway":"yes","ref":"A1;A2","surface":"asphalt","toll":"yes","carriage_ref":"A"},"geometry":{"type":"LineString","coordinates":[[7.8982883,47.3115389],[7.8980406,47.3116094],[7.8975015,47.3117572],[7.8969572,47.311901],[7.8965039,47.3120137]]}},{"type":"Feature","properties":{"highway":"motorway","int_ref":"E 60","lanes":"2","maxspeed":"100","oneway":"yes","ref":"A1","surface":"asphalt","toll":"yes","carriage_ref":"B"},"geometry":{"type":"LineString","coordinates":[[9.3661847,47.4307034],[9.3664749,47.4307697]]}},{"type":"Feature","properties":{"highway":"motorway","int_ref":"E 25","lanes":"2","lit":"no","maxspeed":"120","oneway":"yes","ref":"A1","surface":"asphalt","toll":"yes","carriage_ref":"B"},"geometry":{"type":"LineString","coordinates":[[7.6828738,47.2559852],[7.6833763,47.2560566],[7.6838777,47.2561198],[7.6843538,47.2561754],[7.6848291,47.256225],[7.6853157,47.2562715],[7.6858041,47.2563118],[7.6865227,47.2563623]]}},{"type":"Feature","properties":{"highway":"motorway","int_ref":"E 60","lanes":"3","maxspeed":"120","oneway":"yes","ref":"A1","surface":"asphalt","toll":"yes","turn:lanes":"none|none|slight_right","carriage_ref":"B"},"geometry":{"type":"LineString","coordinates":[[8.9937494,47.4713819],[8.9946181,47.4713109],[8.9949261,47.4712932]]}},{"type":"Feature","properties":{"highway":"motorway","int_ref":"E 60","lanes":"3","maxspeed":"120","oneway":"yes","placement":"right_of:1","ref":"A1","shoulder:right":"yes","source:maxspeed":"CH:motorway","surface":"asphalt","toll":"yes","turn:lanes":"||merge_to_left","carriage_ref":"A"},"geometry":{"type":"LineString","coordinates":[[9.6006276,47.4612563],[9.5998814,47.4613527],[9.5993471,47.4614264]]}},{"type":"Feature","properties":{"destination:lanes":"|||Neuenhof;Bad Zurzach;Wettingen-Zentrum;Baden-Zentrum","highway":"motorway","int_ref":"E 60","lanes":"4","layer":"-1","lit":"yes","maxheight":"3.1","maxspeed":"100","oneway":"yes","placement":"middle_of:2","ref":"A1;A3","surface":"asphalt","toll":"yes","tunnel":"yes","tunnel:name":"Neuenhof Überdachung","turn:lanes":"through|through|through|right","carriage_ref":"A"},"geometry":{"type":"LineString","coordinates":[[8.3248267,47.4546431],[8.3226917,47.4546903],[8.3213034,47.4547097]]}},{"type":"Feature","properties":{"highway":"motorway","int_ref":"E 60","lanes":"5","lit":"no","maxspeed":"120","oneway":"yes","ref":"A1;A3","surface":"asphalt","toll":"yes","turn:lanes":"through|through|through|right|right","carriage_ref":"B"},"geometry":{"type":"LineString","coordinates":[[8.3925788,47.4223074],[8.3933549,47.4222549]]}},{"type":"Feature","properties":{"highway":"motorway","int_ref":"E 60","lanes":"3","lit":"yes","maxspeed":"100","name":"Baregg","oneway":"yes","ref":"A1;A3","surface":"asphalt","toll":"yes","carriage_ref":"A"},"geometry":{"type":"LineString","coordinates":[[8.2887523,47.4590155],[8.288253,47.458952]]}},{"type":"Feature","properties":{"bridge":"yes","highway":"motorway","int_ref":"E 60","lanes":"3","layer":"1","maxspeed":"120","oneway":"yes","ref":"A1","surface":"asphalt","toll":"yes","turn:lanes":"none|none|merge_to_left","carriage_ref":"A"},"geometry":{"type":"LineString","coordinates":[[9.2366756,47.4244283],[9.2359155,47.4242978]]}},{"type":"Feature","properties":{"highway":"motorway","lanes":"2","lit":"no","maxspeed":"120","oneway":"yes","ref":"A1","surface":"asphalt","toll":"yes","carriage_ref":"A"},"geometry":{"type":"LineString","coordinates":[[7.9332686,47.3091288],[7.9324068,47.3085094]]}},{"type":"Feature","properties":{"bridge":"yes","highway":"motorway","int_ref":"E 25","lanes":"2","layer":"1","lit":"no","maxspeed":"120","oneway":"yes","ref":"A1","surface":"asphalt","toll":"yes","carriage_ref":"B"},"geometry":{"type":"LineString","coordinates":[[7.299215,46.9573663],[7.3002726,46.957051],[7.3012825,46.956793]]}},{"type":"Feature","properties":{"highway":"motorway","int_ref":"E 60","lanes":"3","lit":"no","maxspeed":"120","oneway":"yes","ref":"A1;A3","surface":"asphalt","toll":"yes","carriage_ref":"B"},"geometry":{"type":"LineString","coordinates":[[8.3779761,47.4254359],[8.3788351,47.4251373],[8.3796857,47.4248457],[8.3803496,47.4246262],[8.3811044,47.4243763],[8.3815387,47.4242426],[8.3819754,47.4241122],[8.3824189,47.4239795],[8.3828508,47.4238571],[8.3832873,47.4237375],[8.3839677,47.4235609],[8.3844339,47.423446],[8.3848915,47.4233372],[8.3853549,47.4232359],[8.3860396,47.4230974],[8.3865291,47.4230043],[8.3869789,47.4229259],[8.3877153,47.4228093],[8.388367,47.4227153],[8.3890672,47.4226266],[8.3897704,47.4225478],[8.3904804,47.4224767],[8.3911818,47.4224138]]}},{"type":"Feature","properties":{"change:lanes":"not_left|not_left|not_right","highway":"motorway","int_ref":"E 41;E 60","lanes":"3","lit":"yes","maxspeed":"signals","oneway":"yes","placement":"right_of:2","ref":"A1;A4","shoulder:left":"yes","source:maxspeed":"signals","surface":"asphalt","toll":"yes","carriage_ref":"A"},"geometry":{"type":"LineString","coordinates":[[8.5744568,47.4169216],[8.5744482,47.4170391],[8.5744482,47.4173404],[8.5745139,47.4175401]]}},{"type":"Feature","properties":{"highway":"motorway","int_ref":"E 25;E 62","lanes":"2","lit":"no","maxspeed":"100","oneway":"yes","ref":"A1","toll":"yes","carriage_ref":"A"},"geometry":{"type":"LineString","coordinates":[[6.0781358,46.195627],[6.0781265,46.1949685],[6.0781236,46.1945055],[6.0781452,46.193902],[6.0781929,46.1933445],[6.0782726,46.1928085],[6.0783344,46.192481],[6.0784153,46.1921395],[6.0785046,46.1918241],[6.0786327,46.1914367]]}},{"type":"Feature","properties":{"highway":"motorway","int_ref":"E 23;E 25","lanes":"2","lit":"no","maxspeed":"120","oneway":"yes","ref":"A1;A9","surface":"asphalt","toll":"yes","carriage_ref":"A"},"geometry":{"type":"LineString","coordinates":[[6.5719828,46.6625765],[6.5720734,46.6622733],[6.5721635,46.6619718],[6.5723161,46.6613682],[6.5723615,46.6611663],[6.5724288,46.6607823]]}},{"type":"Feature","properties":{"bridge":"yes","hazmat:water":"permissive","highway":"motorway","int_ref":"E 41;E 60","lanes":"2","layer":"1","maxspeed":"100","oneway":"yes","overtaking:hgv":"no","ref":"A1;A4","shoulder:right":"yes","source:maxspeed":"sign","surface":"asphalt","toll":"yes","carriage_ref":"A"},"geometry":{"type":"LineString","coordinates":[[8.6865869,47.5065063],[8.686641,47.5062464]]}},{"type":"Feature","properties":{"bridge":"yes","highway":"motorway","int_ref":"E 60","lanes":"2","layer":"1","maxspeed":"120","oneway":"yes","ref":"A1","surface":"asphalt","toll":"yes","carriage_ref":"A"},"geometry":{"type":"LineString","coordinates":[[8.9061337,47.5145289],[8.9056,47.5146703],[8.9049695,47.5148587],[8.9043043,47.5150779],[8.9032789,47.5154495]]}},{"type":"Feature","properties":{"highway":"motorway","int_ref":"E 60","lanes":"2","maxspeed":"120","oneway":"yes","ref":"A1","surface":"asphalt","toll":"yes","carriage_ref":"A"},"geometry":{"type":"LineString","coordinates":[[8.9988226,47.471339],[8.9976066,47.4713263],[8.9966398,47.4713398],[8.9957285,47.4713674]]}},{"type":"Feature","properties":{"highway":"motorway","lanes":"3","lit":"no","maxspeed":"120","oneway":"yes","ref":"A1","surface":"asphalt","toll":"yes","turn:lanes":"through|through|merge_to_left","carriage_ref":"A"},"geometry":{"type":"LineString","coordinates":[[8.2222923,47.4160341],[8.2215813,47.4149952]]}},{"type":"Feature","properties":{"highway":"motorway","lanes":"2","lit":"no","maxspeed":"120","oneway":"yes","ref":"A1","surface":"asphalt","toll":"yes","carriage_ref":"B"},"geometry":{"type":"LineString","coordinates":[[8.1984389,47.3981737],[8.1991196,47.3982943],[8.1995715,47.3983878],[8.200018,47.3984985],[8.2004665,47.398619],[8.2009149,47.3987477],[8.2013493,47.398883],[8.201782,47.3990253],[8.2022231,47.3991801],[8.2026587,47.3993449],[8.2030724,47.3995186],[8.2034742,47.3997074],[8.2038605,47.3999024],[8.2042357,47.4001076],[8.2046079,47.4003256],[8.2049584,47.4005467],[8.205309,47.4007861],[8.2057645,47.401155],[8.2060644,47.4014066],[8.206361,47.4016677],[8.206632,47.401924],[8.2071462,47.4024315],[8.2077117,47.4030181],[8.2081081,47.4034262],[8.2084705,47.4038008],[8.2087981,47.4040988],[8.2091141,47.4043557],[8.2093161,47.4045175],[8.2095266,47.4046877]]}},{"type":"Feature","properties":{"avz":"60","cs_dir:forward":"1","highway":"motorway","int_ref":"E 35","lanes":"3","lit":"no","maxspeed":"120","oneway":"yes","ref":"A1;A2","ssvz":"763N","surface":"asphalt","toll":"yes","carriage_ref":"B"},"geometry":{"type":"LineString","coordinates":[[7.8214726,47.3114256],[7.8232135,47.3111558],[7.8273347,47.3104193]]}},{"type":"Feature","properties":{"bridge":"yes","highway":"motorway","int_ref":"E 25;E 62","lanes":"2","layer":"1","maxspeed":"signals","oneway":"yes","ref":"A1","toll":"yes","carriage_ref":"A"},"geometry":{"type":"LineString","coordinates":[[6.1458238,46.296393],[6.14585,46.2962409]]}},{"type":"Feature","properties":{"destination":"Bern","highway":"motorway","int_ref":"E 60","lanes":"3","lit":"no","maxspeed":"120","oneway":"yes","ref":"A1;A3","surface":"asphalt","toll":"yes","carriage_ref":"A"},"geometry":{"type":"LineString","coordinates":[[8.3412667,47.4462828],[8.3410473,47.44659],[8.3394565,47.4487574],[8.3384977,47.4500748],[8.3382429,47.4504275]]}},{"type":"Feature","properties":{"highway":"motorway","int_ref":"E 25;E 62","lanes":"2","maxspeed":"120","oneway":"yes","ref":"A1","source":"Orthophotos 2009 du SITG (Système d'Information du Territoire Genevois)","toll":"yes","carriage_ref":"A"},"geometry":{"type":"LineString","coordinates":[[6.1640432,46.3403112],[6.161434,46.3374657],[6.1603611,46.3362969],[6.1554579,46.3309711]]}},{"type":"Feature","properties":{"highway":"motorway","int_ref":"E 25","lanes":"2","maxspeed":"120","oneway":"yes","ref":"A1","surface":"asphalt","toll":"yes","carriage_ref":"B"},"geometry":{"type":"LineString","coordinates":[[7.5732843,47.0895623],[7.5732247,47.0898503]]}},{"type":"Feature","properties":{"highway":"motorway","int_ref":"E 25","lanes":"2","lit":"no","maxspeed":"100","maxspeed:variable":"peak_traffic","oneway":"yes","ref":"A1","surface":"asphalt","toll":"yes","carriage_ref":"B"},"geometry":{"type":"LineString","coordinates":[[7.7869764,47.3080541],[7.787739,47.3082834],[7.7881186,47.3083978],[7.788504,47.3085076],[7.7888244,47.3086011]]}},{"type":"Feature","properties":{"destination":"Bern","highway":"motorway","int_ref":"E 60","lanes":"3","lit":"no","maxspeed":"120","oneway":"yes","ref":"A1;A3","surface":"asphalt","toll":"yes","carriage_ref":"A"},"geometry":{"type":"LineString","coordinates":[[8.3350658,47.4534043],[8.3349077,47.4534891],[8.3347452,47.4535715],[8.3344766,47.4536946],[8.3342663,47.4537871],[8.3340497,47.453876],[8.3338496,47.4539534],[8.3336444,47.4540281],[8.3334279,47.4541026],[8.333208,47.4541744],[8.3328638,47.4542737],[8.3326078,47.4543407]]}},{"type":"Feature","properties":{"avz":"285","cs_dir:forward":"2","destination:int_ref:lanes":"E25|E25|E27|E27","destination:lanes":"Lausanne;Yverdon;Neuchâtel;Bern-Bethlehem|Lausanne;Yverdon;Neuchâtel;Bern-Bethlehem|Vevey;Fribourg;Bern-Bümpliz|Vevey;Fribourg;Bern-Bümpliz;Bern-Forsthause","destination:ref:lanes":"A1|A1|A12|A12","highway":"motorway","int_ref":"E 25;E 27","lanes":"4","lit":"no","maxspeed":"100","oneway":"yes","ref":"A1","surface":"asphalt","toll":"yes","carriage_ref":"A"},"geometry":{"type":"LineString","coordinates":[[7.418993,46.956913],[7.4185355,46.9565655],[7.4176663,46.9558928]]}},{"type":"Feature","properties":{"destination":"Winterthur-Töss","highway":"motorway","int_ref":"E 41;E 60","lanes":"3","maxspeed":"120","oneway":"yes","ref":"A1;A4","source:maxspeed":"CH:motorway","surface":"asphalt","toll":"yes","carriage_ref":"B"},"geometry":{"type":"LineString","coordinates":[[8.6918918,47.4421211],[8.6923098,47.4423373],[8.6926229,47.4425091],[8.6929367,47.4426929],[8.6931601,47.4428271],[8.6933805,47.4429634],[8.693649,47.44314],[8.693911,47.4433183],[8.6941591,47.4434983],[8.6944011,47.443681],[8.6946293,47.4438664],[8.6948536,47.4440563],[8.6950878,47.4442587],[8.695234,47.4443906],[8.6953741,47.4445226],[8.6955259,47.4446698],[8.6956724,47.4448177],[8.6958724,47.4450358],[8.6960839,47.4452756],[8.6962056,47.4454211],[8.6963229,47.4455666],[8.6964518,47.4457345]]}},{"type":"Feature","properties":{"bridge":"yes","highway":"motorway","int_ref":"E 25","lanes":"2","layer":"2","maxspeed":"120","oneway":"yes","ref":"A1","surface":"asphalt","toll":"yes","carriage_ref":"A"},"geometry":{"type":"LineString","coordinates":[[7.6005397,47.2105923],[7.6004454,47.210144]]}},{"type":"Feature","properties":{"destination":"Zürich;Basel;Biel/Bienne","highway":"motorway","int_ref":"E 25;E 27","lanes":"2","layer":"2","maxspeed":"80","oneway":"yes","ref":"A1","surface":"asphalt","toll":"yes","carriage_ref":"B"},"geometry":{"type":"LineString","coordinates":[[7.4635791,46.9695699],[7.4640305,46.9697081],[7.4642722,46.9697629],[7.4644986,46.9698114],[7.4647231,46.9698547],[7.4649414,46.9698935],[7.4651619,46.9699272],[7.4654021,46.9699572],[7.4656423,46.9699813],[7.4658463,46.9699962],[7.4660014,46.9700042]]}},{"type":"Feature","properties":{"bridge":"yes","highway":"motorway","int_ref":"E 25;E 62","lanes":"2","layer":"1","lit":"yes","maxspeed":"100","oneway":"yes","ref":"A1","source":"Orthophotos du SITG (Système d'Information du Territoire Genevois)","toll":"yes","carriage_ref":"B"},"geometry":{"type":"LineString","coordinates":[[6.0923708,46.1711883],[6.0921858,46.1713519]]}},{"type":"Feature","properties":{"bridge":"yes","highway":"motorway","int_ref":"E 25","lanes":"3","layer":"0","lit":"no","maxspeed":"120","oneway":"yes","ref":"A1","surface":"asphalt","toll":"yes","turn:lanes":"||slight_right","carriage_ref":"A"},"geometry":{"type":"LineString","coordinates":[[7.7282562,47.2860466],[7.7279501,47.2858858],[7.7276512,47.2857249],[7.727066,47.2853986]]}},{"type":"Feature","properties":{"avz":"328","cs_dir:forward":"1","highway":"motorway","int_ref":"E 25","lanes":"2","layer":"-1","maxspeed":"100","name":"Sévaz","oneway":"yes","ref":"A1","surface":"asphalt","toll":"yes","tunnel":"yes","tunnel:name":"Sévaz","carriage_ref":"B"},"geometry":{"type":"LineString","coordinates":[[6.8685414,46.8321756],[6.8698915,46.8318027],[6.8711304,46.8314029],[6.8746734,46.8299768]]}},{"type":"Feature","properties":{"bridge":"yes","highway":"motorway","int_ref":"E 25","lanes":"2","layer":"1","maxspeed":"120","oneway":"yes","ref":"A1","surface":"asphalt","toll":"yes","carriage_ref":"B"},"geometry":{"type":"LineString","coordinates":[[7.5731537,47.0902223],[7.573098,47.0905966],[7.5730687,47.0909136]]}},{"type":"Feature","properties":{"change:lanes":"not_left|not_right|yes","highway":"motorway","int_ref":"E 60","lanes":"3","maxspeed":"120","oneway":"yes","placement":"right_of:1","ref":"A1","shoulder:right":"yes","source:maxspeed":"CH:motorway","surface":"asphalt","toll":"yes","turn:lanes":"||merge_to_left","carriage_ref":"A"},"geometry":{"type":"LineString","coordinates":[[9.648447,47.4545979],[9.6480453,47.4547291],[9.6475732,47.4548705],[9.6470405,47.4550098]]}},{"type":"Feature","properties":{"highway":"motorway","int_ref":"E 25","lanes":"2","lit":"no","maxspeed":"100","oneway":"yes","ref":"A1","surface":"asphalt","toll":"yes","carriage_ref":"B"},"geometry":{"type":"LineString","coordinates":[[7.3911509,46.9544335],[7.3913954,46.9544346],[7.3916309,46.9544305],[7.3918529,46.9544226],[7.3920885,46.9544088],[7.3923153,46.9543913],[7.3925476,46.9543676],[7.3926886,46.9543513],[7.3928332,46.9543321],[7.3934176,46.9542169]]}},{"type":"Feature","properties":{"highway":"motorway","lanes":"3","lit":"no","maxspeed":"120","oneway":"yes","ref":"A1","surface":"asphalt","toll":"yes","turn:lanes":"through|through|merge_to_left","carriage_ref":"A"},"geometry":{"type":"LineString","coordinates":[[8.2259533,47.4202265],[8.2253708,47.4196946],[8.2249007,47.4192343],[8.2241178,47.4184022],[8.2236258,47.4178235],[8.2234251,47.4175749]]}},{"type":"Feature","properties":{"highway":"motorway","int_ref":"E 41;E 60","lanes":"3","lit":"yes","maxspeed":"120","oneway":"yes","ref":"A1;A4","shoulder:right":"yes","source:maxspeed":"CH:motorway","surface":"asphalt","toll":"yes","carriage_ref":"A"},"geometry":{"type":"LineString","coordinates":[[8.7047072,47.4776116],[8.7047255,47.4773138],[8.704736,47.4770156],[8.704743,47.4764084],[8.7047433,47.4750621],[8.7047474,47.4747258]]}},{"type":"Feature","properties":{"bridge":"viaduct","highway":"motorway","int_ref":"E 25","lanes":"2","layer":"1","maxspeed":"120","oneway":"yes","ref":"A1","surface":"asphalt","toll":"yes","carriage_ref":"B"},"geometry":{"type":"LineString","coordinates":[[6.7528252,46.7875497],[6.7531824,46.7877056],[6.7535635,46.7878645],[6.753948,46.7880218],[6.7543356,46.7881759],[6.7545394,46.7882553],[6.7547501,46.7883338],[6.7549597,46.788413],[6.755187,46.7884969],[6.7554864,46.7886034],[6.755791,46.7887088],[6.7560968,46.7888129],[6.7564261,46.7889214],[6.7568402,46.7890518],[6.7570514,46.7891183],[6.757293,46.7891905]]}},{"type":"Feature","properties":{"highway":"motorway","int_ref":"E 60","lanes":"2","maxspeed":"120","oneway":"yes","ref":"A1","surface":"asphalt","toll":"yes","carriage_ref":"B"},"geometry":{"type":"LineString","coordinates":[[9.4803368,47.4660759],[9.4814524,47.4658097],[9.4821099,47.4656491],[9.4830204,47.4654359]]}},{"type":"Feature","properties":{"destination":"Zürich City|Zürich City | St. Gallen;Flughafen;Nordring Zürich| Flughafen;Nordring Zürich| Urdorf Chur","destination:lanes":"Zürich City|Zürich City | St. Gallen;Flughafen;Nordring Zürich| Flughafen;Nordring Zürich| Urdorf Chur","highway":"motorway","int_ref":"E 60","lanes":"5","lit":"yes","maxspeed":"100","oneway":"yes","ref":"A1;A3","surface":"asphalt","toll":"yes","turn:lanes":"slight_left|slight_left|slight_right|slight_right|slight_right","carriage_ref":"B"},"geometry":{"type":"LineString","coordinates":[[8.4190802,47.4156159],[8.4196625,47.4153226],[8.420109,47.4151046],[8.4208468,47.4147411],[8.4212376,47.4145516],[8.421632,47.4143639],[8.4222661,47.4140605],[8.4227913,47.413833]]}},{"type":"Feature","properties":{"destination:int_ref:lanes":"E 41;E 60|E 41;E 60|","destination:lanes":"Sankt Gallen;Schaffhausen;Zürich-City|Sankt Gallen;Schaffhausen;Zürich-City|Bülach;Flughafen","destination:ref:lanes":"A1;A4|A1;A4|A51","highway":"motorway","int_ref":"E 41;E 60","lanes":"3","lit":"yes","maxspeed":"100","oneway":"yes","ref":"A1;A4","source:maxspeed":"sign","surface":"asphalt","toll":"yes","turn:lanes":"none|none|slight_right","carriage_ref":"B"},"geometry":{"type":"LineString","coordinates":[[8.5633753,47.4251102],[8.5640773,47.4249882],[8.5645679,47.4249103],[8.5650184,47.4248466],[8.5666402,47.4246581]]}},{"type":"Feature","properties":{"bridge":"yes","highway":"motorway","int_ref":"E 25","lanes":"2","layer":"1","maxspeed":"100","oneway":"yes","ref":"A1","surface":"asphalt","toll":"yes","carriage_ref":"A"},"geometry":{"type":"LineString","coordinates":[[7.496356,47.013533],[7.4963984,47.0132087]]}},{"type":"Feature","properties":{"highway":"motorway","int_ref":"E 25;E 62","lanes":"2","lit":"yes","maxspeed":"100","oneway":"yes","ref":"A1","source":"Orthophotos du SITG (Système d'Information du Territoire Genevois)","toll":"yes","carriage_ref":"B"},"geometry":{"type":"LineString","coordinates":[[6.0921858,46.1713519],[6.0916288,46.1718487],[6.0912026,46.1722211]]}},{"type":"Feature","properties":{"highway":"motorway","lanes":"2","lit":"no","maxspeed":"100","oneway":"yes","ref":"A1","surface":"asphalt","toll":"yes","carriage_ref":"B"},"geometry":{"type":"LineString","coordinates":[[7.9256176,47.305167],[7.9263467,47.3053749],[7.9268031,47.3055167],[7.9272256,47.3056587],[7.9276431,47.3058067],[7.9280725,47.3059698]]}},{"type":"Feature","properties":{"highway":"motorway","int_ref":"E 25","lanes":"3","lit":"no","maxspeed":"120","oneway":"yes","ref":"A1","surface":"asphalt","toll":"yes","carriage_ref":"A"},"geometry":{"type":"LineString","coordinates":[[7.3421428,46.9475209],[7.3418252,46.9476447],[7.341208,46.9478874],[7.3408002,46.9480483],[7.3403905,46.9482076],[7.3401842,46.9482876],[7.3399663,46.9483626],[7.339753,46.9484401],[7.3395482,46.948512],[7.3391214,46.94865],[7.3386849,46.9487811],[7.3382398,46.9489],[7.3377918,46.9490076],[7.337341,46.9491051],[7.3368818,46.9491919]]}},{"type":"Feature","properties":{"bridge":"yes","highway":"motorway","int_ref":"E 35","lanes":"2","layer":"1","lit":"no","maxspeed":"120","oneway":"yes","ref":"A1;A2","surface":"asphalt","toll":"yes","carriage_ref":"A"},"geometry":{"type":"LineString","coordinates":[[7.8876438,47.3132152],[7.8869955,47.3132335],[7.886361,47.3132463]]}},{"type":"Feature","properties":{"highway":"motorway","int_ref":"E 25","lanes":"3","lit":"no","maxspeed":"100","oneway":"yes","ref":"A1","surface":"asphalt","toll":"yes","turn:lanes":"merge_to_right|none|none","carriage_ref":"B"},"geometry":{"type":"LineString","coordinates":[[7.6605901,47.2476701],[7.6610487,47.2477906],[7.6615081,47.2479088],[7.6619436,47.248016],[7.663295,47.2483416],[7.6640223,47.2485141],[7.6647425,47.2486951]]}},{"type":"Feature","properties":{"bridge":"yes","highway":"motorway","lanes":"2","layer":"1","lit":"no","maxspeed":"120","name":"201","oneway":"yes","ref":"A1","surface":"asphalt","toll":"yes","carriage_ref":"B"},"geometry":{"type":"LineString","coordinates":[[8.0178875,47.3222236],[8.0181472,47.3222885]]}},{"type":"Feature","properties":{"destination":"Kerzers","highway":"motorway","int_ref":"E 25","lanes":"2","maxspeed":"100","oneway":"yes","ref":"A1","surface":"asphalt","toll":"yes","carriage_ref":"B"},"geometry":{"type":"LineString","coordinates":[[7.1386303,46.9332489],[7.1389278,46.9334803],[7.1394017,46.9338425],[7.1396435,46.9340274],[7.1398819,46.9342044],[7.1405153,46.9346741],[7.1411363,46.9351272],[7.1414114,46.9353231]]}},{"type":"Feature","properties":{"bridge":"yes","highway":"motorway","int_ref":"E 23;E 25","lanes":"2","layer":"1","lit":"no","maxspeed":"120","oneway":"yes","ref":"A1;A9","surface":"asphalt","toll":"yes","carriage_ref":"B"},"geometry":{"type":"LineString","coordinates":[[6.5549437,46.5841417],[6.5548827,46.5846244]]}},{"type":"Feature","properties":{"bridge":"yes","highway":"motorway","int_ref":"E 60","lanes":"2","layer":"1","maxspeed":"120","oneway":"yes","ref":"A1","shoulder:right":"yes","source:maxspeed":"CH:motorway","surface":"asphalt","toll":"yes","carriage_ref":"A"},"geometry":{"type":"LineString","coordinates":[[9.5221897,47.4742939],[9.5218867,47.4742118]]}},{"type":"Feature","properties":{"highway":"motorway","int_ref":"E 25","lanes":"3","lit":"no","maxspeed":"100","oneway":"yes","ref":"A1","surface":"asphalt","toll":"yes","carriage_ref":"A"},"geometry":{"type":"LineString","coordinates":[[7.8006473,47.311394],[7.7995358,47.3112179],[7.798949,47.3111187],[7.7985824,47.3110498],[7.7982167,47.3109784],[7.7973228,47.3108069],[7.7965194,47.3106451],[7.7958228,47.3104988]]}},{"type":"Feature","properties":{"bridge":"yes","highway":"motorway","int_ref":"E 25;E 27","lanes":"2","layer":"2","maxspeed":"80","oneway":"yes","ref":"A1","surface":"asphalt","toll":"yes","carriage_ref":"B"},"geometry":{"type":"LineString","coordinates":[[7.4660014,46.9700042],[7.4663494,46.9700151],[7.4665848,46.9700189],[7.4669703,46.9700202],[7.4673162,46.9700213]]}},{"type":"Feature","properties":{"bridge":"yes","highway":"motorway","lanes":"2","layer":"1","lit":"no","maxspeed":"120","oneway":"yes","ref":"A1","surface":"asphalt","toll":"yes","carriage_ref":"A"},"geometry":{"type":"LineString","coordinates":[[8.0411462,47.3384536],[8.0408413,47.3381348]]}},{"type":"Feature","properties":{"highway":"motorway","int_ref":"E 25","lanes":"2","lit":"no","maxspeed":"120","oneway":"yes","ref":"A1","surface":"asphalt","toll":"yes","carriage_ref":"A"},"geometry":{"type":"LineString","coordinates":[[7.2992297,46.9574701],[7.2983276,46.9577197],[7.2978761,46.9578305],[7.2974077,46.9579408],[7.2969498,46.9580417],[7.296477,46.958137],[7.2960277,46.9582229],[7.2955766,46.9583031],[7.2951157,46.958376],[7.2946549,46.9584433],[7.2941881,46.958506],[7.2937246,46.9585617],[7.2932428,46.9586123],[7.292801,46.9586565],[7.2923323,46.9586919],[7.2918577,46.9587307],[7.29094,46.9588036],[7.290008,46.9588772],[7.289533,46.9589196],[7.2890559,46.9589681],[7.2885896,46.9590214],[7.2881256,46.9590766],[7.2876655,46.9591431],[7.2872055,46.9592109],[7.2867474,46.9592839],[7.2862748,46.9593671],[7.2858182,46.9594497],[7.284924,46.9596139],[7.2844886,46.9596984],[7.2840509,46.9597797],[7.2835768,46.9598645],[7.2830888,46.959949],[7.2826051,46.9600273],[7.2821506,46.9600951],[7.2816794,46.9601568],[7.2812266,46.9602142],[7.2807621,46.9602658],[7.2802899,46.9603113],[7.2798216,46.9603529],[7.2793532,46.9603837],[7.2788935,46.9604139],[7.278406,46.9604352],[7.2779283,46.9604539],[7.2774348,46.9604646],[7.2769344,46.9604708],[7.2764698,46.9604699],[7.2757627,46.9604621],[7.2750441,46.9604442]]}},{"type":"Feature","properties":{"destination":"Bern;Basel;Chur;Luzern;Weiningen","highway":"motorway","int_ref":"E 41;E 60","lanes":"2","lit":"no","maxspeed":"80","oneway":"yes","ref":"A1;A4","source:maxspeed":"CH:motorway","surface":"asphalt","toll":"yes","carriage_ref":"A"},"geometry":{"type":"LineString","coordinates":[[8.4976064,47.4268348],[8.4965896,47.4267278],[8.4958422,47.4266479],[8.4949374,47.4265789],[8.4945458,47.4265556],[8.4941161,47.4265289],[8.4931442,47.42646]]}},{"type":"Feature","properties":{"highway":"motorway","int_ref":"E 25","lanes":"2","maxspeed":"120","oneway":"yes","ref":"A1","surface":"asphalt","toll":"yes","carriage_ref":"B"},"geometry":{"type":"LineString","coordinates":[[6.7475229,46.7848668],[6.7477464,46.7849753],[6.7479686,46.7850868],[6.7483033,46.7852574],[6.7486673,46.7854521],[6.7490373,46.7856528],[6.7494089,46.7858561],[6.7502175,46.7862831],[6.7504058,46.7863848],[6.7505981,46.7864852],[6.7509849,46.7866815],[6.7511608,46.7867708],[6.7513378,46.7868594],[6.7515491,46.7869628],[6.7517614,46.7870656],[6.7519961,46.7871776],[6.7522349,46.7872878],[6.7523908,46.7873567],[6.7528252,46.7875497]]}},{"type":"Feature","properties":{"highway":"motorway","int_ref":"E 60","lanes":"3","lit":"no","maxspeed":"100","oneway":"yes","ref":"A1;A3","signals":"maxspeed=signals","surface":"asphalt","toll":"yes","turn:lanes":"slight_left|slight_left;slight_right|slight_right","carriage_ref":"A"},"geometry":{"type":"LineString","coordinates":[[8.2657447,47.4528292],[8.2652341,47.4526272],[8.2646778,47.4524111],[8.264244,47.4522439],[8.2637965,47.4520803],[8.2629597,47.4517831],[8.2623308,47.4515731],[8.2618984,47.451431],[8.2614624,47.4512943],[8.2608235,47.4511017],[8.2599474,47.4508542],[8.259112,47.4506328]]}},{"type":"Feature","properties":{"highway":"motorway","lanes":"2","lit":"no","maxspeed":"100","oneway":"yes","ref":"A1","surface":"asphalt","toll":"yes","turn:lanes":"through|through|slight_right","carriage_ref":"B"},"geometry":{"type":"LineString","coordinates":[[8.2439941,47.4432619],[8.2443813,47.4436862],[8.244461,47.4437704]]}},{"type":"Feature","properties":{"bridge":"yes","highway":"motorway","int_ref":"E 60","lanes":"3","layer":"1","lit":"no","maxspeed":"120","oneway":"yes","ref":"A1;A3","surface":"asphalt","toll":"yes","carriage_ref":"B"},"geometry":{"type":"LineString","coordinates":[[8.3487325,47.4375388],[8.3491531,47.4372799]]}},{"type":"Feature","properties":{"highway":"motorway","int_ref":"E 60","lanes":"2","maxspeed":"120","oneway":"yes","ref":"A1","surface":"asphalt","toll":"yes","carriage_ref":"B"},"geometry":{"type":"LineString","coordinates":[[9.2679977,47.4204198],[9.2686539,47.4202969],[9.2693676,47.4201478],[9.2700477,47.4199916],[9.2707411,47.4197984],[9.2713351,47.4196112],[9.271811,47.4194341],[9.272332,47.41921],[9.272682,47.4190447],[9.2732439,47.4187379],[9.2736502,47.4184923],[9.2740692,47.4182052],[9.274366,47.4179856],[9.2746827,47.4177284],[9.2751007,47.4173526],[9.275849,47.4166201]]}},{"type":"Feature","properties":{"highway":"motorway","int_ref":"E 25;E 62","lanes":"2","maxspeed":"signals","maxspeed:variable":"peak_traffic","oneway":"yes","ref":"A1","toll":"yes","carriage_ref":"A"},"geometry":{"type":"LineString","coordinates":[[6.5392966,46.5290244],[6.5379749,46.528645],[6.5362214,46.5282095],[6.5344474,46.5278173],[6.5326188,46.5274042],[6.5301966,46.5268085],[6.5278328,46.5261738],[6.5264747,46.5257681],[6.525127,46.5253449],[6.5235393,46.524838],[6.5220469,46.52433],[6.5201181,46.5236335]]}},{"type":"Feature","properties":{"highway":"motorway","int_ref":"E 25;E 27","lanes":"4","maxspeed":"100","oneway":"yes","ref":"A1;A6","surface":"asphalt","toll":"yes","turn:lanes":"none|none|none|merge_to_left","carriage_ref":"A"},"geometry":{"type":"LineString","coordinates":[[7.4754178,46.9895098],[7.4750247,46.9893986],[7.4745198,46.9892528],[7.4740359,46.9891082],[7.4737272,46.9890094]]}},{"type":"Feature","properties":{"bridge":"yes","highway":"motorway","int_ref":"E 60","lanes":"2","layer":"1","lit":"yes","maxspeed":"100","oneway":"yes","ref":"A1;A3","surface":"asphalt","toll":"yes"},"geometry":{"type":"LineString","coordinates":[[8.2854684,47.4584374],[8.2882357,47.4587713]]}},{"type":"Feature","properties":{"destination":"Flughafen;Zürich","highway":"motorway","int_ref":"E 41;E 60","lanes":"2","lit":"yes","maxspeed":"100","oneway":"yes","ref":"A1;A4","source:maxspeed":"sign","surface":"asphalt","toll":"yes","carriage_ref":"A"},"geometry":{"type":"LineString","coordinates":[[8.6326123,47.4197611],[8.6315132,47.4190666]]}},{"type":"Feature","properties":{"destination:lanes":"Zürich Aarau|Zürich Aarau;Chiasso;Gotthard;Luzern;Reiden|Chiasso;Gotthard;Luzern;Reiden","highway":"motorway","int_ref":"E 35","lanes":"3","lit":"no","maxspeed":"100","oneway":"yes","ref":"A1;A2","surface":"asphalt","toll":"yes","turn:lanes":"slight_left|slight_left;slight_right|slight_right","carriage_ref":"B"},"geometry":{"type":"LineString","coordinates":[[7.9068574,47.307822],[7.9072819,47.3076002],[7.9080041,47.3072196],[7.9085896,47.3069277],[7.9089139,47.3067709]]}},{"type":"Feature","properties":{"highway":"motorway","int_ref":"E 25;E 62","lanes":"2","maxspeed":"120","oneway":"yes","ref":"A1","toll":"yes","carriage_ref":"A"},"geometry":{"type":"LineString","coordinates":[[6.4919079,46.5106196],[6.4897305,46.5090847]]}},{"type":"Feature","properties":{"highway":"motorway","int_ref":"E 60","lanes":"2","maxspeed":"120","oneway":"yes","ref":"A1","surface":"asphalt","toll":"yes","carriage_ref":"A"},"geometry":{"type":"LineString","coordinates":[[9.4503739,47.4702047],[9.449892,47.47021]]}},{"type":"Feature","properties":{"bridge":"yes","highway":"motorway","int_ref":"E 60","lanes":"3","layer":"1","lit":"no","maxspeed":"120","oneway":"yes","ref":"A1;A3","toll":"yes","carriage_ref":"A"},"geometry":{"type":"LineString","coordinates":[[8.3558396,47.4344894],[8.3538412,47.4352734]]}},{"type":"Feature","properties":{"bridge":"yes","highway":"motorway","int_ref":"E 25","lanes":"2","layer":"1","maxspeed":"120","oneway":"yes","ref":"A1","surface":"asphalt","toll":"yes","carriage_ref":"B"},"geometry":{"type":"LineString","coordinates":[[6.6993277,46.76669],[6.7033697,46.7681378]]}},{"type":"Feature","properties":{"highway":"motorway","int_ref":"E 41;E 60","lanes":"3","lit":"yes","maxspeed":"100","oneway":"yes","placement":"right_of:1","ref":"A1;A4","source:maxspeed":"sign","surface":"asphalt","toll":"yes","turn:lanes":"none|none|slight_right","carriage_ref":"B"},"geometry":{"type":"LineString","coordinates":[[8.5687628,47.4244079],[8.5702483,47.4242414]]}},{"type":"Feature","properties":{"highway":"motorway","int_ref":"E 25","lanes":"3","layer":"-1","maxspeed":"100","maxspeed:variable":"peak_traffic","oneway":"yes","ref":"A1","surface":"asphalt","toll":"yes","tunnel":"yes","turn:lanes":"none|none|slight_right","carriage_ref":"A"},"geometry":{"type":"LineString","coordinates":[[7.57386,47.0863705],[7.5739082,47.0859504],[7.573948,47.085516],[7.5739552,47.0847006],[7.5739191,47.0841675]]}},{"type":"Feature","properties":{"highway":"motorway","int_ref":"E 60","lanes":"2","maxspeed":"120","oneway":"yes","ref":"A1","surface":"asphalt","toll":"yes","carriage_ref":"B"},"geometry":{"type":"LineString","coordinates":[[8.8157605,47.5302511],[8.8179674,47.5299421],[8.8199895,47.5296917],[8.8223117,47.529395],[8.8246778,47.5291408],[8.826872,47.5289548],[8.8282872,47.5288778],[8.8293256,47.5288308],[8.830637,47.5288046],[8.8318368,47.5288157],[8.8328147,47.5288364],[8.8338057,47.5288719],[8.8358414,47.5289964],[8.8364063,47.529043],[8.8375311,47.529148],[8.8394934,47.5293869],[8.8414284,47.5296471],[8.8429805,47.5298364],[8.8445113,47.5300152],[8.8462443,47.5301708],[8.8474698,47.530248],[8.8483156,47.5302831],[8.8493014,47.5303124],[8.8504348,47.5303316],[8.8515299,47.5303298],[8.8533729,47.5302825],[8.8572301,47.5301456],[8.8583288,47.5301257],[8.8593944,47.53012],[8.8599666,47.5301206],[8.8611078,47.5301514],[8.862712,47.5302053],[8.8651175,47.5302602],[8.8670017,47.5302537],[8.8681026,47.5301924],[8.8692992,47.5300882],[8.8702637,47.5299628],[8.8712404,47.5298015],[8.8724989,47.5295375],[8.8734748,47.5292947],[8.8739852,47.5291543],[8.8756107,47.5286224],[8.8775619,47.5278857],[8.8783506,47.5275848],[8.8792813,47.5272194],[8.880211,47.5268596],[8.8810572,47.5265388],[8.8817221,47.5263153],[8.8823805,47.5260966],[8.8830417,47.5258915],[8.8837355,47.5256914],[8.8848668,47.525393],[8.8860317,47.5250933],[8.8881513,47.5245609],[8.8891704,47.5242821],[8.8901432,47.5239707],[8.8910223,47.52366],[8.8917999,47.5233417],[8.8924756,47.523023],[8.8929473,47.5227664],[8.8934146,47.5224957],[8.8939537,47.5221407],[8.8943794,47.5218469],[8.8947824,47.5215286],[8.8953343,47.52108],[8.8959793,47.5205209],[8.8963616,47.5201524],[8.897517,47.5190812],[8.8981582,47.5185107],[8.8985811,47.5181329],[8.8995247,47.5173919],[8.9003836,47.5168082],[8.9011015,47.5163812],[8.9016568,47.516078],[8.9022255,47.5158063],[8.9028397,47.5155236],[8.9032173,47.5153681]]}},{"type":"Feature","properties":{"avz":"243","bridge":"yes","cs_dir:forward":"2","highway":"motorway","int_ref":"E 60","lanes":"2","layer":"1","maxspeed":"120","oneway":"yes","ref":"A1","ssvz":"767N","surface":"asphalt","toll":"yes","carriage_ref":"A"},"geometry":{"type":"LineString","coordinates":[[9.4194324,47.4461555],[9.4188885,47.4450102],[9.4182835,47.4438812],[9.417586,47.442642]]}},{"type":"Feature","properties":{"bridge":"yes","highway":"motorway","int_ref":"E 25","lanes":"2","layer":"1","lit":"no","maxspeed":"100","oneway":"yes","ref":"A1","surface":"asphalt","toll":"yes","carriage_ref":"A"},"geometry":{"type":"LineString","coordinates":[[7.3909479,46.9545257],[7.3906851,46.9545142],[7.3904146,46.9544952]]}},{"type":"Feature","properties":{"destination":"Zürich;Basel;Kirchberg","destination:int_ref":"E 25","destination:ref":"1","highway":"motorway","int_ref":"E 25","lanes":"2","layer":"1","maxspeed":"100","oneway":"yes","ref":"A1","surface":"asphalt","toll":"yes","carriage_ref":"B"},"geometry":{"type":"LineString","coordinates":[[7.4969674,47.0100432],[7.4969676,47.0102167],[7.4969791,47.010391],[7.4969847,47.0105554],[7.496981,47.0107215],[7.4969741,47.0108838],[7.4969587,47.0110549],[7.4969404,47.0112152],[7.4969169,47.0113815],[7.4968883,47.0115485],[7.4968583,47.0117073],[7.4967872,47.0120532],[7.4966802,47.0125336],[7.496632,47.0127737],[7.4965824,47.0130223]]}},{"type":"Feature","properties":{"highway":"motorway","int_ref":"E 60","lanes":"2","maxspeed":"120","oneway":"yes","ref":"A1","surface":"asphalt","toll":"yes","carriage_ref":"A"},"geometry":{"type":"LineString","coordinates":[[8.9308915,47.5083],[8.9295883,47.5088793],[8.9281743,47.5094392],[8.9270524,47.5098324],[8.9261653,47.5101429],[8.9250705,47.510474],[8.9239157,47.5108058],[8.9225249,47.5111865],[8.9205637,47.511661],[8.918495,47.5121171],[8.914666,47.5128666],[8.9115021,47.5134494],[8.9084805,47.5139928],[8.9071446,47.5142791],[8.9061337,47.5145289]]}},{"type":"Feature","properties":{"avz":"200","carriage_ref":"A","cs_dir:forward":"2","highway":"motorway","int_ref":"E 25;E 62","lanes":"3","lit":"no","maxspeed":"60","oneway":"yes","ref":"A1","source":"Orthophotos du SITG (Système d'Information du Territoire Genevois)","ssvz":"997N","toll":"yes"},"geometry":{"type":"LineString","coordinates":[[6.0980949,46.1534852],[6.0976025,46.1528648],[6.0972343,46.1523722],[6.0970044,46.152049]]}},{"type":"Feature","properties":{"highway":"motorway","int_ref":"E 41;E 60","lanes":"4","maxspeed":"120","oneway":"yes","placement":"middle_of:2","ref":"A1;A4","shoulder:right":"yes","source:maxspeed":"CH:motorway","surface":"asphalt","toll":"yes","turn:lanes":"|||slight_right","carriage_ref":"A"},"geometry":{"type":"LineString","coordinates":[[8.7053334,47.4543731],[8.7049314,47.45411],[8.7046322,47.4539187],[8.7044237,47.4537797]]}},{"type":"Feature","properties":{"avz":"382","cs_dir:forward":"2","highway":"motorway","lanes":"3","lit":"no","maxspeed":"120","oneway":"yes","ref":"A1","surface":"asphalt","toll":"yes","turn:lanes":"through|through|merge_to_left","carriage_ref":"A"},"geometry":{"type":"LineString","coordinates":[[8.2422513,47.4411555],[8.2421362,47.4409768],[8.2417508,47.4403561],[8.241418,47.4397734]]}},{"type":"Feature","properties":{"bridge":"yes","highway":"motorway","int_ref":"E 25;E 62","lanes":"2","layer":"1","maxspeed":"120","oneway":"yes","ref":"A1","toll":"yes","carriage_ref":"A"},"geometry":{"type":"LineString","coordinates":[[6.3265618,46.4622755],[6.3261651,46.4620624]]}},{"type":"Feature","properties":{"bridge":"yes","highway":"motorway","int_ref":"E 60","lanes":"2","layer":"1","maxspeed":"120","oneway":"yes","ref":"A1","shoulder:right":"yes","source:maxspeed":"CH:motorway","surface":"asphalt","toll":"yes","carriage_ref":"A"},"geometry":{"type":"LineString","coordinates":[[9.5716297,47.4796045],[9.5708155,47.4792956]]}},{"type":"Feature","properties":{"destination:lanes":"Münchwilen|Münchwilen|Wil","highway":"motorway","int_ref":"E 60","lanes":"3","maxspeed":"120","oneway":"yes","ref":"A1","surface":"asphalt","toll":"yes","turn:lanes":"none|none|slight_right","carriage_ref":"A"},"geometry":{"type":"LineString","coordinates":[[9.0553668,47.4541741],[9.0538717,47.454042]]}},{"type":"Feature","properties":{"avz":"32","cs_dir:forward":"1","highway":"motorway","int_ref":"E 25","lanes":"2","lit":"no","maxspeed":"120","oneway":"yes","ref":"A1","ssvz":"869N","surface":"asphalt","toll":"yes","carriage_ref":"B"},"geometry":{"type":"LineString","coordinates":[[7.6111838,47.2240497],[7.6115802,47.2242611],[7.6119832,47.2244649],[7.6123667,47.2246553],[7.6127494,47.2248373],[7.6131156,47.2250044]]}},{"type":"Feature","properties":{"highway":"motorway","int_ref":"E 25;E 27","lanes":"4","lit":"no","maxspeed":"100","oneway":"yes","ref":"A1","surface":"asphalt","toll":"yes","turn:lanes":"|||merge_to_left","carriage_ref":"B"},"geometry":{"type":"LineString","coordinates":[[7.4132941,46.9526204],[7.413489,46.9527293],[7.4136463,46.9528216],[7.4138532,46.9529419],[7.414055,46.9530661],[7.4143215,46.9532321],[7.4146324,46.9534338],[7.4149692,46.9536601],[7.4153192,46.9539245],[7.4156791,46.9541852]]}},{"type":"Feature","properties":{"highway":"motorway","int_ref":"E 60","lanes":"2","maxspeed":"120","oneway":"yes","ref":"A1","surface":"asphalt","toll":"yes","carriage_ref":"A"},"geometry":{"type":"LineString","coordinates":[[9.1558117,47.4474687],[9.1543949,47.4483657]]}},{"type":"Feature","properties":{"highway":"motorway","int_ref":"E 25;E 62","lanes":"2","maxspeed":"120","oneway":"yes","ref":"A1","toll":"yes","carriage_ref":"A"},"geometry":{"type":"LineString","coordinates":[[6.2007343,46.3772457],[6.2003762,46.3761744],[6.1998862,46.3748773],[6.1995475,46.3741281],[6.199181,46.3733308],[6.1987184,46.3725135],[6.1982209,46.3717047],[6.1976104,46.3708784],[6.1971043,46.3702159],[6.1965991,46.3696036],[6.195812,46.3687365],[6.195192,46.368108],[6.1945025,46.3674697],[6.1940789,46.3671011],[6.1928472,46.3660995],[6.1923087,46.3657031],[6.1913154,46.3650052],[6.1899098,46.3640992],[6.18865,46.3633185],[6.1881511,46.3630192],[6.1872282,46.3624832],[6.1851535,46.3612428],[6.1838938,46.3604791],[6.1827775,46.3597727],[6.1818437,46.3591552],[6.180914,46.3585149],[6.1799885,46.3578507],[6.1791008,46.3571777],[6.1782297,46.3564957],[6.1772679,46.3557068],[6.1766953,46.3552188],[6.1760971,46.3546939],[6.1752933,46.353953],[6.1745572,46.3532403],[6.1739953,46.3526821],[6.173333,46.3520004]]}},{"type":"Feature","properties":{"bridge":"yes","highway":"motorway","int_ref":"E 60","lanes":"2","layer":"1","maxspeed":"120","oneway":"yes","ref":"A1","surface":"asphalt","toll":"yes","carriage_ref":"A"},"geometry":{"type":"LineString","coordinates":[[8.7163571,47.523128],[8.7161359,47.5231339],[8.7159156,47.5231451],[8.715495,47.5231806]]}},{"type":"Feature","properties":{"highway":"motorway","int_ref":"E 25;E 62","lanes":"3","lit":"no","maxspeed":"signals","oneway":"yes","ref":"A1","source":"Orthophotos du SITG (Système d'Information du Territoire Genevois)","toll":"yes","carriage_ref":"B"},"geometry":{"type":"LineString","coordinates":[[6.0982051,46.1660492],[6.0962778,46.1677508],[6.093216,46.170461]]}},{"type":"Feature","properties":{"avz":"303","cs_dir:forward":"2","highway":"motorway","int_ref":"E 60","lanes":"2","maxspeed":"120","oneway":"yes","ref":"A1","surface":"asphalt","toll":"yes","carriage_ref":"A"},"geometry":{"type":"LineString","coordinates":[[9.0793152,47.4579649],[9.0747555,47.4571796],[9.0714184,47.4566123],[9.070259,47.4564152],[9.0657188,47.4556366]]}},{"type":"Feature","properties":{"highway":"motorway","int_ref":"E 25;E 27","lanes":"4","lit":"no","maxspeed":"100","oneway":"yes","ref":"A1","surface":"asphalt","toll":"yes","turn:lanes":"none|none|none|merge_to_left","carriage_ref":"A"},"geometry":{"type":"LineString","coordinates":[[7.4290406,46.9643906],[7.4286766,46.964191],[7.428319,46.9639817],[7.4279726,46.9637665],[7.4276322,46.9635463],[7.4272906,46.9633192],[7.4270408,46.9631471],[7.4267945,46.9629736],[7.426308,46.9626224]]}},{"type":"Feature","properties":{"destination:lanes":"Bern;Neuchâtel;Besançon|Bern;Neuchâtel;Besançon|Simplon;Gd-St-Bernard;Lausanne-Nord","highway":"motorway","int_ref":"E 23;E 25;E 62","lanes":"3","lit":"no","maxspeed":"100","oneway":"yes","ref":"A1","surface":"asphalt","toll":"yes","carriage_ref":"B"},"geometry":{"type":"LineString","coordinates":[[6.5688967,46.547494],[6.5688488,46.5479089],[6.5687802,46.5482755],[6.5686878,46.5486976],[6.5685624,46.5491288],[6.5684161,46.5495681],[6.5681606,46.5501612],[6.5680176,46.5504706],[6.5678926,46.5507174],[6.5676223,46.5512271],[6.5672969,46.5517795],[6.5668896,46.5524173],[6.5664183,46.5530829],[6.5659529,46.5536995],[6.5655537,46.5542057],[6.5652816,46.5545754]]}},{"type":"Feature","properties":{"highway":"motorway","int_ref":"E 25;E 27","lanes":"3","maxspeed":"100","oneway":"yes","ref":"A1;A6","surface":"asphalt","toll":"yes","carriage_ref":"B"},"geometry":{"type":"LineString","coordinates":[[7.4750866,46.9892748],[7.4758886,46.9895047],[7.4768107,46.9897712],[7.4772921,46.9899173],[7.4777561,46.9900661],[7.4782177,46.9902242],[7.4784404,46.990304],[7.4786597,46.9903865],[7.4790039,46.9905219]]}},{"type":"Feature","properties":{"bridge":"yes","highway":"motorway","int_ref":"E 25;E 62","lanes":"2","layer":"1","maxspeed":"120","oneway":"yes","ref":"A1","toll":"yes","carriage_ref":"A"},"geometry":{"type":"LineString","coordinates":[[6.4534447,46.4928518],[6.4533077,46.4927991]]}},{"type":"Feature","properties":{"destination":"Morges","highway":"motorway","int_ref":"E 25;E 62","lanes":"2","maxspeed":"120","oneway":"yes","ref":"A1","toll":"yes","carriage_ref":"B"},"geometry":{"type":"LineString","coordinates":[[6.3931547,46.4770036],[6.3939558,46.4770956],[6.3956423,46.4773023],[6.3972368,46.4774859],[6.3993458,46.4776909]]}},{"type":"Feature","properties":{"highway":"motorway","int_ref":"E 25","lanes":"2","maxspeed":"120","oneway":"yes","ref":"A1","surface":"asphalt","toll":"yes","carriage_ref":"A"},"geometry":{"type":"LineString","coordinates":[[6.8898684,46.8254778],[6.8894618,46.825516],[6.8890899,46.8255604],[6.8886349,46.8256173],[6.8881873,46.8256815],[6.8877143,46.8257549],[6.8872591,46.8258305],[6.8868067,46.8259095],[6.8863593,46.8259953],[6.885914,46.8260857],[6.8854648,46.8261808],[6.8850168,46.8262797],[6.884577,46.8263848],[6.8841397,46.826493],[6.8837099,46.8266074],[6.8832835,46.826727],[6.8828429,46.8268528],[6.8824097,46.8269866],[6.8819747,46.8271304]]}},{"type":"Feature","properties":{"highway":"motorway","int_ref":"E 25;E 62","lanes":"2","maxspeed":"signals","oneway":"yes","ref":"A1","surface":"asphalt","toll":"yes","carriage_ref":"A"},"geometry":{"type":"LineString","coordinates":[[6.5651624,46.5416993],[6.5645207,46.5415546],[6.5636723,46.5413745],[6.5629623,46.541215],[6.5622093,46.5410454],[6.5615414,46.5408787],[6.5608694,46.5406928],[6.5601018,46.5404605],[6.5587443,46.5399661]]}},{"type":"Feature","properties":{"highway":"motorway","int_ref":"E 60","lanes":"3","lit":"no","maxspeed":"120","oneway":"yes","ref":"A1;A3","surface":"asphalt","toll":"yes","carriage_ref":"A"},"geometry":{"type":"LineString","coordinates":[[8.3910786,47.4225574],[8.3905524,47.4225989],[8.3898193,47.4226706],[8.3888533,47.42278],[8.3882981,47.4228517]]}},{"type":"Feature","properties":{"avz":"200","cs_dir:forward":"1","highway":"motorway","int_ref":"E 25;E 62","lanes":"3","lit":"no","maxspeed":"100","oneway":"yes","ref":"A1","source":"Orthophotos du SITG (Système d'Information du Territoire Genevois)","ssvz":"997N","toll":"yes","carriage_ref":"B"},"geometry":{"type":"LineString","coordinates":[[6.0970697,46.1518022],[6.0974046,46.1522913],[6.0976596,46.1526342],[6.0979561,46.1530193]]}},{"type":"Feature","properties":{"avz":"288","cs_dir:forward":"1","highway":"motorway","int_ref":"E 25","lanes":"2","lit":"no","maxspeed":"120","oneway":"yes","ref":"A1","surface":"asphalt","toll":"yes","carriage_ref":"B"},"geometry":{"type":"LineString","coordinates":[[7.7112454,47.2643477],[7.7115906,47.264702],[7.7119291,47.2650599],[7.7121766,47.2653341],[7.7124212,47.2656164],[7.7126667,47.2659075],[7.712898,47.2661993],[7.7131271,47.2664928],[7.7134157,47.2668937],[7.7136896,47.2672962],[7.7138805,47.2675916],[7.7140629,47.2678891],[7.7142422,47.2681928],[7.7144148,47.2684986],[7.7146621,47.2689569],[7.7148958,47.2694163],[7.7151235,47.2698871],[7.7154814,47.2706706],[7.7158133,47.2714243],[7.7166855,47.2735649],[7.7169552,47.2742043],[7.7170859,47.2745116],[7.7172237,47.2748177],[7.7173592,47.2751212],[7.7175012,47.2754247],[7.7176249,47.2756917],[7.7177524,47.2759582],[7.7178675,47.2761987],[7.7179931,47.2764391],[7.71815,47.276739],[7.7183127,47.2770391],[7.7184715,47.2773191],[7.7186336,47.2775988],[7.7188605,47.2779705],[7.7191034,47.278339],[7.71928,47.2786049],[7.7194639,47.2788683],[7.719686,47.2791656],[7.7199144,47.279461],[7.7201687,47.2797724],[7.7203818,47.280029],[7.7206039,47.2802839],[7.7208065,47.2804994],[7.7210082,47.2807144]]}},{"type":"Feature","properties":{"highway":"motorway","int_ref":"E 41;E 60","lanes":"2","lit":"no","maxspeed":"80","oneway":"yes","ref":"A1;A4","source:maxspeed":"sign","surface":"asphalt","toll":"yes","carriage_ref":"A"},"geometry":{"type":"LineString","coordinates":[[8.4923715,47.4263857],[8.4917788,47.4263237],[8.4911814,47.4262548],[8.4901895,47.4261196],[8.489887,47.4260721]]}},{"type":"Feature","properties":{"bridge":"yes","highway":"motorway","int_ref":"E 25;E 62","lanes":"2","layer":"1","maxspeed":"120","oneway":"yes","ref":"A1","toll":"yes","carriage_ref":"B"},"geometry":{"type":"LineString","coordinates":[[6.42628,46.4778554],[6.4265233,46.4779173]]}},{"type":"Feature","properties":{"highway":"motorway","int_ref":"E 41;E 60","lanes":"2","lit":"yes","maxspeed":"100","oneway":"yes","ref":"A1;A4","source:maxspeed":"sign","surface":"asphalt","toll":"yes","carriage_ref":"B"},"geometry":{"type":"LineString","coordinates":[[8.5742953,47.4142426],[8.5743749,47.4132744]]}},{"type":"Feature","properties":{"avz":"73","cs_dir:forward":"1","highway":"motorway","lanes":"2","lit":"no","maxspeed":"100","oneway":"yes","ref":"A1","surface":"asphalt","toll":"yes","carriage_ref":"B"},"geometry":{"type":"LineString","coordinates":[[7.8038791,47.3117197],[7.8047847,47.3118153],[7.8052394,47.3118612],[7.805695,47.3118965],[7.8066422,47.3119706],[7.8075859,47.3120308]]}},{"type":"Feature","properties":{"highway":"motorway","int_ref":"E 25","lit":"no","maxspeed":"100","oneway":"yes","ref":"A1","surface":"asphalt","toll":"yes","carriage_ref":"B"},"geometry":{"type":"LineString","coordinates":[[7.6647425,47.2486951],[7.6652095,47.2488072],[7.6656121,47.2489118],[7.6660547,47.2490421],[7.666519,47.2491872],[7.6669402,47.2493307],[7.6673629,47.2494861],[7.6677811,47.2496528],[7.6681927,47.2498248],[7.6684676,47.2499452]]}},{"type":"Feature","properties":{"bridge":"yes","destination":"St. Gallen;Flughafen;Nordring Zürich","highway":"motorway","int_ref":"E 60","lanes":"2","layer":"1","lit":"yes","maxspeed":"80","oneway":"yes","ref":"A1","surface":"asphalt","toll":"yes","carriage_ref":"B"},"geometry":{"type":"LineString","coordinates":[[8.4280836,47.4111048],[8.4282265,47.4110921]]}},{"type":"Feature","properties":{"highway":"motorway","int_ref":"E 25;E 62","lanes":"4","lit":"no","maxspeed":"signals","oneway":"yes","ref":"A1","toll":"yes","turn:lanes":"none|none|slight_right|slight_right","carriage_ref":"B"},"geometry":{"type":"LineString","coordinates":[[6.0998283,46.1552912],[6.0999464,46.1554384],[6.1001443,46.1557067],[6.1003181,46.1559479],[6.1004275,46.1561055],[6.1005591,46.156298]]}},{"type":"Feature","properties":{"highway":"motorway","int_ref":"E 25;E 62","lanes":"2","maxspeed":"100","oneway":"yes","ref":"A1","source":"Orthophotos 2009 du SITG (Système d'Information du Territoire Genevois)","surface":"asphalt","toll":"yes","carriage_ref":"A"},"geometry":{"type":"LineString","coordinates":[[6.133629,46.2483214],[6.1331076,46.248115],[6.1322882,46.2477873],[6.1317822,46.2475699],[6.1312645,46.2473345],[6.130647,46.247027],[6.1301858,46.2467707],[6.1298022,46.2465361],[6.1294583,46.2463107],[6.128933,46.2459337],[6.1285007,46.2456073],[6.1282882,46.2454285],[6.1280946,46.2452846]]}},{"type":"Feature","properties":{"highway":"motorway","int_ref":"E 41;E 60","lanes":"4","layer":"1","lit":"no","maxspeed":"100","oneway":"yes","ref":"A1;A4","source:maxspeed":"CH:motorway","surface":"asphalt","toll":"yes","carriage_ref":"B"},"geometry":{"type":"LineString","coordinates":[[8.4933872,47.4263069],[8.4941088,47.4263583],[8.4945053,47.4263973],[8.4949715,47.4264438],[8.4958645,47.4264971],[8.498387,47.4267733]]}},{"type":"Feature","properties":{"highway":"motorway","int_ref":"E 60","lanes":"3","maxspeed":"100","oneway":"yes","ref":"A1","surface":"asphalt","toll":"yes","carriage_ref":"A"},"geometry":{"type":"LineString","coordinates":[[9.3472029,47.4237122],[9.344622,47.4226868]]}},{"type":"Feature","properties":{"highway":"motorway","int_ref":"E 60","lanes":"2","maxspeed":"120","oneway":"yes","ref":"A1","surface":"asphalt","toll":"yes","carriage_ref":"B"},"geometry":{"type":"LineString","coordinates":[[8.7190376,47.52319],[8.7194521,47.5232663],[8.7198789,47.5233557],[8.7202911,47.5234605],[8.7207091,47.5235876],[8.7211188,47.5237162],[8.7214869,47.5238448],[8.7218358,47.5239741],[8.7236166,47.5246446],[8.7245192,47.524943],[8.7254024,47.5251844],[8.7263307,47.5253848],[8.7271962,47.5255323],[8.7280148,47.525623],[8.7289086,47.5257008],[8.7296538,47.5257471],[8.7301813,47.5257793],[8.7313395,47.5258719],[8.7325437,47.5260123],[8.7336395,47.5261988],[8.7344815,47.5263692],[8.7352747,47.5265577],[8.736246,47.5268191],[8.7372715,47.5271125],[8.7380747,47.5273664],[8.7387135,47.527568],[8.7401032,47.5280314],[8.741516,47.5284908],[8.7427511,47.52888],[8.7436214,47.5291327],[8.7441752,47.5292879],[8.7448091,47.529453],[8.7453553,47.5295844],[8.7459899,47.5297207],[8.7465269,47.5298293],[8.7469231,47.5299019],[8.7473891,47.5299802],[8.7479619,47.5300562],[8.7486326,47.5301315],[8.7492414,47.5301778],[8.7497608,47.5302],[8.7505794,47.5302217],[8.7514884,47.5301849],[8.7521709,47.5301369],[8.752891,47.5300588],[8.7535517,47.5299614],[8.7543455,47.5298095],[8.7550691,47.5296461],[8.7559678,47.5293957],[8.7571999,47.5290214],[8.7578889,47.5288179],[8.7585444,47.528638],[8.7592935,47.5284656],[8.7597634,47.5283723]]}},{"type":"Feature","properties":{"highway":"motorway","int_ref":"E 25;E 62","lanes":"2","maxspeed":"120","oneway":"yes","ref":"A1","toll":"yes","carriage_ref":"B"},"geometry":{"type":"LineString","coordinates":[[6.2947027,46.4445749],[6.2981845,46.4459041],[6.3006073,46.4468795],[6.302696,46.4477878],[6.306025,46.44933],[6.3079961,46.4503211],[6.3104771,46.4516618]]}},{"type":"Feature","properties":{"highway":"motorway","int_ref":"E 60","lanes":"2","maxspeed":"100","oneway":"yes","ref":"A1","surface":"asphalt","toll":"yes","carriage_ref":"B"},"geometry":{"type":"LineString","coordinates":[[9.3578261,47.426915],[9.3581905,47.4270938],[9.3591075,47.4275388],[9.3598165,47.4278865],[9.3605203,47.4282372],[9.3614868,47.428712],[9.3619909,47.4289592],[9.3627257,47.4293246],[9.363293,47.4295977],[9.3636887,47.4297825],[9.3640423,47.4299419],[9.364358,47.4300745],[9.3648018,47.4302509]]}},{"type":"Feature","properties":{"avz":"290","cs_dir:forward":"2","highway":"motorway","int_ref":"E 35","lanes":"4","lit":"no","maxspeed":"120","oneway":"yes","ref":"A1;A2","surface":"asphalt","toll":"yes","turn:lanes":"through|through|through|slight_right","carriage_ref":"A"},"geometry":{"type":"LineString","coordinates":[[7.8965039,47.3120137],[7.8960459,47.3121216],[7.8956615,47.3122063],[7.8952737,47.3122891],[7.8944727,47.3124507]]}},{"type":"Feature","properties":{"bridge":"yes","highway":"motorway","int_ref":"E 25;E 62","lanes":"2","layer":"1","maxspeed":"120","oneway":"yes","ref":"A1","toll":"yes","carriage_ref":"B"},"geometry":{"type":"LineString","coordinates":[[6.4797788,46.5028674],[6.4800292,46.5030006]]}},{"type":"Feature","properties":{"bridge":"yes","highway":"motorway","int_ref":"E 41;E 60","lanes":"2","layer":"1","lit":"no","maxspeed":"80","oneway":"yes","ref":"A1;A4","source:maxspeed":"sign","surface":"asphalt","toll":"yes","carriage_ref":"A"},"geometry":{"type":"LineString","coordinates":[[8.489887,47.4260721],[8.4889156,47.4258797]]}},{"type":"Feature","properties":{"highway":"motorway","int_ref":"E 60","lanes":"2","maxspeed":"120","oneway":"yes","ref":"A1","surface":"asphalt","toll":"yes","carriage_ref":"B"},"geometry":{"type":"LineString","coordinates":[[9.5214322,47.4739154],[9.5219882,47.4740723]]}},{"type":"Feature","properties":{"bridge":"yes","highway":"motorway","lanes":"2","layer":"1","lit":"no","maxspeed":"120","oneway":"yes","ref":"A1","surface":"asphalt","toll":"yes","carriage_ref":"B"},"geometry":{"type":"LineString","coordinates":[[8.0431528,47.3403576],[8.043306,47.3405202]]}},{"type":"Feature","properties":{"highway":"motorway","int_ref":"E 23;E 25","lanes":"2","lit":"no","maxspeed":"120","oneway":"yes","ref":"A1;A9","surface":"asphalt","toll":"yes","carriage_ref":"B"},"geometry":{"type":"LineString","coordinates":[[6.5722672,46.7207049],[6.5719195,46.7210291],[6.5717041,46.7212569],[6.571515,46.7214723],[6.5713104,46.7217262],[6.5711445,46.72194],[6.5709898,46.722156],[6.5708436,46.7223742],[6.5706564,46.7227077],[6.570469,46.7230519],[6.5703816,46.7232322],[6.5703181,46.7233702],[6.5702602,46.7235123]]}},{"type":"Feature","properties":{"highway":"motorway","int_ref":"E 25","lanes":"2","maxspeed":"120","oneway":"yes","ref":"A1","surface":"asphalt","toll":"yes","carriage_ref":"B"},"geometry":{"type":"LineString","coordinates":[[7.1499425,46.9406794],[7.1504238,46.9409446],[7.150804,46.9411499],[7.1511754,46.9413493],[7.1515393,46.9415428],[7.1519357,46.9417514],[7.1524625,46.9420228],[7.1528377,46.9422148],[7.1534197,46.9425104],[7.1537933,46.942696],[7.154183,46.9428866],[7.1547529,46.943163],[7.1556768,46.9436029],[7.1565478,46.9440121],[7.157261,46.9443464],[7.1578552,46.9446284],[7.1584449,46.9449151]]}},{"type":"Feature","properties":{"highway":"motorway","lanes":"2","lit":"no","maxspeed":"120","oneway":"yes","ref":"A1","surface":"asphalt","toll":"yes","carriage_ref":"B"},"geometry":{"type":"LineString","coordinates":[[8.0411992,47.3383237],[8.0416421,47.3387774],[8.0425479,47.3397224],[8.0431528,47.3403576]]}},{"type":"Feature","properties":{"carriage_ref":"A","highway":"motorway","int_ref":"E 25;E 62","lanes":"4","lit":"no","maxspeed":"signals","oneway":"yes","ref":"A1","toll":"yes","turn:lanes":"none|none|none|merge_to_left"},"geometry":{"type":"LineString","coordinates":[[6.1010566,46.1576467],[6.1009724,46.1574477],[6.100888,46.1572633],[6.1007965,46.1570781],[6.10069,46.1568792],[6.1005437,46.156627],[6.1003901,46.1563817],[6.1002176,46.1561233],[6.0999926,46.1558141],[6.0996464,46.1553667]]}},{"type":"Feature","properties":{"bridge":"yes","highway":"motorway","int_ref":"E 60","lanes":"3","layer":"1","maxspeed":"100","oneway":"yes","ref":"A1","surface":"asphalt","toll":"yes","carriage_ref":"A"},"geometry":{"type":"LineString","coordinates":[[9.3497236,47.4245482],[9.3481996,47.4240883],[9.3472029,47.4237122]]}},{"type":"Feature","properties":{"destination":"St. Gallen","highway":"motorway","int_ref":"E 60","lanes":"2","maxspeed":"120","oneway":"yes","ref":"A1","surface":"asphalt","toll":"yes","carriage_ref":"B"},"geometry":{"type":"LineString","coordinates":[[9.30639,47.4094531],[9.3068812,47.4096246],[9.3081714,47.4101492],[9.308879,47.4104568],[9.3095282,47.4107468],[9.3110492,47.4115391]]}},{"type":"Feature","properties":{"avz":"290","destination":"lanes","destination:lanes":"Zürich Aarau|Zürich Aarau;Chiasso;Gotthard;Luzern|Chiasso;Gotthard;Luzern","highway":"motorway","int_ref":"E 35","lanes":"3","lit":"no","maxspeed":"100","oneway":"yes","ref":"A1;A2","surface":"asphalt","toll":"yes","turn:lanes":"slight_left|slight_left;slight_right|slight_right","carriage_ref":"B"},"geometry":{"type":"LineString","coordinates":[[7.9027471,47.3098501],[7.9030394,47.3097245],[7.9034463,47.3095438],[7.9038464,47.3093601],[7.9042393,47.3091749],[7.9045945,47.3090019],[7.9049454,47.3088286]]}},{"type":"Feature","properties":{"bridge":"yes","highway":"motorway","int_ref":"E 25;E 62","lanes":"2","layer":"1","lit":"no","maxspeed":"signals","oneway":"yes","ref":"A1","source":"Orthophotos du SITG (Système d'Information du Territoire Genevois)","toll":"yes","carriage_ref":"B"},"geometry":{"type":"LineString","coordinates":[[6.1007252,46.1632587],[6.1005863,46.1634807]]}},{"type":"Feature","properties":{"avz":"517","cs_dir:forward":"1","highway":"motorway","int_ref":"E 60","lanes":"2","maxspeed":"120","oneway":"yes","ref":"A1","surface":"asphalt","toll":"yes","carriage_ref":"B"},"geometry":{"type":"LineString","coordinates":[[9.2761719,47.4163179],[9.2765715,47.415937],[9.2770365,47.4155166],[9.2774621,47.4151825],[9.2778463,47.4149176],[9.2782251,47.4146805],[9.278586,47.4144848],[9.2792406,47.4141611],[9.279786,47.4139391],[9.2805037,47.4137002],[9.2811238,47.4135235],[9.2829921,47.4130442]]}},{"type":"Feature","properties":{"destination:int_ref:lanes":"|E 41;E 60|E 41;E 60","destination:lanes":"Zürich-City|Zürich-City;Bern;Chur;Luzern;Flughafen;Nordring-Zürich|Bern;Chur;Luzern;Flughafen;Nordring-Zürich","destination:ref:lanes":"|A1;A4|A1;A4","highway":"motorway","int_ref":"E 41;E 60","lanes":"3","lit":"yes","maxspeed":"100","oneway":"yes","ref":"A1;A4","source:maxspeed":"sign","surface":"asphalt","toll":"yes","turn:lanes":"slight_left|slight_left;slight_right|slight_right","carriage_ref":"A"},"geometry":{"type":"LineString","coordinates":[[8.6083708,47.4083031],[8.6076737,47.4081639],[8.6073671,47.4081144],[8.6069501,47.4080481],[8.606158,47.4079398],[8.605363,47.4078393],[8.6051983,47.407815],[8.6049884,47.4077905],[8.6046552,47.4077517],[8.6039585,47.4076838],[8.6034717,47.4076408],[8.6031601,47.4076173],[8.6029085,47.4076009],[8.6027137,47.4075884]]}},{"type":"Feature","properties":{"highway":"motorway","int_ref":"E 60","lanes":"2","maxspeed":"120","oneway":"yes","ref":"A1","surface":"asphalt","toll":"yes","carriage_ref":"B"},"geometry":{"type":"LineString","coordinates":[[9.0011758,47.4712731],[9.0020755,47.4712833],[9.0035933,47.4713005]]}},{"type":"Feature","properties":{"destination:lanes":"St. Gallen|St. Gallen|Rastplatz Wildhus","highway":"motorway","int_ref":"E 60","lanes":"3","maxspeed":"120","oneway":"yes","ref":"A1","surface":"asphalt","toll":"yes","carriage_ref":"B"},"geometry":{"type":"LineString","coordinates":[[9.2589009,47.4242186],[9.2597631,47.4236299]]}},{"type":"Feature","properties":{"bridge":"yes","highway":"motorway","int_ref":"E 25;E 27","lanes":"2","layer":"2","maxspeed":"80","oneway":"yes","ref":"A1","surface":"asphalt","toll":"yes","carriage_ref":"A"},"geometry":{"type":"LineString","coordinates":[[7.4673865,46.9701095],[7.46697,46.9701082],[7.4665776,46.9701062],[7.4663424,46.9701027],[7.4660317,46.9700928]]}},{"type":"Feature","properties":{"highway":"motorway","int_ref":"E 25","lanes":"2","layer":"-1","maxspeed":"100","name":"Les Vignes","oneway":"yes","ref":"A1","surface":"asphalt","toll":"yes","tunnel":"yes","tunnel:alt_name":"Les Vignes","tunnel:name":"Vignes","carriage_ref":"A"},"geometry":{"type":"LineString","coordinates":[[7.1264493,46.9175802],[7.1258671,46.9170636],[7.1255426,46.9168254],[7.1251563,46.9165469]]}},{"type":"Feature","properties":{"highway":"motorway","int_ref":"E 25;E 27","lanes":"3","lit":"no","maxspeed":"80","oneway":"yes","ref":"A1","surface":"asphalt","toll":"yes","carriage_ref":"B"},"geometry":{"type":"LineString","coordinates":[[7.434245,46.9659936],[7.4346529,46.96607],[7.4351245,46.9661505],[7.4355531,46.9662211],[7.4359908,46.9662889],[7.4364293,46.9663556],[7.4377699,46.9665694],[7.4382209,46.9666439],[7.4386287,46.9667169],[7.4390858,46.9668007],[7.4393387,46.9668495],[7.4395756,46.9668974],[7.439771,46.9669369],[7.4399661,46.9669777],[7.4402326,46.9670354]]}},{"type":"Feature","properties":{"highway":"motorway","int_ref":"E 25","lanes":"2","lit":"no","maxspeed":"120","official_name":"Nationalstrasse N1 Mitteland Süd","oneway":"yes","ref":"A1","surface":"asphalt","toll":"yes","carriage_ref":"A"},"geometry":{"type":"LineString","coordinates":[[7.6194742,47.2275578],[7.6188742,47.2273425],[7.6183389,47.2271548],[7.6178078,47.2269635],[7.6167482,47.2265786],[7.6163379,47.2264263],[7.6159286,47.2262735],[7.6155079,47.2261118],[7.6150945,47.2259588],[7.6146753,47.2257892],[7.6144916,47.2257179],[7.6142449,47.2256157],[7.6138564,47.2254476],[7.6134727,47.2252823],[7.6130849,47.2251111]]}},{"type":"Feature","properties":{"bridge":"yes","highway":"motorway","int_ref":"E 25","lanes":"2","layer":"1","maxspeed":"120","oneway":"yes","ref":"A1","surface":"asphalt","toll":"yes","carriage_ref":"A"},"geometry":{"type":"LineString","coordinates":[[6.8442725,46.8271339],[6.8439444,46.8270416],[6.8436178,46.8269514],[6.843287,46.8268639],[6.842957,46.826779],[6.8423896,46.8266383],[6.8418196,46.8265013],[6.8412439,46.8263678],[6.8406989,46.8262451]]}},{"type":"Feature","properties":{"highway":"motorway","int_ref":"E 60","lanes":"3","maxspeed":"120","oneway":"yes","ref":"A1","surface":"asphalt","toll":"yes","turn:lanes":"none|none|merge_to_left","carriage_ref":"B"},"geometry":{"type":"LineString","coordinates":[[9.4158626,47.4402369],[9.4160533,47.440379],[9.4163456,47.440634],[9.4165088,47.4407807],[9.4166804,47.4409733],[9.4168199,47.4411436],[9.4169076,47.4412633],[9.4169482,47.4413186],[9.417079,47.4415184]]}},{"type":"Feature","properties":{"bridge":"yes","highway":"motorway","int_ref":"E 60","lanes":"2","layer":"1","maxspeed":"120","oneway":"yes","ref":"A1","surface":"asphalt","toll":"yes","carriage_ref":"B"},"geometry":{"type":"LineString","coordinates":[[8.9953427,47.471268],[8.9957203,47.4712507]]}},{"type":"Feature","properties":{"highway":"motorway","int_ref":"E 25","lanes":"2","lit":"no","maxspeed":"120","oneway":"yes","ref":"A1","surface":"asphalt","toll":"yes","carriage_ref":"B"},"geometry":{"type":"LineString","coordinates":[[7.2750461,46.9603434],[7.2757635,46.960362],[7.2764773,46.9603731],[7.2769233,46.9603704],[7.2774446,46.9603631],[7.2779561,46.9603518],[7.2784283,46.9603354],[7.2789031,46.9603115],[7.2793615,46.9602824],[7.27981,46.9602502],[7.2802683,46.9602122],[7.2807676,46.9601618],[7.2812466,46.9601091],[7.2816848,46.9600554],[7.2821515,46.9599938],[7.2825842,46.9599298],[7.283075,46.959846],[7.2835585,46.9597653],[7.2840199,46.9596802],[7.2844559,46.9596008],[7.2849057,46.9595142],[7.2857949,46.9593514],[7.2862755,46.9592626],[7.2867518,46.9591805],[7.2872106,46.9591045],[7.2876697,46.959039],[7.2881349,46.9589763],[7.2886292,46.9589135],[7.2890788,46.9588639],[7.2895525,46.9588188],[7.2900139,46.9587784],[7.2909536,46.9587035],[7.291883,46.9586289],[7.2923636,46.958591],[7.2927816,46.9585577],[7.2932262,46.9585112],[7.2937035,46.9584602],[7.2941662,46.9584062],[7.2946387,46.9583434],[7.2950884,46.9582766],[7.2955518,46.9582039],[7.2959908,46.9581261],[7.2964579,46.9580358],[7.2969171,46.9579417],[7.2973706,46.9578436],[7.2978276,46.9577366],[7.2982833,46.9576238],[7.299215,46.9573663]]}},{"type":"Feature","properties":{"bridge":"yes","highway":"motorway","int_ref":"E 25;E 27","lanes":"3","layer":"3","maxspeed":"100","maxspeed:variable":"yes","oneway":"yes","ref":"A1;A6","surface":"asphalt","toll":"yes","carriage_ref":"B"},"geometry":{"type":"LineString","coordinates":[[7.467951,46.9780798],[7.4677743,46.9783931],[7.4676702,46.9785948],[7.4675808,46.9788004],[7.4674725,46.9790312],[7.4673707,46.9792413]]}},{"type":"Feature","properties":{"highway":"motorway","int_ref":"E 41;E 60","lanes":"3","lit":"yes","maxspeed":"100","oneway":"yes","ref":"A1;A4","surface":"asphalt","toll":"yes","carriage_ref":"B"},"geometry":{"type":"LineString","coordinates":[[8.6316471,47.4189403],[8.6317874,47.4190457],[8.6321958,47.4193185],[8.6327249,47.4196514]]}},{"type":"Feature","properties":{"highway":"motorway","int_ref":"E 25;E 62","lanes":"2","maxspeed":"100","oneway":"yes","ref":"A1","toll":"yes","carriage_ref":"B"},"geometry":{"type":"LineString","coordinates":[[6.1126304,46.23217],[6.1143714,46.2336276],[6.1153045,46.234418],[6.116315,46.2353036]]}},{"type":"Feature","properties":{"avz":"93","cs_dir:forward":"2","destination:lanes":"Zürich;Winterthur-Töss|Zürich;Winterthur-Töss|Wülflingen;Pfungen;Embrach","destination:ref:lanes":"A1;A4|A1;A4|7","hazmat:water":"permissive","highway":"motorway","int_ref":"E 41;E 60","lanes":"3","maxspeed":"100","oneway":"yes","placement":"right_of:1","ref":"A1;A4","shoulder:right":"yes","source:maxspeed":"sign","ssvz":"700N","surface":"asphalt","toll":"yes","turn:lanes":"none|none|slight_right","carriage_ref":"A"},"geometry":{"type":"LineString","coordinates":[[8.6962835,47.5191202],[8.695967,47.5188178],[8.6956486,47.5185131],[8.6953289,47.5182024],[8.6949997,47.5179054],[8.6945307,47.5175023],[8.6940573,47.5170993]]}},{"type":"Feature","properties":{"highway":"motorway","int_ref":"E 25;E 62","lanes":"2","maxspeed":"120","oneway":"yes","ref":"A1","toll":"yes","carriage_ref":"B"},"geometry":{"type":"LineString","coordinates":[[6.4857812,46.506311],[6.4874343,46.5073668]]}},{"type":"Feature","properties":{"highway":"motorway","int_ref":"E 23;E 25","lanes":"2","lit":"no","maxspeed":"120","oneway":"yes","ref":"A1;A9","surface":"asphalt","toll":"yes","tunnel":"yes","carriage_ref":"B"},"geometry":{"type":"LineString","coordinates":[[6.5722406,46.6560348],[6.5723613,46.6564601]]}},{"type":"Feature","properties":{"bridge":"yes","highway":"motorway","int_ref":"E 60","lanes":"2","layer":"1","maxspeed":"120","oneway":"yes","ref":"A1","surface":"asphalt","toll":"yes","carriage_ref":"A"},"geometry":{"type":"LineString","coordinates":[[8.9957285,47.4713674],[8.9949429,47.4714013]]}},{"type":"Feature","properties":{"highway":"motorway","int_ref":"E 25;E 62","lanes":"3","maxspeed":"100","oneway":"yes","ref":"A1","source":"Orthophotos 2009 du SITG (Système d'Information du Territoire Genevois)","surface":"asphalt","toll":"yes","carriage_ref":"B"},"geometry":{"type":"LineString","coordinates":[[6.1228966,46.2408703],[6.1238096,46.2416146]]}},{"type":"Feature","properties":{"avz":"82","cs_dir:forward":"1","highway":"motorway","int_ref":"E 60","lanes":"2","maxspeed":"120","oneway":"yes","ref":"A1","ssvz":"154N","surface":"asphalt","toll":"yes","carriage_ref":"B"},"geometry":{"type":"LineString","coordinates":[[9.2063559,47.4318568],[9.2076182,47.4314472],[9.20904,47.4309367],[9.2106249,47.4302878],[9.2121415,47.4295819],[9.2139256,47.4286673],[9.2158134,47.4276406],[9.2179489,47.4264759],[9.2188844,47.4259809],[9.2198749,47.4254814],[9.2206349,47.4251288],[9.2213348,47.4248316],[9.22207,47.4245442],[9.2225626,47.4243761],[9.2229878,47.4242376],[9.2236608,47.4240419],[9.224488,47.4238478]]}},{"type":"Feature","properties":{"bridge":"yes","highway":"motorway","lanes":"2","layer":"1","lit":"no","maxspeed":"120","oneway":"yes","ref":"A1","surface":"asphalt","toll":"yes","carriage_ref":"B"},"geometry":{"type":"LineString","coordinates":[[8.0312077,47.3299119],[8.0314307,47.3300446]]}},{"type":"Feature","properties":{"highway":"motorway","int_ref":"E 41;E 60","lanes":"2","lit":"yes","maxspeed":"signals","oneway":"yes","ref":"A1;A4","shoulder:right":"yes","source:maxspeed":"signals","surface":"asphalt","toll":"yes","carriage_ref":"A"},"geometry":{"type":"LineString","coordinates":[[8.5747002,47.4143729],[8.5746479,47.4146634],[8.5746105,47.4149533],[8.5745745,47.4152548],[8.5744879,47.4162513]]}},{"type":"Feature","properties":{"destination:lanes":"St. Gallen|St. Gallen|Gossau;Andwil","highway":"motorway","int_ref":"E 60","lanes":"3","maxspeed":"120","oneway":"yes","ref":"A1","surface":"asphalt","toll":"yes","carriage_ref":"B"},"geometry":{"type":"LineString","coordinates":[[9.2300118,47.4233953],[9.2306265,47.4234314],[9.2313261,47.4234843]]}},{"type":"Feature","properties":{"highway":"motorway","lanes":"2","lit":"no","maxspeed":"120","oneway":"yes","ref":"A1","surface":"asphalt","toll":"yes","carriage_ref":"B"},"geometry":{"type":"LineString","coordinates":[[8.0681949,47.3609016],[8.0685637,47.36117],[8.0688907,47.3613938],[8.0690681,47.3615087],[8.0692498,47.3616205],[8.0695849,47.3618201],[8.0699461,47.3620194],[8.0701643,47.3621363],[8.0703892,47.36225],[8.0707795,47.3624369],[8.0709769,47.362526],[8.0711763,47.3626135],[8.0713699,47.3626967],[8.0715816,47.3627805],[8.0717949,47.3628628],[8.0720001,47.3629417],[8.0722069,47.3630188],[8.0726172,47.3631597],[8.0730499,47.3632984],[8.0734815,47.3634225],[8.0739175,47.3635374],[8.0743527,47.3636448],[8.0747972,47.3637476],[8.0752454,47.3638452],[8.0756864,47.3639367],[8.0789574,47.3645864],[8.0803015,47.3648653],[8.0809714,47.3650113],[8.0816401,47.3651613],[8.0823272,47.365322],[8.0829888,47.3654829],[8.083663,47.3656559],[8.0843145,47.3658287],[8.084977,47.3660127],[8.0856274,47.3661999],[8.0862732,47.3663933],[8.0871311,47.3666603],[8.0880708,47.3669695],[8.088717,47.3671912],[8.0893431,47.3674161],[8.0899703,47.3676455],[8.0905918,47.367883],[8.0910016,47.3680438]]}},{"type":"Feature","properties":{"bridge":"yes","highway":"motorway","int_ref":"E 60","lanes":"2","layer":"1","maxspeed":"120","oneway":"yes","ref":"A1","surface":"asphalt","toll":"yes","carriage_ref":"B"},"geometry":{"type":"LineString","coordinates":[[9.1474381,47.4515966],[9.147635,47.4515374],[9.1476613,47.4515295],[9.1479813,47.4514332]]}},{"type":"Feature","properties":{"highway":"motorway","lanes":"2","lit":"no","maxspeed":"100","oneway":"yes","ref":"A1","surface":"asphalt","toll":"yes","carriage_ref":"A"},"geometry":{"type":"LineString","coordinates":[[8.2470964,47.4461741],[8.2468524,47.445998],[8.246612,47.4458217],[8.2462853,47.4455789],[8.2459475,47.4453089],[8.2456081,47.4450202],[8.2452645,47.4447161],[8.2449417,47.4444141]]}},{"type":"Feature","properties":{"destination:ref":"A 1","highway":"motorway","int_ref":"E 60","lanes":"2","lit":"yes","maxspeed":"80","oneway":"yes","surface":"asphalt","toll":"yes","carriage_ref":"A"},"geometry":{"type":"LineString","coordinates":[[8.4278016,47.4122002],[8.4276341,47.4122167],[8.4274563,47.4122421],[8.4272714,47.4122794],[8.4270949,47.4123229],[8.4269139,47.4123746],[8.4266805,47.4124539],[8.4263239,47.4125841],[8.4259893,47.4127086],[8.4254228,47.4128948]]}},{"type":"Feature","properties":{"highway":"motorway","int_ref":"E 25;E 62","lanes":"2","lit":"no","maxspeed":"100","oneway":"yes","ref":"A1","toll":"yes","carriage_ref":"A"},"geometry":{"type":"LineString","coordinates":[[6.0806693,46.1878758],[6.0813004,46.1870212],[6.0816065,46.1865821],[6.0818987,46.1861429],[6.0822215,46.1855958]]}},{"type":"Feature","properties":{"highway":"motorway","int_ref":"E 23;E 25","lanes":"2","lit":"no","maxspeed":"120","oneway":"yes","ref":"A1;A9","surface":"asphalt","toll":"yes","carriage_ref":"B"},"geometry":{"type":"LineString","coordinates":[[6.5723613,46.6564601],[6.572511,46.6570122],[6.5726284,46.657666],[6.572671,46.657998],[6.5726981,46.6582857],[6.5727355,46.6589366],[6.5727334,46.6594905],[6.572704,46.6598669],[6.5726701,46.6602422]]}},{"type":"Feature","properties":{"highway":"motorway","int_ref":"E 25;E 62","lanes":"3","lit":"no","maxspeed":"100","oneway":"yes","ref":"A1","toll":"yes","carriage_ref":"B"},"geometry":{"type":"LineString","coordinates":[[6.0811936,46.1874398],[6.0801917,46.1887906],[6.0797605,46.1894234]]}},{"type":"Feature","properties":{"highway":"motorway","int_ref":"E 41;E 60","lanes":"3","maxspeed":"120","oneway":"yes","ref":"A1;A4","source:maxspeed":"CH:motorway","surface":"asphalt","toll":"yes","turn:lanes":"||slight_right","carriage_ref":"B"},"geometry":{"type":"LineString","coordinates":[[8.7049637,47.474061],[8.7049489,47.474396],[8.7049419,47.4747278],[8.7049352,47.4750587],[8.7049403,47.4764122]]}},{"type":"Feature","properties":{"highway":"motorway","int_ref":"E 25;E 62","lanes":"2","maxspeed":"100","oneway":"yes","ref":"A1","toll":"yes","carriage_ref":"A"},"geometry":{"type":"LineString","coordinates":[[6.116198,46.2353846],[6.1151297,46.2344822],[6.114507,46.2339622],[6.1130659,46.2328093]]}},{"type":"Feature","properties":{"highway":"motorway","int_ref":"E 25","lanes":"2","layer":"-1","maxspeed":"100","name":"Tunnel de Châbles","oneway":"yes","ref":"A1","surface":"asphalt","toll":"yes","tunnel":"yes","tunnel:alt_name":"Bruyères","tunnel:name":"Châbles","carriage_ref":"A"},"geometry":{"type":"LineString","coordinates":[[6.8211158,46.8199888],[6.8200626,46.8192898],[6.81864,46.8181575],[6.8174361,46.8172353],[6.8151107,46.8151661],[6.8139141,46.8140281],[6.8123724,46.8127383],[6.8109787,46.8115624],[6.8093507,46.8102938],[6.8073116,46.8088538],[6.8051573,46.8074616]]}},{"type":"Feature","properties":{"destination":"Mühleberg","highway":"motorway","int_ref":"E 25","lanes":"2","layer":"-2","lit":"yes","maxspeed":"100","name":"Brünnen","oneway":"yes","ref":"A1","surface":"asphalt","toll":"yes","tunnel":"yes","tunnel:name":"Brünnen","carriage_ref":"A"},"geometry":{"type":"LineString","coordinates":[[7.3740702,46.9450161],[7.3731422,46.9447998]]}},{"type":"Feature","properties":{"highway":"motorway","int_ref":"E 41;E 60","lanes":"3","maxspeed":"120","oneway":"yes","ref":"A1;A4","source:maxspeed":"CH:motorway","surface":"asphalt","toll":"yes","carriage_ref":"A"},"geometry":{"type":"LineString","coordinates":[[8.6880919,47.4405638],[8.6875516,47.4403235],[8.6872733,47.4402015],[8.6869911,47.4400796],[8.6866527,47.4399201],[8.6863137,47.4397597],[8.6859409,47.4395771],[8.6855665,47.4393876],[8.6853755,47.4392895],[8.6852078,47.4391968],[8.68503,47.4391028],[8.6848501,47.4390007],[8.6845315,47.4388226],[8.6842201,47.4386289],[8.6840514,47.4385249],[8.6838923,47.4384207],[8.6837314,47.438313],[8.6835743,47.4381996],[8.6834178,47.4380886],[8.6832574,47.4379708],[8.6829647,47.4377397],[8.6827913,47.4375946],[8.6826356,47.4374621],[8.6824908,47.4373325],[8.6823363,47.4371953],[8.6821157,47.4369934],[8.6819196,47.4367849],[8.6818062,47.4366528],[8.681697,47.4365255],[8.6815845,47.4363913],[8.6814787,47.4362622],[8.6812941,47.4360349],[8.6811224,47.4357921],[8.6809852,47.4355875],[8.6808494,47.4353782],[8.6807015,47.4351111],[8.6806268,47.4349806],[8.6805611,47.4348497],[8.680491,47.4347127],[8.6804278,47.4345721],[8.6803614,47.4344396],[8.6802976,47.4342986],[8.6801901,47.4340376],[8.6801428,47.4338959],[8.6800945,47.4337601],[8.6799698,47.4333902],[8.679921,47.4332347],[8.6798779,47.433077],[8.6797916,47.4327738],[8.6797311,47.4325625],[8.6796691,47.4323538],[8.6795658,47.4319341],[8.6793482,47.4310412],[8.6791047,47.4302993],[8.6790369,47.4300996],[8.6789637,47.4299063],[8.6788961,47.4297167],[8.6788216,47.4295343],[8.6787477,47.4293551],[8.6786618,47.4291743],[8.6785733,47.4289941],[8.6784747,47.4288044],[8.6783693,47.4286126],[8.6782606,47.4284336],[8.6781484,47.4282509],[8.6780485,47.42811],[8.6779516,47.4279644],[8.6778561,47.4278253],[8.6777501,47.4276869],[8.6776398,47.4275409],[8.6775241,47.4273946],[8.6774066,47.4272484],[8.6772761,47.4270891],[8.6770849,47.4268778],[8.6768915,47.42667],[8.6767283,47.4265079],[8.6765461,47.4263381],[8.6763066,47.4261199],[8.676058,47.4258971],[8.675812,47.4256964],[8.6755303,47.4254877],[8.6753951,47.4253917],[8.6749791,47.4251011],[8.6746739,47.4248986],[8.6743795,47.4247143],[8.6741672,47.4245861],[8.6739531,47.4244623],[8.6734836,47.4242145],[8.6731076,47.4240223],[8.6727042,47.4238378],[8.6722814,47.4236476],[8.671868,47.4234811],[8.6713971,47.4233112],[8.6711761,47.4232371],[8.6709422,47.4231614],[8.6705646,47.4230375],[8.6701423,47.422918],[8.6696574,47.422786],[8.6694133,47.4227315],[8.6691728,47.4226752],[8.6686912,47.4225778],[8.6682106,47.4224864],[8.6679179,47.4224401],[8.6676231,47.4223981],[8.667307,47.4223537],[8.6669857,47.4223142],[8.6664843,47.4222635]]}},{"type":"Feature","properties":{"highway":"motorway","int_ref":"E 23;E 25","lanes":"2","lit":"no","maxspeed":"120","oneway":"yes","ref":"A1;A9","toll":"yes","carriage_ref":"B"},"geometry":{"type":"LineString","coordinates":[[6.5580645,46.5678765],[6.5575822,46.5699207]]}},{"type":"Feature","properties":{"highway":"motorway","int_ref":"E 41;E 60","lanes":"2","lit":"no","maxspeed":"80","oneway":"yes","ref":"A1;A4","source:maxspeed":"CH:motorway","surface":"asphalt","toll":"yes","carriage_ref":"A"},"geometry":{"type":"LineString","coordinates":[[8.4983504,47.4269312],[8.4976064,47.4268348]]}},{"type":"Feature","properties":{"change:lanes":"not_left|not_left|yes|not_right","destination:int_ref:lanes":"|E 41;E 60|E 41;E 60|","destination:lanes":"|Bern;Chur;Luzern;Nordring-Zürich|Bern;Chur;Luzern;Nordring-Zürich|Bülach;Flughafen","destination:ref:lanes":"|A1;A4|A1;A4|A51","destination:symbol:lanes":"|||airport","highway":"motorway","int_ref":"E 41;E 60","lanes":"4","lit":"yes","maxspeed":"signals","oneway":"yes","ref":"A1;A4","shoulder:right":"yes","source:maxspeed":"signals","surface":"asphalt","toll":"yes","turn:lanes":"merge_to_right|none|none|slight_right","carriage_ref":"A"},"geometry":{"type":"LineString","coordinates":[[8.5744806,47.4181919],[8.5744784,47.4185759],[8.5744854,47.4189754],[8.5744904,47.419377],[8.5745141,47.4199317],[8.5745494,47.4204595]]}},{"type":"Feature","properties":{"bridge":"yes","highway":"motorway","int_ref":"E 25;E 62","lanes":"2","layer":"1","maxspeed":"120","oneway":"yes","ref":"A1","toll":"yes","carriage_ref":"B"},"geometry":{"type":"LineString","coordinates":[[6.4670503,46.4972689],[6.4680151,46.4976216],[6.4690632,46.4980134],[6.4701009,46.4984244]]}},{"type":"Feature","properties":{"highway":"motorway","int_ref":"E 25;E 27","lanes":"4","lit":"no","maxspeed":"100","oneway":"yes","ref":"A1","surface":"asphalt","toll":"yes","carriage_ref":"B"},"geometry":{"type":"LineString","coordinates":[[7.411065,46.9516288],[7.4114038,46.9517524],[7.4117272,46.9518787],[7.4120296,46.9520047],[7.4122739,46.952111],[7.4125116,46.9522213],[7.4127413,46.9523306],[7.4129596,46.9524438],[7.4132941,46.9526204]]}},{"type":"Feature","properties":{"highway":"motorway","int_ref":"E 25","lanes":"2","maxspeed":"100","oneway":"yes","ref":"A1","surface":"asphalt","toll":"yes","carriage_ref":"A"},"geometry":{"type":"LineString","coordinates":[[7.4968067,47.0160508],[7.4967642,47.0159567],[7.4967165,47.0158431],[7.4966548,47.0156855],[7.4966001,47.01553],[7.4965466,47.0153662],[7.496496,47.015196],[7.4964569,47.0150509],[7.4964224,47.0148933],[7.4963923,47.0147237],[7.4963726,47.0145644],[7.4963546,47.0144068],[7.4963433,47.0142737],[7.4963359,47.0141396],[7.4963345,47.0139764],[7.4963382,47.0138121],[7.4963465,47.0136501],[7.496356,47.013533]]}},{"type":"Feature","properties":{"avz":"381","cs_dir:forward":"1","highway":"motorway","int_ref":"E 60","lanes":"3","lit":"no","maxspeed":"100","oneway":"yes","ref":"A1;A3","surface":"asphalt","toll":"yes","carriage_ref":"B"},"geometry":{"type":"LineString","coordinates":[[8.2539472,47.4491673],[8.2547269,47.4493803],[8.2553934,47.4495534]]}},{"type":"Feature","properties":{"bridge":"yes","destination":"Zürich","highway":"motorway","int_ref":"E 60","lanes":"3","layer":"1","lit":"no","maxspeed":"120","oneway":"yes","ref":"A1;A3","toll":"yes","carriage_ref":"B"},"geometry":{"type":"LineString","coordinates":[[8.3310142,47.4545136],[8.3313983,47.4544524],[8.3318025,47.4543755],[8.3321571,47.4542973],[8.3325262,47.4542121],[8.3327878,47.4541433]]}},{"type":"Feature","properties":{"highway":"motorway","int_ref":"E 25","lanes":"2","maxspeed":"100","oneway":"yes","ref":"A1","surface":"asphalt","toll":"yes","carriage_ref":"B"},"geometry":{"type":"LineString","coordinates":[[6.7975628,46.8030464],[6.7984286,46.803466],[6.7992811,46.8038895],[6.7998282,46.8041686],[6.8003981,46.8044583],[6.8009611,46.8047547],[6.801518,46.8050543],[6.8020734,46.8053574],[6.8029397,46.8058536],[6.8037977,46.8063521],[6.8041799,46.8065857],[6.8047656,46.8069437],[6.8055388,46.8074377]]}},{"type":"Feature","properties":{"destination":"Winterthur-Töss","highway":"motorway","int_ref":"E 41;E 60","lanes":"3","maxspeed":"120","oneway":"yes","ref":"A1;A4","source:maxspeed":"CH:motorway","surface":"asphalt","toll":"yes","carriage_ref":"B"},"geometry":{"type":"LineString","coordinates":[[8.6964518,47.4457345],[8.6967942,47.4461886],[8.6973726,47.4469736],[8.6976292,47.4473066],[8.6979623,47.4477256]]}},{"type":"Feature","properties":{"destination":"Zürich;Luzern;Basel","highway":"motorway","int_ref":"E 25","lanes":"2","lit":"no","maxspeed":"120","oneway":"yes","ref":"A1","surface":"asphalt","toll":"yes","carriage_ref":"B"},"geometry":{"type":"LineString","coordinates":[[7.6008006,47.2110354],[7.6008851,47.2113645],[7.6009759,47.2116927]]}},{"type":"Feature","properties":{"bridge":"yes","highway":"motorway","int_ref":"E 25;E 62","lanes":"2","layer":"1","maxspeed":"signals","oneway":"yes","ref":"A1","toll":"yes","carriage_ref":"A"},"geometry":{"type":"LineString","coordinates":[[6.1347015,46.2663791],[6.1345824,46.2662049]]}},{"type":"Feature","properties":{"highway":"motorway","int_ref":"E 41;E 60","lanes":"2","maxspeed":"120","oneway":"yes","ref":"A1;A4","source:maxspeed":"CH:motorway","surface":"asphalt","toll":"yes","carriage_ref":"B"},"geometry":{"type":"LineString","coordinates":[[8.7049403,47.4764122],[8.7049105,47.4770145],[8.7048974,47.4773156],[8.7048839,47.4776165],[8.7048606,47.4779249],[8.7048304,47.4782558],[8.704813,47.4784213],[8.7047923,47.4785868],[8.7047674,47.4787635],[8.7047384,47.4789344],[8.7046886,47.4792101]]}},{"type":"Feature","properties":{"hazmat:water":"permissive","highway":"motorway","int_ref":"E 60","lanes":"2","maxspeed":"120","oneway":"yes","ref":"A1","shoulder:right":"yes","source:maxspeed":"CH:motorway","surface":"asphalt","toll":"yes","carriage_ref":"A"},"geometry":{"type":"LineString","coordinates":[[9.5187237,47.4732268],[9.5181572,47.4730575],[9.5175528,47.4728799],[9.516728,47.4726862],[9.5159095,47.4724844],[9.5148508,47.4722324],[9.5141341,47.4720332],[9.5133666,47.471803],[9.5124164,47.4714585]]}},{"type":"Feature","properties":{"destination:lanes":"||Rheineck;Thal;Polizei","highway":"motorway","int_ref":"E 60","lanes":"3","maxspeed":"120","oneway":"yes","placement":"right_of:1","ref":"A1","surface":"asphalt","toll":"yes","turn:lanes":"||slight_right","carriage_ref":"B"},"geometry":{"type":"LineString","coordinates":[[9.5699199,47.4788447],[9.5705579,47.4790788],[9.5710416,47.4792651]]}},{"type":"Feature","properties":{"highway":"motorway","int_ref":"E 25","lanes":"2","lit":"no","maxspeed":"120","oneway":"yes","ref":"A1","surface":"asphalt","toll":"yes","carriage_ref":"B"},"geometry":{"type":"LineString","coordinates":[[7.6034859,47.2172215],[7.6036786,47.2175123],[7.6038792,47.2178015],[7.6040869,47.2180855],[7.6043,47.2183681],[7.6045239,47.2186535],[7.6047814,47.2189602],[7.6050448,47.2192667],[7.605285,47.2195433],[7.6055397,47.2198122],[7.6057941,47.2200703],[7.6060535,47.2203271],[7.6063263,47.2205883],[7.6066094,47.2208474],[7.6068974,47.2211026],[7.6071914,47.2213557],[7.6074878,47.2215978],[7.6077913,47.2218358],[7.6080986,47.2220718],[7.6084101,47.2223044],[7.6087341,47.2225357],[7.6090709,47.2227666],[7.6094831,47.2230414],[7.609827,47.2232611],[7.6101789,47.2234749],[7.6107065,47.2237804],[7.6111838,47.2240497]]}},{"type":"Feature","properties":{"highway":"motorway","int_ref":"E 25;E 62","lanes":"3","maxspeed":"100","oneway":"yes","ref":"A1","surface":"asphalt","toll":"yes","carriage_ref":"B"},"geometry":{"type":"LineString","coordinates":[[6.5528184,46.5365422],[6.5530269,46.5366796],[6.5533789,46.5369072],[6.5538763,46.5372312],[6.5544022,46.5375737],[6.5555609,46.538288],[6.5562906,46.5387005],[6.5573527,46.5392263],[6.5581493,46.5395722],[6.5586755,46.5397821]]}},{"type":"Feature","properties":{"highway":"motorway","int_ref":"E 25;E 27","lanes":"4","maxspeed":"80","oneway":"yes","ref":"A1;A6","surface":"asphalt","toll":"yes","carriage_ref":"B"},"geometry":{"type":"LineString","coordinates":[[7.4706237,46.9740595],[7.4704852,46.9742602],[7.47007,46.9748536],[7.46919,46.9761144],[7.4689889,46.9764093],[7.4687378,46.9767918],[7.4685382,46.9771003]]}},{"type":"Feature","properties":{"bridge":"yes","highway":"motorway","int_ref":"E 25","lanes":"2","layer":"1","maxspeed":"120","name":"Pont de Cronay","oneway":"yes","ref":"A1","source:name":"Mapillary","surface":"asphalt","toll":"yes","carriage_ref":"A"},"geometry":{"type":"LineString","coordinates":[[6.7160593,46.7737674],[6.7155235,46.7735179],[6.7150015,46.7732621],[6.7139329,46.7727178],[6.7133698,46.7724314],[6.7128022,46.7721475],[6.7120574,46.7717863],[6.711363,46.7714599],[6.7106638,46.7711396],[6.7100583,46.7708665],[6.7094356,46.7705982],[6.7088296,46.7703393],[6.7084332,46.7701741],[6.7080342,46.7700097],[6.7076306,46.7698467],[6.70703,46.7696092],[6.7066067,46.7694437],[6.7058593,46.7691608]]}},{"type":"Feature","properties":{"highway":"motorway","int_ref":"E 25","lanes":"3","layer":"1","maxspeed":"100","oneway":"yes","ref":"A1","surface":"asphalt","toll":"yes","turn:lanes":"none|none|merge_to_left","carriage_ref":"B"},"geometry":{"type":"LineString","coordinates":[[7.4965144,47.0134875],[7.4964985,47.0136526],[7.4964914,47.0138154],[7.4964882,47.0139748],[7.4964906,47.0141375],[7.4964964,47.0142683],[7.4965044,47.0144034],[7.4965224,47.0145589],[7.4965435,47.0147136],[7.4965714,47.0148795],[7.496606,47.0150345],[7.4966422,47.0151786],[7.4966892,47.0153464]]}},{"type":"Feature","properties":{"highway":"motorway","int_ref":"E 41;E 60","lanes":"2","maxspeed":"100","oneway":"yes","overtaking:hgv":"no","ref":"A1;A4","source:maxspeed":"sign","surface":"asphalt","toll":"yes","carriage_ref":"B"},"geometry":{"type":"LineString","coordinates":[[8.6939183,47.4980324],[8.6932872,47.498841],[8.6930599,47.499122],[8.6928205,47.4993985],[8.6925774,47.4996735],[8.6923272,47.4999472],[8.6921321,47.5001522],[8.6919307,47.5003572],[8.6917281,47.5005582],[8.6915198,47.5007579],[8.6913073,47.5009568],[8.691089,47.5011553],[8.690866,47.501351],[8.6906407,47.5015447],[8.6904907,47.5016691],[8.6903379,47.501793],[8.6900311,47.5020413],[8.6894133,47.5025349],[8.6891042,47.5027807],[8.6889536,47.5029047],[8.6888108,47.5030361],[8.6886649,47.5031718],[8.6885343,47.5033007],[8.6883932,47.5034443],[8.6882763,47.5035667]]}},{"type":"Feature","properties":{"avz":"72","bicycle":"no","cs_dir:forward":"2","foot":"no","highway":"motorway","lanes":"2","lit":"no","maxspeed":"120","oneway":"yes","ref":"A1","ssvz":"23N","surface":"asphalt","toll":"yes","carriage_ref":"A"},"geometry":{"type":"LineString","coordinates":[[8.111122,47.3823442],[8.1104175,47.3814629]]}},{"type":"Feature","properties":{"highway":"motorway","int_ref":"E 60","lanes":"2","maxspeed":"120","oneway":"yes","ref":"A1","surface":"asphalt","toll":"yes","carriage_ref":"A"},"geometry":{"type":"LineString","coordinates":[[8.8156529,47.5303601],[8.8109618,47.5309904]]}},{"type":"Feature","properties":{"avz":"243","bridge":"yes","cs_dir:forward":"1","highway":"motorway","int_ref":"E 60","lanes":"2","layer":"1","maxspeed":"120","oneway":"yes","ref":"A1","ssvz":"767N","surface":"asphalt","toll":"yes","carriage_ref":"B"},"geometry":{"type":"LineString","coordinates":[[9.4172892,47.4418569],[9.4184248,47.4438467],[9.4190151,47.4449694],[9.419628,47.4462046]]}},{"type":"Feature","properties":{"bridge":"yes","change:lanes":"not_left|not_right|no","highway":"motorway","int_ref":"E 41;E 60","lanes":"3","layer":"1","maxspeed":"100","oneway":"yes","overtaking:hgv":"no","placement":"right_of:1","ref":"A1;A4","source:maxspeed":"sign","surface":"asphalt","toll":"yes","carriage_ref":"B"},"geometry":{"type":"LineString","coordinates":[[8.6914024,47.5146796],[8.6916072,47.514855]]}},{"type":"Feature","properties":{"bridge":"yes","highway":"motorway","int_ref":"E 25","lanes":"2","layer":"1","maxspeed":"120","oneway":"yes","ref":"A1","surface":"asphalt","toll":"yes","carriage_ref":"B"},"geometry":{"type":"LineString","coordinates":[[7.0252205,46.8820092],[7.0258323,46.8822432]]}},{"type":"Feature","properties":{"bridge":"yes","highway":"motorway","int_ref":"E 60","lanes":"4","layer":"1","lit":"yes","maxspeed":"100","oneway":"yes","ref":"A1;A3","surface":"asphalt","toll":"yes","turn:lanes":"none|none|none|merge_to_left","carriage_ref":"A"},"geometry":{"type":"LineString","coordinates":[[8.3137172,47.4531019],[8.313352,47.453089],[8.3129701,47.4530933],[8.3127211,47.4531085],[8.3124334,47.4531332],[8.3120432,47.4531906],[8.3117138,47.4532541],[8.3113685,47.4533405],[8.3111398,47.4534076],[8.3108519,47.4535022]]}},{"type":"Feature","properties":{"highway":"motorway","int_ref":"E 60","lanes":"2","maxspeed":"120","oneway":"yes","ref":"A1","surface":"asphalt","toll":"yes","carriage_ref":"B"},"geometry":{"type":"LineString","coordinates":[[9.0500416,47.4537457],[9.0508583,47.4537635],[9.0517554,47.4538029],[9.0527798,47.4538627],[9.0537568,47.4539265]]}},{"type":"Feature","properties":{"highway":"motorway","int_ref":"E 41;E 60","lanes":"2","lit":"yes","maxspeed":"signals","oneway":"yes","ref":"A1;A4","shoulder:right":"yes","source:maxspeed":"signals","surface":"asphalt","toll":"yes","carriage_ref":"A"},"geometry":{"type":"LineString","coordinates":[[8.5737307,47.4230415],[8.5735812,47.4231941],[8.573394,47.4233441],[8.5732353,47.4234604],[8.5730595,47.4235736],[8.5728629,47.4236854],[8.5725889,47.4238132]]}},{"type":"Feature","properties":{"highway":"motorway","int_ref":"E 25;E 62","lanes":"2","maxspeed":"120","maxspeed:variable":"peak_traffic","oneway":"yes","ref":"A1","toll":"yes","carriage_ref":"B"},"geometry":{"type":"LineString","coordinates":[[6.5203177,46.5235582],[6.522169,46.5242361],[6.523603,46.5247248],[6.5251817,46.5252422],[6.5265271,46.5256633],[6.527915,46.5260697],[6.530247,46.5267055],[6.5326902,46.5273066],[6.5344805,46.5277117],[6.5362538,46.528101],[6.5366684,46.5282016]]}},{"type":"Feature","properties":{"destination:int_ref:lanes":"E 41;E 60|E 41;E 60|","destination:lanes":"Bern;Basel;Chur;Luzern;Zürich-Affoltern|Bern;Basel;Chur;Luzern;Zürich-Affoltern|Zürich-Seebach;Glattbrugg;Rümlang","destination:ref:lanes":"A1;A4|A1;A4|","highway":"motorway","int_ref":"E 41;E 60","lanes":"3","lit":"yes","maxspeed":"100","oneway":"yes","ref":"A1;A4","surface":"asphalt","toll":"yes","turn:lanes":"none|none|slight_right","carriage_ref":"A"},"geometry":{"type":"LineString","coordinates":[[8.5587571,47.4264514],[8.5582318,47.4266336],[8.5578898,47.4267638],[8.5575591,47.4268919],[8.5572285,47.4270249],[8.5568862,47.4271704],[8.5565645,47.4273103],[8.5562082,47.4274711]]}},{"type":"Feature","properties":{"highway":"motorway","int_ref":"E 25;E 62","lanes":"2","maxspeed":"120","oneway":"yes","ref":"A1","toll":"yes","carriage_ref":"A"},"geometry":{"type":"LineString","coordinates":[[6.2041267,46.3865722],[6.2039497,46.3861594],[6.20341,46.3848531],[6.2028964,46.3835085],[6.202407,46.3821939]]}},{"type":"Feature","properties":{"highway":"motorway","int_ref":"E 35","lanes":"3","lit":"no","maxspeed":"120","oneway":"yes","ref":"A1;A2","surface":"asphalt","toll":"yes","carriage_ref":"B"},"geometry":{"type":"LineString","coordinates":[[7.838965,47.3093754],[7.8398021,47.3094273],[7.8402122,47.3094654],[7.8406229,47.3095075],[7.8411989,47.3095775],[7.8417788,47.3096575]]}},{"type":"Feature","properties":{"highway":"motorway","int_ref":"E 60","lanes":"2","maxspeed":"120","oneway":"yes","ref":"A1","shoulder:right":"yes","source:maxspeed":"CH:motorway","surface":"asphalt","toll":"yes","carriage_ref":"A"},"geometry":{"type":"LineString","coordinates":[[9.5891764,47.4707653],[9.5883523,47.4721458],[9.5877338,47.4731788],[9.5871908,47.474092],[9.5864431,47.4753594],[9.5858524,47.4763474],[9.585542,47.4768442],[9.5853055,47.477171],[9.5851211,47.4774063],[9.5848853,47.4776789],[9.5846102,47.4779505],[9.5841983,47.4783175],[9.5838193,47.4786092],[9.5835037,47.4788326],[9.5833393,47.4789363]]}},{"type":"Feature","properties":{"highway":"motorway","int_ref":"E 23;E 25","lanes":"2","lit":"no","maxspeed":"120","oneway":"yes","ref":"A1;A9","surface":"asphalt","toll":"yes","carriage_ref":"B"},"geometry":{"type":"LineString","coordinates":[[6.5757723,46.6995996],[6.5761894,46.7004273],[6.5769017,46.7017541],[6.5776464,46.7031582],[6.5781312,46.7041086],[6.57834290922,46.70460808026],[6.57860040128,46.70523713469],[6.57882570684,46.70584778871],[6.57899736822,46.70638486425],[6.5790882,46.7066513]]}},{"type":"Feature","properties":{"bridge":"yes","highway":"motorway","int_ref":"E 60","lanes":"3","layer":"1","maxspeed":"120","oneway":"yes","ref":"A1","surface":"asphalt","toll":"yes","turn:lanes":"merge_to_right|none|none","carriage_ref":"A"},"geometry":{"type":"LineString","coordinates":[[9.4230346,47.4506251],[9.4226931,47.4503126]]}},{"type":"Feature","properties":{"highway":"motorway","int_ref":"E 25;E 62","lanes":"2","lit":"no","maxspeed":"100","oneway":"yes","ref":"A1","toll":"yes","carriage_ref":"B"},"geometry":{"type":"LineString","coordinates":[[6.0954059,46.215485],[6.0959102,46.215665],[6.0964094,46.2158699],[6.0967739,46.2160319],[6.0972679,46.2162767],[6.0974725,46.2163854],[6.097708,46.2165237],[6.0979841,46.2166936],[6.0982809,46.2168984],[6.0987026,46.2172343],[6.0989178,46.2174266],[6.0990958,46.2175932],[6.0993342,46.2178511],[6.0995266,46.2180822],[6.0997036,46.2183199],[6.0998922,46.2186067],[6.100102,46.2189579],[6.1002976,46.2193065],[6.1005556,46.2198435],[6.1008451,46.2204766],[6.1009727,46.220795]]}},{"type":"Feature","properties":{"highway":"motorway","int_ref":"E 25","lanes":"2","maxspeed":"120","oneway":"yes","ref":"A1","surface":"asphalt","toll":"yes","carriage_ref":"A"},"geometry":{"type":"LineString","coordinates":[[7.0251307,46.8821017],[7.0246488,46.8819153],[7.024023,46.8816819],[7.0234095,46.8814641],[7.0229802,46.8813172],[7.0225622,46.8811766],[7.0221381,46.8810392],[7.021699,46.880903],[7.0211609,46.8807354],[7.020169,46.8804467],[7.0197247,46.8803281],[7.0192877,46.8802063],[7.0189608,46.8801154],[7.018633,46.8800285],[7.0179699,46.8798596],[7.0175252,46.8797446],[7.0170752,46.879636],[7.0166262,46.879531],[7.0161689,46.8794279]]}},{"type":"Feature","properties":{"highway":"motorway","int_ref":"E 60","lanes":"2","maxspeed":"100","oneway":"yes","ref":"A1","surface":"asphalt","toll":"yes","carriage_ref":"B"},"geometry":{"type":"LineString","coordinates":[[9.3531401,47.4252437],[9.3533517,47.4253203],[9.3536942,47.4254119],[9.354369,47.4256075]]}},{"type":"Feature","properties":{"destination:int_ref:lanes":"E 41;E 60|E 41;E 60|","destination:lanes":"Bern;Basel;Chur;Luzern;Zürich-Affoltern|Bern;Basel;Chur;Luzern;Zürich-Affoltern|Zürich-Seebach;Glattbrugg;Rümlang","destination:ref:lanes":"A1;A4|A1;A4|","highway":"motorway","int_ref":"E 41;E 60","lanes":"3","lit":"no","maxspeed":"100","oneway":"yes","ref":"A1;A4","surface":"asphalt","toll":"yes","turn:lanes":"none|none|slight_right","carriage_ref":"A"},"geometry":{"type":"LineString","coordinates":[[8.5562082,47.4274711],[8.5557663,47.4276834],[8.5554484,47.4278376],[8.5551276,47.4279974],[8.5548377,47.4281505],[8.5545472,47.4283074]]}},{"type":"Feature","properties":{"bridge":"yes","highway":"motorway","int_ref":"E 25;E 62","lanes":"2","layer":"1","oneway":"yes","ref":"A1","toll":"yes","carriage_ref":"B"},"geometry":{"type":"LineString","coordinates":[[6.1733552,46.3517956],[6.1734941,46.3519449]]}},{"type":"Feature","properties":{"bridge":"yes","highway":"motorway","int_ref":"E 25;E 27","lanes":"3","layer":"1","maxspeed":"100","oneway":"yes","ref":"A1;A6","surface":"asphalt","toll":"yes","carriage_ref":"A"},"geometry":{"type":"LineString","coordinates":[[7.4717097,46.9882515],[7.471522,46.9881641]]}},{"type":"Feature","properties":{"bridge":"yes","highway":"motorway","int_ref":"E 25;E 62","lanes":"2","layer":"1","maxspeed":"signals","oneway":"yes","ref":"A1","toll":"yes","carriage_ref":"B"},"geometry":{"type":"LineString","coordinates":[[6.1443855,46.2828109],[6.1444333,46.2829413]]}},{"type":"Feature","properties":{"bridge":"yes","highway":"motorway","int_ref":"E 23;E 25","lanes":"2","layer":"1","lit":"no","maxspeed":"120","oneway":"yes","ref":"A1;A9","surface":"asphalt","toll":"yes","carriage_ref":"A"},"geometry":{"type":"LineString","coordinates":[[6.5698623,46.6727152],[6.5699096,46.6716177],[6.5699417,46.6712439],[6.5700332,46.6702384],[6.5701317,46.669478],[6.5701942,46.6690465],[6.57032,46.6682634]]}},{"type":"Feature","properties":{"highway":"motorway","int_ref":"E 60","lanes":"2","maxspeed":"120","oneway":"yes","ref":"A1","surface":"asphalt","toll":"yes","carriage_ref":"B"},"geometry":{"type":"LineString","coordinates":[[9.4830204,47.4654359],[9.4835013,47.4653298],[9.4838913,47.4652519],[9.4844505,47.4651633],[9.4850745,47.4650836],[9.4855592,47.4650319],[9.4859748,47.4650011],[9.4865227,47.4649694],[9.4872018,47.4649566],[9.4877675,47.4649619],[9.4882755,47.4649813],[9.4889317,47.4650377],[9.4896724,47.465125],[9.4903252,47.4652239],[9.4910541,47.4653638],[9.4917376,47.4655255],[9.4923685,47.4657046],[9.4928507,47.465859],[9.4936392,47.4661417],[9.4944283,47.4664523],[9.4958287,47.4669886],[9.4962524,47.4671383],[9.4966728,47.467277],[9.4972196,47.4674411],[9.4977287,47.4675748],[9.498285,47.4676985],[9.4988181,47.467814],[9.5005926,47.4681542],[9.5011787,47.4682764],[9.5016667,47.4683864],[9.5022507,47.4685321],[9.5027156,47.4686615],[9.5033914,47.4688632],[9.5045922,47.4692336],[9.5053417,47.4694538]]}},{"type":"Feature","properties":{"bridge":"yes","highway":"motorway","lanes":"3","layer":"1","lit":"no","maxspeed":"120","oneway":"yes","ref":"A1","surface":"asphalt","toll":"yes","turn:lanes":"through|through|slight_right","carriage_ref":"B"},"geometry":{"type":"LineString","coordinates":[[8.1766947,47.3954347],[8.1776198,47.3955395],[8.1784121,47.3956466],[8.1792664,47.3957769],[8.1799412,47.3959002],[8.1807218,47.3960542],[8.1815268,47.3962207]]}},{"type":"Feature","properties":{"avz":"286","cs_dir:forward":"2","highway":"motorway","int_ref":"E 41;E 60","lanes":"3","lit":"yes","maxspeed":"100","oneway":"yes","ref":"A1;A4","source:maxspeed":"sign","surface":"asphalt","toll":"yes","carriage_ref":"A"},"geometry":{"type":"LineString","coordinates":[[8.6173406,47.4107015],[8.6167899,47.4105009],[8.6162012,47.4103009]]}},{"type":"Feature","properties":{"avz":"56","cs_dir:forward":"1","highway":"motorway","int_ref":"E 25;E 27","lanes":"4","maxspeed":"100","oneway":"yes","ref":"A1;A6","ssvz":"944N","surface":"asphalt","toll":"yes","turn:lanes":"none|none|none|merge_to_left","carriage_ref":"B"},"geometry":{"type":"LineString","coordinates":[[7.4790039,46.9905219],[7.4792001,46.990603],[7.4793904,46.9906849],[7.4795745,46.9907694],[7.4797698,46.9908622],[7.4799642,46.9909589],[7.4801527,46.9910578],[7.4803482,46.9911631],[7.4805424,46.9912749],[7.480717,46.9913795],[7.4809006,46.9914948],[7.4810671,46.991602],[7.4812425,46.9917221],[7.4814069,46.9918413],[7.4815567,46.9919532],[7.4817251,46.9920868]]}},{"type":"Feature","properties":{"highway":"motorway","int_ref":"E 60","lanes":"4","lit":"yes","maxspeed":"100","oneway":"yes","ref":"A1;A3","surface":"asphalt","toll":"yes","turn:lanes":"none|none|none|merge_to_left","carriage_ref":"A"},"geometry":{"type":"LineString","coordinates":[[8.3150142,47.4532832],[8.3148161,47.4532425],[8.3146184,47.453206],[8.3143757,47.4531671],[8.3141412,47.4531371],[8.3139025,47.4531139],[8.3137172,47.4531019]]}},{"type":"Feature","properties":{"highway":"motorway","int_ref":"E 60","lanes":"2","maxspeed":"120","oneway":"yes","ref":"A1","surface":"asphalt","toll":"yes","carriage_ref":"B"},"geometry":{"type":"LineString","coordinates":[[9.5832698,47.4788411],[9.5834344,47.4787302],[9.5836559,47.4785789],[9.5840353,47.47829],[9.5844906,47.4778901],[9.5847712,47.4776061],[9.5850214,47.4773289],[9.5851817,47.4771301],[9.5854145,47.4768053],[9.5857428,47.4762882],[9.5874858,47.4733456],[9.588218,47.4721266],[9.5890588,47.4707216]]}},{"type":"Feature","properties":{"highway":"motorway","int_ref":"E 25;E 62","lanes":"2","maxspeed":"80","oneway":"yes","ref":"A1","surface":"asphalt","toll":"yes","carriage_ref":"B"},"geometry":{"type":"LineString","coordinates":[[6.1362395,46.2562884],[6.1355346,46.2568459],[6.1351884,46.25714],[6.1349,46.2573905],[6.1343116,46.2579328]]}},{"type":"Feature","properties":{"avz":"60","cs_dir:forward":"2","highway":"motorway","int_ref":"E 35","lanes":"2","lit":"no","maxspeed":"120","oneway":"yes","ref":"A1;A2","ssvz":"763N","surface":"asphalt","toll":"yes","carriage_ref":"A"},"geometry":{"type":"LineString","coordinates":[[7.8277622,47.3104591],[7.823265,47.3112465],[7.8222132,47.3114212],[7.8208304,47.3116219]]}},{"type":"Feature","properties":{"highway":"motorway","int_ref":"E 60","lanes":"2","maxspeed":"120","oneway":"yes","ref":"A1","surface":"asphalt","toll":"yes","carriage_ref":"A"},"geometry":{"type":"LineString","coordinates":[[8.7700909,47.5294289],[8.7691865,47.5291061],[8.7684859,47.5288855],[8.7678803,47.5287239],[8.7673775,47.5286014],[8.7664728,47.5284279],[8.7660028,47.5283539],[8.7653778,47.528272],[8.7644551,47.5281953],[8.7638888,47.528174],[8.763258,47.5281657],[8.7624824,47.528176],[8.7619141,47.5282108],[8.7613832,47.5282496],[8.7605704,47.5283487],[8.7600279,47.5284319]]}},{"type":"Feature","properties":{"highway":"motorway","lanes":"2","lit":"no","maxspeed":"120","oneway":"yes","ref":"A1","surface":"asphalt","toll":"yes","carriage_ref":"B"},"geometry":{"type":"LineString","coordinates":[[8.1821322,47.3963538],[8.1835228,47.3966641],[8.184742,47.3969083],[8.1856413,47.3970833],[8.1865918,47.3972369],[8.1871494,47.3973205],[8.1874292,47.3973533],[8.1885048,47.3974779],[8.1890194,47.3975167]]}},{"type":"Feature","properties":{"highway":"motorway","int_ref":"E 41;E 60","lanes":"2","lit":"no","maxspeed":"80","oneway":"yes","ref":"A1;A4","source:maxspeed":"sign","surface":"asphalt","toll":"yes","carriage_ref":"A"},"geometry":{"type":"LineString","coordinates":[[8.4889156,47.4258797],[8.4883639,47.4257744],[8.487814,47.4256493],[8.4874391,47.4255554],[8.4866438,47.425363]]}},{"type":"Feature","properties":{"highway":"motorway","int_ref":"E 25","lanes":"3","maxspeed":"120","oneway":"yes","ref":"A1","toll":"yes","carriage_ref":"B"},"geometry":{"type":"LineString","coordinates":[[7.573945,47.0867342],[7.5738684,47.0871232]]}},{"type":"Feature","properties":{"bridge":"yes","highway":"motorway","int_ref":"E 25","lanes":"2","layer":"1","maxspeed":"120","oneway":"yes","ref":"A1","surface":"asphalt","toll":"yes","carriage_ref":"B"},"geometry":{"type":"LineString","coordinates":[[6.8314661,46.8241648],[6.8328387,46.824499]]}},{"type":"Feature","properties":{"highway":"motorway","int_ref":"E 35","lanes":"3","lit":"no","maxspeed":"120","oneway":"yes","ref":"A1;A2","surface":"asphalt","toll":"yes","carriage_ref":"B"},"geometry":{"type":"LineString","coordinates":[[7.8338103,47.3094772],[7.8346646,47.3094124],[7.8357174,47.309353],[7.836247,47.309328],[7.8366567,47.3093189],[7.837067,47.3093162],[7.8376747,47.3093218],[7.8382857,47.3093418]]}},{"type":"Feature","properties":{"bridge":"yes","highway":"motorway","int_ref":"E 25;E 62","lanes":"2","layer":"1","oneway":"yes","ref":"A1","toll":"yes","carriage_ref":"A"},"geometry":{"type":"LineString","coordinates":[[6.173333,46.3520004],[6.1731838,46.3518434]]}},{"type":"Feature","properties":{"highway":"motorway","int_ref":"E 25;E 62","lanes":"2","lit":"no","maxspeed":"100","oneway":"yes","ref":"A1","surface":"asphalt","toll":"yes","carriage_ref":"A"},"geometry":{"type":"LineString","coordinates":[[6.095697,46.2158129],[6.0941386,46.2153182]]}},{"type":"Feature","properties":{"highway":"motorway","int_ref":"E 23;E 25","lanes":"2","lit":"no","maxspeed":"120","oneway":"yes","ref":"A1;A9","surface":"asphalt","toll":"yes","carriage_ref":"A"},"geometry":{"type":"LineString","coordinates":[[6.5738449,46.6942443],[6.5737049,46.6935023],[6.5736119,46.6926885],[6.5735604,46.6919102],[6.5735288,46.6911118],[6.573539,46.6904828],[6.5735564,46.6900046],[6.5735812,46.6894176],[6.5736518,46.6884277],[6.5737487,46.6870628],[6.5737884,46.6863632],[6.5738009,46.6856317],[6.5737839,46.6849967],[6.5737669,46.6846504],[6.573734,46.6843093],[6.5736547,46.6836476],[6.5735988,46.6833456],[6.5735214,46.6829554],[6.5734488,46.6826531],[6.5733396,46.6822554],[6.5732253,46.681878],[6.5731213,46.6815647],[6.5728033,46.6807507],[6.5725998,46.6803074],[6.5724053,46.6799397],[6.5720502,46.6792932],[6.571832,46.6789109],[6.5711174,46.677669],[6.5707736,46.6769584],[6.5705844,46.6765202],[6.5703864,46.6759613],[6.5701702,46.67522],[6.5700134,46.6745272],[6.5699123,46.673836],[6.5698711,46.6732509],[6.5698623,46.6727152]]}},{"type":"Feature","properties":{"avz":"240","cs_dir:forward":"2","destination:int_ref:lanes":"E 41;E 60|E 41;E 60|","destination:lanes":"Bern;Basel;Chur;Luzern;Zürich-Affoltern|Bern;Basel;Chur;Luzern;Zürich-Affoltern|Zürich-Seebach;Glattbrugg;Rümlang","destination:ref:lanes":"A1;A4|A1;A4|","highway":"motorway","int_ref":"E 41;E 60","lanes":"3","layer":"-1","lit":"yes","maxspeed":"100","oneway":"yes","ref":"A1;A4","source:maxspeed":"sign","ssvz":"866N","surface":"asphalt","toll":"yes","tunnel":"yes","tunnel:name":"Stelzentunnel","carriage_ref":"A"},"geometry":{"type":"LineString","coordinates":[[8.563426,47.4252444],[8.5622451,47.4254743],[8.5616541,47.4256013],[8.561095,47.4257429],[8.5605356,47.4258916],[8.5599842,47.4260515],[8.5593688,47.4262464],[8.5587571,47.4264514]]}},{"type":"Feature","properties":{"bridge":"yes","highway":"motorway","int_ref":"E 60","lanes":"2","layer":"1","oneway":"yes","ref":"A1","surface":"asphalt","toll":"yes","carriage_ref":"B"},"geometry":{"type":"LineString","coordinates":[[9.4432146,47.4684777],[9.4436718,47.4687342]]}},{"type":"Feature","properties":{"change:lanes":"not_left|not_right|not_left|not_right","embankment":"yes","highway":"motorway","int_ref":"E 41;E 60","lanes":"4","lit":"yes","maxspeed":"100","oneway":"yes","placement":"middle_of:2","ref":"A1;A4","source:maxspeed":"sign","surface":"asphalt","toll":"yes","turn:lanes":"|||merge_to_left","carriage_ref":"A"},"geometry":{"type":"LineString","coordinates":[[8.6264576,47.4154129],[8.6261438,47.4151995]]}},{"type":"Feature","properties":{"bicycle":"no","foot":"no","highway":"motorway","lanes":"2","lit":"no","maxspeed":"120","oneway":"yes","ref":"A1","surface":"asphalt","toll":"yes","carriage_ref":"B"},"geometry":{"type":"LineString","coordinates":[[8.1519513,47.3915243],[8.1549845,47.3919006],[8.155451,47.3919631],[8.1559179,47.3920276],[8.1563834,47.3920965],[8.1569223,47.3921834],[8.1575577,47.3922955],[8.158019,47.3923855],[8.1584734,47.392484],[8.1589094,47.3925845],[8.1593562,47.3926947],[8.1601047,47.3928865],[8.1605569,47.39301],[8.1610079,47.393138],[8.163827,47.3939194],[8.1650928,47.3942889],[8.1656548,47.3944401],[8.1662177,47.3945811]]}},{"type":"Feature","properties":{"bridge":"yes","highway":"motorway","int_ref":"E 60","lanes":"3","layer":"1","maxspeed":"100","oneway":"yes","ref":"A1","surface":"asphalt","toll":"yes","carriage_ref":"A"},"geometry":{"type":"LineString","coordinates":[[9.3567574,47.4265991],[9.356719,47.4265832],[9.3561461,47.4263451],[9.3556958,47.4261796],[9.3552479,47.4260254],[9.3542274,47.4257051]]}},{"type":"Feature","properties":{"destination":"Zürich","highway":"motorway","int_ref":"E 41;E 60","lanes":"2","lit":"yes","maxspeed":"100","oneway":"yes","ref":"A1;A4","source:maxspeed":"sign","surface":"asphalt","toll":"yes","carriage_ref":"A"},"geometry":{"type":"LineString","coordinates":[[8.6297715,47.4178495],[8.6294777,47.4176237],[8.6292642,47.4174564]]}},{"type":"Feature","properties":{"highway":"motorway","int_ref":"E 60","lanes":"2","maxspeed":"120","oneway":"yes","ref":"A1","surface":"asphalt","toll":"yes","carriage_ref":"B"},"geometry":{"type":"LineString","coordinates":[[9.5064923,47.4697248],[9.508412,47.4701449],[9.5087862,47.4702264],[9.5094269,47.4703783],[9.5101221,47.4705692],[9.5106972,47.4707459],[9.5114554,47.4710005],[9.5125369,47.4713759],[9.5134234,47.4716728],[9.5146473,47.4720432],[9.5150989,47.4721625],[9.5154711,47.4722556],[9.5159934,47.4723689],[9.5167969,47.4725457],[9.5176575,47.472744],[9.5182367,47.4729064],[9.5187107,47.4730407],[9.5195584,47.4733048],[9.5202757,47.473546]]}},{"type":"Feature","properties":{"highway":"motorway","int_ref":"E 25","lanes":"2","maxspeed":"120","oneway":"yes","ref":"A1","surface":"asphalt","toll":"yes","carriage_ref":"A"},"geometry":{"type":"LineString","coordinates":[[7.0519635,46.8955095],[7.0513846,46.8954008],[7.0509254,46.8953115],[7.050481,46.8952116],[7.0500287,46.8951052],[7.0495903,46.8949936],[7.0491674,46.8948767],[7.048707,46.8947412],[7.0482779,46.8946083],[7.0478612,46.8944774],[7.0474408,46.8943279],[7.0470073,46.8941729],[7.046595,46.8940103],[7.0461911,46.8938449],[7.0457969,46.8936674],[7.0454068,46.8934907],[7.0450049,46.8933052],[7.0448144,46.893206],[7.0446184,46.8931073],[7.0444333,46.893008],[7.0442485,46.8929034],[7.0440669,46.8927993],[7.0438864,46.8926938],[7.0435318,46.8924805],[7.0431729,46.8922641],[7.0428289,46.8920481],[7.0424856,46.8918261],[7.0421364,46.8916026],[7.0405668,46.890586],[7.0393958,46.8898227],[7.0363209,46.8878117],[7.0349798,46.8869404],[7.034622,46.8867172],[7.0342586,46.886497],[7.0338858,46.8862792],[7.0335281,46.8860703],[7.0328161,46.8856538],[7.0320814,46.8852552],[7.0315205,46.8849586],[7.0309852,46.8846813],[7.0306071,46.8844842],[7.0300534,46.8842123],[7.0292891,46.8838461]]}},{"type":"Feature","properties":{"avz":"287","cs_dir:forward":"2","highway":"motorway","int_ref":"E 41;E 60","lanes":"2","lit":"yes","maxspeed":"80","oneway":"yes","ref":"A1;A4","source:maxspeed":"sign","surface":"asphalt","toll":"yes","carriage_ref":"A"},"geometry":{"type":"LineString","coordinates":[[8.4850614,47.4248618],[8.4847844,47.4247654],[8.4844398,47.4246363],[8.4841643,47.4245375],[8.4839307,47.4244562],[8.4828606,47.4240677]]}},{"type":"Feature","properties":{"bridge":"yes","highway":"motorway","int_ref":"E 60","lanes":"5","layer":"1","lit":"no","maxspeed":"120","oneway":"yes","ref":"A1;A3","surface":"asphalt","toll":"yes","turn:lanes":"through|through|through|right|right","carriage_ref":"B"},"geometry":{"type":"LineString","coordinates":[[8.3919387,47.4223511],[8.3925788,47.4223074]]}},{"type":"Feature","properties":{"avz":"93","cs_dir:forward":"1","destination:int_ref:lanes":"E 60|E 60|E 60;E 41","destination:lanes":"Sankt Gallen;Kreuzlingen|Sankt Gallen;Kreuzlingen|Sankt Gallen;Kreuzlingen;Schaffhausen","destination:ref:lanes":"A1|A1|A1;A4","highway":"motorway","int_ref":"E 41;E 60","lanes":"3","maxspeed":"100","oneway":"yes","ref":"A1;A4","shoulder:right":"yes","ssvz":"700N","surface":"asphalt","toll":"yes","carriage_ref":"B"},"geometry":{"type":"LineString","coordinates":[[8.6933557,47.5163026],[8.6942327,47.5170275],[8.6951578,47.5178218],[8.6954957,47.5181264],[8.6958285,47.5184366],[8.6961524,47.5187459],[8.6964711,47.5190588],[8.6967018,47.5193024],[8.6970744,47.519685],[8.6974615,47.5201056],[8.6976569,47.5203229],[8.6977848,47.5204721]]}},{"type":"Feature","properties":{"highway":"motorway","int_ref":"E 60","lanes":"2","maxspeed":"120","oneway":"yes","ref":"A1","surface":"asphalt","toll":"yes","carriage_ref":"B"},"geometry":{"type":"LineString","coordinates":[[8.7600097,47.5283302],[8.7605814,47.5282334],[8.7613804,47.5281442],[8.7619064,47.5281015],[8.7624614,47.5280697],[8.7632606,47.5280529],[8.763875,47.5280641],[8.7644934,47.5280938],[8.765361,47.5281654],[8.7660202,47.5282488],[8.7665024,47.5283256],[8.7673639,47.528492],[8.7679593,47.5286311],[8.7685829,47.528805],[8.7692175,47.5289985],[8.7707684,47.5295447],[8.7712135,47.5297007],[8.7721592,47.5300154],[8.7728605,47.5302278],[8.7739919,47.5305055]]}},{"type":"Feature","properties":{"highway":"motorway","int_ref":"E 25","lanes":"3","maxspeed":"120","oneway":"yes","ref":"A1","surface":"asphalt","toll":"yes","carriage_ref":"B"},"geometry":{"type":"LineString","coordinates":[[7.5737433,47.0826982],[7.5737988,47.0828551],[7.5738463,47.0830205],[7.5739248,47.0832939],[7.5739827,47.0835382],[7.5740354,47.0837964]]}},{"type":"Feature","properties":{"highway":"motorway","int_ref":"E 25","lanes":"2","maxspeed":"120","oneway":"yes","ref":"A1","surface":"asphalt","toll":"yes","carriage_ref":"A"},"geometry":{"type":"LineString","coordinates":[[6.8314253,46.8242628],[6.8306691,46.8240645],[6.8303245,46.8239698],[6.8299288,46.8238551],[6.8294824,46.8237213],[6.8290216,46.8235773],[6.8285704,46.8234329],[6.828116,46.8232835],[6.8278508,46.8231942],[6.8275869,46.8231],[6.8273115,46.8229988],[6.8270711,46.8229091],[6.8266467,46.8227563],[6.8262335,46.8226046],[6.825801,46.8224355],[6.8253829,46.8222582],[6.8249908,46.8220799],[6.8246029,46.8218973],[6.8242081,46.8217125],[6.8238162,46.8215269],[6.8235272,46.8213828],[6.8232311,46.8212324],[6.8229592,46.8210884],[6.8226195,46.820904],[6.8223137,46.8207313],[6.8219971,46.8205481],[6.8216968,46.8203615],[6.8214078,46.8201763],[6.8211158,46.8199888]]}},{"type":"Feature","properties":{"hazmat:water":"permissive","highway":"motorway","int_ref":"E 41;E 60","lanes":"3","maxspeed":"100","oneway":"yes","overtaking:hgv":"no","placement":"right_of:1","ref":"A1;A4","shoulder:right":"yes","source:maxspeed":"sign","surface":"asphalt","toll":"yes","turn:lanes":"none|none|merge_to_left","carriage_ref":"A"},"geometry":{"type":"LineString","coordinates":[[8.690864,47.5144253],[8.6907236,47.5142968],[8.690323,47.5139331]]}},{"type":"Feature","properties":{"bicycle":"no","foot":"no","highway":"motorway","horse":"no","int_ref":"E 25","lanes":"2","layer":"-1","maxspeed":"120","oneway":"yes","ref":"A1","sidewalk":"no","surface":"asphalt","toll":"yes","tunnel":"yes","tunnel:alt_name":"Champ Baly","tunnel:name":"Baly","carriage_ref":"A"},"geometry":{"type":"LineString","coordinates":[[6.6958947,46.7655268],[6.6948502,46.7650945],[6.6935578,46.7645264]]}},{"type":"Feature","properties":{"highway":"motorway","int_ref":"E 25","lit":"no","maxspeed":"120","oneway":"yes","ref":"A1","surface":"asphalt","toll":"yes","carriage_ref":"B"},"geometry":{"type":"LineString","coordinates":[[7.2745835,46.9603274],[7.2750461,46.9603434]]}},{"type":"Feature","properties":{"change:lanes":"not_left|yes|no","highway":"motorway","int_ref":"E 41;E 60","lanes":"3","maxspeed":"100","oneway":"yes","overtaking:hgv":"no","placement":"right_of:1","ref":"A1;A4","source:maxspeed":"sign","surface":"asphalt","toll":"yes","turn:lanes":"||slight_right","carriage_ref":"B"},"geometry":{"type":"LineString","coordinates":[[8.6890744,47.5124821],[8.6892293,47.5126528],[8.6894225,47.5128512]]}},{"type":"Feature","properties":{"destination":"Lausanne;Bern;Biel;Oensingen","highway":"motorway","lanes":"2","lit":"no","maxspeed":"100","oneway":"yes","ref":"A1","toll":"yes","carriage_ref":"A"},"geometry":{"type":"LineString","coordinates":[[7.8128301,47.312236],[7.8124896,47.3122409]]}},{"type":"Feature","properties":{"bridge":"yes","destination":"Zürich","highway":"motorway","int_ref":"E 60","lanes":"3","layer":"1","lit":"no","maxspeed":"120","oneway":"yes","ref":"A1;A3","surface":"asphalt","toll":"yes","carriage_ref":"B"},"geometry":{"type":"LineString","coordinates":[[8.3293071,47.4546639],[8.329736,47.454643],[8.3300527,47.4546209],[8.3303812,47.454592],[8.3307096,47.4545555],[8.3310142,47.4545136]]}},{"type":"Feature","properties":{"highway":"motorway","int_ref":"E 60","lanes":"2","maxspeed":"120","oneway":"yes","ref":"A1","shoulder:right":"yes","source:maxspeed":"CH:motorway","surface":"asphalt","toll":"yes","carriage_ref":"A"},"geometry":{"type":"LineString","coordinates":[[9.5124164,47.4714585],[9.5114836,47.4711321],[9.5109781,47.4709582],[9.510505,47.470799],[9.5100133,47.4706491],[9.5093813,47.4704802],[9.5087424,47.470325],[9.5083245,47.4702328],[9.5064417,47.4698266]]}},{"type":"Feature","properties":{"highway":"motorway","int_ref":"E 25","lanes":"2","maxspeed":"120","oneway":"yes","ref":"A1","surface":"asphalt","toll":"yes","carriage_ref":"A"},"geometry":{"type":"LineString","coordinates":[[7.1605114,46.9461575],[7.1602337,46.9459986],[7.1598723,46.9457926],[7.1594957,46.9455868],[7.1591239,46.9453917],[7.1587327,46.9451917],[7.1583565,46.9450041]]}},{"type":"Feature","properties":{"bridge":"yes","highway":"motorway","lanes":"2","layer":"1","lit":"no","maxspeed":"100","oneway":"yes","ref":"A1","surface":"asphalt","toll":"yes","carriage_ref":"B"},"geometry":{"type":"LineString","coordinates":[[8.2473407,47.4461914],[8.2480677,47.4466597]]}},{"type":"Feature","properties":{"destination":"Bern;Neuchâtel;Yverdon","highway":"motorway","int_ref":"E 25","lanes":"2","lit":"no","maxspeed":"120","oneway":"yes","ref":"A1","surface":"asphalt","toll":"yes","carriage_ref":"B"},"geometry":{"type":"LineString","coordinates":[[6.5702602,46.7235123],[6.5701772,46.7237283],[6.5700828,46.7239969],[6.5700048,46.7242645],[6.5699426,46.7245325],[6.569892,46.7247957],[6.5698539,46.7250649],[6.5698305,46.7253355],[6.5698186,46.7256025],[6.5698181,46.7257819],[6.5698222,46.7259613],[6.5698327,46.7261393],[6.5698614,46.7264106],[6.5699051,46.7266809],[6.5699595,46.7269475],[6.5700272,46.7272091]]}},{"type":"Feature","properties":{"highway":"motorway","int_ref":"E 60","lanes":"3","maxspeed":"120","oneway":"yes","ref":"A1","surface":"asphalt","toll":"yes","turn:lanes":"none|none|merge_to_left","carriage_ref":"A"},"geometry":{"type":"LineString","coordinates":[[9.2586066,47.4245375],[9.2580089,47.4248775]]}},{"type":"Feature","properties":{"access":"yes","bicycle":"no","bridge":"viaduct","foot":"no","highway":"motorway","horse":"no","int_ref":"E 25","lanes":"2","layer":"1","lit":"no","maxspeed":"120","motor_vehicle":"designated","oneway":"yes","ref":"A1","surface":"asphalt","toll":"yes","carriage_ref":"A"},"geometry":{"type":"LineString","coordinates":[[6.6183876,46.7511356],[6.6173291,46.7509142],[6.6162807,46.7506976],[6.6125737,46.7499543],[6.6116733,46.7497671],[6.6108,46.7495811]]}},{"type":"Feature","properties":{"destination:lanes":"Zürich;Basel;Biel/Bienne|Zürich;Basel;Biel/Bienne|Interlaken;Thun;Bern-Ostring|Bern-Wankdorf","highway":"motorway","int_ref":"E 25;E 27","lanes":"4","layer":"2","maxspeed":"80","oneway":"yes","ref":"A1","surface":"asphalt","toll":"yes","turn:lanes":"slight_left|slight_left|slight_right|slight_right","carriage_ref":"B"},"geometry":{"type":"LineString","coordinates":[[7.4595517,46.9688376],[7.4597604,46.9688529],[7.4598439,46.9688595],[7.4600439,46.9688772],[7.4602439,46.9688982],[7.4604794,46.9689262],[7.4607137,46.9689586],[7.4609531,46.9689968],[7.4611803,46.969036],[7.461413,46.9690796],[7.4616437,46.9691263],[7.4618683,46.969174],[7.4620858,46.9692213],[7.4624093,46.9692954],[7.4635791,46.9695699]]}},{"type":"Feature","properties":{"highway":"motorway","int_ref":"E 60","lanes":"3","maxspeed":"100","oneway":"yes","ref":"A1","surface":"asphalt","toll":"yes","carriage_ref":"A"},"geometry":{"type":"LineString","coordinates":[[8.7119583,47.5241173],[8.7115428,47.5242716],[8.7113408,47.5243454],[8.7111425,47.524414],[8.7108483,47.5245078],[8.7105563,47.5245937],[8.7102402,47.5246802],[8.709889,47.524764],[8.7095965,47.5248265],[8.7094784,47.52485]]}},{"type":"Feature","properties":{"highway":"motorway","int_ref":"E 25","lanes":"2","maxspeed":"120","name":"Viaduc du Bois de Rosset","oneway":"yes","ref":"A1","source:name":"Mapillary","surface":"asphalt","toll":"yes","carriage_ref":"A"},"geometry":{"type":"LineString","coordinates":[[7.0536315,46.8957339],[7.0532121,46.8956855],[7.0528009,46.8956341],[7.0525827,46.8956047],[7.0523642,46.8955724]]}},{"type":"Feature","properties":{"destination":"Yverdon-Sud","highway":"motorway","int_ref":"E 25","lanes":"2","maxspeed":"100","oneway":"yes","ref":"A1","surface":"asphalt","toll":"yes","carriage_ref":"A"},"geometry":{"type":"LineString","coordinates":[[6.8664908,46.8326422],[6.8659377,46.832707],[6.8654783,46.8327495],[6.8650144,46.8327828],[6.8645402,46.8328069],[6.8640674,46.8328219],[6.8635895,46.8328293],[6.863115,46.8328278],[6.8626429,46.8328157],[6.8621626,46.8327942],[6.8616959,46.8327641]]}},{"type":"Feature","properties":{"highway":"motorway","lanes":"2","lit":"no","maxspeed":"120","oneway":"yes","ref":"A1","surface":"asphalt","toll":"yes","carriage_ref":"B"},"geometry":{"type":"LineString","coordinates":[[8.0614475,47.3554428],[8.0618779,47.3557267],[8.0622329,47.3559679],[8.0625731,47.3562036],[8.0629072,47.3564413],[8.0632423,47.3566888],[8.0635672,47.3569364],[8.0638828,47.3571881],[8.0644981,47.3576949],[8.0647983,47.3579502],[8.0650913,47.3582072],[8.0664714,47.3594563],[8.066891,47.3598352],[8.0673255,47.360214],[8.0676236,47.3604578],[8.0679525,47.3607199]]}},{"type":"Feature","properties":{"highway":"motorway","lanes":"2","lit":"no","maxspeed":"120","oneway":"yes","ref":"A1","surface":"asphalt","toll":"yes","carriage_ref":"B"},"geometry":{"type":"LineString","coordinates":[[8.2121896,47.406566],[8.2125681,47.4068093],[8.2132121,47.4071886]]}},{"type":"Feature","properties":{"destination:lanes":"München;St.Margrethen;Kreuzlingen|München;St.Margrethen;Kreuzlingen|St.Gallen-Neudorf;Heiden","destination:ref:lanes":"E 60;1|E 60;1|","highway":"motorway","int_ref":"E 60","lanes":"3","maxspeed":"100","oneway":"yes","ref":"A1","surface":"asphalt","toll":"yes","carriage_ref":"B"},"geometry":{"type":"LineString","coordinates":[[9.4107974,47.4387874],[9.4111656,47.4387874],[9.4115259,47.4388038],[9.4119409,47.4388412],[9.4123671,47.4388935],[9.4130018,47.439009]]}},{"type":"Feature","properties":{"highway":"motorway","int_ref":"E 35","lanes":"2","lit":"no","maxspeed":"120","oneway":"yes","ref":"A1;A2","surface":"asphalt","toll":"yes","carriage_ref":"A"},"geometry":{"type":"LineString","coordinates":[[7.8885575,47.3131687],[7.8876438,47.3132152]]}},{"type":"Feature","properties":{"bridge":"yes","highway":"motorway","int_ref":"E 60","lanes":"2","layer":"1","maxspeed":"120","oneway":"yes","ref":"A1","shoulder:right":"yes","source:maxspeed":"CH:motorway","surface":"asphalt","toll":"yes","carriage_ref":"A"},"geometry":{"type":"LineString","coordinates":[[9.5064417,47.4698266],[9.5058517,47.4696885],[9.5053098,47.4695527]]}},{"type":"Feature","properties":{"highway":"motorway","int_ref":"E 25;E 62","lanes":"2","layer":"-1","lit":"yes","maxspeed":"100","name":"Tranchée couverte de Chèvres","oneway":"yes","ref":"A1","toll":"yes","tunnel":"yes","tunnel:name":"Chèvres","carriage_ref":"B"},"geometry":{"type":"LineString","coordinates":[[6.0783174,46.1968624],[6.0782846,46.1974863],[6.0782431,46.1979093],[6.0781412,46.1984547],[6.077969,46.1990182],[6.0777748,46.199537],[6.0775615,46.2000345],[6.0773795,46.200385]]}},{"type":"Feature","properties":{"highway":"motorway","int_ref":"E 60","lanes":"2","maxspeed":"120","oneway":"yes","ref":"A1","surface":"asphalt","toll":"yes","carriage_ref":"A"},"geometry":{"type":"LineString","coordinates":[[9.113451,47.4612878],[9.1128897,47.4614212],[9.1122967,47.4615469]]}},{"type":"Feature","properties":{"highway":"motorway","lanes":"3","lit":"no","maxspeed":"120","oneway":"yes","ref":"A1","surface":"asphalt","toll":"yes","turn:lanes":"through|through|merge_to_left","carriage_ref":"A"},"geometry":{"type":"LineString","coordinates":[[8.241418,47.4397734],[8.2412379,47.4394355],[8.2410961,47.4391328]]}},{"type":"Feature","properties":{"highway":"motorway","int_ref":"E 25","lanes":"2","maxspeed":"120","oneway":"yes","ref":"A1","surface":"asphalt","toll":"yes","carriage_ref":"B"},"geometry":{"type":"LineString","coordinates":[[7.5730687,47.0909136],[7.5730543,47.0911823],[7.5730472,47.091357],[7.57306,47.0916799],[7.5730735,47.0918465],[7.5730892,47.0919995],[7.5731047,47.0921631],[7.5731231,47.0923168],[7.5731444,47.0924708],[7.5731642,47.0926247],[7.5732005,47.0928627],[7.5732537,47.0931009],[7.5732967,47.0933476],[7.573349,47.0935927],[7.5736347,47.0948677],[7.5739756,47.09638]]}},{"type":"Feature","properties":{"bridge":"yes","highway":"motorway","int_ref":"E 25;E 62","lanes":"2","layer":"1","maxspeed":"120","oneway":"yes","ref":"A1","toll":"yes","carriage_ref":"A"},"geometry":{"type":"LineString","coordinates":[[6.2164685,46.4026867],[6.2147129,46.4010521]]}},{"type":"Feature","properties":{"bridge":"yes","highway":"motorway","int_ref":"E 25;E 62","lanes":"3","layer":"1","maxspeed":"120","oneway":"yes","ref":"A1","toll":"yes","carriage_ref":"B"},"geometry":{"type":"LineString","coordinates":[[6.4052299,46.4778138],[6.4068003,46.477716],[6.4083126,46.4775549]]}},{"type":"Feature","properties":{"highway":"motorway","int_ref":"E 60","lanes":"4","lit":"no","maxspeed":"120","oneway":"yes","ref":"A1;A3","surface":"asphalt","toll":"yes","turn:lanes":"through|through|through|slight_right","carriage_ref":"A"},"geometry":{"type":"LineString","coordinates":[[8.3935197,47.4223954],[8.3925244,47.422452]]}},{"type":"Feature","properties":{"destination":"Zürich","highway":"motorway","lanes":"2","layer":"-2","lit":"yes","maxspeed":"100","name":"Bareggtunnel","oneway":"yes","ref":"A1;A3","signals":"maxspeed=signals","surface":"asphalt","toll":"yes","tunnel":"yes","tunnel:name":"Baregg","wikidata":"Q808058","wikipedia":"de:Bareggtunnel","carriage_ref":"B"},"geometry":{"type":"LineString","coordinates":[[8.2889931,47.4585637],[8.296479,47.4593212],[8.2995421,47.459624],[8.3008365,47.4596614],[8.3014664,47.4596275],[8.3020707,47.4595299],[8.3028263,47.4593428],[8.303564,47.4591179]]}},{"type":"Feature","properties":{"destination":"Bern","highway":"motorway","int_ref":"E 60","lanes":"4","lit":"no","maxspeed":"120","oneway":"yes","placement":"middle_of:2","ref":"A1;A3","surface":"asphalt","toll":"yes","turn:lanes":"|||merge_to_left","carriage_ref":"A"},"geometry":{"type":"LineString","coordinates":[[8.3382429,47.4504275],[8.3379746,47.4507963],[8.3378371,47.4509783],[8.3376919,47.4511596],[8.3375442,47.4513403],[8.337397,47.4515173],[8.3372413,47.4516956],[8.3370797,47.451867],[8.3369096,47.4520454],[8.336692,47.4522512],[8.3365035,47.4524215]]}},{"type":"Feature","properties":{"destination:lanes":"Genève;Lausanne;Yverdon;Neuchâtel|Genève;Lausanne;Yverdon;Neuchâtel;Bern-Brünnen","highway":"motorway","int_ref":"E 25","lanes":"2","lit":"no","maxspeed":"100","oneway":"yes","ref":"A1","surface":"asphalt","toll":"yes","carriage_ref":"A"},"geometry":{"type":"LineString","coordinates":[[7.3970987,46.9529302],[7.3965945,46.9531704],[7.3964191,46.9532604],[7.3961679,46.9533851],[7.3959082,46.9535081],[7.395654,46.9536235],[7.3953903,46.9537375],[7.3952027,46.953814],[7.3950043,46.953891],[7.3947879,46.953968],[7.3945676,46.9540406],[7.3943357,46.9541114],[7.394128,46.954169],[7.3939188,46.9542233],[7.3936898,46.9542761],[7.3934516,46.9543255],[7.3932805,46.9543573],[7.3931101,46.9543876],[7.392867,46.9544238],[7.3927123,46.9544446],[7.392567,46.9544615],[7.3923299,46.9544864],[7.3921007,46.9545049],[7.3918691,46.954518],[7.3916368,46.9545257],[7.3913984,46.9545295],[7.3911728,46.9545291],[7.3909479,46.9545257]]}},{"type":"Feature","properties":{"highway":"motorway","int_ref":"E 25;E 27","lanes":"4","lit":"no","maxspeed":"100","oneway":"yes","ref":"A1","surface":"asphalt","toll":"yes","carriage_ref":"B"},"geometry":{"type":"LineString","coordinates":[[7.4100693,46.9513177],[7.4102414,46.9513658],[7.4104338,46.9514225],[7.4106256,46.951481],[7.4108322,46.9515489],[7.411065,46.9516288]]}},{"type":"Feature","properties":{"bridge":"yes","highway":"motorway","int_ref":"E 23;E 25;E 62","lanes":"3","layer":"1","lit":"no","maxspeed":"100","oneway":"yes","ref":"A1","smoothness":"excellent","source":"Lausanne - Orthophoto technique 2012","surface":"asphalt","toll":"yes","carriage_ref":"B"},"geometry":{"type":"LineString","coordinates":[[6.5682105,46.543308],[6.5683927,46.5438016],[6.5684934,46.5440786],[6.5685841,46.5443571],[6.5686649,46.5446371],[6.5687357,46.5449184],[6.5687965,46.5452008],[6.5688471,46.5454841],[6.5688877,46.5457682],[6.5689181,46.5460529]]}},{"type":"Feature","properties":{"bridge":"yes","highway":"motorway","int_ref":"E 60","lanes":"3","layer":"1","lit":"no","maxspeed":"120","oneway":"yes","ref":"A1;A3","surface":"asphalt","toll":"yes","carriage_ref":"A"},"geometry":{"type":"LineString","coordinates":[[8.4085144,47.4202148],[8.4081357,47.420326]]}},{"type":"Feature","properties":{"avz":"333","cs_dir:forward":"2","highway":"motorway","int_ref":"E 23;E 25","lanes":"2","lit":"no","maxspeed":"120","oneway":"yes","ref":"A1;A9","surface":"asphalt","toll":"yes","carriage_ref":"A"},"geometry":{"type":"LineString","coordinates":[[6.5705041,46.6673737],[6.5706302,46.6668528],[6.57086,46.6660379],[6.5710697,46.6653454],[6.5713011,46.6646115],[6.5716959,46.6634639],[6.5719828,46.6625765]]}},{"type":"Feature","properties":{"hazmat:water":"permissive","highway":"motorway","int_ref":"E 41;E 60","lanes":"2","maxspeed":"100","oneway":"yes","overtaking:hgv":"no","ref":"A1;A4","shoulder:right":"yes","source:maxspeed":"sign","surface":"asphalt","toll":"yes","carriage_ref":"A"},"geometry":{"type":"LineString","coordinates":[[8.686641,47.5062464],[8.6866942,47.5060285],[8.6867698,47.5057705],[8.6868233,47.5056159],[8.6868853,47.5054613],[8.6869567,47.5053053],[8.6870317,47.505149],[8.6871119,47.5049938],[8.6872004,47.5048225]]}},{"type":"Feature","properties":{"highway":"motorway","int_ref":"E 25;E 62","lanes":"2","maxspeed":"120","oneway":"yes","ref":"A1","toll":"yes","carriage_ref":"B"},"geometry":{"type":"LineString","coordinates":[[6.2561581,46.423993],[6.2629672,46.4280753],[6.2736759,46.4345037],[6.2755564,46.4355904],[6.277508,46.4366683],[6.280253,46.4381252],[6.2826883,46.4393382],[6.2852954,46.4405837],[6.2878447,46.4417321]]}},{"type":"Feature","properties":{"highway":"motorway","int_ref":"E 60","lanes":"2","maxspeed":"120","oneway":"yes","ref":"A1","surface":"asphalt","toll":"yes","carriage_ref":"B"},"geometry":{"type":"LineString","coordinates":[[9.090585,47.4597691],[9.0917067,47.4599682],[9.094096,47.4603733],[9.0969777,47.4608649]]}},{"type":"Feature","properties":{"highway":"motorway","int_ref":"E 60","lanes":"2","maxspeed":"120","oneway":"yes","ref":"A1","surface":"asphalt","toll":"yes","carriage_ref":"A"},"geometry":{"type":"LineString","coordinates":[[9.2060403,47.4320706],[9.2050057,47.4323624],[9.2038705,47.4326483],[9.2025502,47.4329523],[9.2013214,47.4331873],[9.2002016,47.4333749],[9.1990972,47.4335335],[9.1979232,47.4336732],[9.1969211,47.4337761],[9.1952204,47.4339059],[9.1927016,47.4340682],[9.1911981,47.4341794],[9.1897472,47.4343174],[9.188155,47.4345333],[9.1870755,47.4347285],[9.1859302,47.4349927],[9.1846671,47.4353429],[9.183688,47.4356528],[9.1826256,47.4360234],[9.1791281,47.4372817],[9.1752958,47.4386673],[9.1715627,47.4400201],[9.1675344,47.4414753],[9.1651991,47.4423292],[9.1642745,47.442687],[9.1633192,47.4430969],[9.1618206,47.4438111],[9.1605729,47.4444968],[9.1591226,47.4453587],[9.1582535,47.4459164]]}},{"type":"Feature","properties":{"bridge":"yes","highway":"motorway","lanes":"3","layer":"1","lit":"no","maxspeed":"120","oneway":"yes","ref":"A1","surface":"asphalt","toll":"yes","turn:lanes":"through|through|merge_to_left","carriage_ref":"B"},"geometry":{"type":"LineString","coordinates":[[8.2223516,47.4159068],[8.2228391,47.4165919],[8.2231074,47.4169601],[8.2235013,47.4174748]]}},{"type":"Feature","properties":{"highway":"motorway","lanes":"2","lit":"no","maxspeed":"120","oneway":"yes","ref":"A1","surface":"asphalt","toll":"yes","carriage_ref":"A"},"geometry":{"type":"LineString","coordinates":[[8.1953341,47.3979882],[8.1945959,47.3979371],[8.1906473,47.3977282],[8.1896395,47.3976606],[8.1883647,47.3975536],[8.1877266,47.3974832],[8.1861709,47.3972728]]}},{"type":"Feature","properties":{"destination":"Lausanne;Gd-Saconnex;Fret-Cargo","highway":"motorway","int_ref":"E 25;E 62","lanes":"2","maxspeed":"100","oneway":"yes","ref":"A1","surface":"asphalt","toll":"yes","carriage_ref":"B"},"geometry":{"type":"LineString","coordinates":[[6.1032826,46.226532],[6.1035116,46.2267553],[6.1036901,46.2269019],[6.1038424,46.2270147],[6.1039881,46.2271172],[6.1042316,46.2272742],[6.1044538,46.2274049],[6.1046577,46.2275114],[6.1049186,46.2276385],[6.1052267,46.2277761],[6.1054488,46.2278694],[6.1057522,46.2279863],[6.1064199,46.2282371],[6.1071151,46.2285001],[6.1075365,46.2286754],[6.1079209,46.2288496],[6.10823,46.2290088]]}},{"type":"Feature","properties":{"highway":"motorway","int_ref":"E 35","lanes":"3","lit":"no","maxspeed":"120","oneway":"yes","ref":"A1;A2","surface":"asphalt","toll":"yes","carriage_ref":"B"},"geometry":{"type":"LineString","coordinates":[[7.8273347,47.3104193],[7.8298047,47.3099957],[7.8311503,47.3097928],[7.831796,47.3097033],[7.8324527,47.3096207],[7.833222,47.3095341]]}},{"type":"Feature","properties":{"highway":"motorway","int_ref":"E 25","lanes":"2","lit":"no","maxspeed":"100","oneway":"yes","ref":"A1","surface":"asphalt","toll":"yes","carriage_ref":"A"},"geometry":{"type":"LineString","coordinates":[[7.6484261,47.2407686],[7.6481222,47.2405634],[7.6478131,47.24036],[7.6472637,47.2400086],[7.6470172,47.2398557],[7.6466688,47.2396431],[7.6463143,47.2394382],[7.6460288,47.2392794],[7.6457415,47.2391222],[7.6455496,47.2390249],[7.6453552,47.2389304],[7.6451575,47.2388404],[7.6449577,47.2387518],[7.6447537,47.2386693],[7.6445266,47.2385826],[7.6443259,47.2385124],[7.6441115,47.2384446],[7.6438879,47.2383796],[7.6436648,47.238323],[7.643427,47.2382684],[7.6431806,47.2382183],[7.6429535,47.2381781],[7.6427248,47.2381406],[7.6424871,47.2381067],[7.6422489,47.2380758],[7.6420206,47.2380501],[7.6417926,47.2380254],[7.641408,47.2379909],[7.6408169,47.2379423],[7.6403438,47.237899],[7.6401058,47.2378738],[7.6398584,47.2378456],[7.6396186,47.2378137],[7.6393731,47.237776],[7.6391414,47.2377358],[7.6389103,47.2376921],[7.6386823,47.2376442],[7.638453,47.2375898],[7.6381892,47.2375198],[7.6379228,47.2374399],[7.6376016,47.2373354],[7.6373349,47.2372378],[7.6371262,47.2371549],[7.6369195,47.2370696],[7.6367143,47.2369823],[7.6365114,47.2368923],[7.6363118,47.2367997],[7.6361144,47.2367055],[7.6356657,47.2364758],[7.6350931,47.2361753]]}},{"type":"Feature","properties":{"destination":"Bern","highway":"motorway","int_ref":"E 60","lanes":"3","lit":"no","maxspeed":"120","oneway":"yes","ref":"A1;A3","surface":"asphalt","toll":"yes","carriage_ref":"A"},"geometry":{"type":"LineString","coordinates":[[8.3449414,47.4412739],[8.3447936,47.4414634],[8.3446401,47.4416647],[8.3435759,47.4431082],[8.3423561,47.4447769]]}},{"type":"Feature","properties":{"destination":"Nyon","highway":"motorway","int_ref":"E 25;E 62","lanes":"2","maxspeed":"120","oneway":"yes","ref":"A1","source":"Orthophotos 2009 du SITG (Système d'Information du Territoire Genevois)","toll":"yes","carriage_ref":"B"},"geometry":{"type":"LineString","coordinates":[[6.1606538,46.3364104],[6.1641756,46.3402403]]}},{"type":"Feature","properties":{"bridge":"yes","highway":"motorway","int_ref":"E 60","lanes":"3","layer":"1","lit":"no","maxspeed":"100","oneway":"yes","ref":"A1;A3","surface":"asphalt","toll":"yes","carriage_ref":"B"},"geometry":{"type":"LineString","coordinates":[[8.2553934,47.4495534],[8.2575097,47.4500905],[8.2591567,47.450515]]}},{"type":"Feature","properties":{"bridge":"yes","highway":"motorway","int_ref":"E 60","lanes":"2","layer":"1","maxspeed":"120","oneway":"yes","ref":"A1","surface":"asphalt","toll":"yes","carriage_ref":"B"},"geometry":{"type":"LineString","coordinates":[[9.5794951,47.4802923],[9.5798058,47.4802281]]}},{"type":"Feature","properties":{"highway":"motorway","int_ref":"E 25","lanes":"2","maxspeed":"120","oneway":"yes","ref":"A1","surface":"asphalt","toll":"yes","carriage_ref":"A"},"geometry":{"type":"LineString","coordinates":[[7.5730853,47.0898361],[7.5731418,47.0895456]]}},{"type":"Feature","properties":{"bridge":"yes","highway":"motorway","int_ref":"E 35","lanes":"2","layer":"1","lit":"no","maxspeed":"120","oneway":"yes","ref":"A1;A2","surface":"asphalt","toll":"yes","carriage_ref":"A"},"geometry":{"type":"LineString","coordinates":[[7.8912237,47.3129439],[7.8905301,47.313017],[7.8899786,47.3130703],[7.8893671,47.3131214]]}},{"type":"Feature","properties":{"embankment":"yes","highway":"motorway","int_ref":"E 41;E 60","lanes":"2","lit":"yes","maxspeed":"100","oneway":"yes","ref":"A1;A4","source:maxspeed":"sign","surface":"asphalt","toll":"yes","carriage_ref":"B"},"geometry":{"type":"LineString","coordinates":[[8.6262636,47.4150484],[8.6266647,47.4153544],[8.6270303,47.4156266],[8.6277713,47.4161597],[8.6281648,47.4164529],[8.6285921,47.4167623]]}},{"type":"Feature","properties":{"highway":"motorway","int_ref":"E 25;E 62","lanes":"2","maxspeed":"120","oneway":"yes","ref":"A1","toll":"yes","carriage_ref":"B"},"geometry":{"type":"LineString","coordinates":[[6.214448,46.4005705],[6.214885,46.4009958]]}},{"type":"Feature","properties":{"highway":"motorway","int_ref":"E 60","lanes":"2","layer":"-1","maxspeed":"100","oneway":"yes","ref":"A1","surface":"asphalt","toll":"yes","carriage_ref":"A"},"geometry":{"type":"LineString","coordinates":[[9.3958764,47.4352218],[9.3949207,47.4348273],[9.3945936,47.4346961],[9.3937559,47.4343601],[9.3934331,47.434248],[9.3931001,47.434142],[9.3926818,47.4340314],[9.3922828,47.433944],[9.3918587,47.4338568]]}},{"type":"Feature","properties":{"highway":"motorway","int_ref":"E 60","lanes":"2","maxspeed":"120","oneway":"yes","ref":"A1","surface":"asphalt","toll":"yes","carriage_ref":"B"},"geometry":{"type":"LineString","coordinates":[[9.1122028,47.4614547],[9.1128316,47.4613237],[9.1133853,47.4611904]]}},{"type":"Feature","properties":{"highway":"motorway","int_ref":"E 25","lanes":"2","layer":"-1","maxspeed":"100","name":"Les Vignes","oneway":"yes","ref":"A1","surface":"asphalt","toll":"yes","tunnel":"yes","tunnel:alt_name":"Les Vignes","tunnel:name":"Vignes","carriage_ref":"B"},"geometry":{"type":"LineString","coordinates":[[7.1009665,46.9095168],[7.1039922,46.9105713],[7.1072171,46.9114355],[7.1140015,46.9127697],[7.1189189,46.913855],[7.1224438,46.9149102],[7.1245743,46.9160348],[7.1253709,46.9164736]]}},{"type":"Feature","properties":{"highway":"motorway","int_ref":"E 35","lanes":"2","lit":"no","maxspeed":"120","oneway":"yes","ref":"A1;A2","surface":"asphalt","toll":"yes","carriage_ref":"A"},"geometry":{"type":"LineString","coordinates":[[7.8332544,47.3096395],[7.8324831,47.3097258],[7.8318289,47.3098063],[7.8311778,47.3098975],[7.829843,47.3100973],[7.8277622,47.3104591]]}},{"type":"Feature","properties":{"highway":"motorway","int_ref":"E 25","lanes":"2","maxspeed":"120","oneway":"yes","ref":"A1","surface":"asphalt","toll":"yes","carriage_ref":"A"},"geometry":{"type":"LineString","coordinates":[[7.5730071,47.0903211],[7.5730853,47.0898361]]}},{"type":"Feature","properties":{"highway":"motorway","int_ref":"E 23;E 25","lanes":"2","maxspeed":"100","oneway":"yes","ref":"A1","surface":"asphalt","toll":"yes","carriage_ref":"B"},"geometry":{"type":"LineString","coordinates":[[6.5600671,46.5620921],[6.5595617,46.5631779],[6.5593065,46.5637926],[6.5590955,46.56434],[6.5587214,46.5654561],[6.5585642,46.5659757],[6.5583157,46.5669064]]}},{"type":"Feature","properties":{"highway":"motorway","lanes":"2","lit":"no","maxspeed":"120","oneway":"yes","ref":"A1","surface":"asphalt","toll":"yes","carriage_ref":"A"},"geometry":{"type":"LineString","coordinates":[[8.2215813,47.4149952],[8.2212918,47.4145712],[8.2209645,47.4141361],[8.2206289,47.4136752],[8.220408,47.4133813],[8.2201753,47.41309],[8.2199356,47.4127993],[8.2196858,47.4125118],[8.2190723,47.4118238],[8.218532,47.4112607],[8.2182683,47.4109896],[8.2179901,47.4107252],[8.2176957,47.4104599],[8.2173926,47.410199],[8.2167831,47.4097149],[8.2164587,47.4094536],[8.2161285,47.4091961],[8.215793,47.4089586],[8.2154541,47.4087235],[8.2151241,47.4085014],[8.2147668,47.4082708],[8.2140781,47.4078502],[8.2135384,47.4075287],[8.2128087,47.4071128],[8.2124586,47.4069024],[8.2120851,47.4066577]]}},{"type":"Feature","properties":{"highway":"motorway","int_ref":"E 25","lanes":"2","lit":"no","maxspeed":"120","oneway":"yes","ref":"A1","surface":"asphalt","toll":"yes","carriage_ref":"B"},"geometry":{"type":"LineString","coordinates":[[7.3359155,46.9492368],[7.336378,46.9491606],[7.3368341,46.9490789]]}},{"type":"Feature","properties":{"highway":"motorway","int_ref":"E 60","lanes":"2","maxspeed":"120","oneway":"yes","ref":"A1","surface":"asphalt","toll":"yes","carriage_ref":"B"},"geometry":{"type":"LineString","coordinates":[[9.6098136,47.4609545],[9.6104119,47.4608588],[9.6111843,47.4607111],[9.6118178,47.460565],[9.6125451,47.4603685],[9.6132738,47.4601525],[9.6146829,47.4596779]]}},{"type":"Feature","properties":{"avz":"274","bicycle":"no","cs_dir:forward":"1","highway":"motorway","int_ref":"E 60","lanes":"3","lit":"no","maxspeed":"120","oneway":"yes","ref":"A1;A3","toll":"yes","carriage_ref":"B"},"geometry":{"type":"LineString","coordinates":[[8.3491531,47.4372799],[8.3492989,47.4371953]]}},{"type":"Feature","properties":{"highway":"motorway","int_ref":"E 25","lanes":"2","layer":"-1","maxspeed":"100","name":"Les Vignes","oneway":"yes","ref":"A1","surface":"asphalt","toll":"yes","tunnel":"yes","tunnel:alt_name":"Les Vignes","tunnel:name":"Vignes","carriage_ref":"B"},"geometry":{"type":"LineString","coordinates":[[7.1253709,46.9164736],[7.1270759,46.9178493]]}},{"type":"Feature","properties":{"carriage_ref":"A","highway":"motorway","int_ref":"E 25;E 62","lanes":"2","lit":"no","maxspeed":"signals","oneway":"yes","ref":"A1","source":"Orthophotos du SITG (Système d'Information du Territoire Genevois)","toll":"yes"},"geometry":{"type":"LineString","coordinates":[[6.0987033,46.1653894],[6.0990011,46.1651112],[6.0992266,46.1648913],[6.0994557,46.1646592],[6.0996984,46.1643934],[6.0998678,46.1641965],[6.1000075,46.1640265],[6.1001826,46.1637995],[6.1003612,46.1635504]]}},{"type":"Feature","properties":{"highway":"motorway","lanes":"2","lit":"no","maxspeed":"100","oneway":"yes","ref":"A1","surface":"asphalt","toll":"yes","carriage_ref":"A"},"geometry":{"type":"LineString","coordinates":[[7.9324068,47.3085094],[7.9320711,47.3082605],[7.9317932,47.3080701],[7.9314514,47.3078454],[7.9311037,47.3076251],[7.930749,47.30741],[7.9303896,47.3072025],[7.9300248,47.3069995],[7.9295851,47.30677],[7.9288147,47.3064049],[7.9284108,47.3062291],[7.9279986,47.3060621],[7.9275731,47.3058992],[7.9271578,47.3057525],[7.926737,47.3056097],[7.92629,47.3054712],[7.9257727,47.3053214],[7.9254708,47.3052396],[7.9251695,47.3051636]]}},{"type":"Feature","properties":{"highway":"motorway","int_ref":"E 25;E 62","lanes":"2","maxspeed":"signals","maxspeed:variable":"peak_traffic","oneway":"yes","ref":"A1","surface":"asphalt","toll":"yes","carriage_ref":"A"},"geometry":{"type":"LineString","coordinates":[[6.5482932,46.5337512],[6.5458644,46.5321331],[6.5450294,46.5316195],[6.5442072,46.5311334],[6.5433272,46.5306609]]}},{"type":"Feature","properties":{"highway":"motorway","lanes":"2","lit":"no","maxspeed":"120","oneway":"yes","ref":"A1","surface":"asphalt","toll":"yes","carriage_ref":"A"},"geometry":{"type":"LineString","coordinates":[[8.0176645,47.3222822],[8.0172037,47.3221821],[8.016742,47.3220951],[8.0163597,47.3220334],[8.0159768,47.3219783]]}},{"type":"Feature","properties":{"highway":"motorway","int_ref":"E 23;E 25","lanes":"2","lit":"no","maxspeed":"120","oneway":"yes","ref":"A1;A9","surface":"asphalt","toll":"yes","carriage_ref":"B"},"geometry":{"type":"LineString","coordinates":[[6.5537078,46.5970621],[6.5536697,46.5985505],[6.5536762,46.5992293],[6.5537003,46.5998147],[6.5537241,46.6004163],[6.5537865,46.6011562],[6.5538718,46.6021051],[6.5539577,46.6027661],[6.5540547,46.6033961],[6.5542497,46.6045219],[6.5543683,46.6050993],[6.5544876,46.6056318],[6.5547462,46.6066632],[6.5549766,46.6074924],[6.5551618,46.6080931],[6.5553541,46.6086819],[6.555595,46.6093655],[6.5558234,46.6099936],[6.5560603,46.6105924],[6.5563204,46.6112091],[6.5569643,46.6126588],[6.557463,46.6137301],[6.5579247,46.6147421],[6.5585125,46.6160944],[6.5588817,46.6170279],[6.5592086,46.6179447],[6.5594795,46.6187635],[6.5596633,46.6193642],[6.5600249,46.6206787],[6.5601542,46.6212492],[6.5602778,46.6218046],[6.5603472,46.6221289],[6.5605835,46.623403],[6.5606273,46.623687],[6.5606972,46.6241856],[6.5608088,46.6251181],[6.5608554,46.6255742],[6.5608791,46.6258726]]}},{"type":"Feature","properties":{"destination":"Gossau;St. Gallen","highway":"motorway","int_ref":"E 60","lanes":"2","maxspeed":"120","oneway":"yes","ref":"A1","surface":"asphalt","toll":"yes","carriage_ref":"B"},"geometry":{"type":"LineString","coordinates":[[9.1511479,47.4501717],[9.1514621,47.4500059],[9.1526552,47.4493182],[9.1535719,47.4487517]]}},{"type":"Feature","properties":{"destination":"Murten;Neuchâtel","highway":"motorway","int_ref":"E 25","lanes":"2","lit":"no","maxspeed":"120","oneway":"yes","ref":"A1","surface":"asphalt","toll":"yes","carriage_ref":"A"},"geometry":{"type":"LineString","coordinates":[[7.19473,46.9606374],[7.1944803,46.9607015],[7.1940654,46.9608139],[7.1936204,46.960941],[7.1931963,46.9610741],[7.1927837,46.9612092],[7.1924167,46.9613337]]}},{"type":"Feature","properties":{"highway":"motorway","lanes":"2","lit":"no","maxspeed":"120","oneway":"yes","ref":"A1","surface":"asphalt","toll":"yes","carriage_ref":"B"},"geometry":{"type":"LineString","coordinates":[[8.0159965,47.3218763],[8.0163896,47.3219307],[8.0167825,47.3219954],[8.0172581,47.3220852],[8.0178875,47.3222236]]}},{"type":"Feature","properties":{"destination:lanes":"Interlaken;Thun|Interlaken;Thun;Lausanne;Fribourg|Lausanne;Fribourg","highway":"motorway","int_ref":"E 25;E 27","lanes":"3","maxspeed":"100","oneway":"yes","ref":"A1;A6","surface":"asphalt","toll":"yes","carriage_ref":"A"},"geometry":{"type":"LineString","coordinates":[[7.4680562,46.9855819],[7.4679446,46.9854447],[7.4678338,46.985304],[7.4677292,46.9851627],[7.4676196,46.985007],[7.467524,46.9848618],[7.4674281,46.9847086],[7.4673351,46.9845497],[7.467246,46.9843907],[7.4671693,46.9842393],[7.4670938,46.9840821],[7.4670194,46.9839101],[7.4669506,46.9837428],[7.4668941,46.9835922]]}},{"type":"Feature","properties":{"highway":"motorway","int_ref":"E 25;E 62","lanes":"2","maxspeed":"80","oneway":"yes","ref":"A1","toll":"yes","carriage_ref":"B"},"geometry":{"type":"LineString","coordinates":[[6.1396889,46.251126],[6.139852,46.2513443],[6.1399492,46.2515067],[6.1400425,46.2516864],[6.1401254,46.2519116],[6.1401792,46.252131],[6.1402034,46.2522919],[6.140217,46.2524369],[6.1402069,46.2526918],[6.1401495,46.2529683],[6.1400602,46.2532269],[6.1399233,46.2535],[6.1397581,46.2537409],[6.1395599,46.2539741],[6.1393731,46.2541491],[6.1392236,46.2542764],[6.1389814,46.2544493]]}},{"type":"Feature","properties":{"bridge":"yes","highway":"motorway","int_ref":"E 60","lanes":"2","layer":"1","maxspeed":"120","oneway":"yes","ref":"A1","surface":"asphalt","toll":"yes","carriage_ref":"B"},"geometry":{"type":"LineString","coordinates":[[9.2401863,47.4249552],[9.2417499,47.4252293]]}},{"type":"Feature","properties":{"bridge":"yes","highway":"motorway","int_ref":"E 60","lanes":"2","layer":"1","maxspeed":"120","oneway":"yes","ref":"A1","toll":"yes","carriage_ref":"B"},"geometry":{"type":"LineString","coordinates":[[9.4503407,47.4701009],[9.4509556,47.4700581],[9.4515288,47.4699946],[9.4522155,47.469877],[9.4531161,47.4696841],[9.4538758,47.4694702],[9.4545862,47.4692212],[9.4553461,47.4689116],[9.4558951,47.4686589]]}},{"type":"Feature","properties":{"destination:int_ref:lanes":"E 41|E 60|E 60","destination:lanes":"Chur;Luzern;Westring-Zürich|Bern;Basel;Dietikon|Bern;Basel;Dietikon","destination:ref:lanes":"A3;A4|A1;A3|A1;A3","highway":"motorway","int_ref":"E 41;E 60","lanes":"3","lit":"yes","maxspeed":"80","oneway":"yes","ref":"A1;A4","source:maxspeed":"sign","surface":"asphalt","toll":"yes","turn:lanes":"slight_left|none|none","carriage_ref":"A"},"geometry":{"type":"LineString","coordinates":[[8.4389034,47.4146496],[8.4383973,47.4145223],[8.4375813,47.4143103],[8.4372182,47.4142206],[8.4368532,47.4141308],[8.4361215,47.4139681],[8.4354926,47.4138308],[8.4350386,47.4137285],[8.4349062,47.4136979]]}},{"type":"Feature","properties":{"destination:lanes":"Zürich;Gotthard;Luzern;Rothrist|none|Karlsruhe;Mulhouse;Basel;Egerkingen","highway":"motorway","int_ref":"E 25","lanes":"3","lit":"no","maxspeed":"100","oneway":"yes","ref":"A1","surface":"asphalt","toll":"yes","turn:lanes":"through|through;slight_right|slight_right","carriage_ref":"B"},"geometry":{"type":"LineString","coordinates":[[7.791792,47.3094188],[7.792333,47.3095581],[7.7928795,47.3096955],[7.7939702,47.3099633],[7.7942843,47.3100355],[7.7945999,47.310106]]}},{"type":"Feature","properties":{"bridge":"viaduct","highway":"motorway","int_ref":"E 25","lanes":"2","layer":"1","maxspeed":"120","name":"Viaduc des Vaux","oneway":"yes","ref":"A1","source:name":"Mapillary","surface":"asphalt","toll":"yes","carriage_ref":"A"},"geometry":{"type":"LineString","coordinates":[[6.7478842,46.7851774],[6.7476621,46.7850663],[6.7474385,46.7849571],[6.7472616,46.784874],[6.7470813,46.7847923],[6.7468963,46.7847118],[6.746717,46.7846368],[6.7465324,46.7845593],[6.746349,46.7844876],[6.7461623,46.7844126],[6.7459339,46.7843288],[6.7457286,46.7842605],[6.7455396,46.784198],[6.7453483,46.78414],[6.7451362,46.7840791],[6.7449337,46.7840229],[6.744732,46.7839675],[6.7444957,46.7839062],[6.7442363,46.7838409],[6.7439589,46.783775],[6.7436963,46.7837189],[6.7434248,46.7836647],[6.7431664,46.7836199],[6.7429013,46.7835758],[6.7426649,46.7835385],[6.7424395,46.7835084],[6.741973,46.783453],[6.7415031,46.7834048],[6.7410314,46.7833631],[6.7396501,46.7832446],[6.7391873,46.7832008],[6.7387084,46.7831513],[6.7384749,46.7831247],[6.7382417,46.7830966],[6.7380125,46.7830673],[6.7377843,46.7830383],[6.7375511,46.7830033],[6.7373227,46.7829679],[6.7370836,46.7829247],[6.7368544,46.7828778],[6.7366303,46.782831],[6.7362822,46.7827577]]}},{"type":"Feature","properties":{"highway":"motorway","int_ref":"E 25","lanes":"2","lit":"no","maxspeed":"120","oneway":"yes","ref":"A1","surface":"asphalt","toll":"yes","carriage_ref":"B"},"geometry":{"type":"LineString","coordinates":[[7.3368341,46.9490789],[7.3372891,46.948992],[7.3377386,46.9488954],[7.3381761,46.9487912],[7.3386044,46.9486768],[7.3390431,46.9485449],[7.3394732,46.9484084],[7.3396844,46.9483362],[7.339894,46.9482618],[7.3400911,46.948187],[7.3403053,46.9481037],[7.3407108,46.9479492],[7.3411188,46.9477888],[7.3417254,46.9475434],[7.3423488,46.9473036],[7.3427633,46.9471451],[7.342976,46.9470683],[7.3431912,46.9469938],[7.3437275,46.9468169]]}},{"type":"Feature","properties":{"avz":"381","cs_dir:forward":"2","highway":"motorway","int_ref":"E 60","lanes":"4","lit":"no","maxspeed":"100","oneway":"yes","ref":"A1;A3","surface":"asphalt","toll":"yes","turn:lanes":"slight_left|slight_left|slight_right|slight_right","carriage_ref":"A"},"geometry":{"type":"LineString","coordinates":[[8.2512295,47.4484021],[8.2507281,47.4482037]]}},{"type":"Feature","properties":{"avz":"226","cs_dir:forward":"1","highway":"motorway","int_ref":"E 23;E 25;E 62","lanes":"4","maxspeed":"100","oneway":"yes","ref":"A1","ssvz":"1117N","surface":"asphalt","toll":"yes","turn:lanes":"through|through|slight_right|slight_right","carriage_ref":"B"},"geometry":{"type":"LineString","coordinates":[[6.5630617,46.5573266],[6.562161,46.5585626],[6.5619609,46.5588541]]}},{"type":"Feature","properties":{"embankment":"yes","highway":"motorway","int_ref":"E 41;E 60","lanes":"2","lit":"yes","maxspeed":"100","oneway":"yes","ref":"A1;A4","source:maxspeed":"sign","surface":"asphalt","toll":"yes","carriage_ref":"A"},"geometry":{"type":"LineString","coordinates":[[8.6284881,47.4168776],[8.6280468,47.416549],[8.6276569,47.4162531],[8.6272188,47.4159453],[8.6268743,47.4157187]]}},{"type":"Feature","properties":{"avz":"274","bridge":"yes","cs_dir:forward":"2","highway":"motorway","int_ref":"E 60","lanes":"4","layer":"1","lit":"no","maxspeed":"120","oneway":"yes","placement":"middle_of:2","ref":"A1;A3","toll":"yes","turn:lanes":"|||right","carriage_ref":"A"},"geometry":{"type":"LineString","coordinates":[[8.3493865,47.4373219],[8.3489528,47.4375856]]}},{"type":"Feature","properties":{"highway":"motorway","int_ref":"E 25","lanes":"3","maxspeed":"120","maxspeed:variable":"peak_traffic","oneway":"yes","ref":"A1","surface":"asphalt","toll":"yes","tunnel":"yes","turn:lanes":"none|none|slight_right","carriage_ref":"A"},"geometry":{"type":"LineString","coordinates":[[7.5739191,47.0841675],[7.5738875,47.0838091]]}},{"type":"Feature","properties":{"highway":"motorway","int_ref":"E 25;E 62","lanes":"2","maxspeed":"120","oneway":"yes","ref":"A1","toll":"yes","carriage_ref":"A"},"geometry":{"type":"LineString","coordinates":[[6.4039362,46.4779699],[6.4023829,46.477966],[6.4012671,46.4779181],[6.3997446,46.4778277]]}},{"type":"Feature","properties":{"bridge":"yes","highway":"motorway","int_ref":"E 60","lanes":"2","layer":"1","maxspeed":"120","oneway":"yes","ref":"A1","toll":"yes","carriage_ref":"A"},"geometry":{"type":"LineString","coordinates":[[8.7984101,47.5323183],[8.7980035,47.5323275]]}},{"type":"Feature","properties":{"highway":"motorway","lanes":"2","lit":"no","maxspeed":"120","oneway":"yes","ref":"A1","surface":"asphalt","toll":"yes","carriage_ref":"A"},"geometry":{"type":"LineString","coordinates":[[7.9423092,47.3154091],[7.9419072,47.3152452],[7.9415118,47.3150747],[7.9411124,47.3148862],[7.940718,47.3146911],[7.9403636,47.3144983],[7.940016,47.3142987],[7.9396661,47.3140861],[7.9393269,47.3138648],[7.9389921,47.3136404],[7.9386684,47.3134084],[7.9383491,47.313175],[7.9380376,47.3129391],[7.9377293,47.3127008],[7.9371282,47.312222],[7.9346586,47.3102177],[7.9339711,47.3096693],[7.9336221,47.3093988],[7.9332686,47.3091288]]}},{"type":"Feature","properties":{"highway":"motorway","int_ref":"E 25","lanes":"2","maxspeed":"100","oneway":"yes","ref":"A1","surface":"asphalt","toll":"yes","carriage_ref":"A"},"geometry":{"type":"LineString","coordinates":[[7.5059353,47.0214558],[7.5026671,47.0203655],[7.5022267,47.0202142],[7.5017989,47.0200621],[7.5015811,47.0199832],[7.5013671,47.0199014],[7.5011569,47.0198174],[7.5009473,47.0197279],[7.5007498,47.0196382],[7.5005438,47.0195419],[7.5003546,47.0194475],[7.5001614,47.0193461],[7.4999731,47.0192446],[7.4997869,47.0191371],[7.4996037,47.0190258],[7.499425,47.0189125],[7.4992503,47.0187963],[7.4990789,47.0186751],[7.4989157,47.0185571],[7.4987525,47.0184293],[7.4985986,47.0183049],[7.4984471,47.0181746],[7.498308,47.0180476],[7.4981645,47.0179117],[7.4980254,47.0177758],[7.4978932,47.0176338],[7.4977629,47.0174891],[7.4976423,47.0173459],[7.4975212,47.0171925],[7.4974236,47.0170673],[7.4973147,47.016926],[7.4972147,47.0167792],[7.4971068,47.0166097]]}},{"type":"Feature","properties":{"bridge":"yes","highway":"motorway","int_ref":"E 60","lanes":"2","layer":"1","maxspeed":"120","oneway":"yes","ref":"A1","surface":"asphalt","toll":"yes","carriage_ref":"B"},"geometry":{"type":"LineString","coordinates":[[9.2675287,47.4205091],[9.2679977,47.4204198]]}},{"type":"Feature","properties":{"bridge":"yes","highway":"motorway","int_ref":"E 25;E 62","lanes":"2","layer":"1","maxspeed":"120","oneway":"yes","ref":"A1","toll":"yes","carriage_ref":"B"},"geometry":{"type":"LineString","coordinates":[[6.3262746,46.4619783],[6.3266634,46.4621873]]}},{"type":"Feature","properties":{"bridge":"yes","highway":"motorway","int_ref":"E 60","lanes":"2","layer":"1","maxspeed":"120","oneway":"yes","ref":"A1","surface":"asphalt","toll":"yes","carriage_ref":"B"},"geometry":{"type":"LineString","coordinates":[[8.7739919,47.5305055],[8.7745583,47.5306363]]}},{"type":"Feature","properties":{"bridge":"yes","highway":"motorway","int_ref":"E 60","lanes":"2","layer":"1","oneway":"yes","ref":"A1","surface":"asphalt","toll":"yes","carriage_ref":"B"},"geometry":{"type":"LineString","coordinates":[[8.9440521,47.4971021],[8.9441789,47.4969548]]}},{"type":"Feature","properties":{"avz":"56","cs_dir:forward":"2","highway":"motorway","int_ref":"E 25;E 27","lanes":"4","maxspeed:lanes":"100|100|100|60","oneway":"yes","ref":"A1;A6","ssvz":"944N","surface":"asphalt","toll":"yes","turn:lanes":"none|none|none|slight_right","carriage_ref":"A"},"geometry":{"type":"LineString","coordinates":[[7.4794668,46.9908767],[7.4792793,46.9907932],[7.4790798,46.9907054],[7.4788174,46.9905965]]}},{"type":"Feature","properties":{"destination:lanes":"Zürich Aarau|Zürich Aarau;Chiasso;Gotthard;Luzern;Reiden|Chiasso;Gotthard;Luzern;Reiden","highway":"motorway","int_ref":"E 35","lanes":"3","lit":"no","maxspeed":"100","oneway":"yes","ref":"A1;A2","surface":"asphalt","toll":"yes","turn:lanes":"slight_left|slight_left;slight_right|slight_right","carriage_ref":"B"},"geometry":{"type":"LineString","coordinates":[[7.9089139,47.3067709],[7.9093975,47.3065386],[7.9098056,47.3063533],[7.9102212,47.3061717],[7.9106175,47.3060089],[7.9110226,47.3058496],[7.9114372,47.3057009],[7.9118583,47.3055575],[7.9120622,47.3054918]]}},{"type":"Feature","properties":{"highway":"motorway","int_ref":"E 60","lanes":"3","layer":"-2","lit":"yes","maxspeed":"100","name":"Bareggtunnel","oneway":"yes","ref":"A1;A3","signals":"maxspeed=signals","surface":"asphalt","toll":"yes","tunnel":"yes","tunnel:name":"Baregg","wikidata":"Q808058","wikipedia":"de:Bareggtunnel","carriage_ref":"A"},"geometry":{"type":"LineString","coordinates":[[8.3036877,47.4595761],[8.303065,47.4597725],[8.302271,47.4599664],[8.3015737,47.4600736],[8.3008338,47.460122],[8.2989144,47.4601355],[8.2962793,47.4599405],[8.2887523,47.4590155]]}},{"type":"Feature","properties":{"destination:lanes":"Zürich;Rapperswil;Brüttisellen|Zürich;Rapperswil;Brüttisellen|Zürich;Rapperswil;Brüttisellen|Effretikon;Kemptthal","highway":"motorway","int_ref":"E 41;E 60","lanes":"4","maxspeed":"signals","oneway":"yes","placement":"middle_of:2","ref":"A1;A4","shoulder:right":"yes","surface":"asphalt","toll":"yes","turn:lanes":"|||slight_right","carriage_ref":"A"},"geometry":{"type":"LineString","coordinates":[[8.6971851,47.4470502],[8.6968146,47.4465634]]}},{"type":"Feature","properties":{"avz":"382","cs_dir:forward":"1","highway":"motorway","lanes":"2","lit":"no","maxspeed":"100","oneway":"yes","ref":"A1","surface":"asphalt","toll":"yes","turn:lanes":"through|through|slight_right","carriage_ref":"B"},"geometry":{"type":"LineString","coordinates":[[8.2423704,47.4411164],[8.242459,47.4412502],[8.2426667,47.4415521],[8.2428762,47.4418608],[8.2430899,47.4421488],[8.2433201,47.4424511],[8.2435848,47.4427778],[8.2438283,47.4430635],[8.2439941,47.4432619]]}},{"type":"Feature","properties":{"destination":"Lausanne;Interlaken;Bern","highway":"motorway","int_ref":"E 25","lanes":"2","maxspeed":"100","oneway":"yes","ref":"A1","surface":"asphalt","toll":"yes","carriage_ref":"A"},"geometry":{"type":"LineString","coordinates":[[7.4971068,47.0166097],[7.4970145,47.0164511],[7.4969335,47.0163031],[7.4968766,47.016194],[7.4968067,47.0160508]]}},{"type":"Feature","properties":{"destination:lanes":"Sankt Gallen;Schaffhausen|Sankt Gallen;Schaffhausen;Zürich-City","highway":"motorway","int_ref":"E 41;E 60","lanes":"2","lit":"yes","maxspeed":"100","oneway":"yes","ref":"A1;A4","source:maxspeed":"sign","surface":"asphalt","toll":"yes","carriage_ref":"B"},"geometry":{"type":"LineString","coordinates":[[8.5666402,47.4246581],[8.5687628,47.4244079]]}},{"type":"Feature","properties":{"bridge":"yes","highway":"motorway","int_ref":"E 60","lanes":"3","layer":"1","maxspeed":"120","oneway":"yes","ref":"A1","surface":"asphalt","toll":"yes","carriage_ref":"A"},"geometry":{"type":"LineString","coordinates":[[8.7793315,47.5313675],[8.7786249,47.5313139]]}},{"type":"Feature","properties":{"destination":"Lausanne;Genève-Aéroport;Meyrin-Vernier","highway":"motorway","int_ref":"E 25;E 62","lanes":"2","lit":"yes","maxspeed":"100","oneway":"yes","ref":"A1","toll":"yes","carriage_ref":"B"},"geometry":{"type":"LineString","coordinates":[[6.0829562,46.1846052],[6.0827962,46.1849218],[6.0823763,46.1856251]]}},{"type":"Feature","properties":{"avz":"229","cs_dir:forward":"2","highway":"motorway","lanes":"2","lit":"no","maxspeed":"120","oneway":"yes","ref":"A1","ssvz":"1118N","surface":"asphalt","toll":"yes","carriage_ref":"A"},"geometry":{"type":"LineString","coordinates":[[7.943488,47.3158475],[7.9431345,47.3157206],[7.9427185,47.3155677],[7.9423092,47.3154091]]}},{"type":"Feature","properties":{"bridge":"yes","highway":"motorway","int_ref":"E 41;E 60","lanes":"2","layer":"1","lit":"no","maxspeed":"120","oneway":"yes","overtaking:hgv":"no","ref":"A1;A4","source:maxspeed":"CH:motorway","surface":"asphalt","toll":"yes","carriage_ref":"B"},"geometry":{"type":"LineString","coordinates":[[8.5495178,47.4305166],[8.5501032,47.4302778]]}},{"type":"Feature","properties":{"highway":"motorway","int_ref":"E 25;E 62","lanes":"2","maxspeed":"120","oneway":"yes","ref":"A1","toll":"yes","carriage_ref":"A"},"geometry":{"type":"LineString","coordinates":[[6.3261651,46.4620624],[6.3254074,46.4616395],[6.3246581,46.4611943],[6.3239635,46.4607635],[6.3232775,46.4603106],[6.3225683,46.4598213],[6.3219492,46.4593735],[6.3213003,46.4589003],[6.3206275,46.4584031],[6.3187305,46.4570053],[6.3169096,46.4557456],[6.3156902,46.4549296],[6.3130229,46.4532427],[6.3110726,46.4521383]]}},{"type":"Feature","properties":{"highway":"motorway","int_ref":"E 25","lanes":"2","maxspeed":"120","oneway":"yes","ref":"A1","surface":"asphalt","toll":"yes","carriage_ref":"A"},"geometry":{"type":"LineString","coordinates":[[7.6000057,47.2051772],[7.6000065,47.2050183],[7.6000099,47.2045301],[7.6000195,47.2040419],[7.6000377,47.2033888],[7.6000579,47.2027355],[7.6001023,47.2014414],[7.6001348,47.2005945],[7.6001574,47.1997484],[7.6001677,47.1990229],[7.600164,47.198281],[7.6001595,47.1979533],[7.6001411,47.1974274],[7.6001162,47.1969011],[7.6000875,47.1965048],[7.6000519,47.1961085],[7.5999902,47.1956002],[7.5999243,47.1950536],[7.5998785,47.1947314],[7.5998256,47.1944092],[7.5997174,47.1938422],[7.5995949,47.1932759],[7.5993939,47.1924727],[7.5990723,47.1913716],[7.5988598,47.1907374],[7.598505,47.1898022],[7.5982447,47.1891877],[7.5979665,47.1885696],[7.5977852,47.1881836],[7.5975959,47.1877988],[7.5972058,47.1870414],[7.5968737,47.186433],[7.5965041,47.1857753],[7.5961083,47.185102],[7.5957031,47.1844283],[7.5932526,47.1804734],[7.5928967,47.1798751],[7.592544,47.1792739],[7.5921968,47.1786711],[7.5918592,47.1780636],[7.591619,47.1776114],[7.5913222,47.1770426]]}},{"type":"Feature","properties":{"highway":"motorway","int_ref":"E 60","lanes":"3","maxspeed":"120","oneway":"yes","ref":"A1","surface":"asphalt","toll":"yes","turn:lanes":"none|none|merge_to_left","carriage_ref":"B"},"geometry":{"type":"LineString","coordinates":[[9.0537568,47.4539265],[9.0552737,47.4540615],[9.0566322,47.4542065]]}},{"type":"Feature","properties":{"change:lanes":"yes|yes|not_right|yes","destination":"Sankt Gallen;Kreuzlingen;Winterthur-Ohringen","highway":"motorway","int_ref":"E 60","lanes":"4","maxspeed":"100","oneway":"yes","placement":"middle_of:2","ref":"A1","toll":"yes","turn:lanes":"merge_to_right|||","carriage_ref":"B"},"geometry":{"type":"LineString","coordinates":[[8.7011769,47.5235874],[8.7014293,47.5237212],[8.7017053,47.5238552]]}},{"type":"Feature","properties":{"destination":"St. Gallen;Flughafen;Nordring Zürich","highway":"motorway","int_ref":"E 41;E 60","lanes":"3","lit":"yes","maxspeed":"80","oneway":"yes","ref":"A1;A4","source:maxspeed":"sign","surface":"asphalt","toll":"yes","carriage_ref":"B"},"geometry":{"type":"LineString","coordinates":[[8.4318794,47.4124157],[8.4319914,47.4124974],[8.4321707,47.4126022],[8.4323521,47.4126961],[8.4325488,47.4127902],[8.4327423,47.4128755],[8.4329524,47.4129622],[8.433126,47.4130286],[8.4334579,47.4131495],[8.4339273,47.4133002],[8.4343707,47.4134034]]}},{"type":"Feature","properties":{"highway":"motorway","int_ref":"E 25;E 62","lanes":"2","layer":"1","maxspeed":"120","oneway":"yes","ref":"A1","toll":"yes","carriage_ref":"A"},"geometry":{"type":"LineString","coordinates":[[6.4955013,46.5131418],[6.4939114,46.5120419],[6.493308,46.5116135]]}},{"type":"Feature","properties":{"highway":"motorway","int_ref":"E 25","lanes":"2","layer":"-1","maxspeed":"100","name":"Les Vignes","oneway":"yes","ref":"A1","surface":"asphalt","toll":"yes","tunnel":"yes","tunnel:alt_name":"Les Vignes","tunnel:name":"Vignes","carriage_ref":"A"},"geometry":{"type":"LineString","coordinates":[[7.1251563,46.9165469],[7.124636,46.9162739],[7.1241827,46.9160266],[7.1237267,46.915858],[7.1221053,46.9151682],[7.1204209,46.9146044],[7.1195519,46.9143515],[7.1186667,46.914117],[7.1166283,46.9136443],[7.1070538,46.9116899],[7.1037601,46.9107787],[7.1001672,46.9094918]]}},{"type":"Feature","properties":{"destination":"St. Gallen","highway":"motorway","int_ref":"E 60","lanes":"2","maxspeed":"120","oneway":"yes","ref":"A1","surface":"asphalt","toll":"yes","carriage_ref":"B"},"geometry":{"type":"LineString","coordinates":[[9.2313261,47.4234843],[9.2322505,47.4235961],[9.2331724,47.4237237],[9.2341478,47.4238767],[9.2359153,47.424189]]}},{"type":"Feature","properties":{"highway":"motorway","int_ref":"E 60","lanes":"2","maxspeed":"120","oneway":"yes","ref":"A1","surface":"asphalt","toll":"yes","carriage_ref":"B"},"geometry":{"type":"LineString","coordinates":[[9.0793742,47.457867],[9.0839471,47.4586403],[9.0843057,47.4587015],[9.0877867,47.4592955],[9.0891936,47.459536]]}},{"type":"Feature","properties":{"access":"yes","bicycle":"no","foot":"no","highway":"motorway","horse":"no","int_ref":"E 25","lanes":"2","maxspeed":"100","motor_vehicle":"yes","oneway":"yes","ref":"A1","sidewalk":"no","surface":"asphalt","toll":"yes","carriage_ref":"A"},"geometry":{"type":"LineString","coordinates":[[6.6935578,46.7645264],[6.6930291,46.7642812],[6.6926147,46.7640863],[6.6922042,46.7638893],[6.6918203,46.7637009],[6.6914604,46.7635208],[6.6910526,46.7633129],[6.6906624,46.7631137],[6.6902899,46.7629162],[6.6899491,46.7627288],[6.6894942,46.7624781],[6.6889014,46.7621459],[6.6883655,46.7618412],[6.6872235,46.7611891],[6.6865696,46.7608197],[6.6860169,46.7605119],[6.6852877,46.760113],[6.6849129,46.7599125],[6.6845346,46.7597143],[6.6841659,46.7595253],[6.6836658,46.7592752]]}},{"type":"Feature","properties":{"avz":"56","cs_dir:forward":"2","highway":"motorway","int_ref":"E 25;E 27","lanes":"4","maxspeed":"100","oneway":"yes","ref":"A1;A6","ssvz":"944N","surface":"asphalt","toll":"yes","turn:lanes":"none|none|none|slight_right","carriage_ref":"A"},"geometry":{"type":"LineString","coordinates":[[7.4804158,46.9913725],[7.4802292,46.9912634],[7.480039,46.9911589],[7.4798469,46.9910617],[7.4796509,46.9909643],[7.4794668,46.9908767]]}},{"type":"Feature","properties":{"highway":"motorway","int_ref":"E 25;E 62","lanes":"2","maxspeed":"120","oneway":"yes","ref":"A1","toll":"yes","carriage_ref":"A"},"geometry":{"type":"LineString","coordinates":[[6.4533077,46.4927991],[6.4522693,46.4923886],[6.4512693,46.4919656],[6.4500013,46.4914148],[6.4487458,46.4908206],[6.4477539,46.4903327],[6.4467969,46.4898374],[6.4451965,46.4889458],[6.444171,46.4883355],[6.4431613,46.4876975],[6.4421576,46.48703],[6.4411614,46.4863302],[6.440163,46.4855878],[6.4381311,46.4840139],[6.4370171,46.48317],[6.4365902,46.4828579],[6.4365017,46.4828091],[6.4355428,46.4821104],[6.4347205,46.4815737],[6.4336762,46.4809319],[6.4326017,46.4803648],[6.4315313,46.479836],[6.4304193,46.4793414],[6.4295639,46.4790191],[6.4289628,46.4787927],[6.4277227,46.4783802],[6.4264426,46.4780126]]}},{"type":"Feature","properties":{"bridge":"yes","highway":"motorway","int_ref":"E 25;E 62","lanes":"2","layer":"1","maxspeed":"120","oneway":"yes","ref":"A1","toll":"yes","carriage_ref":"A"},"geometry":{"type":"LineString","coordinates":[[6.3724231,46.4746115],[6.3718965,46.4745507]]}},{"type":"Feature","properties":{"bridge":"yes","highway":"motorway","int_ref":"E 25","lanes":"2","layer":"1","maxspeed":"120","oneway":"yes","ref":"A1","surface":"asphalt","toll":"yes","carriage_ref":"B"},"geometry":{"type":"LineString","coordinates":[[6.8815648,46.8271451],[6.8819517,46.8270202]]}},{"type":"Feature","properties":{"highway":"motorway","int_ref":"E 60","lanes":"4","lit":"no","maxspeed":"120","oneway":"yes","ref":"A1;A3","surface":"asphalt","toll":"yes","carriage_ref":"B"},"geometry":{"type":"LineString","coordinates":[[8.3995387,47.4218158],[8.4003381,47.421719],[8.4013982,47.4215776]]}},{"type":"Feature","properties":{"highway":"motorway","int_ref":"E 60","lanes":"2","maxspeed":"120","oneway":"yes","ref":"A1","surface":"asphalt","toll":"yes","carriage_ref":"A"},"geometry":{"type":"LineString","coordinates":[[9.4215962,47.4492023],[9.4211443,47.4486831],[9.4203076,47.4475587],[9.4198473,47.4468641],[9.4196183,47.4464842],[9.4194324,47.4461555]]}},{"type":"Feature","properties":{"bridge":"yes","highway":"motorway","int_ref":"E 41;E 60","lanes":"2","layer":"1","lit":"no","maxspeed":"80","oneway":"yes","ref":"A1;A4","source:maxspeed":"sign","surface":"asphalt","toll":"yes","carriage_ref":"A"},"geometry":{"type":"LineString","coordinates":[[8.4931442,47.42646],[8.4923715,47.4263857]]}},{"type":"Feature","properties":{"highway":"motorway","int_ref":"E 25;E 62","lanes":"2","maxspeed":"120","oneway":"yes","ref":"A1","toll":"yes","carriage_ref":"B"},"geometry":{"type":"LineString","coordinates":[[6.4265233,46.4779173],[6.4277808,46.4782778],[6.4290176,46.478687],[6.4304743,46.4792365],[6.4306386,46.4793098],[6.4315918,46.4797349],[6.4326645,46.480263],[6.4337349,46.4808279],[6.4348075,46.4814809],[6.4356248,46.4820139],[6.4366786,46.4827642],[6.437106,46.4830752],[6.4376308,46.4834743],[6.4382149,46.4839184],[6.4402537,46.4854974],[6.441265,46.4862476],[6.4422709,46.4869543],[6.4432789,46.4876191],[6.4442787,46.4882555],[6.4452638,46.488844],[6.4468634,46.4897338],[6.4478526,46.4902479],[6.4488527,46.4907391],[6.4500862,46.4913219],[6.4513669,46.4918818],[6.4523686,46.4923033],[6.453402,46.4927115]]}},{"type":"Feature","properties":{"highway":"motorway","int_ref":"E 60","lanes":"2","maxspeed":"120","oneway":"yes","ref":"A1","surface":"asphalt","toll":"yes","carriage_ref":"A"},"geometry":{"type":"LineString","coordinates":[[8.7756671,47.530959],[8.7747308,47.5307789]]}},{"type":"Feature","properties":{"highway":"motorway","lanes":"2","lit":"no","maxspeed":"100","oneway":"yes","ref":"A1","surface":"asphalt","toll":"yes","carriage_ref":"A"},"geometry":{"type":"LineString","coordinates":[[7.8038705,47.3118249],[7.8024164,47.3116481],[7.8015041,47.3115241],[7.8006473,47.311394]]}},{"type":"Feature","properties":{"highway":"motorway","int_ref":"E 25;E 62","lanes":"2","maxspeed":"120","oneway":"yes","ref":"A1","toll":"yes","carriage_ref":"A"},"geometry":{"type":"LineString","coordinates":[[6.2581551,46.4253337],[6.2560532,46.4240729],[6.2545734,46.4232254],[6.2521601,46.4219901],[6.2516381,46.4217297],[6.2510589,46.4214474],[6.2498387,46.4208692],[6.2485895,46.4203192],[6.2470766,46.4196757],[6.2455577,46.4190653],[6.2402867,46.4170192],[6.2391,46.4165478],[6.2379177,46.4160651],[6.2367588,46.4155761],[6.2355901,46.4150638],[6.234792,46.414697],[6.2339889,46.4143171],[6.2332661,46.4139628],[6.2325373,46.413597],[6.2310485,46.4128161],[6.2299551,46.4122233],[6.2289073,46.4116277],[6.2278329,46.4109972],[6.2267588,46.4103434],[6.2255261,46.4095685],[6.2242844,46.4087273],[6.2232248,46.4080043],[6.2221039,46.4072139],[6.2203832,46.4059305],[6.2193811,46.4051381],[6.2190383,46.4048569],[6.2183763,46.4043137],[6.2172639,46.4033822],[6.2164685,46.4026867]]}},{"type":"Feature","properties":{"highway":"motorway","int_ref":"E 60","lanes":"3","maxspeed":"100","oneway":"yes","ref":"A1","surface":"asphalt","toll":"yes","carriage_ref":"A"},"geometry":{"type":"LineString","coordinates":[[9.3542274,47.4257051],[9.353631,47.4255356],[9.3530614,47.4253851],[9.3526044,47.4252666],[9.351877,47.4250864],[9.3511372,47.4249055],[9.3497236,47.4245482]]}},{"type":"Feature","properties":{"highway":"motorway","int_ref":"E 25;E 62","lanes":"2","maxspeed":"120","oneway":"yes","ref":"A1","toll":"yes","carriage_ref":"B"},"geometry":{"type":"LineString","coordinates":[[6.4800292,46.5030006],[6.4805173,46.5032599],[6.481523,46.5038115]]}},{"type":"Feature","properties":{"highway":"motorway","int_ref":"E 25;E 27","lanes":"4","maxspeed":"100","oneway":"yes","ref":"A1;A6","surface":"asphalt","toll":"yes","turn:lanes":"none|none|none|slight_right","carriage_ref":"B"},"geometry":{"type":"LineString","coordinates":[[7.4736625,46.988846],[7.4741233,46.9889908],[7.4745895,46.9891304],[7.4750866,46.9892748]]}},{"type":"Feature","properties":{"bridge":"yes","highway":"motorway","int_ref":"E 25;E 62","lanes":"2","layer":"1","maxspeed":"120","oneway":"yes","ref":"A1","toll":"yes","carriage_ref":"A"},"geometry":{"type":"LineString","coordinates":[[6.3997446,46.4778277],[6.399299,46.4777956]]}},{"type":"Feature","properties":{"destination":"St. Gallen","highway":"motorway","int_ref":"E 41;E 60","lanes":"4","lit":"yes","maxspeed":"80","oneway":"yes","placement":"middle_of:2","ref":"A1;A4","source:maxspeed":"sign","surface":"asphalt","toll":"yes","carriage_ref":"B"},"geometry":{"type":"LineString","coordinates":[[8.4343707,47.4134034],[8.4345789,47.4134561],[8.4350063,47.4135585],[8.435561,47.4136826]]}},{"type":"Feature","properties":{"bridge":"yes","highway":"motorway","int_ref":"E 25;E 27","lanes":"3","layer":"1","lit":"no","maxspeed":"100","oneway":"yes","ref":"A1","surface":"asphalt","toll":"yes","carriage_ref":"B"},"geometry":{"type":"LineString","coordinates":[[7.4301414,46.9647739],[7.4304265,46.9649001],[7.4306593,46.9649953]]}},{"type":"Feature","properties":{"highway":"motorway","int_ref":"E 60","lanes":"2","maxspeed":"120","oneway":"yes","ref":"A1","surface":"asphalt","toll":"yes","carriage_ref":"B"},"geometry":{"type":"LineString","coordinates":[[9.1881367,47.4344056],[9.188766,47.4343014],[9.1896759,47.4341852],[9.1911613,47.4340732],[9.1927084,47.4339647],[9.1952371,47.4338042],[9.1969479,47.4336664],[9.1979532,47.433567],[9.1990439,47.4334362],[9.2001648,47.4332732],[9.2012297,47.433098],[9.2024566,47.4328619],[9.2038134,47.4325567],[9.2049656,47.432263],[9.20602,47.4319567]]}},{"type":"Feature","properties":{"change:lanes":"yes|yes|not_left|yes","destination:colour:lanes":"green;green|green;green|blue;blue;blue;brown|blue","destination:lanes":"Gossau;Zürich|Gossau;Zürich|Herisau;Gossau Ost;SG-Winkeln;Appenzellerland|Abtwil","destination:symbol:lanes":"||;industrial;soccer_stadium;|","highway":"motorway","int_ref":"E 60","lanes":"4","maxspeed:lanes":"100|100|80|80","oneway":"yes","ref":"A1","surface":"asphalt","toll":"yes","carriage_ref":"A"},"geometry":{"type":"LineString","coordinates":[[9.3150716,47.4142033],[9.3142131,47.4136628]]}},{"type":"Feature","properties":{"covered":"yes","destination":"Bern","highway":"motorway","int_ref":"E 60","lanes":"3","lit":"no","maxspeed":"120","oneway":"yes","ref":"A1;A3","surface":"asphalt","toll":"yes","carriage_ref":"A"},"geometry":{"type":"LineString","coordinates":[[8.3476639,47.4384756],[8.3475836,47.4385372],[8.3474374,47.4386563]]}},{"type":"Feature","properties":{"bridge":"yes","bridge:name":"Felsenauviadukt","highway":"motorway","int_ref":"E 25;E 27","lanes":"3","layer":"2","lit":"no","maxspeed":"80","name":"Felsenauviadukt","oneway":"yes","ref":"A1","surface":"asphalt","toll":"yes","carriage_ref":"A"},"geometry":{"type":"LineString","coordinates":[[7.4541536,46.9695452],[7.4537687,46.969606],[7.4535446,46.9696364],[7.4533204,46.9696661],[7.4530917,46.9696927],[7.4528635,46.9697161],[7.4526153,46.9697372],[7.4523642,46.9697541],[7.4521303,46.969766],[7.4518934,46.9697736],[7.4516534,46.9697792],[7.4514009,46.9697811],[7.4511579,46.9697787],[7.4509194,46.9697713],[7.4506684,46.9697607],[7.4504233,46.9697468],[7.4500991,46.9697195],[7.4498901,46.9697001],[7.449676,46.9696769],[7.449433,46.9696472],[7.4491902,46.9696138],[7.4489515,46.9695748],[7.4487101,46.9695346],[7.44848,46.9694937],[7.448252,46.9694477],[7.4477857,46.9693478],[7.4475612,46.9692955],[7.4473353,46.9692404],[7.4471388,46.9691905],[7.4469355,46.9691358],[7.4464712,46.969009],[7.4460432,46.9688836],[7.445622,46.9687565],[7.445018,46.9685644],[7.4444095,46.9683695],[7.4437514,46.968152],[7.4429407,46.9678934],[7.4423954,46.9677245],[7.4419061,46.9675797],[7.4414647,46.9674569],[7.4412511,46.9673989],[7.4410378,46.9673446],[7.4406054,46.9672376],[7.4401806,46.9671388]]}},{"type":"Feature","properties":{"bridge":"yes","highway":"motorway","int_ref":"E 25","lanes":"2","layer":"1","maxspeed":"120","name":"Viaduc du Bois de Rosset","oneway":"yes","ref":"A1","source:name":"Mapillary","surface":"asphalt","toll":"yes","carriage_ref":"A"},"geometry":{"type":"LineString","coordinates":[[7.0523642,46.8955724],[7.0519635,46.8955095]]}},{"type":"Feature","properties":{"bicycle":"no","foot":"no","highway":"motorway","lanes":"2","lit":"no","maxspeed":"120","oneway":"yes","ref":"A1","surface":"asphalt","toll":"yes","carriage_ref":"A"},"geometry":{"type":"LineString","coordinates":[[8.1743386,47.3953952],[8.1722761,47.3953656],[8.1715711,47.3953425],[8.1709413,47.3953126],[8.1704244,47.3952872],[8.1699136,47.3952499],[8.1694305,47.3952073],[8.1689621,47.3951545],[8.1684834,47.3950901],[8.1678981,47.3950042],[8.1673377,47.3949123],[8.1667855,47.3948068],[8.1661732,47.3946755],[8.1656165,47.3945368],[8.1650611,47.3943888],[8.1637735,47.3940279],[8.1609474,47.3932279],[8.1604979,47.3931069],[8.1600433,47.3929892],[8.1593018,47.3927934],[8.1588628,47.3926865],[8.15843,47.3925856],[8.1579777,47.3924876],[8.1575199,47.3923954],[8.1568824,47.3922833],[8.1563494,47.3921968],[8.1558862,47.3921285],[8.1554198,47.3920633],[8.1549544,47.3920034],[8.1519177,47.3916256],[8.1492375,47.3912965],[8.1485201,47.3912128],[8.1483176,47.3911935]]}},{"type":"Feature","properties":{"avz":"97","cs_dir:forward":"2","highway":"motorway","int_ref":"E 60","lanes":"3","lit":"yes","maxspeed":"100","oneway":"yes","ref":"A1;A3","ssvz":"971N","surface":"asphalt","toll":"yes","carriage_ref":"A"},"geometry":{"type":"LineString","coordinates":[[8.3092382,47.4543867],[8.3090709,47.4545369],[8.3089119,47.4546971],[8.3087492,47.4548848],[8.3086179,47.4550544],[8.3084957,47.4552172],[8.3082988,47.4555046],[8.3081041,47.4558119],[8.307728,47.4564152],[8.3074233,47.4569148],[8.307272,47.4571588],[8.3071332,47.457356],[8.3069603,47.4575709],[8.3068185,47.4577303],[8.3066553,47.457898],[8.3064595,47.4580799],[8.3062936,47.4582221],[8.3061209,47.4583555],[8.3059106,47.4585027],[8.3056718,47.4586596],[8.3054481,47.4587927],[8.305184,47.4589406],[8.3048411,47.459108],[8.3045163,47.4592533],[8.3041353,47.4594102],[8.3036877,47.4595761]]}},{"type":"Feature","properties":{"destination":"St. Gallen;Flughafen;Nordring Zürich","highway":"motorway","int_ref":"E 60","lanes":"2","lit":"yes","maxspeed":"80","oneway":"yes","ref":"A1","surface":"asphalt","toll":"yes","carriage_ref":"B"},"geometry":{"type":"LineString","coordinates":[[8.4276684,47.4111752],[8.4278829,47.4111333],[8.4280836,47.4111048]]}},{"type":"Feature","properties":{"highway":"motorway","int_ref":"E 41;E 60","lanes":"3","lit":"yes","maxspeed":"100","oneway":"yes","placement":"right_of:1","ref":"A1;A4","source:maxspeed":"sign","surface":"asphalt","toll":"yes","carriage_ref":"B"},"geometry":{"type":"LineString","coordinates":[[8.5811938,47.4098263],[8.5818831,47.4096764]]}},{"type":"Feature","properties":{"destination:int_ref:lanes":"|E 41;E 60|E 41;E 60|","destination:lanes":"Zürich-City|Zürich-City;Bern;Chur;Luzern;Flughafen;Nordring-Zürich|Bern;Chur;Luzern;Flughafen;Nordring-Zürich|Wallisellen;Oerlikon;Schwamendingen;Dübendorf","destination:ref:lanes":"|A1;A4|A1;A4|","highway":"motorway","int_ref":"E 41;E 60","lanes":"4","lit":"yes","maxspeed":"100","oneway":"yes","placement":"middle_of:2","ref":"A1;A4","source:maxspeed":"sign","surface":"asphalt","toll":"yes","turn:lanes":"none|none|none|slight_right","carriage_ref":"A"},"geometry":{"type":"LineString","coordinates":[[8.6102646,47.4086624],[8.60995,47.4085988],[8.6093726,47.4084783],[8.6088796,47.4083901],[8.6083708,47.4083031]]}},{"type":"Feature","properties":{"bridge":"yes","highway":"motorway","int_ref":"E 41;E 60","lanes":"2","layer":"1","lit":"no","maxspeed":"100","oneway":"yes","ref":"A1;A4","source:maxspeed":"CH:motorway","surface":"asphalt","toll":"yes","carriage_ref":"B"},"geometry":{"type":"LineString","coordinates":[[8.4893406,47.4257762],[8.4895484,47.4258138],[8.4897785,47.4258537],[8.4900303,47.4258917],[8.4903664,47.4259406]]}},{"type":"Feature","properties":{"highway":"motorway","int_ref":"E 60","lanes":"2","maxspeed":"120","oneway":"yes","ref":"A1","shoulder:right":"yes","source:maxspeed":"CH:motorway","surface":"asphalt","toll":"yes","carriage_ref":"A"},"geometry":{"type":"LineString","coordinates":[[9.6460283,47.4552405],[9.6454196,47.4553524],[9.6448018,47.4554533],[9.6439556,47.4555683],[9.6431559,47.4556503],[9.6421884,47.4557396],[9.6410871,47.4558137],[9.6386005,47.4559244],[9.6354975,47.4560292],[9.6328557,47.4561188],[9.6302246,47.4562077],[9.6278965,47.456291],[9.6268648,47.4563388],[9.6262192,47.4563873],[9.625708,47.4564386],[9.6250715,47.4565251],[9.6245994,47.4566079],[9.6240882,47.4567124],[9.6236647,47.4568099],[9.623148,47.4569372],[9.6226591,47.4570766],[9.6221915,47.4572243],[9.6218024,47.4573572],[9.6194837,47.4581503],[9.6167006,47.4591102],[9.6147839,47.4597713]]}},{"type":"Feature","properties":{"bridge":"yes","highway":"motorway","int_ref":"E 60","lanes":"2","layer":"1","maxspeed":"120","oneway":"yes","ref":"A1","toll":"yes","carriage_ref":"B"},"geometry":{"type":"LineString","coordinates":[[8.7976372,47.5322273],[8.7980877,47.5322189]]}},{"type":"Feature","properties":{"highway":"motorway","int_ref":"E 25;E 27","lanes":"2","maxspeed":"80","oneway":"yes","ref":"A1","surface":"asphalt","toll":"yes","carriage_ref":"B"},"geometry":{"type":"LineString","coordinates":[[7.4673162,46.9700213],[7.4675642,46.9700257],[7.4677779,46.9700322],[7.468051,46.9700457],[7.4682492,46.9700614],[7.468477,46.970087],[7.4687159,46.9701234],[7.4688643,46.9701535],[7.4690186,46.9701879]]}},{"type":"Feature","properties":{"highway":"motorway","int_ref":"E 41;E 60","lanes":"3","maxspeed":"signals","oneway":"yes","ref":"A1;A4","shoulder:right":"yes","surface":"asphalt","toll":"yes","carriage_ref":"A"},"geometry":{"type":"LineString","coordinates":[[8.700396,47.4505594],[8.7000952,47.4502735],[8.6998132,47.4499987],[8.6995824,47.449821]]}},{"type":"Feature","properties":{"highway":"motorway","int_ref":"E 60","lanes":"3","maxspeed":"120","oneway":"yes","ref":"A1","surface":"asphalt","toll":"yes","turn:lanes":"none|none|merge_to_left","carriage_ref":"A"},"geometry":{"type":"LineString","coordinates":[[9.2359155,47.4242978],[9.2340609,47.4239784]]}},{"type":"Feature","properties":{"destination":"Bern","highway":"motorway","int_ref":"E 60","lanes":"3","lit":"no","maxspeed":"120","oneway":"yes","ref":"A1;A3","surface":"asphalt","toll":"yes","carriage_ref":"A"},"geometry":{"type":"LineString","coordinates":[[8.3474374,47.4386563],[8.3472797,47.4387848],[8.3469912,47.4390391],[8.3467098,47.4392962],[8.3464142,47.4395803],[8.3461297,47.4398702]]}},{"type":"Feature","properties":{"highway":"motorway","int_ref":"E 60","lanes":"2","maxspeed":"120","oneway":"yes","ref":"A1","surface":"asphalt","toll":"yes","carriage_ref":"B"},"geometry":{"type":"LineString","coordinates":[[9.6146829,47.4596779],[9.616566,47.4590289],[9.6188016,47.4582653],[9.6216922,47.4572683],[9.6221382,47.4571185],[9.622561,47.4569861],[9.6230401,47.4568456],[9.623526,47.456723],[9.624003,47.4566096],[9.6245635,47.4564922],[9.625086,47.4564083],[9.625693,47.4563304],[9.626209,47.4562773],[9.626852,47.4562263],[9.6276282,47.4561871],[9.6302298,47.4560954],[9.6328989,47.4560079],[9.6355597,47.455917],[9.638594,47.4558085],[9.6398786,47.45576],[9.6410908,47.4556968],[9.6420412,47.4556335],[9.6431291,47.4555394],[9.643966,47.4554556],[9.6448635,47.4553295],[9.6457079,47.4551773],[9.6465616,47.455001],[9.6473251,47.4548125],[9.6479959,47.4546232],[9.6482161,47.4545545]]}},{"type":"Feature","properties":{"bridge":"yes","highway":"motorway","int_ref":"E 60","lanes":"2","layer":"1","maxspeed":"120","oneway":"yes","ref":"A1","surface":"asphalt","toll":"yes","carriage_ref":"B"},"geometry":{"type":"LineString","coordinates":[[9.4228505,47.4502557],[9.4231504,47.4505453],[9.4234409,47.4508025],[9.4240657,47.4513184]]}},{"type":"Feature","properties":{"highway":"motorway","int_ref":"E 60","lanes":"2","maxspeed":"120","oneway":"yes","ref":"A1","surface":"asphalt","toll":"yes","carriage_ref":"B"},"geometry":{"type":"LineString","coordinates":[[9.0092272,47.4709756],[9.0104548,47.4707818],[9.0118366,47.4705149],[9.0128681,47.4702588],[9.0138229,47.4699932],[9.0149216,47.4696439],[9.0157693,47.4693457],[9.0168337,47.4689191],[9.0177621,47.4684985],[9.0183235,47.4682308],[9.0188866,47.4679425],[9.0193981,47.4676634],[9.0199291,47.4673498],[9.0204549,47.4670241],[9.0209584,47.4666961],[9.0214486,47.4663507],[9.0219543,47.4659748],[9.0228499,47.4652337],[9.0233403,47.4647968],[9.0237874,47.4643645],[9.024198,47.4639482],[9.0245104,47.4636231],[9.0247507,47.4633731],[9.0253965,47.4626745],[9.0266581,47.4613271],[9.0272029,47.4607855],[9.0279215,47.4601064],[9.0286886,47.4594525],[9.029373,47.4589154],[9.0301163,47.4584066],[9.0311526,47.4577527],[9.0322791,47.457129],[9.0329512,47.4568028],[9.0333767,47.4565963],[9.0344577,47.4561268],[9.0357079,47.4556625],[9.0366091,47.4553642],[9.0375462,47.4550962],[9.038572,47.4548311],[9.0399732,47.4545244],[9.0412922,47.454282],[9.0422434,47.4541376],[9.043456,47.453999],[9.0447658,47.4538821],[9.0453372,47.4538466],[9.0464941,47.4537747],[9.0474571,47.4537413],[9.0483981,47.4537279]]}},{"type":"Feature","properties":{"bridge":"yes","highway":"motorway","int_ref":"E 60","lanes":"2","layer":"1","maxspeed":"120","oneway":"yes","ref":"A1","surface":"asphalt","toll":"yes","carriage_ref":"B"},"geometry":{"type":"LineString","coordinates":[[9.1228444,47.4570356],[9.12332,47.4568315]]}},{"type":"Feature","properties":{"highway":"motorway","int_ref":"E 25","lanes":"2","layer":"-1","maxspeed":"100","oneway":"yes","ref":"A1","surface":"asphalt","toll":"yes","carriage_ref":"B"},"geometry":{"type":"LineString","coordinates":[[7.1270759,46.9178493],[7.1273026,46.9180515],[7.1275931,46.918329],[7.1278578,46.9186086],[7.1281019,46.9188935],[7.1283263,46.9191789],[7.1284341,46.9193266],[7.1285598,46.9195084]]}},{"type":"Feature","properties":{"highway":"motorway","int_ref":"E 25","lanes":"2","lit":"no","maxspeed":"120","oneway":"yes","ref":"A1","surface":"asphalt","toll":"yes","carriage_ref":"B"},"geometry":{"type":"LineString","coordinates":[[7.7040181,47.2595571],[7.7049812,47.2600192],[7.7053793,47.2602187],[7.7057485,47.2604133],[7.70627,47.2606943]]}},{"type":"Feature","properties":{"highway":"motorway","int_ref":"E 25","lanes":"2","lit":"no","maxspeed":"120","oneway":"yes","ref":"A1","surface":"asphalt","toll":"yes","carriage_ref":"B"},"geometry":{"type":"LineString","coordinates":[[7.1975229,46.9599906],[7.198113,46.9599293],[7.1985768,46.9598832],[7.1990529,46.9598491],[7.1995187,46.9598222],[7.1999484,46.9598022],[7.2002163,46.9597917],[7.2006945,46.9597821],[7.2009913,46.9597808],[7.201288,46.9597825],[7.2017531,46.9597925],[7.2022437,46.9598115],[7.2027303,46.9598416],[7.2032279,46.9598758],[7.2037016,46.9599116],[7.2041703,46.9599508],[7.2051115,46.9600318],[7.2055805,46.9600769],[7.2060488,46.9601249],[7.2067662,46.9602032],[7.2074641,46.9602768],[7.208153,46.960347],[7.2086096,46.960398],[7.209537,46.9605116],[7.2102317,46.9606001],[7.2111638,46.9607256],[7.212094,46.9608636],[7.2125608,46.9609334],[7.2130251,46.9610059],[7.213908,46.9611442],[7.214179,46.9611887],[7.2146374,46.9612639],[7.2157863,46.9614616],[7.2173143,46.961737],[7.218761,46.9620087],[7.2203513,46.9623149],[7.2217257,46.9625715],[7.2222057,46.9626597],[7.2228489,46.962775],[7.2233351,46.9628622],[7.2238863,46.9629454],[7.2244714,46.9630446],[7.224968,46.963127],[7.2256094,46.9632263],[7.2261132,46.9633036],[7.2267721,46.9633967],[7.2273134,46.9634714],[7.2277522,46.963526],[7.2282026,46.9635758],[7.2286552,46.9636316],[7.2291453,46.963685],[7.2294657,46.963714],[7.2300634,46.9637671],[7.2305327,46.9638007],[7.231005,46.9638363],[7.2314857,46.963866],[7.2318615,46.9638885],[7.2322142,46.9639022],[7.2327952,46.9639262],[7.2334082,46.9639458],[7.2340648,46.9639576],[7.2350467,46.9639636],[7.2356178,46.9639581],[7.236187,46.9639464],[7.2367451,46.9639298],[7.2373007,46.9639092],[7.2377717,46.9638864],[7.2382384,46.9638615],[7.2387122,46.9638311],[7.2391837,46.9637963],[7.2398829,46.9637373],[7.2405855,46.9636732],[7.2412326,46.9636036],[7.2418823,46.9635342]]}},{"type":"Feature","properties":{"avz":"290","cs_dir:forward":"2","highway":"motorway","int_ref":"E 35","lanes":"3","lit":"no","maxspeed":"120","oneway":"yes","ref":"A1;A2","surface":"asphalt","toll":"yes","carriage_ref":"A"},"geometry":{"type":"LineString","coordinates":[[7.8993759,47.3112104],[7.8991273,47.311288],[7.8987106,47.311415],[7.8982883,47.3115389]]}},{"type":"Feature","properties":{"highway":"motorway","int_ref":"E 25","lanes":"2","lit":"no","maxspeed":"120","oneway":"yes","ref":"A1","surface":"asphalt","toll":"yes","carriage_ref":"B"},"geometry":{"type":"LineString","coordinates":[[7.6198121,47.2275672],[7.6208375,47.2279391],[7.6218568,47.2283193],[7.6222754,47.2284793],[7.6226846,47.228642],[7.623288,47.2288873],[7.6238846,47.2291332],[7.6240829,47.2292174],[7.6244975,47.2294038],[7.6249067,47.2295947],[7.6253013,47.2297844],[7.625693,47.2299758],[7.6260772,47.2301713],[7.6264541,47.2303707],[7.6267256,47.230521],[7.6270919,47.2307276],[7.6274529,47.2309404],[7.6278009,47.2311551],[7.6281548,47.2313773],[7.6284966,47.2315987],[7.6288305,47.231824],[7.629171,47.2320634],[7.6297905,47.2325134],[7.6306331,47.2331377],[7.6309712,47.2333909],[7.6313129,47.2336428],[7.631658,47.2338921],[7.6320042,47.2341409],[7.6322132,47.2342896],[7.6324238,47.2344372],[7.6326356,47.2345832],[7.6328507,47.2347274]]}},{"type":"Feature","properties":{"avz":"333","cs_dir:forward":"1","highway":"motorway","int_ref":"E 23;E 25","lanes":"2","lit":"no","maxspeed":"120","oneway":"yes","ref":"A1;A9","surface":"asphalt","toll":"yes","carriage_ref":"B"},"geometry":{"type":"LineString","coordinates":[[6.572122,46.6626375],[6.571872,46.6634088],[6.571769,46.6637102],[6.5714359,46.6646898],[6.5711893,46.6654465],[6.5709935,46.6661162],[6.5707787,46.6668977],[6.5706466,46.6674172]]}},{"type":"Feature","properties":{"highway":"motorway","int_ref":"E 60","lanes":"2","maxspeed":"120","oneway":"yes","ref":"A1","surface":"asphalt","toll":"yes","carriage_ref":"B"},"geometry":{"type":"LineString","coordinates":[[9.2381215,47.4245852],[9.2389821,47.4247346],[9.2401863,47.4249552]]}},{"type":"Feature","properties":{"bridge":"yes","highway":"motorway","int_ref":"E 60","lanes":"2","layer":"1","maxspeed":"120","oneway":"yes","ref":"A1","surface":"asphalt","toll":"yes","carriage_ref":"B"},"geometry":{"type":"LineString","coordinates":[[9.1133853,47.4611904],[9.1137848,47.4610913]]}},{"type":"Feature","properties":{"highway":"motorway","int_ref":"E 25;E 62","lanes":"2","maxspeed":"120","oneway":"yes","ref":"A1","toll":"yes","carriage_ref":"B"},"geometry":{"type":"LineString","coordinates":[[6.3997765,46.4777232],[6.4012621,46.4778082],[6.4023885,46.4778547],[6.4039335,46.4778607]]}},{"type":"Feature","properties":{"bridge":"yes","highway":"motorway","int_ref":"E 60","lanes":"3","layer":"1","lit":"no","maxspeed":"100","oneway":"yes","ref":"A1;A3","surface":"asphalt","toll":"yes","carriage_ref":"A"},"geometry":{"type":"LineString","coordinates":[[8.2671383,47.4534285],[8.2667608,47.4532663]]}},{"type":"Feature","properties":{"change:lanes":"not_left|not_right|no","highway":"motorway","int_ref":"E 41;E 60","lanes":"3","maxspeed":"100","oneway":"yes","overtaking:hgv":"no","placement":"right_of:1","ref":"A1;A4","source:maxspeed":"sign","surface":"asphalt","toll":"yes","turn:lanes":"||slight_right","carriage_ref":"B"},"geometry":{"type":"LineString","coordinates":[[8.6894225,47.5128512],[8.6895918,47.5130287]]}},{"type":"Feature","properties":{"hazmat:water":"permissive","highway":"motorway","int_ref":"E 41;E 60","lanes":"2","maxspeed":"100","oneway":"yes","overtaking:hgv":"no","ref":"A1;A4","shoulder:right":"yes","source:maxspeed":"sign","surface":"asphalt","toll":"yes","carriage_ref":"A"},"geometry":{"type":"LineString","coordinates":[[8.690323,47.5139331],[8.690146,47.5137649],[8.6899465,47.5135781],[8.6895757,47.5132202],[8.6894248,47.5130734],[8.6892762,47.5129227],[8.6890899,47.5127171],[8.6889339,47.5125436],[8.688801,47.5124011],[8.6885664,47.5121259],[8.6883377,47.5118522],[8.6881916,47.5116557],[8.6880421,47.5114569],[8.6878991,47.511257],[8.6877603,47.511056],[8.6876616,47.5109098],[8.6875712,47.5107702],[8.6874936,47.5106169],[8.6874114,47.5104733],[8.6873264,47.510318],[8.6872456,47.510164],[8.687167,47.5100084],[8.6871109,47.5098893],[8.6870142,47.5096833],[8.6869432,47.5095132],[8.6868758,47.5093426],[8.6867973,47.5091545]]}},{"type":"Feature","properties":{"destination":"Gland","highway":"motorway","int_ref":"E 25;E 62","lanes":"2","maxspeed":"120","oneway":"yes","ref":"A1","toll":"yes","carriage_ref":"A"},"geometry":{"type":"LineString","coordinates":[[6.3399153,46.4671605],[6.3383908,46.4667064],[6.3359416,46.4660188]]}},{"type":"Feature","properties":{"highway":"motorway","int_ref":"E 25;E 27","lanes":"2","layer":"2","maxspeed":"80","oneway":"yes","ref":"A1","surface":"asphalt","toll":"yes","carriage_ref":"A"},"geometry":{"type":"LineString","coordinates":[[7.4660317,46.9700928],[7.465827,46.9700801],[7.4656224,46.9700645],[7.4653766,46.9700393],[7.4651387,46.9700091],[7.464911,46.9699737],[7.4646841,46.9699321],[7.4644665,46.9698876],[7.4642355,46.9698383],[7.4639921,46.9697836],[7.4637536,46.9697281],[7.4634743,46.9696626],[7.4628959,46.9695597]]}},{"type":"Feature","properties":{"highway":"motorway","int_ref":"E 23;E 25","lanes":"2","lit":"no","maxspeed":"120","oneway":"yes","ref":"A1;A9","surface":"asphalt","toll":"yes","tunnel":"yes","carriage_ref":"A"},"geometry":{"type":"LineString","coordinates":[[6.5722028,46.6564646],[6.5720751,46.6560479]]}},{"type":"Feature","properties":{"highway":"motorway","int_ref":"E 60","lanes":"2","maxspeed":"120","oneway":"yes","ref":"A1","surface":"asphalt","toll":"yes","carriage_ref":"B"},"geometry":{"type":"LineString","coordinates":[[8.9470752,47.4941095],[8.9478406,47.493505],[8.9486048,47.4929556],[8.9496907,47.4922321],[8.951017,47.4914702],[8.9519277,47.4909906],[8.9521549,47.4908887],[8.9530802,47.490431],[8.9541537,47.4899207],[8.9557068,47.489218],[8.9573411,47.4884858],[8.9596712,47.4874417],[8.9602925,47.4871725],[8.962677,47.4860892],[8.9648726,47.4850723],[8.9666177,47.4842353],[8.9682917,47.4833996],[8.9685487,47.4832713],[8.9702548,47.4823828],[8.9719587,47.4814601],[8.9739513,47.4803223],[8.9780422,47.4778212],[8.9783925,47.4775947],[8.9803335,47.4763394],[8.9822714,47.4751402],[8.983562,47.4744197],[8.9848939,47.4737468],[8.9857356,47.4733716],[8.9865874,47.4730265],[8.9874311,47.4727164],[8.988338,47.4724313],[8.9889764,47.4722509],[8.9893397,47.4721575],[8.9903124,47.4719226],[8.9912465,47.4717315],[8.992024,47.4715959],[8.993061,47.4714553],[8.9937494,47.4713819]]}},{"type":"Feature","properties":{"highway":"motorway","int_ref":"E 25;E 62","lanes":"2","maxspeed":"signals","oneway":"yes","ref":"A1","source":"Orthophotos 2009 du SITG (Système d'Information du Territoire Genevois)","surface":"asphalt","toll":"yes","carriage_ref":"A"},"geometry":{"type":"LineString","coordinates":[[6.1345824,46.2662049],[6.1339419,46.2652468],[6.1336106,46.2647445],[6.1334054,46.2643909],[6.1332068,46.2640448],[6.1330014,46.2636342],[6.1328991,46.2633979],[6.1327682,46.2630917],[6.1326723,46.2628045],[6.1325781,46.2624733],[6.1324843,46.2619771],[6.1324502,46.2615923],[6.1324566,46.2611509],[6.1325067,46.2607546],[6.1325686,46.2604685],[6.1326664,46.2601379],[6.1328152,46.2597562],[6.1329483,46.2594892],[6.1330989,46.2592144],[6.1333332,46.2588472],[6.1335607,46.2585396],[6.1337928,46.2582555],[6.1341082,46.2578959],[6.1345418,46.2574629],[6.1352098,46.256834],[6.1358482,46.2562781]]}},{"type":"Feature","properties":{"highway":"motorway","int_ref":"E 25;E 27","lanes":"3","lit":"no","maxspeed":"80","oneway":"yes","ref":"A1","surface":"asphalt","toll":"yes","carriage_ref":"B"},"geometry":{"type":"LineString","coordinates":[[7.4306593,46.9649953],[7.430987,46.9651201],[7.4313754,46.9652588],[7.4317864,46.965395],[7.4321781,46.9655168],[7.4325301,46.9656113],[7.4328633,46.9656969],[7.4332969,46.9657992],[7.4337556,46.9658974],[7.434245,46.9659936]]}},{"type":"Feature","properties":{"avz":"602","cs_dir:forward":"1","highway":"motorway","int_ref":"E 60","lanes":"2","layer":"-1","maxheight":"default","maxspeed":"100","name":"Stephanshorn","oneway":"yes","ref":"A1","surface":"asphalt","toll":"yes","tunnel":"yes","tunnel:name":"Stephanshorn","carriage_ref":"B"},"geometry":{"type":"LineString","coordinates":[[9.3959678,47.4351682],[9.3964641,47.4353554],[9.3969702,47.4355346],[9.3979785,47.4358984]]}},{"type":"Feature","properties":{"highway":"motorway","int_ref":"E 60","lanes":"2","maxspeed":"120","oneway":"yes","ref":"A1","surface":"asphalt","toll":"yes","carriage_ref":"A"},"geometry":{"type":"LineString","coordinates":[[9.14754,47.4517],[9.1466737,47.4519242],[9.1458532,47.4521034],[9.1445808,47.4523646],[9.1425214,47.452773],[9.1377827,47.4537215],[9.1320753,47.4548566],[9.1279388,47.4556857],[9.1263391,47.4560172],[9.1254711,47.456226],[9.1246167,47.4564778],[9.1241735,47.4566316],[9.1239136,47.4567218],[9.1234231,47.4569088]]}},{"type":"Feature","properties":{"highway":"motorway","lanes":"3","lit":"no","maxspeed":"120","oneway":"yes","ref":"A1","surface":"asphalt","toll":"yes","turn:lanes":"through|through|merge_to_left","carriage_ref":"A"},"geometry":{"type":"LineString","coordinates":[[8.1861709,47.3972728],[8.1855807,47.3971728],[8.1850213,47.3970681],[8.1843892,47.3969404],[8.181493,47.3963113]]}},{"type":"Feature","properties":{"bridge":"yes","highway":"motorway","int_ref":"E 60","lanes":"2","layer":"1","lit":"yes","maxspeed":"80","oneway":"yes","ref":"A1","surface":"asphalt","toll":"yes","carriage_ref":"A"},"geometry":{"type":"LineString","coordinates":[[8.4280859,47.4121854],[8.4279371,47.4121896],[8.4278016,47.4122002]]}},{"type":"Feature","properties":{"bicycle":"no","foot":"no","highway":"motorway","lanes":"2","lit":"no","maxspeed":"120","oneway":"yes","ref":"A1","surface":"asphalt","toll":"yes","carriage_ref":"B"},"geometry":{"type":"LineString","coordinates":[[8.091229,47.3681337],[8.0918169,47.368373],[8.0924198,47.368623],[8.0930156,47.3688813],[8.0936028,47.369145],[8.0941948,47.3694164],[8.0951557,47.3698724],[8.0957255,47.3701515],[8.0963188,47.3704496],[8.0968671,47.3707272],[8.0974298,47.3710163],[8.0986746,47.3716778],[8.0996079,47.3721916],[8.1005136,47.3727064],[8.1011069,47.3730558],[8.1016899,47.3734137],[8.1021574,47.3737146],[8.1026226,47.3740187],[8.1030508,47.3743038],[8.1034648,47.3745937],[8.1038014,47.3748394],[8.1041274,47.3750782],[8.1046079,47.3754413],[8.1050772,47.3758098],[8.1053858,47.3760597],[8.1056887,47.3763117],[8.1062792,47.3768153],[8.1068283,47.3773122],[8.1073271,47.3777871],[8.1078465,47.378303],[8.1081331,47.3785982],[8.108329,47.3788036],[8.1085143,47.3790051],[8.1087699,47.3792841],[8.1089896,47.3795347],[8.1093029,47.3799005],[8.1096128,47.3802677],[8.1105477,47.3814158]]}},{"type":"Feature","properties":{"destination":"Bern;Basel;Chur;Luzern;Zürich-Affoltern","highway":"motorway","int_ref":"E 41;E 60","lanes":"3","lit":"no","maxspeed":"100","oneway":"yes","ref":"A1;A4","source:maxspeed":"sign","surface":"asphalt","toll":"yes","carriage_ref":"A"},"geometry":{"type":"LineString","coordinates":[[8.5545472,47.4283074],[8.5537028,47.4287254]]}},{"type":"Feature","properties":{"highway":"motorway","int_ref":"E 25;E 27","lanes":"3","lit":"no","maxspeed":"100","oneway":"yes","ref":"A1","surface":"asphalt","toll":"yes","carriage_ref":"B"},"geometry":{"type":"LineString","coordinates":[[7.4156791,46.9541852],[7.4163567,46.954682],[7.4173956,46.9554691]]}},{"type":"Feature","properties":{"highway":"motorway","int_ref":"E 25;E 62","lanes":"2","lit":"yes","maxspeed":"100","oneway":"yes","ref":"A1","toll":"yes","carriage_ref":"A"},"geometry":{"type":"LineString","coordinates":[[6.0941386,46.2153182],[6.093551,46.215118],[6.0931238,46.2149745]]}},{"type":"Feature","properties":{"highway":"motorway","int_ref":"E 41;E 60","lanes":"4","maxspeed":"120","oneway":"yes","placement":"middle_of:2","ref":"A1;A4","source:maxspeed":"CH:motorway","surface":"asphalt","toll":"yes","turn:lanes":"|||slight_right","carriage_ref":"B"},"geometry":{"type":"LineString","coordinates":[[8.6987866,47.4486843],[8.6989755,47.4488893],[8.6992256,47.4491567],[8.6995257,47.4494699]]}},{"type":"Feature","properties":{"highway":"motorway","int_ref":"E 25","lanes":"2","lit":"no","maxspeed":"120","oneway":"yes","ref":"A1","surface":"asphalt","toll":"yes","carriage_ref":"B"},"geometry":{"type":"LineString","coordinates":[[7.3012825,46.956793],[7.3017934,46.9566922],[7.3022408,46.9565969],[7.3027192,46.9565039],[7.3031836,46.9564285],[7.3036568,46.9563622],[7.3041257,46.9563073],[7.3045996,46.9562657],[7.3050697,46.9562352],[7.3055464,46.9562155],[7.3060169,46.9562067],[7.306495,46.9562115],[7.3069676,46.9562284],[7.3074418,46.9562557],[7.3079156,46.956292],[7.3083862,46.9563384],[7.3088586,46.9563894],[7.3095644,46.9564723],[7.3102727,46.9565652],[7.3109606,46.9566542],[7.3112966,46.9566993],[7.3116491,46.9567378],[7.3121145,46.9567855],[7.3125854,46.9568275],[7.313056,46.9568615],[7.3135355,46.9568856],[7.3140097,46.9568959],[7.3144743,46.9568971],[7.3148064,46.9568901],[7.3151617,46.9568772],[7.3155078,46.956858],[7.3159752,46.9568218],[7.3164448,46.9567747],[7.31668,46.9567447],[7.3169058,46.9567139],[7.3171413,46.95668],[7.317363,46.9566445],[7.3175887,46.9566061],[7.3178126,46.9565655],[7.3180356,46.9565197],[7.3182621,46.9564723],[7.3184971,46.9564163],[7.3188541,46.9563313],[7.3191603,46.9562487],[7.3193813,46.9561864],[7.319589,46.9561259],[7.3197922,46.956061],[7.3200067,46.9559908],[7.3202348,46.9559111],[7.3204457,46.9558358],[7.3206492,46.9557586],[7.3208415,46.9556853],[7.3210528,46.9555982],[7.3212503,46.9555134],[7.3216329,46.9553421],[7.3218332,46.9552455],[7.3220289,46.9551489],[7.3222097,46.955055],[7.3223915,46.9549572],[7.3227507,46.9547548],[7.3230984,46.9545449],[7.3233015,46.9544055],[7.3235234,46.9542622],[7.3239544,46.9539674],[7.3242751,46.95374],[7.324585,46.9535091],[7.3253888,46.952921],[7.3257863,46.9526259],[7.3261978,46.9523348],[7.3265177,46.9521218],[7.3267829,46.9519522],[7.3270582,46.9517792],[7.3273338,46.9516111],[7.3275885,46.9514693],[7.3278133,46.9513491],[7.328066,46.9512179],[7.328347,46.951081],[7.3284366,46.9510388],[7.3287743,46.9508874],[7.329162,46.9507249],[7.3295803,46.9505628],[7.3300068,46.9504136],[7.3304427,46.950272],[7.3308775,46.9501446],[7.3313299,46.9500251],[7.331773,46.9499173],[7.3322312,46.9498199],[7.3326868,46.9497363],[7.333142,46.9496544],[7.3336042,46.9495793],[7.3340693,46.9495087],[7.3349952,46.9493745],[7.3354563,46.9493076],[7.3359155,46.9492368]]}},{"type":"Feature","properties":{"highway":"motorway","int_ref":"E 60","lanes":"3","maxspeed":"120","oneway":"yes","ref":"A1","surface":"asphalt","toll":"yes","turn:lanes":"merge_to_right|none|none","carriage_ref":"B"},"geometry":{"type":"LineString","coordinates":[[9.1846179,47.4352317],[9.1859015,47.4348777],[9.1870421,47.4346155],[9.1881367,47.4344056]]}},{"type":"Feature","properties":{"highway":"motorway","int_ref":"E 25;E 62","lanes":"2","maxspeed":"100","oneway":"yes","ref":"A1","toll":"yes","tunnel":"building_passage","carriage_ref":"B"},"geometry":{"type":"LineString","coordinates":[[6.116315,46.2353036],[6.1182621,46.2370067]]}},{"type":"Feature","properties":{"highway":"motorway","int_ref":"E 25","lanes":"2","layer":"-1","maxspeed":"100","name":"Tunnel des Bruyères","oneway":"yes","ref":"A1","surface":"asphalt","toll":"yes","tunnel":"yes","tunnel:alt_name":"Bruyères","tunnel:name":"Châbles","carriage_ref":"B"},"geometry":{"type":"LineString","coordinates":[[6.8055388,46.8074377],[6.8074886,46.8087302],[6.8094147,46.8100961],[6.8104755,46.8109051],[6.8115363,46.8117646],[6.8135963,46.8134921],[6.8151479,46.8148844],[6.8170083,46.8166011],[6.8181785,46.8175924],[6.8188156,46.8181612],[6.8203111,46.8192721],[6.8212343,46.8199002]]}},{"type":"Feature","properties":{"highway":"motorway","int_ref":"E 25","lanes":"2","layer":"-2","lit":"yes","maxspeed":"100","name":"Brünnen","oneway":"yes","ref":"A1","surface":"asphalt","toll":"yes","tunnel":"yes","tunnel:name":"Brünnen","carriage_ref":"B"},"geometry":{"type":"LineString","coordinates":[[7.3731843,46.9447063],[7.3739119,46.9448367]]}},{"type":"Feature","properties":{"bridge":"yes","highway":"motorway","int_ref":"E 25;E 62","lanes":"2","layer":"1","maxspeed":"100","oneway":"yes","ref":"A1","toll":"yes","carriage_ref":"B"},"geometry":{"type":"LineString","coordinates":[[6.1347384,46.2661445],[6.1348436,46.2663014]]}},{"type":"Feature","properties":{"destination":"St. Gallen;Flughafen;Nordring Zürich","highway":"motorway","int_ref":"E 60","lanes":"2","lit":"yes","maxspeed":"80","oneway":"yes","ref":"A1","surface":"asphalt","toll":"yes","carriage_ref":"B"},"geometry":{"type":"LineString","coordinates":[[8.4282265,47.4110921],[8.4285112,47.4110714],[8.4287262,47.4110697],[8.4289214,47.4110796],[8.4291131,47.4110938],[8.429319,47.4111193],[8.4294998,47.411151],[8.4297258,47.4112019]]}},{"type":"Feature","properties":{"bridge":"yes","highway":"motorway","int_ref":"E 60","lanes":"2","layer":"1","maxspeed":"120","oneway":"yes","ref":"A1","surface":"asphalt","toll":"yes","carriage_ref":"A"},"geometry":{"type":"LineString","coordinates":[[9.1563107,47.4471436],[9.1560488,47.4473154],[9.1558117,47.4474687]]}},{"type":"Feature","properties":{"highway":"motorway","int_ref":"E 41;E 60","lanes":"5","layer":"-1","lit":"no","maxspeed":"100","oneway":"yes","overtaking:hgv":"no","ref":"A1;A4","source:maxspeed":"CH:motorway","surface":"asphalt","toll":"yes","tunnel":"yes","tunnel:name":"Katzensee","carriage_ref":"B"},"geometry":{"type":"LineString","coordinates":[[8.498387,47.4267733],[8.4985951,47.4268009],[8.4990819,47.4268609],[8.4995832,47.4269266],[8.5000642,47.4270084],[8.5005486,47.4270835],[8.5009131,47.4271318],[8.5013314,47.4271993],[8.5017253,47.4272631],[8.502196,47.4273393],[8.5026796,47.4274373],[8.5031321,47.4275362],[8.503568,47.4276318],[8.5040075,47.4277262],[8.5044322,47.4278211],[8.5049046,47.4279326],[8.5058925,47.4281588]]}},{"type":"Feature","properties":{"highway":"motorway","int_ref":"E 41;E 60","lanes":"3","lit":"yes","maxspeed":"100","oneway":"yes","ref":"A1;A4","shoulder:right":"yes","source:maxspeed":"sign","surface":"asphalt","toll":"yes","carriage_ref":"A"},"geometry":{"type":"LineString","coordinates":[[8.5666671,47.424801],[8.5660111,47.4248814],[8.5655485,47.4249377],[8.5650885,47.4249954],[8.5646355,47.4250573],[8.5641524,47.4251262],[8.563426,47.4252444]]}},{"type":"Feature","properties":{"avz":"639","cs_dir:forward":"1","highway":"motorway","int_ref":"E 41;E 60","lanes":"2","maxspeed":"100","oneway":"yes","overtaking:hgv":"no","ref":"A1;A4","source:maxspeed":"sign","surface":"asphalt","toll":"yes","carriage_ref":"B"},"geometry":{"type":"LineString","coordinates":[[8.695321,47.4965663],[8.6951399,47.4967188],[8.694965,47.4968727],[8.6947558,47.4970696],[8.6946565,47.4971714],[8.6945603,47.4972736],[8.6943109,47.4975528],[8.6940739,47.4978377],[8.6939183,47.4980324]]}},{"type":"Feature","properties":{"highway":"motorway","int_ref":"E 25;E 62","lanes":"2","maxspeed":"120","oneway":"yes","ref":"A1","toll":"yes","carriage_ref":"B"},"geometry":{"type":"LineString","coordinates":[[6.4701009,46.4984244],[6.4714533,46.4989749],[6.4731578,46.4996955]]}},{"type":"Feature","properties":{"highway":"motorway","int_ref":"E 25","lanes":"2","maxspeed":"120","oneway":"yes","ref":"A1","surface":"asphalt","toll":"yes","carriage_ref":"A"},"geometry":{"type":"LineString","coordinates":[[7.5909423,47.1762692],[7.5906406,47.1756201],[7.5905113,47.1753101],[7.5903872,47.1749993],[7.5902561,47.1746606],[7.5901355,47.1743235]]}},{"type":"Feature","properties":{"avz":"56","cs_dir:forward":"2","highway":"motorway","int_ref":"E 25;E 27","lanes":"3","maxspeed":"100","oneway":"yes","ref":"A1;A6","ssvz":"944N","surface":"asphalt","toll":"yes","carriage_ref":"A"},"geometry":{"type":"LineString","coordinates":[[7.4871319,46.9981266],[7.4870451,46.9980447],[7.4865828,46.9976127],[7.4863088,46.9973545],[7.4860241,46.997085],[7.4857567,46.99682],[7.4854912,46.9965497],[7.4852561,46.9963019],[7.4850429,46.9960659],[7.4848379,46.9958364],[7.4846012,46.9955611],[7.4843698,46.9952821],[7.4841333,46.99499],[7.4839013,46.9946981],[7.4834616,46.9941447],[7.4831021,46.9937051],[7.4829373,46.9935112],[7.4826755,46.9932159],[7.4825451,46.9930726],[7.4824222,46.992943],[7.4822864,46.9928062],[7.4821532,46.992675],[7.4820164,46.9925457],[7.4818746,46.9924153],[7.4817344,46.9922971],[7.4815882,46.9921766],[7.4814098,46.9920377],[7.4812639,46.9919276],[7.481106,46.9918147],[7.4809241,46.9916882],[7.4807769,46.9915921],[7.4805943,46.9914789],[7.4804158,46.9913725]]}},{"type":"Feature","properties":{"highway":"motorway","lanes":"2","lit":"no","maxspeed":"120","oneway":"yes","ref":"A1","surface":"asphalt","toll":"yes","carriage_ref":"A"},"geometry":{"type":"LineString","coordinates":[[8.0358942,47.3333088],[8.0353577,47.3328794],[8.0350453,47.3326354],[8.0347275,47.3323935],[8.0344144,47.3321602],[8.0340935,47.3319288],[8.0337686,47.3316986],[8.0334391,47.3314705],[8.0327673,47.331025],[8.0324208,47.3307991],[8.0320684,47.3305768],[8.0316408,47.3303105],[8.0313591,47.3301416]]}},{"type":"Feature","properties":{"destination":"Effretikon","highway":"motorway","int_ref":"E 41;E 60","lanes":"2","lit":"yes","maxspeed":"100","oneway":"yes","overtaking:hgv":"no","ref":"A1;A4","shoulder:right":"yes","source:maxspeed":"sign","surface":"asphalt","toll":"yes","carriage_ref":"A"},"geometry":{"type":"LineString","coordinates":[[8.7020053,47.4896907],[8.7019828,47.4892079],[8.7019755,47.488959],[8.7019734,47.4887101],[8.7019761,47.4885609],[8.7019823,47.4884116],[8.7019931,47.4882628],[8.7020086,47.4881137],[8.7020728,47.4877398],[8.7021014,47.4875813],[8.7021337,47.4874184],[8.7022034,47.4871037],[8.7037264,47.4820979]]}},{"type":"Feature","properties":{"avz":"300","cs_dir:forward":"2","highway":"motorway","int_ref":"E 25;E 62","lanes":"2","maxspeed":"120","oneway":"yes","ref":"A1","toll":"yes","carriage_ref":"A"},"geometry":{"type":"LineString","coordinates":[[6.4135952,46.4769696],[6.4126501,46.4770695],[6.4116628,46.4772035],[6.4085109,46.4776531],[6.4083305,46.4776788]]}},{"type":"Feature","properties":{"bridge":"yes","highway":"motorway","int_ref":"E 60","lanes":"3","layer":"1","lit":"no","maxspeed":"120","oneway":"yes","ref":"A1;A3","surface":"asphalt","toll":"yes","carriage_ref":"A"},"geometry":{"type":"LineString","coordinates":[[8.3310608,47.4546504],[8.3307528,47.4546931],[8.3304138,47.4547289],[8.3300775,47.4547582],[8.3297444,47.4547802],[8.3294184,47.4547994],[8.3291247,47.4548089]]}},{"type":"Feature","properties":{"highway":"motorway","int_ref":"E 60","lanes":"2","maxspeed":"120","oneway":"yes","ref":"A1","surface":"asphalt","toll":"yes","carriage_ref":"B"},"geometry":{"type":"LineString","coordinates":[[9.4459217,47.4696075],[9.4463367,47.4697126],[9.4466986,47.4697977],[9.446989,47.4698515],[9.4470237,47.4698579],[9.4474899,47.4699511]]}},{"type":"Feature","properties":{"bridge":"yes","destination":"Uzwil;Zürich","highway":"motorway","int_ref":"E 60","lanes":"2","layer":"1","maxspeed":"120","oneway":"yes","ref":"A1","surface":"asphalt","toll":"yes","carriage_ref":"A"},"geometry":{"type":"LineString","coordinates":[[9.2405001,47.425121],[9.2401558,47.4250565]]}},{"type":"Feature","properties":{"highway":"motorway","int_ref":"E 25","lanes":"2","layer":"-1","maxspeed":"100","name":"Tunnel d'Arrissoules","oneway":"yes","ref":"A1","source:name":"Mapillary","surface":"asphalt","toll":"yes","tunnel":"yes","tunnel:name":"Arrissoules","wikipedia":"en:Arrissoules Tunnel","carriage_ref":"A"},"geometry":{"type":"LineString","coordinates":[[6.797344,46.8032628],[6.7955566,46.8025005],[6.7871548,46.7991087],[6.7846486,46.7979989],[6.7834711,46.7974467],[6.7821211,46.796768],[6.7790389,46.7951575],[6.7764128,46.7940785],[6.7747479,46.7934594],[6.771477,46.7924371],[6.7686785,46.791763],[6.7659602,46.791216],[6.7629238,46.7906629]]}},{"type":"Feature","properties":{"change:lanes":"not_left|yes|yes|no","destination:lanes":"Zürich;Rapperswil;Brüttisellen|Zürich;Rapperswil;Brüttisellen|Zürich;Rapperswil;Brüttisellen|Effretikon;Kemptthal","highway":"motorway","int_ref":"E 41;E 60","lanes":"4","maxspeed":"signals","oneway":"yes","placement":"middle_of:2","ref":"A1;A4","shoulder:right":"yes","surface":"asphalt","toll":"yes","turn:lanes":"|||slight_right","carriage_ref":"A"},"geometry":{"type":"LineString","coordinates":[[8.6968146,47.4465634],[8.6965866,47.4462633],[8.6962555,47.4458101],[8.6961306,47.4456483],[8.6960112,47.4455003],[8.6958845,47.4453535]]}},{"type":"Feature","properties":{"bicycle":"no","bridge":"yes","foot":"no","highway":"motorway","lanes":"2","layer":"1","lit":"no","maxspeed":"120","oneway":"yes","ref":"A1","surface":"asphalt","toll":"yes","carriage_ref":"A"},"geometry":{"type":"LineString","coordinates":[[8.1113137,47.3825813],[8.111122,47.3823442]]}},{"type":"Feature","properties":{"highway":"motorway","int_ref":"E 60","lanes":"2","maxspeed":"120","oneway":"yes","ref":"A1","shoulder:right":"yes","source:maxspeed":"CH:motorway","surface":"asphalt","toll":"yes","carriage_ref":"A"},"geometry":{"type":"LineString","coordinates":[[9.6085387,47.4611883],[9.6079146,47.4612229],[9.6071786,47.4612395],[9.606647,47.4612361],[9.6052787,47.4612128]]}},{"type":"Feature","properties":{"highway":"motorway","int_ref":"E 25;E 62","lanes":"3","maxspeed":"120","oneway":"yes","ref":"A1","toll":"yes","carriage_ref":"A"},"geometry":{"type":"LineString","coordinates":[[6.4809256,46.5036208],[6.4799176,46.5030818]]}},{"type":"Feature","properties":{"highway":"motorway","int_ref":"E 25;E 62","lanes":"2","maxspeed":"120","oneway":"yes","ref":"A1","toll":"yes","carriage_ref":"A"},"geometry":{"type":"LineString","coordinates":[[6.4669982,46.497372],[6.465042,46.4966814],[6.4633593,46.4961152],[6.4616978,46.495591],[6.4590961,46.494772],[6.456505,46.4939395],[6.454958,46.4934105],[6.4534447,46.4928518]]}},{"type":"Feature","properties":{"bridge":"yes","highway":"motorway","int_ref":"E 41;E 60","lanes":"2","layer":"1","lit":"yes","maxspeed":"100","oneway":"yes","ref":"A1;A4","source:maxspeed":"sign","surface":"asphalt","toll":"yes","carriage_ref":"B"},"geometry":{"type":"LineString","coordinates":[[8.5734965,47.4230759],[8.5736219,47.4229589]]}},{"type":"Feature","properties":{"bridge":"yes","highway":"motorway","int_ref":"E 41;E 60","lanes":"2","layer":"1","lit":"yes","maxspeed":"100","oneway":"yes","ref":"A1;A4","source:maxspeed":"sign","surface":"asphalt","toll":"yes","carriage_ref":"B"},"geometry":{"type":"LineString","coordinates":[[8.5718257,47.4239746],[8.5720507,47.4239033],[8.5722034,47.423847],[8.5723951,47.4237718],[8.5724863,47.4237286]]}},{"type":"Feature","properties":{"bridge":"yes","highway":"motorway","int_ref":"E 25;E 62","lanes":"3","layer":"1","maxspeed":"100","oneway":"yes","ref":"A1","surface":"asphalt","toll":"yes","carriage_ref":"B"},"geometry":{"type":"LineString","coordinates":[[6.5506173,46.5351033],[6.5507299,46.5351769],[6.5528184,46.5365422]]}},{"type":"Feature","properties":{"bridge":"yes","highway":"motorway","int_ref":"E 25;E 62","lanes":"2","layer":"1","lit":"no","maxspeed":"120","oneway":"yes","ref":"A1","toll":"yes","carriage_ref":"A"},"geometry":{"type":"LineString","coordinates":[[6.5020033,46.5158726],[6.5008672,46.5155147]]}},{"type":"Feature","properties":{"bicycle":"no","foot":"no","highway":"motorway","lanes":"3","lit":"no","maxspeed":"120","oneway":"yes","ref":"A1","surface":"asphalt","toll":"yes","turn:lanes":"through|through|right","carriage_ref":"A"},"geometry":{"type":"LineString","coordinates":[[8.1483176,47.3911935],[8.1478011,47.3911343],[8.1473507,47.3910906],[8.146881,47.3910486],[8.1464076,47.391011],[8.1459284,47.3909788],[8.1454491,47.3909528],[8.1449699,47.3909359],[8.1447037,47.390927]]}},{"type":"Feature","properties":{"highway":"motorway","int_ref":"E 35","lanes":"2","lit":"no","maxspeed":"120","oneway":"yes","ref":"A1;A2","surface":"asphalt","toll":"yes","carriage_ref":"A"},"geometry":{"type":"LineString","coordinates":[[7.8382592,47.3094383],[7.8376616,47.3094272],[7.8370652,47.309422],[7.8366625,47.309425],[7.8362597,47.309435],[7.8347536,47.3095183],[7.8343112,47.3095521],[7.8337934,47.3095904]]}},{"type":"Feature","properties":{"avz":"282","cs_dir:forward":"1","highway":"motorway","int_ref":"E 60","lanes":"3","maxspeed":"100","oneway":"yes","ref":"A1","surface":"asphalt","toll":"yes","carriage_ref":"B"},"geometry":{"type":"LineString","coordinates":[[9.3288044,47.4182803],[9.3299134,47.4186859],[9.3323699,47.4196582],[9.3331102,47.4199295],[9.3338527,47.4201625],[9.3345021,47.4203446],[9.3349826,47.4204537],[9.3361385,47.4207095]]}},{"type":"Feature","properties":{"highway":"motorway","int_ref":"E 25","lanes":"2","maxspeed":"120","oneway":"yes","ref":"A1","surface":"asphalt","toll":"yes","carriage_ref":"B"},"geometry":{"type":"LineString","coordinates":[[6.7033697,46.7681378],[6.7037516,46.7682716],[6.7048034,46.7686505],[6.7061185,46.769132]]}},{"type":"Feature","properties":{"bicycle":"no","foot":"no","highway":"motorway","lanes":"3","lit":"no","maxspeed":"120","oneway":"yes","ref":"A1","surface":"asphalt","toll":"yes","turn:lanes":"through|through|right","carriage_ref":"B"},"geometry":{"type":"LineString","coordinates":[[8.1166168,47.3871661],[8.1171263,47.3874777],[8.1173214,47.3875956],[8.1175203,47.3877113],[8.1177205,47.3878245],[8.117922,47.3879363],[8.1181921,47.3880825],[8.1185042,47.3882425],[8.1188934,47.3884351],[8.1192839,47.3886249],[8.1196798,47.3888079],[8.1200721,47.388978],[8.1204864,47.389153],[8.1208743,47.3893102],[8.1212754,47.3894697],[8.121731,47.3896509],[8.1221334,47.3897999],[8.122545,47.3899363],[8.1229729,47.3900731],[8.1234132,47.3902049],[8.123851,47.3903303],[8.1243053,47.3904499],[8.1247605,47.3905645],[8.1251357,47.3906535],[8.1256631,47.3907731],[8.1260714,47.3908575],[8.1264139,47.3909253],[8.1267566,47.3909891],[8.1269715,47.3910259],[8.1274802,47.3911093]]}},{"type":"Feature","properties":{"bridge":"yes","highway":"motorway","int_ref":"E 60","lanes":"2","layer":"1","maxspeed":"120","oneway":"yes","ref":"A1","surface":"asphalt","toll":"yes","carriage_ref":"A"},"geometry":{"type":"LineString","coordinates":[[8.8157835,47.5303426],[8.8156529,47.5303601]]}},{"type":"Feature","properties":{"bridge":"yes","highway":"motorway","int_ref":"E 60","lanes":"2","layer":"1","maxspeed":"120","oneway":"yes","ref":"A1","surface":"asphalt","toll":"yes","carriage_ref":"A"},"geometry":{"type":"LineString","coordinates":[[9.2284644,47.4234824],[9.2273374,47.4235454],[9.22636,47.4236423],[9.2255619,47.4237482],[9.2244787,47.4239539]]}},{"type":"Feature","properties":{"highway":"motorway","int_ref":"E 25","lanes":"2","maxspeed":"120","oneway":"yes","ref":"A1","surface":"asphalt","toll":"yes","carriage_ref":"B"},"geometry":{"type":"LineString","coordinates":[[7.5909925,47.1760378],[7.5912899,47.1766689],[7.5915321,47.1771228],[7.5917656,47.1775801],[7.5920066,47.1780306],[7.592347,47.1786381],[7.5926992,47.1792392],[7.5930538,47.1798399],[7.5934089,47.1804385],[7.5958577,47.1843914],[7.5962562,47.1850621],[7.5966476,47.1857302],[7.5970264,47.1864053],[7.5973546,47.1870117],[7.5977408,47.1877698],[7.5979296,47.1881531],[7.5981123,47.1885378],[7.5983944,47.1891612],[7.598654,47.1897784],[7.5990082,47.1907139],[7.5992217,47.1913479],[7.5993803,47.1918921],[7.599545,47.1924575],[7.599744,47.1932522],[7.5998686,47.1938281],[7.5999785,47.1944058],[7.6000324,47.1947266],[7.6000782,47.1950472],[7.6001466,47.1956067],[7.6001969,47.1960955],[7.6002353,47.1964934],[7.6002641,47.1968911],[7.6002896,47.1974183],[7.6003065,47.1979455],[7.6003116,47.1982794],[7.6003173,47.1990194],[7.6003049,47.1997513],[7.600286,47.2005956],[7.6002529,47.2014454],[7.6002085,47.2027415],[7.6001875,47.203394],[7.6001705,47.2040468],[7.6001614,47.2045332],[7.600158,47.205021],[7.6001584,47.2055026],[7.6001651,47.2059842],[7.6001729,47.2063893],[7.6001752,47.2064611],[7.6001859,47.206795],[7.6002244,47.2074539],[7.6002501,47.2077796],[7.6002826,47.2081044],[7.6003395,47.2085949],[7.6004055,47.2090861],[7.6004844,47.2095652]]}},{"type":"Feature","properties":{"bridge":"yes","destination":"Zürich","highway":"motorway","int_ref":"E 60","lanes":"3","layer":"1","lit":"yes","maxspeed":"100","oneway":"yes","ref":"A1;A3","surface":"asphalt","toll":"yes","carriage_ref":"B"},"geometry":{"type":"LineString","coordinates":[[8.3110713,47.4532935],[8.3113116,47.453226],[8.3116525,47.4531433],[8.3119995,47.4530751],[8.3123973,47.4530197],[8.3127018,47.452988],[8.3129574,47.4529728],[8.3133464,47.4529717],[8.3136175,47.4529803],[8.3138629,47.4529968]]}},{"type":"Feature","properties":{"change:lanes":"not_left|not_right|yes","highway":"motorway","int_ref":"E 60","lanes":"3","maxspeed":"120","oneway":"yes","placement":"right_of:1","ref":"A1","surface":"asphalt","toll":"yes","turn:lanes":"||merge_to_left","carriage_ref":"B"},"geometry":{"type":"LineString","coordinates":[[9.576196,47.4805341],[9.5767837,47.4805462]]}},{"type":"Feature","properties":{"bridge":"yes","highway":"motorway","int_ref":"E 25;E 62","lanes":"2","layer":"1","maxspeed":"signals","maxspeed:variable":"peak_traffic","oneway":"yes","ref":"A1","toll":"yes","carriage_ref":"A"},"geometry":{"type":"LineString","coordinates":[[6.5201181,46.5236335],[6.5198805,46.5235396]]}},{"type":"Feature","properties":{"bridge":"yes","highway":"motorway","int_ref":"E 25","lanes":"2","layer":"1","maxspeed":"120","oneway":"yes","ref":"A1","surface":"asphalt","toll":"yes","carriage_ref":"A"},"geometry":{"type":"LineString","coordinates":[[7.5729364,47.0910028],[7.572971,47.0905961],[7.5730071,47.0903211]]}},{"type":"Feature","properties":{"highway":"motorway","int_ref":"E 25","lanes":"2","maxspeed":"100","oneway":"yes","ref":"A1","surface":"asphalt","toll":"yes","carriage_ref":"B"},"geometry":{"type":"LineString","coordinates":[[6.757293,46.7891905],[6.7576159,46.7892883],[6.7578786,46.7893625],[6.7581638,46.789441],[6.7585978,46.7895565],[6.7590376,46.7896677],[6.7594731,46.7897697],[6.7599192,46.78987],[6.7603809,46.7899686],[6.7606243,46.7900178]]}},{"type":"Feature","properties":{"highway":"motorway","int_ref":"E 25","lanes":"2","maxspeed":"120","oneway":"yes","ref":"A1","surface":"asphalt","toll":"yes","carriage_ref":"B"},"geometry":{"type":"LineString","coordinates":[[7.5514042,47.0589867],[7.5526935,47.0594413],[7.5531643,47.0596149],[7.5536832,47.0598117],[7.5541584,47.0600007],[7.5545698,47.060169],[7.5549776,47.0603463],[7.5553952,47.0605354],[7.5557652,47.0607143],[7.5561597,47.0609081],[7.5567285,47.0612097],[7.5570103,47.0613693],[7.557266,47.0615252],[7.5576197,47.0617561],[7.5578614,47.0619258],[7.5581133,47.0621061]]}},{"type":"Feature","properties":{"bridge":"yes","highway":"motorway","int_ref":"E 25;E 62","lanes":"2","layer":"1","maxspeed":"120","oneway":"yes","ref":"A1","toll":"yes","carriage_ref":"A"},"geometry":{"type":"LineString","coordinates":[[6.2042381,46.3868216],[6.2041267,46.3865722]]}},{"type":"Feature","properties":{"bridge":"yes","highway":"motorway","int_ref":"E 35","lanes":"2","layer":"1","lit":"no","maxspeed":"120","oneway":"yes","ref":"A1;A2","surface":"asphalt","toll":"yes","carriage_ref":"A"},"geometry":{"type":"LineString","coordinates":[[7.8389387,47.3094668],[7.8382592,47.3094383]]}},{"type":"Feature","properties":{"highway":"motorway","int_ref":"E 60","lanes":"2","maxspeed":"120","oneway":"yes","ref":"A1","shoulder:right":"yes","source:maxspeed":"CH:motorway","surface":"asphalt","toll":"yes","carriage_ref":"A"},"geometry":{"type":"LineString","coordinates":[[9.5830322,47.4791223],[9.5826728,47.479319],[9.5822585,47.4795256],[9.5818072,47.4797268],[9.5813732,47.479897],[9.5808742,47.4800629],[9.5803835,47.4802043],[9.5798253,47.480337]]}},{"type":"Feature","properties":{"avz":"20","cs_dir:forward":"2","highway":"motorway","int_ref":"E 41;E 60","lanes":"3","lit":"no","maxspeed":"80","oneway":"yes","overtaking:hgv":"no","ref":"A1;A4","source:maxspeed":"CH:motorway","ssvz":"850N","surface":"asphalt","toll":"yes","carriage_ref":"A"},"geometry":{"type":"LineString","coordinates":[[8.5069676,47.4286318],[8.506715,47.4285597],[8.5063818,47.4284713],[8.5058865,47.4283422]]}},{"type":"Feature","properties":{"highway":"motorway","int_ref":"E 60","lanes":"3","maxspeed":"100","oneway":"yes","ref":"A1","surface":"asphalt","toll":"yes","turn:lanes":"none|none|merge_to_left","carriage_ref":"B"},"geometry":{"type":"LineString","coordinates":[[9.3648018,47.4302509],[9.3652593,47.4304201],[9.3655532,47.430518],[9.3658951,47.4306255],[9.3661847,47.4307034]]}},{"type":"Feature","properties":{"bridge":"yes","highway":"motorway","int_ref":"E 60","lanes":"2","layer":"1","maxspeed":"120","oneway":"yes","ref":"A1","surface":"asphalt","toll":"yes","carriage_ref":"B"},"geometry":{"type":"LineString","coordinates":[[8.7155646,47.5230841],[8.7157658,47.5230637],[8.7159676,47.5230472],[8.7164239,47.5230232]]}},{"type":"Feature","properties":{"highway":"motorway","int_ref":"E 25","lanes":"2","maxspeed":"120","oneway":"yes","ref":"A1","surface":"asphalt","toll":"yes","carriage_ref":"B"},"geometry":{"type":"LineString","coordinates":[[6.9973348,46.8766432],[6.9978399,46.876716],[6.9985207,46.8768155],[6.9992261,46.8769182],[6.9999109,46.8770088],[7.0007115,46.8771065],[7.0015144,46.8772001],[7.0029142,46.8773679],[7.0043171,46.877522],[7.006425,46.8777682],[7.0075932,46.8779049],[7.008757,46.878048],[7.009447,46.8781378],[7.0103744,46.8782767],[7.011297,46.878414],[7.0122327,46.878563],[7.0126804,46.878632],[7.0131338,46.8787134],[7.0140382,46.8788845],[7.0147407,46.8790236],[7.0155203,46.8791692]]}},{"type":"Feature","properties":{"highway":"motorway","int_ref":"E 60","lanes":"4","lit":"no","maxspeed":"120","oneway":"yes","ref":"A1;A3","surface":"asphalt","toll":"yes","turn:lanes":"through|through|through|slight_right","carriage_ref":"B"},"geometry":{"type":"LineString","coordinates":[[8.3911818,47.4224138],[8.3919387,47.4223511]]}},{"type":"Feature","properties":{"bridge":"yes","highway":"motorway","int_ref":"E 25","lanes":"2","layer":"1","lit":"no","maxspeed":"120","oneway":"yes","ref":"A1","surface":"asphalt","toll":"yes","carriage_ref":"B"},"geometry":{"type":"LineString","coordinates":[[7.7111023,47.2642106],[7.7112454,47.2643477]]}}],"ref":"A1","generator":"Quandopasso Path Importer","created":"2021-01-04T14:32:49.030Z","format":"1.0.0"}