{"type":"FeatureCollection","features":[{"type":"Feature","properties":{"destination":"Conthey","highway":"motorway","int_ref":"E 62","lanes":"2","lit":"no","maxspeed":"120","oneway":"yes","ref":"A9","toll":"yes","carriage_ref":"f","opposite_carriage_ref":"e"},"geometry":{"type":"LineString","coordinates":[[7.3540768,46.222142],[7.3526019,46.221886],[7.3513947,46.2216757],[7.3489376,46.2212387]]}},{"type":"Feature","properties":{"highway":"motorway","int_ref":"E 27;E 62","lanes":"2","lit":"no","maxspeed":"120","oneway":"yes","ref":"A9","toll":"yes","carriage_ref":"e","opposite_carriage_ref":"f"},"geometry":{"type":"LineString","coordinates":[[7.026103,46.176627],[7.0260806,46.1757677],[7.0260735,46.1753126],[7.0260783,46.1748537],[7.0260952,46.1744528],[7.0261353,46.1739771],[7.0261896,46.1735953]]}},{"type":"Feature","properties":{"bridge":"viaduct","highway":"motorway","int_ref":"E 23","lanes":"2","layer":"1","lit":"no","maxspeed":"120","oneway":"yes","ref":"A9","surface":"asphalt","toll":"yes","carriage_ref":"e","opposite_carriage_ref":"f"},"geometry":{"type":"LineString","coordinates":[[6.5396045,46.7409027],[6.5398669,46.7407012],[6.5400131,46.7405831],[6.5401547,46.7404638],[6.5403565,46.7402831],[6.5406022,46.7400454],[6.5407457,46.7398998],[6.5408954,46.7397424],[6.541109,46.739491],[6.5413251,46.7392166],[6.5415571,46.738904],[6.5416762,46.7387444],[6.5418214,46.7385405],[6.5420006,46.73828],[6.542172,46.7380257],[6.5424759,46.7375494],[6.5425792,46.737384],[6.542931,46.7368053],[6.5432432,46.7362954],[6.5434004,46.7360486],[6.543562,46.7358045],[6.5437302,46.7355543],[6.5439016,46.7353096],[6.5440825,46.7350717],[6.54418,46.7349472],[6.5442692,46.7348342],[6.5443705,46.7347117],[6.5444583,46.7346018],[6.5445654,46.7344804],[6.5447655,46.7342568],[6.5448731,46.7341451],[6.5449793,46.7340316],[6.5450907,46.7339179],[6.5452037,46.7338052],[6.5453223,46.733692],[6.5454344,46.7335916],[6.5455478,46.73349],[6.5456727,46.7333819],[6.5458075,46.7332747],[6.5459445,46.7331694],[6.5460849,46.7330652],[6.5462218,46.7329679],[6.5463621,46.7328724],[6.5466456,46.7326892],[6.5467944,46.7325986],[6.5469459,46.7325096],[6.5470975,46.7324235],[6.5472519,46.7323395],[6.5474092,46.7322569],[6.5475682,46.7321753],[6.5477306,46.7320977],[6.5478947,46.7320209],[6.5480578,46.7319478],[6.5486086,46.7317239],[6.5491173,46.7315425],[6.5496123,46.7313871],[6.5497217,46.7313584],[6.5499223,46.7313064],[6.5501164,46.731253],[6.5510508,46.7310375],[6.551734,46.7309129],[6.553197,46.7306891],[6.5544191,46.7305178],[6.5561675,46.7302855]]}},{"type":"Feature","properties":{"highway":"motorway","int_ref":"E 62","lanes":"3","lit":"no","maxspeed":"120","oneway":"yes","ref":"A9","toll":"yes","carriage_ref":"e","opposite_carriage_ref":"f"},"geometry":{"type":"LineString","coordinates":[[6.5863917,46.5612889],[6.5888572,46.560962],[6.5894797,46.5608709],[6.5901192,46.5607723],[6.5906867,46.5606637],[6.5912452,46.5605483]]}},{"type":"Feature","properties":{"highway":"motorway","int_ref":"E 27;E 62","lanes":"2","lit":"no","maxspeed":"100","oneway":"yes","ref":"A9","toll":"yes","carriage_ref":"e","opposite_carriage_ref":"f"},"geometry":{"type":"LineString","coordinates":[[7.0105273,46.207201],[7.0108463,46.2064585],[7.0108771,46.2063822]]}},{"type":"Feature","properties":{"highway":"motorway","int_ref":"E 62","lanes":"2","maxspeed":"80","oneway":"yes","ref":"A9","smoothness":"excellent","smoothness:date":"2019-08-01","surface":"asphalt","toll":"yes","carriage_ref":"i","opposite_carriage_ref":"j"},"geometry":{"type":"LineString","coordinates":[[7.9580895,46.3029865],[7.960315,46.3037015]]}},{"type":"Feature","properties":{"highway":"motorway","int_ref":"E 62","lanes":"3","lit":"no","maxspeed":"120","oneway":"yes","ref":"A9","toll":"yes","carriage_ref":"f","opposite_carriage_ref":"e"},"geometry":{"type":"LineString","coordinates":[[6.6201664,46.5513873],[6.6194924,46.5515298],[6.6187345,46.5516686],[6.6166935,46.5520057],[6.6091615,46.5530949],[6.6042962,46.5537951],[6.6028379,46.5540468],[6.6020524,46.554224],[6.60142,46.5544007],[6.6008267,46.5546224],[6.6002377,46.5548832],[6.5997541,46.5551363],[6.599354,46.5553926],[6.5989686,46.5556954],[6.598542,46.5560784],[6.5981411,46.5564914]]}},{"type":"Feature","properties":{"bridge":"yes","highway":"motorway","int_ref":"E 27;E 62","lanes":"2","layer":"1","lit":"no","maxspeed":"100","name":"Viaduc du Chillon","name:language":"fr","oneway":"yes","ref":"A9","toll":"yes","carriage_ref":"e","opposite_carriage_ref":"f"},"geometry":{"type":"LineString","coordinates":[[6.9303034,46.421869],[6.9302793,46.4216092],[6.9302015,46.4211775],[6.9300888,46.4206173],[6.9299815,46.4201106]]}},{"type":"Feature","properties":{"bridge":"yes","highway":"motorway","int_ref":"E 35","lanes":"3","layer":"1","lit":"no","loc_name":"Autostrada Milano-Como-Chiasso","maxspeed":"130","name":"Autostrada Lainate-Como-Chiasso","oneway":"yes","ref":"A9","surface":"asphalt","toll":"no","carriage_ref":"l","opposite_carriage_ref":"k"},"geometry":{"type":"LineString","coordinates":[[9.0137503,45.6274453],[9.0137654,45.6277907]]}},{"type":"Feature","properties":{"highway":"motorway","int_ref":"E 62","lanes":"3","lit":"no","maxspeed":"120","oneway":"yes","ref":"A9","toll":"yes","carriage_ref":"e","opposite_carriage_ref":"f"},"geometry":{"type":"LineString","coordinates":[[6.620307,46.5512378],[6.6206826,46.5511547],[6.6212496,46.551028],[6.6217135,46.5509084],[6.6221455,46.5507936]]}},{"type":"Feature","properties":{"highway":"motorway","int_ref":"E 62","lanes":"3","lit":"no","maxspeed":"120","oneway":"yes","ref":"A9","toll":"yes","carriage_ref":"f","opposite_carriage_ref":"e"},"geometry":{"type":"LineString","coordinates":[[6.6410716,46.5421978],[6.6406359,46.542158],[6.6401566,46.5421384],[6.6399046,46.5421364],[6.6396183,46.5421401],[6.6393477,46.5421511],[6.639106,46.5421672],[6.6387783,46.5421958],[6.6384117,46.5422408],[6.6378817,46.5423267],[6.637528,46.5424018],[6.6371629,46.5424916],[6.6368473,46.5425833],[6.6366235,46.5426519],[6.6362017,46.5428009],[6.6357954,46.5429643],[6.635353,46.5431625],[6.6350605,46.5433062],[6.6347668,46.5434607],[6.6342105,46.5437833],[6.633804,46.5440406],[6.6333469,46.5443557],[6.6328579,46.5447162],[6.6324692,46.5450207],[6.632107,46.5453194]]}},{"type":"Feature","properties":{"highway":"motorway","int_ref":"E 27;E 62","lanes":"2","lit":"no","maxspeed":"120","oneway":"yes","ref":"A9","toll":"yes","carriage_ref":"f","opposite_carriage_ref":"e"},"geometry":{"type":"LineString","coordinates":[[6.8896733,46.4563247],[6.8889827,46.4565159],[6.8884112,46.4566656],[6.8878428,46.4568092],[6.8872748,46.4569392],[6.8866428,46.4570706],[6.8861328,46.4571676],[6.8842578,46.457492],[6.8837016,46.4575921],[6.8832016,46.4576934],[6.8826481,46.4578316],[6.8821434,46.4579796],[6.881698,46.4581407],[6.8812781,46.4583173],[6.8808535,46.458526],[6.8804563,46.4587583],[6.8800846,46.4590063],[6.8796979,46.4592967],[6.8793597,46.4595976],[6.879131,46.4598419],[6.8788935,46.4601194],[6.878698,46.4603883],[6.8783722,46.4608963],[6.8778699,46.4618072],[6.8775064,46.4624564],[6.8771259,46.4630767],[6.8766897,46.4636824],[6.8763633,46.4641057],[6.8758595,46.4646839],[6.8753985,46.4651698],[6.8749609,46.4655831],[6.8745098,46.4659935],[6.8739974,46.4664008]]}},{"type":"Feature","properties":{"bridge":"yes","highway":"motorway","int_ref":"E 62","lanes":"2","layer":"1","lit":"no","maxspeed":"120","oneway":"yes","ref":"A9","toll":"yes","carriage_ref":"e","opposite_carriage_ref":"f"},"geometry":{"type":"LineString","coordinates":[[6.6589613,46.5386132],[6.6592009,46.5385201]]}},{"type":"Feature","properties":{"highway":"motorway","int_ref":"E 62","lanes":"2","lit":"no","maxspeed":"100","oneway":"yes","ref":"A9","toll":"yes","carriage_ref":"f","opposite_carriage_ref":"e"},"geometry":{"type":"LineString","coordinates":[[6.7703156,46.4874569],[6.7692411,46.4879482]]}},{"type":"Feature","properties":{"highway":"motorway","int_ref":"E 62","lanes":"2","maxspeed":"100","oneway":"yes","ref":"A9","surface":"asphalt","toll":"yes","carriage_ref":"g","opposite_carriage_ref":"h"},"geometry":{"type":"LineString","coordinates":[[7.6846851,46.3062057],[7.6877714,46.3068274]]}},{"type":"Feature","properties":{"highway":"motorway","int_ref":"E 35","lanes":"3","lit":"no","maxspeed":"130","name":"Autostrada Lainate-Como-Chiasso","oneway":"yes","ref":"A9","surface":"asphalt","toll":"yes","carriage_ref":"k","opposite_carriage_ref":"l"},"geometry":{"type":"LineString","coordinates":[[9.0272908,45.7252439],[9.024994,45.7173529],[9.023854,45.7134036],[9.0231389,45.7109343],[9.0229956,45.710488],[9.0218464,45.7065927]]}},{"type":"Feature","properties":{"highway":"motorway","int_ref":"E 62","lanes":"2","lit":"no","maxspeed":"120","oneway":"yes","ref":"A9","toll":"yes","carriage_ref":"f","opposite_carriage_ref":"e"},"geometry":{"type":"LineString","coordinates":[[7.3810228,46.2345372],[7.380318,46.234063],[7.3789029,46.2330576],[7.3778167,46.2322526],[7.3776593,46.2321322],[7.3771844,46.2317668]]}},{"type":"Feature","properties":{"bridge":"yes","highway":"motorway","int_ref":"E 27;E 62","lanes":"2","layer":"1","lit":"no","maxspeed":"120","oneway":"yes","ref":"A9","toll":"yes","carriage_ref":"f","opposite_carriage_ref":"e"},"geometry":{"type":"LineString","coordinates":[[7.0262582,46.1768141],[7.0263128,46.1776602]]}},{"type":"Feature","properties":{"avz":"253","cs_dir:forward":"2","highway":"motorway","int_ref":"E 62","lanes":"2","layer":"-1","lit":"24/7","maxspeed":"100","oneway":"yes","ref":"A9","ssvz":"1126N","surface":"asphalt","toll":"yes","tunnel":"yes","tunnel:alt_name":"Gamsentunnel","tunnel:name":"Gamsen","carriage_ref":"j","opposite_carriage_ref":"i"},"geometry":{"type":"LineString","coordinates":[[7.9584287,46.3032424],[7.9557577,46.3024284],[7.9547748,46.3021852],[7.9535885,46.3019807],[7.9526845,46.3019309],[7.9509396,46.3020844],[7.9487678,46.3026771],[7.9486283,46.3027152],[7.9471524,46.3029656],[7.9450979,46.3031149]]}},{"type":"Feature","properties":{"highway":"motorway","int_ref":"E 62","lanes":"3","lit":"no","maxspeed":"100","oneway":"yes","ref":"A9","toll":"yes","carriage_ref":"f","opposite_carriage_ref":"e"},"geometry":{"type":"LineString","coordinates":[[6.5775633,46.5630631],[6.5774673,46.5630845],[6.5755446,46.563559],[6.5738223,46.5639636]]}},{"type":"Feature","properties":{"highway":"motorway","int_ref":"E 23","lanes":"1","lit":"no","maxspeed":"120","oneway":"yes","ref":"A9","surface":"asphalt","toll":"yes","carriage_ref":"f","opposite_carriage_ref":"e"},"geometry":{"type":"LineString","coordinates":[[6.5657811,46.729141],[6.5647496,46.7292226],[6.5643011,46.7292621],[6.5638691,46.729304],[6.5635871,46.7293379],[6.5633088,46.7293735],[6.5630442,46.7294098],[6.5626522,46.7294504]]}},{"type":"Feature","properties":{"highway":"motorway","int_ref":"E 62","lanes":"2","layer":"-1","lit":"no","maxspeed":"120","oneway":"yes","ref":"A9","toll":"yes","tunnel":"yes","carriage_ref":"e","opposite_carriage_ref":"f"},"geometry":{"type":"LineString","coordinates":[[7.4202721,46.245815],[7.4209802,46.2460005]]}},{"type":"Feature","properties":{"destination":"Milano;Domodossola;Simplon","destination:ref":"9","highway":"trunk","int_ref":"E 62","lanes":"1","maxspeed":"60","motorroad":"yes","oneway":"yes","ref":"A9","smoothness":"excellent","smoothness:date":"2019-08-01","surface":"asphalt","toll":"no","last":"true","carriage_ref":"i","opposite_carriage_ref":"j"},"geometry":{"type":"LineString","coordinates":[[7.9636969,46.3047793],[7.96391,46.3048433],[7.9643915,46.3050334],[7.9651526,46.3054043],[7.9656619,46.3056087],[7.9660119,46.3057134],[7.9663552,46.3057764],[7.9666194,46.3058051],[7.9671961,46.3058264],[7.9677178,46.3058348],[7.96818,46.3058353],[7.9684229,46.3058693]]}},{"type":"Feature","properties":{"bridge":"yes","highway":"motorway","int_ref":"E 35","lanes":"2","layer":"1","lit":"no","maxspeed":"130","name":"Autostrada Lainate-Como-Chiasso","oneway":"yes","ref":"A9","source:maxspeed":"GPS survey 08.2017. IT motorway","surface":"asphalt","toll":"no","carriage_ref":"k","opposite_carriage_ref":"l"},"geometry":{"type":"LineString","coordinates":[[9.0118418,45.5965089],[9.0118094,45.596017]]}},{"type":"Feature","properties":{"bridge":"yes","highway":"motorway","int_ref":"E 27;E 62","lanes":"2","layer":"1","lit":"no","maxspeed":"100","oneway":"yes","ref":"A9","toll":"yes","carriage_ref":"e","opposite_carriage_ref":"f"},"geometry":{"type":"LineString","coordinates":[[6.9106329,46.441903],[6.9120711,46.4414864]]}},{"type":"Feature","properties":{"destination":"Milano","highway":"motorway","int_ref":"E 35","lanes":"2","lit":"no","maxspeed":"80","oneway":"yes","overtaking":"no","ref":"A9","source:maxspeed":"sign","surface":"asphalt","carriage_ref":"k","opposite_carriage_ref":"l"},"geometry":{"type":"LineString","coordinates":[[9.0427216,45.8407604],[9.0431556,45.8405129],[9.0435333,45.8402865],[9.0437702,45.8400625],[9.0439534,45.8397938],[9.0440846,45.839601],[9.0442066,45.8394087]]}},{"type":"Feature","properties":{"highway":"motorway","int_ref":"E 62","lanes":"3","lit":"no","maxspeed":"120","oneway":"yes","ref":"A9","toll":"yes","carriage_ref":"e","opposite_carriage_ref":"f"},"geometry":{"type":"LineString","coordinates":[[6.5652859,46.56395],[6.5654316,46.5639898],[6.565718,46.5640609],[6.5660438,46.5641332],[6.5665463,46.5642294]]}},{"type":"Feature","properties":{"highway":"motorway","int_ref":"E 35","lanes":"2","lit":"no","loc_name":"<diverso>","maxspeed":"100","oneway":"yes","ref":"A9","source:maxspeed":"sign","surface":"asphalt","carriage_ref":"k","opposite_carriage_ref":"l"},"geometry":{"type":"LineString","coordinates":[[9.0499191,45.7873978],[9.0504035,45.7864736],[9.0506716,45.7859919]]}},{"type":"Feature","properties":{"highway":"motorway","int_ref":"E 23;E 25","lanes":"2","lit":"no","maxspeed":"120","oneway":"yes","ref":"A1;A9","surface":"asphalt","toll":"yes","carriage_ref":"f","opposite_carriage_ref":"e"},"geometry":{"type":"LineString","coordinates":[[6.5790882,46.7066513],[6.5792367,46.7072571],[6.5793505,46.7078058],[6.5793913,46.7081062],[6.5794309,46.7084066],[6.5794574,46.7090837],[6.579471,46.7094839],[6.5794416,46.710098],[6.5793934,46.7106015],[6.579354,46.7109355],[6.579293,46.7112824],[6.5791657,46.7118288],[6.5789905,46.7124633],[6.5787763,46.7130573],[6.5785246,46.7136649],[6.5783804,46.7139619],[6.5782118,46.7142895],[6.5779688,46.7147243],[6.5776814,46.7152037],[6.5774421,46.7155679],[6.5772431,46.7158392],[6.5767897,46.7164166],[6.5764192,46.7168713],[6.5763012,46.716999],[6.5759247,46.7174067],[6.5755076,46.7178282]]}},{"type":"Feature","properties":{"highway":"motorway","int_ref":"E 62","lanes":"3","lit":"no","maxspeed":"120","oneway":"yes","ref":"A9","toll":"yes","carriage_ref":"e","opposite_carriage_ref":"f"},"geometry":{"type":"LineString","coordinates":[[6.5980343,46.5563847],[6.5984434,46.5559691],[6.5988645,46.5555933],[6.5992409,46.5552922],[6.5996688,46.5550254],[6.6001663,46.5547647],[6.6007639,46.5545027],[6.6013668,46.5542796],[6.602024,46.5541009],[6.6028139,46.5539176],[6.6042794,46.553668],[6.6091487,46.5529707],[6.6166635,46.551888],[6.6186153,46.551566],[6.6193203,46.5514367],[6.6198537,46.5513307]]}},{"type":"Feature","properties":{"highway":"motorway","int_ref":"E 35","lanes":"2","layer":"-1","lit":"24/7","maxspeed":"80","name":"Galleria Terrazze","oneway":"yes","ref":"A9","source":"yahoo-image","surface":"asphalt","tunnel":"yes","carriage_ref":"l","opposite_carriage_ref":"k"},"geometry":{"type":"LineString","coordinates":[[9.0575996,45.8173643],[9.057581,45.8178147],[9.0575396,45.8180852],[9.0574394,45.8183053],[9.0570956,45.818766]]}},{"type":"Feature","properties":{"highway":"motorway","int_ref":"E 35","lanes":"2","lit":"no","loc_name":"<diverso>","maxspeed":"80","name":"Autostrada Lainate-Como-Chiasso","oneway":"yes","ref":"A9","source:maxspeed":"GPS survey 08.2017. Sign 80","surface":"asphalt","carriage_ref":"k","opposite_carriage_ref":"l"},"geometry":{"type":"LineString","coordinates":[[9.0514541,45.782251],[9.0511703,45.7810688]]}},{"type":"Feature","properties":{"bridge":"yes","highway":"motorway","int_ref":"E 27;E 62","lanes":"2","layer":"1","lit":"no","maxspeed":"100","oneway":"yes","ref":"A9","toll":"yes","carriage_ref":"f","opposite_carriage_ref":"e"},"geometry":{"type":"LineString","coordinates":[[6.9209583,46.4337344],[6.9203536,46.4340814],[6.9200155,46.434294],[6.919586,46.434573],[6.9193417,46.4347448],[6.9190208,46.4350152],[6.9187468,46.4352993],[6.918389,46.4356242]]}},{"type":"Feature","properties":{"bridge":"yes","highway":"motorway","int_ref":"E 62","lanes":"3","layer":"1","lit":"no","maxspeed":"80","oneway":"yes","ref":"A9","toll":"yes","turn:lanes":"slight_left|slight_right|slight_right","carriage_ref":"f","opposite_carriage_ref":"e"},"geometry":{"type":"LineString","coordinates":[[6.5711803,46.5644188],[6.5705857,46.5644897],[6.5700353,46.5645338],[6.5696563,46.5645558],[6.5692729,46.5645637],[6.5688468,46.5645529],[6.5683954,46.5645328]]}},{"type":"Feature","properties":{"bridge":"yes","highway":"motorway","int_ref":"E 35","lanes":"2","layer":"1","lit":"no","maxspeed":"130","name":"Autostrada Lainate-Como-Chiasso","oneway":"yes","ref":"A9","surface":"asphalt","toll":"yes","carriage_ref":"l","opposite_carriage_ref":"k"},"geometry":{"type":"LineString","coordinates":[[9.0274651,45.7252366],[9.0275355,45.7255163]]}},{"type":"Feature","properties":{"bridge":"yes","highway":"motorway","int_ref":"E 62","lanes":"2","layer":"1","lit":"no","maxspeed":"100","oneway":"yes","ref":"A9","toll":"yes","carriage_ref":"f","opposite_carriage_ref":"e"},"geometry":{"type":"LineString","coordinates":[[6.6814496,46.5239726],[6.6803165,46.5266129],[6.6797929,46.527686]]}},{"type":"Feature","properties":{"highway":"motorway","int_ref":"E 27;E 62","lanes":"2","lit":"no","maxspeed":"120","oneway":"yes","ref":"A9","toll":"yes","carriage_ref":"e","opposite_carriage_ref":"f"},"geometry":{"type":"LineString","coordinates":[[6.9642546,46.2871214],[6.965552,46.2850136],[6.9669579,46.2825074],[6.9674724,46.2815174]]}},{"type":"Feature","properties":{"covered":"yes","highway":"motorway","int_ref":"E 35","lanes":"2","lit":"no","maxspeed":"20","name":"Autostrada Lainate-Como-Chiasso","nat_ref":"A8","oneway":"yes","ref":"A9","surface":"asphalt","carriage_ref":"l","opposite_carriage_ref":"k"},"geometry":{"type":"LineString","coordinates":[[9.0370253,45.8409844],[9.0369654,45.8409584],[9.0368911,45.8409246]]}},{"type":"Feature","properties":{"destination":"Chexbres","highway":"motorway","int_ref":"E 62","lanes":"2","lit":"no","maxspeed":"100","oneway":"yes","ref":"A9","source":"mise à jour : 2009;cadastre-dgi-fr source : Direction Générale des Impôts - Cadastre","toll":"yes","carriage_ref":"e","opposite_carriage_ref":"f"},"geometry":{"type":"LineString","coordinates":[[6.6881421,46.5176508],[6.6894208,46.5172686],[6.6906042,46.5170109],[6.6913973,46.5168799]]}},{"type":"Feature","properties":{"highway":"motorway","lanes":"1","lit":"no","maxspeed":"80","oneway":"yes","ref":"A9","toll":"yes","carriage_ref":"e","opposite_carriage_ref":"f"},"geometry":{"type":"LineString","coordinates":[[6.5619178,46.5627741],[6.5622845,46.5629021],[6.5632122,46.5632675],[6.5635778,46.5634198],[6.5638867,46.5635363],[6.5642214,46.5636572],[6.5645165,46.5637485],[6.5648352,46.5638261]]}},{"type":"Feature","properties":{"highway":"motorway","int_ref":"E 62","lanes":"2","lit":"no","maxspeed":"120","oneway":"yes","ref":"A9","toll":"yes","carriage_ref":"f","opposite_carriage_ref":"e"},"geometry":{"type":"LineString","coordinates":[[7.2220195,46.1777759],[7.2216004,46.1775165],[7.2201931,46.1766492]]}},{"type":"Feature","properties":{"destination":"Sion-ouest","highway":"motorway","int_ref":"E 62","lanes":"2","lit":"no","maxspeed":"120","oneway":"yes","ref":"A9","toll":"yes","carriage_ref":"f","opposite_carriage_ref":"e"},"geometry":{"type":"LineString","coordinates":[[7.3854527,46.2371613],[7.3849164,46.2368784],[7.3841099,46.2364371],[7.3829074,46.2357396],[7.381643,46.2349469],[7.3810228,46.2345372]]}},{"type":"Feature","properties":{"highway":"motorway","int_ref":"E 35","lanes":"3","lit":"no","maxspeed":"130","name":"Autostrada Lainate-Como-Chiasso","oneway":"yes","ref":"A9","source:maxspeed":"GPS survey 08.2017. IT motorway","surface":"asphalt","toll":"no","carriage_ref":"k","opposite_carriage_ref":"l"},"geometry":{"type":"LineString","coordinates":[[9.0118094,45.596017],[9.0113961,45.5878956],[9.0113392,45.5853352],[9.0111874,45.582359]]}},{"type":"Feature","properties":{"highway":"motorway","int_ref":"E 23;E 25","lanes":"2","lit":"no","maxspeed":"120","oneway":"yes","ref":"A1;A9","surface":"asphalt","toll":"yes","carriage_ref":"f","opposite_carriage_ref":"e"},"geometry":{"type":"LineString","coordinates":[[6.5748256,46.697338],[6.5750513,46.6979529],[6.5751998,46.6983322],[6.5757723,46.6995996]]}},{"type":"Feature","properties":{"covered":"yes","highway":"motorway","int_ref":"E 35","lanes":"2","lit":"no","maxspeed":"60","name":"Autostrada Lainate-Como-Chiasso","oneway":"yes","ref":"A9","surface":"asphalt","toll":"yes","carriage_ref":"l","opposite_carriage_ref":"k"},"geometry":{"type":"LineString","coordinates":[[9.0495684,45.7738287],[9.0495959,45.7738877]]}},{"type":"Feature","properties":{"highway":"motorway","int_ref":"E 35","lanes":"2","lit":"no","maxspeed":"60","name":"Autostrada Lainate-Como-Chiasso","oneway":"yes","ref":"A9","surface":"asphalt","toll":"yes","carriage_ref":"k","opposite_carriage_ref":"l"},"geometry":{"type":"LineString","coordinates":[[9.0488178,45.7731726],[9.0486222,45.7722892]]}},{"type":"Feature","properties":{"highway":"motorway","int_ref":"E 62","lanes":"3","lit":"no","maxspeed":"80","oneway":"yes","ref":"A9","toll":"yes","carriage_ref":"e","opposite_carriage_ref":"f"},"geometry":{"type":"LineString","coordinates":[[6.5648352,46.5638261],[6.565147,46.563913],[6.5652859,46.56395]]}},{"type":"Feature","properties":{"bridge":"yes","highway":"motorway","int_ref":"E 62","lanes":"2","layer":"1","lit":"no","maxspeed":"120","oneway":"yes","ref":"A9","toll":"yes","carriage_ref":"e","opposite_carriage_ref":"f"},"geometry":{"type":"LineString","coordinates":[[7.2721778,46.2077309],[7.2731186,46.2080946],[7.2739031,46.2083856],[7.2744433,46.2085828],[7.2751454,46.2088311],[7.2757288,46.2090222]]}},{"type":"Feature","properties":{"highway":"motorway","int_ref":"E 62","lanes":"2","lit":"no","maxspeed":"120","oneway":"yes","ref":"A9","toll":"yes","carriage_ref":"f","opposite_carriage_ref":"e"},"geometry":{"type":"LineString","coordinates":[[6.8026592,46.4761579],[6.8019776,46.4762782],[6.8008884,46.4764368],[6.8001854,46.4765474]]}},{"type":"Feature","properties":{"destination":"St-Maurice","highway":"motorway","int_ref":"E 27;E 62","lanes":"2","lit":"no","maxspeed":"120","oneway":"yes","ref":"A9","toll":"yes","carriage_ref":"e","opposite_carriage_ref":"f"},"geometry":{"type":"LineString","coordinates":[[6.9904041,46.2502974],[6.9908578,46.2497301],[6.991844,46.2484453],[6.9921463,46.2480165],[6.9925189,46.2475007],[6.993255,46.2464538]]}},{"type":"Feature","properties":{"highway":"motorway","int_ref":"E 62","lanes":"2","lit":"no","maxspeed":"100","oneway":"yes","ref":"A9","toll":"yes","carriage_ref":"f","opposite_carriage_ref":"e"},"geometry":{"type":"LineString","coordinates":[[6.7153848,46.5017707],[6.7141827,46.502526],[6.7137403,46.502802],[6.7129881,46.5032684]]}},{"type":"Feature","properties":{"bridge":"yes","highway":"motorway","int_ref":"E 35","lanes":"2","layer":"1","lit":"no","maxspeed":"80","oneway":"yes","ref":"A9","source":"yahoo-image","surface":"asphalt","carriage_ref":"l","opposite_carriage_ref":"k"},"geometry":{"type":"LineString","coordinates":[[9.0570278,45.8083582],[9.0571097,45.8084851]]}},{"type":"Feature","properties":{"highway":"motorway","int_ref":"E 35","lanes":"3","lit":"no","loc_name":"Autostrada Milano-Como-Chiasso","maxspeed":"130","name":"Autostrada Lainate-Como-Chiasso","oneway":"yes","ref":"A9","surface":"asphalt","toll":"no","carriage_ref":"l","opposite_carriage_ref":"k"},"geometry":{"type":"LineString","coordinates":[[9.0152147,45.655248],[9.0154526,45.6604887],[9.0161203,45.6722055],[9.016734,45.6833051]]}},{"type":"Feature","properties":{"highway":"motorway","int_ref":"E 23;E 25","lanes":"2","lit":"no","maxspeed":"120","oneway":"yes","ref":"A1;A9","surface":"asphalt","toll":"yes","carriage_ref":"f","opposite_carriage_ref":"e"},"geometry":{"type":"LineString","coordinates":[[6.5537078,46.5970621],[6.5536697,46.5985505],[6.5536762,46.5992293],[6.5537003,46.5998147],[6.5537241,46.6004163],[6.5537865,46.6011562],[6.5538718,46.6021051],[6.5539577,46.6027661],[6.5540547,46.6033961],[6.5542497,46.6045219],[6.5543683,46.6050993],[6.5544876,46.6056318],[6.5547462,46.6066632],[6.5549766,46.6074924],[6.5551618,46.6080931],[6.5553541,46.6086819],[6.555595,46.6093655],[6.5558234,46.6099936],[6.5560603,46.6105924],[6.5563204,46.6112091],[6.5569643,46.6126588],[6.557463,46.6137301],[6.5579247,46.6147421],[6.5585125,46.6160944],[6.5588817,46.6170279],[6.5592086,46.6179447],[6.5594795,46.6187635],[6.5596633,46.6193642],[6.5600249,46.6206787],[6.5601542,46.6212492],[6.5602778,46.6218046],[6.5603472,46.6221289],[6.5605835,46.623403],[6.5606273,46.623687],[6.5606972,46.6241856],[6.5608088,46.6251181],[6.5608554,46.6255742],[6.5608791,46.6258726]]}},{"type":"Feature","properties":{"highway":"motorway","int_ref":"E 35","lanes":"2","lit":"no","maxspeed":"80","oneway":"yes","ref":"A9","source":"yahoo-image","surface":"asphalt","carriage_ref":"l","opposite_carriage_ref":"k"},"geometry":{"type":"LineString","coordinates":[[9.0585214,45.815414],[9.0580824,45.8159109],[9.0579008,45.8161813]]}},{"type":"Feature","properties":{"highway":"motorway","int_ref":"E 62","lanes":"2","lit":"no","maxspeed":"100","oneway":"yes","ref":"A9","source":"cadastre-dgi-fr source : Direction Générale des Impôts - Cadastre;mise à jour : 2009","toll":"yes","carriage_ref":"e","opposite_carriage_ref":"f"},"geometry":{"type":"LineString","coordinates":[[6.6913973,46.5168799],[6.6932401,46.5166167]]}},{"type":"Feature","properties":{"destination":"Lausanne","highway":"motorway","int_ref":"E 62","lanes":"2","lit":"no","maxheight":"4","maxspeed":"120","oneway":"yes","ref":"A9","toll":"yes","carriage_ref":"f","opposite_carriage_ref":"e"},"geometry":{"type":"LineString","coordinates":[[6.8641388,46.4735173],[6.8633242,46.4741487],[6.862889,46.4744473],[6.8624524,46.4747158],[6.8620592,46.4749516],[6.8617079,46.4751315],[6.8613326,46.4753179]]}},{"type":"Feature","properties":{"highway":"motorway","int_ref":"E 27;E 62","lanes":"2","layer":"1","lit":"no","maxspeed":"100","oneway":"yes","ref":"A9","toll":"yes","carriage_ref":"e","opposite_carriage_ref":"f"},"geometry":{"type":"LineString","coordinates":[[6.9303454,46.4221181],[6.9303034,46.421869]]}},{"type":"Feature","properties":{"highway":"motorway","int_ref":"E 62","lanes":"2","lit":"no","maxspeed":"100","oneway":"yes","ref":"A9","toll":"yes","carriage_ref":"e","opposite_carriage_ref":"f"},"geometry":{"type":"LineString","coordinates":[[6.6984705,46.515074],[6.6991665,46.5147096],[6.6996898,46.5143962],[6.7000856,46.5141353]]}},{"type":"Feature","properties":{"bridge":"yes","highway":"motorway","int_ref":"E 62","lanes":"2","layer":"1","lit":"no","maxspeed":"120","oneway":"yes","ref":"A9","toll":"yes","carriage_ref":"f","opposite_carriage_ref":"e"},"geometry":{"type":"LineString","coordinates":[[6.8001854,46.4765474],[6.7997426,46.4766386],[6.7993871,46.4767171],[6.7986587,46.4769196],[6.7982308,46.4770629]]}},{"type":"Feature","properties":{"highway":"motorway","int_ref":"E 62","lanes":"2","layer":"-1","maxspeed":"100","name":"Tunnel Turtmann","oneway":"yes","ref":"A9","surface":"asphalt","toll":"yes","tunnel":"yes","tunnel:alt_name":"Überdeckelung Turtmann","tunnel:name":"Turtmann","carriage_ref":"g","opposite_carriage_ref":"h"},"geometry":{"type":"LineString","coordinates":[[7.6877714,46.3068274],[7.69691,46.3085274],[7.6993862,46.3088792],[7.7010632,46.3090768],[7.7029785,46.309211],[7.7044564,46.3092931]]}},{"type":"Feature","properties":{"highway":"motorway","int_ref":"E 62","lanes":"3","lit":"no","maxspeed":"120","oneway":"yes","ref":"A9","toll":"yes","carriage_ref":"f","opposite_carriage_ref":"e"},"geometry":{"type":"LineString","coordinates":[[6.6485179,46.5426285],[6.6480806,46.5426942],[6.6474518,46.5427674],[6.6470264,46.5427944],[6.6465475,46.5428193]]}},{"type":"Feature","properties":{"highway":"motorway","int_ref":"E 62","lanes":"2","lit":"no","maxspeed":"120","oneway":"yes","ref":"A9","toll":"yes","carriage_ref":"e","opposite_carriage_ref":"f"},"geometry":{"type":"LineString","coordinates":[[7.3817647,46.2348849],[7.3827632,46.2355135],[7.3834331,46.2359169],[7.3839229,46.2361984],[7.3850009,46.2367949],[7.3858422,46.2372272],[7.3865914,46.2376017],[7.3871378,46.2378611],[7.3874245,46.2379906]]}},{"type":"Feature","properties":{"highway":"motorway","int_ref":"E 35","lanes":"2","lit":"no","maxspeed":"40","nat_ref":"A8","oneway":"yes","ref":"A9","source:maxspeed":"GPS survey 08.2017. Sign","surface":"asphalt","carriage_ref":"l","opposite_carriage_ref":"k"},"geometry":{"type":"LineString","coordinates":[[9.0413546,45.8411954],[9.0410658,45.8412071],[9.0408052,45.8411875],[9.040598,45.8411911],[9.0401745,45.8413058],[9.040011,45.8413501],[9.0391431,45.8414695],[9.0387064,45.8415311]]}},{"type":"Feature","properties":{"destination":"Sion-est","highway":"motorway","int_ref":"E 62","lanes":"2","lit":"no","maxspeed":"120","oneway":"yes","ref":"A9","toll":"yes","carriage_ref":"e","opposite_carriage_ref":"f"},"geometry":{"type":"LineString","coordinates":[[7.3468128,46.2207127],[7.3485192,46.2210491]]}},{"type":"Feature","properties":{"bridge":"yes","highway":"motorway","int_ref":"E 62","lanes":"2","layer":"1","lit":"no","maxspeed":"120","oneway":"yes","ref":"A9","toll":"yes","carriage_ref":"e","opposite_carriage_ref":"f"},"geometry":{"type":"LineString","coordinates":[[7.3067309,46.2129844],[7.3077889,46.2130037]]}},{"type":"Feature","properties":{"highway":"motorway","int_ref":"E 35","lanes":"2","lit":"no","maxspeed":"60","name":"Autostrada Lainate-Como-Chiasso","oneway":"yes","ref":"A9","surface":"asphalt","toll":"yes","carriage_ref":"l","opposite_carriage_ref":"k"},"geometry":{"type":"LineString","coordinates":[[9.0491965,45.7729847],[9.0495684,45.7738287]]}},{"type":"Feature","properties":{"bridge":"yes","check_date:lit":"2020-11-15","highway":"motorway","int_ref":"E 62","lanes":"3","layer":"1","lit":"no","maxspeed":"120","oneway":"yes","ref":"A9","toll":"yes","carriage_ref":"f","opposite_carriage_ref":"e"},"geometry":{"type":"LineString","coordinates":[[6.6206982,46.5512778],[6.6204271,46.5513346],[6.6201664,46.5513873]]}},{"type":"Feature","properties":{"bridge":"yes","highway":"motorway","int_ref":"E 27;E 62","lanes":"2","layer":"1","lit":"no","maxspeed":"120","oneway":"yes","ref":"A9","toll":"yes","carriage_ref":"f","opposite_carriage_ref":"e"},"geometry":{"type":"LineString","coordinates":[[7.0689178,46.1193359],[7.0687265,46.1194831]]}},{"type":"Feature","properties":{"highway":"motorway","int_ref":"E 23;E 25","lanes":"2","lit":"no","maxspeed":"120","oneway":"yes","ref":"A1;A9","surface":"asphalt","toll":"yes","carriage_ref":"e","opposite_carriage_ref":"f"},"geometry":{"type":"LineString","coordinates":[[6.5756594,46.6996861],[6.5753344,46.6990064],[6.5750429,46.6983367],[6.5748677,46.6978951],[6.5747061,46.6974231]]}},{"type":"Feature","properties":{"highway":"motorway","int_ref":"E 62","lanes":"3","lit":"no","maxspeed":"120","oneway":"yes","ref":"A9","toll":"yes","carriage_ref":"f","opposite_carriage_ref":"e"},"geometry":{"type":"LineString","coordinates":[[6.5977845,46.5568627],[6.5971372,46.5575732],[6.5963926,46.5583069],[6.5959989,46.5586375],[6.5955982,46.5589299],[6.5951387,46.5592314],[6.5946616,46.5594993],[6.5942175,46.5597252],[6.5938052,46.5599078],[6.5934402,46.5600523]]}},{"type":"Feature","properties":{"highway":"motorway","int_ref":"E 35","lanes":"2","lit":"no","maxspeed":"130","name":"Autostrada Lainate-Como-Chiasso","oneway":"yes","ref":"A9","surface":"asphalt","toll":"yes","carriage_ref":"l","opposite_carriage_ref":"k"},"geometry":{"type":"LineString","coordinates":[[9.049604,45.7739393],[9.0497119,45.7746269],[9.0496518,45.7753816],[9.0497733,45.7757502],[9.049921,45.7761983],[9.0504406,45.7780835],[9.0506449,45.778763]]}},{"type":"Feature","properties":{"bridge":"yes","bridge:name":"Viadotto Fati","highway":"motorway","int_ref":"E 35","lanes":"2","layer":"1","lit":"no","maxspeed":"80","oneway":"yes","ref":"A9","surface":"asphalt","carriage_ref":"l","opposite_carriage_ref":"k"},"geometry":{"type":"LineString","coordinates":[[9.0411567,45.8317875],[9.0410899,45.832019],[9.0410418,45.8322335],[9.0410123,45.8324559],[9.0409936,45.8327456],[9.0409936,45.8329549],[9.0410097,45.8331717],[9.0410392,45.8333997],[9.0410848,45.8336127],[9.0411518,45.8338482],[9.0412171,45.8340616]]}},{"type":"Feature","properties":{"highway":"motorway","int_ref":"E 62","lanes":"3","maxspeed":"100","oneway":"yes","ref":"A9","surface":"asphalt","toll":"yes","turn:lanes":"through|through|slight_right","carriage_ref":"j","opposite_carriage_ref":"i"},"geometry":{"type":"LineString","coordinates":[[7.933758,46.2995593],[7.9328913,46.2991688],[7.9319518,46.2987876]]}},{"type":"Feature","properties":{"bridge":"yes","highway":"motorway","int_ref":"E 27;E 62","lanes":"2","layer":"1","lit":"no","maxspeed":"120","oneway":"yes","ref":"A9","toll":"yes","carriage_ref":"e","opposite_carriage_ref":"f"},"geometry":{"type":"LineString","coordinates":[[7.0261896,46.1735953],[7.0262164,46.1734036]]}},{"type":"Feature","properties":{"bridge":"yes","destination":"Simplon;Gd-St-Bernard;Martigny;Montreux","highway":"motorway","int_ref":"E 62","lanes":"2","layer":"1","lit":"no","maxspeed":"100","oneway":"yes","ref":"A9","toll":"yes","carriage_ref":"e","opposite_carriage_ref":"f"},"geometry":{"type":"LineString","coordinates":[[6.8577764,46.4762706],[6.8580889,46.4762358],[6.8583006,46.4761979]]}},{"type":"Feature","properties":{"avz":"149","cs_dir:forward":"1","highway":"motorway","int_ref":"E 23;E 25","lanes":"2","lit":"no","maxspeed":"120","oneway":"yes","ref":"A1;A9","ssvz":"822N","toll":"yes","carriage_ref":"f","opposite_carriage_ref":"e"},"geometry":{"type":"LineString","coordinates":[[6.5575822,46.5699207],[6.5571969,46.5715925]]}},{"type":"Feature","properties":{"highway":"motorway","int_ref":"E 23;E 25","lanes":"2","lit":"no","maxspeed":"120","oneway":"yes","ref":"A1;A9","surface":"asphalt","toll":"yes","carriage_ref":"e","opposite_carriage_ref":"f"},"geometry":{"type":"LineString","coordinates":[[6.5720751,46.6560479],[6.5719858,46.6557411],[6.5717924,46.6552204],[6.5715377,46.6546425],[6.5712564,46.6540918],[6.5710103,46.6536529],[6.5707545,46.6532362],[6.5705072,46.652859],[6.5701177,46.6522927],[6.5693774,46.6512342],[6.5689668,46.6506953],[6.568376,46.6500303],[6.56741021991,46.64878805382],[6.5665733707,46.64768329122],[6.5658672,46.6466805]]}},{"type":"Feature","properties":{"highway":"motorway","int_ref":"E 62","lanes":"2","lit":"no","maxspeed":"120","oneway":"yes","ref":"A9","toll":"yes","carriage_ref":"f","opposite_carriage_ref":"e"},"geometry":{"type":"LineString","coordinates":[[7.4202291,46.2459151],[7.4193129,46.2456857],[7.4180358,46.2453766],[7.4162112,46.2449805],[7.4152425,46.2447781],[7.4137452,46.2444921],[7.4125013,46.2442654],[7.4116978,46.2441241],[7.4090368,46.2436628]]}},{"type":"Feature","properties":{"highway":"motorway","int_ref":"E 27;E 62","lanes":"2","lit":"no","maxspeed":"120","oneway":"yes","ref":"A9","toll":"yes","carriage_ref":"e","opposite_carriage_ref":"f"},"geometry":{"type":"LineString","coordinates":[[6.9765911,46.2656269],[6.9768916,46.2652241],[6.9775999,46.2643292],[6.9782282,46.2635301],[6.9791934,46.2623748],[6.9797353,46.2617553],[6.9801735,46.2612585],[6.9806934,46.2606878],[6.9810962,46.2602457],[6.9816406,46.2596623],[6.9825504,46.2587091],[6.9843109,46.2569423],[6.9852803,46.2559743],[6.986398,46.2548443],[6.9868157,46.2544081],[6.9884786,46.2525974],[6.9896523,46.251233],[6.9902971,46.2504363],[6.9904041,46.2502974]]}},{"type":"Feature","properties":{"highway":"motorway","int_ref":"E 27;E 62","lanes":"2","lit":"no","maxspeed":"120","oneway":"yes","ref":"A9","toll":"yes","carriage_ref":"f","opposite_carriage_ref":"e"},"geometry":{"type":"LineString","coordinates":[[6.9107254,46.4420681],[6.9100116,46.4423004],[6.909435,46.4425078],[6.9090032,46.4426799],[6.9083829,46.4429394],[6.9078519,46.4431756],[6.9071751,46.4435099],[6.9065794,46.4438195],[6.9063578,46.4439483],[6.9059335,46.4441951],[6.9054356,46.4445106],[6.9048836,46.4448805],[6.9045047,46.4451571],[6.9039875,46.445555],[6.903489,46.4459679],[6.9030078,46.4464114],[6.9025533,46.446866],[6.9021555,46.4472975],[6.9018668,46.4476343],[6.901565,46.4480119],[6.9012072,46.4484899],[6.9005174,46.4494978],[6.9002266,46.4498987],[6.9000213,46.4501955],[6.8998579,46.4503959],[6.8994193,46.4509483],[6.8990002,46.4514173],[6.8987559,46.4516649],[6.8984765,46.4519219]]}},{"type":"Feature","properties":{"highway":"motorway","int_ref":"E 27;E 62","lanes":"2","lit":"no","maxspeed":"120","oneway":"yes","ref":"A9","toll":"yes","carriage_ref":"f","opposite_carriage_ref":"e"},"geometry":{"type":"LineString","coordinates":[[7.0158227,46.200203],[7.0151448,46.2008964],[7.0145518,46.2015315]]}},{"type":"Feature","properties":{"bridge":"yes","highway":"motorway","lanes":"1","layer":"1","lit":"no","maxspeed":"80","oneway":"yes","ref":"A9","toll":"yes","carriage_ref":"e","opposite_carriage_ref":"f"},"geometry":{"type":"LineString","coordinates":[[6.5587719,46.5629717],[6.5590514,46.56282],[6.5593631,46.5627055],[6.5597184,46.5626078],[6.5600366,46.5625552],[6.5603568,46.5625305]]}},{"type":"Feature","properties":{"bridge":"yes","highway":"motorway","int_ref":"E 62","lanes":"3","layer":"1","lit":"no","maxspeed":"120","oneway":"yes","ref":"A9","toll":"yes","carriage_ref":"e","opposite_carriage_ref":"f"},"geometry":{"type":"LineString","coordinates":[[6.577588,46.5629324],[6.578078,46.562815]]}},{"type":"Feature","properties":{"bridge":"yes","highway":"motorway","int_ref":"E 62","lanes":"2","layer":"1","lit":"no","maxspeed":"100","oneway":"yes","ref":"A9","toll":"yes","carriage_ref":"e","opposite_carriage_ref":"f"},"geometry":{"type":"LineString","coordinates":[[6.6810645,46.5238939],[6.6812739,46.5233697]]}},{"type":"Feature","properties":{"avz":"201","bridge":"yes","cs_dir:forward":"1","highway":"motorway","int_ref":"E 62","lanes":"2","layer":"1","lit":"no","maxspeed":"120","oneway":"yes","ref":"A9","ssvz":"985N","toll":"yes","carriage_ref":"e","opposite_carriage_ref":"f"},"geometry":{"type":"LineString","coordinates":[[7.3874245,46.2379906],[7.3880925,46.2382972],[7.3888301,46.2386184],[7.3895118,46.2388966]]}},{"type":"Feature","properties":{"highway":"motorway","int_ref":"E 23;E 25","lanes":"2","lit":"no","maxspeed":"120","oneway":"yes","ref":"A1;A9","toll":"yes","carriage_ref":"e","opposite_carriage_ref":"f"},"geometry":{"type":"LineString","coordinates":[[6.5574294,46.5698742],[6.5577467,46.5685057]]}},{"type":"Feature","properties":{"highway":"motorway","int_ref":"E 35","lanes":"2","layer":"-1","lit":"24/7","maxspeed":"80","name":"Galleria Monte Olimpino","oneway":"yes","ref":"A9","source":"yahoo-image","surface":"asphalt","tunnel":"yes","carriage_ref":"l","opposite_carriage_ref":"k"},"geometry":{"type":"LineString","coordinates":[[9.0498209,45.8226969],[9.0475606,45.8237489],[9.0460857,45.8248755],[9.0454542,45.8256088]]}},{"type":"Feature","properties":{"highway":"motorway","int_ref":"E 35","lanes":"3","lit":"no","loc_name":"Autostrada Milano-Como-Chiasso","maxspeed":"130","name":"Autostrada Lainate-Como-Chiasso","oneway":"yes","ref":"A9","surface":"asphalt","toll":"no","carriage_ref":"l","opposite_carriage_ref":"k"},"geometry":{"type":"LineString","coordinates":[[9.012439,45.6045046],[9.0124795,45.6050199],[9.0128481,45.6087684],[9.0130313,45.6112355],[9.0130619,45.6117083],[9.0135258,45.6219203],[9.0136471,45.6241619],[9.0137503,45.6274453]]}},{"type":"Feature","properties":{"highway":"motorway","int_ref":"E 62","lanes":"3","lit":"no","maxspeed":"120","oneway":"yes","ref":"A9","toll":"yes","carriage_ref":"e","opposite_carriage_ref":"f"},"geometry":{"type":"LineString","coordinates":[[6.593357,46.5599479],[6.5937504,46.5597878],[6.5941585,46.5596117],[6.5946031,46.5593802],[6.5950673,46.5591213],[6.5955162,46.5588337],[6.5959093,46.5585268],[6.5963018,46.5581944],[6.5970377,46.5574665],[6.5976607,46.5567712]]}},{"type":"Feature","properties":{"highway":"motorway","int_ref":"E 27;E 62","lanes":"2","lit":"no","maxspeed":"120","oneway":"yes","ref":"A9","toll":"yes","carriage_ref":"e","opposite_carriage_ref":"f"},"geometry":{"type":"LineString","coordinates":[[6.9946438,46.2442853],[6.9954912,46.2428517],[6.9960484,46.2418431],[6.9971875,46.2397221],[6.9976494,46.2389406],[6.9979094,46.2385422],[6.9982121,46.2381061],[6.9985239,46.2376953],[6.998839,46.2373144],[6.9992314,46.2368657],[6.9996722,46.2364153],[7.0002423,46.2358633],[7.0010526,46.2351329],[7.0015035,46.2347039]]}},{"type":"Feature","properties":{"highway":"motorway","int_ref":"E 62","lanes":"2","lit":"no","maxspeed":"120","oneway":"yes","ref":"A9","toll":"yes","carriage_ref":"e","opposite_carriage_ref":"f"},"geometry":{"type":"LineString","coordinates":[[6.7377999,46.4988654],[6.7379585,46.4987921],[6.7384067,46.4985656],[6.7392059,46.4981462],[6.7396907,46.4979114],[6.7402178,46.4976773],[6.7405886,46.4975352],[6.7410257,46.4973856],[6.7416377,46.4972323],[6.7419604,46.4971654],[6.7423137,46.4971047],[6.7430747,46.4970057],[6.7435211,46.4969607],[6.744812,46.4968406],[6.7456846,46.4967214]]}},{"type":"Feature","properties":{"highway":"motorway","int_ref":"E 62","lanes":"2","lit":"no","maxspeed":"120","oneway":"yes","ref":"A9","toll":"yes","carriage_ref":"e","opposite_carriage_ref":"f"},"geometry":{"type":"LineString","coordinates":[[7.3895118,46.2388966],[7.3904715,46.2392687],[7.3911551,46.2395231],[7.3919098,46.2397925],[7.392996,46.2401527],[7.3940732,46.2404968],[7.3951832,46.240819],[7.3961511,46.2410697],[7.3973445,46.2413632],[7.3986822,46.2416644],[7.3995887,46.2418627],[7.4004833,46.2420467],[7.4015984,46.2422558],[7.4029789,46.2425067],[7.4052447,46.2429048],[7.4063208,46.2430865]]}},{"type":"Feature","properties":{"highway":"trunk","int_ref":"E 23","lanes":"2","lit":"no","maxspeed":"80","oneway":"yes","ref":"A9","toll":"yes","turn:lanes":"merge_to_right|none","carriage_ref":"c","opposite_carriage_ref":"d"},"geometry":{"type":"LineString","coordinates":[[6.5044123,46.7374277],[6.5045606,46.7375945],[6.5047139,46.7377564],[6.5048567,46.7378959],[6.5050148,46.7380436],[6.5051804,46.7381887],[6.5053073,46.7382943],[6.5054371,46.7383995],[6.5055652,46.7384971],[6.5056961,46.7385936],[6.5058873,46.7387276],[6.5060877,46.7388587]]}},{"type":"Feature","properties":{"bridge":"yes","highway":"motorway","int_ref":"E 62","lanes":"2","layer":"1","lit":"no","maxspeed":"120","oneway":"yes","ref":"A9","toll":"yes","carriage_ref":"e","opposite_carriage_ref":"f"},"geometry":{"type":"LineString","coordinates":[[7.219747,46.1761949],[7.2199917,46.1763542]]}},{"type":"Feature","properties":{"bridge":"yes","highway":"motorway","int_ref":"E 62","lanes":"2","layer":"1","lit":"no","maxspeed":"120","oneway":"yes","ref":"A9","toll":"yes","carriage_ref":"e","opposite_carriage_ref":"f"},"geometry":{"type":"LineString","coordinates":[[6.802645,46.4760566],[6.8036062,46.4758526],[6.8049899,46.4754912],[6.8054561,46.4753792],[6.8063485,46.4751942],[6.8070841,46.4750809]]}},{"type":"Feature","properties":{"highway":"motorway","int_ref":"E 27;E 62","lanes":"2","lit":"no","maxspeed":"120","oneway":"yes","ref":"A9","toll":"yes","carriage_ref":"f","opposite_carriage_ref":"e"},"geometry":{"type":"LineString","coordinates":[[6.9376419,46.3950221],[6.9375744,46.3952566],[6.9374929,46.3955106],[6.9374148,46.3957309],[6.9373051,46.3959832],[6.937186,46.3962352],[6.9370304,46.3965212],[6.9369246,46.3966939],[6.9367882,46.3969082],[6.9365791,46.397182],[6.9363786,46.3974102],[6.9361504,46.3976498],[6.9353371,46.3984062],[6.9350576,46.3986737],[6.9347296,46.3990267],[6.9345795,46.3992243],[6.9344717,46.3993897],[6.9342577,46.3997359],[6.9341167,46.4000568],[6.9340076,46.4004058],[6.9339221,46.4007606],[6.9338838,46.401038],[6.9338556,46.4012804],[6.9338384,46.4015762],[6.9338537,46.4018738]]}},{"type":"Feature","properties":{"avz":"116","cs_dir:forward":"2","highway":"motorway","int_ref":"E 62","lanes":"2","layer":"-1","lit":"yes","maxspeed":"100","name":"Tunnel de Chauderon","oneway":"yes","ref":"A9","ssvz":"773N","toll":"yes","tunnel":"yes","tunnel:name":"Chaudron","carriage_ref":"f","opposite_carriage_ref":"e"},"geometry":{"type":"LineString","coordinates":[[6.7173094,46.5006011],[6.7153848,46.5017707]]}},{"type":"Feature","properties":{"highway":"motorway","int_ref":"E 27;E 62","lanes":"2","lit":"no","maxspeed":"120","oneway":"yes","ref":"A9","toll":"yes","carriage_ref":"e","opposite_carriage_ref":"f"},"geometry":{"type":"LineString","coordinates":[[6.9694574,46.2774876],[6.9695777,46.2772277],[6.9703469,46.275644],[6.9706909,46.2749732],[6.971201,46.2739902],[6.9714598,46.2735176],[6.9719447,46.2726354],[6.972843,46.2711171],[6.9735945,46.2699068],[6.974192,46.2690043],[6.9748667,46.2680025],[6.975958,46.2664746]]}},{"type":"Feature","properties":{"highway":"motorway","int_ref":"E 27;E 62","lanes":"2","lit":"no","maxspeed":"120","oneway":"yes","ref":"A9","toll":"yes","carriage_ref":"f","opposite_carriage_ref":"e"},"geometry":{"type":"LineString","coordinates":[[7.0015379,46.2348658],[7.0011375,46.2352329],[7.000422,46.2358794],[6.9997276,46.2365448],[6.999311,46.2369803],[6.9989748,46.2373597],[6.9986678,46.2377286],[6.998389,46.2380934],[6.9980435,46.238582],[6.9977075,46.2391117],[6.997335,46.2397518],[6.9961844,46.2418841],[6.9956778,46.2428105],[6.9947911,46.2443284]]}},{"type":"Feature","properties":{"bridge":"yes","highway":"motorway","int_ref":"E 62","lanes":"2","layer":"1","lit":"no","maxspeed":"120","oneway":"yes","ref":"A9","toll":"yes","carriage_ref":"f","opposite_carriage_ref":"e"},"geometry":{"type":"LineString","coordinates":[[6.6764185,46.5329402],[6.6758367,46.5333815],[6.6751726,46.5338421],[6.6747391,46.5341031],[6.6742842,46.534343],[6.6739596,46.5345026]]}},{"type":"Feature","properties":{"bridge":"yes","highway":"motorway","int_ref":"E 62","lanes":"2","layer":"1","lit":"no","maxspeed":"120","oneway":"yes","ref":"A9","toll":"yes","carriage_ref":"f","opposite_carriage_ref":"e"},"geometry":{"type":"LineString","coordinates":[[7.3076951,46.2131041],[7.3067025,46.2130875]]}},{"type":"Feature","properties":{"destination":"Bex","highway":"motorway","int_ref":"E 27;E 62","lanes":"2","lit":"no","maxspeed":"120","oneway":"yes","ref":"A9","toll":"yes","carriage_ref":"e","opposite_carriage_ref":"f"},"geometry":{"type":"LineString","coordinates":[[6.9674724,46.2815174],[6.9678336,46.280831],[6.9681418,46.2802314],[6.9683658,46.2797773],[6.9691831,46.2780873],[6.9694574,46.2774876]]}},{"type":"Feature","properties":{"bridge":"yes","highway":"motorway","int_ref":"E 62","layer":"1","lit":"no","maxspeed":"100","oneway":"yes","ref":"A9","toll":"yes","carriage_ref":"e","opposite_carriage_ref":"f"},"geometry":{"type":"LineString","coordinates":[[6.7526038,46.4931645],[6.7530937,46.4930048],[6.7535853,46.4928532],[6.7539581,46.4927616],[6.7544166,46.4926748]]}},{"type":"Feature","properties":{"highway":"motorway","int_ref":"E 23","lanes":"3","lit":"no","maxspeed":"120","oneway":"yes","ref":"A9","toll":"yes","carriage_ref":"f","opposite_carriage_ref":"e"},"geometry":{"type":"LineString","coordinates":[[6.535204,46.7429446],[6.5349608,46.7430013],[6.5347237,46.7430522],[6.5343428,46.7431235],[6.5339541,46.7431904],[6.5335958,46.7432475]]}},{"type":"Feature","properties":{"bridge":"yes","highway":"motorway","int_ref":"E 27;E 62","lanes":"2","layer":"1","lit":"no","maxspeed":"100","oneway":"yes","ref":"A9","toll":"yes","carriage_ref":"e","opposite_carriage_ref":"f"},"geometry":{"type":"LineString","coordinates":[[7.0054914,46.2227119],[7.006095,46.2217541]]}},{"type":"Feature","properties":{"bridge":"yes","highway":"motorway","int_ref":"E 62","lanes":"2","layer":"1","lit":"no","maxspeed":"100","oneway":"yes","ref":"A9","toll":"yes","carriage_ref":"e","opposite_carriage_ref":"f"},"geometry":{"type":"LineString","coordinates":[[6.6949236,46.5163071],[6.6952771,46.5162197],[6.6956493,46.5161227],[6.6960778,46.5159945],[6.6965323,46.5158453],[6.6970598,46.5156593],[6.6975824,46.5154625],[6.6978682,46.5153485],[6.6981595,46.5152203]]}},{"type":"Feature","properties":{"highway":"motorway","int_ref":"E 62","lanes":"2","lit":"no","maxspeed":"120","oneway":"yes","ref":"A9","surface":"asphalt","toll":"yes","carriage_ref":"f","opposite_carriage_ref":"e"},"geometry":{"type":"LineString","coordinates":[[7.0948074,46.1143538],[7.093853,46.1141791],[7.0930204,46.1140478],[7.0922716,46.1139479],[7.091226,46.1138338],[7.0901675,46.1137539],[7.0893634,46.1137062]]}},{"type":"Feature","properties":{"highway":"motorway","int_ref":"E 23;E 25","lanes":"2","lit":"no","maxspeed":"120","oneway":"yes","ref":"A1;A9","surface":"asphalt","toll":"yes","carriage_ref":"e","opposite_carriage_ref":"f"},"geometry":{"type":"LineString","coordinates":[[6.5789456,46.7066995],[6.578769,46.7060895],[6.5785518,46.7054733],[6.578317,46.7049019],[6.5781434,46.7045018],[6.5780388,46.7042745],[6.5779673,46.7041155],[6.5775024,46.7031931],[6.5767717,46.7018155],[6.576053,46.7004673],[6.5756594,46.6996861]]}},{"type":"Feature","properties":{"highway":"motorway","int_ref":"E 35","lanes":"3","lit":"no","maxspeed":"130","name":"Autostrada Lainate-Como-Chiasso","oneway":"yes","ref":"A9","surface":"asphalt","toll":"no","carriage_ref":"k","opposite_carriage_ref":"l"},"geometry":{"type":"LineString","coordinates":[[9.0218464,45.7065927],[9.0199389,45.6998727]]}},{"type":"Feature","properties":{"bicycle":"no","foot":"no","highway":"motorway","horse":"no","int_ref":"E 62","lanes":"3","lit":"no","maxspeed":"100","oneway":"yes","ref":"A9","surface":"asphalt","toll":"yes","carriage_ref":"f","opposite_carriage_ref":"e"},"geometry":{"type":"LineString","coordinates":[[6.7129881,46.5032684],[6.7122925,46.5036999],[6.7116223,46.5041287],[6.7112223,46.5043894],[6.710824,46.5046709],[6.7104361,46.5049791],[6.710089,46.5052783],[6.7098882,46.5054661],[6.709617,46.5057389],[6.7093116,46.5060824],[6.7089263,46.5065595],[6.7085223,46.5070707],[6.7079719,46.5077015],[6.7076015,46.5080612],[6.7072709,46.508357],[6.706862,46.5086602],[6.7065438,46.5088634],[6.7062454,46.5090444]]}},{"type":"Feature","properties":{"bridge":"yes","highway":"motorway","int_ref":"E 27;E 62","lanes":"2","layer":"1","lit":"no","maxspeed":"100","oneway":"yes","ref":"A9","toll":"yes","carriage_ref":"e","opposite_carriage_ref":"f"},"geometry":{"type":"LineString","coordinates":[[6.8898239,46.4561552],[6.8904471,46.4559598]]}},{"type":"Feature","properties":{"bridge":"yes","highway":"motorway","int_ref":"E 62","lanes":"2","layer":"1","lit":"no","maxspeed":"120","oneway":"yes","ref":"A9","toll":"yes","carriage_ref":"f","opposite_carriage_ref":"e"},"geometry":{"type":"LineString","coordinates":[[6.6592817,46.5386094],[6.6590431,46.538706]]}},{"type":"Feature","properties":{"highway":"motorway","int_ref":"E 62","lanes":"2","lit":"no","maxspeed":"120","oneway":"yes","ref":"A9","toll":"yes","carriage_ref":"e","opposite_carriage_ref":"f"},"geometry":{"type":"LineString","coordinates":[[6.6538121,46.540679],[6.655995,46.5397992],[6.6589613,46.5386132]]}},{"type":"Feature","properties":{"highway":"motorway","int_ref":"E 35","lanes":"2","lit":"no","maxspeed":"60","nat_ref":"A8","oneway":"yes","ref":"A9","surface":"asphalt","carriage_ref":"l","opposite_carriage_ref":"k"},"geometry":{"type":"LineString","coordinates":[[9.044834,45.8393511],[9.0445099,45.8397491],[9.0442105,45.8400431],[9.0439772,45.8402436],[9.0437167,45.8404319],[9.0434107,45.8406169]]}},{"type":"Feature","properties":{"destination":"Sion-ouest","highway":"motorway","int_ref":"E 62","lanes":"2","lit":"no","maxspeed":"120","oneway":"yes","ref":"A9","toll":"yes","carriage_ref":"e","opposite_carriage_ref":"f"},"geometry":{"type":"LineString","coordinates":[[7.2918244,46.2124387],[7.2932389,46.2125751],[7.2944482,46.2126676],[7.2962876,46.2127764]]}},{"type":"Feature","properties":{"bridge":"yes","highway":"motorway","int_ref":"E 27;E 62","lanes":"2","layer":"1","lit":"no","maxspeed":"120","oneway":"yes","ref":"A9","toll":"yes","carriage_ref":"f","opposite_carriage_ref":"e"},"geometry":{"type":"LineString","coordinates":[[7.0263809,46.1811776],[7.0263845,46.1814657]]}},{"type":"Feature","properties":{"highway":"motorway","int_ref":"E 23","lanes":"2","lit":"no","maxspeed":"100","oneway":"yes","ref":"A9","surface":"asphalt","toll":"yes","carriage_ref":"e","opposite_carriage_ref":"f"},"geometry":{"type":"LineString","coordinates":[[6.5591059,46.7298689],[6.5606924,46.7296415],[6.5616483,46.729507],[6.5624889,46.7293872]]}},{"type":"Feature","properties":{"bridge":"yes","highway":"motorway","int_ref":"E 62","lanes":"2","layer":"1","lit":"no","maxspeed":"100","oneway":"yes","ref":"A9","toll":"yes","carriage_ref":"f","opposite_carriage_ref":"e"},"geometry":{"type":"LineString","coordinates":[[6.7708908,46.48722],[6.7703156,46.4874569]]}},{"type":"Feature","properties":{"highway":"motorway","int_ref":"E 35","lanes":"3","lit":"no","loc_name":"Autostrada Milano-Como-Chiasso","maxspeed":"130","name":"Autostrada Lainate-Como-Chiasso","oneway":"yes","ref":"A9","shoulder":"right","surface":"asphalt","toll":"no","carriage_ref":"l","opposite_carriage_ref":"k"},"geometry":{"type":"LineString","coordinates":[[9.0120379,45.5964563],[9.012413,45.6040008]]}},{"type":"Feature","properties":{"bridge":"yes","highway":"motorway","int_ref":"E 27;E 62","lanes":"2","layer":"1","lit":"no","maxspeed":"100","oneway":"yes","ref":"A9","toll":"yes","carriage_ref":"f","opposite_carriage_ref":"e"},"geometry":{"type":"LineString","coordinates":[[7.0065613,46.221517],[7.0058929,46.2225905]]}},{"type":"Feature","properties":{"highway":"motorway","int_ref":"E 35","lanes":"2","lit":"no","maxspeed":"80","oneway":"yes","ref":"A9","source":"yahoo-image","surface":"asphalt","carriage_ref":"l","opposite_carriage_ref":"k"},"geometry":{"type":"LineString","coordinates":[[9.0578476,45.816282],[9.0577527,45.816489],[9.0576991,45.8166629],[9.0576526,45.8168514],[9.0576316,45.8170333],[9.0575996,45.8173643]]}},{"type":"Feature","properties":{"bridge":"yes","highway":"motorway","int_ref":"E 23;E 25","lanes":"2","layer":"1","lit":"no","maxspeed":"120","oneway":"yes","ref":"A1;A9","surface":"asphalt","toll":"yes","carriage_ref":"f","opposite_carriage_ref":"e"},"geometry":{"type":"LineString","coordinates":[[6.5755076,46.7178282],[6.5743864,46.7188423],[6.5733298,46.7197712],[6.5722672,46.7207049]]}},{"type":"Feature","properties":{"bridge":"yes","highway":"motorway","int_ref":"E 62","lanes":"2","layer":"1","lit":"no","maxspeed":"120","oneway":"yes","ref":"A9","toll":"yes","carriage_ref":"f","opposite_carriage_ref":"e"},"geometry":{"type":"LineString","coordinates":[[7.2247451,46.1793773],[7.2234711,46.1786391],[7.2220195,46.1777759]]}},{"type":"Feature","properties":{"highway":"motorway","int_ref":"E 62","lanes":"3","lit":"no","maxspeed":"120","oneway":"yes","ref":"A9","toll":"yes","carriage_ref":"f","opposite_carriage_ref":"e"},"geometry":{"type":"LineString","coordinates":[[6.6217872,46.5510148],[6.6206982,46.5512778]]}},{"type":"Feature","properties":{"bridge":"yes","destination":"Vevey","highway":"motorway","int_ref":"E 27;E 62","lanes":"2","layer":"1","lit":"no","maxspeed":"120","oneway":"yes","ref":"A9","toll":"yes","carriage_ref":"f","opposite_carriage_ref":"e"},"geometry":{"type":"LineString","coordinates":[[6.8984765,46.4519219],[6.8979398,46.4523552],[6.8969817,46.4530352],[6.8965091,46.4533395]]}},{"type":"Feature","properties":{"highway":"motorway","int_ref":"E 62","lanes":"2","lit":"no","maxspeed":"120","oneway":"yes","ref":"A9","toll":"yes","carriage_ref":"e","opposite_carriage_ref":"f"},"geometry":{"type":"LineString","coordinates":[[6.6592009,46.5385201],[6.6611486,46.537739],[6.6620054,46.5373932],[6.6629615,46.5370224],[6.6637205,46.5367535],[6.6650864,46.5363596],[6.6658011,46.5362001],[6.6670144,46.5359957],[6.6691673,46.5357185],[6.6701205,46.5355867],[6.6707851,46.53545],[6.6714073,46.5352953],[6.6717481,46.5352016],[6.6724685,46.5349766],[6.6729098,46.5348182],[6.6733625,46.5346382],[6.6737189,46.5344812]]}},{"type":"Feature","properties":{"highway":"motorway","lanes":"1","maxspeed":"70","oneway":"yes","ref":"A9","toll":"yes","carriage_ref":"f","opposite_carriage_ref":"e"},"geometry":{"type":"LineString","coordinates":[[6.5603072,46.5633695],[6.5601773,46.5634379],[6.560067,46.5635097],[6.5599462,46.5635993],[6.5598339,46.5636898],[6.5597391,46.5637901],[6.5596187,46.5639287],[6.5595153,46.5640728],[6.559353,46.5643325],[6.5591881,46.5646293],[6.5590023,46.5650031],[6.5588,46.5654795],[6.5583157,46.5669064]]}},{"type":"Feature","properties":{"highway":"motorway","int_ref":"E 35","lanes":"2","layer":"-1","lit":"24/7","maxspeed":"80","name":"Galleria Villa Maria","oneway":"yes","ref":"A9","source":"yahoo-image","surface":"asphalt","tunnel":"yes","carriage_ref":"l","opposite_carriage_ref":"k"},"geometry":{"type":"LineString","coordinates":[[9.0585505,45.8104165],[9.0590687,45.8110286]]}},{"type":"Feature","properties":{"highway":"motorway","int_ref":"E 23;E 25","lanes":"2","lit":"no","maxspeed":"120","oneway":"yes","ref":"A1;A9","surface":"asphalt","toll":"yes","carriage_ref":"e","opposite_carriage_ref":"f"},"geometry":{"type":"LineString","coordinates":[[6.5535213,46.598567],[6.5535615,46.5970512],[6.5536343,46.5958604],[6.5537632,46.5938494],[6.5538828,46.592333],[6.5542584,46.5884821],[6.5547436,46.5845589]]}},{"type":"Feature","properties":{"destination":"Vevey","highway":"motorway","int_ref":"E 62","lanes":"2","lit":"no","maxspeed":"120","oneway":"yes","ref":"A9","toll":"yes","carriage_ref":"e","opposite_carriage_ref":"f"},"geometry":{"type":"LineString","coordinates":[[6.7670934,46.4888212],[6.7684901,46.488168]]}},{"type":"Feature","properties":{"bridge":"yes","bridge:name":"Viadotto Fati","highway":"motorway","int_ref":"E 35","lanes":"2","layer":"1","lit":"no","maxspeed":"80","oneway":"yes","ref":"A9","surface":"asphalt","carriage_ref":"k","opposite_carriage_ref":"l"},"geometry":{"type":"LineString","coordinates":[[9.0410933,45.8341142],[9.0409783,45.8336075],[9.0409239,45.8333402],[9.0409002,45.8331742],[9.0408863,45.8329235],[9.0408862,45.8327144],[9.0409157,45.8323631],[9.0409694,45.8320622],[9.0410499,45.8317569]]}},{"type":"Feature","properties":{"highway":"motorway","int_ref":"E 27;E 62","lanes":"2","lit":"no","maxspeed":"100","oneway":"yes","ref":"A9","toll":"yes","carriage_ref":"f","opposite_carriage_ref":"e"},"geometry":{"type":"LineString","coordinates":[[7.0122332,46.204334],[7.0119832,46.2047245],[7.011729,46.205123],[7.0113503,46.2057801],[7.0109848,46.206499],[7.0106567,46.2072217]]}},{"type":"Feature","properties":{"destination":"Sierre-est","highway":"motorway","int_ref":"E 62","lanes":"2","lit":"no","maxspeed":"120","oneway":"yes","ref":"A9","toll":"yes","carriage_ref":"e","opposite_carriage_ref":"f"},"geometry":{"type":"LineString","coordinates":[[7.5094374,46.2776837],[7.5100349,46.2778261],[7.510664,46.2779927],[7.5112427,46.2781598],[7.5117978,46.2783378],[7.5123232,46.2785201],[7.512766,46.2786922]]}},{"type":"Feature","properties":{"avz":"149","cs_dir:forward":"2","highway":"motorway","int_ref":"E 23;E 25","lanes":"2","lit":"no","maxspeed":"120","oneway":"yes","ref":"A1;A9","ssvz":"822N","toll":"yes","carriage_ref":"e","opposite_carriage_ref":"f"},"geometry":{"type":"LineString","coordinates":[[6.5570538,46.5715922],[6.5574294,46.5698742]]}},{"type":"Feature","properties":{"highway":"motorway","int_ref":"E 27;E 62","lanes":"3","lit":"no","maxspeed":"120","oneway":"yes","ref":"A9","toll":"yes","carriage_ref":"e","opposite_carriage_ref":"f"},"geometry":{"type":"LineString","coordinates":[[7.0223072,46.1927896],[7.0230817,46.191605]]}},{"type":"Feature","properties":{"bridge":"yes","highway":"motorway","int_ref":"E 23;E 25","lanes":"2","layer":"1","lit":"no","maxspeed":"120","oneway":"yes","ref":"A1;A9","surface":"asphalt","toll":"yes","carriage_ref":"e","opposite_carriage_ref":"f"},"geometry":{"type":"LineString","coordinates":[[6.5724288,46.6607823],[6.5724756,46.660521],[6.572507,46.6602362]]}},{"type":"Feature","properties":{"highway":"motorway","int_ref":"E 27;E 62","lanes":"2","lit":"yes","maxspeed":"100","oneway":"yes","ref":"A9","toll":"yes","carriage_ref":"f","opposite_carriage_ref":"e"},"geometry":{"type":"LineString","coordinates":[[7.0106567,46.2072217],[7.0103054,46.208151],[7.0099182,46.2095928]]}},{"type":"Feature","properties":{"destination:lanes":"Milano|Milano|Varese","destination:ref:lanes":"A 8;E 35;E 62|A 8;E 35;E 62|A 8;E62","highway":"motorway","int_ref":"E 35","lanes":"3","lit":"no","maxspeed":"130","name":"Autostrada Lainate-Como-Chiasso","oneway":"yes","ref":"A9","source:maxspeed":"GPS survey 08.2017. IT motorway","surface":"asphalt","toll":"no","last":"true","carriage_ref":"k","opposite_carriage_ref":"l"},"geometry":{"type":"LineString","coordinates":[[9.0111584,45.5818962],[9.0110769,45.5809152]]}},{"type":"Feature","properties":{"bridge":"yes","bridge:name":"Viadotto Bellinzona","highway":"motorway","int_ref":"E 35","lanes":"2","layer":"1","lit":"no","maxspeed":"80","oneway":"yes","ref":"A9","surface":"asphalt","carriage_ref":"l","opposite_carriage_ref":"k"},"geometry":{"type":"LineString","coordinates":[[9.0441664,45.8272255],[9.0432057,45.8284272]]}},{"type":"Feature","properties":{"highway":"motorway","int_ref":"E 35","lanes":"3","lit":"no","maxspeed":"130","name":"Autostrada Lainate-Como-Chiasso","oneway":"yes","ref":"A9","surface":"asphalt","toll":"yes","carriage_ref":"k","opposite_carriage_ref":"l"},"geometry":{"type":"LineString","coordinates":[[9.036891,45.7476699],[9.035651,45.7461636],[9.0341826,45.7443875],[9.0333237,45.7432688],[9.0325738,45.7420629],[9.0319658,45.7408488],[9.0315685,45.7398502]]}},{"type":"Feature","properties":{"highway":"trunk","int_ref":"E 23","lanes":"1","lit":"no","maxspeed":"80","oneway":"yes","ref":"A9","toll":"yes","last":"true","carriage_ref":"c","opposite_carriage_ref":"d"},"geometry":{"type":"LineString","coordinates":[[6.5060877,46.7388587],[6.5063461,46.7390101],[6.5065968,46.7391418],[6.50685,46.739273],[6.5070643,46.7393787],[6.5072824,46.7394819],[6.5075363,46.7395962],[6.5077958,46.7397073],[6.5080391,46.7398052],[6.5082505,46.7398841],[6.5084522,46.7399891]]}},{"type":"Feature","properties":{"highway":"motorway","int_ref":"E 62","lanes":"2","lit":"no","maxspeed":"120","oneway":"yes","ref":"A9","toll":"yes","carriage_ref":"f","opposite_carriage_ref":"e"},"geometry":{"type":"LineString","coordinates":[[7.2693639,46.2066684],[7.2679086,46.2059824],[7.2668718,46.2054695],[7.265858,46.2049469],[7.2644739,46.2041884],[7.26377,46.2037838],[7.2626223,46.2030965],[7.262151,46.2028034],[7.2607591,46.2018926],[7.260276,46.20156],[7.2595835,46.2010764],[7.2588842,46.2005653],[7.2581895,46.2000504],[7.2574707,46.1994937],[7.2564722,46.1986967],[7.2555797,46.197968],[7.2549965,46.1974896],[7.2525623,46.1954745],[7.2518468,46.1948823],[7.2513775,46.1945024],[7.2500529,46.1934423],[7.2481213,46.1919706],[7.2473798,46.1914419],[7.246398,46.1907624],[7.2448592,46.1897704],[7.2444057,46.1894902],[7.243673,46.1890444],[7.2427082,46.1884724],[7.2421204,46.1881553],[7.2407519,46.1874228]]}},{"type":"Feature","properties":{"bridge":"yes","highway":"motorway","int_ref":"E 62","lanes":"3","layer":"1","lit":"no","maxspeed":"120","oneway":"yes","ref":"A9","toll":"yes","carriage_ref":"e","opposite_carriage_ref":"f"},"geometry":{"type":"LineString","coordinates":[[6.5684041,46.5644235],[6.5688824,46.5644464],[6.5692659,46.5644499],[6.5696766,46.5644408],[6.5700032,46.5644242],[6.5705152,46.5643835],[6.5711551,46.564312]]}},{"type":"Feature","properties":{"highway":"motorway","int_ref":"E 35","lanes":"3","lit":"no","maxspeed":"130","name":"Autostrada Lainate-Como-Chiasso","oneway":"yes","ref":"A9","surface":"asphalt","toll":"yes","carriage_ref":"l","opposite_carriage_ref":"k"},"geometry":{"type":"LineString","coordinates":[[9.0317186,45.7398502],[9.0321066,45.7408328],[9.0327193,45.7420375],[9.0334481,45.7432509],[9.0342897,45.7443489],[9.0355549,45.7458767],[9.0369611,45.7476454]]}},{"type":"Feature","properties":{"highway":"motorway","int_ref":"E 35","lanes":"3","lit":"no","maxspeed":"130","name":"Autostrada Lainate-Como-Chiasso","oneway":"yes","ref":"A9","surface":"asphalt","toll":"no","carriage_ref":"k","opposite_carriage_ref":"l"},"geometry":{"type":"LineString","coordinates":[[9.0198627,45.6996222],[9.0185692,45.6952308],[9.0173267,45.691002],[9.0168928,45.6893677],[9.0167201,45.6877851],[9.0166165,45.6861427],[9.016473,45.6839277]]}},{"type":"Feature","properties":{"bridge":"yes","highway":"motorway","int_ref":"E 62","lanes":"2","layer":"1","lit":"no","maxspeed":"120","oneway":"yes","ref":"A9","toll":"yes","carriage_ref":"e","opposite_carriage_ref":"f"},"geometry":{"type":"LineString","coordinates":[[7.4063208,46.2430865],[7.4091408,46.2435631]]}},{"type":"Feature","properties":{"bridge":"yes","highway":"motorway","int_ref":"E 62","lanes":"2","layer":"1","lit":"no","maxspeed":"120","oneway":"yes","ref":"A9","toll":"yes","carriage_ref":"e","opposite_carriage_ref":"f"},"geometry":{"type":"LineString","coordinates":[[6.8542069,46.4765599],[6.8545518,46.4765613],[6.8550863,46.4765455],[6.8554841,46.4765214],[6.8560407,46.4764752],[6.8564846,46.4764327],[6.8571176,46.476357],[6.8577764,46.4762706]]}},{"type":"Feature","properties":{"highway":"motorway","int_ref":"E 62","lit":"no","oneway":"yes","ref":"A9","surface":"asphalt","toll":"yes","carriage_ref":"f","opposite_carriage_ref":"e"},"geometry":{"type":"LineString","coordinates":[[7.5565724,46.2869821],[7.5562213,46.2867959],[7.5554598,46.2864523]]}},{"type":"Feature","properties":{"bridge":"yes","highway":"motorway","int_ref":"E 62","lanes":"2","layer":"1","lit":"no","maxspeed":"120","oneway":"yes","ref":"A9","toll":"yes","carriage_ref":"f","opposite_carriage_ref":"e"},"geometry":{"type":"LineString","coordinates":[[6.7493599,46.4953697],[6.7490413,46.4956105],[6.7487852,46.4957713],[6.7484388,46.4959674],[6.7480582,46.4961529]]}},{"type":"Feature","properties":{"avz":"333","cs_dir:forward":"1","highway":"motorway","int_ref":"E 23;E 25","lanes":"2","lit":"no","maxspeed":"120","oneway":"yes","ref":"A1;A9","surface":"asphalt","toll":"yes","carriage_ref":"f","opposite_carriage_ref":"e"},"geometry":{"type":"LineString","coordinates":[[6.572122,46.6626375],[6.571872,46.6634088],[6.571769,46.6637102],[6.5714359,46.6646898],[6.5711893,46.6654465],[6.5709935,46.6661162],[6.5707787,46.6668977],[6.5706466,46.6674172]]}},{"type":"Feature","properties":{"bridge":"yes","highway":"motorway","int_ref":"E 23;E 25","lanes":"2","layer":"1","lit":"no","maxspeed":"120","oneway":"yes","ref":"A1;A9","surface":"asphalt","toll":"yes","carriage_ref":"e","opposite_carriage_ref":"f"},"geometry":{"type":"LineString","coordinates":[[6.5698623,46.6727152],[6.5699096,46.6716177],[6.5699417,46.6712439],[6.5700332,46.6702384],[6.5701317,46.669478],[6.5701942,46.6690465],[6.57032,46.6682634]]}},{"type":"Feature","properties":{"highway":"motorway","int_ref":"E 27;E 62","lanes":"2","lit":"no","maxspeed":"120","oneway":"yes","ref":"A9","toll":"yes","carriage_ref":"e","opposite_carriage_ref":"f"},"geometry":{"type":"LineString","coordinates":[[6.9565635,46.2990512],[6.9576531,46.2973479],[6.9581546,46.2965825],[6.9606983,46.2926352],[6.9640818,46.2873934]]}},{"type":"Feature","properties":{"highway":"motorway","int_ref":"E 23","lanes":"3","lit":"no","maxspeed":"120","oneway":"yes","ref":"A9","toll":"yes","carriage_ref":"f","opposite_carriage_ref":"e"},"geometry":{"type":"LineString","coordinates":[[6.5294767,46.7435756],[6.5292185,46.7435785],[6.5288187,46.7435767],[6.5284261,46.7435705],[6.528042,46.7435597],[6.5277031,46.7435479],[6.5274791,46.7435384],[6.527255,46.7435253]]}},{"type":"Feature","properties":{"bridge":"yes","highway":"motorway","int_ref":"E 62","lanes":"3","layer":"1","lit":"no","maxspeed":"120","oneway":"yes","ref":"A9","toll":"yes","carriage_ref":"e","opposite_carriage_ref":"f"},"geometry":{"type":"LineString","coordinates":[[6.5823593,46.561933],[6.5827409,46.5618641]]}},{"type":"Feature","properties":{"destination":"Vevey","highway":"motorway","int_ref":"E 62","lanes":"2","lit":"no","maxspeed":"120","oneway":"yes","ref":"A9","toll":"yes","carriage_ref":"e","opposite_carriage_ref":"f"},"geometry":{"type":"LineString","coordinates":[[6.7687664,46.4880369],[6.7694342,46.4877285],[6.7703885,46.4873044]]}},{"type":"Feature","properties":{"highway":"motorway","int_ref":"E 62","lanes":"2","maxspeed":"120","oneway":"yes","ref":"A9","surface":"asphalt","toll":"yes","carriage_ref":"g","opposite_carriage_ref":"h"},"geometry":{"type":"LineString","coordinates":[[7.6623234,46.3066128],[7.6641726,46.3062005],[7.6662697,46.3057694],[7.6679444,46.3055117],[7.6696824,46.3052888],[7.6724851,46.3051349],[7.6738849,46.3050904],[7.6752748,46.3050871],[7.6770842,46.3052029],[7.6782046,46.3052716],[7.6793097,46.30538],[7.6815564,46.3056782],[7.6841266,46.306096],[7.6846851,46.3062057]]}},{"type":"Feature","properties":{"destination":"Neuchâtel;Besançon;Genève;Lausanne","highway":"motorway","int_ref":"E 62","lanes":"2","lit":"no","maxspeed":"100","oneway":"yes","ref":"A9","toll":"yes","carriage_ref":"f","opposite_carriage_ref":"e"},"geometry":{"type":"LineString","coordinates":[[6.7030473,46.5114809],[6.7023428,46.5122689],[6.7021268,46.5125197],[6.7019004,46.5127736],[6.7015941,46.5130804],[6.7012739,46.5133753],[6.7009663,46.5136401],[6.7007294,46.5138284],[6.7005054,46.5139973],[6.7001715,46.5142332]]}},{"type":"Feature","properties":{"avz":"370","cs_dir:forward":"1","highway":"motorway","int_ref":"E 62","lanes":"2","lit":"no","maxspeed":"120","oneway":"yes","ref":"A9","toll":"yes","carriage_ref":"e","opposite_carriage_ref":"f"},"geometry":{"type":"LineString","coordinates":[[6.8070841,46.4750809],[6.8078842,46.4750013],[6.8088047,46.4749638],[6.8093638,46.4749674],[6.8099146,46.4749781],[6.8107096,46.4750102],[6.8119432,46.4750563],[6.8131,46.4750826],[6.8139299,46.4750781],[6.8148531,46.4750524],[6.8158092,46.4750059],[6.8166542,46.4749379],[6.8176661,46.4748336],[6.8185533,46.4747217],[6.8193166,46.4745973],[6.8209911,46.4743014],[6.8218389,46.4741663],[6.8225881,46.4740753],[6.8231604,46.4740273]]}},{"type":"Feature","properties":{"highway":"motorway","int_ref":"E 23","lanes":"2","lit":"no","maxspeed":"120","oneway":"yes","ref":"A9","surface":"asphalt","toll":"yes","carriage_ref":"f","opposite_carriage_ref":"e"},"geometry":{"type":"LineString","coordinates":[[6.5626522,46.7294504],[6.5616907,46.7295861],[6.5607241,46.7297214],[6.5591287,46.7299497]]}},{"type":"Feature","properties":{"highway":"motorway","int_ref":"E 62","lanes":"2","lit":"no","oneway":"yes","ref":"A9","surface":"asphalt","toll":"yes","carriage_ref":"e","opposite_carriage_ref":"f"},"geometry":{"type":"LineString","coordinates":[[7.5475536,46.2852153],[7.5480415,46.2851698],[7.5485344,46.285136]]}},{"type":"Feature","properties":{"highway":"motorway","int_ref":"E 62","lanes":"3","lit":"no","maxspeed":"120","oneway":"yes","ref":"A9","toll":"yes","turn:lanes":"none|none|merge_to_left","carriage_ref":"f","opposite_carriage_ref":"e"},"geometry":{"type":"LineString","coordinates":[[6.8542321,46.4767034],[6.8537474,46.476695],[6.8532002,46.4766676],[6.8526528,46.4766231],[6.851997,46.4765497]]}},{"type":"Feature","properties":{"highway":"motorway","int_ref":"E 62","lanes":"2","lit":"no","maxspeed":"120","oneway":"yes","ref":"A9","toll":"yes","carriage_ref":"f","opposite_carriage_ref":"e"},"geometry":{"type":"LineString","coordinates":[[7.3619591,46.223574],[7.3610682,46.2233761],[7.3601663,46.2231907]]}},{"type":"Feature","properties":{"bridge":"yes","highway":"motorway","int_ref":"E 27;E 62","lanes":"2","layer":"1","lit":"no","maxspeed":"120","oneway":"yes","ref":"A9","toll":"yes","carriage_ref":"e","opposite_carriage_ref":"f"},"geometry":{"type":"LineString","coordinates":[[6.956375,46.2993507],[6.9565635,46.2990512]]}},{"type":"Feature","properties":{"highway":"motorway","int_ref":"E 27;E 62","lanes":"2","lit":"no","maxspeed":"120","oneway":"yes","ref":"A9","toll":"yes","carriage_ref":"f","opposite_carriage_ref":"e"},"geometry":{"type":"LineString","coordinates":[[6.9945231,46.2447489],[6.9944523,46.2448662],[6.993631,46.2461377]]}},{"type":"Feature","properties":{"covered":"yes","highway":"motorway","int_ref":"E 35","lanes":"2","lit":"yes","maxspeed":"30","name":"Autostrada Lainate-Como-Chiasso","oneway":"yes","ref":"A9","source:maxspeed":"sign","surface":"asphalt","carriage_ref":"k","opposite_carriage_ref":"l"},"geometry":{"type":"LineString","coordinates":[[9.0374511,45.8404176],[9.0375095,45.8404435]]}},{"type":"Feature","properties":{"bridge":"viaduct","highway":"motorway","int_ref":"E 23","lanes":"2","layer":"1","lit":"no","maxspeed":"120","oneway":"yes","ref":"A9","surface":"asphalt","toll":"yes","carriage_ref":"f","opposite_carriage_ref":"e"},"geometry":{"type":"LineString","coordinates":[[6.5591287,46.7299497],[6.5578581,46.7301283],[6.5561986,46.7303636],[6.5532249,46.7307696],[6.5517644,46.730994],[6.5510947,46.7311156],[6.5504999,46.7312469],[6.5502304,46.7313155],[6.5500223,46.7313692],[6.5499826,46.7313793],[6.5497619,46.7314371],[6.5491425,46.7316211],[6.5486542,46.7317991],[6.5481229,46.7320181],[6.5479526,46.7320937],[6.5477945,46.7321677],[6.5476386,46.7322424],[6.5474831,46.7323218],[6.5473292,46.7324024],[6.5471711,46.7324885],[6.547016,46.7325758],[6.5468771,46.7326569],[6.5467211,46.7327536],[6.5464413,46.7329335],[6.5463015,46.7330297],[6.5461642,46.7331271],[6.5460278,46.7332283],[6.5458957,46.7333314],[6.5457632,46.7334372],[6.5456351,46.7335461],[6.5455165,46.7336522],[6.5454113,46.7337462],[6.5452928,46.7338589],[6.5451839,46.7339651],[6.5450744,46.7340801],[6.5449692,46.7341929],[6.5448648,46.7343029],[6.5446606,46.7345301],[6.5445599,46.7346474],[6.5444699,46.7347534],[6.5443681,46.7348766],[6.5442785,46.7349902],[6.5441821,46.7351158],[6.5440017,46.7353565],[6.5438325,46.7355931],[6.5436697,46.735837],[6.5435027,46.7360901],[6.5433455,46.7363364],[6.5430349,46.7368447],[6.54269,46.7374122],[6.5425818,46.7375878],[6.5422765,46.7380654],[6.5421065,46.7383203],[6.541924,46.7385838],[6.5417799,46.7387845],[6.5416651,46.7389429],[6.5414314,46.7392615],[6.5412092,46.7395376],[6.5409956,46.7397868],[6.5408446,46.7399469],[6.5406994,46.7400968],[6.540443,46.7403421],[6.5402435,46.7405202],[6.5401033,46.7406394],[6.5399517,46.7407586],[6.5396995,46.7409592]]}},{"type":"Feature","properties":{"highway":"motorway","first":"true","ref":"A9","lanes":"2","carriage_ref":"h","opposite_carriage_ref":"g"},"geometry":{"type":"LineString","coordinates":[[7.73460029483,46.30606080903],[7.73148893237,46.30665372931],[7.72790550113,46.30721699762],[7.72575973392,46.3075134523],[7.72318481326,46.30785437319],[7.72173642039,46.30806930049],[7.71845339656,46.30848433013],[7.71372698484,46.30908182284],[7.71263492787,46.30921987507],[7.7107608211,46.30932920217],[7.7093239,46.3094145]]}},{"type":"Feature","properties":{"highway":"motorway","int_ref":"E 27;E 62","lanes":"2","lit":"yes","maxspeed":"100","oneway":"yes","ref":"A9","toll":"yes","carriage_ref":"e","opposite_carriage_ref":"f"},"geometry":{"type":"LineString","coordinates":[[7.0098416,46.2093437],[7.0101801,46.2081106],[7.0105273,46.207201]]}},{"type":"Feature","properties":{"bridge":"yes","highway":"motorway","int_ref":"E 62","lanes":"2","layer":"1","lit":"no","maxspeed":"100","oneway":"yes","ref":"A9","toll":"yes","carriage_ref":"f","opposite_carriage_ref":"e"},"geometry":{"type":"LineString","coordinates":[[6.6949601,46.5164136],[6.6945851,46.5164956],[6.6942226,46.5165665],[6.6937657,46.516647],[6.6932737,46.5167238]]}},{"type":"Feature","properties":{"highway":"motorway","int_ref":"E 62","lanes":"2","lit":"no","maxspeed":"120","oneway":"yes","ref":"A9","surface":"asphalt","toll":"yes","carriage_ref":"e","opposite_carriage_ref":"f"},"geometry":{"type":"LineString","coordinates":[[7.0903633,46.113658],[7.0910424,46.1137114],[7.0918814,46.1137923],[7.0929587,46.1139302],[7.0939086,46.1140818],[7.0946964,46.1142197],[7.09546,46.1143736],[7.0963713,46.1145838],[7.0976797,46.1149227],[7.0983095,46.1151085],[7.0988438,46.1152678],[7.1001091,46.1156941],[7.100638,46.1158784],[7.1008208,46.1159502],[7.1014965,46.116208],[7.1022487,46.1165074],[7.1027587,46.1167145],[7.1033599,46.1169781],[7.1041036,46.1173095],[7.1049563,46.1177131],[7.1057873,46.1181225],[7.1067566,46.1186182],[7.1077981,46.1191818],[7.1088476,46.1197684],[7.1094806,46.1201392],[7.1104463,46.1207098],[7.1113229,46.1212433],[7.1123672,46.1218921],[7.1130804,46.1223385],[7.1152411,46.1237314],[7.1214025,46.1276936],[7.1248824,46.1299434],[7.1319974,46.1345261],[7.1372439,46.1378998],[7.1419307,46.1409173],[7.1445508,46.1426088],[7.1461917,46.1436667],[7.1473065,46.1443856]]}},{"type":"Feature","properties":{"highway":"motorway","int_ref":"E 62","lanes":"2","lit":"no","maxspeed":"120","oneway":"yes","ref":"A9","toll":"yes","carriage_ref":"e","opposite_carriage_ref":"f"},"geometry":{"type":"LineString","coordinates":[[7.2249262,46.179327],[7.2261756,46.180034],[7.2274336,46.1807013],[7.2284497,46.1812384],[7.2302764,46.1821701]]}},{"type":"Feature","properties":{"highway":"motorway","int_ref":"E 62","lanes":"2","lit":"no","oneway":"yes","ref":"A9","surface":"asphalt","toll":"yes","carriage_ref":"e","opposite_carriage_ref":"f"},"geometry":{"type":"LineString","coordinates":[[7.5555526,46.2863646],[7.556323,46.2867148],[7.557152,46.2871077]]}},{"type":"Feature","properties":{"highway":"motorway","int_ref":"E 62","lanes":"4","lit":"no","maxspeed":"120","oneway":"yes","ref":"A9","toll":"yes","turn:lanes":"through|through|through|slight_right","carriage_ref":"e","opposite_carriage_ref":"f"},"geometry":{"type":"LineString","coordinates":[[6.6221455,46.5507936],[6.6228,46.5506037],[6.6234905,46.5503856],[6.6240991,46.5501715]]}},{"type":"Feature","properties":{"avz":"232","cs_dir:forward":"1","highway":"motorway","int_ref":"E 62","lanes":"2","lit":"no","maxspeed":"120","oneway":"yes","ref":"A9","ssvz":"863N","toll":"yes","carriage_ref":"e","opposite_carriage_ref":"f"},"geometry":{"type":"LineString","coordinates":[[7.1544109,46.1489083],[7.1565966,46.1502083],[7.1570642,46.1504795]]}},{"type":"Feature","properties":{"highway":"motorway","int_ref":"E 62","lanes":"3","lit":"no","maxspeed":"80","oneway":"yes","ref":"A9","toll":"yes","carriage_ref":"f","opposite_carriage_ref":"e"},"geometry":{"type":"LineString","coordinates":[[6.5731047,46.5641216],[6.5726118,46.5642065],[6.5719882,46.5643084],[6.5711803,46.5644188]]}},{"type":"Feature","properties":{"destination":"St-Triphon","highway":"motorway","int_ref":"E 27;E 62","lanes":"2","lit":"no","maxspeed":"120","oneway":"yes","ref":"A9","toll":"yes","carriage_ref":"e","opposite_carriage_ref":"f"},"geometry":{"type":"LineString","coordinates":[[6.9392592,46.3224524],[6.939835,46.3215199]]}},{"type":"Feature","properties":{"bridge":"yes","highway":"motorway","int_ref":"E 27;E 62","lanes":"2","layer":"1","lit":"no","maxspeed":"120","name":"Viaduc de la Plaine du Rhône","name:language":"fr","oneway":"yes","ref":"A9","toll":"yes","carriage_ref":"e","opposite_carriage_ref":"f"},"geometry":{"type":"LineString","coordinates":[[6.9375707,46.392429],[6.9374963,46.3922078],[6.9374086,46.3919994],[6.9373048,46.391783],[6.937157,46.3915132],[6.9369768,46.3912348],[6.9367768,46.3909472],[6.9365988,46.3907251],[6.9363801,46.3904895],[6.9361202,46.3902428],[6.9358917,46.3900476],[6.9356479,46.3898561],[6.9353555,46.3896465],[6.9350897,46.3894703],[6.9347622,46.3892632],[6.934412,46.3890697],[6.933881,46.3888011],[6.9333732,46.3885527],[6.9329844,46.388381],[6.9321442,46.3880252],[6.9306304,46.3873981],[6.9299475,46.3871008],[6.9294439,46.3868669],[6.9289429,46.3866105],[6.9286321,46.38644],[6.9282279,46.3862023],[6.9277817,46.3859132],[6.9272727,46.3855659],[6.9267985,46.3851936]]}},{"type":"Feature","properties":{"highway":"motorway","int_ref":"E 35","lanes":"2","lit":"24/7","maxspeed":"80","name":"Autostrada Lainate-Como-Chiasso","oneway":"yes","ref":"A9","source":"yahoo-image","surface":"asphalt","carriage_ref":"l","opposite_carriage_ref":"k"},"geometry":{"type":"LineString","coordinates":[[9.0454542,45.8256088],[9.045398,45.825689]]}},{"type":"Feature","properties":{"bridge":"yes","highway":"motorway","int_ref":"E 62","lanes":"3","layer":"1","lit":"no","maxspeed":"100","oneway":"yes","ref":"A9","toll":"yes","carriage_ref":"f","opposite_carriage_ref":"e"},"geometry":{"type":"LineString","coordinates":[[6.7062454,46.5090444],[6.7060763,46.5091507]]}},{"type":"Feature","properties":{"highway":"motorway","int_ref":"E 62","lanes":"2","lit":"no","maxspeed":"100","oneway":"yes","ref":"A9","toll":"yes","carriage_ref":"f","opposite_carriage_ref":"e"},"geometry":{"type":"LineString","coordinates":[[6.6914715,46.5169587],[6.6903546,46.5171692],[6.6892591,46.5174201],[6.6883387,46.51769],[6.6877673,46.517892],[6.6873609,46.5180603],[6.6865392,46.5184342],[6.6858358,46.5188041]]}},{"type":"Feature","properties":{"highway":"motorway","int_ref":"E 62","lanes":"2","layer":"-1","lit":"no","maxspeed":"120","oneway":"yes","ref":"A9","toll":"yes","tunnel":"yes","carriage_ref":"f","opposite_carriage_ref":"e"},"geometry":{"type":"LineString","coordinates":[[7.4209212,46.2460987],[7.4202291,46.2459151]]}},{"type":"Feature","properties":{"bridge":"yes","highway":"motorway","int_ref":"E 35","lanes":"3","layer":"1","lit":"no","maxspeed":"130","name":"Autostrada Lainate-Como-Chiasso","oneway":"yes","ref":"A9","surface":"asphalt","toll":"no","carriage_ref":"k","opposite_carriage_ref":"l"},"geometry":{"type":"LineString","coordinates":[[9.0122611,45.6045151],[9.0122512,45.6040132]]}},{"type":"Feature","properties":{"bridge":"yes","highway":"motorway","int_ref":"E 27;E 62","lanes":"2","layer":"1","lit":"no","maxspeed":"120","oneway":"yes","ref":"A9","toll":"yes","carriage_ref":"e","opposite_carriage_ref":"f"},"geometry":{"type":"LineString","coordinates":[[6.975958,46.2664746],[6.9765911,46.2656269]]}},{"type":"Feature","properties":{"destination":"Simplon;Gd-St-Bernard","highway":"motorway","int_ref":"E 62","lanes":"3","lit":"no","maxspeed":"120","oneway":"yes","ref":"A9","toll":"yes","carriage_ref":"e","opposite_carriage_ref":"f"},"geometry":{"type":"LineString","coordinates":[[6.6465586,46.5426973],[6.6472128,46.5426752],[6.647659,46.5426418],[6.6481358,46.5425802],[6.6487014,46.5424794]]}},{"type":"Feature","properties":{"highway":"motorway","int_ref":"E 23","lanes":"1","lit":"no","maxspeed":"120","oneway":"yes","ref":"A9","surface":"asphalt","toll":"yes","carriage_ref":"e","opposite_carriage_ref":"f"},"geometry":{"type":"LineString","coordinates":[[6.5695482,46.7268065],[6.5695654,46.7266818],[6.5695794,46.7265577],[6.5696656,46.72596]]}},{"type":"Feature","properties":{"bridge":"yes","highway":"motorway","lanes":"1","layer":"1","maxspeed":"70","oneway":"yes","ref":"A9","toll":"yes","carriage_ref":"f","opposite_carriage_ref":"e"},"geometry":{"type":"LineString","coordinates":[[6.5613849,46.5630864],[6.561167,46.5631092],[6.5609898,46.5631387],[6.5608241,46.5631748],[6.5606847,46.5632148],[6.5605314,46.5632678],[6.5604266,46.5633118],[6.5603072,46.5633695]]}},{"type":"Feature","properties":{"highway":"motorway","int_ref":"E 35","lanes":"2","lit":"no","maxspeed":"80","oneway":"yes","ref":"A9","source":"yahoo-image","surface":"asphalt","carriage_ref":"l","opposite_carriage_ref":"k"},"geometry":{"type":"LineString","coordinates":[[9.0590687,45.8110286],[9.0591139,45.811083]]}},{"type":"Feature","properties":{"highway":"motorway","int_ref":"E 35","lanes":"2","layer":"1","lit":"no","maxspeed":"80","name":"Autostrada Lainate-Como-Chiasso","oneway":"yes","ref":"A9","source:maxspeed":"GPS survey 08.2017. Sign","surface":"asphalt","toll":"yes","carriage_ref":"l","opposite_carriage_ref":"k"},"geometry":{"type":"LineString","coordinates":[[9.0513145,45.7811087],[9.0515887,45.782238]]}},{"type":"Feature","properties":{"highway":"motorway","int_ref":"E 27;E 62","lanes":"2","layer":"-5","lit":"yes","maxspeed":"100","name":"Tunnel de Glion","oneway":"yes","ref":"A9","toll":"yes","tunnel":"yes","tunnel:name":"Glion","carriage_ref":"e","opposite_carriage_ref":"f"},"geometry":{"type":"LineString","coordinates":[[6.9207806,46.4335745],[6.9216638,46.4330685],[6.9224157,46.4326942],[6.9239764,46.4319952],[6.9261953,46.4310535],[6.9270506,46.4305481],[6.9278545,46.4299377],[6.9285513,46.4291699],[6.9290809,46.4285049],[6.9295725,46.427634],[6.9299584,46.4266942],[6.930129,46.4255903],[6.9302554,46.4246605],[6.9303323,46.4238556]]}},{"type":"Feature","properties":{"bridge":"yes","highway":"motorway","int_ref":"E 27;E 62","lanes":"2","layer":"1","lit":"no","maxspeed":"100","name":"Viaduc du Chillon","name:language":"fr","oneway":"yes","ref":"A9","toll":"yes","carriage_ref":"f","opposite_carriage_ref":"e"},"geometry":{"type":"LineString","coordinates":[[6.9300904,46.4198012],[6.9302042,46.4201458],[6.9303597,46.4206108],[6.9305073,46.4210693],[6.9306199,46.4217257],[6.9306548,46.4218884]]}},{"type":"Feature","properties":{"bridge":"yes","highway":"motorway","int_ref":"E 27;E 62","lanes":"2","layer":"1","lit":"no","maxspeed":"120","oneway":"yes","ref":"A9","toll":"yes","carriage_ref":"e","opposite_carriage_ref":"f"},"geometry":{"type":"LineString","coordinates":[[6.993255,46.2464538],[6.9934276,46.2461885]]}},{"type":"Feature","properties":{"bridge":"yes","highway":"motorway","int_ref":"E 62","lanes":"2","layer":"1","maxspeed":"100","oneway":"yes","ref":"A9","surface":"asphalt","toll":"yes","carriage_ref":"i","opposite_carriage_ref":"j"},"geometry":{"type":"LineString","coordinates":[[7.9409075,46.3026793],[7.9415682,46.3028046],[7.9424257,46.3029058]]}},{"type":"Feature","properties":{"highway":"motorway","int_ref":"E 27;E 62","lanes":"2","lit":"no","maxspeed":"120","oneway":"yes","ref":"A9","toll":"yes","carriage_ref":"f","opposite_carriage_ref":"e"},"geometry":{"type":"LineString","coordinates":[[6.9416754,46.3189972],[6.9414079,46.3193861],[6.9407858,46.3203185],[6.9401929,46.3212324]]}},{"type":"Feature","properties":{"highway":"motorway","int_ref":"E 27;E 62","lanes":"2","lit":"no","maxspeed":"120","oneway":"yes","ref":"A9","toll":"yes","carriage_ref":"e","opposite_carriage_ref":"f"},"geometry":{"type":"LineString","coordinates":[[6.9400377,46.3212045],[6.9407385,46.3201238],[6.941544,46.3189491]]}},{"type":"Feature","properties":{"bridge":"yes","highway":"motorway","int_ref":"E 27;E 62","lanes":"2","layer":"1","lit":"no","maxspeed":"120","name":"Viaduc de la Plaine du Rhône","name:language":"fr","oneway":"yes","ref":"A9","toll":"yes","carriage_ref":"f","opposite_carriage_ref":"e"},"geometry":{"type":"LineString","coordinates":[[6.9269221,46.3851408],[6.9273813,46.3854933],[6.9278673,46.3858293],[6.9283433,46.3861229],[6.9286819,46.3863282],[6.9289745,46.3864952],[6.9294195,46.3867226],[6.9299558,46.3869727],[6.9308078,46.3873327],[6.9328761,46.3882113],[6.9334373,46.3884522],[6.9339787,46.3887097],[6.9345241,46.3889887],[6.9348484,46.3891766],[6.9352034,46.3893967],[6.9354767,46.3895803],[6.9357771,46.3897908],[6.9360354,46.3899913],[6.9362917,46.3902183],[6.9365164,46.3904381],[6.9367382,46.3906778],[6.9369094,46.3908958],[6.9371249,46.3911982],[6.9372793,46.3914332],[6.9374329,46.391694],[6.9375347,46.3919176],[6.9376299,46.3921499],[6.9377356,46.3924437]]}},{"type":"Feature","properties":{"highway":"motorway","int_ref":"E 23;E 25","lanes":"2","lit":"no","maxspeed":"120","oneway":"yes","ref":"A1;A9","surface":"asphalt","toll":"yes","carriage_ref":"e","opposite_carriage_ref":"f"},"geometry":{"type":"LineString","coordinates":[[6.57032,46.6682634],[6.5705041,46.6673737]]}},{"type":"Feature","properties":{"bridge":"yes","highway":"motorway","int_ref":"E 62","lanes":"2","layer":"1","lit":"no","maxspeed":"120","oneway":"yes","ref":"A9","toll":"yes","carriage_ref":"f","opposite_carriage_ref":"e"},"geometry":{"type":"LineString","coordinates":[[7.2697918,46.2068522],[7.2693639,46.2066684]]}},{"type":"Feature","properties":{"highway":"motorway","lanes":"2","maxspeed":"100","oneway":"yes","opening_date":"2016","ref":"A9","surface":"asphalt","toll":"yes","carriage_ref":"j","opposite_carriage_ref":"i"},"geometry":{"type":"LineString","coordinates":[[7.927165,46.2972665],[7.9263135,46.296865]]}},{"type":"Feature","properties":{"highway":"motorway","int_ref":"E 35","lanes":"3","lit":"no","maxspeed":"130","name":"Autostrada Lainate-Como-Chiasso","oneway":"yes","ref":"A9","surface":"asphalt","toll":"yes","carriage_ref":"l","opposite_carriage_ref":"k"},"geometry":{"type":"LineString","coordinates":[[9.0372999,45.7480504],[9.0377604,45.7486252],[9.0381839,45.7491236],[9.0399218,45.7512791],[9.0418826,45.7536899],[9.0430772,45.7552666],[9.0439452,45.7566774],[9.0444906,45.7578605],[9.0450429,45.7594413],[9.0464031,45.7638738]]}},{"type":"Feature","properties":{"bridge":"yes","bridge:name":"Viadotto Lucino","highway":"motorway","int_ref":"E 35","lanes":"2","layer":"1","lit":"no","maxspeed":"80","oneway":"yes","ref":"A9","source:maxspeed":"GPS survey 08.2017. Sign","surface":"asphalt","carriage_ref":"l","opposite_carriage_ref":"k"},"geometry":{"type":"LineString","coordinates":[[9.051555,45.7839161],[9.0513764,45.7847649],[9.0512864,45.7850364],[9.0512601,45.7851155],[9.0510026,45.7857021],[9.0508206,45.7860471]]}},{"type":"Feature","properties":{"bridge":"yes","highway":"motorway","int_ref":"E 27;E 62","lanes":"2","layer":"1","lit":"no","maxspeed":"120","oneway":"yes","ref":"A9","toll":"yes","carriage_ref":"e","opposite_carriage_ref":"f"},"geometry":{"type":"LineString","coordinates":[[6.941544,46.3189491],[6.941766,46.3186253]]}},{"type":"Feature","properties":{"bridge":"yes","highway":"motorway","int_ref":"E 62","lanes":"4","layer":"1","lit":"no","maxspeed":"120","oneway":"yes","ref":"A9","toll":"yes","turn:lanes":"none|none|merge_to_left|merge_to_left","carriage_ref":"f","opposite_carriage_ref":"e"},"geometry":{"type":"LineString","coordinates":[[6.8576723,46.4764386],[6.8571853,46.476501],[6.8563787,46.4765935],[6.8558704,46.476646],[6.8553935,46.4766803],[6.8550114,46.4767042],[6.8547078,46.4767091]]}},{"type":"Feature","properties":{"bridge":"yes","highway":"motorway","int_ref":"E 27;E 62","lanes":"2","layer":"1","lit":"no","maxspeed":"120","oneway":"yes","ref":"A9","toll":"yes","carriage_ref":"f","opposite_carriage_ref":"e"},"geometry":{"type":"LineString","coordinates":[[6.9553425,46.3011826],[6.9552124,46.3013815]]}},{"type":"Feature","properties":{"destination":"Milano","highway":"motorway","int_ref":"E 35","lanes":"2","lit":"no","loc_name":"<diverso>","maxspeed":"80","oneway":"yes","ref":"A9","source:maxspeed":"GPS survey 08.2017. Sign 80","surface":"asphalt","carriage_ref":"k","opposite_carriage_ref":"l"},"geometry":{"type":"LineString","coordinates":[[9.051455,45.783604],[9.0514795,45.7834472],[9.0515063,45.7827643]]}},{"type":"Feature","properties":{"destination":"Simplon;Brig","highway":"motorway","int_ref":"E 62","lanes":"2","lit":"no","oneway":"yes","ref":"A9","surface":"asphalt","toll":"yes","last":"true","carriage_ref":"e","opposite_carriage_ref":"f"},"geometry":{"type":"LineString","coordinates":[[7.557152,46.2871077],[7.557316,46.2872058],[7.5585141,46.2878403],[7.5596038,46.2884096],[7.5602698,46.288728],[7.5607716,46.2889472],[7.5610876,46.2890686],[7.5614529,46.2891883],[7.5617547,46.2893067],[7.5618666,46.2893707]]}},{"type":"Feature","properties":{"destination":"Chavornay","highway":"motorway","int_ref":"E 23;E 25","lanes":"2","lit":"no","maxspeed":"120","oneway":"yes","ref":"A1;A9","surface":"asphalt","toll":"yes","carriage_ref":"f","opposite_carriage_ref":"e"},"geometry":{"type":"LineString","coordinates":[[6.5631434,46.6415092],[6.563504,46.6423102],[6.5638212,46.6430137],[6.5647897,46.6447466],[6.5653048,46.6455945],[6.5660137,46.6466507],[6.5665224,46.6473988],[6.5671225,46.6482048],[6.5681974,46.6495981],[6.5690692,46.6506733],[6.5695093,46.6512363],[6.5702319,46.6522397],[6.5706121,46.6527874],[6.5709088,46.6532413],[6.571129,46.6536097],[6.5713827,46.6540352],[6.5716723,46.6545977],[6.5719302,46.6551753],[6.5721131,46.6556723],[6.5722406,46.6560348]]}},{"type":"Feature","properties":{"bridge":"yes","highway":"motorway","int_ref":"E 27;E 62","lanes":"2","layer":"1","lit":"no","maxspeed":"120","oneway":"yes","ref":"A9","toll":"yes","carriage_ref":"f","opposite_carriage_ref":"e"},"geometry":{"type":"LineString","coordinates":[[6.956717,46.2990928],[6.956516,46.2993936]]}},{"type":"Feature","properties":{"highway":"motorway","int_ref":"E 62","lanes":"3","maxspeed":"100","oneway":"yes","ref":"A9","surface":"asphalt","toll":"yes","turn:lanes":"none|none|merge_to_left","carriage_ref":"i","opposite_carriage_ref":"j"},"geometry":{"type":"LineString","coordinates":[[7.9312821,46.2984803],[7.9318582,46.2986553],[7.9324181,46.2988594]]}},{"type":"Feature","properties":{"destination":"Lausanne","highway":"motorway","int_ref":"E 62","lanes":"2","lit":"no","maxheight":"4","maxspeed":"120","oneway":"yes","ref":"A9","toll":"yes","carriage_ref":"f","opposite_carriage_ref":"e"},"geometry":{"type":"LineString","coordinates":[[6.8739974,46.4664008],[6.8733537,46.4668758],[6.8727691,46.4672809],[6.8722665,46.4675964],[6.8716451,46.4679717],[6.870708,46.4685157],[6.869667,46.469136]]}},{"type":"Feature","properties":{"highway":"motorway","int_ref":"E 62","lanes":"2","lit":"no","maxspeed":"120","oneway":"yes","ref":"A9","toll":"yes","carriage_ref":"f","opposite_carriage_ref":"e"},"geometry":{"type":"LineString","coordinates":[[7.3489376,46.2212387],[7.3470491,46.2208715],[7.3463996,46.220736],[7.3451761,46.2204844],[7.3442898,46.2202881],[7.3428549,46.2199741],[7.341776,46.2197141],[7.3397224,46.2192117],[7.3384817,46.2188908],[7.3361664,46.2182693],[7.3340955,46.2176923],[7.3311824,46.2168703],[7.3287977,46.216205],[7.3274301,46.2158323],[7.3260681,46.2154768],[7.3251365,46.2152495],[7.3234874,46.2148618],[7.3223755,46.2146233],[7.3211689,46.2143901],[7.3203787,46.2142474],[7.3193967,46.2140802],[7.3182788,46.2139093],[7.3170361,46.2137419],[7.3159198,46.2136064],[7.3149126,46.2134977],[7.3137653,46.2133999],[7.3125819,46.2133102],[7.3117858,46.2132577],[7.3109083,46.2132114],[7.3099401,46.2131694],[7.3088083,46.2131355],[7.3076951,46.2131041]]}},{"type":"Feature","properties":{"highway":"trunk","int_ref":"E 23","lanes":"2","lit":"no","maxspeed":"80","oneway":"yes","ref":"A9","surface":"asphalt","toll":"yes","carriage_ref":"c","opposite_carriage_ref":"d"},"geometry":{"type":"LineString","coordinates":[[6.4870747,46.734223],[6.4872146,46.7342775],[6.4873192,46.7343152],[6.4874109,46.7343476],[6.4875028,46.7343793],[6.487632,46.7344205],[6.4877629,46.7344606],[6.4879944,46.7345255],[6.488244,46.7345889],[6.488467,46.7346385],[6.4887198,46.7346857],[6.4890067,46.7347295],[6.4893705,46.7347657],[6.4895735,46.7347795],[6.4897787,46.7347898],[6.4899562,46.7347944],[6.4901307,46.7347959],[6.4903328,46.7347958],[6.4905626,46.7347861],[6.4907932,46.7347716],[6.490934,46.7347621],[6.4910744,46.734751],[6.491255,46.7347332],[6.4914351,46.7347133],[6.491636,46.7346869],[6.4918349,46.7346576],[6.4922192,46.7345941],[6.4924099,46.7345613],[6.4926001,46.7345269],[6.4928958,46.7344684],[6.4931714,46.7344095],[6.4934454,46.7343495],[6.493923,46.7342421],[6.4948516,46.7340347],[6.4953234,46.7339334],[6.4955607,46.7338853],[6.4957995,46.7338397],[6.4961772,46.7337743],[6.4965592,46.7337139],[6.4967505,46.7336866],[6.4969429,46.7336609],[6.4971371,46.7336397],[6.4973341,46.7336215],[6.4975355,46.7336064],[6.497732,46.7335957],[6.4979329,46.7335889],[6.4981209,46.7335853],[6.4983155,46.7335855],[6.4985151,46.7335892],[6.4987134,46.7335971],[6.4989057,46.7336099],[6.4990995,46.7336269],[6.4992963,46.7336489],[6.4994889,46.7336755],[6.4996784,46.7337055],[6.4998668,46.7337417],[6.5000482,46.733783],[6.5002307,46.7338303],[6.5004168,46.7338836],[6.5005885,46.7339364],[6.5007715,46.7339973],[6.5009454,46.7340627],[6.5011078,46.7341285],[6.5012779,46.7342034],[6.501443,46.7342816],[6.5015974,46.7343614],[6.5017505,46.7344458],[6.5018984,46.7345355],[6.5020414,46.7346289],[6.5021796,46.7347266],[6.502371,46.7348686],[6.5024653,46.7349489],[6.502556,46.7350292],[6.5026727,46.7351384],[6.5027833,46.7352503],[6.5028881,46.7353637],[6.5029882,46.7354793],[6.5030841,46.7355959],[6.5031746,46.7357147],[6.5032695,46.7358445],[6.5036874,46.7364481],[6.5037725,46.736571],[6.5039,46.7367547],[6.5040299,46.7369368],[6.5041215,46.7370607],[6.5042152,46.7371839],[6.5043123,46.7373063],[6.5044123,46.7374277]]}},{"type":"Feature","properties":{"highway":"motorway","int_ref":"E 23;E 25","lanes":"2","lit":"no","maxspeed":"120","oneway":"yes","ref":"A1;A9","surface":"asphalt","toll":"yes","carriage_ref":"f","opposite_carriage_ref":"e"},"geometry":{"type":"LineString","coordinates":[[6.5757723,46.6995996],[6.5761894,46.7004273],[6.5769017,46.7017541],[6.5776464,46.7031582],[6.5781312,46.7041086],[6.5790882,46.7066513]]}},{"type":"Feature","properties":{"highway":"motorway","int_ref":"E 62","lanes":"2","lit":"no","maxspeed":"120","oneway":"yes","ref":"A9","toll":"yes","carriage_ref":"f","opposite_carriage_ref":"e"},"geometry":{"type":"LineString","coordinates":[[6.7480582,46.4961529],[6.7476419,46.4963279],[6.7471169,46.4965141],[6.7466822,46.4966363]]}},{"type":"Feature","properties":{"highway":"motorway","int_ref":"E 27;E 62","lanes":"2","lit":"no","maxspeed":"120","oneway":"yes","ref":"A9","toll":"yes","carriage_ref":"e","opposite_carriage_ref":"f"},"geometry":{"type":"LineString","coordinates":[[7.0672921,46.1205092],[7.0678969,46.1199838],[7.068609,46.1194181]]}},{"type":"Feature","properties":{"avz":"83","bicycle":"no","cs_dir:forward":"1","cycleway":"no","highway":"motorway","int_ref":"E 27;E 62","lanes":"2","lit":"no","maxspeed":"120","oneway":"yes","ref":"A9","ssvz":"983N","toll":"yes","carriage_ref":"e","opposite_carriage_ref":"f"},"geometry":{"type":"LineString","coordinates":[[6.9267985,46.3851936],[6.9265011,46.3849519],[6.9262165,46.3847185]]}},{"type":"Feature","properties":{"highway":"motorway","int_ref":"E 62","lanes":"2","lit":"no","maxspeed":"120","oneway":"yes","ref":"A9","toll":"yes","carriage_ref":"e","opposite_carriage_ref":"f"},"geometry":{"type":"LineString","coordinates":[[7.2199917,46.1763542],[7.2203865,46.1766056],[7.2217237,46.1774332],[7.2221916,46.1777211]]}},{"type":"Feature","properties":{"highway":"trunk","int_ref":"E 23","lanes":"1","lit":"no","maxspeed":"80","oneway":"yes","ref":"A9","toll":"yes","last":"true","carriage_ref":"d","opposite_carriage_ref":"c"},"geometry":{"type":"LineString","coordinates":[[6.5080064,46.7398638],[6.5077482,46.7397687],[6.5076127,46.7397169],[6.5074797,46.7396632],[6.5073486,46.7396074],[6.5072193,46.73955],[6.5071071,46.7394985],[6.5069962,46.739445],[6.5067774,46.739336],[6.5066546,46.7392718],[6.5065305,46.739205],[6.506289,46.7390698],[6.5060207,46.7389073],[6.5058217,46.738776],[6.50563,46.7386416],[6.5054962,46.738543],[6.5053671,46.7384432],[6.5052351,46.7383383],[6.5051072,46.7382326],[6.504942,46.738088],[6.5047833,46.7379396],[6.5046372,46.737795],[6.5044843,46.7376355],[6.5043326,46.7374652],[6.5042321,46.7373421],[6.5041344,46.7372184],[6.5040375,46.7370933],[6.5039427,46.7369667],[6.5038136,46.7367855],[6.5036864,46.736604],[6.5035994,46.7364748],[6.5031823,46.7358755],[6.5030887,46.7357485],[6.5029998,46.735632],[6.5029059,46.7355166],[6.5028051,46.7354008],[6.5027011,46.7352869],[6.5025904,46.7351782],[6.5024783,46.735071],[6.5023977,46.7349981],[6.5023122,46.7349249],[6.5021093,46.7347713],[6.5019765,46.7346787],[6.501839,46.7345891],[6.5016963,46.7345011],[6.501542,46.7344154],[6.5013859,46.7343363],[6.5012278,46.7342595],[6.5010618,46.7341861],[6.5009013,46.7341213],[6.5007293,46.7340572],[6.5005542,46.7339993],[6.5003769,46.733944],[6.500194,46.7338923],[6.5000149,46.733846],[6.4998374,46.7338054],[6.499655,46.7337704],[6.4994642,46.7337399],[6.4992818,46.7337153],[6.4990826,46.733693],[6.4988946,46.7336767],[6.4987063,46.733664],[6.4985111,46.7336543],[6.4983111,46.7336507],[6.4981227,46.7336504],[6.4979299,46.7336548],[6.4977362,46.733663],[6.4975445,46.7336733],[6.4973475,46.7336869],[6.4971522,46.7337055],[6.4969586,46.7337269],[6.4967667,46.7337525],[6.4965764,46.7337795],[6.4961979,46.7338393],[6.4958213,46.7339028],[6.4955858,46.733949],[6.4953522,46.7339963],[6.4948829,46.7340985],[6.4939519,46.7343052],[6.493469,46.7344139],[6.4931978,46.7344739],[6.4929246,46.7345328],[6.4926237,46.7345913],[6.4924327,46.7346257],[6.4922438,46.7346571],[6.4920508,46.7346908],[6.4918588,46.7347218],[6.4916552,46.734753],[6.4914486,46.7347791],[6.4912671,46.7347993],[6.4910857,46.7348163],[6.4909439,46.7348288],[6.4908024,46.7348391],[6.4905693,46.7348515],[6.4903351,46.7348605],[6.4901267,46.7348628],[6.4899476,46.734862],[6.489771,46.7348565],[6.4895661,46.7348453],[6.4893593,46.7348305],[6.4891842,46.7348154],[6.4890081,46.734797],[6.4887027,46.7347518],[6.4884399,46.7347021],[6.4882121,46.7346509],[6.4879591,46.7345886],[6.4877264,46.7345236],[6.4874629,46.7344402],[6.4872631,46.7343711],[6.4870625,46.7342964],[6.4868782,46.7342228],[6.4867107,46.7341572],[6.4865276,46.7340766],[6.4862926,46.7339551]]}},{"type":"Feature","properties":{"highway":"motorway","int_ref":"E 62","lanes":"2","lit":"no","maxspeed":"120","oneway":"yes","ref":"A9","toll":"yes","carriage_ref":"f","opposite_carriage_ref":"e"},"geometry":{"type":"LineString","coordinates":[[7.5133286,46.2790469],[7.5124283,46.2786793],[7.5119379,46.2784941],[7.5115702,46.2783707],[7.5110512,46.2782042],[7.5104895,46.2780466],[7.5098371,46.2778768],[7.5092175,46.2777359],[7.5088983,46.2776715],[7.5085115,46.2775927],[7.5040455,46.2767698],[7.5007178,46.2761556],[7.4980844,46.2756709],[7.4963995,46.2753509],[7.4950393,46.2750761],[7.4939151,46.2748298],[7.4927085,46.27455],[7.4917724,46.2743245],[7.4905528,46.2740096],[7.4890302,46.2735983],[7.4874245,46.2731761],[7.4853446,46.2726565],[7.4829342,46.2720464],[7.4816515,46.2717092],[7.4805115,46.2713859],[7.4788893,46.2709174],[7.4733842,46.2693382],[7.4704025,46.2685268],[7.4666898,46.2675337],[7.462775,46.266472],[7.4612845,46.2660385],[7.4600967,46.2656717],[7.4590954,46.2653276],[7.4582921,46.2650339],[7.4575627,46.2647457],[7.4568017,46.2644273],[7.4561178,46.2641238],[7.4555196,46.2638437],[7.4548616,46.2635225],[7.4540793,46.2631133],[7.453385,46.2627364],[7.4523788,46.2621465],[7.4517148,46.2617409],[7.4512096,46.2614206],[7.449938,46.2606004],[7.4489297,46.2599224],[7.4451762,46.2574179],[7.4430923,46.2560356],[7.4412139,46.2548204],[7.4402793,46.2542424],[7.4394664,46.2537551],[7.4378826,46.2528537],[7.4368047,46.2522707],[7.4356974,46.2517003],[7.4347371,46.2512215],[7.4341183,46.2509206],[7.4336067,46.2506825],[7.4326077,46.2502272],[7.4316344,46.2498021],[7.4305559,46.2493445],[7.4293627,46.2488622],[7.4276113,46.2482071],[7.4265276,46.2478195],[7.4252218,46.2473822],[7.4242796,46.2470759],[7.4234994,46.2468342],[7.4224614,46.2465304],[7.4209212,46.2460987]]}},{"type":"Feature","properties":{"highway":"motorway","int_ref":"E 62","lanes":"2","lit":"no","maxspeed":"100","oneway":"yes","ref":"A9","source":"cadastre-dgi-fr source : Direction Générale des Impôts - Cadastre;mise à jour : 2009","toll":"yes","carriage_ref":"f","opposite_carriage_ref":"e"},"geometry":{"type":"LineString","coordinates":[[6.6858358,46.5188041],[6.6851037,46.5192659]]}},{"type":"Feature","properties":{"bridge":"yes","destination:lanes":"Lugano;Chiasso|Lugano;Chiasso|Chiasso centro","highway":"motorway","int_ref":"E 35","lanes":"3","layer":"1","lit":"no","maxspeed":"120","name":"Autostrada Lainate-Como-Chiasso","nat_ref":"A8","oneway":"yes","placement":"right_of:1","ref":"A9","surface":"asphalt","toll":"yes","turn:lanes":"||slight_right","carriage_ref":"l","opposite_carriage_ref":"k"},"geometry":{"type":"LineString","coordinates":[[9.0359681,45.8399431],[9.0358284,45.8397578],[9.0356863,45.8396009],[9.0354981,45.8394406]]}},{"type":"Feature","properties":{"bicycle":"no","cycleway":"no","destination":"Montreux-Nord","highway":"motorway","int_ref":"E 27;E 62","lanes":"2","lit":"no","maxspeed":"120","oneway":"yes","ref":"A9","toll":"yes","carriage_ref":"f","opposite_carriage_ref":"e"},"geometry":{"type":"LineString","coordinates":[[6.9230542,46.3794968],[6.9233195,46.380278],[6.9234572,46.3806351],[6.9236475,46.3810514]]}},{"type":"Feature","properties":{"bridge":"yes","highway":"motorway","int_ref":"E 62","lanes":"3","layer":"1","lit":"no","maxspeed":"120","oneway":"yes","ref":"A9","toll":"yes","carriage_ref":"e","opposite_carriage_ref":"f"},"geometry":{"type":"LineString","coordinates":[[6.5841757,46.5616146],[6.5848471,46.5615011],[6.5855406,46.5613949],[6.5863917,46.5612889]]}},{"type":"Feature","properties":{"highway":"motorway","int_ref":"E 27;E 62","lanes":"2","layer":"-2","level":"-1","lit":"yes","maxspeed":"100","name":"Galerie de St-Maurice","oneway":"yes","ref":"A9","toll":"yes","tunnel":"yes","tunnel:name":"St. Maurice","carriage_ref":"f","opposite_carriage_ref":"e"},"geometry":{"type":"LineString","coordinates":[[7.0099182,46.2095928],[7.007994,46.2177411],[7.0078461,46.2183899],[7.0077301,46.2189228],[7.0075695,46.219437],[7.0071904,46.2203733]]}},{"type":"Feature","properties":{"highway":"motorway","lanes":"1","lit":"no","maxspeed":"80","oneway":"yes","ref":"A9","toll":"yes","carriage_ref":"e","opposite_carriage_ref":"f"},"geometry":{"type":"LineString","coordinates":[[6.5579543,46.5654057],[6.5578721,46.5647358],[6.5578837,46.5643631],[6.5578994,46.5641116],[6.5579602,46.5638974],[6.5580828,46.5636436],[6.5582451,46.5634187],[6.558417,46.5632296],[6.558591,46.5630875],[6.5587719,46.5629717]]}},{"type":"Feature","properties":{"bridge":"yes","highway":"motorway","int_ref":"E 35","lanes":"2","layer":"1","lit":"no","name":"Autostrada Lainate-Como-Chiasso","oneway":"yes","ref":"A9","surface":"asphalt","toll":"no","carriage_ref":"k","opposite_carriage_ref":"l"},"geometry":{"type":"LineString","coordinates":[[9.0150201,45.655252],[9.0150028,45.6548521]]}},{"type":"Feature","properties":{"bridge":"yes","highway":"motorway","int_ref":"E 62","lanes":"2","layer":"1","lit":"no","oneway":"yes","ref":"A9","surface":"asphalt","toll":"yes","carriage_ref":"f","opposite_carriage_ref":"e"},"geometry":{"type":"LineString","coordinates":[[7.5554598,46.2864523],[7.5549242,46.2862405],[7.5544138,46.2860622],[7.5539656,46.2859268],[7.5535378,46.285811],[7.5527116,46.285619],[7.551681,46.2854427],[7.5511218,46.2853744],[7.5505606,46.2853318],[7.5498232,46.2853189],[7.5490587,46.2853356],[7.5484204,46.285375]]}},{"type":"Feature","properties":{"bridge":"viaduct","highway":"motorway","int_ref":"E 62","lanes":"3","layer":"2","lit":"no","maxspeed":"120","oneway":"yes","ref":"A9","toll":"yes","carriage_ref":"e","opposite_carriage_ref":"f"},"geometry":{"type":"LineString","coordinates":[[6.6411021,46.5420768],[6.6416252,46.5421348],[6.6421955,46.5422154],[6.6440191,46.5425087],[6.6445283,46.5425788],[6.6450511,46.5426383],[6.6455537,46.5426787],[6.6459703,46.5426963],[6.6465586,46.5426973]]}},{"type":"Feature","properties":{"highway":"motorway","lanes":"2","maxspeed":"100","oneway":"yes","opening_date":"2016","ref":"A9","surface":"asphalt","toll":"yes","carriage_ref":"i","opposite_carriage_ref":"j"},"geometry":{"type":"LineString","coordinates":[[7.9264543,46.2967189],[7.9275217,46.2972029]]}},{"type":"Feature","properties":{"bridge":"yes","highway":"motorway","int_ref":"E 27;E 62","lanes":"2","layer":"1","lit":"no","maxspeed":"120","oneway":"yes","ref":"A9","toll":"yes","carriage_ref":"f","opposite_carriage_ref":"e"},"geometry":{"type":"LineString","coordinates":[[6.8903975,46.4560949],[6.8896733,46.4563247]]}},{"type":"Feature","properties":{"highway":"motorway","int_ref":"E 27;E 62","lanes":"2","lit":"no","maxspeed":"120","oneway":"yes","ref":"A9","toll":"yes","carriage_ref":"e","opposite_carriage_ref":"f"},"geometry":{"type":"LineString","coordinates":[[6.9337047,46.4018657],[6.9337003,46.4014578],[6.933718,46.4012248],[6.9337458,46.4009541],[6.9337867,46.4006461],[6.9338502,46.4003634],[6.9339565,46.4000546],[6.9341077,46.3997076],[6.9343405,46.3993246],[6.9346124,46.3989559],[6.9349098,46.3986392],[6.9351833,46.398364],[6.9359425,46.3976258],[6.9361957,46.3973455],[6.9363959,46.3971003],[6.9366187,46.3967985],[6.9367513,46.3965862],[6.9369077,46.3963233],[6.9370523,46.3960479],[6.9372224,46.3956859],[6.9373225,46.3954433],[6.9373929,46.395222],[6.9374569,46.395017]]}},{"type":"Feature","properties":{"highway":"motorway","int_ref":"E 27;E 62","lanes":"2","lit":"no","maxspeed":"120","oneway":"yes","ref":"A9","toll":"yes","carriage_ref":"f","opposite_carriage_ref":"e"},"geometry":{"type":"LineString","coordinates":[[6.9394784,46.3223808],[6.9392108,46.3228016],[6.9386069,46.323835]]}},{"type":"Feature","properties":{"highway":"motorway","int_ref":"E 62","lanes":"2","lit":"no","maxspeed":"100","oneway":"yes","ref":"A9","toll":"yes","carriage_ref":"f","opposite_carriage_ref":"e"},"geometry":{"type":"LineString","coordinates":[[6.7692411,46.4879482],[6.7688501,46.4881275]]}},{"type":"Feature","properties":{"highway":"motorway","int_ref":"E 62","lanes":"2","lit":"no","maxspeed":"100","oneway":"yes","ref":"A9","toll":"yes","carriage_ref":"e","opposite_carriage_ref":"f"},"geometry":{"type":"LineString","coordinates":[[6.6841291,46.5197617],[6.6844751,46.5194957],[6.6849688,46.5191575]]}},{"type":"Feature","properties":{"destination":"Sion-est","highway":"motorway","int_ref":"E 62","lanes":"2","lit":"no","maxspeed":"120","oneway":"yes","ref":"A9","toll":"yes","carriage_ref":"f","opposite_carriage_ref":"e"},"geometry":{"type":"LineString","coordinates":[[7.5157191,46.2801116],[7.5133286,46.2790469]]}},{"type":"Feature","properties":{"highway":"motorway","int_ref":"E 62","lanes":"2","lit":"no","maxheight":"4","maxspeed":"120","oneway":"yes","ref":"A9","toll":"yes","carriage_ref":"f","opposite_carriage_ref":"e"},"geometry":{"type":"LineString","coordinates":[[6.8613326,46.4753179],[6.8609148,46.4755041],[6.8605173,46.4756672],[6.8600707,46.4758307],[6.8596728,46.475959],[6.8591256,46.4761235],[6.8587312,46.4762244],[6.8583379,46.4763088]]}},{"type":"Feature","properties":{"highway":"motorway","int_ref":"E 27;E 62","lanes":"2","lit":"no","maxspeed":"120","oneway":"yes","ref":"A9","toll":"yes","carriage_ref":"e","opposite_carriage_ref":"f"},"geometry":{"type":"LineString","coordinates":[[7.0262322,46.1810936],[7.0262301,46.1803048],[7.0262174,46.1794401],[7.0261479,46.1775333]]}},{"type":"Feature","properties":{"bridge":"yes","highway":"motorway","int_ref":"E 62","lanes":"3","layer":"1","lit":"no","maxspeed":"120","oneway":"yes","ref":"A9","toll":"yes","carriage_ref":"f","opposite_carriage_ref":"e"},"geometry":{"type":"LineString","coordinates":[[6.5781023,46.562934],[6.5775633,46.5630631]]}},{"type":"Feature","properties":{"highway":"motorway","int_ref":"E 62","lanes":"2","maxspeed":"100","oneway":"yes","ref":"A9","surface":"asphalt","toll":"yes","carriage_ref":"j","opposite_carriage_ref":"i"},"geometry":{"type":"LineString","coordinates":[[7.9407824,46.3027782],[7.9399956,46.3025871],[7.9390418,46.3023074],[7.9383566,46.3020503],[7.9375084,46.3016909],[7.9365325,46.3011707],[7.9345927,46.2999983],[7.933758,46.2995593]]}},{"type":"Feature","properties":{"highway":"motorway","int_ref":"E 27;E 62","lanes":"2","lit":"yes","maxspeed":"120","oneway":"yes","ref":"A9","toll":"yes","carriage_ref":"e","opposite_carriage_ref":"f"},"geometry":{"type":"LineString","coordinates":[[7.0036638,46.2291407],[7.0035936,46.2283542],[7.0035386,46.2277458],[7.0035142,46.2272851],[7.0035193,46.2268037],[7.0035714,46.2264329],[7.0037238,46.2258526]]}},{"type":"Feature","properties":{"destination":"Villeneuve","highway":"motorway","int_ref":"E 27;E 62","lanes":"2","lit":"no","maxspeed":"100","oneway":"yes","ref":"A9","toll":"yes","carriage_ref":"e","opposite_carriage_ref":"f"},"geometry":{"type":"LineString","coordinates":[[6.8895242,46.4562444],[6.8898239,46.4561552]]}},{"type":"Feature","properties":{"bridge":"yes","highway":"motorway","int_ref":"E 35","lanes":"2","layer":"1","lit":"no","loc_name":"Autostrada Milano-Como-Chiasso","maxspeed":"130","name":"Autostrada Lainate-Como-Chiasso","oneway":"yes","ref":"A9","surface":"asphalt","toll":"no","carriage_ref":"l","opposite_carriage_ref":"k"},"geometry":{"type":"LineString","coordinates":[[9.012017,45.5960496],[9.0120379,45.5964563]]}},{"type":"Feature","properties":{"highway":"motorway","int_ref":"E 23;E 25","lanes":"2","lit":"no","maxspeed":"120","oneway":"yes","ref":"A1;A9","surface":"asphalt","toll":"yes","carriage_ref":"f","opposite_carriage_ref":"e"},"geometry":{"type":"LineString","coordinates":[[6.5722672,46.7207049],[6.5719195,46.7210291],[6.5717041,46.7212569],[6.571515,46.7214723],[6.5713104,46.7217262],[6.5711445,46.72194],[6.5709898,46.722156],[6.5708436,46.7223742],[6.5706564,46.7227077],[6.570469,46.7230519],[6.5703816,46.7232322],[6.5703181,46.7233702],[6.5702602,46.7235123]]}},{"type":"Feature","properties":{"bridge":"yes","highway":"motorway","int_ref":"E 62","lanes":"3","layer":"1","lit":"no","maxspeed":"120","oneway":"yes","ref":"A9","toll":"yes","carriage_ref":"e","opposite_carriage_ref":"f"},"geometry":{"type":"LineString","coordinates":[[6.5665463,46.5642294],[6.5668619,46.5642796],[6.5671098,46.564313]]}},{"type":"Feature","properties":{"highway":"motorway","int_ref":"E 35","lanes":"2","lit":"no","maxspeed":"80","oneway":"yes","ref":"A9","surface":"asphalt","carriage_ref":"l","opposite_carriage_ref":"k"},"geometry":{"type":"LineString","coordinates":[[9.0498852,45.787659],[9.0494517,45.7884048],[9.0492308,45.78881],[9.0490784,45.7891257],[9.0489922,45.7893152],[9.0488597,45.7896264],[9.0487823,45.7898451],[9.0487072,45.7900808],[9.04861,45.7903734],[9.048504,45.7907539],[9.0483936,45.7913007],[9.0483427,45.7916966],[9.0483118,45.7920539],[9.0482919,45.7924759],[9.0482964,45.7928256],[9.0483207,45.7932106],[9.0483626,45.7935387],[9.0484355,45.7939962],[9.048535,45.7943446],[9.0487265,45.7950936],[9.0491153,45.7959998],[9.0496032,45.7968462],[9.0511571,45.7993175],[9.0522472,45.8009635],[9.0533441,45.802599]]}},{"type":"Feature","properties":{"bridge":"yes","highway":"motorway","int_ref":"E 62","lanes":"3","layer":"1","lit":"no","maxspeed":"100","oneway":"yes","ref":"A9","toll":"yes","carriage_ref":"e","opposite_carriage_ref":"f"},"geometry":{"type":"LineString","coordinates":[[6.5976607,46.5567712],[6.5980343,46.5563847]]}},{"type":"Feature","properties":{"highway":"motorway","int_ref":"E 62","lanes":"2","layer":"-1","lit":"no","maxspeed":"100","name":"Galerie de Champsec","oneway":"yes","ref":"A9","toll":"yes","tunnel":"yes","tunnel:alt_name":"Champsec","tunnel:name":"Champsec Sion","carriage_ref":"f","opposite_carriage_ref":"e"},"geometry":{"type":"LineString","coordinates":[[7.3771844,46.2317668],[7.3721648,46.2280914],[7.3711009,46.2272696],[7.3706672,46.2270113]]}},{"type":"Feature","properties":{"highway":"motorway","int_ref":"E 35","lanes":"2","lit":"no","maxspeed":"80","oneway":"yes","ref":"A9","source":"yahoo-image","surface":"asphalt","carriage_ref":"k","opposite_carriage_ref":"l"},"geometry":{"type":"LineString","coordinates":[[9.0574467,45.8173568],[9.0574997,45.8169542],[9.0575296,45.8168036],[9.0575816,45.8166443],[9.0576438,45.8164621],[9.0577345,45.816261]]}},{"type":"Feature","properties":{"bridge":"yes","highway":"motorway","int_ref":"E 35","lanes":"2","layer":"1","lit":"no","loc_name":"<diverso>","maxspeed":"80","name":"Autostrada Lainate-Como-Chiasso","oneway":"yes","ref":"A9","source:maxspeed":"GPS survey 08.2017. Sign 80","surface":"asphalt","carriage_ref":"k","opposite_carriage_ref":"l"},"geometry":{"type":"LineString","coordinates":[[9.0515063,45.7827643],[9.0514541,45.782251]]}},{"type":"Feature","properties":{"highway":"motorway","int_ref":"E 27;E 62","lanes":"2","lit":"no","maxspeed":"120","oneway":"yes","ref":"A9","toll":"yes","carriage_ref":"e","opposite_carriage_ref":"f"},"geometry":{"type":"LineString","coordinates":[[6.941766,46.3186253],[6.9421719,46.3180398]]}},{"type":"Feature","properties":{"highway":"motorway","int_ref":"E 62","lanes":"2","lit":"no","maxheight":"4","maxspeed":"100","oneway":"yes","ref":"A9","toll":"yes","carriage_ref":"e","opposite_carriage_ref":"f"},"geometry":{"type":"LineString","coordinates":[[6.8624714,46.474565],[6.8628294,46.4743421],[6.8632487,46.474046],[6.8640121,46.4734516]]}},{"type":"Feature","properties":{"bridge":"yes","highway":"motorway","int_ref":"E 27;E 62","lanes":"2","layer":"1","lit":"no","maxspeed":"120","oneway":"yes","ref":"A9","toll":"yes","carriage_ref":"f","opposite_carriage_ref":"e"},"geometry":{"type":"LineString","coordinates":[[6.993631,46.2461377],[6.9934618,46.2463964]]}},{"type":"Feature","properties":{"covered":"yes","highway":"motorway","int_ref":"E 35","lanes":"2","lit":"no","maxspeed":"30","oneway":"yes","ref":"A9","source:maxspeed":"sign","surface":"asphalt","carriage_ref":"k","opposite_carriage_ref":"l"},"geometry":{"type":"LineString","coordinates":[[9.0373717,45.840382],[9.0374511,45.8404176]]}},{"type":"Feature","properties":{"destination":"Martigny","highway":"motorway","int_ref":"E 27;E 62","lanes":"2","lit":"no","maxspeed":"100","oneway":"yes","ref":"A9","toll":"yes","carriage_ref":"e","opposite_carriage_ref":"f"},"geometry":{"type":"LineString","coordinates":[[7.0108771,46.2063822],[7.0116238,46.2050615],[7.0118501,46.2046748],[7.0120917,46.2042824]]}},{"type":"Feature","properties":{"bridge":"yes","highway":"motorway","lanes":"1","layer":"1","lit":"no","maxspeed":"80","oneway":"yes","ref":"A9","toll":"yes","carriage_ref":"e","opposite_carriage_ref":"f"},"geometry":{"type":"LineString","coordinates":[[6.5614576,46.5626508],[6.5616762,46.5627048],[6.5619178,46.5627741]]}},{"type":"Feature","properties":{"highway":"motorway","int_ref":"E 62","lanes":"2","lit":"no","maxspeed":"120","oneway":"yes","ref":"A9","toll":"yes","carriage_ref":"e","opposite_carriage_ref":"f"},"geometry":{"type":"LineString","coordinates":[[7.4091408,46.2435631],[7.4117617,46.2440242],[7.4137445,46.2443817],[7.4150997,46.2446375],[7.41618,46.24486],[7.4181398,46.2452894],[7.4193129,46.2455722],[7.4202721,46.245815]]}},{"type":"Feature","properties":{"highway":"motorway","int_ref":"E 62","lanes":"2","lit":"no","maxspeed":"120","oneway":"yes","ref":"A9","toll":"yes","carriage_ref":"f","opposite_carriage_ref":"e"},"geometry":{"type":"LineString","coordinates":[[7.2405075,46.1872969],[7.2397049,46.1868809],[7.237545,46.1858142],[7.2371342,46.1856176],[7.2354947,46.1848242],[7.2305601,46.1824469]]}},{"type":"Feature","properties":{"bridge":"yes","highway":"motorway","int_ref":"E 27;E 62","lanes":"2","layer":"1","lit":"no","maxspeed":"100","oneway":"yes","ref":"A9","toll":"yes","carriage_ref":"e","opposite_carriage_ref":"f"},"geometry":{"type":"LineString","coordinates":[[6.9149977,46.4399723],[6.9152074,46.4397782],[6.9153729,46.4395861]]}},{"type":"Feature","properties":{"covered":"yes","highway":"motorway","int_ref":"E 35","lanes":"11","lit":"no","maxspeed":"60","name":"Autostrada Lainate-Como-Chiasso","oneway":"yes","ref":"A9","surface":"asphalt","toll":"yes","carriage_ref":"k","opposite_carriage_ref":"l"},"geometry":{"type":"LineString","coordinates":[[9.0489889,45.7740279],[9.0489744,45.7739641],[9.0489639,45.7739111]]}},{"type":"Feature","properties":{"highway":"motorway","int_ref":"E 35","lanes":"2","lit":"no","maxspeed":"100","oneway":"yes","overtaking:hgv:conditional":"no @ (weight > 7.5)","ref":"A9","source":"yahoo-image","source:maxspeed":"sign","surface":"asphalt","carriage_ref":"k","opposite_carriage_ref":"l"},"geometry":{"type":"LineString","coordinates":[[9.0515338,45.8001481],[9.0510348,45.7993472],[9.0494492,45.7968612],[9.0489652,45.7960186],[9.0485864,45.7951197],[9.0483877,45.7943584],[9.0482289,45.7935281],[9.0481803,45.7927403],[9.0482035,45.7919541],[9.0482757,45.7912869],[9.048409,45.7906905],[9.0486129,45.7899756],[9.0489171,45.7892459],[9.0491247,45.78881],[9.0493611,45.7883802],[9.0497728,45.7876474]]}},{"type":"Feature","properties":{"bridge":"yes","highway":"motorway","lanes":"2","layer":"1","maxspeed":"100","oneway":"yes","opening_date":"2016","ref":"A9","surface":"asphalt","toll":"yes","carriage_ref":"i","opposite_carriage_ref":"j"},"geometry":{"type":"LineString","coordinates":[[7.9275217,46.2972029],[7.9277945,46.2973089]]}},{"type":"Feature","properties":{"highway":"motorway","int_ref":"E 62","lanes":"2","lit":"no","maxspeed":"100","oneway":"yes","ref":"A9","toll":"yes","carriage_ref":"f","opposite_carriage_ref":"e"},"geometry":{"type":"LineString","coordinates":[[6.7339506,46.4999944],[6.7333097,46.5000214],[6.7326588,46.5000407],[6.7318168,46.5000421],[6.7307889,46.4999997]]}},{"type":"Feature","properties":{"highway":"motorway","int_ref":"E 62","lanes":"2","lit":"no","maxspeed":"120","oneway":"yes","ref":"A9","toll":"yes","carriage_ref":"e","opposite_carriage_ref":"f"},"geometry":{"type":"LineString","coordinates":[[7.3683953,46.2256734],[7.3691195,46.2260205],[7.36992,46.2264519],[7.3704413,46.2267482],[7.3710492,46.2271053]]}},{"type":"Feature","properties":{"highway":"motorway","int_ref":"E 62","lanes":"2","lit":"no","maxspeed":"120","oneway":"yes","ref":"A9","toll":"yes","carriage_ref":"e","opposite_carriage_ref":"f"},"geometry":{"type":"LineString","coordinates":[[7.3772993,46.2316999],[7.3777954,46.232078]]}},{"type":"Feature","properties":{"bridge":"yes","bridge:name":"Viadotto Lucino","highway":"motorway","int_ref":"E 35","lanes":"2","layer":"1","lit":"no","loc_name":"<diverso>","maxspeed":"100","oneway":"yes","ref":"A9","surface":"asphalt","carriage_ref":"k","opposite_carriage_ref":"l"},"geometry":{"type":"LineString","coordinates":[[9.0506716,45.7859919],[9.0509788,45.7854124],[9.051159,45.784932],[9.0512775,45.7844511],[9.0513942,45.7839172]]}},{"type":"Feature","properties":{"bridge":"yes","highway":"motorway","int_ref":"E 27;E 62","lanes":"2","layer":"1","lit":"no","maxspeed":"120","oneway":"yes","ref":"A9","toll":"yes","carriage_ref":"e","opposite_carriage_ref":"f"},"geometry":{"type":"LineString","coordinates":[[6.9550743,46.3013337],[6.9551978,46.3011343]]}},{"type":"Feature","properties":{"bridge":"yes","highway":"motorway","int_ref":"E 27;E 62","lanes":"2","layer":"1","lit":"no","maxspeed":"120","oneway":"yes","ref":"A9","toll":"yes","carriage_ref":"f","opposite_carriage_ref":"e"},"geometry":{"type":"LineString","coordinates":[[6.9378003,46.3943436],[6.9377429,46.394624],[6.9376419,46.3950221]]}},{"type":"Feature","properties":{"bridge":"yes","highway":"motorway","int_ref":"E 35","lanes":"2","layer":"1","lit":"no","loc_name":"Autostrada Milano-Como-Chiasso","maxspeed":"130","name":"Autostrada Lainate-Como-Chiasso","oneway":"yes","ref":"A9","surface":"asphalt","toll":"no","carriage_ref":"l","opposite_carriage_ref":"k"},"geometry":{"type":"LineString","coordinates":[[9.02,45.6996312],[9.0200693,45.6998637]]}},{"type":"Feature","properties":{"avz":"64","highway":"motorway","int_ref":"E 62","lanes":"3","lit":"no","maxspeed":"120","oneway":"yes","ref":"A9","ssvz":"930N","toll":"yes","carriage_ref":"e","opposite_carriage_ref":"f"},"geometry":{"type":"LineString","coordinates":[[6.6299201,46.546945],[6.6300776,46.5468231],[6.6307285,46.546285],[6.6314722,46.54564],[6.6320035,46.5452057]]}},{"type":"Feature","properties":{"highway":"motorway","int_ref":"E 27;E 62","lanes":"2","lit":"no","maxspeed":"100","oneway":"yes","ref":"A9","toll":"yes","carriage_ref":"f","opposite_carriage_ref":"e"},"geometry":{"type":"LineString","coordinates":[[6.918389,46.4356242],[6.9178756,46.4361855],[6.91753,46.4366056],[6.9172495,46.4369901],[6.9169905,46.4373817],[6.9167709,46.4377594],[6.9165331,46.4381867],[6.916156,46.4388459],[6.9159642,46.4391495],[6.9157593,46.4394229],[6.9155481,46.4396875]]}},{"type":"Feature","properties":{"destination":"Lausanne;Neuchâtel","highway":"motorway","int_ref":"E 23","lanes":"2","lit":"no","maxspeed":"120","oneway":"yes","ref":"A9","toll":"yes","carriage_ref":"e","opposite_carriage_ref":"f"},"geometry":{"type":"LineString","coordinates":[[6.5293571,46.743496],[6.5298533,46.7434874],[6.5301543,46.743478],[6.5304554,46.7434656],[6.5308404,46.7434471],[6.53124,46.743423],[6.5316204,46.7433931],[6.53201,46.743358],[6.532403,46.7433191],[6.5327098,46.7432822],[6.5330438,46.7432431],[6.533374,46.7431967]]}},{"type":"Feature","properties":{"bridge":"yes","highway":"trunk","int_ref":"E 23","lanes":"1","layer":"1","lit":"no","maxspeed":"80","oneway":"yes","ref":"A9","toll":"yes","last":"true","carriage_ref":"b","opposite_carriage_ref":"a"},"geometry":{"type":"LineString","coordinates":[[6.4472839,46.7372044],[6.4471532,46.7371837],[6.4470236,46.7371606],[6.4468219,46.7371194],[6.4466205,46.7370723],[6.4464945,46.7370367],[6.4463656,46.7369972],[6.4460205,46.7368678]]}},{"type":"Feature","properties":{"highway":"motorway","int_ref":"E 62","lanes":"1","lit":"no","maxspeed":"80","oneway":"yes","ref":"A9","surface":"asphalt","toll":"yes","first":"true","opposite_carriage_ref":"h","carriage_ref":"g"},"geometry":{"type":"LineString","coordinates":[[7.6609209,46.3070187],[7.6623234,46.3066128]]}},{"type":"Feature","properties":{"bridge":"yes","highway":"motorway","int_ref":"E 62","lanes":"2","layer":"1","lit":"no","maxspeed":"120","oneway":"yes","ref":"A9","toll":"yes","carriage_ref":"f","opposite_carriage_ref":"e"},"geometry":{"type":"LineString","coordinates":[[6.7873989,46.481933],[6.7866203,46.4820809]]}},{"type":"Feature","properties":{"bridge":"yes","highway":"motorway","int_ref":"E 62","lanes":"3","layer":"1","lit":"no","maxspeed":"120","oneway":"yes","ref":"A9","toll":"yes","carriage_ref":"f","opposite_carriage_ref":"e"},"geometry":{"type":"LineString","coordinates":[[6.6490814,46.5425236],[6.6485179,46.5426285]]}},{"type":"Feature","properties":{"highway":"motorway","int_ref":"E 62","lanes":"2","lit":"no","maxspeed":"120","oneway":"yes","ref":"A9","toll":"yes","carriage_ref":"f","opposite_carriage_ref":"e"},"geometry":{"type":"LineString","coordinates":[[7.3706672,46.2270113],[7.370197,46.226739],[7.3697167,46.2264721],[7.3689107,46.2260498],[7.3685355,46.22587]]}},{"type":"Feature","properties":{"highway":"motorway","int_ref":"E 62","lanes":"2","lit":"no","maxspeed":"120","oneway":"yes","ref":"A9","toll":"yes","carriage_ref":"f","opposite_carriage_ref":"e"},"geometry":{"type":"LineString","coordinates":[[6.847119,46.4756892],[6.8462752,46.4754641],[6.8445383,46.4749797],[6.843989,46.4748271],[6.8434791,46.4747031],[6.8427945,46.4745517],[6.8421364,46.474435],[6.8414212,46.4743446],[6.8409534,46.4742918],[6.8404343,46.4742525],[6.8398479,46.4742284],[6.8393979,46.4742201],[6.8389116,46.474222],[6.8384548,46.4742337],[6.837932,46.4742568],[6.8372922,46.4743067],[6.836403,46.4743889],[6.8355316,46.4744713],[6.8346731,46.4745444],[6.8339058,46.4745898],[6.8328957,46.474626],[6.832069,46.4746239],[6.8311192,46.4745973],[6.8302205,46.4745426],[6.8292959,46.4744671],[6.8278257,46.4742942],[6.8268451,46.474185],[6.8259781,46.4741151],[6.8252006,46.4740791],[6.8246548,46.4740716]]}},{"type":"Feature","properties":{"highway":"motorway","int_ref":"E 27;E 62","lanes":"2","lit":"no","maxspeed":"120","oneway":"yes","ref":"A9","toll":"yes","carriage_ref":"f","opposite_carriage_ref":"e"},"geometry":{"type":"LineString","coordinates":[[6.9438245,46.3160291],[6.9428713,46.3173073],[6.9424369,46.3179229]]}},{"type":"Feature","properties":{"highway":"motorway","int_ref":"E 35","lanes":"3","lit":"no","maxspeed":"130","name":"Autostrada Lainate-Como-Chiasso","oneway":"yes","ref":"A9","surface":"asphalt","toll":"yes","carriage_ref":"k","opposite_carriage_ref":"l"},"geometry":{"type":"LineString","coordinates":[[9.0486222,45.7722892],[9.04778,45.7693314],[9.0469619,45.7665125],[9.046482,45.7648236],[9.0448814,45.7594612],[9.0443262,45.7579037],[9.0437874,45.7567075],[9.0429061,45.7553056],[9.0417742,45.7537247],[9.0398147,45.751313],[9.0380573,45.7491593],[9.0377017,45.7487076]]}},{"type":"Feature","properties":{"highway":"motorway","int_ref":"E 62","lanes":"2","maxspeed":"100","oneway":"yes","ref":"A9","surface":"asphalt","toll":"yes","carriage_ref":"g","opposite_carriage_ref":"h"},"geometry":{"type":"LineString","coordinates":[[7.7044564,46.3092931],[7.7068715,46.3093082],[7.7093177,46.309255],[7.7096584,46.3092321]]}},{"type":"Feature","properties":{"highway":"motorway","int_ref":"E 35","lanes":"2","lit":"no","maxspeed":"20","nat_ref":"A8","oneway":"yes","ref":"A9","surface":"asphalt","carriage_ref":"l","opposite_carriage_ref":"k"},"geometry":{"type":"LineString","coordinates":[[9.0387064,45.8415311],[9.0386051,45.8415382],[9.0382962,45.8414916],[9.0380058,45.8413929],[9.0379073,45.8413534],[9.037633,45.8412432]]}},{"type":"Feature","properties":{"destination":"Sierre-ouest","highway":"motorway","int_ref":"E 62","lanes":"2","lit":"no","maxspeed":"120","oneway":"yes","ref":"A9","toll":"yes","carriage_ref":"e","opposite_carriage_ref":"f"},"geometry":{"type":"LineString","coordinates":[[7.3777954,46.232078],[7.3790904,46.233043],[7.3800998,46.233762],[7.380645,46.2341342],[7.3811518,46.2344797],[7.3817647,46.2348849]]}},{"type":"Feature","properties":{"highway":"motorway","int_ref":"E 62","lanes":"3","lit":"no","maxspeed":"120","oneway":"yes","ref":"A9","toll":"yes","carriage_ref":"f","opposite_carriage_ref":"e"},"geometry":{"type":"LineString","coordinates":[[6.5842464,46.5617315],[6.5827963,46.5619693]]}},{"type":"Feature","properties":{"bridge":"yes","highway":"motorway","int_ref":"E 23","lanes":"1","layer":"1","lit":"no","maxspeed":"120","oneway":"yes","ref":"A9","surface":"asphalt","toll":"yes","carriage_ref":"f","opposite_carriage_ref":"e"},"geometry":{"type":"LineString","coordinates":[[6.5703128,46.7266773],[6.5702965,46.7267655],[6.5702732,46.7268604],[6.5702453,46.7269535],[6.5702105,46.7270467],[6.570165,46.7271562],[6.5701105,46.7272694],[6.5700447,46.7273845],[6.5699749,46.7274951],[6.5699045,46.7275951],[6.5698272,46.7276941],[6.5697315,46.7278028],[6.5696242,46.7279137],[6.5695123,46.7280168],[6.5693937,46.7281199],[6.5692668,46.7282138],[6.569134,46.7283053],[6.5689891,46.7283991],[6.5688267,46.7284899],[6.5686898,46.728562],[6.5685422,46.7286308],[6.5683263,46.7287204],[6.568204,46.7287655],[6.5680802,46.7288089],[6.5678606,46.7288733],[6.5677015,46.7289146],[6.5675286,46.7289536],[6.5673872,46.7289813],[6.5672334,46.7290062],[6.5669911,46.7290393],[6.5667291,46.7290672],[6.5662614,46.7291052],[6.5657811,46.729141]]}},{"type":"Feature","properties":{"bridge":"yes","highway":"motorway","int_ref":"E 27;E 62","lanes":"2","layer":"1","lit":"no","maxspeed":"120","oneway":"yes","ref":"A9","toll":"yes","carriage_ref":"e","opposite_carriage_ref":"f"},"geometry":{"type":"LineString","coordinates":[[7.068609,46.1194181],[7.0687976,46.1192767]]}},{"type":"Feature","properties":{"highway":"motorway","lanes":"2","layer":"-1","length":"4230","maxspeed":"100","oneway":"yes","opening_date":"2016","ref":"A9","surface":"asphalt","toll":"yes","tunnel":"yes","tunnel:name":"Eyholz","last":"true","carriage_ref":"j","opposite_carriage_ref":"i"},"geometry":{"type":"LineString","coordinates":[[7.9263135,46.296865],[7.9257764,46.2965684],[7.9252923,46.2962385],[7.9244157,46.2955489],[7.9240249,46.2952456],[7.9228486,46.294198],[7.9171529,46.2880814],[7.9116716,46.2824916],[7.9087469,46.2802078],[7.9068346,46.279211],[7.9050089,46.278483],[7.902815,46.2779267],[7.9006809,46.277519],[7.8963154,46.2769406],[7.8905064,46.2767218],[7.8892833,46.2767292],[7.888088,46.2768649]]}},{"type":"Feature","properties":{"bridge":"yes","highway":"motorway","int_ref":"E 62","lanes":"3","layer":"1","lit":"no","maxspeed":"100","oneway":"yes","ref":"A9","toll":"yes","carriage_ref":"f","opposite_carriage_ref":"e"},"geometry":{"type":"LineString","coordinates":[[6.5981411,46.5564914],[6.5977845,46.5568627]]}},{"type":"Feature","properties":{"highway":"motorway","int_ref":"E 62","lanes":"2","lit":"no","maxspeed":"120","oneway":"yes","ref":"A9","toll":"yes","carriage_ref":"e","opposite_carriage_ref":"f"},"geometry":{"type":"LineString","coordinates":[[7.512766,46.2786922],[7.5136592,46.2790673],[7.5159364,46.2800781],[7.5173197,46.2807019]]}},{"type":"Feature","properties":{"bicycle":"no","cycleway":"no","highway":"motorway","int_ref":"E 27;E 62","lanes":"2","lit":"no","maxspeed":"120","oneway":"yes","ref":"A9","toll":"yes","carriage_ref":"f","opposite_carriage_ref":"e"},"geometry":{"type":"LineString","coordinates":[[6.9236475,46.3810514],[6.9239442,46.3816548],[6.9242274,46.3821384],[6.9244097,46.3824317],[6.924613,46.3827297],[6.924854,46.3830583],[6.9250692,46.3833345],[6.9256285,46.3839598]]}},{"type":"Feature","properties":{"bridge":"yes","highway":"motorway","int_ref":"E 62","lanes":"2","layer":"1","lit":"no","maxspeed":"120","oneway":"yes","ref":"A9","toll":"yes","carriage_ref":"f","opposite_carriage_ref":"e"},"geometry":{"type":"LineString","coordinates":[[7.2407519,46.1874228],[7.2405075,46.1872969]]}},{"type":"Feature","properties":{"bridge":"yes","highway":"motorway","int_ref":"E 23;E 25","lanes":"2","layer":"1","lit":"no","maxspeed":"120","oneway":"yes","ref":"A1;A9","surface":"asphalt","toll":"yes","carriage_ref":"e","opposite_carriage_ref":"f"},"geometry":{"type":"LineString","coordinates":[[6.5747061,46.6974231],[6.5746598,46.6972651],[6.574457,46.6965726],[6.5741806,46.6955563],[6.5740324,46.6950376],[6.5739368,46.6946382],[6.5738449,46.6942443]]}},{"type":"Feature","properties":{"highway":"motorway","int_ref":"E 27;E 62","lanes":"2","lit":"no","maxspeed":"120","oneway":"yes","ref":"A9","toll":"yes","carriage_ref":"f","opposite_carriage_ref":"e"},"geometry":{"type":"LineString","coordinates":[[6.9761007,46.2665075],[6.9750083,46.2680398],[6.9743503,46.2690145],[6.9737438,46.2699443],[6.9729864,46.2711553],[6.9720796,46.2726978],[6.9716076,46.2735471],[6.9713465,46.2740175],[6.9708234,46.2750327],[6.9704727,46.2757069],[6.9699412,46.2768176]]}},{"type":"Feature","properties":{"highway":"motorway","int_ref":"E 27;E 62","lanes":"2","lit":"no","maxspeed":"100","oneway":"yes","ref":"A9","toll":"yes","carriage_ref":"e","opposite_carriage_ref":"f"},"geometry":{"type":"LineString","coordinates":[[6.9153729,46.4395861],[6.9155702,46.4393461],[6.9157637,46.4390734],[6.9159627,46.4387473],[6.9163555,46.4380049],[6.9165461,46.4376221],[6.9167427,46.4372742],[6.9170068,46.4368199],[6.917377,46.436359],[6.9177201,46.4360239],[6.918189,46.4354949]]}},{"type":"Feature","properties":{"avz":"83","bicycle":"no","cs_dir:forward":"2","cycleway":"no","highway":"motorway","int_ref":"E 27;E 62","lanes":"2","lit":"no","maxspeed":"120","oneway":"yes","ref":"A9","ssvz":"983N","toll":"yes","carriage_ref":"f","opposite_carriage_ref":"e"},"geometry":{"type":"LineString","coordinates":[[6.9256285,46.3839598],[6.9260423,46.3843713],[6.9264991,46.3847795],[6.9269221,46.3851408]]}},{"type":"Feature","properties":{"bridge":"yes","highway":"motorway","int_ref":"E 27;E 62","lanes":"2","layer":"1","lit":"no","maxspeed":"100","oneway":"yes","ref":"A9","toll":"yes","carriage_ref":"f","opposite_carriage_ref":"e"},"geometry":{"type":"LineString","coordinates":[[6.912194,46.4416237],[6.9107254,46.4420681]]}},{"type":"Feature","properties":{"highway":"motorway","int_ref":"E 62","lanes":"2","lit":"no","maxspeed":"120","oneway":"yes","ref":"A9","toll":"yes","carriage_ref":"e","opposite_carriage_ref":"f"},"geometry":{"type":"LineString","coordinates":[[7.2962876,46.2127764],[7.2972774,46.2128125],[7.2984361,46.2128513],[7.3013058,46.2129131],[7.3028401,46.2129284],[7.3049781,46.2129562],[7.3067309,46.2129844]]}},{"type":"Feature","properties":{"destination":"Lausanne;Sion;Lötschberg","highway":"trunk","int_ref":"E 62","lanes":"1","motorroad":"yes","oneway":"yes","ref":"A9","surface":"asphalt","toll":"yes","first":"true","carriage_ref":"j","opposite_carriage_ref":"i"},"geometry":{"type":"LineString","coordinates":[[7.9689207,46.3058499],[7.9685583,46.3059216],[7.9681341,46.305959],[7.9666905,46.3060691],[7.9662508,46.3060812]]}},{"type":"Feature","properties":{"highway":"motorway","int_ref":"E 27;E 62","lanes":"2","lit":"no","maxspeed":"120","oneway":"yes","ref":"A9","toll":"yes","carriage_ref":"e","opposite_carriage_ref":"f"},"geometry":{"type":"LineString","coordinates":[[7.0262164,46.1734036],[7.0262989,46.1729425],[7.0263953,46.1724895],[7.0265344,46.1719396],[7.0266752,46.17148],[7.026825,46.1710316],[7.0269908,46.1705999],[7.0271248,46.1702638],[7.0273387,46.1697868],[7.0275722,46.1692983],[7.0279103,46.1686618],[7.0281687,46.1681769],[7.028689,46.1672126],[7.0295645,46.1655816],[7.0298523,46.1650137],[7.0301069,46.1644682],[7.0303053,46.1640265],[7.0305055,46.1635465],[7.0306033,46.1632783],[7.0307679,46.1628251],[7.0309288,46.1623169],[7.0310837,46.1617549],[7.0312235,46.1611665],[7.0313399,46.1606108],[7.0314246,46.1600887],[7.0315177,46.1593901],[7.0315784,46.1587324],[7.031608,46.1580685],[7.0316176,46.1573996],[7.0316125,46.1571591],[7.0316139,46.1556196],[7.0316187,46.1547316],[7.0316372,46.1540867],[7.0316696,46.1535026],[7.0317574,46.152712],[7.0318783,46.151991],[7.0320041,46.1514411],[7.0321441,46.1509024],[7.0323275,46.1502947],[7.0325627,46.1496269],[7.0328084,46.1490281],[7.0331133,46.1483916],[7.033386,46.1478538],[7.0336113,46.1474566],[7.0339125,46.1469579],[7.0342734,46.1464033],[7.0346065,46.1459438],[7.0350055,46.1454192],[7.0354198,46.1449144],[7.0358999,46.1443608],[7.0364294,46.1438118],[7.0370086,46.1432406],[7.0371969,46.1430701],[7.037493,46.1428074],[7.0380518,46.1423295],[7.0386158,46.1418795],[7.039263,46.1413973],[7.040055,46.1408496],[7.0406191,46.1404891],[7.0412702,46.1400862],[7.0419654,46.1396912],[7.0425743,46.1393642],[7.0434397,46.1389251],[7.0442838,46.1385115],[7.0453608,46.1380051],[7.0463012,46.1375834],[7.0486715,46.1364968],[7.0497068,46.136011],[7.0506255,46.1355699],[7.051664,46.1350316],[7.0526248,46.1344999],[7.053481,46.1340072],[7.05422,46.1335512],[7.0549345,46.1330858],[7.0557183,46.1325411],[7.0564751,46.1319978],[7.0571906,46.1314404],[7.0579625,46.1308197],[7.0580779,46.1307155],[7.0590771,46.1298417],[7.0596326,46.1293212],[7.0601869,46.1287548],[7.0607004,46.1282155],[7.0613015,46.1275484]]}},{"type":"Feature","properties":{"bridge":"yes","highway":"motorway","int_ref":"E 27;E 62","layer":"1","lit":"no","maxspeed":"120","oneway":"yes","ref":"A9","toll":"yes","carriage_ref":"f","opposite_carriage_ref":"e"},"geometry":{"type":"LineString","coordinates":[[7.0163364,46.1996659],[7.0158227,46.200203]]}},{"type":"Feature","properties":{"bridge":"yes","highway":"motorway","int_ref":"E 62","lanes":"2","layer":"1","lit":"no","maxspeed":"120","oneway":"yes","ref":"A9","toll":"yes","carriage_ref":"e","opposite_carriage_ref":"f"},"geometry":{"type":"LineString","coordinates":[[7.2694472,46.2065817],[7.2698739,46.2067703]]}},{"type":"Feature","properties":{"highway":"motorway","int_ref":"E 35","lanes":"2","layer":"1","lit":"no","maxspeed":"80","oneway":"yes","ref":"A9","source:maxspeed":"GPS survey 08.2017. Sign","surface":"asphalt","toll":"yes","carriage_ref":"l","opposite_carriage_ref":"k"},"geometry":{"type":"LineString","coordinates":[[9.0516311,45.7827582],[9.0516116,45.7835239],[9.051555,45.7839161]]}},{"type":"Feature","properties":{"bridge":"yes","highway":"motorway","int_ref":"E 27;E 62","lanes":"2","layer":"1","lit":"no","maxspeed":"100","name":"Viaduc de Chillon","name:language":"fr","oneway":"yes","ref":"A9","toll":"yes","carriage_ref":"f","opposite_carriage_ref":"e"},"geometry":{"type":"LineString","coordinates":[[6.9339461,46.403247],[6.9339814,46.4040041],[6.9339614,46.4048523],[6.9339202,46.4056255],[6.9338382,46.4064345],[6.9337539,46.4070595],[6.9335855,46.407944],[6.9334704,46.4084195],[6.9333263,46.4089742],[6.933112,46.4096513],[6.932924,46.4101964],[6.9327367,46.4105982],[6.9325606,46.4109485],[6.9323263,46.4113367],[6.9321988,46.4115541],[6.9319094,46.4119675],[6.9316345,46.4123133],[6.9312831,46.4126822],[6.9306501,46.4133618],[6.9302505,46.4138639],[6.9299353,46.4143215],[6.9297194,46.4147173],[6.9296121,46.4149549],[6.9294673,46.4153275],[6.9293707,46.4156844],[6.9292983,46.4160089],[6.9292594,46.4163621],[6.929242,46.4167607],[6.92925,46.4170435],[6.9292648,46.4173958],[6.929313,46.4177221],[6.9294137,46.4180383],[6.929593,46.4185649],[6.929884,46.419238],[6.9300904,46.4198012]]}},{"type":"Feature","properties":{"highway":"motorway","int_ref":"E 27;E 62","lanes":"2","lit":"no","maxspeed":"100","oneway":"yes","ref":"A9","toll":"yes","carriage_ref":"e","opposite_carriage_ref":"f"},"geometry":{"type":"LineString","coordinates":[[6.9337839,46.4032453],[6.9337443,46.4027993],[6.9337324,46.4025581],[6.9337214,46.4021105],[6.9337047,46.4018657]]}},{"type":"Feature","properties":{"bridge":"yes","highway":"motorway","int_ref":"E 62","lanes":"3","layer":"1","lit":"no","maxspeed":"120","oneway":"yes","ref":"A9","toll":"yes","turn:lanes":"none|none|merge_to_left","carriage_ref":"f","opposite_carriage_ref":"e"},"geometry":{"type":"LineString","coordinates":[[6.8547078,46.4767091],[6.8544059,46.4767095],[6.8542321,46.4767034]]}},{"type":"Feature","properties":{"highway":"motorway","lanes":"1","lit":"no","maxspeed":"80","oneway":"yes","ref":"A9","toll":"yes","carriage_ref":"e","opposite_carriage_ref":"f"},"geometry":{"type":"LineString","coordinates":[[6.5603568,46.5625305],[6.5606403,46.5625316],[6.5609064,46.5625484],[6.561173,46.5625862],[6.5614576,46.5626508]]}},{"type":"Feature","properties":{"highway":"motorway","int_ref":"E 35","lanes":"3","lit":"no","maxspeed":"130","name":"Autostrada Lainate-Como-Chiasso","oneway":"yes","ref":"A9","surface":"asphalt","toll":"no","carriage_ref":"k","opposite_carriage_ref":"l"},"geometry":{"type":"LineString","coordinates":[[9.0135877,45.6274378],[9.0134267,45.6245249],[9.013268,45.6215453],[9.0127945,45.6098414],[9.0124647,45.6069596],[9.0123885,45.6062938],[9.0122627,45.6045714],[9.0122611,45.6045151]]}},{"type":"Feature","properties":{"bridge":"yes","highway":"motorway","int_ref":"E 27;E 62","lanes":"2","layer":"1","lit":"no","maxspeed":"120","oneway":"yes","ref":"A9","toll":"yes","carriage_ref":"f","opposite_carriage_ref":"e"},"geometry":{"type":"LineString","coordinates":[[6.9419,46.3186666],[6.9416754,46.3189972]]}},{"type":"Feature","properties":{"bridge":"yes","highway":"motorway","int_ref":"E 27;E 62","lanes":"2","layer":"1","lit":"no","maxspeed":"120","oneway":"yes","ref":"A9","toll":"yes","carriage_ref":"f","opposite_carriage_ref":"e"},"geometry":{"type":"LineString","coordinates":[[6.895653,46.4538476],[6.8951134,46.4541337]]}},{"type":"Feature","properties":{"bicycle":"no","cycleway":"no","highway":"motorway","int_ref":"E 27;E 62","lanes":"2","lit":"no","maxspeed":"120","oneway":"yes","ref":"A9","toll":"yes","carriage_ref":"f","opposite_carriage_ref":"e"},"geometry":{"type":"LineString","coordinates":[[6.9273418,46.3482075],[6.9267649,46.3498884],[6.9263398,46.3512638],[6.9258381,46.352835],[6.9253468,46.3543757],[6.925002,46.355573],[6.9245196,46.357313],[6.9243524,46.3579276],[6.9241231,46.3587922],[6.9238133,46.3600036],[6.9236224,46.360804],[6.92327,46.3624583],[6.9231616,46.3629679],[6.9230615,46.3635489],[6.9228611,46.3646644],[6.9227165,46.3657554],[6.9225534,46.3670735],[6.9224279,46.3684098],[6.9223953,46.3688781],[6.9223481,46.3696117],[6.9223204,46.370101],[6.9222784,46.3714891],[6.9222682,46.3726647],[6.9222797,46.3733525],[6.9223007,46.3740827],[6.9223256,46.3747441],[6.9223681,46.375449],[6.9223981,46.3759323],[6.9224407,46.3763515],[6.9225435,46.3772413],[6.9226962,46.3781227],[6.9228809,46.3789159],[6.922943,46.3791453],[6.9230542,46.3794968]]}},{"type":"Feature","properties":{"highway":"motorway","int_ref":"E 27;E 62","lanes":"2","lit":"no","maxspeed":"100","oneway":"yes","ref":"A9","toll":"yes","carriage_ref":"f","opposite_carriage_ref":"e"},"geometry":{"type":"LineString","coordinates":[[6.9152075,46.4400418],[6.9149039,46.440297],[6.9146377,46.4404971],[6.914401,46.44066],[6.9139161,46.4409412],[6.9134051,46.4411838],[6.9131416,46.4412937],[6.9127726,46.4414332],[6.912194,46.4416237]]}},{"type":"Feature","properties":{"highway":"motorway","int_ref":"E 35","lanes":"2","layer":"1","lit":"no","maxspeed":"80","oneway":"yes","ref":"A9","source":"yahoo-image","surface":"asphalt","carriage_ref":"k","opposite_carriage_ref":"l"},"geometry":{"type":"LineString","coordinates":[[9.0559179,45.8196056],[9.0561964,45.8194339],[9.0565501,45.8191372]]}},{"type":"Feature","properties":{"highway":"motorway","int_ref":"E 62","lanes":"2","oneway":"yes","ref":"A9","surface":"asphalt","toll":"yes","carriage_ref":"j","opposite_carriage_ref":"i"},"geometry":{"type":"LineString","coordinates":[[7.9619582,46.3043415],[7.9615791,46.3042175],[7.959827,46.3036781],[7.9584287,46.3032424]]}},{"type":"Feature","properties":{"highway":"motorway","int_ref":"E 27;E 62","lanes":"2","layer":"1","lit":"no","maxspeed":"100","oneway":"yes","ref":"A9","toll":"yes","carriage_ref":"f","opposite_carriage_ref":"e"},"geometry":{"type":"LineString","coordinates":[[6.9306902,46.4221029],[6.9307269,46.4223838],[6.9307484,46.422718],[6.9307667,46.4230543]]}},{"type":"Feature","properties":{"highway":"motorway","int_ref":"E 62","lanes":"2","lit":"no","maxspeed":"120","oneway":"yes","ref":"A9","toll":"yes","carriage_ref":"f","opposite_carriage_ref":"e"},"geometry":{"type":"LineString","coordinates":[[7.3873419,46.2380748],[7.3862824,46.2375759],[7.3854527,46.2371613]]}},{"type":"Feature","properties":{"highway":"motorway","int_ref":"E 62","lanes":"2","lit":"no","maxspeed":"120","oneway":"yes","ref":"A9","toll":"yes","carriage_ref":"e","opposite_carriage_ref":"f"},"geometry":{"type":"LineString","coordinates":[[6.8001731,46.476423],[6.800814,46.4763248],[6.8020749,46.4761529],[6.802645,46.4760566]]}},{"type":"Feature","properties":{"destination":"St-Triphon","highway":"motorway","int_ref":"E 27;E 62","lanes":"2","lit":"no","maxspeed":"120","oneway":"yes","ref":"A9","toll":"yes","carriage_ref":"f","opposite_carriage_ref":"e"},"geometry":{"type":"LineString","coordinates":[[7.0034053,46.232197],[7.0032383,46.2325749],[7.0031342,46.2327761],[7.0028855,46.2332287],[7.002697,46.233513],[7.0025098,46.2337691],[7.0023032,46.2340504],[7.0020446,46.2343465],[7.0017949,46.2346065]]}},{"type":"Feature","properties":{"bridge":"yes","highway":"motorway","int_ref":"E 62","lanes":"2","layer":"1","lit":"no","maxspeed":"120","oneway":"yes","ref":"A9","toll":"yes","carriage_ref":"f","opposite_carriage_ref":"e"},"geometry":{"type":"LineString","coordinates":[[7.2305601,46.1824469],[7.2302094,46.1822747]]}},{"type":"Feature","properties":{"highway":"motorway","int_ref":"E 62","lanes":"2","lit":"no","maxspeed":"100","oneway":"yes","ref":"A9","toll":"yes","carriage_ref":"e","opposite_carriage_ref":"f"},"geometry":{"type":"LineString","coordinates":[[6.7169933,46.5005093],[6.7176039,46.5001472],[6.7182383,46.4998317],[6.7190309,46.4995144],[6.720074,46.4992034],[6.7206789,46.4990624],[6.7217812,46.498912],[6.7226435,46.4988695],[6.7233766,46.4988867],[6.724082,46.4989437],[6.7246916,46.4990151],[6.725399,46.4991146],[6.726656,46.4993188],[6.7273544,46.4994115]]}},{"type":"Feature","properties":{"highway":"motorway","int_ref":"E 62","lanes":"2","lit":"no","maxspeed":"100","oneway":"yes","ref":"A9","toll":"yes","carriage_ref":"e","opposite_carriage_ref":"f"},"geometry":{"type":"LineString","coordinates":[[6.7309161,46.4998015],[6.731821,46.4998387],[6.7326907,46.4998491],[6.7333396,46.4998337],[6.7340081,46.4997991]]}},{"type":"Feature","properties":{"bridge":"yes","highway":"motorway","int_ref":"E 62","lanes":"3","layer":"1","lit":"no","maxspeed":"120","oneway":"yes","ref":"A9","toll":"yes","carriage_ref":"f","opposite_carriage_ref":"e"},"geometry":{"type":"LineString","coordinates":[[6.5934402,46.5600523],[6.5929965,46.5602027],[6.5926337,46.5603141],[6.5923038,46.5604092],[6.5918673,46.5605276],[6.5913653,46.5606476]]}},{"type":"Feature","properties":{"highway":"motorway","int_ref":"E 62","lanes":"2","layer":"-1","lit":"yes","maxspeed":"100","name":"Tunnel de Belmont","oneway":"yes","ref":"A9","toll":"yes","tunnel":"yes","tunnel:name":"Belmont","carriage_ref":"f","opposite_carriage_ref":"e"},"geometry":{"type":"LineString","coordinates":[[6.6834656,46.5206561],[6.6827371,46.5216179],[6.6824232,46.522044],[6.6821361,46.5225602],[6.6815284,46.5237909]]}},{"type":"Feature","properties":{"destination":"Aigle","highway":"motorway","int_ref":"E 27;E 62","lanes":"2","lit":"no","maxspeed":"120","oneway":"yes","ref":"A9","toll":"yes","carriage_ref":"f","opposite_carriage_ref":"e"},"geometry":{"type":"LineString","coordinates":[[6.9699412,46.2768176],[6.9684758,46.279872]]}},{"type":"Feature","properties":{"highway":"motorway","int_ref":"E 23","lanes":"3","lit":"no","maxspeed":"120","oneway":"yes","ref":"A9","toll":"yes","carriage_ref":"e","opposite_carriage_ref":"f"},"geometry":{"type":"LineString","coordinates":[[6.533374,46.7431967],[6.5335564,46.7431692],[6.5339247,46.743112],[6.5343075,46.743045],[6.5346883,46.7429726],[6.534932,46.7429203],[6.535176,46.7428662]]}},{"type":"Feature","properties":{"highway":"motorway","int_ref":"E 35","lanes":"2","lit":"no","maxspeed":"40","oneway":"yes","overtaking:hgv":"no","ref":"A9","shoulder":"none","source:maxspeed":"sign","surface":"asphalt","carriage_ref":"k","opposite_carriage_ref":"l"},"geometry":{"type":"LineString","coordinates":[[9.0356883,45.8393888],[9.0358486,45.8395864],[9.036171,45.8399436],[9.0363781,45.8400706],[9.0365325,45.8401493]]}},{"type":"Feature","properties":{"highway":"motorway","int_ref":"E 62","lanes":"2","lit":"no","maxspeed":"120","oneway":"yes","ref":"A9","toll":"yes","carriage_ref":"f","opposite_carriage_ref":"e"},"geometry":{"type":"LineString","coordinates":[[6.6986687,46.5151131],[6.6981773,46.5153432]]}},{"type":"Feature","properties":{"highway":"motorway","int_ref":"E 27;E 62","lanes":"2","layer":"-1","lit":"yes","maxspeed":"100","name":"Tunnel de l'Arzilier","oneway":"yes","ref":"A9","toll":"yes","tunnel":"yes","tunnel:name":"Arzilier","carriage_ref":"e","opposite_carriage_ref":"f"},"geometry":{"type":"LineString","coordinates":[[7.0037238,46.2258526],[7.0038115,46.225561],[7.0039848,46.2251397],[7.004217,46.2247065],[7.0054914,46.2227119]]}},{"type":"Feature","properties":{"highway":"motorway","int_ref":"E 35","lanes":"2","lit":"no","name":"Autostrada Lainate-Como-Chiasso","oneway":"yes","ref":"A9","surface":"asphalt","toll":"yes","carriage_ref":"k","opposite_carriage_ref":"l"},"geometry":{"type":"LineString","coordinates":[[9.0377017,45.7487076],[9.037222,45.7480748]]}},{"type":"Feature","properties":{"bridge":"yes","highway":"motorway","int_ref":"E 62","lanes":"2","layer":"1","lit":"no","maxspeed":"120","oneway":"yes","ref":"A9","toll":"yes","carriage_ref":"e","opposite_carriage_ref":"f"},"geometry":{"type":"LineString","coordinates":[[6.7982062,46.4769248],[6.7986261,46.4767918],[6.7993873,46.476586],[6.7996798,46.4765196],[6.8001731,46.476423]]}},{"type":"Feature","properties":{"highway":"motorway","int_ref":"E 62","lanes":"2","lit":"no","maxspeed":"100","oneway":"yes","ref":"A9","toll":"yes","carriage_ref":"e","opposite_carriage_ref":"f"},"geometry":{"type":"LineString","coordinates":[[6.7128896,46.5031332],[6.7134572,46.5027689],[6.7140303,46.5023863],[6.7153411,46.5015249]]}},{"type":"Feature","properties":{"highway":"motorway","int_ref":"E 23;E 25","lanes":"2","lit":"no","maxspeed":"120","oneway":"yes","ref":"A1;A9","surface":"asphalt","toll":"yes","tunnel":"yes","carriage_ref":"e","opposite_carriage_ref":"f"},"geometry":{"type":"LineString","coordinates":[[6.5722028,46.6564646],[6.5720751,46.6560479]]}},{"type":"Feature","properties":{"highway":"motorway","lanes":"2","maxspeed":"100","oneway":"yes","opening_date":"2016","ref":"A9","surface":"asphalt","toll":"yes","carriage_ref":"i","opposite_carriage_ref":"j"},"geometry":{"type":"LineString","coordinates":[[7.9284022,46.2975564],[7.9287782,46.2976886],[7.9298952,46.2980677],[7.9306845,46.2983054],[7.9312821,46.2984803]]}},{"type":"Feature","properties":{"highway":"motorway","int_ref":"E 62","lanes":"3","lit":"no","maxspeed":"120","oneway":"yes","ref":"A9","toll":"yes","carriage_ref":"e","opposite_carriage_ref":"f"},"geometry":{"type":"LineString","coordinates":[[6.649304,46.5423516],[6.6496353,46.5422679],[6.6499842,46.5421651],[6.6505763,46.5419648],[6.6511897,46.5417293]]}},{"type":"Feature","properties":{"highway":"motorway","int_ref":"E 62","lanes":"2","lit":"no","maxspeed":"120","oneway":"yes","ref":"A9","toll":"yes","carriage_ref":"e","opposite_carriage_ref":"f"},"geometry":{"type":"LineString","coordinates":[[7.2306113,46.1823429],[7.233418,46.1837251],[7.2345489,46.1842637],[7.2355791,46.184766],[7.2375731,46.1857236],[7.239813,46.186832],[7.2405563,46.1872132]]}},{"type":"Feature","properties":{"bridge":"yes","highway":"motorway","int_ref":"E 62","lanes":"2","layer":"1","lit":"no","maxspeed":"120","oneway":"yes","ref":"A9","toll":"yes","carriage_ref":"f","opposite_carriage_ref":"e"},"geometry":{"type":"LineString","coordinates":[[6.6540039,46.5407299],[6.6535686,46.5409065]]}},{"type":"Feature","properties":{"highway":"motorway","int_ref":"E 62","lanes":"2","lit":"no","maxspeed":"100","oneway":"yes","ref":"A9","source":"mise à jour : 2009;cadastre-dgi-fr source : Direction Générale des Impôts - Cadastre","toll":"yes","carriage_ref":"e","opposite_carriage_ref":"f"},"geometry":{"type":"LineString","coordinates":[[6.6849688,46.5191575],[6.6857267,46.5186977],[6.685973,46.5185754],[6.6863488,46.5183888],[6.6867834,46.518173],[6.687745,46.5177798],[6.6881421,46.5176508]]}},{"type":"Feature","properties":{"highway":"motorway","int_ref":"E 62","lanes":"2","lit":"no","maxspeed":"120","oneway":"yes","ref":"A9","toll":"yes","carriage_ref":"e","opposite_carriage_ref":"f"},"geometry":{"type":"LineString","coordinates":[[6.7873757,46.4818032],[6.7877803,46.4817136],[6.7886014,46.481515],[6.7891471,46.4813447],[6.7900938,46.4810135],[6.7908393,46.4807004],[6.7916665,46.4802981],[6.7926457,46.4797775],[6.7941519,46.4789393],[6.7960727,46.4778926],[6.7968717,46.4774809],[6.7972086,46.4773216],[6.7976208,46.4771429],[6.7982062,46.4769248]]}},{"type":"Feature","properties":{"highway":"motorway","int_ref":"E 62","lanes":"2","lit":"no","maxspeed":"120","oneway":"yes","ref":"A9","toll":"yes","carriage_ref":"e","opposite_carriage_ref":"f"},"geometry":{"type":"LineString","coordinates":[[7.1505835,46.1464877],[7.1524932,46.1477104],[7.1544109,46.1489083]]}},{"type":"Feature","properties":{"avz":"268","cs_dir:forward":"2","highway":"motorway","int_ref":"E 27;E 62","lit":"no","maxspeed":"100","oneway":"yes","ref":"A9","toll":"yes","carriage_ref":"f","opposite_carriage_ref":"e"},"geometry":{"type":"LineString","coordinates":[[7.0071904,46.2203733],[7.0065613,46.221517]]}},{"type":"Feature","properties":{"highway":"motorway","int_ref":"E 62","lanes":"2","lit":"no","maxspeed":"100","oneway":"yes","ref":"A9","toll":"yes","carriage_ref":"e","opposite_carriage_ref":"f"},"geometry":{"type":"LineString","coordinates":[[6.7000856,46.5141353],[6.700262,46.5140106],[6.7005879,46.5137675],[6.7008823,46.5135332],[6.7013796,46.5130955],[6.7018016,46.5126774],[6.7022155,46.5122015],[6.7027298,46.5115732],[6.7030612,46.5111288],[6.7035237,46.5106871],[6.70381,46.5104369],[6.7040758,46.5102231],[6.704331,46.5100328],[6.7045553,46.5098812],[6.704842,46.5096969],[6.7051316,46.5095155],[6.7057898,46.5091295]]}},{"type":"Feature","properties":{"highway":"motorway","int_ref":"E 35","lanes":"3","lit":"no","maxspeed":"60","name":"Autostrada Lainate-Como-Chiasso","oneway":"yes","ref":"A9","surface":"asphalt","toll":"yes","carriage_ref":"l","opposite_carriage_ref":"k"},"geometry":{"type":"LineString","coordinates":[[9.0482408,45.7702402],[9.0486498,45.7716178],[9.0488343,45.7722221],[9.0489463,45.7725173],[9.0491965,45.7729847]]}},{"type":"Feature","properties":{"avz":"165","cs_dir:forward":"1","highway":"motorway","int_ref":"E 27;E 62","lanes":"2","lit":"no","maxspeed":"120","oneway":"yes","ref":"A9","ssvz":"862N","toll":"yes","carriage_ref":"e","opposite_carriage_ref":"f"},"geometry":{"type":"LineString","coordinates":[[7.0687976,46.1192767],[7.0693013,46.118918],[7.0699204,46.1184985],[7.0706616,46.1180309],[7.0712291,46.1176954],[7.0715393,46.1175193],[7.0717248,46.1174143]]}},{"type":"Feature","properties":{"highway":"motorway","int_ref":"E 62","lanes":"2","lit":"no","maxspeed":"100","oneway":"yes","ref":"A9","toll":"yes","carriage_ref":"f","opposite_carriage_ref":"e"},"geometry":{"type":"LineString","coordinates":[[6.7526257,46.4933021],[6.7523948,46.4933806],[6.7520797,46.4935011],[6.7517745,46.493631]]}},{"type":"Feature","properties":{"highway":"motorway","int_ref":"E 62","lanes":"4","lit":"no","maxspeed":"120","oneway":"yes","ref":"A9","toll":"yes","turn:lanes":"through|through|through|slight_right","carriage_ref":"f","opposite_carriage_ref":"e"},"geometry":{"type":"LineString","coordinates":[[6.6282405,46.5483114],[6.6279929,46.5484671],[6.6273153,46.5488589]]}},{"type":"Feature","properties":{"highway":"motorway","int_ref":"E 62","lanes":"2","maxspeed":"100","oneway":"yes","ref":"A9","surface":"asphalt","toll":"yes","carriage_ref":"h","opposite_carriage_ref":"g"},"geometry":{"type":"LineString","coordinates":[[7.7093239,46.3094145],[7.7068715,46.3094656],[7.7040744,46.3093969]]}},{"type":"Feature","properties":{"bridge":"yes","destination":"Vevey","highway":"motorway","int_ref":"E 62","lanes":"2","layer":"1","lit":"no","maxspeed":"120","oneway":"yes","ref":"A9","toll":"yes","carriage_ref":"e","opposite_carriage_ref":"f"},"geometry":{"type":"LineString","coordinates":[[6.7684901,46.488168],[6.7687664,46.4880369]]}},{"type":"Feature","properties":{"bridge":"yes","highway":"motorway","int_ref":"E 27;E 62","lanes":"2","layer":"1","lit":"no","maxspeed":"120","oneway":"yes","ref":"A9","toll":"yes","carriage_ref":"f","opposite_carriage_ref":"e"},"geometry":{"type":"LineString","coordinates":[[7.0133633,46.2028633],[7.0128947,46.2034324],[7.0122332,46.204334]]}},{"type":"Feature","properties":{"highway":"motorway","int_ref":"E 23;E 25","lanes":"2","lit":"no","maxspeed":"120","oneway":"yes","ref":"A1;A9","surface":"asphalt","toll":"yes","carriage_ref":"f","opposite_carriage_ref":"e"},"geometry":{"type":"LineString","coordinates":[[6.5571969,46.5715925],[6.5568297,46.5733098],[6.5564252,46.5752753],[6.5563528,46.5756841],[6.5560182,46.5774469],[6.555886,46.5781468],[6.5555596,46.5800707],[6.5554072,46.5810318],[6.5552173,46.5822848],[6.5549655,46.5839699],[6.5549437,46.5841417]]}},{"type":"Feature","properties":{"highway":"motorway","int_ref":"E 27;E 62","lanes":"2","lit":"no","maxspeed":"120","oneway":"yes","ref":"A9","toll":"yes","carriage_ref":"f","opposite_carriage_ref":"e"},"geometry":{"type":"LineString","coordinates":[[7.0220923,46.1933684],[7.021232,46.1944639],[7.0201172,46.1957445],[7.0194971,46.1964301],[7.0181902,46.1978025]]}},{"type":"Feature","properties":{"highway":"motorway","int_ref":"E 23;E 25","lanes":"2","lit":"no","maxspeed":"120","oneway":"yes","ref":"A1;A9","surface":"asphalt","toll":"yes","carriage_ref":"f","opposite_carriage_ref":"e"},"geometry":{"type":"LineString","coordinates":[[6.5725973,46.6607441],[6.5725154,46.661185],[6.5723148,46.661986],[6.572122,46.6626375]]}},{"type":"Feature","properties":{"bridge":"yes","highway":"motorway","int_ref":"E 62","lanes":"2","layer":"1","maxspeed":"100","oneway":"yes","ref":"A9","surface":"asphalt","toll":"yes","carriage_ref":"j","opposite_carriage_ref":"i"},"geometry":{"type":"LineString","coordinates":[[7.9421538,46.3030015],[7.9414254,46.3028989],[7.9407824,46.3027782]]}},{"type":"Feature","properties":{"bridge":"yes","highway":"motorway","int_ref":"E 35","lanes":"3","layer":"1","lit":"no","loc_name":"Autostrada Milano-Como-Chiasso","maxspeed":"130","name":"Autostrada Lainate-Como-Chiasso","oneway":"yes","ref":"A9","surface":"asphalt","toll":"no","first":"true","carriage_ref":"l","opposite_carriage_ref":"k"},"geometry":{"type":"LineString","coordinates":[[9.0113654,45.5819156],[9.0113974,45.5823383]]}},{"type":"Feature","properties":{"bridge":"yes","highway":"motorway","int_ref":"E 23;E 25","lanes":"2","layer":"1","lit":"no","maxspeed":"120","oneway":"yes","ref":"A1;A9","surface":"asphalt","toll":"yes","carriage_ref":"e","opposite_carriage_ref":"f"},"geometry":{"type":"LineString","coordinates":[[6.5721897,46.7205836],[6.5732774,46.7196418],[6.5743024,46.7187357],[6.5754185,46.717715]]}},{"type":"Feature","properties":{"avz":"64","highway":"motorway","int_ref":"E 62","lanes":"4","lit":"no","maxspeed":"120","oneway":"yes","ref":"A9","ssvz":"930N","toll":"yes","turn:lanes":"through|through|through|slight_right","carriage_ref":"f","opposite_carriage_ref":"e"},"geometry":{"type":"LineString","coordinates":[[6.6296838,46.5473036],[6.6291101,46.5477332]]}},{"type":"Feature","properties":{"highway":"trunk","int_ref":"E 62","lanes":"1","motorroad":"yes","oneway":"yes","ref":"A9","surface":"asphalt","toll":"yes","carriage_ref":"j","opposite_carriage_ref":"i"},"geometry":{"type":"LineString","coordinates":[[7.9644919,46.3055774],[7.9639915,46.3052486],[7.9634969,46.3049429],[7.9630709,46.3047404],[7.9619582,46.3043415]]}},{"type":"Feature","properties":{"highway":"motorway","int_ref":"E 27;E 62","lanes":"3","lit":"no","maxspeed":"120","oneway":"yes","ref":"A9","toll":"yes","carriage_ref":"e","opposite_carriage_ref":"f"},"geometry":{"type":"LineString","coordinates":[[7.01607,46.1997373],[7.0176644,46.1981035]]}},{"type":"Feature","properties":{"highway":"motorway","int_ref":"E 35","lanes":"2","lit":"no","maxspeed":"80","oneway":"yes","ref":"A9","surface":"asphalt","carriage_ref":"l","opposite_carriage_ref":"k"},"geometry":{"type":"LineString","coordinates":[[9.0432057,45.8284272],[9.0422834,45.8295994],[9.0419478,45.8300521],[9.0417114,45.8304234],[9.0415449,45.8307325],[9.041389,45.8310669],[9.0412837,45.8313757],[9.0411567,45.8317875]]}},{"type":"Feature","properties":{"highway":"motorway","int_ref":"E 62","lanes":"3","lit":"no","maxspeed":"80","oneway":"yes","ref":"A9","toll":"yes","turn:lanes":"slight_left|slight_right|slight_right","carriage_ref":"f","opposite_carriage_ref":"e"},"geometry":{"type":"LineString","coordinates":[[6.5683954,46.5645328],[6.5681608,46.5645197],[6.5674915,46.5644527]]}},{"type":"Feature","properties":{"highway":"motorway","int_ref":"E 35","lanes":"2","lit":"no","maxspeed":"80","oneway":"yes","ref":"A9","source":"yahoo-image","surface":"asphalt","carriage_ref":"l","opposite_carriage_ref":"k"},"geometry":{"type":"LineString","coordinates":[[9.0596619,45.8139991],[9.0596364,45.8140456],[9.0595195,45.8142557],[9.0593837,45.814441],[9.059239,45.8146209]]}},{"type":"Feature","properties":{"highway":"motorway","int_ref":"E 27;E 62","lanes":"2","lit":"no","maxspeed":"120","oneway":"yes","ref":"A9","toll":"yes","carriage_ref":"f","opposite_carriage_ref":"e"},"geometry":{"type":"LineString","coordinates":[[6.9934618,46.2463964],[6.9931351,46.2468723],[6.9921864,46.2482105],[6.9915727,46.2490402],[6.9897396,46.251341],[6.9886373,46.2526193],[6.9878491,46.253494],[6.986933,46.2544816],[6.9861772,46.2552622],[6.9844224,46.2570203],[6.9826799,46.258767],[6.981733,46.2597563],[6.9808097,46.2607658],[6.9803029,46.261324],[6.9798785,46.2618031],[6.9792505,46.2625319],[6.9784316,46.2635069],[6.9777302,46.2643838],[6.9770396,46.2652666],[6.9767153,46.2656819]]}},{"type":"Feature","properties":{"bridge":"yes","highway":"motorway","int_ref":"E 35","lanes":"2","layer":"1","lit":"no","name":"Autostrada Lainate-Como-Chiasso","oneway":"yes","ref":"A9","surface":"asphalt","toll":"no","carriage_ref":"k","opposite_carriage_ref":"l"},"geometry":{"type":"LineString","coordinates":[[9.0199389,45.6998727],[9.0198627,45.6996222]]}},{"type":"Feature","properties":{"highway":"motorway","int_ref":"E 27;E 62","lanes":"2","lit":"no","maxspeed":"100","oneway":"yes","ref":"A9","toll":"yes","carriage_ref":"e","opposite_carriage_ref":"f"},"geometry":{"type":"LineString","coordinates":[[6.8722922,46.4674367],[6.8730585,46.4669374],[6.8734572,46.4666515],[6.8738435,46.466358],[6.8743905,46.4659243],[6.8748678,46.4654996],[6.8753003,46.4650869],[6.8757623,46.4645976],[6.8762245,46.4640542],[6.87658,46.4635983],[6.8769867,46.4630229],[6.8773606,46.4624318],[6.8777281,46.4617645],[6.8782424,46.4608371],[6.8785746,46.4603252],[6.8787836,46.4600424],[6.8790248,46.4597577],[6.8792765,46.4595036],[6.8796275,46.4591914],[6.8799864,46.458919],[6.8803931,46.4586572],[6.8807908,46.4584184],[6.8812178,46.458211],[6.8816888,46.4580205],[6.8821782,46.4578492],[6.8826899,46.4577011],[6.8831707,46.4575883],[6.8837293,46.4574694],[6.8842404,46.4573789],[6.8860844,46.4570627],[6.8865044,46.4569842],[6.8872411,46.4568297],[6.8878737,46.4566856],[6.888509,46.4565262],[6.8891795,46.456347],[6.8895242,46.4562444]]}},{"type":"Feature","properties":{"bridge":"yes","highway":"motorway","int_ref":"E 27;E 62","lanes":"2","layer":"1","lit":"no","maxspeed":"120","oneway":"yes","ref":"A9","toll":"yes","carriage_ref":"e","opposite_carriage_ref":"f"},"geometry":{"type":"LineString","coordinates":[[7.0015035,46.2347039],[7.0017383,46.2344711]]}},{"type":"Feature","properties":{"highway":"motorway","int_ref":"E 27;E 62","lanes":"2","lit":"no","maxspeed":"120","oneway":"yes","ref":"A9","toll":"yes","carriage_ref":"f","opposite_carriage_ref":"e"},"geometry":{"type":"LineString","coordinates":[[6.8951134,46.4541337],[6.8947307,46.4543297],[6.8938982,46.454756]]}},{"type":"Feature","properties":{"bridge":"yes","highway":"motorway","int_ref":"E 62","lanes":"2","layer":"1","lit":"no","maxspeed":"120","oneway":"yes","ref":"A9","toll":"yes","carriage_ref":"f","opposite_carriage_ref":"e"},"geometry":{"type":"LineString","coordinates":[[6.7517745,46.493631],[6.7513037,46.4938724],[6.7507771,46.4941983],[6.7503456,46.4945215]]}},{"type":"Feature","properties":{"bridge":"yes","highway":"motorway","int_ref":"E 62","lanes":"3","layer":"1","lit":"no","maxspeed":"120","oneway":"yes","ref":"A9","toll":"yes","carriage_ref":"e","opposite_carriage_ref":"f"},"geometry":{"type":"LineString","coordinates":[[6.5912452,46.5605483],[6.5918096,46.5604128],[6.5922529,46.5602945],[6.5926147,46.560193],[6.5929202,46.5600999],[6.593357,46.5599479]]}},{"type":"Feature","properties":{"highway":"motorway","int_ref":"E 35","lanes":"2","layer":"1","lit":"no","maxspeed":"80","oneway":"yes","ref":"A9","source":"yahoo-image","surface":"asphalt","carriage_ref":"l","opposite_carriage_ref":"k"},"geometry":{"type":"LineString","coordinates":[[9.0534137,45.8211335],[9.0529529,45.8214047],[9.0522642,45.8217792],[9.0515673,45.8220724],[9.0498209,45.8226969]]}},{"type":"Feature","properties":{"highway":"motorway","int_ref":"E 62","lanes":"3","lit":"no","maxspeed":"120","oneway":"yes","ref":"A9","toll":"yes","carriage_ref":"f","opposite_carriage_ref":"e"},"geometry":{"type":"LineString","coordinates":[[6.6527393,46.5412349],[6.6521362,46.5414815],[6.6512826,46.5418273],[6.6506127,46.5420807],[6.6494341,46.5424402],[6.6490814,46.5425236]]}},{"type":"Feature","properties":{"covered":"yes","highway":"motorway","int_ref":"E 35","lanes":"2","lit":"no","maxspeed":"20","name":"Autostrada Lainate-Como-Chiasso","nat_ref":"A8","oneway":"yes","ref":"A9","surface":"asphalt","carriage_ref":"l","opposite_carriage_ref":"k"},"geometry":{"type":"LineString","coordinates":[[9.037633,45.8412432],[9.0374821,45.8411826],[9.0370253,45.8409844]]}},{"type":"Feature","properties":{"highway":"motorway","int_ref":"E 27;E 62","lanes":"2","lit":"no","maxspeed":"120","oneway":"yes","ref":"A9","toll":"yes","carriage_ref":"f","opposite_carriage_ref":"e"},"geometry":{"type":"LineString","coordinates":[[6.9684758,46.279872],[6.9679886,46.2808487],[6.9676964,46.2814246]]}},{"type":"Feature","properties":{"bridge":"yes","highway":"motorway","int_ref":"E 62","layer":"1","lit":"no","oneway":"yes","ref":"A9","toll":"yes","carriage_ref":"e","opposite_carriage_ref":"f"},"geometry":{"type":"LineString","coordinates":[[6.7340081,46.4997991],[6.7343693,46.4997754],[6.7347257,46.4997465],[6.7350487,46.4997066],[6.7354137,46.4996432],[6.7357823,46.4995641],[6.7361285,46.4994788],[6.7364012,46.499401],[6.7368077,46.4992691],[6.7371786,46.4991354],[6.737475,46.4990117],[6.7377999,46.4988654]]}},{"type":"Feature","properties":{"highway":"motorway","int_ref":"E 23","lanes":"3","lit":"no","maxspeed":"120","oneway":"yes","ref":"A9","toll":"yes","carriage_ref":"e","opposite_carriage_ref":"f"},"geometry":{"type":"LineString","coordinates":[[6.5272612,46.7434432],[6.527486,46.7434559],[6.5277076,46.7434662],[6.5280551,46.7434793],[6.5284305,46.7434881],[6.5288234,46.7434953],[6.5292193,46.7434962],[6.5293571,46.743496]]}},{"type":"Feature","properties":{"highway":"motorway","int_ref":"E 62","lanes":"3","lit":"no","maxspeed":"120","oneway":"yes","ref":"A9","toll":"yes","carriage_ref":"f","opposite_carriage_ref":"e"},"geometry":{"type":"LineString","coordinates":[[6.5823893,46.5620399],[6.5812821,46.5622481],[6.5804152,46.5624248],[6.5792616,46.5626653],[6.5781023,46.562934]]}},{"type":"Feature","properties":{"highway":"motorway","int_ref":"E 62","lanes":"4","lit":"no","maxspeed":"120","oneway":"yes","ref":"A9","toll":"yes","turn:lanes":"through|through|through|merge_to_left","carriage_ref":"e","opposite_carriage_ref":"f"},"geometry":{"type":"LineString","coordinates":[[6.629004,46.547641],[6.6295564,46.5472357],[6.6299201,46.546945]]}},{"type":"Feature","properties":{"highway":"motorway","int_ref":"E 62","lanes":"2","lit":"no","maxspeed":"120","oneway":"yes","ref":"A9","toll":"yes","carriage_ref":"e","opposite_carriage_ref":"f"},"geometry":{"type":"LineString","coordinates":[[6.8246506,46.4739542],[6.8252094,46.4739635],[6.8259983,46.4739994],[6.8268486,46.474071],[6.8283832,46.4742377],[6.8293482,46.4743366],[6.8301358,46.4743968],[6.8310311,46.474447],[6.8320642,46.4744755],[6.8330104,46.4744738],[6.8346573,46.4744008],[6.8355148,46.4743366],[6.8362257,46.4742647],[6.8374573,46.4741546],[6.8379532,46.4741242],[6.8384569,46.4741008],[6.8388766,46.4740912],[6.839425,46.474088],[6.8398371,46.4741009],[6.8404485,46.4741249],[6.8409585,46.4741665],[6.841445,46.4742169],[6.8422724,46.4743331],[6.8428472,46.4744384],[6.8432829,46.4745346],[6.8438598,46.4746698],[6.8443627,46.4748027],[6.8450009,46.4749751],[6.8463023,46.4753387],[6.8471756,46.4755746]]}},{"type":"Feature","properties":{"highway":"motorway","int_ref":"E 23;E 25","lanes":"2","lit":"no","maxspeed":"120","oneway":"yes","ref":"A1;A9","surface":"asphalt","toll":"yes","carriage_ref":"f","opposite_carriage_ref":"e"},"geometry":{"type":"LineString","coordinates":[[6.5723613,46.6564601],[6.572511,46.6570122],[6.5726284,46.657666],[6.572671,46.657998],[6.5726981,46.6582857],[6.5727355,46.6589366],[6.5727334,46.6594905],[6.572704,46.6598669],[6.5726701,46.6602422]]}},{"type":"Feature","properties":{"destination":"Villeneuve","highway":"motorway","int_ref":"E 27;E 62","lanes":"2","lit":"no","maxspeed":"120","oneway":"yes","ref":"A9","toll":"yes","carriage_ref":"f","opposite_carriage_ref":"e"},"geometry":{"type":"LineString","coordinates":[[6.9424369,46.3179229],[6.9419,46.3186666]]}},{"type":"Feature","properties":{"highway":"motorway","int_ref":"E 23;E 25","lanes":"3","lit":"no","maxspeed":"120","oneway":"yes","ref":"A1;A9","surface":"asphalt","toll":"yes","turn:lanes":"none|none|merge_to_left","carriage_ref":"e","opposite_carriage_ref":"f"},"geometry":{"type":"LineString","coordinates":[[6.5696656,46.72596],[6.5696618,46.7257811],[6.5696636,46.725603],[6.5696734,46.7253318],[6.5696993,46.7250549],[6.5697384,46.7247797],[6.5697893,46.7245093],[6.5698543,46.7242379],[6.5699324,46.7239696],[6.5700269,46.7236932],[6.5701123,46.7234751],[6.5701713,46.7233345],[6.5702347,46.7231963],[6.5703192,46.7230214]]}},{"type":"Feature","properties":{"bridge":"yes","highway":"motorway","int_ref":"E 62","lanes":"2","layer":"1","lit":"no","maxspeed":"120","oneway":"yes","ref":"A9","toll":"yes","carriage_ref":"e","opposite_carriage_ref":"f"},"geometry":{"type":"LineString","coordinates":[[7.361952,46.2234518],[7.3625267,46.2235916],[7.3630762,46.2237304],[7.3640152,46.2239997],[7.3645936,46.2241782],[7.3651985,46.2243765],[7.3658109,46.2245925],[7.3665309,46.2248605],[7.3672282,46.2251446]]}},{"type":"Feature","properties":{"highway":"motorway","int_ref":"E 27;E 62","lanes":"2","lit":"no","maxspeed":"120","oneway":"yes","ref":"A9","toll":"yes","carriage_ref":"f","opposite_carriage_ref":"e"},"geometry":{"type":"LineString","coordinates":[[6.956516,46.2993936],[6.9553425,46.3011826]]}},{"type":"Feature","properties":{"destination":"Simplon;Gd-St-Bernard","highway":"motorway","int_ref":"E 27;E 62","lanes":"2","lit":"no","maxspeed":"120","oneway":"yes","ref":"A9","surface":"asphalt","toll":"yes","carriage_ref":"e","opposite_carriage_ref":"f"},"geometry":{"type":"LineString","coordinates":[[7.0717248,46.1174143],[7.0725664,46.1169789],[7.073156,46.1166867],[7.0737739,46.1164],[7.0743889,46.1161422],[7.0754872,46.1157047],[7.0761159,46.1154737],[7.076786,46.115253]]}},{"type":"Feature","properties":{"avz":"269","cs_dir:forward":"1","description":"Ancien-Sierre - Plantzette","highway":"motorway","int_ref":"E 62","lanes":"2","layer":"-2","lit":"yes","maxspeed":"100","name":"Sierre","oneway":"yes","ref":"A9","surface":"asphalt","toll":"yes","tunnel":"yes","tunnel:name":"Sierre","carriage_ref":"e","opposite_carriage_ref":"f"},"geometry":{"type":"LineString","coordinates":[[7.5173197,46.2807019],[7.5202201,46.2820457],[7.5235858,46.2830481],[7.5289738,46.2839939],[7.5307226,46.2844814],[7.5341789,46.2859346],[7.5352191,46.2862004],[7.536383,46.2863464],[7.5370766,46.2863866],[7.5374151,46.2863822],[7.5395733,46.2862345],[7.5417356,46.2860791],[7.5438756,46.2857529],[7.5475536,46.2852153]]}},{"type":"Feature","properties":{"bridge":"yes","destination":"Bex","highway":"motorway","int_ref":"E 27;E 62","lanes":"2","lit":"no","maxspeed":"120","oneway":"yes","ref":"A9","toll":"yes","carriage_ref":"f","opposite_carriage_ref":"e"},"geometry":{"type":"LineString","coordinates":[[7.0180097,46.1979921],[7.0178397,46.198163]]}},{"type":"Feature","properties":{"highway":"motorway","int_ref":"E 23","lanes":"2","lit":"no","maxspeed":"120","oneway":"yes","ref":"A9","toll":"yes","carriage_ref":"f","opposite_carriage_ref":"e"},"geometry":{"type":"LineString","coordinates":[[6.527255,46.7435253],[6.5269392,46.7435057],[6.5266862,46.7434879]]}},{"type":"Feature","properties":{"highway":"trunk","int_ref":"E 23","lanes":"2","lit":"no","maxspeed":"100","oneway":"yes","ref":"A9","toll":"yes","last":"true","carriage_ref":"f","opposite_carriage_ref":"e"},"geometry":{"type":"LineString","coordinates":[[6.5266862,46.7434879],[6.5261623,46.7434377],[6.5257835,46.7433962],[6.5253919,46.7433468],[6.5250169,46.7432941],[6.5246506,46.7432375],[6.5242907,46.7431773],[6.5238442,46.7430699]]}},{"type":"Feature","properties":{"highway":"motorway","int_ref":"E 27;E 62","lanes":"2","lit":"yes","maxspeed":"120","oneway":"yes","ref":"A9","toll":"yes","carriage_ref":"f","opposite_carriage_ref":"e"},"geometry":{"type":"LineString","coordinates":[[7.0039698,46.2261437],[7.0038674,46.226499],[7.0037808,46.226934],[7.0037502,46.2272885],[7.0037402,46.2277236],[7.003766,46.2283573],[7.0038292,46.2291318]]}},{"type":"Feature","properties":{"highway":"motorway","int_ref":"E 62","lanes":"2","lit":"no","maxspeed":"100","oneway":"yes","ref":"A9","toll":"yes","carriage_ref":"f","opposite_carriage_ref":"e"},"geometry":{"type":"LineString","coordinates":[[6.7685625,46.488264],[6.7676903,46.4886793],[6.7653348,46.4897889],[6.7641498,46.4903284],[6.7632818,46.4906984]]}},{"type":"Feature","properties":{"highway":"motorway","int_ref":"E 62","lanes":"2","layer":"-1","maxspeed":"100","name":"Tunnel Turtmann","oneway":"yes","ref":"A9","surface":"asphalt","toll":"yes","tunnel":"yes","tunnel:alt_name":"Überdeckelung Turtmann","tunnel:name":"Turtmann","carriage_ref":"h","opposite_carriage_ref":"g"},"geometry":{"type":"LineString","coordinates":[[7.7040744,46.3093969],[7.7029249,46.3093406],[7.7010297,46.3091913],[7.700196,46.3091044],[7.6993609,46.3090101],[7.6968503,46.3086329],[7.6872969,46.3068449]]}},{"type":"Feature","properties":{"highway":"motorway","int_ref":"E 27;E 62","lanes":"2","lit":"no","maxspeed":"120","oneway":"yes","ref":"A9","toll":"yes","carriage_ref":"e","opposite_carriage_ref":"f"},"geometry":{"type":"LineString","coordinates":[[6.938427,46.3238445],[6.9390564,46.32278],[6.9392592,46.3224524]]}},{"type":"Feature","properties":{"bridge":"yes","highway":"motorway","int_ref":"E 62","lanes":"2","layer":"1","lit":"no","oneway":"yes","ref":"A9","surface":"asphalt","toll":"yes","carriage_ref":"e","opposite_carriage_ref":"f"},"geometry":{"type":"LineString","coordinates":[[7.5485344,46.285136],[7.5490078,46.2851148],[7.5497773,46.2851185],[7.5506135,46.2851573],[7.5511298,46.2852058],[7.5516575,46.2852672],[7.552778,46.2854672],[7.5536196,46.2856792],[7.5542244,46.2858568],[7.5547783,46.2860477],[7.5555526,46.2863646]]}},{"type":"Feature","properties":{"highway":"motorway","int_ref":"E 62","lanes":"2","lit":"no","maxspeed":"120","oneway":"yes","ref":"A9","toll":"yes","carriage_ref":"e","opposite_carriage_ref":"f"},"geometry":{"type":"LineString","coordinates":[[7.1570642,46.1504795],[7.1584026,46.1512283],[7.1592822,46.1517036],[7.1606062,46.1523826],[7.1619189,46.1530194],[7.1627387,46.1534028],[7.1635597,46.1537631],[7.1648535,46.1543002],[7.1657039,46.1546343],[7.1665104,46.1549256],[7.1674059,46.1552414],[7.1683343,46.1555368],[7.1692447,46.1558145],[7.1700576,46.1560377],[7.1708764,46.1562592],[7.1718601,46.1565009],[7.1732599,46.1568075],[7.174244,46.1570031],[7.17512,46.1571535],[7.1772718,46.1574996],[7.179939,46.1579042],[7.1824362,46.1582874],[7.1842167,46.1585735],[7.1852856,46.1587569],[7.1864564,46.1589646],[7.1878384,46.159241],[7.1887534,46.1594334],[7.189592,46.1596197],[7.1906304,46.1598637],[7.1915113,46.1600855],[7.1924675,46.1603424],[7.1936114,46.1606861],[7.1945584,46.1609871],[7.1953936,46.1612815],[7.1964212,46.1616622],[7.1972351,46.1619976],[7.1980651,46.162359],[7.1990377,46.1628098],[7.1996738,46.1631257],[7.2004174,46.1635181],[7.2013591,46.1640325],[7.2022223,46.1645418],[7.2030096,46.1650238],[7.2048136,46.1661763],[7.2084982,46.1686586]]}},{"type":"Feature","properties":{"highway":"motorway","int_ref":"E 27;E 62","lanes":"2","lit":"no","maxspeed":"100","oneway":"yes","ref":"A9","toll":"yes","carriage_ref":"e","opposite_carriage_ref":"f"},"geometry":{"type":"LineString","coordinates":[[6.8983454,46.451859],[6.8986743,46.4515531],[6.8989463,46.4512785],[6.8993189,46.4508651],[6.8996831,46.4504053],[6.8998861,46.450118],[6.9000964,46.449806],[6.9005034,46.4491493],[6.9009457,46.4484446],[6.9012375,46.4480321],[6.9016146,46.4475418],[6.9019844,46.4470935],[6.9023564,46.4466869],[6.9027758,46.4462818],[6.9032226,46.4458717],[6.9037251,46.4454519],[6.9042737,46.4450153],[6.9046608,46.4447355],[6.9052805,46.4443182],[6.9057778,46.4440089],[6.9064226,46.4436319],[6.9070115,46.4433355],[6.9077577,46.4429786],[6.9083145,46.4427373],[6.9089933,46.4424595],[6.9094698,46.4422812],[6.9100702,46.4420794],[6.9106329,46.441903]]}},{"type":"Feature","properties":{"highway":"motorway","int_ref":"E 62","lanes":"2","lit":"no","maxspeed":"120","oneway":"yes","ref":"A9","toll":"yes","carriage_ref":"f","opposite_carriage_ref":"e"},"geometry":{"type":"LineString","coordinates":[[6.6590431,46.538706],[6.6560487,46.5399125],[6.6540039,46.5407299]]}},{"type":"Feature","properties":{"highway":"motorway","int_ref":"E 62","lanes":"2","lit":"no","maxspeed":"120","oneway":"yes","ref":"A9","toll":"yes","carriage_ref":"f","opposite_carriage_ref":"e"},"geometry":{"type":"LineString","coordinates":[[6.6535686,46.5409065],[6.6527393,46.5412349]]}},{"type":"Feature","properties":{"highway":"motorway","int_ref":"E 27;E 62","lanes":"3","lit":"no","maxspeed":"120","oneway":"yes","ref":"A9","toll":"yes","carriage_ref":"e","opposite_carriage_ref":"f"},"geometry":{"type":"LineString","coordinates":[[7.0180327,46.1977223],[7.0193775,46.1963416],[7.0204101,46.1951838],[7.021106,46.1943787],[7.0219603,46.1932747]]}},{"type":"Feature","properties":{"highway":"motorway","int_ref":"E 35","lanes":"2","lit":"no","maxspeed":"80","oneway":"yes","ref":"A9","surface":"asphalt","carriage_ref":"l","opposite_carriage_ref":"k"},"geometry":{"type":"LineString","coordinates":[[9.0412171,45.8340616],[9.0412691,45.8342107],[9.0414643,45.834686]]}},{"type":"Feature","properties":{"highway":"motorway","int_ref":"E 35","lanes":"2","layer":"-1","lit":"24/7","maxspeed":"80","name":"Galleria Monte Quarcino","oneway":"yes","ref":"A9","surface":"asphalt","tunnel":"yes","tunnel:name":"Monte Quarcino Sud","carriage_ref":"k","opposite_carriage_ref":"l"},"geometry":{"type":"LineString","coordinates":[[9.0442066,45.8394087],[9.0444084,45.8388822],[9.0444055,45.838318],[9.0442062,45.83779],[9.0440964,45.8374711],[9.04345,45.8367127],[9.0422763,45.8358478],[9.0418742,45.8355092],[9.041618,45.8352599],[9.0414147,45.8349921],[9.0412691,45.8347359]]}},{"type":"Feature","properties":{"avz":"313","cs_dir:forward":"1","highway":"motorway","int_ref":"E 62","lanes":"2","lit":"no","maxspeed":"120","oneway":"yes","ref":"A9","toll":"yes","carriage_ref":"e","opposite_carriage_ref":"f"},"geometry":{"type":"LineString","coordinates":[[7.2698739,46.2067703],[7.271084,46.2072857],[7.2721778,46.2077309]]}},{"type":"Feature","properties":{"highway":"motorway","int_ref":"E 27;E 62","lanes":"2","lit":"no","maxspeed":"100","oneway":"yes","ref":"A9","toll":"yes","carriage_ref":"e","opposite_carriage_ref":"f"},"geometry":{"type":"LineString","coordinates":[[6.89081,46.455838],[6.8914122,46.4556345],[6.8919856,46.4554164],[6.8926793,46.4551457],[6.8938263,46.4546426],[6.8949059,46.4541129]]}},{"type":"Feature","properties":{"highway":"motorway","int_ref":"E 62","lanes":"2","lit":"no","maxspeed":"120","oneway":"yes","ref":"A9","toll":"yes","carriage_ref":"f","opposite_carriage_ref":"e"},"geometry":{"type":"LineString","coordinates":[[6.851997,46.4765497],[6.8513318,46.4764732],[6.8505474,46.4763696],[6.8498228,46.4762557],[6.8491868,46.4761371],[6.8482182,46.4759407]]}},{"type":"Feature","properties":{"bridge":"yes","highway":"motorway","int_ref":"E 62","layer":"1","lit":"no","maxspeed":"100","oneway":"yes","ref":"A9","toll":"yes","carriage_ref":"f","opposite_carriage_ref":"e"},"geometry":{"type":"LineString","coordinates":[[6.7544353,46.4928843],[6.7540176,46.4929484],[6.7536163,46.4930298],[6.753125,46.4931549],[6.7526257,46.4933021]]}},{"type":"Feature","properties":{"highway":"motorway","int_ref":"E 27;E 62","lanes":"2","lit":"no","maxspeed":"120","oneway":"yes","ref":"A9","surface":"asphalt","toll":"yes","carriage_ref":"f","opposite_carriage_ref":"e"},"geometry":{"type":"LineString","coordinates":[[7.0263845,46.1814657],[7.0263662,46.1819782],[7.0262788,46.1828851],[7.0261589,46.1838408],[7.0259941,46.1847673],[7.0258468,46.185438],[7.0256622,46.1861956],[7.0254992,46.1867277],[7.0251876,46.1877238],[7.0245548,46.1892019],[7.0239355,46.190491],[7.0232653,46.1916359],[7.022413,46.1929213]]}},{"type":"Feature","properties":{"highway":"motorway","int_ref":"E 35","lanes":"2","lit":"no","maxspeed":"80","nat_ref":"A8","oneway":"yes","ref":"A9","surface":"asphalt","carriage_ref":"l","opposite_carriage_ref":"k"},"geometry":{"type":"LineString","coordinates":[[9.0449782,45.8388834],[9.0448899,45.8392194],[9.044834,45.8393511]]}},{"type":"Feature","properties":{"highway":"motorway","int_ref":"E 62","lanes":"2","layer":"-1","lit":"yes","maxspeed":"100","name":"Tunnel du Flonzaley","oneway":"yes","ref":"A9","toll":"yes","tunnel":"yes","tunnel:name":"Flonzaley","carriage_ref":"f","opposite_carriage_ref":"e"},"geometry":{"type":"LineString","coordinates":[[6.7632818,46.4906984],[6.763122,46.490759],[6.7625531,46.4909747],[6.7615805,46.4913354],[6.7602496,46.491775],[6.7589086,46.4920985],[6.7571847,46.4924512],[6.7544353,46.4928843]]}},{"type":"Feature","properties":{"bridge":"yes","highway":"motorway","int_ref":"E 27;E 62","lanes":"2","layer":"1","lit":"no","maxspeed":"120","oneway":"yes","ref":"A9","toll":"yes","carriage_ref":"f","opposite_carriage_ref":"e"},"geometry":{"type":"LineString","coordinates":[[6.9644005,46.2871615],[6.9642307,46.2874376]]}},{"type":"Feature","properties":{"highway":"motorway","int_ref":"E 62","lanes":"2","lit":"no","maxspeed":"120","oneway":"yes","ref":"A9","toll":"yes","carriage_ref":"e","opposite_carriage_ref":"f"},"geometry":{"type":"LineString","coordinates":[[6.6511897,46.5417293],[6.6526924,46.5411275],[6.6534064,46.5408427]]}},{"type":"Feature","properties":{"highway":"motorway","int_ref":"E 62","lanes":"2","maxspeed":"100","oneway":"yes","ref":"A9","surface":"asphalt","toll":"yes","carriage_ref":"i","opposite_carriage_ref":"j"},"geometry":{"type":"LineString","coordinates":[[7.9424257,46.3029058],[7.9429928,46.3029581],[7.9438462,46.302996],[7.9446818,46.3029813],[7.9453757,46.3029517]]}},{"type":"Feature","properties":{"destination":"Simplon;Sion","highway":"motorway","int_ref":"E 62","lanes":"2","lit":"no","maxspeed":"120","oneway":"yes","ref":"A9","surface":"asphalt","toll":"yes","carriage_ref":"e","opposite_carriage_ref":"f"},"geometry":{"type":"LineString","coordinates":[[7.0886954,46.1135769],[7.0893737,46.1135982],[7.0900444,46.1136351],[7.0903633,46.113658]]}},{"type":"Feature","properties":{"highway":"motorway","int_ref":"E 62","lit":"no","maxspeed":"100","oneway":"yes","ref":"A9","toll":"yes","carriage_ref":"e","opposite_carriage_ref":"f"},"geometry":{"type":"LineString","coordinates":[[6.6981595,46.5152203],[6.6984705,46.515074]]}},{"type":"Feature","properties":{"bridge":"yes","highway":"motorway","int_ref":"E 62","lanes":"2","layer":"1","lit":"no","maxspeed":"100","oneway":"yes","ref":"A9","source":"cadastre-dgi-fr source : Direction Générale des Impôts - Cadastre;mise à jour : 2009","toll":"yes","carriage_ref":"e","opposite_carriage_ref":"f"},"geometry":{"type":"LineString","coordinates":[[6.6932401,46.5166167],[6.6937282,46.5165418],[6.6941839,46.5164595],[6.6945462,46.5163895],[6.6949236,46.5163071]]}},{"type":"Feature","properties":{"bridge":"yes","highway":"motorway","int_ref":"E 35","lanes":"3","layer":"1","lit":"no","loc_name":"Autostrada Milano-Como-Chiasso","maxspeed":"130","name":"Autostrada Lainate-Como-Chiasso","oneway":"yes","ref":"A9","surface":"asphalt","toll":"no","carriage_ref":"l","opposite_carriage_ref":"k"},"geometry":{"type":"LineString","coordinates":[[9.012413,45.6040008],[9.012439,45.6045046]]}},{"type":"Feature","properties":{"avz":"268","cs_dir:forward":"1","highway":"motorway","int_ref":"E 27;E 62","lit":"no","maxspeed":"100","oneway":"yes","ref":"A9","toll":"yes","carriage_ref":"e","opposite_carriage_ref":"f"},"geometry":{"type":"LineString","coordinates":[[7.006095,46.2217541],[7.0069548,46.2203001]]}},{"type":"Feature","properties":{"highway":"motorway","int_ref":"E 27;E 62","lanes":"2","lit":"no","maxspeed":"120","oneway":"yes","ref":"A9","toll":"yes","carriage_ref":"f","opposite_carriage_ref":"e"},"geometry":{"type":"LineString","coordinates":[[7.0687265,46.1194831],[7.0682024,46.1199022],[7.0677745,46.1202516],[7.0674127,46.1205694]]}},{"type":"Feature","properties":{"highway":"motorway","int_ref":"E 62","lanes":"4","lit":"no","maxspeed":"120","oneway":"yes","ref":"A9","toll":"yes","turn:lanes":"through|through|through|merge_to_left","carriage_ref":"f","opposite_carriage_ref":"e"},"geometry":{"type":"LineString","coordinates":[[6.6232332,46.5506018],[6.6230027,46.5506781],[6.6217872,46.5510148]]}},{"type":"Feature","properties":{"highway":"motorway","int_ref":"E 27;E 62","lanes":"2","lit":"no","maxspeed":"120","oneway":"yes","ref":"A9","toll":"yes","carriage_ref":"f","opposite_carriage_ref":"e"},"geometry":{"type":"LineString","coordinates":[[6.8965091,46.4533395],[6.8960782,46.4535999],[6.895653,46.4538476]]}},{"type":"Feature","properties":{"avz":"64","highway":"motorway","int_ref":"E 62","lanes":"3","lit":"no","maxspeed":"120","oneway":"yes","ref":"A9","ssvz":"930N","toll":"yes","carriage_ref":"f","opposite_carriage_ref":"e"},"geometry":{"type":"LineString","coordinates":[[6.632107,46.5453194],[6.6315768,46.545762],[6.6308199,46.5463947],[6.6302221,46.546886],[6.6296838,46.5473036]]}},{"type":"Feature","properties":{"highway":"trunk","int_ref":"E 23","lanes":"2","lit":"no","maxspeed":"80","oneway":"yes","ref":"A9","toll":"yes","first":"true","carriage_ref":"d","opposite_carriage_ref":"c"},"geometry":{"type":"LineString","coordinates":[[6.5084522,46.7399891],[6.5082069,46.7399305],[6.5080064,46.7398638]]}},{"type":"Feature","properties":{"highway":"motorway","int_ref":"E 35","lanes":"2","layer":"-1","lit":"24/7","maxspeed":"80","name":"Galleria Villa Maria","oneway":"yes","ref":"A9","source":"yahoo-image","surface":"asphalt","tunnel":"yes","carriage_ref":"k","opposite_carriage_ref":"l"},"geometry":{"type":"LineString","coordinates":[[9.058982,45.8111283],[9.0584202,45.8104688]]}},{"type":"Feature","properties":{"bridge":"yes","highway":"motorway","int_ref":"E 35","lanes":"2","layer":"1","lit":"no","loc_name":"<diverso>","maxspeed":"80","name":"Autostrada Lainate-Como-Chiasso","oneway":"yes","ref":"A9","source:maxspeed":"GPS survey 08.2017. Sign 80","surface":"asphalt","toll":"yes","carriage_ref":"k","opposite_carriage_ref":"l"},"geometry":{"type":"LineString","coordinates":[[9.0511703,45.7810688],[9.0511177,45.7808904]]}},{"type":"Feature","properties":{"highway":"motorway","int_ref":"E 27;E 62","lanes":"2","layer":"-5","lit":"yes","maxspeed":"100","name":"Tunnel de Glion","oneway":"yes","ref":"A9","toll":"yes","tunnel":"yes","tunnel:name":"Glion","carriage_ref":"f","opposite_carriage_ref":"e"},"geometry":{"type":"LineString","coordinates":[[6.9307,46.4239186],[6.9306056,46.4247729],[6.9305295,46.4256247],[6.9303052,46.4267668],[6.929913,46.427758],[6.9294279,46.4286784],[6.9288496,46.4294166],[6.9280675,46.4302337],[6.9272433,46.4308886],[6.9263759,46.4313576],[6.9224049,46.4330216],[6.9220568,46.4331708],[6.9209583,46.4337344]]}},{"type":"Feature","properties":{"highway":"motorway","lanes":"2","layer":"-1","length":"4230","maxspeed":"100","oneway":"yes","opening_date":"2016","ref":"A9","surface":"asphalt","toll":"yes","tunnel":"yes","tunnel:name":"Eyholz","first":"true","carriage_ref":"i","opposite_carriage_ref":"j"},"geometry":{"type":"LineString","coordinates":[[7.8880874,46.2766187],[7.8891975,46.2764845],[7.8904306,46.2764334],[7.8963268,46.2766291],[7.9007149,46.2772075],[7.9031396,46.2776227],[7.9052424,46.278216],[7.9072058,46.2790242],[7.9089332,46.2799956],[7.9120338,46.2823165],[7.9175591,46.2879959],[7.9232132,46.2941269],[7.9242325,46.2950832],[7.9253054,46.2959209],[7.9258608,46.2963246],[7.9263015,46.2966359],[7.9264543,46.2967189]]}},{"type":"Feature","properties":{"highway":"motorway","int_ref":"E 62","lanes":"2","lit":"no","maxspeed":"120","oneway":"yes","ref":"A9","toll":"yes","carriage_ref":"f","opposite_carriage_ref":"e"},"geometry":{"type":"LineString","coordinates":[[7.3685001,46.2258531],[7.3681494,46.225685],[7.3673798,46.2253425]]}},{"type":"Feature","properties":{"bridge":"yes","highway":"motorway","int_ref":"E 27;E 62","lanes":"3","layer":"1","lit":"no","maxspeed":"120","oneway":"yes","ref":"A9","toll":"yes","carriage_ref":"e","opposite_carriage_ref":"f"},"geometry":{"type":"LineString","coordinates":[[7.0141936,46.2016896],[7.0143176,46.2015582]]}},{"type":"Feature","properties":{"bridge":"yes","highway":"motorway","int_ref":"E 27;E 62","lanes":"3","layer":"1","lit":"no","maxspeed":"120","oneway":"yes","ref":"A9","toll":"yes","carriage_ref":"e","opposite_carriage_ref":"f"},"geometry":{"type":"LineString","coordinates":[[7.0219603,46.1932747],[7.0223072,46.1927896]]}},{"type":"Feature","properties":{"bridge":"yes","highway":"motorway","int_ref":"E 23;E 25","lanes":"2","layer":"1","lit":"no","maxspeed":"120","oneway":"yes","ref":"A1;A9","surface":"asphalt","toll":"yes","carriage_ref":"f","opposite_carriage_ref":"e"},"geometry":{"type":"LineString","coordinates":[[6.5726701,46.6602422],[6.5726417,46.6605005],[6.5725973,46.6607441]]}},{"type":"Feature","properties":{"bridge":"yes","destination:lanes":"Milano|Milano|Varese","destination:ref:lanes":"A 8;E 35;E 62|A 8;E 35;E 62|A 8;E62","highway":"motorway","int_ref":"E 35","lanes":"3","layer":"1","lit":"no","maxspeed":"130","name":"Autostrada Lainate-Como-Chiasso","oneway":"yes","ref":"A9","source:maxspeed":"GPS survey 08.2017. IT motorway","surface":"asphalt","toll":"no","carriage_ref":"k","opposite_carriage_ref":"l"},"geometry":{"type":"LineString","coordinates":[[9.0111874,45.582359],[9.0111584,45.5818962]]}},{"type":"Feature","properties":{"highway":"motorway","int_ref":"E 62","lanes":"2","lit":"no","maxspeed":"120","oneway":"yes","ref":"A9","toll":"yes","carriage_ref":"f","opposite_carriage_ref":"e"},"geometry":{"type":"LineString","coordinates":[[6.6797929,46.527686],[6.6791848,46.5289491],[6.6788982,46.5295764],[6.6785837,46.5302114],[6.6783193,46.5306934],[6.678232,46.5308424],[6.6780397,46.5311705],[6.6777086,46.5316025],[6.6773768,46.5320038],[6.6768723,46.5325378],[6.6764185,46.5329402]]}},{"type":"Feature","properties":{"avz":"333","cs_dir:forward":"2","highway":"motorway","int_ref":"E 23;E 25","lanes":"2","lit":"no","maxspeed":"120","oneway":"yes","ref":"A1;A9","surface":"asphalt","toll":"yes","carriage_ref":"e","opposite_carriage_ref":"f"},"geometry":{"type":"LineString","coordinates":[[6.5705041,46.6673737],[6.5706302,46.6668528],[6.57086,46.6660379],[6.5710697,46.6653454],[6.5713011,46.6646115],[6.5716959,46.6634639],[6.5719828,46.6625765]]}},{"type":"Feature","properties":{"bridge":"yes","highway":"motorway","int_ref":"E 23;E 25","lanes":"2","layer":"1","lit":"no","maxspeed":"120","oneway":"yes","ref":"A1;A9","surface":"asphalt","toll":"yes","carriage_ref":"f","opposite_carriage_ref":"e"},"geometry":{"type":"LineString","coordinates":[[6.5739837,46.6941841],[6.5740827,46.6946019],[6.5741891,46.6950041],[6.574331,46.6954858],[6.5745963,46.6965221],[6.5748256,46.697338]]}},{"type":"Feature","properties":{"highway":"motorway","int_ref":"E 35","lanes":"3","lit":"no","maxspeed":"130","name":"Autostrada Lainate-Como-Chiasso","oneway":"yes","ref":"A9","surface":"asphalt","toll":"no","carriage_ref":"k","opposite_carriage_ref":"l"},"geometry":{"type":"LineString","coordinates":[[9.0150028,45.6548521],[9.0149373,45.6536554],[9.0147245,45.6495584],[9.0144047,45.6434202],[9.0137449,45.6306765],[9.0136095,45.6277881]]}},{"type":"Feature","properties":{"highway":"motorway","int_ref":"E 35","lanes":"2","lit":"no","maxspeed":"80","oneway":"yes","ref":"A9","source":"yahoo-image","surface":"asphalt","carriage_ref":"l","opposite_carriage_ref":"k"},"geometry":{"type":"LineString","coordinates":[[9.045398,45.825689],[9.0449469,45.826239],[9.0441664,45.8272255]]}},{"type":"Feature","properties":{"highway":"motorway","int_ref":"E 62","lanes":"3","lit":"no","maxspeed":"120","oneway":"yes","ref":"A9","toll":"yes","carriage_ref":"e","opposite_carriage_ref":"f"},"geometry":{"type":"LineString","coordinates":[[6.5827409,46.5618641],[6.5841757,46.5616146]]}},{"type":"Feature","properties":{"highway":"motorway","int_ref":"E 62","lanes":"2","lit":"no","maxspeed":"120","oneway":"yes","ref":"A9","toll":"yes","carriage_ref":"e","opposite_carriage_ref":"f"},"geometry":{"type":"LineString","coordinates":[[7.3602181,46.2230886],[7.3611087,46.2232676],[7.361952,46.2234518]]}},{"type":"Feature","properties":{"bridge":"yes","highway":"motorway","int_ref":"E 35","lanes":"3","layer":"1","lit":"no","name":"Autostrada Lainate-Como-Chiasso","oneway":"yes","ref":"A9","surface":"asphalt","toll":"yes","carriage_ref":"k","opposite_carriage_ref":"l"},"geometry":{"type":"LineString","coordinates":[[9.037222,45.7480748],[9.036891,45.7476699]]}},{"type":"Feature","properties":{"highway":"motorway","int_ref":"E 62","lanes":"2","lit":"no","maxspeed":"120","oneway":"yes","ref":"A9","toll":"yes","carriage_ref":"e","opposite_carriage_ref":"f"},"geometry":{"type":"LineString","coordinates":[[7.2757288,46.2090222],[7.2770056,46.2094339],[7.2779817,46.2097276],[7.278813,46.209969],[7.2801398,46.2103297],[7.2813833,46.210643],[7.28261,46.2109309],[7.2837896,46.2111884],[7.2849202,46.2114177],[7.2862933,46.2116718],[7.2874079,46.2118606],[7.2884941,46.2120242],[7.2899214,46.2122166],[7.2908933,46.2123366],[7.2915803,46.2124109],[7.2918244,46.2124387]]}},{"type":"Feature","properties":{"highway":"motorway","int_ref":"E 62","lanes":"2","lit":"no","maxspeed":"120","oneway":"yes","ref":"A9","toll":"yes","carriage_ref":"e","opposite_carriage_ref":"f"},"geometry":{"type":"LineString","coordinates":[[7.3485192,46.2210491],[7.3507445,46.2214556],[7.3540113,46.2220162],[7.3564348,46.2224238],[7.3574361,46.2225858],[7.358716,46.222806],[7.3597852,46.2230047]]}},{"type":"Feature","properties":{"bridge":"yes","destination":"Lausanne","highway":"motorway","int_ref":"E 62","lanes":"2","layer":"1","lit":"no","maxheight":"4","maxspeed":"120","oneway":"yes","ref":"A9","toll":"yes","carriage_ref":"f","opposite_carriage_ref":"e"},"geometry":{"type":"LineString","coordinates":[[6.8647816,46.4729436],[6.8641388,46.4735173]]}},{"type":"Feature","properties":{"highway":"motorway","int_ref":"E 27;E 62","lanes":"2","lit":"no","maxspeed":"120","oneway":"yes","ref":"A9","toll":"yes","carriage_ref":"f","opposite_carriage_ref":"e"},"geometry":{"type":"LineString","coordinates":[[6.9552124,46.3013815],[6.9541663,46.3029694],[6.953732,46.3036033],[6.9527179,46.3050466],[6.9522122,46.3057324],[6.9517796,46.3063061],[6.9505426,46.3078945],[6.9496176,46.3090106]]}},{"type":"Feature","properties":{"highway":"motorway","int_ref":"E 35","lanes":"3","lit":"no","loc_name":"Autostrada Milano-Como-Chiasso","maxspeed":"130","name":"Autostrada Lainate-Como-Chiasso","oneway":"yes","ref":"A9","surface":"asphalt","toll":"no","carriage_ref":"l","opposite_carriage_ref":"k"},"geometry":{"type":"LineString","coordinates":[[9.0200693,45.6998637],[9.0221741,45.7071243],[9.0224436,45.7079989]]}},{"type":"Feature","properties":{"bridge":"yes","highway":"motorway","int_ref":"E 62","lanes":"4","layer":"1","lit":"no","maxspeed":"120","oneway":"yes","ref":"A9","toll":"yes","turn:lanes":"through|through|through|merge_to_left","carriage_ref":"e","opposite_carriage_ref":"f"},"geometry":{"type":"LineString","coordinates":[[6.6281115,46.5482385],[6.6285596,46.5479495],[6.629004,46.547641]]}},{"type":"Feature","properties":{"bridge":"yes","highway":"motorway","int_ref":"E 27;E 62","lanes":"2","layer":"1","lit":"no","maxspeed":"120","oneway":"yes","ref":"A9","toll":"yes","carriage_ref":"f","opposite_carriage_ref":"e"},"geometry":{"type":"LineString","coordinates":[[7.0017949,46.2346065],[7.0015379,46.2348658]]}},{"type":"Feature","properties":{"highway":"motorway","int_ref":"E 27;E 62","lanes":"2","layer":"1","lit":"no","maxspeed":"100","oneway":"yes","ref":"A9","toll":"yes","carriage_ref":"e","opposite_carriage_ref":"f"},"geometry":{"type":"LineString","coordinates":[[6.9303866,46.4229879],[6.9303829,46.422652],[6.9303686,46.4223782],[6.9303454,46.4221181]]}},{"type":"Feature","properties":{"bridge":"yes","highway":"motorway","int_ref":"E 62","lanes":"2","layer":"1","lit":"no","maxspeed":"120","oneway":"yes","ref":"A9","toll":"yes","carriage_ref":"e","opposite_carriage_ref":"f"},"geometry":{"type":"LineString","coordinates":[[6.7865991,46.481948],[6.7873757,46.4818032]]}},{"type":"Feature","properties":{"highway":"motorway","int_ref":"E 35","lanes":"2","layer":"-1","length":"697","lit":"24/7","maxspeed":"80","name":"Galleria San Fermo","oneway":"yes","ref":"A9","surface":"asphalt","tunnel":"yes","tunnel:name":"San Fermo Nord","carriage_ref":"l","opposite_carriage_ref":"k"},"geometry":{"type":"LineString","coordinates":[[9.0533441,45.802599],[9.0570278,45.8083582]]}},{"type":"Feature","properties":{"bridge":"yes","highway":"motorway","int_ref":"E 27;E 62","lanes":"2","layer":"1","lit":"no","maxspeed":"100","oneway":"yes","ref":"A9","toll":"yes","carriage_ref":"e","opposite_carriage_ref":"f"},"geometry":{"type":"LineString","coordinates":[[6.8949059,46.4541129],[6.8954752,46.4538049]]}},{"type":"Feature","properties":{"bridge":"yes","highway":"motorway","int_ref":"E 23;E 25","lanes":"2","layer":"1","lit":"no","maxspeed":"120","oneway":"yes","ref":"A1;A9","surface":"asphalt","toll":"yes","carriage_ref":"f","opposite_carriage_ref":"e"},"geometry":{"type":"LineString","coordinates":[[6.5549437,46.5841417],[6.5548827,46.5846244]]}},{"type":"Feature","properties":{"highway":"motorway","int_ref":"E 23;E 25","lanes":"2","lit":"no","maxspeed":"120","oneway":"yes","ref":"A1;A9","surface":"asphalt","toll":"yes","carriage_ref":"f","opposite_carriage_ref":"e"},"geometry":{"type":"LineString","coordinates":[[6.570015,46.672505],[6.5700296,46.673243],[6.5700665,46.673796],[6.5701794,46.6745514],[6.5703199,46.6752048],[6.5705282,46.6759321],[6.5707394,46.6764814],[6.5709229,46.6769154],[6.5711142,46.6773373],[6.5713264,46.677746],[6.571903,46.6787681],[6.5721242,46.6791447],[6.5723519,46.6795424],[6.572708,46.6801955],[6.5729411,46.6807178],[6.5731793,46.6812847],[6.5733523,46.6817976],[6.5735012,46.6822554],[6.5736823,46.682965],[6.5737515,46.6833417],[6.5737986,46.6836229],[6.5738884,46.6843196],[6.5739198,46.6846981],[6.5739327,46.6850382],[6.5739513,46.6856724],[6.5739357,46.6864122],[6.5738957,46.6871789],[6.5738017,46.6884264],[6.573736,46.6893016],[6.5737041,46.6900014],[6.5736861,46.6904885],[6.573678,46.6910707],[6.5737039,46.6918922],[6.573765,46.6926933],[6.5738568,46.693462],[6.5739837,46.6941841]]}},{"type":"Feature","properties":{"highway":"motorway","int_ref":"E 27;E 62","lanes":"3","lit":"no","maxspeed":"120","oneway":"yes","ref":"A9","toll":"yes","carriage_ref":"e","opposite_carriage_ref":"f"},"geometry":{"type":"LineString","coordinates":[[7.0143176,46.2015582],[7.0155528,46.2002572]]}},{"type":"Feature","properties":{"highway":"motorway","int_ref":"E 35","lanes":"2","lit":"no","maxspeed":"80","oneway":"yes","ref":"A9","source":"yahoo-image","surface":"asphalt","carriage_ref":"k","opposite_carriage_ref":"l"},"geometry":{"type":"LineString","coordinates":[[9.0591288,45.8145889],[9.0592849,45.8144066],[9.0593786,45.8142734],[9.059479,45.8141204],[9.059562,45.8139647]]}},{"type":"Feature","properties":{"bridge":"yes","highway":"motorway","int_ref":"E 62","lanes":"2","layer":"1","lit":"no","maxspeed":"120","oneway":"yes","ref":"A9","toll":"yes","carriage_ref":"f","opposite_carriage_ref":"e"},"geometry":{"type":"LineString","coordinates":[[7.3673798,46.2253425],[7.3664928,46.2249757],[7.3656514,46.2246591],[7.364892,46.224391],[7.3640312,46.2241221],[7.3630678,46.2238495],[7.3625397,46.223708],[7.3619591,46.223574]]}},{"type":"Feature","properties":{"highway":"motorway","int_ref":"E 35","lanes":"2","layer":"-1","lit":"24/7","maxspeed":"80","name":"Galleria Monte Quarcino","oneway":"yes","ref":"A9","surface":"asphalt","tunnel":"yes","tunnel:name":"Monte Quarcino Nord","carriage_ref":"l","opposite_carriage_ref":"k"},"geometry":{"type":"LineString","coordinates":[[9.0414643,45.834686],[9.0417458,45.8351146],[9.0424137,45.8357201],[9.043731,45.8366152],[9.0444306,45.8371939],[9.0448415,45.8378705],[9.0449939,45.8384279],[9.0449782,45.8388834]]}},{"type":"Feature","properties":{"highway":"motorway","int_ref":"E 35","lanes":"2","lit":"no","maxspeed":"120","nat_ref":"A8","oneway":"yes","ref":"A9","surface":"asphalt","carriage_ref":"l","opposite_carriage_ref":"k"},"geometry":{"type":"LineString","coordinates":[[9.0367893,45.8408783],[9.0363425,45.8406777],[9.0362614,45.8406217],[9.0361984,45.840528],[9.036115,45.8402647],[9.0360366,45.8400646],[9.0359681,45.8399431]]}},{"type":"Feature","properties":{"bridge":"yes","highway":"motorway","int_ref":"E 62","lanes":"3","layer":"1","lit":"no","maxspeed":"120","oneway":"yes","ref":"A9","toll":"yes","carriage_ref":"f","opposite_carriage_ref":"e"},"geometry":{"type":"LineString","coordinates":[[6.5827963,46.5619693],[6.5823893,46.5620399]]}},{"type":"Feature","properties":{"highway":"motorway","int_ref":"E 35","lanes":"2","lit":"no","maxspeed":"30","oneway":"yes","ref":"A9","source:maxspeed":"sign","surface":"asphalt","carriage_ref":"k","opposite_carriage_ref":"l"},"geometry":{"type":"LineString","coordinates":[[9.0365325,45.8401493],[9.0370642,45.8403874],[9.037146,45.840414],[9.0371859,45.8404111],[9.0372259,45.8403969],[9.037271,45.8403622],[9.0372944,45.8403585],[9.0373226,45.8403613],[9.0373717,45.840382]]}},{"type":"Feature","properties":{"highway":"motorway","int_ref":"E 62","lanes":"2","lit":"no","maxspeed":"120","oneway":"yes","ref":"A9","toll":"yes","carriage_ref":"e","opposite_carriage_ref":"f"},"geometry":{"type":"LineString","coordinates":[[6.746621,46.4965267],[6.7471087,46.4963918],[6.7475893,46.4962245],[6.7479851,46.496054]]}},{"type":"Feature","properties":{"bicycle":"no","cycleway":"no","highway":"motorway","int_ref":"E 27;E 62","lanes":"2","lit":"no","maxspeed":"120","oneway":"yes","ref":"A9","toll":"yes","carriage_ref":"f","opposite_carriage_ref":"e"},"geometry":{"type":"LineString","coordinates":[[6.9381868,46.3245619],[6.9378919,46.3250308],[6.9374755,46.3257659],[6.9371971,46.3262827],[6.936079,46.3283421],[6.9356511,46.3291469],[6.9349856,46.3304213],[6.934437,46.3315254],[6.9333834,46.3336585],[6.9325141,46.3354993],[6.9319219,46.3367987],[6.9310416,46.3387677],[6.930407,46.3402755],[6.9300882,46.3410396],[6.929637,46.3421667],[6.9293315,46.3428895],[6.9292435,46.343124],[6.9288764,46.3440496],[6.9281008,46.3461036],[6.9277691,46.3470075],[6.9273855,46.3480848]]}},{"type":"Feature","properties":{"bridge":"yes","highway":"motorway","int_ref":"E 27;E 62","lanes":"2","lit":"no","maxspeed":"120","oneway":"yes","ref":"A9","toll":"yes","carriage_ref":"f","opposite_carriage_ref":"e"},"geometry":{"type":"LineString","coordinates":[[7.0181902,46.1978025],[7.0180097,46.1979921]]}},{"type":"Feature","properties":{"highway":"motorway","int_ref":"E 62","lanes":"2","lit":"no","maxspeed":"120","oneway":"yes","ref":"A9","toll":"yes","carriage_ref":"e","opposite_carriage_ref":"f"},"geometry":{"type":"LineString","coordinates":[[7.3672282,46.2251446],[7.3682107,46.2255849],[7.3683852,46.2256685]]}},{"type":"Feature","properties":{"bridge":"yes","highway":"motorway","int_ref":"E 62","lanes":"2","layer":"1","lit":"no","maxspeed":"100","oneway":"yes","ref":"A9","toll":"yes","carriage_ref":"e","opposite_carriage_ref":"f"},"geometry":{"type":"LineString","coordinates":[[6.6795143,46.5276594],[6.6799895,46.5265667],[6.6810645,46.5238939]]}},{"type":"Feature","properties":{"bicycle":"no","cycleway":"no","destination":"Aigle","highway":"motorway","int_ref":"E 27;E 62","lanes":"2","lit":"no","maxspeed":"120","oneway":"yes","ref":"A9","toll":"yes","carriage_ref":"e","opposite_carriage_ref":"f"},"geometry":{"type":"LineString","coordinates":[[6.9262165,46.3847185],[6.9257819,46.3843072],[6.9254834,46.3840074],[6.924966,46.3834261],[6.9247325,46.383132],[6.924488,46.3827916],[6.924289,46.38249],[6.9240883,46.3821818],[6.9238994,46.3818667],[6.9237046,46.3815144],[6.9234987,46.3810853]]}},{"type":"Feature","properties":{"avz":"269","cs_dir:forward":"2","description":"Ancien-Sierre - Plantzette","highway":"motorway","int_ref":"E 62","lanes":"2","layer":"-2","lit":"yes","maxspeed":"100","name":"Sierre","oneway":"yes","ref":"A9","surface":"asphalt","toll":"yes","tunnel":"yes","tunnel:name":"Sierre","carriage_ref":"f","opposite_carriage_ref":"e"},"geometry":{"type":"LineString","coordinates":[[7.5473677,46.2854678],[7.5438759,46.2859752],[7.5417751,46.2863095],[7.5396284,46.2864546],[7.5374209,46.2865647],[7.5370428,46.2865651],[7.536292,46.286523],[7.5352017,46.2863681],[7.534115,46.2861514],[7.5305359,46.2846893],[7.5287715,46.2841874],[7.5232906,46.2831366],[7.520063,46.2821377],[7.5172155,46.2807815]]}},{"type":"Feature","properties":{"highway":"motorway","int_ref":"E 27;E 62","lanes":"2","layer":"-2","level":"-1","lit":"yes","maxspeed":"100","name":"Galerie de St-Maurice","oneway":"yes","ref":"A9","toll":"yes","tunnel":"yes","tunnel:name":"St. Maurice","carriage_ref":"e","opposite_carriage_ref":"f"},"geometry":{"type":"LineString","coordinates":[[7.0069548,46.2203001],[7.0073975,46.2194318],[7.0075361,46.2190025],[7.0076696,46.2185169],[7.0078117,46.2177633],[7.0098416,46.2093437]]}},{"type":"Feature","properties":{"destination":"Simplon;Gd-St-Bernard;Lausanne-Nord;Vevey;Montreux","highway":"motorway","lanes":"1","lit":"no","maxspeed":"100","oneway":"yes","ref":"A9","toll":"yes","carriage_ref":"e","opposite_carriage_ref":"f"},"geometry":{"type":"LineString","coordinates":[[6.5577467,46.5685057],[6.55783,46.5679702],[6.5579372,46.5673905],[6.5579778,46.5670753],[6.55802,46.5665518],[6.5580265,46.5662692],[6.5580151,46.5659638],[6.5579979,46.5657018],[6.5579543,46.5654057]]}},{"type":"Feature","properties":{"bridge":"yes","highway":"motorway","int_ref":"E 62","lanes":"2","layer":"1","lit":"no","maxspeed":"120","oneway":"yes","ref":"A9","toll":"yes","carriage_ref":"f","opposite_carriage_ref":"e"},"geometry":{"type":"LineString","coordinates":[[6.7466822,46.4966363],[6.7463457,46.4967132],[6.7460332,46.4967768]]}},{"type":"Feature","properties":{"bridge":"yes","highway":"motorway","int_ref":"E 35","lanes":"2","layer":"1","lit":"no","loc_name":"Autostrada Milano-Como-Chiasso","maxspeed":"130","name":"Autostrada Lainate-Como-Chiasso","oneway":"yes","ref":"A9","surface":"asphalt","toll":"no","carriage_ref":"l","opposite_carriage_ref":"k"},"geometry":{"type":"LineString","coordinates":[[9.0152003,45.6548498],[9.0152147,45.655248]]}},{"type":"Feature","properties":{"highway":"motorway","int_ref":"E 62","lanes":"2","lit":"no","oneway":"yes","ref":"A9","surface":"asphalt","toll":"yes","carriage_ref":"f","opposite_carriage_ref":"e"},"geometry":{"type":"LineString","coordinates":[[7.5484204,46.285375],[7.54783,46.285419],[7.5473677,46.2854678]]}},{"type":"Feature","properties":{"highway":"motorway","int_ref":"E 62","lanes":"2","lit":"no","maxspeed":"120","oneway":"yes","ref":"A9","surface":"asphalt","toll":"yes","carriage_ref":"f","opposite_carriage_ref":"e"},"geometry":{"type":"LineString","coordinates":[[7.1499647,46.1462364],[7.1490578,46.1456544],[7.1482216,46.145116],[7.1460867,46.1437412],[7.1444539,46.1426888],[7.1418392,46.1410102],[7.1371452,46.1379829],[7.1318044,46.1345444],[7.1200039,46.1269388],[7.1175917,46.1253835],[7.1162108,46.1244992],[7.1158718,46.1242784],[7.1139055,46.1230107],[7.1129242,46.1223844],[7.1122552,46.1219651],[7.1114228,46.1214472],[7.1108652,46.1211061],[7.1099088,46.1205315],[7.1094054,46.1202464],[7.1086517,46.1197963],[7.1076032,46.1192047],[7.1066811,46.1187237],[7.1055177,46.1181145],[7.1048102,46.1177675],[7.1039939,46.117389],[7.1032803,46.1170599],[7.1028387,46.1168729],[7.1023278,46.1166583],[7.1013845,46.1162826]]}},{"type":"Feature","properties":{"highway":"motorway","int_ref":"E 27;E 62","lanes":"2","lit":"no","maxspeed":"100","oneway":"yes","ref":"A9","toll":"yes","carriage_ref":"f","opposite_carriage_ref":"e"},"geometry":{"type":"LineString","coordinates":[[6.9338537,46.4018738],[6.933873,46.4020275],[6.9338771,46.4021351],[6.9338789,46.4022982],[6.9338863,46.4024992],[6.9339035,46.4027587],[6.9339461,46.403247]]}},{"type":"Feature","properties":{"highway":"trunk","int_ref":"E 23","lanes":"1","lit":"no","maxspeed":"100","oneway":"yes","ref":"A9","toll":"yes","first":"true","carriage_ref":"e","opposite_carriage_ref":"f"},"geometry":{"type":"LineString","coordinates":[[6.5238442,46.7430699],[6.5243118,46.7431161],[6.5246747,46.7431708],[6.5250309,46.7432177],[6.5254059,46.7432627],[6.5257962,46.7433055],[6.5262142,46.7433541],[6.5266304,46.743397]]}},{"type":"Feature","properties":{"bridge":"yes","highway":"motorway","int_ref":"E 62","lanes":"2","layer":"1","lit":"no","maxspeed":"120","oneway":"yes","ref":"A9","toll":"yes","carriage_ref":"f","opposite_carriage_ref":"e"},"geometry":{"type":"LineString","coordinates":[[6.8583379,46.4763088],[6.8581467,46.4763458],[6.8576723,46.4764386]]}},{"type":"Feature","properties":{"bridge":"yes","highway":"motorway","int_ref":"E 27;E 62","lanes":"2","layer":"1","lit":"no","maxspeed":"120","oneway":"yes","ref":"A9","toll":"yes","carriage_ref":"e","opposite_carriage_ref":"f"},"geometry":{"type":"LineString","coordinates":[[7.0261479,46.1775333],[7.026103,46.176627]]}},{"type":"Feature","properties":{"highway":"motorway","int_ref":"E 27;E 62","lanes":"2","lit":"no","maxspeed":"120","oneway":"yes","ref":"A9","toll":"yes","carriage_ref":"f","opposite_carriage_ref":"e"},"geometry":{"type":"LineString","coordinates":[[6.9642307,46.2874376],[6.9608653,46.2926477],[6.9582488,46.2967067],[6.9577348,46.2974931],[6.956717,46.2990928]]}},{"type":"Feature","properties":{"highway":"motorway","int_ref":"E 62","lanes":"2","maxspeed":"100","oneway":"yes","ref":"A9","surface":"asphalt","toll":"yes","carriage_ref":"i","opposite_carriage_ref":"j"},"geometry":{"type":"LineString","coordinates":[[7.9324181,46.2988594],[7.933132,46.2991555],[7.9338583,46.2995041],[7.9346733,46.2999294],[7.9364574,46.301016],[7.9374476,46.3015458],[7.93818,46.3018717],[7.9389653,46.3021634],[7.9397058,46.3023921],[7.9402911,46.3025487],[7.9409075,46.3026793]]}},{"type":"Feature","properties":{"highway":"trunk","int_ref":"E 23","lanes":"1","lit":"no","maxspeed":"80","oneway":"yes","ref":"A9","toll":"yes","first":"true","carriage_ref":"b","opposite_carriage_ref":"a"},"geometry":{"type":"LineString","coordinates":[[6.4536437,46.7371893],[6.4531412,46.737139],[6.452945,46.737118],[6.4527479,46.7370989],[6.452549,46.7370844],[6.4523609,46.7370722],[6.4521723,46.7370625],[6.451983,46.7370554],[6.4517928,46.7370514],[6.4516032,46.7370513],[6.4514135,46.737055],[6.4512265,46.7370627],[6.4510412,46.7370735],[6.4508455,46.7370899],[6.4506522,46.7371092],[6.4504524,46.7371339],[6.4502528,46.7371605],[6.4500598,46.7371881],[6.4498652,46.737215],[6.4496586,46.7372412],[6.4494502,46.7372643],[6.4492886,46.7372798],[6.4491245,46.7372911],[6.4488664,46.737304],[6.4486582,46.7373088],[6.4484506,46.73731],[6.4482556,46.7373038],[6.4480587,46.7372938],[6.4478664,46.7372775],[6.4476764,46.7372577],[6.4474805,46.7372326],[6.4472839,46.7372044]]}},{"type":"Feature","properties":{"highway":"motorway","int_ref":"E 62","lanes":"2","lit":"no","maxspeed":"100","oneway":"yes","opening_date":"2016","ref":"A9","surface":"asphalt","toll":"yes","carriage_ref":"h","opposite_carriage_ref":"g"},"geometry":{"type":"LineString","coordinates":[[7.6872969,46.3068449],[7.6847522,46.3063674]]}},{"type":"Feature","properties":{"highway":"motorway","int_ref":"E 27;E 62","lanes":"2","layer":"1","lit":"no","maxspeed":"100","oneway":"yes","ref":"A9","toll":"yes","carriage_ref":"f","opposite_carriage_ref":"e"},"geometry":{"type":"LineString","coordinates":[[6.9306548,46.4218884],[6.9306902,46.4221029]]}},{"type":"Feature","properties":{"highway":"motorway","int_ref":"E 35","lanes":"3","lit":"no","loc_name":"Autostrada Milano-Como-Chiasso","maxspeed":"130","name":"Autostrada Lainate-Como-Chiasso","oneway":"yes","ref":"A9","surface":"asphalt","toll":"no","carriage_ref":"l","opposite_carriage_ref":"k"},"geometry":{"type":"LineString","coordinates":[[9.0137654,45.6277907],[9.0138548,45.6306716],[9.0145749,45.6434098],[9.0149609,45.6502914],[9.0151972,45.6547841],[9.0152003,45.6548498]]}},{"type":"Feature","properties":{"highway":"motorway","int_ref":"E 35","lanes":"2","lit":"no","maxspeed":"80","oneway":"yes","ref":"A9","source":"yahoo-image","surface":"asphalt","carriage_ref":"k","opposite_carriage_ref":"l"},"geometry":{"type":"LineString","coordinates":[[9.0577825,45.8161683],[9.0578809,45.8160103],[9.0580079,45.8158456],[9.0584221,45.8153788]]}},{"type":"Feature","properties":{"highway":"motorway","int_ref":"E 62","lanes":"2","lit":"no","maxspeed":"120","oneway":"yes","ref":"A9","toll":"yes","carriage_ref":"e","opposite_carriage_ref":"f"},"geometry":{"type":"LineString","coordinates":[[7.2129169,46.1716503],[7.2153033,46.1732634],[7.2167723,46.1742481],[7.2179379,46.1750363],[7.2194879,46.1760299],[7.219747,46.1761949]]}},{"type":"Feature","properties":{"highway":"motorway","int_ref":"E 35","lanes":"2","layer":"1","lit":"no","maxspeed":"80","oneway":"yes","ref":"A9","source":"yahoo-image","surface":"asphalt","carriage_ref":"l","opposite_carriage_ref":"k"},"geometry":{"type":"LineString","coordinates":[[9.0570956,45.818766],[9.0567093,45.819145],[9.0564051,45.8194005],[9.0559769,45.8196654]]}},{"type":"Feature","properties":{"bridge":"yes","highway":"motorway","int_ref":"E 35","lanes":"2","layer":"1","lit":"no","maxspeed":"80","name":"Autostrada Lainate-Como-Chiasso","oneway":"yes","ref":"A9","source:maxspeed":"GPS survey 08.2017. Sign","surface":"asphalt","toll":"yes","carriage_ref":"l","opposite_carriage_ref":"k"},"geometry":{"type":"LineString","coordinates":[[9.0512428,45.7808653],[9.0512855,45.7810031],[9.0513145,45.7811087]]}},{"type":"Feature","properties":{"bridge":"yes","highway":"motorway","int_ref":"E 35","lanes":"2","layer":"1","lit":"no","name":"Autostrada Lainate-Como-Chiasso","oneway":"yes","ref":"A9","surface":"asphalt","toll":"yes","carriage_ref":"k","opposite_carriage_ref":"l"},"geometry":{"type":"LineString","coordinates":[[9.0273726,45.7255399],[9.0272908,45.7252439]]}},{"type":"Feature","properties":{"highway":"motorway","int_ref":"E 27;E 62","lanes":"2","lit":"no","maxspeed":"120","oneway":"yes","ref":"A9","toll":"yes","carriage_ref":"e","opposite_carriage_ref":"f"},"geometry":{"type":"LineString","coordinates":[[6.9934276,46.2461885],[6.9942893,46.2448603],[6.9943811,46.2447137]]}},{"type":"Feature","properties":{"bridge":"yes","highway":"motorway","int_ref":"E 35","lanes":"2","layer":"1","lit":"no","maxspeed":"130","name":"Autostrada Lainate-Como-Chiasso","oneway":"yes","ref":"A9","surface":"asphalt","toll":"yes","carriage_ref":"l","opposite_carriage_ref":"k"},"geometry":{"type":"LineString","coordinates":[[9.0315916,45.7394727],[9.0317186,45.7398502]]}},{"type":"Feature","properties":{"highway":"motorway","int_ref":"E 23;E 25","lanes":"2","lit":"no","maxspeed":"120","oneway":"yes","ref":"A1;A9","surface":"asphalt","toll":"yes","carriage_ref":"e","opposite_carriage_ref":"f"},"geometry":{"type":"LineString","coordinates":[[6.572507,46.6602362],[6.5725449,46.659851],[6.5725689,46.6594494],[6.5725647,46.658912],[6.572539,46.6582862],[6.572513,46.6579912],[6.5724641,46.6576735],[6.572351,46.6570182],[6.5722028,46.6564646]]}},{"type":"Feature","properties":{"highway":"motorway","int_ref":"E 62","lanes":"2","lit":"no","maxspeed":"120","oneway":"yes","ref":"A9","toll":"yes","carriage_ref":"e","opposite_carriage_ref":"f"},"geometry":{"type":"LineString","coordinates":[[7.2408079,46.1873448],[7.242137,46.188045],[7.2428048,46.1884204],[7.2438962,46.1890613],[7.244911,46.1896857],[7.2457226,46.1901957],[7.2464866,46.1907028],[7.2474846,46.1913882],[7.2481793,46.1918918],[7.2491156,46.1925876],[7.2500906,46.1933461],[7.2511568,46.194201],[7.2521562,46.1950017],[7.2550521,46.1973977],[7.2556837,46.1979097],[7.2561618,46.1983085],[7.2568216,46.1988532],[7.2577865,46.1996155],[7.2589772,46.2005154],[7.2602882,46.2014534],[7.2619736,46.2025713],[7.2623899,46.2028299],[7.2627379,46.203044],[7.2640019,46.2037968],[7.264574,46.2041302],[7.2657341,46.2047626],[7.2664084,46.2051195],[7.2669868,46.205409],[7.2679813,46.2058968],[7.2694472,46.2065817]]}},{"type":"Feature","properties":{"bridge":"yes","highway":"motorway","int_ref":"E 35","lanes":"2","layer":"1","lit":"no","maxspeed":"80","oneway":"yes","ref":"A9","source":"yahoo-image","surface":"asphalt","carriage_ref":"k","opposite_carriage_ref":"l"},"geometry":{"type":"LineString","coordinates":[[9.0569295,45.8085504],[9.056839,45.8084241]]}},{"type":"Feature","properties":{"highway":"motorway","int_ref":"E 23;E 25","lanes":"2","lit":"no","maxspeed":"120","oneway":"yes","ref":"A1;A9","surface":"asphalt","toll":"yes","carriage_ref":"e","opposite_carriage_ref":"f"},"geometry":{"type":"LineString","coordinates":[[6.5719828,46.6625765],[6.5720734,46.6622733],[6.5721635,46.6619718],[6.5723161,46.6613682],[6.5723615,46.6611663],[6.5724288,46.6607823]]}},{"type":"Feature","properties":{"highway":"motorway","int_ref":"E 62","lanes":"2","layer":"-1","lit":"yes","maxspeed":"100","name":"Tunnel du Flonzaley","oneway":"yes","ref":"A9","toll":"yes","tunnel":"yes","tunnel:name":"Flonzaley","carriage_ref":"e","opposite_carriage_ref":"f"},"geometry":{"type":"LineString","coordinates":[[6.7544166,46.4926748],[6.7570209,46.4921384],[6.7599513,46.4914722],[6.7614783,46.4910342],[6.7623322,46.4907656],[6.7630778,46.4905007]]}},{"type":"Feature","properties":{"bridge":"yes","highway":"motorway","int_ref":"E 27;E 62","lanes":"2","layer":"1","lit":"no","maxspeed":"120","oneway":"yes","ref":"A9","toll":"yes","carriage_ref":"f","opposite_carriage_ref":"e"},"geometry":{"type":"LineString","coordinates":[[7.0145518,46.2015315],[7.0144373,46.2016495],[7.0139519,46.2021732],[7.0135485,46.2026389],[7.0133633,46.2028633]]}},{"type":"Feature","properties":{"highway":"motorway","int_ref":"E 35","lanes":"2","lit":"no","maxspeed":"60","name":"Autostrada Lainate-Como-Chiasso","oneway":"yes","ref":"A9","source:maxspeed":"GPS survey 08.2017. Sign 60","surface":"asphalt","toll":"yes","carriage_ref":"k","opposite_carriage_ref":"l"},"geometry":{"type":"LineString","coordinates":[[9.0501942,45.7777871],[9.0497325,45.7762091],[9.0493489,45.7753068]]}},{"type":"Feature","properties":{"highway":"motorway","lanes":"2","maxspeed":"100","oneway":"yes","opening_date":"2016","ref":"A9","surface":"asphalt","toll":"yes","carriage_ref":"i","opposite_carriage_ref":"j"},"geometry":{"type":"LineString","coordinates":[[7.9277945,46.2973089],[7.9284022,46.2975564]]}},{"type":"Feature","properties":{"bridge":"yes","highway":"motorway","int_ref":"E 35","lanes":"2","layer":"1","lit":"no","maxspeed":"100","oneway":"yes","overtaking:hgv:conditional":"no @ (weight > 7.5)","ref":"A9","source:maxspeed":"sign","surface":"asphalt","carriage_ref":"k","opposite_carriage_ref":"l"},"geometry":{"type":"LineString","coordinates":[[9.0497728,45.7876474],[9.0499191,45.7873978]]}},{"type":"Feature","properties":{"destination":"Lausanne-Blécherette;Lausanne-Centre","highway":"motorway","int_ref":"E 62","lanes":"2","lit":"no","maxspeed":"120","oneway":"yes","ref":"A9","toll":"yes","carriage_ref":"f","opposite_carriage_ref":"e"},"geometry":{"type":"LineString","coordinates":[[6.661877,46.5375722],[6.6592817,46.5386094]]}},{"type":"Feature","properties":{"bridge":"yes","highway":"motorway","int_ref":"E 62","lanes":"2","layer":"1","lit":"no","maxspeed":"120","oneway":"yes","ref":"A9","toll":"yes","carriage_ref":"e","opposite_carriage_ref":"f"},"geometry":{"type":"LineString","coordinates":[[7.3683852,46.2256685],[7.3683953,46.2256734]]}},{"type":"Feature","properties":{"bridge":"yes","highway":"motorway","int_ref":"E 62","lanes":"2","layer":"1","lit":"no","maxspeed":"120","oneway":"yes","ref":"A9","toll":"yes","carriage_ref":"e","opposite_carriage_ref":"f"},"geometry":{"type":"LineString","coordinates":[[7.3597852,46.2230047],[7.3602181,46.2230886]]}},{"type":"Feature","properties":{"highway":"motorway","int_ref":"E 35","lanes":"2","lit":"no","maxspeed":"60","nat_ref":"A8","oneway":"yes","ref":"A9","surface":"asphalt","carriage_ref":"l","opposite_carriage_ref":"k"},"geometry":{"type":"LineString","coordinates":[[9.0434107,45.8406169],[9.0429692,45.8407762],[9.0425705,45.8409221]]}},{"type":"Feature","properties":{"highway":"motorway","int_ref":"E 27;E 62","lanes":"2","lit":"no","maxspeed":"120","oneway":"yes","ref":"A9","toll":"yes","carriage_ref":"e","opposite_carriage_ref":"f"},"geometry":{"type":"LineString","coordinates":[[6.9551978,46.3011343],[6.956375,46.2993507]]}},{"type":"Feature","properties":{"covered":"yes","highway":"motorway","int_ref":"E 35","lanes":"2","lit":"no","maxspeed":"20","name":"Autostrada Lainate-Como-Chiasso","nat_ref":"A8","oneway":"yes","ref":"A9","surface":"asphalt","carriage_ref":"l","opposite_carriage_ref":"k"},"geometry":{"type":"LineString","coordinates":[[9.0368911,45.8409246],[9.0367893,45.8408783]]}},{"type":"Feature","properties":{"destination":"Simplon;Gt-St-Bernard;Lausanne","highway":"motorway","int_ref":"E 23","lit":"no","maxspeed":"80","oneway":"yes","ref":"A9","surface":"asphalt","toll":"yes","carriage_ref":"e","opposite_carriage_ref":"f"},"geometry":{"type":"LineString","coordinates":[[6.5658194,46.728916],[6.5662825,46.7288331],[6.5667402,46.7287647]]}},{"type":"Feature","properties":{"highway":"motorway","int_ref":"E 23;E 25","lanes":"2","lit":"no","maxspeed":"120","oneway":"yes","ref":"A1;A9","surface":"asphalt","toll":"yes","carriage_ref":"e","opposite_carriage_ref":"f"},"geometry":{"type":"LineString","coordinates":[[6.5547991,46.5841168],[6.5552722,46.580933],[6.555744,46.5780923],[6.5562827,46.5752749],[6.5570538,46.5715922]]}},{"type":"Feature","properties":{"bridge":"yes","highway":"motorway","int_ref":"E 35","lanes":"2","layer":"1","lit":"no","maxspeed":"80","oneway":"yes","ref":"A9","source":"yahoo-image","surface":"asphalt","carriage_ref":"k","opposite_carriage_ref":"l"},"geometry":{"type":"LineString","coordinates":[[9.0590173,45.8111679],[9.058982,45.8111283]]}},{"type":"Feature","properties":{"destination":"Les Clées","highway":"motorway","int_ref":"E 23","lanes":"2","lit":"no","maxspeed":"120","oneway":"yes","ref":"A9","toll":"yes","carriage_ref":"f","opposite_carriage_ref":"e"},"geometry":{"type":"LineString","coordinates":[[6.5335958,46.7432475],[6.5333998,46.7432774],[6.5330619,46.7433229],[6.5327357,46.7433611],[6.5324216,46.7433973],[6.532029,46.7434383],[6.531634,46.7434727],[6.5312579,46.7435037],[6.5308554,46.7435284],[6.5304604,46.7435472],[6.5301604,46.7435593],[6.5298596,46.7435678],[6.5294767,46.7435756]]}},{"type":"Feature","properties":{"destination":"Lutry","highway":"motorway","int_ref":"E 62","lanes":"2","lit":"no","maxspeed":"120","oneway":"yes","ref":"A9","toll":"yes","carriage_ref":"f","opposite_carriage_ref":"e"},"geometry":{"type":"LineString","coordinates":[[6.7751792,46.4857585],[6.773936,46.4861163],[6.7731287,46.4863727],[6.7726106,46.4865524],[6.7720817,46.4867448],[6.7715192,46.4869654],[6.7708908,46.48722]]}},{"type":"Feature","properties":{"bridge":"yes","highway":"motorway","int_ref":"E 62","lanes":"2","layer":"1","lit":"no","maxspeed":"120","oneway":"yes","ref":"A9","toll":"yes","carriage_ref":"e","opposite_carriage_ref":"f"},"geometry":{"type":"LineString","coordinates":[[6.7456846,46.4967214],[6.7460348,46.496657],[6.7463266,46.4965981],[6.746621,46.4965267]]}},{"type":"Feature","properties":{"bridge":"yes","highway":"motorway","int_ref":"E 27;E 62","lanes":"2","layer":"1","lit":"no","maxspeed":"120","oneway":"yes","ref":"A9","toll":"yes","carriage_ref":"e","opposite_carriage_ref":"f"},"geometry":{"type":"LineString","coordinates":[[7.0658443,46.1219412],[7.0663238,46.1214263],[7.0669096,46.1208499],[7.0672921,46.1205092]]}},{"type":"Feature","properties":{"bridge":"yes","destination":"Bern;Neuchâtel;Yverdon;Besançon;Vallorbe","highway":"motorway","lanes":"1","layer":"1","lit":"no","maxspeed":"80","oneway":"yes","ref":"A9","toll":"yes","carriage_ref":"f","opposite_carriage_ref":"e"},"geometry":{"type":"LineString","coordinates":[[6.5674915,46.5644527],[6.5669881,46.5643983],[6.5665861,46.5643393]]}},{"type":"Feature","properties":{"avz":"250","cs_dir:forward":"1","highway":"motorway","int_ref":"E 27;E 62","lanes":"2","lit":"no","maxspeed":"120","oneway":"yes","ref":"A9","ssvz":"823N","toll":"yes","carriage_ref":"e","opposite_carriage_ref":"f"},"geometry":{"type":"LineString","coordinates":[[6.9438482,46.3157664],[6.9447895,46.3145575],[6.9456444,46.3134852],[6.9468901,46.3119911],[6.9480629,46.3106162],[6.9488659,46.3096927],[6.9495039,46.3089374]]}},{"type":"Feature","properties":{"highway":"motorway","int_ref":"E 62","lanes":"2","lit":"no","maxspeed":"100","oneway":"yes","ref":"A9","toll":"yes","carriage_ref":"f","opposite_carriage_ref":"e"},"geometry":{"type":"LineString","coordinates":[[6.6843105,46.5198685],[6.6838802,46.5202581],[6.6834656,46.5206561]]}},{"type":"Feature","properties":{"destination":"Riddes","highway":"motorway","int_ref":"E 62","lanes":"2","lit":"no","maxspeed":"120","oneway":"yes","ref":"A9","toll":"yes","carriage_ref":"f","opposite_carriage_ref":"e"},"geometry":{"type":"LineString","coordinates":[[7.3005926,46.2130015],[7.2977551,46.2129362],[7.2962021,46.2128741],[7.2951364,46.2128119]]}},{"type":"Feature","properties":{"bridge":"yes","highway":"motorway","int_ref":"E 62","lanes":"3","layer":"1","lit":"no","maxspeed":"120","oneway":"yes","ref":"A9","toll":"yes","carriage_ref":"f","opposite_carriage_ref":"e"},"geometry":{"type":"LineString","coordinates":[[6.5864236,46.5614091],[6.5856015,46.5615127],[6.5848415,46.5616263],[6.5842464,46.5617315]]}},{"type":"Feature","properties":{"bridge":"yes","highway":"motorway","int_ref":"E 62","lanes":"3","layer":"1","lit":"no","maxspeed":"120","oneway":"yes","ref":"A9","toll":"yes","carriage_ref":"e","opposite_carriage_ref":"f"},"geometry":{"type":"LineString","coordinates":[[6.6198537,46.5513307],[6.620307,46.5512378]]}},{"type":"Feature","properties":{"bridge":"yes","highway":"motorway","int_ref":"E 35","lanes":"3","layer":"1","lit":"no","name":"Autostrada Lainate-Como-Chiasso","oneway":"yes","ref":"A9","surface":"asphalt","toll":"no","carriage_ref":"k","opposite_carriage_ref":"l"},"geometry":{"type":"LineString","coordinates":[[9.0136095,45.6277881],[9.0135877,45.6274378]]}},{"type":"Feature","properties":{"bridge":"yes","highway":"motorway","int_ref":"E 62","lanes":"2","layer":"1","lit":"no","maxspeed":"120","oneway":"yes","ref":"A9","toll":"yes","carriage_ref":"f","opposite_carriage_ref":"e"},"geometry":{"type":"LineString","coordinates":[[7.2198944,46.1764478],[7.219629,46.1762731]]}},{"type":"Feature","properties":{"highway":"motorway","int_ref":"E 62","lanes":"2","lit":"no","maxspeed":"100","oneway":"yes","ref":"A9","toll":"yes","carriage_ref":"e","opposite_carriage_ref":"f"},"geometry":{"type":"LineString","coordinates":[[6.8583006,46.4761979],[6.8585551,46.4761463],[6.8588527,46.4760761],[6.8591726,46.4759925],[6.8596166,46.4758619],[6.8601158,46.4756961],[6.8606085,46.4755077],[6.8610048,46.4753376],[6.8614201,46.4751461],[6.861796,46.4749584],[6.8621213,46.4747813],[6.8624714,46.474565]]}},{"type":"Feature","properties":{"avz":"313","cs_dir:forward":"2","highway":"motorway","int_ref":"E 62","lanes":"2","lit":"no","maxspeed":"120","oneway":"yes","ref":"A9","toll":"yes","carriage_ref":"f","opposite_carriage_ref":"e"},"geometry":{"type":"LineString","coordinates":[[7.2720834,46.2078119],[7.2710938,46.2074082],[7.2697918,46.2068522]]}},{"type":"Feature","properties":{"bridge":"yes","highway":"motorway","int_ref":"E 35","lanes":"2","layer":"1","lit":"no","name":"Autostrada Lainate-Como-Chiasso","oneway":"yes","ref":"A9","surface":"asphalt","toll":"yes","carriage_ref":"k","opposite_carriage_ref":"l"},"geometry":{"type":"LineString","coordinates":[[9.0315685,45.7398502],[9.031437,45.7394791]]}},{"type":"Feature","properties":{"highway":"motorway","int_ref":"E 62","lanes":"2","lit":"no","maxspeed":"120","oneway":"yes","ref":"A9","toll":"yes","carriage_ref":"f","opposite_carriage_ref":"e"},"geometry":{"type":"LineString","coordinates":[[7.5172155,46.2807815],[7.5157191,46.2801116]]}},{"type":"Feature","properties":{"destination":"Lausanne","highway":"motorway","int_ref":"E 62","lanes":"2","lit":"no","maxspeed":"120","oneway":"yes","ref":"A9","surface":"asphalt","toll":"yes","carriage_ref":"f","opposite_carriage_ref":"e"},"geometry":{"type":"LineString","coordinates":[[7.1013845,46.1162826],[7.100715,46.1160273],[7.1000732,46.1158027],[7.0993352,46.1155488],[7.0987121,46.1153414]]}},{"type":"Feature","properties":{"highway":"trunk","int_ref":"E 23","lanes":"2","lit":"no","maxspeed":"80","oneway":"yes","ref":"A9","toll":"yes","last":"true","carriage_ref":"a","opposite_carriage_ref":"b"},"geometry":{"type":"LineString","coordinates":[[6.4484489,46.7372401],[6.4486485,46.737242],[6.4488443,46.737238],[6.449113,46.7372246],[6.4492748,46.7372123],[6.4494366,46.7371965],[6.4496436,46.7371735],[6.4498478,46.7371463],[6.4500429,46.7371201],[6.4502359,46.7370924],[6.450434,46.7370666],[6.4506343,46.7370429],[6.4508301,46.7370226],[6.4510289,46.7370056],[6.4512162,46.7369948],[6.4514061,46.7369873],[6.4515999,46.7369831],[6.4517939,46.7369833],[6.4519868,46.7369875],[6.4521794,46.736995],[6.4523721,46.7370063],[6.4525642,46.7370205],[6.4527613,46.7370397],[6.4529583,46.7370632],[6.4531544,46.7370908],[6.4536437,46.7371893]]}},{"type":"Feature","properties":{"bridge":"yes","highway":"motorway","int_ref":"E 62","lanes":"2","layer":"1","lit":"no","maxspeed":"120","oneway":"yes","ref":"A9","toll":"yes","carriage_ref":"e","opposite_carriage_ref":"f"},"geometry":{"type":"LineString","coordinates":[[7.2405563,46.1872132],[7.2408079,46.1873448]]}},{"type":"Feature","properties":{"highway":"motorway","int_ref":"E 27;E 62","lanes":"2","lit":"no","maxspeed":"120","oneway":"yes","ref":"A9","surface":"asphalt","toll":"yes","carriage_ref":"e","opposite_carriage_ref":"f"},"geometry":{"type":"LineString","coordinates":[[7.076786,46.115253],[7.0775549,46.1150126],[7.0783916,46.1147791],[7.0790121,46.1146179],[7.0796192,46.1144727],[7.0801913,46.1143449],[7.0809733,46.1141919],[7.081524,46.1140932],[7.0821769,46.1139864],[7.0831028,46.113855],[7.0842106,46.113736],[7.0850688,46.1136599],[7.0860437,46.1136046],[7.0866189,46.1135818],[7.0872513,46.1135702],[7.0878914,46.1135635],[7.088351,46.1135696],[7.0886954,46.1135769]]}},{"type":"Feature","properties":{"highway":"motorway","int_ref":"E 27;E 62","lanes":"2","lit":"no","maxspeed":"100","oneway":"yes","ref":"A9","toll":"yes","carriage_ref":"e","opposite_carriage_ref":"f"},"geometry":{"type":"LineString","coordinates":[[6.9120711,46.4414864],[6.9126004,46.4413255],[6.9130574,46.4411621],[6.9134676,46.4409828],[6.9139079,46.4407677],[6.9142984,46.4405237],[6.9146742,46.4402481],[6.9148409,46.4401115],[6.9149977,46.4399723]]}},{"type":"Feature","properties":{"highway":"motorway","int_ref":"E 35","lanes":"2","lit":"yes","maxspeed":"80","name":"Autostrada Lainate-Como-Chiasso","oneway":"yes","overtaking":"no","ref":"A9","source:maxspeed":"sign","surface":"asphalt","carriage_ref":"k","opposite_carriage_ref":"l"},"geometry":{"type":"LineString","coordinates":[[9.0402421,45.8411769],[9.0405862,45.8411011],[9.0407566,45.8410934],[9.0410878,45.8411175],[9.0414237,45.8410953],[9.0418613,45.8410105],[9.0424181,45.8408624],[9.0427216,45.8407604]]}},{"type":"Feature","properties":{"bridge":"yes","highway":"motorway","int_ref":"E 35","lanes":"2","layer":"1","lit":"no","maxspeed":"80","oneway":"yes","ref":"A9","surface":"asphalt","carriage_ref":"l","opposite_carriage_ref":"k"},"geometry":{"type":"LineString","coordinates":[[9.050027,45.78741],[9.0498852,45.787659]]}},{"type":"Feature","properties":{"highway":"motorway","int_ref":"E 35","lanes":"3","lit":"no","maxspeed":"60","name":"Autostrada Lainate-Como-Chiasso","oneway":"yes","ref":"A9","surface":"asphalt","toll":"yes","carriage_ref":"l","opposite_carriage_ref":"k"},"geometry":{"type":"LineString","coordinates":[[9.0481352,45.7698491],[9.0482408,45.7702402]]}},{"type":"Feature","properties":{"bridge":"yes","highway":"motorway","int_ref":"E 35","lanes":"2","layer":"1","lit":"no","maxspeed":"80","name":"Autostrada Lainate-Como-Chiasso","oneway":"yes","ref":"A9","source:maxspeed":"GPS survey 08.2017. Sign","surface":"asphalt","toll":"yes","carriage_ref":"l","opposite_carriage_ref":"k"},"geometry":{"type":"LineString","coordinates":[[9.0515887,45.782238],[9.0516311,45.7827582]]}},{"type":"Feature","properties":{"avz":"201","bridge":"yes","cs_dir:forward":"2","highway":"motorway","int_ref":"E 62","lanes":"2","layer":"1","lit":"no","maxspeed":"120","oneway":"yes","ref":"A9","ssvz":"985N","toll":"yes","carriage_ref":"f","opposite_carriage_ref":"e"},"geometry":{"type":"LineString","coordinates":[[7.3894287,46.2389855],[7.3889431,46.238787],[7.3881983,46.2384671],[7.3873419,46.2380748]]}},{"type":"Feature","properties":{"bridge":"yes","highway":"motorway","int_ref":"E 27;E 62","lanes":"2","layer":"1","lit":"no","maxspeed":"120","oneway":"yes","ref":"A9","toll":"yes","carriage_ref":"e","opposite_carriage_ref":"f"},"geometry":{"type":"LineString","coordinates":[[6.9640818,46.2873934],[6.9642546,46.2871214]]}},{"type":"Feature","properties":{"highway":"motorway","int_ref":"E 35","lanes":"2","lit":"yes","maxspeed":"30","name":"Autostrada Lainate-Como-Chiasso","oneway":"yes","ref":"A9","source:maxspeed":"sign","surface":"asphalt","carriage_ref":"k","opposite_carriage_ref":"l"},"geometry":{"type":"LineString","coordinates":[[9.0375095,45.8404435],[9.0375397,45.8404567],[9.0376376,45.8404978],[9.0380229,45.8406655],[9.0383056,45.8407871],[9.0385401,45.8408896],[9.0388671,45.8410056],[9.0394469,45.8412111],[9.0396676,45.8412686],[9.0398147,45.8412833],[9.0399852,45.8412658],[9.0402421,45.8411769]]}},{"type":"Feature","properties":{"bridge":"yes","highway":"motorway","int_ref":"E 62","lanes":"2","layer":"1","lit":"no","maxspeed":"120","oneway":"yes","ref":"A9","toll":"yes","carriage_ref":"f","opposite_carriage_ref":"e"},"geometry":{"type":"LineString","coordinates":[[7.4090368,46.2436628],[7.406189,46.243188]]}},{"type":"Feature","properties":{"bridge":"yes","highway":"motorway","int_ref":"E 27;E 62","lanes":"2","layer":"1","lit":"no","maxspeed":"100","oneway":"yes","ref":"A9","toll":"yes","carriage_ref":"f","opposite_carriage_ref":"e"},"geometry":{"type":"LineString","coordinates":[[6.9155481,46.4396875],[6.9153759,46.4398858],[6.9152075,46.4400418]]}},{"type":"Feature","properties":{"bridge":"yes","bridge:name":"Viadotto Bellinzona","highway":"motorway","int_ref":"E 35","lanes":"2","layer":"1","lit":"no","maxspeed":"80","oneway":"yes","ref":"A9","surface":"asphalt","carriage_ref":"k","opposite_carriage_ref":"l"},"geometry":{"type":"LineString","coordinates":[[9.0430771,45.8284317],[9.0440069,45.8272539]]}},{"type":"Feature","properties":{"destination:lanes":"Furka;Grimsel;Nufenen;Brig-Glis|Milano;Domodossola;Simplon","destination:ref:lanes":"19|A9","highway":"trunk","int_ref":"E 62","lanes":"2","maxspeed":"60","motorroad":"yes","oneway":"yes","ref":"A9","smoothness":"excellent","smoothness:date":"2019-08-01","surface":"asphalt","toll":"yes","turn:lanes":"slight_left|slight_right","carriage_ref":"i","opposite_carriage_ref":"j"},"geometry":{"type":"LineString","coordinates":[[7.960315,46.3037015],[7.9616846,46.304131],[7.9628183,46.3044958],[7.9636969,46.3047793]]}},{"type":"Feature","properties":{"highway":"motorway","int_ref":"E 23;E 25","lanes":"2","maxspeed":"100","oneway":"yes","ref":"A1;A9","toll":"yes","carriage_ref":"f","opposite_carriage_ref":"e"},"geometry":{"type":"LineString","coordinates":[[6.5583157,46.5669064],[6.5580645,46.5678765]]}},{"type":"Feature","properties":{"highway":"trunk","int_ref":"E 23","lanes":"1","lit":"no","maxspeed":"80","oneway":"yes","ref":"A9","toll":"yes","carriage_ref":"a","opposite_carriage_ref":"b"},"geometry":{"type":"LineString","coordinates":[[6.4473065,46.7371294],[6.4475051,46.7371583],[6.4477014,46.7371841],[6.447885,46.7372051],[6.4480722,46.7372209],[6.4482593,46.7372342],[6.4484489,46.7372401]]}},{"type":"Feature","properties":{"bridge":"yes","highway":"motorway","int_ref":"E 62","lanes":"2","layer":"1","lit":"no","maxspeed":"120","oneway":"yes","ref":"A9","toll":"yes","carriage_ref":"f","opposite_carriage_ref":"e"},"geometry":{"type":"LineString","coordinates":[[6.80711,46.4751854],[6.8063319,46.4753037],[6.805464,46.4754787],[6.8049411,46.4756045],[6.8036313,46.475956],[6.8026592,46.4761579]]}},{"type":"Feature","properties":{"highway":"motorway","int_ref":"E 27;E 62","lanes":"2","lit":"no","maxspeed":"120","oneway":"yes","ref":"A9","toll":"yes","carriage_ref":"e","opposite_carriage_ref":"f"},"geometry":{"type":"LineString","coordinates":[[6.9376328,46.3943368],[6.9376922,46.3939867],[6.93772,46.3936412],[6.9377199,46.3933575],[6.9377034,46.3930928],[6.9376626,46.3927939],[6.9375707,46.392429]]}},{"type":"Feature","properties":{"highway":"motorway","int_ref":"E 62","lanes":"2","lit":"no","maxspeed":"120","oneway":"yes","ref":"A9","toll":"yes","carriage_ref":"f","opposite_carriage_ref":"e"},"geometry":{"type":"LineString","coordinates":[[7.2302094,46.1822747],[7.2291757,46.1817532],[7.2281348,46.1812216],[7.2272799,46.1807712],[7.2265008,46.1803558],[7.2255767,46.1798575],[7.2247451,46.1793773]]}},{"type":"Feature","properties":{"avz":"116","cs_dir:forward":"1","highway":"motorway","int_ref":"E 62","lanes":"2","layer":"-1","lit":"yes","maxspeed":"100","name":"Tunnel de Chauderon","oneway":"yes","ref":"A9","ssvz":"773N","toll":"yes","tunnel":"yes","tunnel:name":"Chaudron","carriage_ref":"e","opposite_carriage_ref":"f"},"geometry":{"type":"LineString","coordinates":[[6.7153411,46.5015249],[6.7169933,46.5005093]]}},{"type":"Feature","properties":{"bridge":"yes","highway":"motorway","int_ref":"E 62","lanes":"4","layer":"1","lit":"no","maxspeed":"120","oneway":"yes","ref":"A9","toll":"yes","turn:lanes":"through|through|through|slight_right","carriage_ref":"f","opposite_carriage_ref":"e"},"geometry":{"type":"LineString","coordinates":[[6.6291101,46.5477332],[6.628736,46.5479909],[6.6284007,46.5482107],[6.6282405,46.5483114]]}},{"type":"Feature","properties":{"bridge":"yes","highway":"motorway","int_ref":"E 27;E 62","lanes":"2","layer":"1","lit":"no","maxspeed":"120","oneway":"yes","ref":"A9","toll":"yes","carriage_ref":"e","opposite_carriage_ref":"f"},"geometry":{"type":"LineString","coordinates":[[6.939835,46.3215199],[6.9400377,46.3212045]]}},{"type":"Feature","properties":{"highway":"motorway","int_ref":"E 27;E 62","lanes":"2","lit":"no","maxspeed":"120","oneway":"yes","ref":"A9","toll":"yes","carriage_ref":"e","opposite_carriage_ref":"f"},"geometry":{"type":"LineString","coordinates":[[7.0017383,46.2344711],[7.0019046,46.2342986],[7.002273,46.233854],[7.0025109,46.2335227],[7.0027282,46.2332084],[7.0029272,46.2328736],[7.0031141,46.2324947],[7.0033165,46.2320023],[7.0034109,46.2317368],[7.0035032,46.231443],[7.0035744,46.2311053],[7.003635,46.2306923],[7.0036679,46.2303229],[7.003683,46.2298669],[7.003679,46.2295402],[7.0036638,46.2291407]]}},{"type":"Feature","properties":{"highway":"motorway","int_ref":"E 62","lanes":"2","layer":"-2","lit":"yes","maxspeed":"100","name":"Tunnel de la Criblette","oneway":"yes","ref":"A9","toll":"yes","tunnel":"yes","tunnel:name":"Criblette","carriage_ref":"e","opposite_carriage_ref":"f"},"geometry":{"type":"LineString","coordinates":[[6.7273544,46.4994115],[6.7289089,46.4996563],[6.7309161,46.4998015]]}},{"type":"Feature","properties":{"highway":"motorway","int_ref":"E 27;E 62","lanes":"2","lit":"no","maxspeed":"120","oneway":"yes","ref":"A9","toll":"yes","carriage_ref":"e","opposite_carriage_ref":"f"},"geometry":{"type":"LineString","coordinates":[[6.9495039,46.3089374],[6.9504219,46.3078222],[6.9516192,46.3062884],[6.9520807,46.3056691],[6.9526669,46.3048761],[6.9535967,46.3035491],[6.9540295,46.302912],[6.9550743,46.3013337]]}},{"type":"Feature","properties":{"bridge":"yes","highway":"motorway","int_ref":"E 23;E 25","lanes":"2","layer":"1","lit":"no","maxspeed":"120","oneway":"yes","ref":"A1;A9","surface":"asphalt","toll":"yes","carriage_ref":"e","opposite_carriage_ref":"f"},"geometry":{"type":"LineString","coordinates":[[6.5547436,46.5845589],[6.5547991,46.5841168]]}},{"type":"Feature","properties":{"bridge":"yes","highway":"motorway","int_ref":"E 62","lanes":"2","layer":"1","lit":"no","maxspeed":"120","oneway":"yes","ref":"A9","toll":"yes","carriage_ref":"e","opposite_carriage_ref":"f"},"geometry":{"type":"LineString","coordinates":[[6.6737189,46.5344812],[6.6742165,46.5342456],[6.6746015,46.5340356],[6.6750795,46.5337429],[6.6757327,46.5332977],[6.6763024,46.532872]]}},{"type":"Feature","properties":{"bridge":"yes","bridge:name":"Viadotto Torchio","highway":"motorway","int_ref":"E 35","lanes":"2","layer":"1","lit":"no","maxspeed":"80","oneway":"yes","ref":"A9","source":"yahoo-image","surface":"asphalt","carriage_ref":"k","opposite_carriage_ref":"l"},"geometry":{"type":"LineString","coordinates":[[9.0584221,45.8153788],[9.0591288,45.8145889]]}},{"type":"Feature","properties":{"highway":"motorway","int_ref":"E 62","lanes":"2","lit":"no","maxspeed":"100","oneway":"yes","ref":"A9","toll":"yes","carriage_ref":"e","opposite_carriage_ref":"f"},"geometry":{"type":"LineString","coordinates":[[6.6831045,46.5206573],[6.6836702,46.5201254],[6.6841291,46.5197617]]}},{"type":"Feature","properties":{"bridge":"yes","highway":"motorway","int_ref":"E 27;E 62","lanes":"2","layer":"1","lit":"no","maxspeed":"120","oneway":"yes","ref":"A9","toll":"yes","carriage_ref":"f","opposite_carriage_ref":"e"},"geometry":{"type":"LineString","coordinates":[[7.0263687,46.1734157],[7.0263368,46.1735965]]}},{"type":"Feature","properties":{"highway":"motorway","int_ref":"E 23","lanes":"2","lit":"no","maxspeed":"120","oneway":"yes","ref":"A9","toll":"yes","carriage_ref":"e","opposite_carriage_ref":"f"},"geometry":{"type":"LineString","coordinates":[[6.5266304,46.743397],[6.5269397,46.7434232],[6.5272612,46.7434432]]}},{"type":"Feature","properties":{"highway":"motorway","lanes":"1","lit":"no","maxspeed":"70","oneway":"yes","ref":"A9","toll":"yes","carriage_ref":"f","opposite_carriage_ref":"e"},"geometry":{"type":"LineString","coordinates":[[6.5632024,46.5634063],[6.562891,46.5633056],[6.5626647,46.5632367],[6.5624346,46.563177],[6.5622188,46.563131],[6.56204,46.5631053],[6.5618119,46.5630854],[6.5616401,46.5630761],[6.5613849,46.5630864]]}},{"type":"Feature","properties":{"highway":"motorway","int_ref":"E 62","lanes":"2","lit":"no","maxspeed":"100","oneway":"yes","ref":"A9","toll":"yes","carriage_ref":"f","opposite_carriage_ref":"e"},"geometry":{"type":"LineString","coordinates":[[6.7001715,46.5142332],[6.6998637,46.5144366],[6.6995318,46.5146444],[6.6991589,46.5148601],[6.6986687,46.5151131]]}},{"type":"Feature","properties":{"bicycle":"no","cycleway":"no","highway":"motorway","int_ref":"E 27;E 62","lanes":"2","lit":"no","maxspeed":"120","oneway":"yes","ref":"A9","toll":"yes","carriage_ref":"e","opposite_carriage_ref":"f"},"geometry":{"type":"LineString","coordinates":[[6.9272345,46.3480602],[6.9276122,46.3470015],[6.9279468,46.3460794],[6.9287193,46.3440409],[6.9290633,46.3431502],[6.9296939,46.3416212],[6.9301432,46.340493],[6.9310644,46.3383433],[6.9314901,46.3373724],[6.9320438,46.3361523],[6.9331143,46.3338697],[6.9342779,46.3315016],[6.9348558,46.3303586],[6.9354978,46.3291243],[6.9358729,46.32841],[6.9370203,46.3262838],[6.9372857,46.3258068],[6.9376311,46.3251977],[6.9380302,46.3245348]]}},{"type":"Feature","properties":{"bridge":"yes","highway":"motorway","int_ref":"E 62","lanes":"2","layer":"1","lit":"no","maxspeed":"120","oneway":"yes","ref":"A9","toll":"yes","carriage_ref":"e","opposite_carriage_ref":"f"},"geometry":{"type":"LineString","coordinates":[[6.7479851,46.496054],[6.7483811,46.4958647],[6.7487069,46.4956762],[6.7489426,46.4955268],[6.7492472,46.4952949]]}},{"type":"Feature","properties":{"highway":"motorway","int_ref":"E 23;E 25","lanes":"2","lit":"no","maxspeed":"120","oneway":"yes","ref":"A1;A9","surface":"asphalt","toll":"yes","tunnel":"yes","carriage_ref":"f","opposite_carriage_ref":"e"},"geometry":{"type":"LineString","coordinates":[[6.5722406,46.6560348],[6.5723613,46.6564601]]}},{"type":"Feature","properties":{"bridge":"yes","highway":"motorway","int_ref":"E 62","lanes":"3","layer":"1","lit":"no","maxspeed":"120","oneway":"yes","ref":"A9","toll":"yes","carriage_ref":"e","opposite_carriage_ref":"f"},"geometry":{"type":"LineString","coordinates":[[6.6487014,46.5424794],[6.649304,46.5423516]]}},{"type":"Feature","properties":{"highway":"motorway","int_ref":"E 27;E 62","lanes":"2","lit":"no","maxspeed":"120","oneway":"yes","ref":"A9","toll":"yes","carriage_ref":"f","opposite_carriage_ref":"e"},"geometry":{"type":"LineString","coordinates":[[6.9676964,46.2814246],[6.9671188,46.282513],[6.9657049,46.2850405],[6.9644005,46.2871615]]}},{"type":"Feature","properties":{"avz":"250","cs_dir:forward":"2","highway":"motorway","int_ref":"E 27;E 62","lanes":"2","lit":"no","maxspeed":"120","oneway":"yes","ref":"A9","ssvz":"823N","toll":"yes","carriage_ref":"f","opposite_carriage_ref":"e"},"geometry":{"type":"LineString","coordinates":[[6.9496176,46.3090106],[6.9482061,46.3106586],[6.947009,46.3120634],[6.9457835,46.3135331],[6.9448236,46.3147318],[6.9438245,46.3160291]]}},{"type":"Feature","properties":{"highway":"motorway","int_ref":"E 62","lanes":"2","lit":"no","maxspeed":"120","oneway":"yes","ref":"A9","toll":"yes","carriage_ref":"f","opposite_carriage_ref":"e"},"geometry":{"type":"LineString","coordinates":[[6.7982308,46.4770629],[6.7976935,46.4772626],[6.7972555,46.4774608],[6.7968226,46.4776726],[6.7961456,46.4780395],[6.7943192,46.4790555],[6.7929712,46.4798103],[6.7917351,46.4804552],[6.7908909,46.4808493],[6.7901005,46.4811661],[6.7892176,46.4814635],[6.7885995,46.4816451],[6.7879004,46.4818183],[6.7873989,46.481933]]}},{"type":"Feature","properties":{"highway":"motorway","int_ref":"E 62","lanes":"2","lit":"no","maxheight":"4","maxspeed":"100","oneway":"yes","ref":"A9","toll":"yes","carriage_ref":"e","opposite_carriage_ref":"f"},"geometry":{"type":"LineString","coordinates":[[6.8646676,46.4728773],[6.8656826,46.47192],[6.8660255,46.4716136],[6.866517,46.4711983],[6.8669574,46.4708361],[6.8675924,46.4703603],[6.8681902,46.4699311],[6.8687788,46.4695365],[6.8697547,46.4689456],[6.8718927,46.4676821],[6.8722922,46.4674367]]}},{"type":"Feature","properties":{"highway":"motorway","int_ref":"E 62","lanes":"2","lit":"no","maxspeed":"120","oneway":"yes","ref":"A9","toll":"yes","carriage_ref":"e","opposite_carriage_ref":"f"},"geometry":{"type":"LineString","coordinates":[[7.3077889,46.2130037],[7.3088223,46.21303],[7.3099669,46.2130675],[7.3109189,46.2131097],[7.3116596,46.2131454],[7.3125175,46.2131909],[7.3130674,46.2132325],[7.3139184,46.2133051],[7.3148301,46.213383],[7.3160229,46.2135144],[7.3170537,46.2136354],[7.3179789,46.2137585],[7.3189892,46.2139088],[7.3209206,46.2142325],[7.321467,46.2143365],[7.3222688,46.2144957],[7.3233854,46.2147292],[7.324372,46.2149545],[7.3253538,46.2151896],[7.3270268,46.2156151],[7.3288707,46.2161105],[7.3313452,46.216805],[7.3342275,46.2176134],[7.3362307,46.2181671],[7.3385005,46.2187813],[7.3397827,46.2191087],[7.3417975,46.219609],[7.3429731,46.2198895],[7.3448168,46.2202973],[7.3459824,46.2205439],[7.3466979,46.2206923],[7.3468128,46.2207127]]}},{"type":"Feature","properties":{"destination":"Lausanne;Gd-St-Bernard","highway":"motorway","int_ref":"E 62","lanes":"2","lit":"no","maxspeed":"120","oneway":"yes","ref":"A9","surface":"asphalt","toll":"yes","carriage_ref":"f","opposite_carriage_ref":"e"},"geometry":{"type":"LineString","coordinates":[[7.1546137,46.1491744],[7.1540785,46.1488422],[7.1532145,46.1483046],[7.1511539,46.1470006],[7.1499647,46.1462364]]}},{"type":"Feature","properties":{"highway":"motorway","int_ref":"E 27;E 62","lanes":"2","lit":"no","maxspeed":"120","oneway":"yes","ref":"A9","toll":"yes","carriage_ref":"e","opposite_carriage_ref":"f"},"geometry":{"type":"LineString","coordinates":[[7.0252703,46.1868664],[7.0254744,46.1862905],[7.0256749,46.1855153],[7.0258451,46.1847606],[7.0260113,46.1838454],[7.0261639,46.182446],[7.026226,46.1813824]]}},{"type":"Feature","properties":{"highway":"motorway","int_ref":"E 35","lanes":"2","lit":"no","maxspeed":"80","name":"Autostrada Lainate-Como-Chiasso","oneway":"yes","ref":"A9","source:maxspeed":"GPS survey 08.2017. Sign","surface":"asphalt","toll":"yes","carriage_ref":"l","opposite_carriage_ref":"k"},"geometry":{"type":"LineString","coordinates":[[9.0510009,45.7800021],[9.0512428,45.7808653]]}},{"type":"Feature","properties":{"bicycle":"no","bridge":"yes","cycleway":"no","highway":"motorway","int_ref":"E 27;E 62","lanes":"2","layer":"1","lit":"no","maxspeed":"120","oneway":"yes","ref":"A9","toll":"yes","carriage_ref":"e","opposite_carriage_ref":"f"},"geometry":{"type":"LineString","coordinates":[[6.9271899,46.3481852],[6.9272345,46.3480602]]}},{"type":"Feature","properties":{"highway":"motorway","int_ref":"E 62","lanes":"2","lit":"no","maxspeed":"100","oneway":"yes","ref":"A9","toll":"yes","carriage_ref":"f","opposite_carriage_ref":"e"},"geometry":{"type":"LineString","coordinates":[[6.6932737,46.5167238],[6.6914715,46.5169587]]}},{"type":"Feature","properties":{"destination":"Lausanne;Sion","highway":"motorway","lanes":"2","maxspeed":"100","oneway":"yes","opening_date":"2016","ref":"A9","surface":"asphalt","toll":"yes","carriage_ref":"j","opposite_carriage_ref":"i"},"geometry":{"type":"LineString","coordinates":[[7.9319518,46.2987876],[7.930917,46.2984619],[7.9297515,46.2981221],[7.9285338,46.2977574],[7.92788,46.2975394],[7.9274441,46.297379]]}},{"type":"Feature","properties":{"bridge":"yes","bridge:name":"Viadotto Valfresca","highway":"motorway","int_ref":"E 35","lanes":"2","layer":"1","lit":"no","maxspeed":"80","oneway":"yes","ref":"A9","source":"yahoo-image","surface":"asphalt","carriage_ref":"k","opposite_carriage_ref":"l"},"geometry":{"type":"LineString","coordinates":[[9.059562,45.8139647],[9.0596332,45.813809],[9.0596896,45.8136464],[9.059738,45.8134713],[9.0597657,45.813348],[9.0597835,45.8131992],[9.0597973,45.81306],[9.0598044,45.8128959],[9.0597856,45.8126744],[9.0597574,45.8125342],[9.0597293,45.8124164],[9.0596769,45.81225],[9.0596206,45.812121],[9.0595402,45.8119481],[9.0594597,45.8118004],[9.0593537,45.8116116],[9.0592384,45.8114321],[9.0591137,45.811276],[9.0590173,45.8111679]]}},{"type":"Feature","properties":{"avz":"165","cs_dir:forward":"2","highway":"motorway","int_ref":"E 27;E 62","lanes":"2","lit":"no","maxspeed":"120","oneway":"yes","ref":"A9","ssvz":"862N","toll":"yes","carriage_ref":"f","opposite_carriage_ref":"e"},"geometry":{"type":"LineString","coordinates":[[7.0715261,46.1176565],[7.0710749,46.1179339],[7.0703648,46.1183531],[7.070009,46.1185799],[7.0694628,46.118945],[7.0689178,46.1193359]]}},{"type":"Feature","properties":{"highway":"motorway","lanes":"1","lit":"no","maxspeed":"70","oneway":"yes","ref":"A9","toll":"yes","carriage_ref":"f","opposite_carriage_ref":"e"},"geometry":{"type":"LineString","coordinates":[[6.5665861,46.5643393],[6.5660317,46.56424],[6.5654179,46.5640991],[6.5649268,46.5639691],[6.5643828,46.5638041],[6.5632024,46.5634063]]}},{"type":"Feature","properties":{"highway":"motorway","int_ref":"E 62","lanes":"2","lit":"no","maxspeed":"120","oneway":"yes","ref":"A9","toll":"yes","carriage_ref":"e","opposite_carriage_ref":"f"},"geometry":{"type":"LineString","coordinates":[[6.8482614,46.4758338],[6.8491655,46.4760173],[6.8498172,46.4761388],[6.8505775,46.4762543],[6.8514442,46.4763726],[6.8524158,46.4764797],[6.8530133,46.4765292],[6.8533498,46.4765499],[6.8542069,46.4765599]]}},{"type":"Feature","properties":{"highway":"motorway","int_ref":"E 23;E 25","lanes":"2","lit":"no","maxspeed":"120","oneway":"yes","ref":"A1;A9","surface":"asphalt","toll":"yes","carriage_ref":"f","opposite_carriage_ref":"e"},"geometry":{"type":"LineString","coordinates":[[6.5609248,46.6265362],[6.5609735,46.6278665],[6.5609922,46.6291071],[6.560989,46.6303587],[6.5609976,46.6315756],[6.5610246,46.6324834],[6.5610797,46.6332923],[6.5611787,46.6342715],[6.561266,46.6349158],[6.5613602,46.6355049],[6.5614685,46.6360841],[6.5615795,46.6366181],[6.5618507,46.6377407],[6.562168,46.6388678],[6.5625668,46.6400537],[6.562971,46.6410846],[6.5631434,46.6415092]]}},{"type":"Feature","properties":{"highway":"motorway","int_ref":"E 35","lanes":"3","lit":"no","loc_name":"Autostrada Milano-Como-Chiasso","maxspeed":"130","name":"Autostrada Lainate-Como-Chiasso","oneway":"yes","ref":"A9","surface":"asphalt","toll":"no","carriage_ref":"l","opposite_carriage_ref":"k"},"geometry":{"type":"LineString","coordinates":[[9.0113974,45.5823383],[9.0115292,45.585319],[9.0115776,45.5879179],[9.0118129,45.5926379],[9.012017,45.5960496]]}},{"type":"Feature","properties":{"bridge":"yes","highway":"motorway","int_ref":"E 35","lanes":"2","layer":"1","lit":"no","maxspeed":"80","name":"Autostrada Lainate-Como-Chiasso","oneway":"yes","ref":"A9","source":"yahoo-image","surface":"asphalt","carriage_ref":"k","opposite_carriage_ref":"l"},"geometry":{"type":"LineString","coordinates":[[9.0577345,45.816261],[9.0577825,45.8161683]]}},{"type":"Feature","properties":{"highway":"motorway","int_ref":"E 23;E 25","lanes":"2","lit":"no","maxspeed":"120","oneway":"yes","ref":"A1;A9","surface":"asphalt","toll":"yes","carriage_ref":"e","opposite_carriage_ref":"f"},"geometry":{"type":"LineString","coordinates":[[6.5754185,46.717715],[6.5758765,46.7172448],[6.5763423,46.7167461],[6.5763509,46.7167369],[6.5767769,46.7162205],[6.5771511,46.7157252],[6.5775338,46.715174],[6.5778332,46.7146955],[6.5780757,46.7142447],[6.578373,46.7136281],[6.5786303,46.7130233],[6.5788428,46.7124258],[6.579012,46.711831],[6.5791392,46.7112425],[6.5791937,46.7109316],[6.5792338,46.7106255],[6.5792867,46.7100838],[6.5793078,46.709494],[6.5792956,46.7090648],[6.5789456,46.7066995]]}},{"type":"Feature","properties":{"bicycle":"no","cycleway":"no","highway":"motorway","int_ref":"E 27;E 62","lanes":"2","lit":"no","maxspeed":"120","oneway":"yes","ref":"A9","toll":"yes","carriage_ref":"e","opposite_carriage_ref":"f"},"geometry":{"type":"LineString","coordinates":[[6.9234987,46.3810853],[6.9231433,46.3802642],[6.9229543,46.3796821],[6.9227584,46.3790421],[6.9226424,46.3785436],[6.9225214,46.3779979],[6.9224499,46.3775782],[6.9223954,46.377247],[6.9222895,46.3763571],[6.9222437,46.3759007],[6.9222148,46.3754576],[6.9221724,46.3747182],[6.9221463,46.3740891],[6.9221242,46.3733674],[6.9221221,46.3726619],[6.9221225,46.3722139],[6.9221239,46.3715364],[6.922168,46.3701421],[6.9221928,46.3695757],[6.9222376,46.3688591],[6.9222694,46.3683946],[6.9223956,46.3670482],[6.9225509,46.3657533],[6.9227118,46.3646221],[6.9228997,46.36354],[6.923012,46.3629402],[6.9231121,46.3624372],[6.9233446,46.361315],[6.9235083,46.3606345],[6.9236604,46.3599769],[6.9239707,46.3587587],[6.9241377,46.3581314],[6.9243627,46.3572883],[6.9248514,46.355533],[6.9251954,46.3543482],[6.9256906,46.3528012],[6.9261799,46.3512515],[6.926613,46.349878],[6.9271899,46.3481852]]}},{"type":"Feature","properties":{"highway":"motorway","int_ref":"E 35","lanes":"2","lit":"no","maxspeed":"80","oneway":"yes","ref":"A9","source":"yahoo-image","surface":"asphalt","carriage_ref":"k","opposite_carriage_ref":"l"},"geometry":{"type":"LineString","coordinates":[[9.0440069,45.8272539],[9.0453023,45.8255445]]}},{"type":"Feature","properties":{"bridge":"yes","highway":"motorway","int_ref":"E 27;E 62","lanes":"3","layer":"1","lit":"no","maxspeed":"120","oneway":"yes","ref":"A9","toll":"yes","carriage_ref":"e","opposite_carriage_ref":"f"},"geometry":{"type":"LineString","coordinates":[[7.0155528,46.2002572],[7.01607,46.1997373]]}},{"type":"Feature","properties":{"highway":"motorway","int_ref":"E 35","lanes":"3","lit":"no","maxspeed":"100","name":"Autostrada Lainate-Como-Chiasso","oneway":"yes","ref":"A9","surface":"asphalt","toll":"yes","carriage_ref":"l","opposite_carriage_ref":"k"},"geometry":{"type":"LineString","coordinates":[[9.0464031,45.7638738],[9.0467308,45.7650303],[9.047215,45.7666785]]}},{"type":"Feature","properties":{"highway":"motorway","int_ref":"E 62","lanes":"3","lit":"no","maxspeed":"120","oneway":"yes","ref":"A9","toll":"yes","carriage_ref":"e","opposite_carriage_ref":"f"},"geometry":{"type":"LineString","coordinates":[[6.578078,46.562815],[6.5792283,46.5625555],[6.5803988,46.562312],[6.5814206,46.5621028],[6.5823593,46.561933]]}},{"type":"Feature","properties":{"bridge":"yes","bridge:name":"Viadotto Valfresca","highway":"motorway","int_ref":"E 35","lanes":"2","layer":"1","lit":"no","maxspeed":"80","oneway":"yes","ref":"A9","source":"yahoo-image","surface":"asphalt","carriage_ref":"l","opposite_carriage_ref":"k"},"geometry":{"type":"LineString","coordinates":[[9.0591139,45.811083],[9.0592252,45.8112316],[9.0593178,45.8113634],[9.0593902,45.811483],[9.0594814,45.8116401],[9.0595551,45.8117812],[9.059641,45.8119401],[9.0597255,45.8121168],[9.0597925,45.8122841],[9.0598435,45.8124515],[9.0598797,45.8126122],[9.0599025,45.8128366],[9.0599038,45.8130002],[9.0598985,45.8131535],[9.0598824,45.8132955],[9.0598569,45.8134386],[9.0598167,45.8135956],[9.0597711,45.8137424],[9.0597214,45.8138676],[9.0596619,45.8139991]]}},{"type":"Feature","properties":{"highway":"motorway","int_ref":"E 62","lanes":"2","lit":"no","maxheight":"4","maxspeed":"120","oneway":"yes","ref":"A9","toll":"yes","carriage_ref":"f","opposite_carriage_ref":"e"},"geometry":{"type":"LineString","coordinates":[[6.869667,46.469136],[6.8688885,46.4696161],[6.8683178,46.4699959],[6.8677298,46.4704175],[6.8670699,46.4709137],[6.8666205,46.4712757],[6.8661316,46.471691],[6.8657869,46.4720015],[6.8647816,46.4729436]]}},{"type":"Feature","properties":{"highway":"motorway","int_ref":"E 62","lanes":"2","lit":"no","maxspeed":"120","oneway":"yes","ref":"A9","toll":"yes","carriage_ref":"f","opposite_carriage_ref":"e"},"geometry":{"type":"LineString","coordinates":[[7.406189,46.243188],[7.4053379,46.2430387],[7.4007367,46.2422059],[7.3996085,46.2419783],[7.3985138,46.2417407],[7.3972263,46.2414505],[7.3960081,46.2411413],[7.3951003,46.2409042],[7.3939619,46.2405811],[7.3928762,46.2402344],[7.3918704,46.2398986],[7.3910737,46.2396183],[7.3902471,46.2393067],[7.3894287,46.2389855]]}},{"type":"Feature","properties":{"highway":"motorway","int_ref":"E 35","lanes":"3","lit":"no","maxspeed":"130","name":"Autostrada Lainate-Como-Chiasso","oneway":"yes","ref":"A9","surface":"asphalt","toll":"no","carriage_ref":"k","opposite_carriage_ref":"l"},"geometry":{"type":"LineString","coordinates":[[9.016473,45.6839277],[9.016047,45.675143],[9.016008,45.6743877],[9.0158056,45.6708061],[9.015289,45.6605025],[9.0150201,45.655252]]}},{"type":"Feature","properties":{"highway":"motorway","int_ref":"E 62","lanes":"2","lit":"no","maxspeed":"120","oneway":"yes","ref":"A9","toll":"yes","carriage_ref":"f","opposite_carriage_ref":"e"},"geometry":{"type":"LineString","coordinates":[[6.7503456,46.4945215],[6.75005,46.4947713],[6.7497017,46.4950837],[6.7493599,46.4953697]]}},{"type":"Feature","properties":{"highway":"motorway","int_ref":"E 62","lanes":"3","lit":"no","maxspeed":"120","oneway":"yes","ref":"A9","toll":"yes","carriage_ref":"f","opposite_carriage_ref":"e"},"geometry":{"type":"LineString","coordinates":[[6.5913653,46.5606476],[6.5907394,46.5607764],[6.5901503,46.5608803],[6.5895102,46.560987],[6.5888623,46.5610802],[6.5864236,46.5614091]]}},{"type":"Feature","properties":{"bridge":"yes","bridge:name":"Viadotto Terrazze","highway":"motorway","int_ref":"E 35","lanes":"2","layer":"1","lit":"no","maxspeed":"80","oneway":"yes","ref":"A9","source":"yahoo-image","surface":"asphalt","carriage_ref":"k","opposite_carriage_ref":"l"},"geometry":{"type":"LineString","coordinates":[[9.053363,45.8210711],[9.0559179,45.8196056]]}},{"type":"Feature","properties":{"highway":"motorway","int_ref":"E 35","lanes":"2","lit":"no","maxspeed":"80","name":"Autostrada Lainate-Como-Chiasso","oneway":"yes","ref":"A9","source:maxspeed":"GPS survey 08.2017. Sign","surface":"asphalt","toll":"yes","carriage_ref":"l","opposite_carriage_ref":"k"},"geometry":{"type":"LineString","coordinates":[[9.0506449,45.778763],[9.0509407,45.7797874],[9.0510009,45.7800021]]}},{"type":"Feature","properties":{"bridge":"yes","highway":"trunk","int_ref":"E 62","lanes":"1","layer":"1","motorroad":"yes","oneway":"yes","ref":"A9","surface":"asphalt","toll":"yes","carriage_ref":"j","opposite_carriage_ref":"i"},"geometry":{"type":"LineString","coordinates":[[7.9662508,46.3060812],[7.9659435,46.3060654],[7.9657086,46.3060325],[7.9652638,46.3059344],[7.96486,46.3057759],[7.9644919,46.3055774]]}},{"type":"Feature","properties":{"bridge":"yes","destination":"Lugano;Chiasso","highway":"motorway","int_ref":"E 35","lanes":"2","layer":"1","maxspeed":"120","nat_ref":"A8","oneway":"yes","ref":"A9","toll":"yes","last":"true","carriage_ref":"l","opposite_carriage_ref":"k"},"geometry":{"type":"LineString","coordinates":[[9.0354981,45.8394406],[9.0352783,45.8393063],[9.0349915,45.8391585]]}},{"type":"Feature","properties":{"bridge":"yes","highway":"motorway","int_ref":"E 62","layer":"1","lit":"no","oneway":"yes","ref":"A9","toll":"yes","carriage_ref":"f","opposite_carriage_ref":"e"},"geometry":{"type":"LineString","coordinates":[[6.7382918,46.4989009],[6.7377703,46.4991384],[6.737302,46.4993249],[6.7368753,46.4994705],[6.7364125,46.4996093],[6.7358616,46.4997475],[6.7353282,46.4998531],[6.7349365,46.4999138],[6.7345889,46.4999515],[6.7342416,46.4999783],[6.7339506,46.4999944]]}},{"type":"Feature","properties":{"destination":"Bern;Neuchâtel;Besançon;Genève;Lausanne-Sud","highway":"motorway","int_ref":"E 62","lanes":"3","lit":"no","maxspeed":"120","oneway":"yes","ref":"A9","toll":"yes","carriage_ref":"f","opposite_carriage_ref":"e"},"geometry":{"type":"LineString","coordinates":[[6.6273153,46.5488589],[6.626663,46.5492059],[6.6258627,46.5495921],[6.6254064,46.5497936],[6.6247795,46.5500508],[6.6242716,46.5502474],[6.6238263,46.5504055],[6.6232332,46.5506018]]}},{"type":"Feature","properties":{"avz":"370","cs_dir:forward":"2","highway":"motorway","int_ref":"E 62","lanes":"2","lit":"no","maxspeed":"120","oneway":"yes","ref":"A9","toll":"yes","carriage_ref":"f","opposite_carriage_ref":"e"},"geometry":{"type":"LineString","coordinates":[[6.8231657,46.474155],[6.8226096,46.4742191],[6.8217829,46.4743457],[6.8212382,46.4744367],[6.8194063,46.4747668],[6.8185415,46.4748954],[6.8176822,46.4750061],[6.8166675,46.4751036],[6.815737,46.4751682],[6.8148327,46.4752043],[6.8139346,46.4752152],[6.8131149,46.4752176],[6.8119149,46.4751753],[6.810787,46.4751222],[6.8098704,46.4750874],[6.8093239,46.4750756],[6.8088122,46.4750752],[6.8078386,46.475114],[6.80711,46.4751854]]}},{"type":"Feature","properties":{"bridge":"yes","highway":"trunk","int_ref":"E 23","lanes":"1","layer":"1","lit":"no","maxspeed":"80","oneway":"yes","ref":"A9","toll":"yes","first":"true","opposite_carriage_ref":"b","carriage_ref":"a"},"geometry":{"type":"LineString","coordinates":[[6.4460205,46.7368678],[6.4464005,46.7369433],[6.4466587,46.7370087],[6.4468526,46.7370502],[6.4470478,46.7370872],[6.4471767,46.7371095],[6.4473065,46.7371294]]}},{"type":"Feature","properties":{"highway":"motorway","int_ref":"E 23;E 25","lanes":"2","lit":"no","maxspeed":"120","oneway":"yes","ref":"A1;A9","surface":"asphalt","toll":"yes","carriage_ref":"e","opposite_carriage_ref":"f"},"geometry":{"type":"LineString","coordinates":[[6.5658672,46.6466805],[6.5651852,46.6456521],[6.5646616,46.6447863],[6.5636941,46.6430245],[6.5631099,46.6417777],[6.5629197,46.6413131],[6.5624437,46.6401069],[6.5620398,46.6389096],[6.5616978,46.6377303],[6.5614356,46.6366303],[6.5613231,46.6360974],[6.5612247,46.6355604],[6.5611206,46.634905],[6.5610415,46.6342998],[6.5609397,46.6332975],[6.5608896,46.6325033],[6.5608576,46.6315887],[6.5608478,46.630359],[6.5608467,46.6291047],[6.5608322,46.6278812],[6.5607736,46.626555]]}},{"type":"Feature","properties":{"bridge":"yes","highway":"motorway","int_ref":"E 27;E 62","lanes":"2","layer":"1","lit":"no","maxspeed":"120","oneway":"yes","ref":"A9","toll":"yes","carriage_ref":"e","opposite_carriage_ref":"f"},"geometry":{"type":"LineString","coordinates":[[6.9374569,46.395017],[6.9375423,46.394699],[6.9376328,46.3943368]]}},{"type":"Feature","properties":{"bridge":"yes","highway":"motorway","int_ref":"E 62","lanes":"2","layer":"1","lit":"no","maxspeed":"120","oneway":"yes","ref":"A9","toll":"yes","carriage_ref":"e","opposite_carriage_ref":"f"},"geometry":{"type":"LineString","coordinates":[[7.2302764,46.1821701],[7.2306113,46.1823429]]}},{"type":"Feature","properties":{"highway":"motorway","int_ref":"E 27;E 62","lanes":"2","lit":"no","maxspeed":"120","oneway":"yes","ref":"A9","toll":"yes","carriage_ref":"e","opposite_carriage_ref":"f"},"geometry":{"type":"LineString","coordinates":[[6.9421719,46.3180398],[6.9428536,46.3170915],[6.9438482,46.3157664]]}},{"type":"Feature","properties":{"highway":"motorway","int_ref":"E 62","lanes":"2","lit":"no","maxspeed":"120","oneway":"yes","ref":"A9","toll":"yes","carriage_ref":"e","opposite_carriage_ref":"f"},"geometry":{"type":"LineString","coordinates":[[6.7492472,46.4952949],[6.7495751,46.4950196],[6.7499148,46.494718],[6.7502261,46.49445]]}},{"type":"Feature","properties":{"highway":"motorway","int_ref":"E 62","lanes":"2","lit":"no","maxspeed":"120","oneway":"yes","ref":"A9","toll":"yes","carriage_ref":"e","opposite_carriage_ref":"f"},"geometry":{"type":"LineString","coordinates":[[6.6763024,46.532872],[6.6767681,46.5324596],[6.6772437,46.5319492],[6.6775692,46.5315474],[6.6778856,46.5311212],[6.6781798,46.5306481],[6.6784383,46.5301514],[6.6787359,46.5295096],[6.6790033,46.5288635]]}},{"type":"Feature","properties":{"highway":"motorway","int_ref":"E 62","lanes":"2","lit":"no","maxspeed":"120","oneway":"yes","ref":"A9","toll":"yes","carriage_ref":"f","opposite_carriage_ref":"e"},"geometry":{"type":"LineString","coordinates":[[6.6739596,46.5345026],[6.6734203,46.5347417],[6.6729134,46.5349411],[6.6725285,46.5350796],[6.6717954,46.5353089],[6.6714557,46.5353994],[6.670926,46.5355428],[6.6702091,46.5356848],[6.6691937,46.5358278],[6.6667738,46.5361421],[6.6657991,46.5363149],[6.6652263,46.5364427],[6.6637676,46.5368625],[6.6630383,46.5371187],[6.661877,46.5375722]]}},{"type":"Feature","properties":{"highway":"motorway","int_ref":"E 62","lanes":"2","layer":"-1","lit":"yes","maxspeed":"100","name":"Tunnel de Belmont","oneway":"yes","ref":"A9","toll":"yes","tunnel":"yes","tunnel:name":"Belmont","carriage_ref":"e","opposite_carriage_ref":"f"},"geometry":{"type":"LineString","coordinates":[[6.6812739,46.5233697],[6.6817372,46.5225081],[6.6820567,46.5219858],[6.682492,46.5213796],[6.6831045,46.5206573]]}},{"type":"Feature","properties":{"bridge":"yes","highway":"motorway","int_ref":"E 27;E 62","lanes":"2","layer":"1","lit":"no","maxspeed":"120","oneway":"yes","ref":"A9","toll":"yes","carriage_ref":"f","opposite_carriage_ref":"e"},"geometry":{"type":"LineString","coordinates":[[6.9947911,46.2443284],[6.9945231,46.2447489]]}},{"type":"Feature","properties":{"highway":"motorway","int_ref":"E 62","lanes":"2","lit":"no","maxspeed":"120","oneway":"yes","ref":"A9","surface":"asphalt","toll":"yes","carriage_ref":"f","opposite_carriage_ref":"e"},"geometry":{"type":"LineString","coordinates":[[7.0987121,46.1153414],[7.0980751,46.1151541],[7.0965575,46.1147394],[7.095758,46.1145513],[7.0948074,46.1143538]]}},{"type":"Feature","properties":{"highway":"motorway","int_ref":"E 62","lanes":"2","lit":"no","maxspeed":"120","oneway":"yes","ref":"A9","toll":"yes","carriage_ref":"f","opposite_carriage_ref":"e"},"geometry":{"type":"LineString","coordinates":[[7.2951364,46.2128119],[7.2939868,46.2127402],[7.292951,46.212651],[7.2918625,46.2125485],[7.2907222,46.2124241],[7.2898932,46.2123152],[7.2889667,46.2122014],[7.2882103,46.2120928],[7.2872761,46.2119455],[7.2865834,46.2118305],[7.2862143,46.2117668],[7.2848667,46.2115184],[7.2838756,46.2113222],[7.2825304,46.2110263],[7.2812974,46.2107397],[7.2800824,46.2104261],[7.2786065,46.2100232],[7.2777857,46.2097831],[7.2766844,46.2094454],[7.275462,46.2090461]]}},{"type":"Feature","properties":{"highway":"motorway","int_ref":"E 23","lanes":"2","lit":"no","maxspeed":"120","oneway":"yes","ref":"A9","toll":"yes","carriage_ref":"f","opposite_carriage_ref":"e"},"geometry":{"type":"LineString","coordinates":[[6.5396995,46.7409592],[6.5395597,46.7410605],[6.5394132,46.7411613],[6.5391352,46.7413488],[6.5388421,46.7415331],[6.538548,46.7417039],[6.5383917,46.7417873],[6.5382338,46.7418683],[6.5379039,46.7420265],[6.5375829,46.7421716],[6.5372487,46.7423127],[6.5369006,46.7424467],[6.536552,46.7425673],[6.5361988,46.7426801],[6.5358293,46.7427859],[6.5354665,46.7428813],[6.535204,46.7429446]]}},{"type":"Feature","properties":{"bridge":"yes","highway":"motorway","int_ref":"E 62","lanes":"2","layer":"1","lit":"no","maxspeed":"120","oneway":"yes","ref":"A9","toll":"yes","carriage_ref":"f","opposite_carriage_ref":"e"},"geometry":{"type":"LineString","coordinates":[[7.275462,46.2090461],[7.2749996,46.2088936],[7.2744445,46.2087003],[7.2737293,46.2084445],[7.2729816,46.2081644],[7.2720834,46.2078119]]}},{"type":"Feature","properties":{"highway":"motorway","int_ref":"E 23","lanes":"2","lit":"no","maxspeed":"120","oneway":"yes","ref":"A9","toll":"yes","carriage_ref":"e","opposite_carriage_ref":"f"},"geometry":{"type":"LineString","coordinates":[[6.535176,46.7428662],[6.5354237,46.7428049],[6.5357843,46.7427094],[6.5361549,46.7426018],[6.5365004,46.7424918],[6.5368464,46.7423711],[6.537188,46.7422418],[6.5375179,46.7421018],[6.5378352,46.7419587],[6.5381623,46.7418006],[6.5383169,46.7417211],[6.5384685,46.7416398],[6.5387604,46.7414712],[6.5390534,46.741288],[6.5393286,46.7411036],[6.5394688,46.7410012],[6.5396045,46.7409027]]}},{"type":"Feature","properties":{"highway":"motorway","int_ref":"E 27;E 62","lanes":"2","layer":"-1","lit":"yes","maxspeed":"100","name":"Tunnel de l'Arzilier","oneway":"yes","ref":"A9","toll":"yes","tunnel":"yes","tunnel:name":"Arzilier","carriage_ref":"f","opposite_carriage_ref":"e"},"geometry":{"type":"LineString","coordinates":[[7.0058929,46.2225905],[7.0045619,46.2248719],[7.0042952,46.2252981],[7.0041048,46.2257319],[7.0039698,46.2261437]]}},{"type":"Feature","properties":{"highway":"motorway","int_ref":"E 62","lanes":"2","lit":"no","maxspeed":"120","oneway":"yes","ref":"A9","surface":"asphalt","toll":"yes","carriage_ref":"f","opposite_carriage_ref":"e"},"geometry":{"type":"LineString","coordinates":[[7.0893634,46.1137062],[7.0886764,46.113683],[7.0879424,46.1136665],[7.086984,46.113681],[7.0860136,46.1137158],[7.0848844,46.1137792],[7.0836165,46.113903],[7.0825973,46.1140271],[7.0816682,46.1141755],[7.0809634,46.1143041],[7.0802069,46.1144539],[7.0796405,46.114577],[7.0789806,46.1147407],[7.0783854,46.1148952],[7.0775166,46.1151421],[7.076837,46.1153567],[7.0761591,46.1155816],[7.0755017,46.1158239],[7.0744982,46.1162137],[7.073809,46.1165128],[7.0732574,46.1167635],[7.0727652,46.1170017],[7.0722158,46.1172797],[7.0715261,46.1176565]]}},{"type":"Feature","properties":{"bridge":"yes","highway":"motorway","int_ref":"E 62","lanes":"2","layer":"1","lit":"no","maxspeed":"120","oneway":"yes","ref":"A9","toll":"yes","carriage_ref":"e","opposite_carriage_ref":"f"},"geometry":{"type":"LineString","coordinates":[[6.7703885,46.4873044],[6.7709134,46.4870882]]}},{"type":"Feature","properties":{"bridge":"yes","highway":"motorway","int_ref":"E 27;E 62","lanes":"2","layer":"1","lit":"no","maxspeed":"120","oneway":"yes","ref":"A9","toll":"yes","carriage_ref":"f","opposite_carriage_ref":"e"},"geometry":{"type":"LineString","coordinates":[[7.0674127,46.1205694],[7.0667478,46.1211885],[7.0663359,46.1216074],[7.0659714,46.1219964]]}},{"type":"Feature","properties":{"highway":"motorway","int_ref":"E 62","lanes":"2","layer":"-1","lit":"no","maxspeed":"100","name":"Galerie de Champsec","oneway":"yes","ref":"A9","toll":"yes","tunnel":"yes","tunnel:alt_name":"Champsec","tunnel:name":"Champsec Sion","carriage_ref":"e","opposite_carriage_ref":"f"},"geometry":{"type":"LineString","coordinates":[[7.3710492,46.2271053],[7.3720533,46.227777],[7.3772993,46.2316999]]}},{"type":"Feature","properties":{"bridge":"yes","highway":"motorway","int_ref":"E 27;E 62","lanes":"2","layer":"1","lit":"no","maxspeed":"120","oneway":"yes","ref":"A9","toll":"yes","carriage_ref":"e","opposite_carriage_ref":"f"},"geometry":{"type":"LineString","coordinates":[[6.9380302,46.3245348],[6.938427,46.3238445]]}},{"type":"Feature","properties":{"highway":"motorway","int_ref":"E 27;E 62","lit":"no","maxspeed":"100","oneway":"yes","ref":"A9","toll":"yes","carriage_ref":"e","opposite_carriage_ref":"f"},"geometry":{"type":"LineString","coordinates":[[6.8904471,46.4559598],[6.89081,46.455838]]}},{"type":"Feature","properties":{"highway":"trunk","int_ref":"E 23","lanes":"1","lit":"no","maxspeed":"80","oneway":"yes","ref":"A9","toll":"yes","first":"true","carriage_ref":"c","opposite_carriage_ref":"d"},"geometry":{"type":"LineString","coordinates":[[6.4862926,46.7339551],[6.4865658,46.7340353],[6.4867496,46.7341114],[6.4870747,46.734223]]}},{"type":"Feature","properties":{"highway":"motorway","int_ref":"E 62","lanes":"3","lit":"no","maxspeed":"120","oneway":"yes","ref":"A9","toll":"yes","carriage_ref":"e","opposite_carriage_ref":"f"},"geometry":{"type":"LineString","coordinates":[[6.5737974,46.5638546],[6.5755346,46.5634431],[6.577588,46.5629324]]}},{"type":"Feature","properties":{"bridge":"yes","highway":"motorway","int_ref":"E 62","lanes":"2","layer":"1","lit":"no","maxspeed":"120","oneway":"yes","ref":"A9","toll":"yes","carriage_ref":"e","opposite_carriage_ref":"f"},"geometry":{"type":"LineString","coordinates":[[6.6534064,46.5408427],[6.6538121,46.540679]]}},{"type":"Feature","properties":{"highway":"motorway","int_ref":"E 62","lanes":"2","lit":"no","maxspeed":"120","oneway":"yes","ref":"A9","toll":"yes","carriage_ref":"f","opposite_carriage_ref":"e"},"geometry":{"type":"LineString","coordinates":[[6.7866203,46.4820809],[6.7846525,46.4823628],[6.7839039,46.4825149],[6.783184,46.4826919],[6.7826717,46.4828431],[6.7821491,46.4830072],[6.7816048,46.4832054],[6.7811092,46.4834065],[6.7806388,46.4836147],[6.779053,46.484354],[6.7785423,46.484587],[6.7779968,46.4848133],[6.7773606,46.4850597],[6.7766788,46.4852959],[6.776024,46.4855084],[6.7751792,46.4857585]]}},{"type":"Feature","properties":{"highway":"motorway","int_ref":"E 62","lanes":"2","lit":"no","maxspeed":"120","oneway":"yes","opening_date":"2016","ref":"A9","surface":"asphalt","toll":"yes","last":"true","carriage_ref":"h","opposite_carriage_ref":"g"},"geometry":{"type":"LineString","coordinates":[[7.6847522,46.3063674],[7.6841083,46.3062466],[7.6815032,46.3058004],[7.6792928,46.3055001],[7.6781741,46.3053923],[7.6770594,46.3053304],[7.6752601,46.3052314],[7.673872,46.3052107],[7.6724851,46.3052597],[7.6697015,46.3054225],[7.667966,46.3056301],[7.6662778,46.3058888],[7.6639977,46.3063531],[7.6609209,46.3070187]]}},{"type":"Feature","properties":{"bridge":"yes","highway":"motorway","int_ref":"E 27;E 62","lanes":"3","layer":"1","lit":"no","maxspeed":"120","oneway":"yes","ref":"A9","toll":"yes","carriage_ref":"e","opposite_carriage_ref":"f"},"geometry":{"type":"LineString","coordinates":[[7.0176644,46.1981035],[7.0180327,46.1977223]]}},{"type":"Feature","properties":{"highway":"motorway","int_ref":"E 27;E 62","lanes":"2","lit":"no","maxspeed":"120","oneway":"yes","ref":"A9","toll":"yes","carriage_ref":"f","opposite_carriage_ref":"e"},"geometry":{"type":"LineString","coordinates":[[6.8938982,46.454756],[6.8928304,46.4552112],[6.8916505,46.4556658],[6.8909813,46.4558987],[6.8903975,46.4560949]]}},{"type":"Feature","properties":{"destination":"Conthey","highway":"motorway","int_ref":"E 62","lanes":"2","lit":"no","maxspeed":"120","oneway":"yes","ref":"A9","toll":"yes","carriage_ref":"e","opposite_carriage_ref":"f"},"geometry":{"type":"LineString","coordinates":[[7.2084982,46.1686586],[7.2098946,46.1696178],[7.210657,46.1701227],[7.2129169,46.1716503]]}},{"type":"Feature","properties":{"bridge":"yes","highway":"motorway","int_ref":"E 62","lanes":"2","layer":"1","lit":"no","maxspeed":"120","oneway":"yes","ref":"A9","toll":"yes","carriage_ref":"e","opposite_carriage_ref":"f"},"geometry":{"type":"LineString","coordinates":[[6.8471756,46.4755746],[6.8474941,46.4756511],[6.8478954,46.4757516],[6.8482614,46.4758338]]}},{"type":"Feature","properties":{"bridge":"yes","highway":"motorway","int_ref":"E 27;E 62","lanes":"2","layer":"1","lit":"no","maxspeed":"120","oneway":"yes","ref":"A9","toll":"yes","carriage_ref":"e","opposite_carriage_ref":"f"},"geometry":{"type":"LineString","coordinates":[[7.026226,46.1813824],[7.0262322,46.1810936]]}},{"type":"Feature","properties":{"highway":"motorway","int_ref":"E 23;E 25","lanes":"2","lit":"no","maxspeed":"120","oneway":"yes","ref":"A1;A9","toll":"yes","carriage_ref":"f","opposite_carriage_ref":"e"},"geometry":{"type":"LineString","coordinates":[[6.5580645,46.5678765],[6.5575822,46.5699207]]}},{"type":"Feature","properties":{"avz":"253","cs_dir:forward":"1","highway":"motorway","int_ref":"E 62","lanes":"2","layer":"-1","lit":"24/7","maxspeed":"100","oneway":"yes","ref":"A9","ssvz":"1126N","surface":"asphalt","toll":"yes","tunnel":"yes","tunnel:alt_name":"Gamsentunnel","tunnel:name":"Gamsen","carriage_ref":"i","opposite_carriage_ref":"j"},"geometry":{"type":"LineString","coordinates":[[7.9453757,46.3029517],[7.9471062,46.3028361],[7.948598,46.3025685],[7.9508692,46.3019516],[7.9526278,46.3017781],[7.9536317,46.3018263],[7.95479,46.3020293],[7.955767,46.30229],[7.9580895,46.3029865]]}},{"type":"Feature","properties":{"bridge":"yes","highway":"motorway","int_ref":"E 62","lanes":"2","layer":"1","lit":"no","maxspeed":"100","oneway":"yes","ref":"A9","toll":"yes","carriage_ref":"e","opposite_carriage_ref":"f"},"geometry":{"type":"LineString","coordinates":[[6.7057898,46.5091295],[6.7059566,46.5090327]]}},{"type":"Feature","properties":{"highway":"motorway","int_ref":"E 35","lanes":"3","lit":"no","maxspeed":"130","name":"Autostrada Lainate-Como-Chiasso","oneway":"yes","ref":"A9","shoulder":"right","surface":"asphalt","toll":"no","carriage_ref":"k","opposite_carriage_ref":"l"},"geometry":{"type":"LineString","coordinates":[[9.0122512,45.6040132],[9.0118418,45.5965089]]}},{"type":"Feature","properties":{"bridge":"yes","highway":"motorway","int_ref":"E 62","lanes":"2","layer":"1","lit":"no","maxspeed":"120","oneway":"yes","ref":"A9","toll":"yes","carriage_ref":"e","opposite_carriage_ref":"f"},"geometry":{"type":"LineString","coordinates":[[7.2221916,46.1777211],[7.223692,46.1786111],[7.2249262,46.179327]]}},{"type":"Feature","properties":{"bridge":"yes","highway":"motorway","int_ref":"E 27;E 62","lanes":"2","layer":"1","lit":"no","maxspeed":"100","oneway":"yes","ref":"A9","toll":"yes","carriage_ref":"e","opposite_carriage_ref":"f"},"geometry":{"type":"LineString","coordinates":[[6.8964292,46.4532444],[6.8971541,46.4527662],[6.8975569,46.4524781],[6.8978567,46.4522613],[6.8981942,46.4519868],[6.8982623,46.4519292],[6.8983454,46.451859]]}},{"type":"Feature","properties":{"highway":"motorway","int_ref":"E 62","lanes":"3","lit":"no","maxspeed":"120","oneway":"yes","ref":"A9","toll":"yes","carriage_ref":"e","opposite_carriage_ref":"f"},"geometry":{"type":"LineString","coordinates":[[6.6320035,46.5452057],[6.6327605,46.5446105],[6.6332584,46.5442455],[6.6337297,46.5439237],[6.6341398,46.543665],[6.634644,46.5433746],[6.6349657,46.5432038],[6.6353065,46.5430388],[6.6357193,46.5428533],[6.6361545,46.5426807],[6.6365824,46.5425335],[6.6368029,46.542466],[6.6371187,46.5423798],[6.6374738,46.5422914],[6.6378192,46.5422178],[6.6383251,46.5421342],[6.638701,46.5420857],[6.6390152,46.5420536],[6.6393235,46.5420333],[6.6396088,46.5420215],[6.6398834,46.5420207],[6.6401671,46.5420222],[6.6406472,46.5420412],[6.6411021,46.5420768]]}},{"type":"Feature","properties":{"bridge":"yes","highway":"motorway","int_ref":"E 23","lanes":"2","layer":"1","lit":"no","maxspeed":"100","oneway":"yes","ref":"A9","surface":"asphalt","toll":"yes","carriage_ref":"e","opposite_carriage_ref":"f"},"geometry":{"type":"LineString","coordinates":[[6.5561675,46.7302855],[6.5578296,46.7300485],[6.5591059,46.7298689]]}},{"type":"Feature","properties":{"bridge":"yes","highway":"motorway","int_ref":"E 62","lanes":"3","layer":"1","lit":"no","maxspeed":"100","oneway":"yes","ref":"A9","toll":"yes","carriage_ref":"f","opposite_carriage_ref":"e"},"geometry":{"type":"LineString","coordinates":[[6.5738223,46.5639636],[6.5734651,46.5640472],[6.5731047,46.5641216]]}},{"type":"Feature","properties":{"highway":"motorway","int_ref":"E 35","lanes":"2","lit":"no","maxspeed":"80","oneway":"yes","ref":"A9","source":"yahoo-image","surface":"asphalt","carriage_ref":"k","opposite_carriage_ref":"l"},"geometry":{"type":"LineString","coordinates":[[9.0584202,45.8104688],[9.0578926,45.8098642],[9.0576573,45.8095743],[9.0574181,45.8092649],[9.0569295,45.8085504]]}},{"type":"Feature","properties":{"highway":"motorway","int_ref":"E 23;E 25","lanes":"2","lit":"no","maxspeed":"120","oneway":"yes","ref":"A1;A9","surface":"asphalt","toll":"yes","carriage_ref":"f","opposite_carriage_ref":"e"},"geometry":{"type":"LineString","coordinates":[[6.5548827,46.5846244],[6.5546681,46.5862333],[6.5544832,46.587824],[6.5543998,46.5885056],[6.5542214,46.5902685],[6.5541041,46.5915125],[6.5540259,46.5923516],[6.5539256,46.5936071],[6.5537078,46.5970621]]}},{"type":"Feature","properties":{"highway":"motorway","int_ref":"E 62","lanes":"2","maxspeed":"120","oneway":"yes","ref":"A9","surface":"asphalt","toll":"yes","last":"true","carriage_ref":"g","opposite_carriage_ref":"h"},"geometry":{"type":"LineString","coordinates":[[7.7096584,46.3092321],[7.7126433,46.3090319],[7.7188659,46.3083076],[7.7243803,46.3075543],[7.7290046,46.3069182],[7.7315217,46.3065081],[7.73357569635,46.30609415726]]}},{"type":"Feature","properties":{"bridge":"yes","highway":"motorway","int_ref":"E 27;E 62","lanes":"2","layer":"1","lit":"no","maxspeed":"100","oneway":"yes","ref":"A9","toll":"yes","carriage_ref":"e","opposite_carriage_ref":"f"},"geometry":{"type":"LineString","coordinates":[[6.9303323,46.4238556],[6.9303373,46.4237991],[6.9303693,46.4234354],[6.9303866,46.4229879]]}},{"type":"Feature","properties":{"bridge":"yes","highway":"motorway","int_ref":"E 62","lanes":"2","layer":"1","lit":"no","maxspeed":"120","oneway":"yes","ref":"A9","toll":"yes","carriage_ref":"f","opposite_carriage_ref":"e"},"geometry":{"type":"LineString","coordinates":[[7.3685355,46.22587],[7.3685001,46.2258531]]}},{"type":"Feature","properties":{"bridge":"yes","highway":"motorway","int_ref":"E 27;E 62","lanes":"2","layer":"1","lit":"no","maxspeed":"120","oneway":"yes","ref":"A9","toll":"yes","carriage_ref":"e","opposite_carriage_ref":"f"},"geometry":{"type":"LineString","coordinates":[[7.0120917,46.2042824],[7.0127369,46.2034085],[7.0130956,46.202962],[7.0134337,46.2025598],[7.0140729,46.2018228],[7.0141936,46.2016896]]}},{"type":"Feature","properties":{"highway":"motorway","int_ref":"E 35","lanes":"3","lit":"no","maxspeed":"130","name":"Autostrada Lainate-Como-Chiasso","oneway":"yes","ref":"A9","surface":"asphalt","toll":"yes","carriage_ref":"k","opposite_carriage_ref":"l"},"geometry":{"type":"LineString","coordinates":[[9.031437,45.7394791],[9.0292047,45.7318651],[9.0279656,45.7275029],[9.0273726,45.7255399]]}},{"type":"Feature","properties":{"bridge":"yes","highway":"motorway","int_ref":"E 27;E 62","lanes":"2","layer":"1","lit":"no","maxspeed":"120","oneway":"yes","ref":"A9","toll":"yes","carriage_ref":"f","opposite_carriage_ref":"e"},"geometry":{"type":"LineString","coordinates":[[7.022413,46.1929213],[7.0220923,46.1933684]]}},{"type":"Feature","properties":{"bicycle":"no","foot":"no","highway":"motorway","horse":"no","int_ref":"E 62","lanes":"3","lit":"no","maxspeed":"100","oneway":"yes","ref":"A9","surface":"asphalt","toll":"yes","carriage_ref":"e","opposite_carriage_ref":"f"},"geometry":{"type":"LineString","coordinates":[[6.7059566,46.5090327],[6.7063507,46.5087951],[6.706755,46.5085276],[6.7070997,46.5082735],[6.7072962,46.508113],[6.707546,46.5078951],[6.707832,46.5076201],[6.7080827,46.5073487],[6.7082718,46.5071235],[6.7084679,46.5068815],[6.7088217,46.5064275],[6.7090685,46.5061229],[6.7093112,46.5058387],[6.709629,46.5054999],[6.7098557,46.5052829],[6.7100484,46.5051094],[6.7104613,46.5047621],[6.7107234,46.504562],[6.7109839,46.5043742],[6.7112384,46.5042002],[6.7115482,46.5039971],[6.7122409,46.5035357],[6.7128896,46.5031332]]}},{"type":"Feature","properties":{"highway":"motorway","int_ref":"E 27;E 62","lanes":"2","lit":"no","maxspeed":"120","oneway":"yes","ref":"A9","toll":"yes","carriage_ref":"f","opposite_carriage_ref":"e"},"geometry":{"type":"LineString","coordinates":[[6.9399959,46.3215486],[6.9394784,46.3223808]]}},{"type":"Feature","properties":{"highway":"motorway","int_ref":"E 35","lanes":"11","lit":"no","maxspeed":"60","name":"Autostrada Lainate-Como-Chiasso","oneway":"yes","ref":"A9","surface":"asphalt","toll":"yes","carriage_ref":"k","opposite_carriage_ref":"l"},"geometry":{"type":"LineString","coordinates":[[9.0489639,45.7739111],[9.0488178,45.7731726]]}},{"type":"Feature","properties":{"highway":"motorway","int_ref":"E 27;E 62","lanes":"3","lit":"no","maxspeed":"120","oneway":"yes","ref":"A9","toll":"yes","turn:lanes":"through|through|merge_to_left","carriage_ref":"e","opposite_carriage_ref":"f"},"geometry":{"type":"LineString","coordinates":[[7.0230817,46.191605],[7.0237601,46.1904245],[7.0243933,46.1891438],[7.0249144,46.1878915],[7.0251674,46.1871911],[7.0252703,46.1868664]]}},{"type":"Feature","properties":{"bridge":"yes","highway":"motorway","int_ref":"E 35","lanes":"2","layer":"1","lit":"no","maxspeed":"130","name":"Autostrada Lainate-Como-Chiasso","oneway":"yes","ref":"A9","surface":"asphalt","toll":"yes","carriage_ref":"l","opposite_carriage_ref":"k"},"geometry":{"type":"LineString","coordinates":[[9.0369611,45.7476454],[9.0372999,45.7480504]]}},{"type":"Feature","properties":{"bridge":"yes","highway":"motorway","int_ref":"E 23","lanes":"1","layer":"1","lit":"no","maxspeed":"80","oneway":"yes","ref":"A9","surface":"asphalt","toll":"yes","carriage_ref":"e","opposite_carriage_ref":"f"},"geometry":{"type":"LineString","coordinates":[[6.5667402,46.7287647],[6.5669624,46.7287304],[6.567179,46.7286917],[6.5674293,46.7286414]]}},{"type":"Feature","properties":{"bridge":"yes","highway":"motorway","int_ref":"E 62","lanes":"2","layer":"1","lit":"no","maxspeed":"120","oneway":"yes","ref":"A9","toll":"yes","carriage_ref":"f","opposite_carriage_ref":"e"},"geometry":{"type":"LineString","coordinates":[[6.8246548,46.4740716],[6.8239339,46.4741041],[6.8231657,46.474155]]}},{"type":"Feature","properties":{"highway":"motorway","int_ref":"E 62","lanes":"2","lit":"no","maxspeed":"120","oneway":"yes","ref":"A9","toll":"yes","carriage_ref":"f","opposite_carriage_ref":"e"},"geometry":{"type":"LineString","coordinates":[[7.3597313,46.2231064],[7.3586421,46.2229014],[7.3574027,46.2226876],[7.356434,46.2225315],[7.3542815,46.2221755],[7.3540768,46.222142]]}},{"type":"Feature","properties":{"bridge":"yes","highway":"motorway","int_ref":"E 62","lanes":"2","layer":"1","lit":"no","maxheight":"4","maxspeed":"100","oneway":"yes","ref":"A9","toll":"yes","carriage_ref":"e","opposite_carriage_ref":"f"},"geometry":{"type":"LineString","coordinates":[[6.8640121,46.4734516],[6.8646676,46.4728773]]}},{"type":"Feature","properties":{"bridge":"yes","highway":"motorway","int_ref":"E 35","lanes":"2","layer":"1","lit":"no","maxspeed":"80","name":"Autostrada Lainate-Como-Chiasso","oneway":"yes","ref":"A9","source":"yahoo-image","surface":"asphalt","carriage_ref":"l","opposite_carriage_ref":"k"},"geometry":{"type":"LineString","coordinates":[[9.0579008,45.8161813],[9.0578476,45.816282]]}},{"type":"Feature","properties":{"destination":"Besançon;Vallorbe;Orbe","highway":"motorway","int_ref":"E 23","lanes":"1","maxspeed":"120","oneway":"yes","ref":"A9","surface":"asphalt","toll":"yes","carriage_ref":"f","opposite_carriage_ref":"e"},"geometry":{"type":"LineString","coordinates":[[6.5702602,46.7235123],[6.570231,46.7239046],[6.5701949,46.7241039],[6.5701721,46.7242565],[6.57016,46.7244072],[6.5701564,46.7245378],[6.5701565,46.7246677],[6.5701675,46.7248283],[6.5701817,46.7249872],[6.5702169,46.7252509],[6.5702603,46.7255148],[6.5702925,46.7257118],[6.5703195,46.7259088],[6.5703359,46.7260723],[6.570346,46.7262362],[6.5703449,46.726348],[6.5703395,46.7264593],[6.5703286,46.7265683],[6.5703128,46.7266773]]}},{"type":"Feature","properties":{"highway":"motorway","int_ref":"E 35","lanes":"2","layer":"1","lit":"no","maxspeed":"80","oneway":"yes","ref":"A9","source":"yahoo-image","surface":"asphalt","carriage_ref":"k","opposite_carriage_ref":"l"},"geometry":{"type":"LineString","coordinates":[[9.0497545,45.8225951],[9.0515082,45.8219991],[9.052205,45.8216968],[9.0528275,45.8213797],[9.053363,45.8210711]]}},{"type":"Feature","properties":{"bridge":"yes","highway":"motorway","int_ref":"E 27;E 62","lanes":"2","layer":"1","lit":"no","maxspeed":"100","oneway":"yes","ref":"A9","toll":"yes","carriage_ref":"e","opposite_carriage_ref":"f"},"geometry":{"type":"LineString","coordinates":[[6.918189,46.4354949],[6.9185099,46.4351768],[6.9188702,46.4348383],[6.9195786,46.434311],[6.9201166,46.4339555],[6.9207806,46.4335745]]}},{"type":"Feature","properties":{"highway":"motorway","int_ref":"E 35","lanes":"2","lit":"no","maxspeed":"100","oneway":"yes","ref":"A9","source":"yahoo-image","source:maxspeed":"sign","surface":"asphalt","carriage_ref":"k","opposite_carriage_ref":"l"},"geometry":{"type":"LineString","coordinates":[[9.0531084,45.8026785],[9.0520261,45.8009609],[9.0515338,45.8001481]]}},{"type":"Feature","properties":{"highway":"motorway","int_ref":"E 27;E 62","lanes":"2","lit":"no","maxspeed":"100","oneway":"yes","ref":"A9","toll":"yes","carriage_ref":"e","opposite_carriage_ref":"f"},"geometry":{"type":"LineString","coordinates":[[6.8954752,46.4538049],[6.8964292,46.4532444]]}},{"type":"Feature","properties":{"bicycle":"no","bridge":"yes","cycleway":"no","highway":"motorway","int_ref":"E 27;E 62","lanes":"2","layer":"1","lit":"no","maxspeed":"120","oneway":"yes","ref":"A9","toll":"yes","carriage_ref":"f","opposite_carriage_ref":"e"},"geometry":{"type":"LineString","coordinates":[[6.9273855,46.3480848],[6.9273418,46.3482075]]}},{"type":"Feature","properties":{"highway":"motorway","int_ref":"E 23;E 25","lanes":"2","lit":"no","maxspeed":"120","oneway":"yes","ref":"A1;A9","surface":"asphalt","toll":"yes","carriage_ref":"e","opposite_carriage_ref":"f"},"geometry":{"type":"LineString","coordinates":[[6.5607323,46.6258631],[6.5606682,46.6251241],[6.5605369,46.6240858],[6.5604322,46.6233951],[6.5603317,46.6227891],[6.5602011,46.6221253],[6.5601397,46.6218121],[6.5600265,46.6213222],[6.5598873,46.6207198],[6.5595229,46.6193908],[6.5593341,46.6187778],[6.5590696,46.6179744],[6.5587419,46.6170658],[6.5583875,46.6161499],[6.5579899,46.6152238],[6.5574975,46.6141297],[6.5570768,46.6132296],[6.556786,46.6126001],[6.5561877,46.6112348],[6.5559438,46.6106757],[6.5556919,46.6100268],[6.5554784,46.6094501],[6.5552232,46.6087203],[6.5550176,46.6080942],[6.5548532,46.6075319],[6.5546153,46.6067053],[6.5543488,46.6056311],[6.5542355,46.6051357],[6.554107,46.6045302],[6.553913,46.6034138],[6.5538215,46.6027641],[6.5537579,46.602313],[6.5537281,46.6021007],[6.55353783488,46.59992126053],[6.5535213,46.598567]]}},{"type":"Feature","properties":{"bridge":"yes","highway":"motorway","int_ref":"E 62","lanes":"2","layer":"1","lit":"no","maxspeed":"120","oneway":"yes","ref":"A9","toll":"yes","carriage_ref":"e","opposite_carriage_ref":"f"},"geometry":{"type":"LineString","coordinates":[[6.7502261,46.49445],[6.750611,46.4941532],[6.7512385,46.4937681],[6.7516887,46.4935408]]}},{"type":"Feature","properties":{"bridge":"yes","highway":"motorway","int_ref":"E 23;E 25","lanes":"2","layer":"1","lit":"no","maxspeed":"120","oneway":"yes","ref":"A1;A9","surface":"asphalt","toll":"yes","carriage_ref":"f","opposite_carriage_ref":"e"},"geometry":{"type":"LineString","coordinates":[[6.5704714,46.6683073],[6.570327,46.6691335],[6.5702767,46.6695471],[6.5702449,46.6697513],[6.5701405,46.6707087],[6.5700686,46.6714216],[6.5700203,46.6723043],[6.570015,46.672505]]}},{"type":"Feature","properties":{"bridge":"yes","bridge:name":"Viadotto Torchio","highway":"motorway","int_ref":"E 35","lanes":"2","layer":"1","lit":"no","maxspeed":"80","oneway":"yes","ref":"A9","source":"yahoo-image","surface":"asphalt","carriage_ref":"l","opposite_carriage_ref":"k"},"geometry":{"type":"LineString","coordinates":[[9.059239,45.8146209],[9.0585214,45.815414]]}},{"type":"Feature","properties":{"bridge":"yes","highway":"motorway","int_ref":"E 27;E 62","lanes":"2","layer":"1","lit":"no","maxspeed":"120","oneway":"yes","ref":"A9","toll":"yes","carriage_ref":"e","opposite_carriage_ref":"f"},"geometry":{"type":"LineString","coordinates":[[6.9943811,46.2447137],[6.9946438,46.2442853]]}},{"type":"Feature","properties":{"bridge":"yes","highway":"motorway","int_ref":"E 62","lanes":"2","layer":"1","lit":"no","maxspeed":"120","oneway":"yes","ref":"A9","toll":"yes","carriage_ref":"e","opposite_carriage_ref":"f"},"geometry":{"type":"LineString","coordinates":[[6.8231604,46.4740273],[6.8239077,46.4739824],[6.8246506,46.4739542]]}},{"type":"Feature","properties":{"bridge":"yes","highway":"motorway","int_ref":"E 27;E 62","lanes":"2","layer":"1","lit":"no","maxspeed":"120","oneway":"yes","ref":"A9","toll":"yes","carriage_ref":"f","opposite_carriage_ref":"e"},"geometry":{"type":"LineString","coordinates":[[6.9386069,46.323835],[6.9381868,46.3245619]]}},{"type":"Feature","properties":{"bridge":"yes","highway":"motorway","int_ref":"E 62","lanes":"2","layer":"1","lit":"no","maxspeed":"100","oneway":"yes","ref":"A9","toll":"yes","carriage_ref":"f","opposite_carriage_ref":"e"},"geometry":{"type":"LineString","coordinates":[[6.7688501,46.4881275],[6.7685625,46.488264]]}},{"type":"Feature","properties":{"highway":"motorway","int_ref":"E 62","lanes":"2","layer":"-2","lit":"yes","maxspeed":"100","name":"Tunnel de la Criblette","oneway":"yes","ref":"A9","toll":"yes","tunnel":"yes","tunnel:name":"Criblette","carriage_ref":"f","opposite_carriage_ref":"e"},"geometry":{"type":"LineString","coordinates":[[6.7307889,46.4999997],[6.7288776,46.4998458],[6.7274247,46.4996412]]}},{"type":"Feature","properties":{"bridge":"yes","highway":"motorway","int_ref":"E 23;E 25","lanes":"2","layer":"1","lit":"no","maxspeed":"120","oneway":"yes","ref":"A1;A9","surface":"asphalt","toll":"yes","carriage_ref":"f","opposite_carriage_ref":"e"},"geometry":{"type":"LineString","coordinates":[[6.5608791,46.6258726],[6.5609248,46.6265362]]}},{"type":"Feature","properties":{"highway":"motorway","int_ref":"E 27;E 62","lanes":"2","lit":"no","maxspeed":"120","oneway":"yes","ref":"A9","toll":"yes","carriage_ref":"f","opposite_carriage_ref":"e"},"geometry":{"type":"LineString","coordinates":[[7.0178397,46.198163],[7.0167278,46.1992807],[7.0163364,46.1996659]]}},{"type":"Feature","properties":{"bridge":"yes","highway":"motorway","int_ref":"E 62","lanes":"2","layer":"1","lit":"no","maxspeed":"100","oneway":"yes","ref":"A9","toll":"yes","carriage_ref":"f","opposite_carriage_ref":"e"},"geometry":{"type":"LineString","coordinates":[[6.6815284,46.5237909],[6.6814496,46.5239726]]}},{"type":"Feature","properties":{"highway":"motorway","int_ref":"E 27;E 62","lanes":"2","lit":"no","maxspeed":"120","oneway":"yes","ref":"A9","toll":"yes","carriage_ref":"e","opposite_carriage_ref":"f"},"geometry":{"type":"LineString","coordinates":[[7.0613015,46.1275484],[7.0619602,46.1267638],[7.0624945,46.1260967],[7.0636583,46.1246246],[7.0648047,46.1231533],[7.065258,46.1225993],[7.0656492,46.1221535],[7.0658443,46.1219412]]}},{"type":"Feature","properties":{"highway":"motorway","int_ref":"E 62","lanes":"2","lit":"no","maxspeed":"120","oneway":"yes","ref":"A9","toll":"yes","carriage_ref":"f","opposite_carriage_ref":"e"},"geometry":{"type":"LineString","coordinates":[[7.219629,46.1762731],[7.2189729,46.1758503],[7.2167646,46.1744002],[7.2151964,46.173339],[7.2105719,46.1702112],[7.2096362,46.1695881],[7.2093519,46.1693974],[7.2083761,46.1687411],[7.2047433,46.1662811],[7.2028644,46.1650792],[7.2021241,46.1646261],[7.2011765,46.164068],[7.2002994,46.1635908],[7.1996207,46.1632308],[7.1989476,46.1628939],[7.1979401,46.1624301],[7.1971835,46.1621002],[7.1962922,46.1617386],[7.1953159,46.1613725],[7.1944043,46.1610597],[7.1934839,46.1607629],[7.1923676,46.1604325],[7.1913785,46.1601589],[7.1905305,46.1599472],[7.1894657,46.1597013],[7.1886164,46.1595086],[7.1877878,46.1593378],[7.1863978,46.1590646],[7.1852423,46.1588598],[7.1840605,46.1586582],[7.1823723,46.1583874],[7.1798922,46.1580059],[7.1772005,46.1575912],[7.1751229,46.1572609],[7.1742025,46.1571004],[7.1732236,46.1569069],[7.1718704,46.1566165],[7.1708478,46.1563693],[7.1700268,46.1561462],[7.1691555,46.1559019],[7.168332,46.1556483],[7.167341,46.1553312],[7.1664352,46.1550165],[7.1655856,46.1547059],[7.1647894,46.1543985],[7.1634393,46.1538373],[7.1626845,46.1535085],[7.1618452,46.1531218],[7.1604328,46.1524288],[7.1591232,46.1517498],[7.158137,46.1512207],[7.1570083,46.1505859]]}},{"type":"Feature","properties":{"highway":"motorway","int_ref":"E 35","lanes":"2","lit":"no","maxspeed":"80","oneway":"yes","ref":"A9","source":"yahoo-image","surface":"asphalt","carriage_ref":"l","opposite_carriage_ref":"k"},"geometry":{"type":"LineString","coordinates":[[9.0571097,45.8084851],[9.057589,45.8092327],[9.0580439,45.8098049],[9.0585505,45.8104165]]}},{"type":"Feature","properties":{"highway":"motorway","int_ref":"E 27;E 62","lanes":"2","lit":"no","maxspeed":"120","oneway":"yes","ref":"A9","toll":"yes","carriage_ref":"f","opposite_carriage_ref":"e"},"geometry":{"type":"LineString","coordinates":[[7.0659714,46.1219964],[7.0654356,46.1226021],[7.0649361,46.1232071],[7.0640186,46.1243752],[7.0625977,46.1261965],[7.0620009,46.1269292],[7.0614341,46.1275969]]}},{"type":"Feature","properties":{"avz":"232","cs_dir:forward":"2","highway":"motorway","int_ref":"E 62","lanes":"2","lit":"no","maxspeed":"120","oneway":"yes","ref":"A9","ssvz":"863N","toll":"yes","carriage_ref":"f","opposite_carriage_ref":"e"},"geometry":{"type":"LineString","coordinates":[[7.1570083,46.1505859],[7.1564551,46.1502687],[7.1547992,46.149286],[7.1546137,46.1491744]]}},{"type":"Feature","properties":{"bridge":"yes","caravan:lanes":"||designated|","highway":"motorway","int_ref":"E 35","lanes":"4","layer":"1","lit":"no","maxspeed":"40","motorcar:lanes":"designated|designated||","oneway":"yes","overtaking:hgv":"no","ref":"A9;A 2","shoulder":"none","source:maxspeed":"sign","surface":"asphalt","toll":"yes","tourist_bus:lanes":"||designated|","trailer:lanes":"||designated|","first":"true","carriage_ref":"k","opposite_carriage_ref":"l"},"geometry":{"type":"LineString","coordinates":[[9.0350911,45.8390559],[9.0353584,45.8391853],[9.0356883,45.8393888]]}},{"type":"Feature","properties":{"destination":"Riddes","highway":"motorway","int_ref":"E 62","lanes":"2","lit":"no","maxspeed":"120","oneway":"yes","ref":"A9","toll":"yes","carriage_ref":"e","opposite_carriage_ref":"f"},"geometry":{"type":"LineString","coordinates":[[7.1473065,46.1443856],[7.1484315,46.1451104],[7.1495829,46.1458456],[7.1505835,46.1464877]]}},{"type":"Feature","properties":{"highway":"motorway","int_ref":"E 23;E 25","lanes":"2","lit":"no","maxspeed":"120","oneway":"yes","ref":"A1;A9","surface":"asphalt","toll":"yes","carriage_ref":"e","opposite_carriage_ref":"f"},"geometry":{"type":"LineString","coordinates":[[6.5703192,46.7230214],[6.5705108,46.7226675],[6.5707638,46.7222337],[6.5711213,46.7217305],[6.5714244,46.721367],[6.571857,46.7209015],[6.5721897,46.7205836]]}},{"type":"Feature","properties":{"bridge":"yes","highway":"motorway","int_ref":"E 62","lanes":"3","layer":"1","lit":"no","maxspeed":"120","oneway":"yes","ref":"A9","toll":"yes","carriage_ref":"e","opposite_carriage_ref":"f"},"geometry":{"type":"LineString","coordinates":[[6.5730914,46.5640107],[6.5733431,46.5639578],[6.5737974,46.5638546]]}},{"type":"Feature","properties":{"highway":"motorway","int_ref":"E 62","lanes":"2","lit":"no","maxspeed":"120","oneway":"yes","ref":"A9","toll":"yes","carriage_ref":"e","opposite_carriage_ref":"f"},"geometry":{"type":"LineString","coordinates":[[6.7709134,46.4870882],[6.7713093,46.4869232],[6.7717917,46.4867343],[6.7725459,46.4864492],[6.7731071,46.4862577],[6.7737896,46.4860405],[6.7746366,46.4857961],[6.7760511,46.4853844],[6.7766165,46.4852049],[6.777292,46.4849643],[6.7784499,46.484501],[6.7788939,46.484298],[6.7805417,46.4835322],[6.7810106,46.4833284],[6.7815615,46.4831113],[6.7821014,46.4829178],[6.7826211,46.4827423],[6.783164,46.482589],[6.7838964,46.4824077],[6.784487,46.4822884],[6.7851463,46.4821792],[6.7865991,46.481948]]}},{"type":"Feature","properties":{"destination":"Lausanne-Vennes","highway":"motorway","int_ref":"E 62","lanes":"3","lit":"no","maxspeed":"120","oneway":"yes","ref":"A9","toll":"yes","carriage_ref":"e","opposite_carriage_ref":"f"},"geometry":{"type":"LineString","coordinates":[[6.6240991,46.5501715],[6.6243567,46.5500808],[6.6247745,46.5499182],[6.62542,46.5496488],[6.6258452,46.5494582],[6.626648,46.5490676],[6.6270391,46.5488617],[6.6274414,46.5486382],[6.6281115,46.5482385]]}},{"type":"Feature","properties":{"highway":"motorway","int_ref":"E 35","lanes":"2","lit":"no","maxspeed":"80","oneway":"yes","ref":"A9","surface":"asphalt","carriage_ref":"k","opposite_carriage_ref":"l"},"geometry":{"type":"LineString","coordinates":[[9.0410499,45.8317569],[9.0411706,45.8313514],[9.0412981,45.8310107],[9.0414384,45.8307219],[9.0416121,45.83039],[9.041865,45.8299616],[9.0430771,45.8284317]]}},{"type":"Feature","properties":{"highway":"motorway","int_ref":"E 27;E 62","lanes":"2","lit":"no","maxspeed":"120","oneway":"yes","ref":"A9","toll":"yes","carriage_ref":"f","opposite_carriage_ref":"e"},"geometry":{"type":"LineString","coordinates":[[7.0614341,46.1275969],[7.0608479,46.1282468],[7.0603167,46.1288058],[7.0597257,46.129405],[7.0591253,46.1299687],[7.0580662,46.1308957],[7.0573148,46.1315093],[7.0565856,46.1320681],[7.0557789,46.1326532],[7.0550033,46.1331869],[7.0542489,46.1336734],[7.053487,46.134141],[7.052448,46.134738],[7.0515801,46.1352061],[7.0507018,46.135659],[7.0497634,46.1361116],[7.0487427,46.1365916],[7.0463648,46.1376876],[7.0454652,46.1380895],[7.0443755,46.1386036],[7.0434897,46.139029],[7.042632,46.1394692],[7.0420419,46.1397833],[7.0412658,46.1402307],[7.0406793,46.1405944],[7.0401767,46.140917],[7.0393412,46.1414957],[7.0387186,46.1419613],[7.0381525,46.1424098],[7.0376089,46.1428754],[7.0372961,46.1431615],[7.0369978,46.1434443],[7.0364847,46.1439482],[7.0360209,46.1444333],[7.0355516,46.1449667],[7.0351343,46.1454818],[7.0347771,46.1459393],[7.0344369,46.1464133],[7.0340662,46.1469805],[7.0337826,46.1474513],[7.0335272,46.1479063],[7.0332182,46.1485067],[7.0329516,46.1490696],[7.0327225,46.1496357],[7.0325168,46.150197],[7.0323,46.1508922],[7.0321593,46.1514248],[7.0320319,46.1519913],[7.0319072,46.1527362],[7.0318245,46.1535045],[7.0317858,46.154176],[7.0317738,46.1547484],[7.0317709,46.1556289],[7.0317648,46.1571642],[7.0317767,46.1574148],[7.031762,46.1581411],[7.0317264,46.1587504],[7.0316676,46.1594566],[7.03157,46.1601124],[7.0314807,46.1606806],[7.031362,46.1612391],[7.0312186,46.1618338],[7.0310729,46.1623457],[7.0308714,46.1629569],[7.0306728,46.1635185],[7.0304661,46.1640312],[7.0302392,46.1645404],[7.0299943,46.1650597],[7.029715,46.1656026],[7.0288382,46.1672363],[7.0283084,46.1682276],[7.0280161,46.1687724],[7.0277693,46.1692376],[7.0274524,46.1698874],[7.0272608,46.1703199],[7.0270593,46.1708182],[7.0269264,46.1711931],[7.0268186,46.1715199],[7.0266687,46.1720084],[7.0265362,46.1725468],[7.0264462,46.1729867],[7.0263687,46.1734157]]}},{"type":"Feature","properties":{"bridge":"yes","highway":"motorway","int_ref":"E 62","lanes":"2","layer":"1","lit":"no","maxspeed":"120","oneway":"yes","ref":"A9","toll":"yes","carriage_ref":"f","opposite_carriage_ref":"e"},"geometry":{"type":"LineString","coordinates":[[6.8482182,46.4759407],[6.8478677,46.4758656],[6.8474212,46.4757638],[6.847119,46.4756892]]}},{"type":"Feature","properties":{"highway":"motorway","int_ref":"E 27;E 62","lanes":"2","lit":"no","maxspeed":"120","oneway":"yes","ref":"A9","toll":"yes","carriage_ref":"f","opposite_carriage_ref":"e"},"geometry":{"type":"LineString","coordinates":[[7.0263128,46.1776602],[7.0263755,46.1795047],[7.0263889,46.1805258],[7.0263809,46.1811776]]}},{"type":"Feature","properties":{"highway":"motorway","int_ref":"E 62","lanes":"2","lit":"no","maxspeed":"100","oneway":"yes","ref":"A9","toll":"yes","carriage_ref":"e","opposite_carriage_ref":"f"},"geometry":{"type":"LineString","coordinates":[[6.6790033,46.5288635],[6.6795143,46.5276594]]}},{"type":"Feature","properties":{"highway":"motorway","int_ref":"E 62","lanes":"2","maxspeed":"100","oneway":"yes","ref":"A9","surface":"asphalt","toll":"yes","carriage_ref":"j","opposite_carriage_ref":"i"},"geometry":{"type":"LineString","coordinates":[[7.9450979,46.3031149],[7.9440704,46.3031326],[7.9433359,46.3031088],[7.9426935,46.3030655],[7.9421538,46.3030015]]}},{"type":"Feature","properties":{"highway":"motorway","int_ref":"E 62","lanes":"3","lit":"no","maxspeed":"100","oneway":"yes","ref":"A9","toll":"yes","carriage_ref":"f","opposite_carriage_ref":"e"},"geometry":{"type":"LineString","coordinates":[[6.7060763,46.5091507],[6.7053069,46.5096019],[6.7049788,46.509803],[6.7046217,46.5100375],[6.7044195,46.510174],[6.7042121,46.510331],[6.7039153,46.5105682],[6.7036504,46.5108068],[6.7034096,46.511043],[6.7030473,46.5114809]]}},{"type":"Feature","properties":{"highway":"motorway","int_ref":"E 62","lanes":"2","lit":"no","maxspeed":"120","oneway":"yes","ref":"A9","toll":"yes","carriage_ref":"e","opposite_carriage_ref":"f"},"geometry":{"type":"LineString","coordinates":[[7.4209802,46.2460005],[7.4225409,46.2464365],[7.423791,46.2468125],[7.4252704,46.2472802],[7.4265952,46.2477262],[7.4277022,46.2481222],[7.4295258,46.248807],[7.4306903,46.2492835],[7.4317319,46.2497175],[7.4328303,46.250201],[7.4336611,46.2505825],[7.4342415,46.2508561],[7.4348398,46.2511445],[7.4357858,46.2516132],[7.4368533,46.252166],[7.4379739,46.2527541],[7.4397462,46.2537907],[7.4403365,46.2541431],[7.4413706,46.2547719],[7.4431695,46.2559474],[7.4452619,46.2573497],[7.4488793,46.2597702],[7.450014,46.2605271],[7.451309,46.261367],[7.4518185,46.2616879],[7.4524171,46.2620533],[7.4534783,46.2626799],[7.4540518,46.2629899],[7.4547912,46.2633778],[7.4555733,46.26376],[7.4561446,46.2640303],[7.4568208,46.2643302],[7.4576642,46.264687],[7.458361,46.2649557],[7.4591416,46.2652418],[7.4601343,46.2655828],[7.4613536,46.2659678],[7.4628374,46.2663944],[7.4667446,46.2674495],[7.470454,46.2684519],[7.4734414,46.2692591],[7.4789107,46.2708349],[7.4814241,46.2715523],[7.4829817,46.2719644],[7.4875059,46.2731033],[7.4890871,46.2735195],[7.4905602,46.2739147],[7.4917886,46.2742316],[7.4927697,46.2744686],[7.493886,46.274734],[7.4948723,46.2749518],[7.4964693,46.2752728],[7.4980931,46.2755794],[7.5007442,46.2760714],[7.504059,46.2766807],[7.5086661,46.277532],[7.5089251,46.2775815],[7.5092228,46.2776411],[7.5094374,46.2776837]]}},{"type":"Feature","properties":{"highway":"motorway","int_ref":"E 35","lanes":"3","lit":"no","loc_name":"Autostrada Milano-Como-Chiasso","maxspeed":"130","name":"Autostrada Lainate-Como-Chiasso","oneway":"yes","ref":"A9","surface":"asphalt","toll":"no","carriage_ref":"l","opposite_carriage_ref":"k"},"geometry":{"type":"LineString","coordinates":[[9.016734,45.6833051],[9.0167679,45.6861355],[9.0168614,45.6877827],[9.0170646,45.6893422],[9.0174584,45.6910013],[9.0179425,45.6925928],[9.02,45.6996312]]}},{"type":"Feature","properties":{"destination":"Saxon","highway":"motorway","int_ref":"E 62","lanes":"2","lit":"no","maxspeed":"120","oneway":"yes","ref":"A9","toll":"yes","carriage_ref":"f","opposite_carriage_ref":"e"},"geometry":{"type":"LineString","coordinates":[[7.2201931,46.1766492],[7.2198944,46.1764478]]}},{"type":"Feature","properties":{"bridge":"yes","highway":"motorway","int_ref":"E 27;E 62","lanes":"2","layer":"1","lit":"no","maxspeed":"120","oneway":"yes","ref":"A9","toll":"yes","carriage_ref":"f","opposite_carriage_ref":"e"},"geometry":{"type":"LineString","coordinates":[[6.9767153,46.2656819],[6.9761007,46.2665075]]}},{"type":"Feature","properties":{"bridge":"viaduct","highway":"motorway","int_ref":"E 62","lanes":"3","layer":"2","lit":"no","maxspeed":"120","oneway":"yes","ref":"A9","toll":"yes","wikipedia":"fr:Viaduc de la Chocolatière","carriage_ref":"f","opposite_carriage_ref":"e"},"geometry":{"type":"LineString","coordinates":[[6.6465475,46.5428193],[6.6455709,46.5427998],[6.6450437,46.5427617],[6.6445427,46.5427034],[6.6440145,46.5426303],[6.6421664,46.5423328],[6.6416029,46.5422538],[6.6410716,46.5421978]]}},{"type":"Feature","properties":{"highway":"motorway","int_ref":"E 62","lanes":"2","lit":"no","maxspeed":"120","oneway":"yes","ref":"A9","toll":"yes","carriage_ref":"f","opposite_carriage_ref":"e"},"geometry":{"type":"LineString","coordinates":[[7.3067025,46.2130875],[7.3050208,46.21306],[7.3028429,46.2130331],[7.3005926,46.2130015]]}},{"type":"Feature","properties":{"highway":"motorway","int_ref":"E 23","lanes":"2","lit":"no","maxspeed":"80","oneway":"yes","ref":"A9","surface":"asphalt","toll":"yes","carriage_ref":"e","opposite_carriage_ref":"f"},"geometry":{"type":"LineString","coordinates":[[6.5624889,46.7293872],[6.5627523,46.7293511],[6.5631808,46.729291],[6.563766,46.7292071],[6.5647904,46.7290611],[6.5653064,46.7289894],[6.5658194,46.728916]]}},{"type":"Feature","properties":{"highway":"motorway","int_ref":"E 35","lanes":"2","layer":"-1","lit":"24/7","maxspeed":"80","name":"Galleria Terrazze","oneway":"yes","ref":"A9","source":"yahoo-image","surface":"asphalt","tunnel":"yes","carriage_ref":"k","opposite_carriage_ref":"l"},"geometry":{"type":"LineString","coordinates":[[9.0565501,45.8191372],[9.0569049,45.818781],[9.0572093,45.8184141],[9.0573406,45.8181522],[9.0574243,45.8177943],[9.0574467,45.8173568]]}},{"type":"Feature","properties":{"highway":"motorway","int_ref":"E 35","lanes":"3","lit":"no","maxspeed":"80","name":"Autostrada Lainate-Como-Chiasso","oneway":"yes","ref":"A9","surface":"asphalt","toll":"yes","carriage_ref":"l","opposite_carriage_ref":"k"},"geometry":{"type":"LineString","coordinates":[[9.047215,45.7666785],[9.0481352,45.7698491]]}},{"type":"Feature","properties":{"highway":"motorway","int_ref":"E 35","lanes":"2","lit":"no","maxspeed":"80","name":"Autostrada Lainate-Como-Chiasso","oneway":"yes","ref":"A9","source:maxspeed":"GPS survey 08.2017. Sign 80","surface":"asphalt","toll":"yes","carriage_ref":"k","opposite_carriage_ref":"l"},"geometry":{"type":"LineString","coordinates":[[9.0511177,45.7808904],[9.0501942,45.7777871]]}},{"type":"Feature","properties":{"highway":"motorway","int_ref":"E 35","lanes":"3","lit":"no","maxspeed":"130","name":"Autostrada Lainate-Como-Chiasso","oneway":"yes","ref":"A9","surface":"asphalt","toll":"yes","carriage_ref":"l","opposite_carriage_ref":"k"},"geometry":{"type":"LineString","coordinates":[[9.0275355,45.7255163],[9.0280869,45.7274009],[9.0289916,45.7306038],[9.031369,45.7387311],[9.0315916,45.7394727]]}},{"type":"Feature","properties":{"bridge":"yes","highway":"motorway","int_ref":"E 27;E 62","lanes":"2","layer":"1","lit":"no","maxspeed":"100","name":"Viaduc de Chillon","name:language":"fr","oneway":"yes","ref":"A9","toll":"yes","carriage_ref":"e","opposite_carriage_ref":"f"},"geometry":{"type":"LineString","coordinates":[[6.9299815,46.4201106],[6.9297003,46.4193304],[6.9293931,46.4184672],[6.9292483,46.4179125],[6.9291946,46.4175981],[6.9291329,46.4172561],[6.9290958,46.4169465],[6.9290578,46.4165811],[6.9290605,46.4165404],[6.9290686,46.4162908],[6.9291329,46.4159691],[6.929242,46.4156095],[6.9293238,46.4153275],[6.9294404,46.4150095],[6.9296068,46.4146266],[6.9298468,46.4142162],[6.9300614,46.4138971],[6.9302505,46.4136317],[6.9313197,46.4124687],[6.9316528,46.4120826],[6.9317975,46.4118794],[6.9319946,46.4116001],[6.9322062,46.411268],[6.9324626,46.4108105],[6.9326377,46.4105041],[6.932757,46.4102422],[6.932969,46.4096095],[6.9330615,46.4093058],[6.9331722,46.4089599],[6.9333141,46.4084393],[6.9334125,46.4080138],[6.9335922,46.4070555],[6.9336719,46.406467],[6.933758,46.4056316],[6.9338064,46.4048804],[6.9338187,46.4040273],[6.9337839,46.4032453]]}},{"type":"Feature","properties":{"bridge":"yes","highway":"motorway","int_ref":"E 27;E 62","lanes":"2","layer":"1","lit":"no","maxspeed":"100","oneway":"yes","ref":"A9","toll":"yes","carriage_ref":"f","opposite_carriage_ref":"e"},"geometry":{"type":"LineString","coordinates":[[6.9307667,46.4230543],[6.9307518,46.4234881],[6.9307,46.4239186]]}},{"type":"Feature","properties":{"highway":"motorway","int_ref":"E 35","lanes":"2","lit":"no","maxspeed":"80","oneway":"yes","ref":"A9","surface":"asphalt","carriage_ref":"k","opposite_carriage_ref":"l"},"geometry":{"type":"LineString","coordinates":[[9.0412691,45.8347359],[9.0412186,45.8346043],[9.0411568,45.834391],[9.0410933,45.8341142]]}},{"type":"Feature","properties":{"highway":"motorway","int_ref":"E 27;E 62","lanes":"2","lit":"no","maxspeed":"120","oneway":"yes","ref":"A9","toll":"yes","carriage_ref":"f","opposite_carriage_ref":"e"},"geometry":{"type":"LineString","coordinates":[[7.0038292,46.2291318],[7.0038422,46.2295232],[7.0038438,46.2298519],[7.0038339,46.2302193],[7.0037958,46.2306536],[7.0037416,46.2310719],[7.0036708,46.2313659],[7.0035904,46.2316607],[7.0034053,46.232197]]}},{"type":"Feature","properties":{"bridge":"yes","highway":"motorway","int_ref":"E 27;E 62","lanes":"2","layer":"1","lit":"no","maxspeed":"120","oneway":"yes","ref":"A9","toll":"yes","carriage_ref":"f","opposite_carriage_ref":"e"},"geometry":{"type":"LineString","coordinates":[[6.9401929,46.3212324],[6.9399959,46.3215486]]}},{"type":"Feature","properties":{"highway":"motorway","int_ref":"E 23;E 25","lanes":"2","lit":"no","maxspeed":"120","oneway":"yes","ref":"A1;A9","surface":"asphalt","toll":"yes","carriage_ref":"f","opposite_carriage_ref":"e"},"geometry":{"type":"LineString","coordinates":[[6.5706466,46.6674172],[6.5704714,46.6683073]]}},{"type":"Feature","properties":{"highway":"motorway","int_ref":"E 23;E 25","lanes":"2","lit":"no","maxspeed":"120","oneway":"yes","ref":"A1;A9","surface":"asphalt","toll":"yes","carriage_ref":"e","opposite_carriage_ref":"f"},"geometry":{"type":"LineString","coordinates":[[6.5738449,46.6942443],[6.5737049,46.6935023],[6.5736119,46.6926885],[6.5735604,46.6919102],[6.5735288,46.6911118],[6.573539,46.6904828],[6.5735564,46.6900046],[6.5735812,46.6894176],[6.5736518,46.6884277],[6.5737487,46.6870628],[6.5737884,46.6863632],[6.5738009,46.6856317],[6.5737839,46.6849967],[6.5737669,46.6846504],[6.573734,46.6843093],[6.5736547,46.6836476],[6.5735988,46.6833456],[6.5735214,46.6829554],[6.5734488,46.6826531],[6.5733396,46.6822554],[6.5732253,46.681878],[6.5731213,46.6815647],[6.5728033,46.6807507],[6.5725998,46.6803074],[6.5724053,46.6799397],[6.5720502,46.6792932],[6.571832,46.6789109],[6.5711174,46.677669],[6.5707736,46.6769584],[6.5705844,46.6765202],[6.5703864,46.6759613],[6.5701702,46.67522],[6.5700134,46.6745272],[6.5699123,46.673836],[6.5698711,46.6732509],[6.5698623,46.6727152]]}},{"type":"Feature","properties":{"covered":"yes","highway":"motorway","int_ref":"E 35","lanes":"2","lit":"no","maxspeed":"130","name":"Autostrada Lainate-Como-Chiasso","oneway":"yes","ref":"A9","surface":"asphalt","toll":"yes","carriage_ref":"l","opposite_carriage_ref":"k"},"geometry":{"type":"LineString","coordinates":[[9.0495959,45.7738877],[9.049604,45.7739393]]}},{"type":"Feature","properties":{"highway":"motorway","int_ref":"E 35","lanes":"11","lit":"no","maxspeed":"60","name":"Autostrada Lainate-Como-Chiasso","oneway":"yes","ref":"A9","source:maxspeed":"GPS survey 08.2017. Sign 60","surface":"asphalt","toll":"yes","carriage_ref":"k","opposite_carriage_ref":"l"},"geometry":{"type":"LineString","coordinates":[[9.0493489,45.7753068],[9.0491202,45.7746073],[9.0489889,45.7740279]]}},{"type":"Feature","properties":{"bridge":"yes","highway":"motorway","lanes":"2","layer":"1","maxspeed":"100","oneway":"yes","opening_date":"2016","ref":"A9","surface":"asphalt","toll":"yes","carriage_ref":"j","opposite_carriage_ref":"i"},"geometry":{"type":"LineString","coordinates":[[7.9274441,46.297379],[7.927165,46.2972665]]}},{"type":"Feature","properties":{"highway":"motorway","int_ref":"E 62","lanes":"3","lit":"no","maxspeed":"120","oneway":"yes","ref":"A9","toll":"yes","carriage_ref":"e","opposite_carriage_ref":"f"},"geometry":{"type":"LineString","coordinates":[[6.5671098,46.564313],[6.5677687,46.5643823],[6.5684041,46.5644235]]}},{"type":"Feature","properties":{"bridge":"yes","highway":"motorway","int_ref":"E 62","lanes":"2","layer":"1","lit":"no","maxspeed":"120","oneway":"yes","ref":"A9","toll":"yes","carriage_ref":"f","opposite_carriage_ref":"e"},"geometry":{"type":"LineString","coordinates":[[7.3601663,46.2231907],[7.3597313,46.2231064]]}},{"type":"Feature","properties":{"highway":"motorway","int_ref":"E 35","lanes":"2","layer":"1","lit":"no","maxspeed":"80","oneway":"yes","ref":"A9","surface":"asphalt","carriage_ref":"l","opposite_carriage_ref":"k"},"geometry":{"type":"LineString","coordinates":[[9.0508206,45.7860471],[9.0500681,45.7873469],[9.050027,45.78741]]}},{"type":"Feature","properties":{"highway":"motorway","int_ref":"E 23","lanes":"1","lit":"no","maxspeed":"80","oneway":"yes","ref":"A9","surface":"asphalt","toll":"yes","carriage_ref":"e","opposite_carriage_ref":"f"},"geometry":{"type":"LineString","coordinates":[[6.5674293,46.7286414],[6.5675765,46.7286057],[6.5677177,46.7285645],[6.5678664,46.7285163],[6.5680082,46.7284628],[6.5681591,46.7283986],[6.5683007,46.72833],[6.5684154,46.7282698],[6.5685237,46.7282047],[6.5686538,46.7281196],[6.5687753,46.7280287],[6.5688987,46.7279259],[6.5690135,46.7278174],[6.5690874,46.7277418],[6.5691554,46.7276633],[6.5692201,46.7275801],[6.5692769,46.7274969],[6.5693351,46.7274033],[6.5693859,46.7273066],[6.5694304,46.7272081],[6.5694694,46.7271085],[6.5695148,46.7269581],[6.5695482,46.7268065]]}},{"type":"Feature","properties":{"highway":"motorway","int_ref":"E 35","lanes":"2","layer":"-1","lit":"24/7","maxspeed":"80","name":"Galleria Monte Olimpino","oneway":"yes","ref":"A9","source":"yahoo-image","surface":"asphalt","tunnel":"yes","carriage_ref":"k","opposite_carriage_ref":"l"},"geometry":{"type":"LineString","coordinates":[[9.0453023,45.8255445],[9.0457514,45.8250113],[9.0459821,45.8247374],[9.0474323,45.8236251],[9.0497545,45.8225951]]}},{"type":"Feature","properties":{"highway":"motorway","int_ref":"E 35","lanes":"2","layer":"-1","lit":"24/7","maxspeed":"100","name":"Galleria San Fermo","oneway":"yes","ref":"A9","surface":"asphalt","tunnel":"yes","tunnel:name":"San Fermo Sud","carriage_ref":"k","opposite_carriage_ref":"l"},"geometry":{"type":"LineString","coordinates":[[9.056839,45.8084241],[9.0531084,45.8026785]]}},{"type":"Feature","properties":{"highway":"motorway","int_ref":"E 62","lanes":"2","lit":"no","maxspeed":"120","oneway":"yes","ref":"A9","toll":"yes","carriage_ref":"e","opposite_carriage_ref":"f"},"geometry":{"type":"LineString","coordinates":[[6.7516887,46.4935408],[6.7520335,46.4933856],[6.7523504,46.4932619],[6.7526038,46.4931645]]}},{"type":"Feature","properties":{"bridge":"yes","highway":"motorway","int_ref":"E 23;E 25","lanes":"2","layer":"1","lit":"no","maxspeed":"120","oneway":"yes","ref":"A1;A9","surface":"asphalt","toll":"yes","carriage_ref":"e","opposite_carriage_ref":"f"},"geometry":{"type":"LineString","coordinates":[[6.5607736,46.626555],[6.5607323,46.6258631]]}},{"type":"Feature","properties":{"highway":"motorway","int_ref":"E 62","lanes":"2","lit":"no","oneway":"yes","ref":"A9","surface":"asphalt","toll":"yes","first":"true","carriage_ref":"f","opposite_carriage_ref":"e"},"geometry":{"type":"LineString","coordinates":[[7.5621826,46.2896906],[7.5620328,46.2895806],[7.5618495,46.2894642],[7.5615289,46.2893343],[7.5610095,46.2891629],[7.5606853,46.2890384],[7.5598863,46.2886896],[7.5586054,46.2880224],[7.5573818,46.2873811],[7.5565724,46.2869821]]}},{"type":"Feature","properties":{"bridge":"yes","bridge:name":"Viadotto Terrazze","highway":"motorway","int_ref":"E 35","lanes":"2","layer":"1","lit":"no","maxspeed":"80","oneway":"yes","ref":"A9","source":"yahoo-image","surface":"asphalt","carriage_ref":"l","opposite_carriage_ref":"k"},"geometry":{"type":"LineString","coordinates":[[9.0559769,45.8196654],[9.0534137,45.8211335]]}},{"type":"Feature","properties":{"highway":"motorway","int_ref":"E 27;E 62","lanes":"2","lit":"no","maxspeed":"120","oneway":"yes","ref":"A9","toll":"yes","carriage_ref":"f","opposite_carriage_ref":"e"},"geometry":{"type":"LineString","coordinates":[[7.0263368,46.1735965],[7.0262885,46.1739701],[7.026248,46.1744249],[7.0262258,46.1748762],[7.0262218,46.1753108],[7.0262295,46.1757524],[7.0262582,46.1768141]]}},{"type":"Feature","properties":{"highway":"motorway","int_ref":"E 62","lanes":"2","lit":"no","maxspeed":"120","oneway":"yes","ref":"A9","toll":"yes","carriage_ref":"e","opposite_carriage_ref":"f"},"geometry":{"type":"LineString","coordinates":[[6.7630778,46.4905007],[6.7639558,46.4901779],[6.7653397,46.4896208],[6.7670934,46.4888212]]}},{"type":"Feature","properties":{"bridge":"yes","highway":"motorway","int_ref":"E 62","lanes":"2","layer":"1","lit":"no","maxspeed":"100","oneway":"yes","ref":"A9","toll":"yes","carriage_ref":"f","opposite_carriage_ref":"e"},"geometry":{"type":"LineString","coordinates":[[6.6981773,46.5153432],[6.6979044,46.5154601],[6.6976415,46.5155664],[6.6970874,46.5157757],[6.6965781,46.5159555],[6.696118,46.5161043],[6.6956758,46.5162331],[6.695312,46.5163295],[6.6949601,46.5164136]]}},{"type":"Feature","properties":{"destination":"Milano","highway":"motorway","int_ref":"E 35","lanes":"2","lit":"no","loc_name":"<diverso>","maxspeed":"100","oneway":"yes","ref":"A9","surface":"asphalt","carriage_ref":"k","opposite_carriage_ref":"l"},"geometry":{"type":"LineString","coordinates":[[9.0513942,45.7839172],[9.0514318,45.7837448],[9.051455,45.783604]]}},{"type":"Feature","properties":{"highway":"motorway","int_ref":"E 35","lanes":"3","lit":"no","loc_name":"Autostrada Milano-Como-Chiasso","maxspeed":"130","name":"Autostrada Lainate-Como-Chiasso","oneway":"yes","ref":"A9","surface":"asphalt","toll":"yes","carriage_ref":"l","opposite_carriage_ref":"k"},"geometry":{"type":"LineString","coordinates":[[9.0224436,45.7079989],[9.0235924,45.7120541],[9.0240103,45.7134086],[9.0251419,45.7173489],[9.0274651,45.7252366]]}},{"type":"Feature","properties":{"highway":"motorway","int_ref":"E 62","lanes":"2","lit":"no","maxspeed":"120","oneway":"yes","ref":"A9","toll":"yes","carriage_ref":"f","opposite_carriage_ref":"e"},"geometry":{"type":"LineString","coordinates":[[6.7460332,46.4967768],[6.7454493,46.49687],[6.7448232,46.4969528],[6.7435821,46.4970857],[6.7429769,46.4971461],[6.7423147,46.4972445],[6.7420089,46.4973016],[6.7416795,46.4973746],[6.7412906,46.4974711],[6.7408493,46.4976096],[6.7403405,46.4978119],[6.7397828,46.4980764],[6.7393244,46.4983357],[6.7386248,46.4987275],[6.7385222,46.4987799],[6.7382918,46.4989009]]}},{"type":"Feature","properties":{"highway":"motorway","int_ref":"E 62","lanes":"2","lit":"no","maxspeed":"100","oneway":"yes","ref":"A9","toll":"yes","carriage_ref":"f","opposite_carriage_ref":"e"},"geometry":{"type":"LineString","coordinates":[[6.7274247,46.4996412],[6.7253574,46.4992911],[6.724646,46.4991828],[6.7240381,46.4990946],[6.7233835,46.4990392],[6.7225437,46.4990072],[6.7217826,46.4990326],[6.7211675,46.4990946],[6.7205754,46.4991927],[6.7200581,46.4993214],[6.7196149,46.499447],[6.7189858,46.4996816],[6.7182386,46.5000414],[6.7173094,46.5006011]]}},{"type":"Feature","properties":{"highway":"motorway","int_ref":"E 27;E 62","lanes":"2","lit":"no","maxspeed":"120","oneway":"yes","ref":"A9","toll":"yes","carriage_ref":"f","opposite_carriage_ref":"e"},"geometry":{"type":"LineString","coordinates":[[6.9377356,46.3924437],[6.9378056,46.3927435],[6.9378386,46.3929484],[6.9378548,46.3931035],[6.937874,46.3933689],[6.9378742,46.393682],[6.9378453,46.3940293],[6.9378003,46.3943436]]}},{"type":"Feature","properties":{"highway":"motorway","int_ref":"E 62","lanes":"3","lit":"no","maxspeed":"120","oneway":"yes","ref":"A9","toll":"yes","carriage_ref":"e","opposite_carriage_ref":"f"},"geometry":{"type":"LineString","coordinates":[[6.5711551,46.564312],[6.5718898,46.5642111],[6.5724732,46.5641192],[6.5730914,46.5640107]]}},{"type":"Feature","properties":{"highway":"motorway","int_ref":"E 62","lanes":"2","lit":"no","maxspeed":"100","oneway":"yes","ref":"A9","source":"cadastre-dgi-fr source : Direction Générale des Impôts - Cadastre;mise à jour : 2009","toll":"yes","carriage_ref":"f","opposite_carriage_ref":"e"},"geometry":{"type":"LineString","coordinates":[[6.6851037,46.5192659],[6.684767,46.5195127],[6.6843105,46.5198685]]}},{"type":"Feature","properties":{"highway":"motorway","int_ref":"E 35","lanes":"2","lit":"no","maxspeed":"50","nat_ref":"A8","oneway":"yes","ref":"A9","source:maxspeed":"GPS survey 08.2017. Sign","surface":"asphalt","carriage_ref":"l","opposite_carriage_ref":"k"},"geometry":{"type":"LineString","coordinates":[[9.0425705,45.8409221],[9.0422569,45.8410186],[9.0418882,45.8411143],[9.0416584,45.8411609],[9.0413546,45.8411954]]}}],"ref":"A9","generator":"Quandopasso Path Importer","created":"2021-01-04T14:45:31.025Z","format":"1.0.0"}