{"type":"FeatureCollection","features":[{"type":"Feature","properties":{"highway":"motorway","lanes":"3","lit":"no","maxspeed":"100","oneway":"yes","ref":"A6","toll":"yes","turn:lanes":"none|none|merge_to_left","carriage_ref":"A"},"geometry":{"type":"LineString","coordinates":[[7.5016357,46.9269055],[7.5015563,46.9270435],[7.5014792,46.9271801],[7.5013989,46.9273301],[7.5013236,46.9274802],[7.5012506,46.9276337],[7.5011825,46.9277855],[7.5010601,46.9280789],[7.5009453,46.9283819]]}},{"type":"Feature","properties":{"avz":"95","cs_dir:forward":"1","highway":"motorway","lanes":"2","lit":"no","maxspeed":"100","oneway":"yes","ref":"A6","ssvz":"948N","surface":"asphalt","toll":"yes","carriage_ref":"B"},"geometry":{"type":"LineString","coordinates":[[7.6017478,46.7504988],[7.6018736,46.7501349],[7.6019923,46.7497715],[7.6020752,46.7495076]]}},{"type":"Feature","properties":{"avz":"56","cs_dir:forward":"1","highway":"motorway","int_ref":"E 25;E 27","lanes":"3","maxspeed":"100","oneway":"yes","ref":"A1;A6","ssvz":"944N","surface":"asphalt","toll":"yes","carriage_ref":"A"},"geometry":{"type":"LineString","coordinates":[[7.4817251,46.9920868],[7.4818713,46.9922082],[7.4820167,46.9923335],[7.4821585,46.9924629],[7.4823008,46.9925941],[7.4824383,46.9927282],[7.4825742,46.9928649],[7.4827028,46.9930015],[7.4828342,46.9931433],[7.4831019,46.9934467],[7.4832687,46.9936421],[7.4836355,46.9940904],[7.4840723,46.9946403],[7.4843044,46.9949309],[7.4845407,46.9952234],[7.4847679,46.9954976],[7.4850052,46.9957728],[7.4852045,46.9959989],[7.4854145,46.9962299],[7.4856471,46.9964773],[7.4859115,46.9967433],[7.4861727,46.9970016],[7.486453,46.9972687],[7.486726,46.9975253],[7.4871989,46.9979718],[7.4872869,46.9980528]]}},{"type":"Feature","properties":{"highway":"motorway","lanes":"2","lit":"no","maxspeed":"100","oneway":"yes","ref":"A6","toll":"yes","carriage_ref":"A"},"geometry":{"type":"LineString","coordinates":[[7.4994269,46.9323813],[7.499312,46.93253],[7.4991948,46.93267],[7.499068,46.9328105],[7.4989377,46.9329463],[7.4988075,46.9330739],[7.4986697,46.9332023],[7.4985343,46.9333236],[7.4983743,46.9334615],[7.4982294,46.9335818],[7.4980729,46.9337069],[7.4979203,46.9338245],[7.4977556,46.9339476],[7.4975925,46.9340647],[7.4974344,46.9341739],[7.497229,46.9343115]]}},{"type":"Feature","properties":{"highway":"motorway","lanes":"3","lit":"no","maxspeed":"120","oneway":"yes","ref":"A6","surface":"asphalt","toll":"yes","turn:lanes":"through|through|slight_right","carriage_ref":"B"},"geometry":{"type":"LineString","coordinates":[[7.6027597,46.7459878],[7.6028012,46.7454924],[7.6028194,46.7452615],[7.6028291,46.7450341],[7.6028421,46.7445757],[7.6028388,46.7442247],[7.6028257,46.743872],[7.6028022,46.7435572]]}},{"type":"Feature","properties":{"highway":"motorway","lanes":"4","lit":"no","maxspeed":"100","oneway":"yes","ref":"A6","surface":"asphalt","toll":"yes","turn:lanes":"none|none|slight_right|slight_right","carriage_ref":"B"},"geometry":{"type":"LineString","coordinates":[[7.5016777,46.9266237],[7.501777,46.9264777],[7.5019855,46.9261877]]}},{"type":"Feature","properties":{"highway":"motorway","lanes":"2","maxspeed":"80","oneway":"yes","ref":"A6","surface":"asphalt","toll":"yes","carriage_ref":"A"},"geometry":{"type":"LineString","coordinates":[[7.4731628,46.9602723],[7.4736214,46.960554],[7.4737832,46.9606531],[7.47393,46.9607457],[7.4740745,46.9608427],[7.4741966,46.9609315],[7.4743285,46.9610346],[7.474456,46.9611445],[7.4745746,46.9612606],[7.4746887,46.9613853],[7.4747866,46.961509],[7.4748716,46.9616302],[7.4749614,46.961783],[7.4750365,46.9619431],[7.4750878,46.9620763],[7.4751314,46.9622237],[7.4751611,46.9623557],[7.4751747,46.9624651],[7.4751834,46.9625906],[7.4751816,46.962733],[7.4751637,46.9629138],[7.4751382,46.9630395]]}},{"type":"Feature","properties":{"bridge":"yes","highway":"motorway","lanes":"2","layer":"1","lit":"no","maxspeed":"120","oneway":"yes","ref":"A6","source:maxspeed":"CH:motorway","surface":"asphalt","toll":"yes","carriage_ref":"A"},"geometry":{"type":"LineString","coordinates":[[7.5994169,46.7726697],[7.5995834,46.7728686]]}},{"type":"Feature","properties":{"bridge":"yes","highway":"motorway","int_ref":"E 27","lanes":"2","layer":"1","maxspeed":"100","oneway":"yes","ref":"A6","surface":"asphalt","toll":"no","carriage_ref":"B"},"geometry":{"type":"LineString","coordinates":[[7.2881881,47.0638568],[7.2883311,47.0637696],[7.2884811,47.0636862]]}},{"type":"Feature","properties":{"destination:lanes":"Interlaken;Thun;Bern-Ostring|Interlaken;Thun;Bern-Ostring;Bern-Wankdorf","highway":"motorway","lanes":"2","maxspeed":"80","oneway":"yes","ref":"A6","surface":"asphalt","toll":"yes","carriage_ref":"B"},"geometry":{"type":"LineString","coordinates":[[7.4698919,46.9747578],[7.4701782,46.974428],[7.4703707,46.9741543],[7.4704619,46.9740187],[7.4705499,46.9738816],[7.4706435,46.9737276],[7.4707241,46.9735796],[7.4707948,46.9734294],[7.4708542,46.9732789],[7.4709012,46.9731353],[7.4709418,46.9729688],[7.4709691,46.9728033],[7.4709851,46.9726421],[7.4709884,46.9724848],[7.4709795,46.972329],[7.4709637,46.9721782],[7.4709388,46.9720103],[7.470911,46.9718687],[7.4708714,46.9716986],[7.4708281,46.9715359],[7.4707804,46.9713741],[7.4706905,46.9710879],[7.4706327,46.9709274],[7.4705776,46.9707811],[7.4705326,46.970678]]}},{"type":"Feature","properties":{"bridge":"yes","highway":"motorway","lanes":"3","layer":"2","lit":"no","maxspeed":"120","oneway":"yes","ref":"A6","surface":"asphalt","toll":"yes","turn:lanes":"none|none|merge_to_left","carriage_ref":"B"},"geometry":{"type":"LineString","coordinates":[[7.5799116,46.809293],[7.5799709,46.8091627]]}},{"type":"Feature","properties":{"destination:lanes":"||Bern-Ostring","highway":"motorway","lanes":"3","layer":"-1","lit":"yes","maxspeed":"80","oneway":"yes","ref":"A6","toll":"yes","tunnel":"yes","tunnel:name":"Sonnenhof","turn:lanes":"none|none|slight_right","carriage_ref":"A"},"geometry":{"type":"LineString","coordinates":[[7.4746853,46.9409926],[7.4745298,46.9411743],[7.4742808,46.9414658],[7.4740561,46.9417579],[7.4737076,46.9422768],[7.4735207,46.9425704],[7.4733456,46.9428753],[7.4731669,46.943181]]}},{"type":"Feature","properties":{"highway":"motorway","int_ref":"E 27","lanes":"2","maxspeed":"120","oneway":"yes","ref":"A6","toll":"no","carriage_ref":"B"},"geometry":{"type":"LineString","coordinates":[[7.435509,47.0364739],[7.4364133,47.0362117],[7.4372795,47.035958],[7.4390484,47.0354476],[7.4408278,47.0349441],[7.441714,47.0347027],[7.4426136,47.0344579],[7.4435141,47.0342246],[7.4444163,47.0339938],[7.4454246,47.0337483],[7.4465632,47.0334848],[7.4474752,47.0332812],[7.4483925,47.0330852],[7.4493223,47.0328949],[7.4502492,47.0327058],[7.4520792,47.0323547],[7.4539301,47.0320125],[7.4558958,47.0316573],[7.4577577,47.0313114],[7.4586885,47.0311371],[7.4591534,47.0310459],[7.4596172,47.0309528],[7.4605223,47.0307673],[7.4609827,47.0306696],[7.4614396,47.0305685],[7.4619031,47.0304648],[7.4623649,47.0303588],[7.462807,47.0302515],[7.4632483,47.0301434],[7.4637007,47.0300306],[7.4641485,47.0299107],[7.4646534,47.0297696]]}},{"type":"Feature","properties":{"bridge":"yes","highway":"motorway","int_ref":"E 27","lanes":"3","layer":"1","maxspeed":"120","oneway":"yes","ref":"A6","surface":"asphalt","toll":"no","turn:lanes":"none|none|mergto_left","carriage_ref":"A"},"geometry":{"type":"LineString","coordinates":[[7.2952589,47.0616563],[7.294908,47.0617687],[7.2945723,47.0618786],[7.2939555,47.0620679],[7.2933199,47.0622503]]}},{"type":"Feature","properties":{"bridge":"yes","highway":"motorway","lanes":"2","layer":"1","maxspeed":"80","oneway":"yes","ref":"A6","surface":"asphalt","toll":"yes","carriage_ref":"B"},"geometry":{"type":"LineString","coordinates":[[7.4749082,46.9633489],[7.4749577,46.9632214],[7.4750045,46.9630689]]}},{"type":"Feature","properties":{"highway":"motorway","lanes":"2","lit":"no","maxspeed":"120","oneway":"yes","ref":"A6","toll":"yes","carriage_ref":"A"},"geometry":{"type":"LineString","coordinates":[[7.6367969,46.6767711],[7.6368276,46.6767862],[7.6372113,46.6769916],[7.6375413,46.6771826],[7.6376886,46.6772776],[7.6378977,46.6774123],[7.6380104,46.6774921],[7.6381716,46.6776151],[7.6383236,46.6777417],[7.6384666,46.6778692],[7.638603,46.678003],[7.6387329,46.6781404],[7.6388536,46.6782823],[7.638964,46.678426],[7.6390617,46.6785739],[7.6392349,46.6788726],[7.6402526,46.6808822],[7.6404145,46.6811896],[7.6405856,46.6814924],[7.6408052,46.6818421],[7.6408761,46.6819498],[7.6409944,46.6821106],[7.6411283,46.6822822],[7.6412452,46.6824232],[7.6414985,46.682698],[7.6416349,46.6828336],[7.6419143,46.6830958],[7.6420586,46.6832251],[7.6423484,46.6834809],[7.6426461,46.683735],[7.6430907,46.68413],[7.6432258,46.6842557],[7.6434935,46.6845215],[7.6436208,46.6846562],[7.6437455,46.6847972],[7.6439727,46.6850819],[7.6441829,46.6853775],[7.6442802,46.6855257],[7.6444631,46.6858277],[7.6446341,46.6861278],[7.644649,46.6861554],[7.6447066,46.6862608],[7.6449751,46.6867605]]}},{"type":"Feature","properties":{"highway":"motorway","lanes":"3","lit":"no","maxspeed":"120","oneway":"yes","overtaking:hgv":"no","ref":"A6","surface":"asphalt","toll":"yes","turn:lanes":"||merge_to_left","carriage_ref":"A"},"geometry":{"type":"LineString","coordinates":[[7.603004,46.7445802],[7.6029918,46.7450391],[7.6029808,46.7452704],[7.6029632,46.7454999],[7.602935,46.7458505]]}},{"type":"Feature","properties":{"bridge":"yes","highway":"motorway","lanes":"2","layer":"1","lit":"no","maxspeed":"100","oneway":"yes","ref":"A6","toll":"yes","carriage_ref":"A"},"geometry":{"type":"LineString","coordinates":[[7.4948771,46.9355349],[7.4944405,46.9357058]]}},{"type":"Feature","properties":{"highway":"motorway","lanes":"2","lit":"no","maxspeed":"80","oneway":"yes","ref":"A6","toll":"yes","carriage_ref":"B"},"geometry":{"type":"LineString","coordinates":[[7.6365286,46.6767353],[7.6365151,46.6767287],[7.6363893,46.676668]]}},{"type":"Feature","properties":{"bridge":"yes","highway":"motorway","int_ref":"E 27","lanes":"2","layer":"1","maxspeed":"120","oneway":"yes","ref":"A6","surface":"asphalt","toll":"no","carriage_ref":"B"},"geometry":{"type":"LineString","coordinates":[[7.3256966,47.0573854],[7.3265344,47.0566306],[7.3271178,47.0560802]]}},{"type":"Feature","properties":{"highway":"motorway","lanes":"3","lit":"no","maxspeed":"120","oneway":"yes","ref":"A6","surface":"asphalt","toll":"yes","turn:lanes":"none|none|slight_right","carriage_ref":"A"},"geometry":{"type":"LineString","coordinates":[[7.6029635,46.7303615],[7.6026859,46.7307798],[7.6024885,46.7310915]]}},{"type":"Feature","properties":{"destination:lanes":"Interlaken;Thun|Interlaken;Thun;Lausanne;Fribourg|Lausanne;Fribourg","highway":"motorway","int_ref":"E 25;E 27","lanes":"3","maxspeed":"100","oneway":"yes","ref":"A1;A6","surface":"asphalt","toll":"yes","carriage_ref":"B"},"geometry":{"type":"LineString","coordinates":[[7.4680562,46.9855819],[7.4679446,46.9854447],[7.4678338,46.985304],[7.4677292,46.9851627],[7.4676196,46.985007],[7.467524,46.9848618],[7.4674281,46.9847086],[7.4673351,46.9845497],[7.467246,46.9843907],[7.4671693,46.9842393],[7.4670938,46.9840821],[7.4670194,46.9839101],[7.4669506,46.9837428],[7.4668941,46.9835922]]}},{"type":"Feature","properties":{"highway":"motorway","int_ref":"E 27","lanes":"2","maxspeed":"80","oneway":"yes","ref":"A6","surface":"asphalt","toll":"no","carriage_ref":"B"},"geometry":{"type":"LineString","coordinates":[[7.4872982,47.0223032],[7.4874213,47.0221486],[7.4875242,47.0220078],[7.4876217,47.0218656],[7.4877165,47.0217176],[7.4878045,47.0215711],[7.4878911,47.0214127],[7.4879704,47.0212586],[7.4880426,47.0211028],[7.4881118,47.0209484],[7.4881765,47.0207941],[7.4882377,47.0206368],[7.4882953,47.0204783],[7.4884088,47.0201618],[7.4885364,47.019795]]}},{"type":"Feature","properties":{"bridge":"yes","highway":"motorway","int_ref":"E 27","lanes":"2","layer":"1","maxspeed":"120","oneway":"yes","ref":"A6","surface":"asphalt","carriage_ref":"B"},"geometry":{"type":"LineString","coordinates":[[7.2959164,47.0826995],[7.2956647,47.0825337]]}},{"type":"Feature","properties":{"highway":"motorway","lanes":"3","lit":"no","maxspeed":"120","oneway":"yes","ref":"A6","surface":"asphalt","toll":"yes","turn:lanes":"none|none|merge_to_left","carriage_ref":"A"},"geometry":{"type":"LineString","coordinates":[[7.6008733,46.734626],[7.6008033,46.7350322]]}},{"type":"Feature","properties":{"highway":"motorway","lanes":"2","maxspeed":"80","oneway":"yes","ref":"A6","surface":"asphalt","toll":"yes","carriage_ref":"A"},"geometry":{"type":"LineString","coordinates":[[7.4706231,46.966523],[7.4704636,46.966633],[7.4703091,46.9667494],[7.4701629,46.9668741],[7.4700251,46.967006],[7.4699352,46.9671083]]}},{"type":"Feature","properties":{"highway":"motorway","int_ref":"E 25;E 27","lanes":"3","maxspeed":"100","oneway":"yes","ref":"A1;A6","surface":"asphalt","toll":"yes","carriage_ref":"A"},"geometry":{"type":"LineString","coordinates":[[7.4750866,46.9892748],[7.4758886,46.9895047],[7.4768107,46.9897712],[7.4772921,46.9899173],[7.4777561,46.9900661],[7.4782177,46.9902242],[7.4784404,46.990304],[7.4786597,46.9903865],[7.4790039,46.9905219]]}},{"type":"Feature","properties":{"highway":"motorway","int_ref":"E 25;E 27","lanes":"3","maxspeed":"100","oneway":"yes","ref":"A1;A6","surface":"asphalt","toll":"yes","carriage_ref":"A"},"geometry":{"type":"LineString","coordinates":[[7.4718221,46.9881446],[7.4720766,46.9882591],[7.4723509,46.9883734],[7.4725906,46.988468],[7.472828,46.9885564],[7.4730239,46.9886272],[7.4732179,46.988696],[7.473439,46.988773],[7.4736625,46.988846]]}},{"type":"Feature","properties":{"avz":"163","cs_dir:forward":"2","highway":"motorway","int_ref":"E 27","lanes":"2","maxspeed":"120","oneway":"yes","ref":"A6","ssvz":"701","surface":"asphalt","toll":"no","carriage_ref":"A"},"geometry":{"type":"LineString","coordinates":[[7.4720473,47.0272169],[7.4709402,47.0276598],[7.4699062,47.0280761],[7.4694692,47.028251],[7.4690305,47.0284241],[7.4685857,47.0285943],[7.4681394,47.0287631],[7.4677161,47.0289154],[7.4672898,47.0290641],[7.4668584,47.0292092],[7.4664255,47.0293521],[7.4659847,47.0294921],[7.4655415,47.0296304],[7.4651245,47.0297522],[7.4647051,47.0298701]]}},{"type":"Feature","properties":{"highway":"motorway","lanes":"2","lit":"no","maxspeed":"120","oneway":"yes","ref":"A6","surface":"asphalt","toll":"yes","carriage_ref":"A"},"geometry":{"type":"LineString","coordinates":[[7.6379394,46.7000809],[7.6378135,46.7003042],[7.6376642,46.7005836],[7.6374866,46.7009147],[7.6373117,46.701272],[7.6371398,46.7016299],[7.6356046,46.7048236],[7.6347223,46.706644],[7.6345984,46.706891],[7.6344601,46.7071486],[7.6343134,46.7074036],[7.6341625,46.7076532],[7.6339947,46.7079049],[7.6338211,46.708148],[7.6336234,46.7083975],[7.6334185,46.7086338],[7.6331947,46.7088759],[7.6329548,46.7091178],[7.6327033,46.7093508],[7.6325312,46.7095091]]}},{"type":"Feature","properties":{"highway":"trunk","int_ref":"E 27","lanes":"2","lanes:backward":"1","lanes:forward":"1","maxspeed":"80","oneway":"no","ref":"A6","surface":"asphalt","toll":"no","carriage_ref":"B"},"geometry":{"type":"LineString","coordinates":[[7.27168069081,47.12122864765],[7.2738877,47.1211646],[7.2742339,47.1211412],[7.2744527,47.1211211],[7.2746734,47.1210947]]}},{"type":"Feature","properties":{"highway":"motorway","lanes":"2","lit":"no","maxspeed":"120","oneway":"yes","ref":"A6","surface":"asphalt","toll":"yes","carriage_ref":"B"},"geometry":{"type":"LineString","coordinates":[[7.5372755,46.8923564],[7.5376038,46.892071],[7.5378913,46.8918161],[7.5380297,46.8916909],[7.5381696,46.8915605],[7.5383054,46.8914335],[7.5384417,46.8912997],[7.5385725,46.8911689],[7.5387057,46.8910325],[7.5388319,46.890899],[7.5389541,46.8907646],[7.5390708,46.890631],[7.5391832,46.8904974],[7.5392971,46.8903571],[7.5394082,46.8902133],[7.539514,46.890069],[7.5397112,46.8897863],[7.5398096,46.8896288],[7.539901,46.8894799],[7.5399874,46.8893302],[7.5400695,46.8891802],[7.5401486,46.8890258],[7.5402238,46.8888753],[7.540292,46.8887297],[7.5403628,46.8885686],[7.5404246,46.8884159],[7.5404855,46.8882598],[7.5405413,46.8881092],[7.5405901,46.8879641],[7.5406436,46.8878001],[7.5407051,46.8875895]]}},{"type":"Feature","properties":{"first":"true","carriage_ref":"A","highway":"motorway","lanes":"1","lit":"no","maxspeed":"80","oneway":"yes","placement":"transition","ref":"A6","smoothness":"excellent","source":"Bing (2017-03-03)","surface":"asphalt","toll":"yes"},"geometry":{"type":"LineString","coordinates":[[7.6301858,46.6749598],[7.6304799,46.6749809],[7.6306682,46.675003],[7.6309428,46.6750449],[7.6310123,46.6750577],[7.6311364,46.6750805]]}},{"type":"Feature","properties":{"highway":"motorway","int_ref":"E 27","lanes":"2","maxspeed":"120","oneway":"yes","ref":"A6","surface":"asphalt","toll":"no","carriage_ref":"A"},"geometry":{"type":"LineString","coordinates":[[7.4874042,47.022363],[7.4872971,47.0224929],[7.4871879,47.0226213],[7.4870549,47.0227653],[7.4869169,47.022906],[7.4867824,47.0230352],[7.4866798,47.0231187]]}},{"type":"Feature","properties":{"highway":"motorway","int_ref":"E 27","lanes":"2","maxspeed":"120","oneway":"yes","ref":"A6","surface":"asphalt","toll":"no","carriage_ref":"B"},"geometry":{"type":"LineString","coordinates":[[7.2896866,47.0772245],[7.2894947,47.076952],[7.2893142,47.0766768],[7.28914,47.0763861],[7.2889703,47.0760926],[7.2888101,47.0758043],[7.2886441,47.0755071],[7.288496,47.0752202],[7.2883468,47.0749294],[7.2882072,47.0746421],[7.2880701,47.0743532],[7.28794,47.074063],[7.2878206,47.0737699],[7.2876837,47.0734623],[7.2875546,47.0731537],[7.2874392,47.0728602],[7.2873258,47.0725607],[7.2872203,47.0722594],[7.2871103,47.071945],[7.2870072,47.0716238],[7.2869084,47.0712974],[7.2868211,47.0709893],[7.2867401,47.0706784],[7.2866564,47.0703589],[7.2865798,47.0700404],[7.2865093,47.069708],[7.2864463,47.0693814],[7.2863936,47.0690771],[7.2863447,47.0687705],[7.2862989,47.0684686],[7.2862592,47.0681646],[7.2862249,47.0678371],[7.2861996,47.067512],[7.2861873,47.0671651],[7.2861927,47.0669251],[7.2862159,47.0666745]]}},{"type":"Feature","properties":{"highway":"trunk","int_ref":"E 27","lanes":"2","maxspeed":"80","oneway":"no","ref":"A6","surface":"asphalt","toll":"no","carriage_ref":"B"},"geometry":{"type":"LineString","coordinates":[[7.3025048,47.1092197],[7.3027889,47.1089848],[7.3030549,47.108775],[7.3033822,47.1085291]]}},{"type":"Feature","properties":{"highway":"motorway","lanes":"2","lit":"no","maxspeed":"120","oneway":"yes","ref":"A6","source:maxspeed":"CH:motorway","toll":"yes","carriage_ref":"A"},"geometry":{"type":"LineString","coordinates":[[7.5414577,46.8812701],[7.5414115,46.8817941],[7.5413777,46.8822939],[7.5413551,46.8827151],[7.5412831,46.8844457],[7.5412539,46.8849584],[7.5412308,46.885258],[7.5412016,46.8855783],[7.541166,46.8858953],[7.5411245,46.8862141]]}},{"type":"Feature","properties":{"bridge":"yes","highway":"motorway","lanes":"2","layer":"1","lit":"no","maxspeed":"80","oneway":"yes","ref":"A6","surface":"asphalt","toll":"yes","carriage_ref":"B"},"geometry":{"type":"LineString","coordinates":[[7.4721504,46.9456802],[7.4721402,46.9455832],[7.472137,46.945469],[7.4721456,46.9453289],[7.4721679,46.9451973],[7.4722051,46.9450583],[7.4722482,46.94493],[7.4722969,46.9448043],[7.4723497,46.9446815],[7.4724318,46.9445022],[7.4725235,46.9443007]]}},{"type":"Feature","properties":{"highway":"motorway","lanes":"2","lit":"no","maxspeed":"120","oneway":"yes","ref":"A6","source:maxspeed":"CH:motorway","toll":"yes","carriage_ref":"A"},"geometry":{"type":"LineString","coordinates":[[7.5428534,46.8762289],[7.5426787,46.8766272],[7.5425708,46.8768859],[7.5424913,46.8770856],[7.5424082,46.8773038],[7.542334,46.8775061],[7.5422655,46.8776988],[7.5421232,46.8781268],[7.5420603,46.8783276],[7.5420021,46.878521],[7.5418913,46.8789254],[7.5417947,46.8793074],[7.5416938,46.8797644]]}},{"type":"Feature","properties":{"bridge":"yes","highway":"motorway","int_ref":"E 27","lanes":"3","layer":"1","maxspeed":"120","oneway":"yes","ref":"A6","surface":"asphalt","toll":"no","turn:lanes":"none|none|merge_to_left","carriage_ref":"B"},"geometry":{"type":"LineString","coordinates":[[7.2971206,47.0608645],[7.2976478,47.0606381]]}},{"type":"Feature","properties":{"bridge":"yes","highway":"motorway","int_ref":"E 27","lanes":"3","layer":"1","maxspeed":"120","oneway":"yes","ref":"A6","surface":"asphalt","toll":"no","turn:lanes":"none|none|mergto_left","carriage_ref":"A"},"geometry":{"type":"LineString","coordinates":[[7.2977408,47.0607081],[7.2971894,47.0609444]]}},{"type":"Feature","properties":{"bridge":"yes","highway":"motorway","int_ref":"E 27","lanes":"2","layer":"1","maxspeed":"120","oneway":"yes","ref":"A6","surface":"asphalt","toll":"no","carriage_ref":"B"},"geometry":{"type":"LineString","coordinates":[[7.3411787,47.049647],[7.3430118,47.0491996]]}},{"type":"Feature","properties":{"bridge":"yes","highway":"trunk","int_ref":"E 27","lanes":"2","layer":"1","maxspeed":"80","oneway":"no","ref":"A6","surface":"asphalt","toll":"no","carriage_ref":"B"},"geometry":{"type":"LineString","coordinates":[[7.3014698,47.1102329],[7.3016801,47.1100109]]}},{"type":"Feature","properties":{"highway":"motorway","int_ref":"E 27","lanes":"2","maxspeed":"120","oneway":"yes","ref":"A6","surface":"asphalt","toll":"no","carriage_ref":"A"},"geometry":{"type":"LineString","coordinates":[[7.4647051,47.0298701],[7.4642061,47.0300098],[7.4637561,47.0301303],[7.4632986,47.0302442],[7.4628562,47.0303533],[7.4624138,47.0304609],[7.4619536,47.0305659],[7.461492,47.0306698],[7.4610348,47.0307703],[7.4605743,47.0308668],[7.4596589,47.0310558],[7.4591964,47.0311485],[7.4587328,47.0312385],[7.4578002,47.0314138],[7.4559271,47.0317621],[7.4539798,47.0321129],[7.4521241,47.0324568],[7.4502956,47.0328082],[7.4493633,47.0329969],[7.4484391,47.0331869],[7.447521,47.0333836],[7.4466084,47.0335885],[7.4454753,47.0338486],[7.444475,47.0340913],[7.4435709,47.0343238],[7.4426686,47.0345586],[7.4417729,47.0348004],[7.4408804,47.0350452],[7.4391117,47.0355452],[7.4373485,47.036056],[7.4364662,47.0363141],[7.4355792,47.0365699],[7.4351611,47.0366887]]}},{"type":"Feature","properties":{"highway":"motorway","lanes":"2","layer":"1","lit":"no","maxspeed":"100","oneway":"yes","ref":"A6","surface":"asphalt","toll":"yes","carriage_ref":"B"},"geometry":{"type":"LineString","coordinates":[[7.4971417,46.9342487],[7.4973486,46.9341109],[7.4975057,46.9340018],[7.4976633,46.9338887],[7.4978271,46.9337668],[7.4979753,46.9336518],[7.4981343,46.9335256],[7.4982788,46.933405],[7.4984313,46.9332743],[7.4985692,46.9331505],[7.4987035,46.9330258],[7.4988345,46.9328963],[7.4989636,46.9327624],[7.4990882,46.932625],[7.4992018,46.9324895],[7.4993124,46.9323473]]}},{"type":"Feature","properties":{"highway":"trunk","int_ref":"E 27","lanes":"2","lanes:backward":"1","lanes:forward":"1","maxspeed":"100","oneway":"no","ref":"A6","surface":"asphalt","toll":"no","carriage_ref":"B"},"geometry":{"type":"LineString","coordinates":[[7.3051181,47.1074916],[7.3054984,47.1072999],[7.3067408,47.1067045],[7.3072907,47.1064366],[7.3077567,47.1062073],[7.3083187,47.1058934],[7.3085458,47.1057569],[7.3087931,47.1056011],[7.309014,47.1054452],[7.3092608,47.1052673],[7.3094708,47.1050976],[7.3096591,47.1049427],[7.3099109,47.1047277],[7.310105,47.1045383],[7.310335,47.1042981],[7.3105193,47.1040943],[7.3106971,47.1038847],[7.3108419,47.1037024],[7.3109899,47.1034838],[7.3111959,47.103158],[7.3113219,47.1029472],[7.3114508,47.1026847],[7.3115849,47.102383],[7.3116937,47.1021088],[7.3117715,47.101875],[7.3118209,47.1016833],[7.3118822,47.101408],[7.311937,47.1010714],[7.3119603,47.1008612],[7.3119745,47.1005165],[7.3119738,47.1001748],[7.3119364,47.0998172],[7.311888,47.099512],[7.3117943,47.0991047],[7.3116922,47.0987702],[7.3115818,47.0984752],[7.3114535,47.0982021],[7.3112711,47.0978533],[7.311089,47.0975613],[7.310915,47.0973045],[7.3107454,47.0970737],[7.3103417,47.0965917],[7.3099138,47.0961151],[7.3091261,47.0952413],[7.3084841,47.0945231],[7.307854,47.0938198],[7.3073099,47.0932136],[7.3066121,47.0924301],[7.3058664,47.0916481],[7.3052172,47.0909859],[7.3042088,47.0900015],[7.3021677,47.0880179],[7.3005522,47.0864548]]}},{"type":"Feature","properties":{"bridge":"yes","highway":"motorway","lanes":"2","layer":"1","lit":"no","maxspeed":"120","oneway":"yes","ref":"A6","source:maxspeed":"CH:motorway","surface":"asphalt","toll":"yes","carriage_ref":"A"},"geometry":{"type":"LineString","coordinates":[[7.5991606,46.7723501],[7.5992509,46.7724622]]}},{"type":"Feature","properties":{"highway":"motorway","int_ref":"E 27","lanes":"3","maxspeed":"80","oneway":"yes","ref":"A6","surface":"asphalt","turn:lanes":"none|none|merge_to_left","carriage_ref":"B"},"geometry":{"type":"LineString","coordinates":[[7.2682983,47.1213375],[7.269449,47.1213187]]}},{"type":"Feature","properties":{"highway":"motorway","int_ref":"E 25;E 27","lanes":"4","maxspeed":"100","oneway":"yes","ref":"A1;A6","surface":"asphalt","toll":"yes","turn:lanes":"none|none|none|slight_right","carriage_ref":"A"},"geometry":{"type":"LineString","coordinates":[[7.4736625,46.988846],[7.4741233,46.9889908],[7.4745895,46.9891304],[7.4750866,46.9892748]]}},{"type":"Feature","properties":{"destination:lanes":"Zürich;Basel;Kirchberg|Lausanne;Interlaken;Bern","highway":"motorway","int_ref":"E 27","lanes":"2","maxspeed":"80","oneway":"yes","ref":"A6","surface":"asphalt","toll":"no","turn:lanes":"slight_left|slight_right","carriage_ref":"B"},"geometry":{"type":"LineString","coordinates":[[7.4918499,47.0155921],[7.492076,47.0154034],[7.4923237,47.015205],[7.492489,47.0150758],[7.4926489,47.0149582],[7.4928147,47.0148396],[7.4929797,47.0147259],[7.4931938,47.0145867],[7.4933601,47.0144845],[7.4935413,47.0143798],[7.4937265,47.0142804],[7.4939146,47.0141851],[7.4940847,47.0141035],[7.4942418,47.014032]]}},{"type":"Feature","properties":{"highway":"motorway","lanes":"2","layer":"1","oneway":"yes","ref":"A6","surface":"asphalt","carriage_ref":"A"},"geometry":{"type":"LineString","coordinates":[[7.2616219373,47.12262243548],[7.26124878148,47.12269908554]]}},{"type":"Feature","properties":{"highway":"motorway","lanes":"2","lit":"no","maxspeed":"120","oneway":"yes","ref":"A6","surface":"asphalt","toll":"yes","carriage_ref":"A"},"geometry":{"type":"LineString","coordinates":[[7.6316136,46.7102085],[7.6312412,46.7104366],[7.6309023,46.7106387],[7.6305844,46.7108172],[7.6302698,46.7109814],[7.6300938,46.7110673],[7.6299458,46.7111369],[7.6296076,46.7112906],[7.6292729,46.7114295],[7.6289273,46.7115605],[7.6285723,46.7116868],[7.6282132,46.7118041],[7.6278422,46.7119153],[7.6274639,46.7120164],[7.6270953,46.7121073],[7.6267101,46.7121935],[7.6263228,46.7122737],[7.6258436,46.7123663],[7.6253593,46.7124546],[7.6240147,46.712692],[7.6233594,46.7128162],[7.6227141,46.7129526],[7.6222303,46.7130656],[7.621751,46.7131838],[7.6213071,46.7133006],[7.6208675,46.7134251],[7.6203486,46.7135822],[7.6198391,46.7137472],[7.6193025,46.7139326],[7.6187775,46.7141257],[7.6183115,46.7143093],[7.6178569,46.7144971],[7.6174837,46.7146594],[7.6171116,46.7148265],[7.6167253,46.7150111],[7.6163462,46.7151994],[7.6159243,46.7154203],[7.615509,46.7156464],[7.6151746,46.7158375],[7.6148464,46.7160335],[7.6145198,46.7162368],[7.6141984,46.716441],[7.61384,46.7166863],[7.6134889,46.7169336],[7.6131563,46.7171788],[7.6128318,46.7174278],[7.6125102,46.7176868],[7.612196,46.7179501],[7.6116976,46.7183923],[7.611331,46.7187454],[7.6107749,46.7193221],[7.6104745,46.7196594],[7.6101828,46.7200082],[7.6097193,46.720605],[7.6094615,46.7209729],[7.6092307,46.7213218],[7.608995,46.7217093],[7.6087946,46.7220475],[7.6085002,46.7225643],[7.6082017,46.7230855],[7.6078447,46.7237082],[7.6074989,46.7242836],[7.6073188,46.7245694],[7.6071361,46.7248548],[7.6069133,46.7251932],[7.6067595,46.7254221],[7.6066003,46.7256508],[7.606222,46.726176],[7.6059598,46.7265223],[7.6057506,46.7267941],[7.6055386,46.7270659],[7.6052473,46.7274297],[7.6049522,46.727796],[7.6043808,46.7284834],[7.6038885,46.7290958],[7.6033346,46.7298354],[7.6029635,46.7303615]]}},{"type":"Feature","properties":{"highway":"motorway","lanes":"2","lit":"no","maxspeed":"120","oneway":"yes","ref":"A6","surface":"asphalt","toll":"yes","carriage_ref":"B"},"geometry":{"type":"LineString","coordinates":[[7.600727,46.7344889],[7.6007823,46.7342778],[7.600889,46.7339103],[7.6009944,46.7336126],[7.6011109,46.733316],[7.6012503,46.732998],[7.6014135,46.7326588],[7.6015852,46.7323327],[7.6017606,46.7320076],[7.6022688,46.7311458]]}},{"type":"Feature","properties":{"bridge":"yes","highway":"motorway","lanes":"2","layer":"1","lit":"no","maxspeed":"100","oneway":"yes","ref":"A6","surface":"asphalt","toll":"yes","carriage_ref":"B"},"geometry":{"type":"LineString","coordinates":[[7.4941855,46.9357011],[7.4946414,46.935531]]}},{"type":"Feature","properties":{"highway":"trunk","int_ref":"E 27","lanes":"2","lanes:backward":"1","lanes:forward":"1","maxspeed":"80","oneway":"no","ref":"A6","surface":"asphalt","toll":"no","carriage_ref":"B"},"geometry":{"type":"LineString","coordinates":[[7.2789423,47.1189054],[7.2792035,47.1187695],[7.2794904,47.1186378],[7.2797711,47.1185231],[7.2800703,47.1184185],[7.2803176,47.1183469],[7.2805821,47.1182809],[7.2808335,47.1182235],[7.2811306,47.118172],[7.2813954,47.1181307],[7.2817972,47.1180844],[7.2834633,47.1179068],[7.284905,47.1177558],[7.2853041,47.1177168],[7.2856184,47.1176919],[7.2858704,47.1176802],[7.2861281,47.1176733]]}},{"type":"Feature","properties":{"highway":"trunk","int_ref":"E 27","lanes":"3","lanes:backward":"2","lanes:forward":"1","maxspeed":"100","oneway":"no","ref":"A6","surface":"asphalt","toll":"no","turn:lanes:backward":"none|merge_to_left","carriage_ref":"B"},"geometry":{"type":"LineString","coordinates":[[7.3005522,47.0864548],[7.2997559,47.0856839]]}},{"type":"Feature","properties":{"highway":"motorway","int_ref":"E 27","lanes":"2","maxspeed":"80","oneway":"yes","ref":"A6","surface":"asphalt","toll":"no","carriage_ref":"A"},"geometry":{"type":"LineString","coordinates":[[7.4885275,47.0201755],[7.4884154,47.0204956],[7.4883558,47.0206554],[7.4882937,47.0208145],[7.4882293,47.0209705],[7.4881626,47.021127],[7.4880893,47.0212846],[7.4880099,47.0214408],[7.4879232,47.0215992],[7.487832,47.0217503],[7.4877362,47.0219014],[7.4876412,47.0220447],[7.4875407,47.0221855],[7.4874042,47.022363]]}},{"type":"Feature","properties":{"destination":"Interlaken;Thun;Bern-Ostring","highway":"motorway","lanes":"2","maxspeed":"80","oneway":"yes","ref":"A6","surface":"asphalt","toll":"yes","carriage_ref":"B"},"geometry":{"type":"LineString","coordinates":[[7.469379,46.9678755],[7.4694215,46.9677047],[7.4694846,46.9675342],[7.4695606,46.9673865],[7.4696425,46.9672521],[7.469715,46.9671523],[7.46982,46.9670211],[7.4699015,46.9669393],[7.4700372,46.9668105],[7.4701923,46.9666857],[7.4703564,46.9665683],[7.4705285,46.9664563],[7.4707039,46.9663481],[7.4710612,46.9661366],[7.4715892,46.9658237],[7.4722827,46.9654139]]}},{"type":"Feature","properties":{"highway":"motorway","lanes":"3","lit":"no","maxspeed":"120","oneway":"yes","ref":"A6","surface":"asphalt","toll":"yes","turn:lanes":"none|none|merge_to_left","carriage_ref":"A"},"geometry":{"type":"LineString","coordinates":[[7.638739,46.6989503],[7.6385646,46.6991701],[7.6383688,46.6994243],[7.6382202,46.699641],[7.6380665,46.6998757],[7.6379394,46.7000809]]}},{"type":"Feature","properties":{"highway":"motorway","lanes":"3","lit":"no","maxspeed":"120","oneway":"yes","ref":"A6","surface":"asphalt","toll":"yes","turn:lanes":"none|none|merge_to_left","carriage_ref":"B"},"geometry":{"type":"LineString","coordinates":[[7.6013833,46.7756061],[7.601127,46.7752134],[7.6008824,46.7748452],[7.6006303,46.7744799],[7.600352,46.7740928],[7.6000613,46.7737014],[7.5994729,46.7729537]]}},{"type":"Feature","properties":{"highway":"motorway","lanes":"3","lit":"no","maxspeed":"120","oneway":"yes","ref":"A6","source:maxspeed":"CH:motorway","toll":"yes","turn:lanes":"none|none|merge_to_left","carriage_ref":"A"},"geometry":{"type":"LineString","coordinates":[[7.5416938,46.8797644],[7.5416277,46.8801094],[7.541583,46.8803588],[7.5415233,46.8807486],[7.5414896,46.881008],[7.5414577,46.8812701]]}},{"type":"Feature","properties":{"highway":"motorway","lanes":"1","last":"true","lit":"no","maxspeed":"80","oneway":"yes","placement":"transition","ref":"A6","smoothness":"excellent","source":"Bing (2017-03-03)","surface":"asphalt","toll":"yes","carriage_ref":"B"},"geometry":{"type":"LineString","coordinates":[[7.6310803,46.6751166],[7.6308592,46.6750684],[7.6307239,46.6750431],[7.6305925,46.6750185],[7.6301858,46.6749598]]}},{"type":"Feature","properties":{"highway":"motorway","carriage_ref":"A"},"geometry":{"type":"LineString","coordinates":[[7.2991403,47.085091],[7.30059742391,47.08641858027],[7.30222820699,47.08799282877],[7.3049372381,47.09054951373],[7.30667530954,47.0923902509],[7.30789839685,47.09378537043],[7.30852603376,47.09449022058],[7.30917512834,47.09521697341],[7.30996369779,47.0960897941],[7.310800547,47.09704294177],[7.31114386976,47.09754689801],[7.31133162439,47.09783904438],[7.3115140146,47.0981896179],[7.3116320318,47.0984561983],[7.31174468458,47.09875929494],[7.31186270177,47.0991098624],[7.31194853246,47.09950059633],[7.31200217664,47.0998109904],[7.31203972757,47.10018346089],[7.31203436315,47.10052306407],[7.31202363431,47.10086631669],[7.31200217664,47.10107445816],[7.31194316804,47.10141770723],[7.31188415945,47.10169522614],[7.31183051527,47.10187780357],[7.31175541341,47.10212245636],[7.31164276063,47.10239266858],[7.31151937902,47.10269574281],[7.31138526857,47.10295864919],[7.31125115812,47.10317773684],[7.31105803907,47.10349541233],[7.31089710653,47.10372910344],[7.31074153841,47.10392627951],[7.31057524145,47.10411250069],[7.31039285123,47.10431697809],[7.31015145242,47.10456527103],[7.30994760454,47.10475514131],[7.30970620573,47.10496326758],[7.30951308668,47.10512757722],[7.30930387437,47.10529188635],[7.30906783998,47.10546349756],[7.30883717,47.10563145694],[7.30859040678,47.10578846196],[7.30837583005,47.10591990768],[7.30781256616,47.10623391556],[7.30734586179,47.10646759465],[7.30678796232,47.10675238965],[7.30556487501,47.10732197507],[7.3048192209,47.10769439302],[7.30425595701,47.10803029716],[7.3039555496,47.10821285288],[7.30367659986,47.10839905906],[7.30311333597,47.10879337588],[7.30283438623,47.10901243952],[7.30262713652,47.10918875838],[7.30257689416,47.10923150225],[7.30216383398,47.10959660481],[7.30188488424,47.10987043009],[7.30175077379,47.11002742261],[7.30153083265,47.11025013214],[7.30140208662,47.11039617067],[7.30120896757,47.11063713336],[7.30106412828,47.11083793478],[7.30042039812,47.11169954679],[7.30010389745,47.11213399841],[7.29977130353,47.11259035132],[7.29927241266,47.11325114342],[7.29896127641,47.11364542429],[7.29867696226,47.11395573589],[7.29843556345,47.11420033317],[7.29811906278,47.11451064153],[7.29787766397,47.11471142833],[7.29742705286,47.11506919202],[7.29716419637,47.11525537421],[7.29676722944,47.11552186916],[7.29632198274,47.11576280865],[7.29589819372,47.11598549418],[7.29543148935,47.11622643157],[7.29503988683,47.11638705589],[7.29468047082,47.11653307758],[7.29425131738,47.11669005045],[7.29378461301,47.11684702285],[7.29345738351,47.1169528877],[7.29303359449,47.11706970384],[7.29267417848,47.11715001479],[7.2922342962,47.1172376266],[7.29160665929,47.117376345],[7.29094147146,47.11750411162],[7.29044258058,47.11759537331],[7.28981494367,47.11769028529],[7.28954672277,47.11770853758],[7.28932141721,47.11772313941],[7.28912293375,47.11773044032],[7.28871523798,47.11774504213],[7.28823244035,47.11773409077],[7.28722392976,47.11773409077],[7.2866392082,47.11771583849],[7.28611885965,47.11771218804],[7.28587746084,47.11772313941],[7.28561460435,47.11773774123],[7.28530883253,47.1177559935],[7.28492795885,47.11779614847],[7.28180586755,47.118124688],[7.2814035362,47.11817579397],[7.2811353153,47.1182122982],[7.28085636556,47.11826340409],[7.28058278024,47.11832181075],[7.28034674585,47.11838386776],[7.2800946182,47.11845322551],[7.27978884637,47.11856638796],[7.27954208314,47.11867589978],[7.27924704015,47.1188000129],[7.27898954809,47.11893872723],[7.27872132719,47.119095693],[7.27853893697,47.11922345549],[7.27831363142,47.11938407077],[7.27712809503,47.12020904158],[7.27633416116,47.12068357652],[7.27613031328,47.1207711825],[7.27594255865,47.12084053714],[7.27575480402,47.12089529074],[7.27550804079,47.12097559591],[7.27534174383,47.12101939868],[7.27517544687,47.12105955119],[7.27495014131,47.12109605345],[7.27467655599,47.1211362059],[7.27445125043,47.12116175744],[7.27423130929,47.12119095919],[7.27388262212,47.12120556006],[7.27169678406,47.12129070127]]}},{"type":"Feature","properties":{"bridge":"yes","highway":"motorway","lanes":"3","layer":"1","lit":"no","maxspeed":"120","oneway":"yes","ref":"A6","source:maxspeed":"CH:motorway","surface":"asphalt","toll":"yes","turn:lanes":"none|none|slight_right","carriage_ref":"A"},"geometry":{"type":"LineString","coordinates":[[7.6017443,46.7759762],[7.602194,46.77684]]}},{"type":"Feature","properties":{"highway":"motorway","lanes":"2","lit":"no","maxspeed":"100","oneway":"yes","ref":"A6","surface":"asphalt","toll":"yes","carriage_ref":"B"},"geometry":{"type":"LineString","coordinates":[[7.504359,46.923608],[7.5049748,46.9229707]]}},{"type":"Feature","properties":{"destination":"Biel/Bienne;Münchenbuchsee","destination:ref":"E 27;6","highway":"motorway","int_ref":"E 27","lanes":"2","maxspeed":"80","oneway":"yes","ref":"A6","surface":"asphalt","toll":"no","carriage_ref":"A"},"geometry":{"type":"LineString","coordinates":[[7.489428,47.0181025],[7.4892925,47.0183359],[7.4892098,47.0184922],[7.4891427,47.0186253],[7.4890691,47.0187768],[7.4889967,47.0189309],[7.48893,47.0190847],[7.4888186,47.0193548]]}},{"type":"Feature","properties":{"highway":"motorway","lanes":"2","lit":"no","maxspeed":"120","oneway":"yes","ref":"A6","surface":"asphalt","toll":"yes","carriage_ref":"A"},"geometry":{"type":"LineString","coordinates":[[7.6024885,46.7310915],[7.601928,46.7320419],[7.601749,46.7323739],[7.6015734,46.7327066],[7.6014188,46.733037],[7.6012779,46.733352],[7.6011607,46.7336464],[7.601054,46.7339459],[7.6009495,46.7343025],[7.6008733,46.734626]]}},{"type":"Feature","properties":{"bridge":"yes","highway":"motorway","int_ref":"E 27","lanes":"2","layer":"1","maxspeed":"120","oneway":"yes","ref":"A6","surface":"asphalt","toll":"no","carriage_ref":"A"},"geometry":{"type":"LineString","coordinates":[[7.3859187,47.0471726],[7.3855529,47.0473207]]}},{"type":"Feature","properties":{"highway":"motorway","lanes":"2","maxspeed":"80","oneway":"yes","ref":"A6","surface":"asphalt","toll":"yes","carriage_ref":"A"},"geometry":{"type":"LineString","coordinates":[[7.470628,46.9705717],[7.4707082,46.9707586],[7.4707679,46.9709092],[7.4708286,46.9710671],[7.4709303,46.9713541],[7.470971,46.9715189],[7.4710097,46.9716832],[7.471044,46.9718569],[7.4710684,46.9720013],[7.4710918,46.9721692],[7.4711076,46.9723216],[7.4711154,46.9724829],[7.4711122,46.9726448],[7.4710972,46.9728096],[7.471068,46.9729789],[7.4710273,46.9731488],[7.4709799,46.9732998],[7.4709162,46.9734578],[7.4708468,46.9736067],[7.4707651,46.9737571],[7.4706237,46.9740595]]}},{"type":"Feature","properties":{"highway":"motorway","lanes":"1","lit":"no","maxspeed":"120","oneway":"yes","ref":"A6","toll":"yes","carriage_ref":"A"},"geometry":{"type":"LineString","coordinates":[[7.6311364,46.6750805],[7.6313469,46.675126],[7.6316869,46.6752047],[7.6326209,46.6754207],[7.633186,46.6755547],[7.6336686,46.6756744],[7.6341958,46.675813],[7.634693,46.6759542],[7.6349232,46.676024],[7.6353459,46.6761654],[7.6358314,46.6763337]]}},{"type":"Feature","properties":{"highway":"trunk","int_ref":"E 27","lanes":"1","maxspeed":"100","oneway":"yes","ref":"A6","surface":"asphalt","toll":"no","carriage_ref":"A"},"geometry":{"type":"LineString","coordinates":[[7.2959893,47.0825812],[7.2963648,47.0828296],[7.2967352,47.0830816],[7.2971017,47.0833366],[7.2974573,47.0835958],[7.2981789,47.0841862],[7.2991403,47.085091]]}},{"type":"Feature","properties":{"destination:int_ref":"E 27","destination:lanes":"Biel/Bienne|Biel/Bienne;Schönbühl;Einkaufszentrum","destination:ref":"A6","highway":"motorway","int_ref":"E 27","lanes":"2","maxspeed":"60","oneway":"yes","ref":"A6","surface":"asphalt","toll":"no","carriage_ref":"A"},"geometry":{"type":"LineString","coordinates":[[7.4969674,47.0100432],[7.4970431,47.0103033],[7.497061,47.0106389],[7.4970714,47.0107491],[7.4970917,47.0108942],[7.4971257,47.0110405],[7.4971689,47.0111742],[7.4972178,47.0113097],[7.4972729,47.0114281],[7.4973137,47.011503],[7.4973893,47.0116366]]}},{"type":"Feature","properties":{"highway":"motorway","lanes":"3","lit":"no","maxspeed":"100","oneway":"yes","ref":"A6","surface":"asphalt","toll":"yes","turn:lanes":"none|none|slight_right","carriage_ref":"B"},"geometry":{"type":"LineString","coordinates":[[7.5013626,46.9271482],[7.5014399,46.9270115],[7.5015229,46.9268712],[7.5015986,46.9267481],[7.5016777,46.9266237]]}},{"type":"Feature","properties":{"highway":"motorway","lanes":"2","lit":"no","maxspeed":"120","oneway":"yes","ref":"A6","toll":"yes","carriage_ref":"B"},"geometry":{"type":"LineString","coordinates":[[7.6498164,46.6911174],[7.6497537,46.6910066],[7.6496985,46.6909186],[7.6494817,46.6906347],[7.6493386,46.6904785],[7.6492021,46.6903501],[7.6490618,46.6902298],[7.6489031,46.6901069],[7.6487366,46.6899911],[7.6485807,46.6898925],[7.6483816,46.6897822],[7.6482414,46.6897096],[7.6478472,46.6895268],[7.6476508,46.6894408],[7.6470576,46.6891792],[7.6468638,46.6890842],[7.6466751,46.6889856],[7.6464957,46.6888834],[7.6463266,46.688773],[7.6461601,46.6886528],[7.6460106,46.6885298],[7.6458689,46.688397],[7.645739,46.6882605],[7.6456248,46.688123],[7.6455196,46.6879748],[7.6454249,46.6878265],[7.6453381,46.6876756],[7.6453008,46.6876072]]}},{"type":"Feature","properties":{"highway":"motorway","lanes":"2","lit":"no","maxspeed":"100","oneway":"yes","ref":"A6","surface":"asphalt","toll":"yes","carriage_ref":"B"},"geometry":{"type":"LineString","coordinates":[[7.4993124,46.9323473],[7.4994142,46.9322026]]}},{"type":"Feature","properties":{"highway":"motorway","lanes":"2","maxspeed":"80","oneway":"yes","ref":"A6","surface":"asphalt","toll":"yes","carriage_ref":"A"},"geometry":{"type":"LineString","coordinates":[[7.4699352,46.9671083],[7.4698525,46.9672172],[7.4697812,46.9673118],[7.4697089,46.9674218],[7.4696384,46.9675637],[7.4695819,46.9677186],[7.4695456,46.9678866],[7.469527,46.9680467],[7.4695219,46.9682052],[7.469527,46.9683259],[7.4695411,46.9684441]]}},{"type":"Feature","properties":{"destination":"Interlaken;Thun;Bern-Ostring","highway":"motorway","lanes":"3","maxspeed":"80","oneway":"yes","ref":"A6","surface":"asphalt","toll":"yes","turn:lanes":"none|none|merge_to_left","carriage_ref":"B"},"geometry":{"type":"LineString","coordinates":[[7.4725102,46.965277],[7.4730474,46.9649584],[7.4735315,46.9646744],[7.4736988,46.9645717],[7.4738682,46.9644669],[7.4740404,46.9643526],[7.4742,46.9642341]]}},{"type":"Feature","properties":{"highway":"motorway","int_ref":"E 27","lanes":"2","maxspeed":"100","oneway":"yes","ref":"A6","toll":"no","carriage_ref":"B"},"geometry":{"type":"LineString","coordinates":[[7.4864731,47.0231298],[7.4866505,47.0229813],[7.4867926,47.022847],[7.4869294,47.0227121],[7.4870605,47.0225732],[7.4871761,47.0224458],[7.4872982,47.0223032]]}},{"type":"Feature","properties":{"bridge":"yes","highway":"motorway","lanes":"2","layer":"1","lit":"no","maxspeed":"100","oneway":"yes","ref":"A6","surface":"asphalt","toll":"yes","carriage_ref":"B"},"geometry":{"type":"LineString","coordinates":[[7.4963305,46.9347372],[7.4964757,46.9346549],[7.49665,46.9345542],[7.4968243,46.9344491],[7.4971417,46.9342487]]}},{"type":"Feature","properties":{"highway":"motorway","lanes":"3","lit":"no","maxspeed":"120","oneway":"yes","ref":"A6","source:maxspeed":"CH:motorway","toll":"yes","turn:lanes":"none|none|merge_to_left","carriage_ref":"A"},"geometry":{"type":"LineString","coordinates":[[7.5790995,46.8107153],[7.5788587,46.8109439],[7.5787364,46.8110544],[7.5786071,46.8111636],[7.578463,46.8112785],[7.5782966,46.8114029],[7.5781464,46.8115123],[7.5780212,46.8116009],[7.5777493,46.8117836]]}},{"type":"Feature","properties":{"highway":"motorway","int_ref":"E 27","lanes":"2","maxspeed":"120","oneway":"yes","ref":"A6","surface":"asphalt","toll":"no","carriage_ref":"A"},"geometry":{"type":"LineString","coordinates":[[7.3018371,47.0586849],[7.3014243,47.0588478],[7.3012093,47.0589377],[7.3010217,47.0590263],[7.3008365,47.0591106],[7.3006329,47.0592139],[7.3003095,47.0593839],[7.29997,47.0595701],[7.2996252,47.0597632],[7.299117,47.060041],[7.2986012,47.0603076]]}},{"type":"Feature","properties":{"highway":"motorway","int_ref":"E 25;E 27","lanes":"3","maxspeed":"100","oneway":"yes","ref":"A1;A6","surface":"asphalt","toll":"yes","carriage_ref":"B"},"geometry":{"type":"LineString","coordinates":[[7.4733584,46.98889],[7.4731421,46.9888165],[7.4729371,46.988745],[7.4727369,46.9886722],[7.4724975,46.9885819],[7.4722583,46.9884867],[7.4719796,46.9883703],[7.4717097,46.9882515]]}},{"type":"Feature","properties":{"avz":"104","cs_dir:forward":"1","highway":"motorway","lanes":"2","lit":"no","maxspeed":"120","oneway":"yes","ref":"A6","ssvz":"946N","surface":"asphalt","toll":"yes","carriage_ref":"B"},"geometry":{"type":"LineString","coordinates":[[7.5061022,46.9217932],[7.5071322,46.9207113],[7.5072802,46.9205546],[7.5081977,46.9195824],[7.5093404,46.9183547],[7.509847,46.9178044]]}},{"type":"Feature","properties":{"highway":"motorway","int_ref":"E 27","lanes":"3","maxspeed":"120","oneway":"yes","ref":"A6","surface":"asphalt","toll":"no","turn:lanes":"none|none|slight_right","carriage_ref":"A"},"geometry":{"type":"LineString","coordinates":[[7.3032328,47.0582837],[7.303,47.0583358],[7.302788,47.0583894],[7.3025848,47.0584442],[7.3023801,47.0585035],[7.3021782,47.0585688],[7.3019864,47.0586333],[7.3018371,47.0586849]]}},{"type":"Feature","properties":{"bridge":"yes","highway":"motorway","lanes":"2","layer":"1","lit":"no","maxspeed":"80","oneway":"yes","ref":"A6","toll":"yes","carriage_ref":"B"},"geometry":{"type":"LineString","coordinates":[[7.6367273,46.6768344],[7.6366512,46.6767946],[7.636632,46.6767853],[7.6365286,46.6767353]]}},{"type":"Feature","properties":{"bridge":"yes","highway":"motorway","int_ref":"E 27","lanes":"2","layer":"1","maxspeed":"100","oneway":"yes","ref":"A6","toll":"no","carriage_ref":"B"},"geometry":{"type":"LineString","coordinates":[[7.4861476,47.0233975],[7.4864731,47.0231298]]}},{"type":"Feature","properties":{"highway":"motorway","int_ref":"E 25;E 27","lanes":"4","maxspeed":"100","oneway":"yes","ref":"A1;A6","surface":"asphalt","toll":"yes","turn:lanes":"none|none|none|merge_to_left","carriage_ref":"B"},"geometry":{"type":"LineString","coordinates":[[7.4754178,46.9895098],[7.4750247,46.9893986],[7.4745198,46.9892528],[7.4740359,46.9891082],[7.4737272,46.9890094]]}},{"type":"Feature","properties":{"highway":"motorway","lanes":"2","lit":"no","maxspeed":"120","oneway":"yes","ref":"A6","surface":"asphalt","toll":"yes","carriage_ref":"B"},"geometry":{"type":"LineString","coordinates":[[7.5993102,46.772759],[7.5991087,46.7725087]]}},{"type":"Feature","properties":{"highway":"motorway","int_ref":"E 27","lanes":"2","maxspeed":"120","oneway":"yes","ref":"A6","toll":"no","carriage_ref":"B"},"geometry":{"type":"LineString","coordinates":[[7.3858405,47.0470779],[7.3864412,47.0468257],[7.3870365,47.0465695],[7.3876294,47.0463113],[7.3882273,47.0460574],[7.388614,47.0458783],[7.3890244,47.0457055],[7.3894254,47.0455379],[7.3898331,47.0453734],[7.3902504,47.0452117],[7.3906816,47.0450501],[7.3910942,47.0449013],[7.3915099,47.0447578],[7.3919289,47.0446199],[7.3923518,47.0444855],[7.3927814,47.044356],[7.3932273,47.044232],[7.3936694,47.0441101],[7.3940858,47.0439984],[7.3945053,47.043894],[7.3949444,47.0437921],[7.395397,47.0436923],[7.3958501,47.0435922],[7.3963015,47.043501],[7.3967687,47.0434099],[7.3972167,47.0433278],[7.3976666,47.0432449],[7.3981872,47.0431542],[7.3987057,47.0430717],[7.3996068,47.0429299],[7.400548,47.0427941],[7.4014863,47.0426638],[7.4033497,47.0424274],[7.4051873,47.0421914],[7.4070643,47.0419568],[7.4079986,47.0418388],[7.408936,47.0417255],[7.4098643,47.0416064],[7.4107945,47.0414903],[7.4117396,47.0413703],[7.4126858,47.0412534],[7.4133513,47.0411617],[7.4140198,47.0410737],[7.4149435,47.0409466],[7.4158633,47.0408172],[7.4167723,47.0406803],[7.4171616,47.0406238],[7.4175479,47.040562],[7.4186728,47.0403855],[7.4197946,47.040203],[7.4202474,47.0401281],[7.4206985,47.0400495],[7.4215962,47.0398887],[7.4226155,47.0396972],[7.4236327,47.0395031],[7.4245441,47.0393145],[7.4249967,47.0392191],[7.4254459,47.0391213],[7.4263313,47.0389233],[7.4267745,47.0388215],[7.4272161,47.0387165],[7.4281002,47.0385039],[7.4289812,47.0382799],[7.4298617,47.0380568],[7.4307342,47.0378264],[7.4316071,47.0375842],[7.4320494,47.0374626],[7.4324866,47.0373391],[7.4333495,47.0370963],[7.4337665,47.0369803],[7.4341693,47.0368608]]}},{"type":"Feature","properties":{"bridge":"yes","highway":"motorway","lanes":"2","layer":"1","lit":"no","maxspeed":"120","oneway":"yes","ref":"A6","surface":"asphalt","toll":"yes","carriage_ref":"A"},"geometry":{"type":"LineString","coordinates":[[7.6010858,46.7382656],[7.6011235,46.7383726]]}},{"type":"Feature","properties":{"highway":"motorway","int_ref":"E 27","lanes":"2","maxspeed":"120","oneway":"yes","ref":"A6","surface":"asphalt","toll":"no","carriage_ref":"B"},"geometry":{"type":"LineString","coordinates":[[7.2904438,47.0629303],[7.2907453,47.0628478],[7.2910519,47.0627631],[7.2916424,47.0626076],[7.2922431,47.0624452],[7.2932565,47.0621648]]}},{"type":"Feature","properties":{"bridge":"yes","highway":"motorway","int_ref":"E 25;E 27","lanes":"4","layer":"3","maxspeed":"80","oneway":"yes","ref":"A1;A6","surface":"asphalt","toll":"yes","turn:lanes":"merge_to_right|none|none|none","carriage_ref":"A"},"geometry":{"type":"LineString","coordinates":[[7.4685382,46.9771003],[7.4683239,46.9774323],[7.4681325,46.9777682],[7.467951,46.9780798]]}},{"type":"Feature","properties":{"bridge":"yes","highway":"motorway","int_ref":"E 27","lanes":"2","layer":"1","maxspeed":"120","oneway":"yes","ref":"A6","surface":"asphalt","toll":"no","carriage_ref":"A"},"geometry":{"type":"LineString","coordinates":[[7.4866798,47.0231187],[7.4864062,47.0233538]]}},{"type":"Feature","properties":{"bridge":"yes","highway":"motorway","lanes":"2","layer":"2","lit":"no","maxspeed":"120","oneway":"yes","ref":"A6","toll":"yes","carriage_ref":"B"},"geometry":{"type":"LineString","coordinates":[[7.6453008,46.6876072],[7.6452314,46.6874797],[7.6450946,46.6872234],[7.645011,46.6870671],[7.6448312,46.6867304]]}},{"type":"Feature","properties":{"highway":"motorway","int_ref":"E 27","lanes":"3","maxspeed":"80","oneway":"yes","ref":"A6","surface":"asphalt","carriage_ref":"B"},"geometry":{"type":"LineString","coordinates":[[7.2677101,47.1213564],[7.2680558,47.1213415],[7.2682983,47.1213375]]}},{"type":"Feature","properties":{"highway":"motorway","lanes":"1","last":"true","maxspeed":"80","oneway":"yes","ref":"A6","surface":"asphalt","carriage_ref":"A"},"geometry":{"type":"LineString","coordinates":[[7.26005758452,47.12294024127],[7.25913720409,47.12313934633]]}},{"type":"Feature","properties":{"highway":"motorway","lanes":"2","lit":"no","maxspeed":"120","oneway":"yes","ref":"A6","source:maxspeed":"CH:motorway","toll":"yes","carriage_ref":"A"},"geometry":{"type":"LineString","coordinates":[[7.5409471,46.8871663],[7.5409023,46.887351],[7.5408688,46.88748],[7.5408331,46.8876085],[7.5407724,46.8878174],[7.5407186,46.8879812],[7.540669,46.8881275],[7.5406135,46.88828],[7.5405524,46.888439],[7.5404878,46.888596],[7.5404177,46.8887565],[7.5403505,46.8888991],[7.5402739,46.8890531],[7.5401921,46.8892124],[7.54011,46.8893602],[7.5400236,46.8895097],[7.5399323,46.8896615],[7.5398338,46.8898187],[7.5396371,46.8901011],[7.5395293,46.8902466],[7.5394191,46.8903898],[7.5393058,46.890531],[7.5391897,46.8906682],[7.5390748,46.8908009],[7.5389513,46.890938],[7.5388209,46.8910765],[7.5386912,46.8912104],[7.538557,46.8913436],[7.5384182,46.8914782],[7.5382787,46.8916103],[7.5379968,46.8918692]]}},{"type":"Feature","properties":{"highway":"trunk","int_ref":"E 27","lanes":"2","maxspeed":"80","oneway":"no","ref":"A6","surface":"asphalt","toll":"no","carriage_ref":"B"},"geometry":{"type":"LineString","coordinates":[[7.3010055,47.1108184],[7.3011534,47.110623],[7.3013425,47.1103827],[7.3014698,47.1102329]]}},{"type":"Feature","properties":{"highway":"motorway","lanes":"2","lit":"no","maxspeed":"100","oneway":"yes","ref":"A6","toll":"yes","carriage_ref":"A"},"geometry":{"type":"LineString","coordinates":[[7.6454361,46.6876253],[7.6454544,46.6876583],[7.6455425,46.6878101],[7.6456398,46.687962],[7.6457463,46.6881066],[7.6458631,46.6882449],[7.6459957,46.6883814],[7.6461387,46.6885116],[7.6462947,46.6886364],[7.6464612,46.6887521],[7.6466381,46.6888615],[7.6468241,46.6889637],[7.6470153,46.6890614],[7.6472144,46.6891573],[7.6478115,46.689418],[7.6480328,46.6895157],[7.648207,46.6895945],[7.648406,46.6896904]]}},{"type":"Feature","properties":{"avz":"95","cs_dir:forward":"2","highway":"motorway","lanes":"2","lit":"no","maxspeed":"100","oneway":"yes","overtaking:hgv":"no","ref":"A6","ssvz":"948N","surface":"asphalt","toll":"yes","carriage_ref":"A"},"geometry":{"type":"LineString","coordinates":[[7.6028703,46.7464737],[7.6028051,46.7469362],[7.6027462,46.7472829],[7.6026808,46.7476295],[7.6026092,46.7479715],[7.6025323,46.7483123],[7.6024729,46.748552],[7.6024118,46.748792],[7.6023119,46.74916],[7.6022053,46.7495265],[7.6021214,46.7497917],[7.6020012,46.7501586],[7.6018769,46.7505261]]}},{"type":"Feature","properties":{"highway":"motorway","lanes":"2","lit":"no","maxspeed":"120","oneway":"yes","ref":"A6","source:maxspeed":"CH:motorway","surface":"asphalt","toll":"yes","carriage_ref":"A"},"geometry":{"type":"LineString","coordinates":[[7.5802558,46.8044515],[7.5802405,46.8046334],[7.5802236,46.8048362],[7.5802174,46.8050633],[7.580227,46.8052938],[7.5802324,46.8054327],[7.5802399,46.8055563],[7.5802519,46.8056911],[7.5802687,46.8058269],[7.5802937,46.8060593],[7.5803254,46.8062912],[7.5803909,46.8068236],[7.5804078,46.8069788]]}},{"type":"Feature","properties":{"destination":"Zweisimmen;Wimmis","highway":"motorway","lanes":"1","lit":"no","maxspeed":"60","oneway":"yes","ref":"A6","toll":"yes","carriage_ref":"B"},"geometry":{"type":"LineString","coordinates":[[7.647723,46.6944775],[7.6485006,46.6943078],[7.6487275,46.6942688],[7.6489197,46.6942203],[7.6490529,46.6941786],[7.6492226,46.694112],[7.6493482,46.6940504],[7.6494195,46.6940095],[7.6495089,46.6939484],[7.6496217,46.6938645],[7.649737,46.6937591],[7.6498365,46.6936528],[7.6498901,46.6935838],[7.6499854,46.6934278],[7.6500321,46.6933351],[7.6500645,46.6932649],[7.6501149,46.693119],[7.6501625,46.6929057],[7.6501825,46.6926745],[7.650186,46.6925693]]}},{"type":"Feature","properties":{"bridge":"yes","highway":"motorway","lanes":"2","layer":"1","maxspeed":"80","oneway":"yes","ref":"A6","surface":"asphalt","toll":"yes","carriage_ref":"B"},"geometry":{"type":"LineString","coordinates":[[7.4705326,46.970678],[7.4704045,46.9703898],[7.470283,46.9701453],[7.4701374,46.9698734]]}},{"type":"Feature","properties":{"destination:forward":"Lyss - Nord","highway":"trunk","int_ref":"E 27","lanes":"2","lanes:backward":"1","lanes:forward":"1","maxspeed":"80","oneway":"no","ref":"A6","surface":"asphalt","toll":"no","carriage_ref":"B"},"geometry":{"type":"LineString","coordinates":[[7.3000421,47.1121197],[7.3003675,47.1116801],[7.3010055,47.1108184]]}},{"type":"Feature","properties":{"highway":"motorway","lanes":"2","maxspeed":"80","oneway":"yes","ref":"A6","surface":"asphalt","toll":"yes","carriage_ref":"B"},"geometry":{"type":"LineString","coordinates":[[7.4701374,46.9698734],[7.4700381,46.9697006],[7.4699568,46.969568],[7.4698731,46.9694349],[7.4697755,46.9692871],[7.4696819,46.9691448]]}},{"type":"Feature","properties":{"highway":"motorway","lanes":"3","lit":"no","maxspeed":"120","oneway":"yes","ref":"A6","surface":"asphalt","toll":"yes","turn:lanes":"none|none|merge_to_left","carriage_ref":"B"},"geometry":{"type":"LineString","coordinates":[[7.5800927,46.8088652],[7.5801242,46.8087677],[7.5801385,46.8087158],[7.5801735,46.8085815],[7.5802038,46.808447],[7.5802302,46.8083059],[7.5802495,46.8081754],[7.5802686,46.8080362],[7.5802764,46.8079476],[7.5802805,46.807854],[7.5802816,46.8076375]]}},{"type":"Feature","properties":{"bridge":"yes","highway":"motorway","lanes":"2","layer":"1","lit":"no","maxspeed":"100","oneway":"yes","ref":"A6","toll":"yes","carriage_ref":"A"},"geometry":{"type":"LineString","coordinates":[[7.497229,46.9343115],[7.4969128,46.934511],[7.496736,46.9346169],[7.4965549,46.9347222],[7.4964092,46.9348043]]}},{"type":"Feature","properties":{"highway":"motorway","lanes":"2","maxspeed":"80","oneway":"yes","ref":"A6","surface":"asphalt","toll":"yes","carriage_ref":"B"},"geometry":{"type":"LineString","coordinates":[[7.4754025,46.9401153],[7.4755997,46.9399359],[7.4757966,46.9397648],[7.4759541,46.9396344],[7.4761126,46.9395095],[7.4762631,46.9393966],[7.4764224,46.9392835],[7.476604,46.9391603],[7.4767595,46.9390581],[7.4769439,46.9389444],[7.4771233,46.9388395],[7.4772937,46.9387448],[7.4775003,46.9386358],[7.4777015,46.9385356],[7.4778822,46.9384504],[7.4780838,46.93836],[7.4782774,46.9382782],[7.47848,46.9381967],[7.4786894,46.9381184],[7.4788739,46.9380526],[7.4790916,46.9379797],[7.4793198,46.9379088],[7.4795445,46.9378432],[7.4797534,46.9377873],[7.4799839,46.9377291],[7.4802003,46.9376793],[7.4804261,46.9376309],[7.4806425,46.9375898],[7.4808727,46.9375483],[7.4810873,46.9375141],[7.481315,46.9374806],[7.4815461,46.937449],[7.4817737,46.9374203],[7.4820011,46.9373935],[7.4822269,46.9373692],[7.4824529,46.9373455],[7.4826835,46.9373228],[7.4829153,46.937301],[7.4833744,46.9372591],[7.4838302,46.9372177],[7.4847564,46.9371328],[7.4856655,46.9370504],[7.4861293,46.937008]]}},{"type":"Feature","properties":{"highway":"motorway","lanes":"2","maxspeed":"80","oneway":"yes","ref":"A6","surface":"asphalt","carriage_ref":"A"},"geometry":{"type":"LineString","coordinates":[[7.26124878148,47.12269908554],[7.26079628333,47.12279273701],[7.26026164219,47.12290329021],[7.26005758452,47.12294024127]]}},{"type":"Feature","properties":{"highway":"motorway","lanes":"2","lit":"no","maxspeed":"120","oneway":"yes","ref":"A6","source:maxspeed":"CH:motorway","surface":"asphalt","toll":"yes","carriage_ref":"A"},"geometry":{"type":"LineString","coordinates":[[7.5992509,46.7724622],[7.5994169,46.7726697]]}},{"type":"Feature","properties":{"destination:lanes":"Lausanne;Neuchâtel;Biel/Bienne;Nidau|Lausanne;Neuchâtel;Biel/Bienne;Nidau|Zürich;Delémont;Solothurn;Orpund","highway":"motorway","int_ref":"E 27","lanes":"3","maxspeed":"80","oneway":"yes","ref":"A6","surface":"asphalt","carriage_ref":"A"},"geometry":{"type":"LineString","coordinates":[[7.2650421828,47.12189214454],[7.26391390979,47.12214868734]]}},{"type":"Feature","properties":{"highway":"motorway","lanes":"3","maxspeed":"80","oneway":"yes","ref":"A6","surface":"asphalt","toll":"yes","turn:lanes":"none|none|slight_right","carriage_ref":"B"},"geometry":{"type":"LineString","coordinates":[[7.4731149,46.9483224],[7.4730871,46.9481888],[7.4730515,46.9480549],[7.4729874,46.9478505],[7.472912,46.94765],[7.4728313,46.9474525],[7.4727517,46.9472645]]}},{"type":"Feature","properties":{"bridge":"yes","highway":"motorway","lanes":"2","layer":"2","lit":"no","maxspeed":"120","oneway":"yes","ref":"A6","source:maxspeed":"CH:motorway","surface":"asphalt","toll":"yes","carriage_ref":"A"},"geometry":{"type":"LineString","coordinates":[[7.5802628,46.8043819],[7.5802558,46.8044515]]}},{"type":"Feature","properties":{"destination":"Biel-Bienne","highway":"motorway","int_ref":"E 27","lanes":"1","maxspeed":"120","oneway":"yes","ref":"A6","surface":"asphalt","toll":"no","carriage_ref":"A"},"geometry":{"type":"LineString","coordinates":[[7.2909368,47.0784276],[7.2911492,47.0786948],[7.2913865,47.0789463],[7.2916349,47.0791946],[7.2918943,47.0794399],[7.2921482,47.0796887],[7.2924296,47.0799496],[7.2926238,47.0801212],[7.2928252,47.0802962],[7.2931072,47.0805339],[7.2932491,47.0806477],[7.2933926,47.0807609],[7.2935402,47.0808729],[7.2936898,47.080983],[7.2939946,47.0812044],[7.2943014,47.0814254],[7.2949656,47.0818937],[7.2957523,47.0824248]]}},{"type":"Feature","properties":{"highway":"motorway","int_ref":"E 25;E 27","lanes":"3","maxspeed":"100","oneway":"yes","ref":"A1;A6","surface":"asphalt","toll":"yes","carriage_ref":"B"},"geometry":{"type":"LineString","coordinates":[[7.471522,46.9881641],[7.4712373,46.988025],[7.4710619,46.9879337],[7.4708859,46.9878408],[7.4707253,46.9877509],[7.4705746,46.9876628],[7.4704273,46.9875764],[7.470285,46.9874864],[7.4700595,46.9873429],[7.4698378,46.9871934],[7.469621,46.987037],[7.4694219,46.9868862],[7.4692758,46.9867712],[7.469149,46.9866669],[7.4689906,46.986532],[7.4688404,46.9863984],[7.4687118,46.9862801],[7.4685801,46.9861519],[7.4684372,46.9860069],[7.4682983,46.9858591],[7.4681735,46.9857207],[7.4680562,46.9855819]]}},{"type":"Feature","properties":{"highway":"motorway","int_ref":"E 27","lanes":"2","maxspeed":"120","oneway":"yes","ref":"A6","surface":"asphalt","toll":"no","carriage_ref":"B"},"geometry":{"type":"LineString","coordinates":[[7.2956647,47.0825337],[7.295246,47.0822534],[7.2948312,47.0819717],[7.2944875,47.0817317],[7.2941789,47.0815118],[7.2938768,47.081287],[7.2935807,47.0810595],[7.2934321,47.0809434],[7.2932865,47.0808261],[7.2931423,47.0807076],[7.2929995,47.0805887],[7.2927156,47.0803486],[7.2925126,47.0801716],[7.2923187,47.0799992],[7.2920369,47.0797468],[7.2917704,47.0795035],[7.2915196,47.0792662]]}},{"type":"Feature","properties":{"avz":"104","cs_dir:forward":"2","highway":"motorway","lanes":"3","lit":"no","maxspeed":"120","oneway":"yes","ref":"A6","ssvz":"946N","toll":"yes","turn:lanes":"none|none|slight_right","carriage_ref":"A"},"geometry":{"type":"LineString","coordinates":[[7.5080468,46.9199416],[7.5072586,46.9207712],[7.5063089,46.9217599]]}},{"type":"Feature","properties":{"bridge":"yes","highway":"motorway","int_ref":"E 27","lanes":"3","layer":"1","maxspeed":"120","oneway":"yes","ref":"A6","surface":"asphalt","toll":"no","turn:lanes":"none|none|slight_right","carriage_ref":"B"},"geometry":{"type":"LineString","coordinates":[[7.2932565,47.0621648],[7.2937622,47.0620202]]}},{"type":"Feature","properties":{"highway":"motorway","lanes":"2","lit":"no","maxspeed":"120","oneway":"yes","ref":"A6","surface":"asphalt","toll":"yes","carriage_ref":"B"},"geometry":{"type":"LineString","coordinates":[[7.6029902,46.730056],[7.6031842,46.7297813],[7.6037345,46.7290444],[7.6042375,46.7284143],[7.6048046,46.7277329],[7.6051,46.7273673],[7.6053926,46.7270012],[7.6056011,46.7267331],[7.6058081,46.726465],[7.606066,46.726122],[7.6064452,46.7255929],[7.6066007,46.7253692],[7.6067519,46.725145],[7.6069821,46.7247955],[7.6071649,46.7245101],[7.6073446,46.7242242],[7.607689,46.723646],[7.6080377,46.7230405],[7.6083363,46.7225171],[7.6086294,46.722008],[7.6088297,46.7216646],[7.6090723,46.7212758],[7.6093037,46.7209224],[7.6095663,46.7205477],[7.6100276,46.7199528],[7.6103299,46.7195959],[7.6106281,46.7192602],[7.6111961,46.7186709],[7.6115659,46.7183195],[7.612066,46.7178714],[7.6123871,46.7176041],[7.6127138,46.7173385],[7.6130376,46.7170901],[7.613369,46.7168456],[7.6137212,46.7165984],[7.6140816,46.7163545],[7.6144028,46.7161483],[7.614731,46.7159442],[7.6150673,46.7157444],[7.6154083,46.7155471],[7.6158257,46.7153217],[7.6162494,46.7151019],[7.6166284,46.7149125],[7.6170148,46.7147269],[7.6173905,46.714558],[7.6177724,46.7143917],[7.6182337,46.7142013],[7.6187064,46.7140156],[7.6192231,46.7138261],[7.619748,46.7136431],[7.6202695,46.7134753],[7.6208009,46.7133147],[7.6212424,46.7131896],[7.6216905,46.713071],[7.6221742,46.7129512],[7.622662,46.712837],[7.6233144,46.7127013],[7.6239681,46.7125766],[7.6253135,46.7123395],[7.6257928,46.7122514],[7.6262694,46.7121597],[7.626657,46.7120795],[7.6270385,46.7119943],[7.6273947,46.7119058],[7.6277677,46.7118055],[7.6281362,46.7116955],[7.6284918,46.711579],[7.6288455,46.7114556],[7.6291845,46.7113255],[7.6295184,46.7111865],[7.6298501,46.7110401],[7.6301736,46.7108856],[7.6304907,46.7107236],[7.6308121,46.7105469],[7.6311467,46.7103493],[7.6315059,46.7101302]]}},{"type":"Feature","properties":{"highway":"motorway","lanes":"2","lit":"no","maxspeed":"120","oneway":"yes","ref":"A6","surface":"asphalt","toll":"yes","carriage_ref":"B"},"geometry":{"type":"LineString","coordinates":[[7.5787303,46.8108778],[7.5789688,46.8106478],[7.5790701,46.8105421],[7.5791666,46.8104347],[7.5792572,46.810326],[7.5793454,46.8102166],[7.5794341,46.810102],[7.5795189,46.8099859],[7.5796054,46.8098568],[7.5796913,46.8097171],[7.5798104,46.8095038],[7.5799116,46.809293]]}},{"type":"Feature","properties":{"highway":"motorway","lanes":"2","lit":"no","maxspeed":"100","oneway":"yes","ref":"A6","toll":"yes","carriage_ref":"A"},"geometry":{"type":"LineString","coordinates":[[7.5009453,46.9283819],[7.5008361,46.9286954],[7.5007261,46.9290256],[7.5006322,46.9293199],[7.5002345,46.9305667],[7.5000412,46.9311681],[7.4999855,46.9313292],[7.4999264,46.931483],[7.4998611,46.9316378],[7.4997887,46.9317937],[7.4997073,46.931947],[7.4996179,46.9320968],[7.4995314,46.9322314]]}},{"type":"Feature","properties":{"highway":"motorway","lanes":"2","maxspeed":"80","oneway":"yes","ref":"A6","surface":"asphalt","toll":"yes","carriage_ref":"B"},"geometry":{"type":"LineString","coordinates":[[7.4750045,46.9630689],[7.4750398,46.9629035],[7.4750573,46.9627312],[7.4750587,46.9625949],[7.4750492,46.9624703],[7.4750354,46.9623646],[7.4750075,46.9622375],[7.4749659,46.9620959],[7.4749183,46.9619701],[7.474843,46.9618131],[7.4747544,46.9616639],[7.474674,46.9615483],[7.4745776,46.9614259],[7.4744723,46.9613097],[7.4743576,46.9611979],[7.4742382,46.961093],[7.474105,46.9609895],[7.4739909,46.9609071],[7.4738461,46.9608094],[7.4737035,46.960719],[7.4735431,46.96062],[7.4730812,46.9603375],[7.4725994,46.9600426],[7.4721121,46.9597449]]}},{"type":"Feature","properties":{"highway":"motorway","int_ref":"E 27","lanes":"2","maxspeed":"50","oneway":"yes","ref":"A6","surface":"asphalt","toll":"no","carriage_ref":"A"},"geometry":{"type":"LineString","coordinates":[[7.4973893,47.0116366],[7.4974972,47.0118033],[7.4975929,47.0119635],[7.4976573,47.0120828],[7.4977037,47.0121902],[7.4977253,47.0122809],[7.4977317,47.0123633],[7.4977279,47.012469],[7.4977163,47.0125329],[7.4976909,47.0126133],[7.4976534,47.0126993],[7.4975948,47.012796],[7.4975305,47.0128733],[7.4974544,47.0129505],[7.4973838,47.0130082],[7.4973576,47.0130287],[7.4972647,47.0130878],[7.49715,47.0131513],[7.4970248,47.0132082],[7.4968967,47.0132569],[7.4967694,47.0132995]]}},{"type":"Feature","properties":{"destination":"Bern;Thun-Süd","highway":"motorway","lanes":"1","maxspeed":"80","oneway":"yes","ref":"A6","toll":"yes","carriage_ref":"A"},"geometry":{"type":"LineString","coordinates":[[7.649775,46.6908106],[7.6500042,46.691214],[7.6502098,46.6916319],[7.650351,46.6919744],[7.6504303,46.6921919],[7.6504753,46.6923313],[7.6505216,46.6924814],[7.6505587,46.6926037],[7.650708,46.6931677]]}},{"type":"Feature","properties":{"highway":"motorway","lanes":"2","lit":"no","maxspeed":"120","oneway":"yes","ref":"A6","surface":"asphalt","toll":"yes","carriage_ref":"A"},"geometry":{"type":"LineString","coordinates":[[7.6007429,46.7355304],[7.6007279,46.7357398],[7.6007173,46.7360779],[7.6007294,46.7364056],[7.6007661,46.7367846],[7.6008132,46.7371328],[7.6008657,46.7374227],[7.6009253,46.737696],[7.600984,46.7379153],[7.6010392,46.7381131]]}},{"type":"Feature","properties":{"avz":"42","cs_dir:forward":"2","highway":"motorway","lanes":"4","maxspeed":"80","oneway":"yes","ref":"A6","ssvz":"947N","surface":"asphalt","toll":"yes","turn:lanes":"none|none|slight_right|slight_right","carriage_ref":"A"},"geometry":{"type":"LineString","coordinates":[[7.4723579,46.9597801],[7.4726813,46.9599776]]}},{"type":"Feature","properties":{"highway":"motorway","int_ref":"E 27","lanes":"3","maxspeed":"80","oneway":"yes","ref":"A6","surface":"asphalt","toll":"no","turn:lanes":"none|none|merge_to_left","carriage_ref":"A"},"geometry":{"type":"LineString","coordinates":[[7.4888186,47.0193548],[7.4885275,47.0201755]]}},{"type":"Feature","properties":{"bridge":"yes","highway":"motorway","int_ref":"E 25;E 27","lanes":"3","layer":"1","maxspeed":"100","oneway":"yes","ref":"A1;A6","surface":"asphalt","toll":"yes","carriage_ref":"A"},"geometry":{"type":"LineString","coordinates":[[7.4716286,46.9880559],[7.4718221,46.9881446]]}},{"type":"Feature","properties":{"highway":"motorway","int_ref":"E 27","lanes":"2","maxspeed":"80","oneway":"yes","ref":"A6","surface":"asphalt","turn:lanes":"merge_to_right|none","carriage_ref":"B"},"geometry":{"type":"LineString","coordinates":[[7.269449,47.1213187],[7.27159486012,47.12123229786],[7.27168069081,47.12122864765]]}},{"type":"Feature","properties":{"highway":"motorway","int_ref":"E 27","lanes":"3","maxspeed":"120","oneway":"yes","ref":"A6","surface":"asphalt","toll":"no","turn:lanes":"||merge_to_left","carriage_ref":"B"},"geometry":{"type":"LineString","coordinates":[[7.2976478,47.0606381],[7.29789,47.0605279],[7.2981139,47.0604191],[7.2984832,47.0602372],[7.298679,47.0601363],[7.2989,47.0600196],[7.299119,47.0599064],[7.2993081,47.0597976],[7.2995217,47.0596812]]}},{"type":"Feature","properties":{"highway":"motorway","lanes":"3","lit":"no","maxspeed":"120","oneway":"yes","ref":"A6","surface":"asphalt","toll":"yes","turn:lanes":"none|none|slight_right","carriage_ref":"B"},"geometry":{"type":"LineString","coordinates":[[7.5780502,46.8114185],[7.5781908,46.8113162],[7.5783475,46.8111979],[7.5784799,46.811094],[7.5786083,46.8109857],[7.5787303,46.8108778]]}},{"type":"Feature","properties":{"highway":"motorway","lanes":"2","lit":"no","maxspeed":"120","oneway":"yes","ref":"A6","surface":"asphalt","toll":"yes","carriage_ref":"B"},"geometry":{"type":"LineString","coordinates":[[7.6022816,46.7487736],[7.6023417,46.7485361],[7.6023975,46.7482985],[7.6024698,46.7479555],[7.6025327,46.747615],[7.602593,46.747274],[7.602646,46.7469332],[7.6027104,46.7464604],[7.6027597,46.7459878]]}},{"type":"Feature","properties":{"highway":"motorway","lanes":"3","lit":"no","maxspeed":"120","oneway":"yes","ref":"A6","surface":"asphalt","toll":"yes","turn:lanes":"through|through|slight_right","carriage_ref":"A"},"geometry":{"type":"LineString","coordinates":[[7.6025536,46.7415815],[7.6026643,46.7419401],[7.6027452,46.7422511]]}},{"type":"Feature","properties":{"destination":"Interlaken;Thun;Bern-Ostring","highway":"motorway","lanes":"2","maxspeed":"80","oneway":"yes","ref":"A6","surface":"asphalt","toll":"yes","carriage_ref":"B"},"geometry":{"type":"LineString","coordinates":[[7.4742,46.9642341],[7.4743496,46.9641064],[7.4744893,46.9639698],[7.4746088,46.9638334],[7.4747181,46.9636883]]}},{"type":"Feature","properties":{"highway":"motorway","lanes":"2","lit":"no","maxspeed":"120","oneway":"yes","ref":"A6","toll":"yes","carriage_ref":"A"},"geometry":{"type":"LineString","coordinates":[[7.5101589,46.9176741],[7.509986,46.917863]]}},{"type":"Feature","properties":{"highway":"motorway","int_ref":"E 25;E 27","lanes":"3","maxspeed":"100","oneway":"yes","ref":"A1;A6","surface":"asphalt","toll":"yes","carriage_ref":"B"},"geometry":{"type":"LineString","coordinates":[[7.4737272,46.9890094],[7.4733584,46.98889]]}},{"type":"Feature","properties":{"avz":"56","cs_dir:forward":"2","highway":"motorway","int_ref":"E 25;E 27","lanes":"3","maxspeed":"100","oneway":"yes","ref":"A1;A6","ssvz":"944N","surface":"asphalt","toll":"yes","carriage_ref":"B"},"geometry":{"type":"LineString","coordinates":[[7.4967998,47.0102254],[7.4967816,47.0100576],[7.49676,47.0099029],[7.4967312,47.0097415],[7.4966968,47.0095795],[7.4966583,47.0094269],[7.4966125,47.0092666],[7.4965588,47.0090959],[7.4965011,47.0089316],[7.4964346,47.0087645],[7.496308,47.008469],[7.4961655,47.0081738],[7.4960103,47.0078886],[7.4959038,47.0077072],[7.4957933,47.0075262],[7.4955975,47.0072276],[7.49538,47.0069195],[7.4951826,47.0066541],[7.4949612,47.0063691],[7.4946565,47.0060005],[7.494343,47.005632],[7.4939713,47.0052124],[7.4935719,47.0047737],[7.4919853,47.0030427],[7.4911167,47.0020944],[7.4902298,47.001138],[7.4897648,47.0006531],[7.4892989,47.0001785],[7.4883538,46.9992569],[7.4879871,46.9989102],[7.4873567,46.998331]]}},{"type":"Feature","properties":{"highway":"trunk","int_ref":"E 27","lanes":"2","lanes:backward":"1","lanes:forward":"1","maxspeed":"80","oneway":"no","ref":"A6","surface":"asphalt","toll":"no","carriage_ref":"B"},"geometry":{"type":"LineString","coordinates":[[7.2863559,47.1176673],[7.2866565,47.1176697],[7.2872331,47.1176772],[7.288239,47.1176828],[7.2887164,47.1176864],[7.2891202,47.1176822],[7.2893306,47.1176721],[7.2895665,47.1176574],[7.2898134,47.1176333],[7.2900897,47.1175997],[7.2904559,47.117544],[7.2909212,47.1174582],[7.2915756,47.1173214],[7.2922289,47.1171915],[7.2926563,47.1171027],[7.2930244,47.1170149],[7.2934371,47.1169038],[7.2937851,47.116799],[7.2942176,47.1166549],[7.2946594,47.1164939],[7.2950062,47.1163543],[7.2954085,47.1161759],[7.2958736,47.1159518],[7.2962883,47.1157285],[7.2967115,47.1154837],[7.2971086,47.1152298],[7.2973511,47.1150546],[7.2978319,47.1146841],[7.2980612,47.1144857],[7.2983795,47.1141866],[7.298616,47.1139421],[7.2989034,47.1136305],[7.2992045,47.1132467],[7.2997054,47.1125767],[7.3000421,47.1121197]]}},{"type":"Feature","properties":{"highway":"motorway","lanes":"2","lit":"no","maxspeed":"100","oneway":"yes","ref":"A6","surface":"asphalt","toll":"yes","carriage_ref":"B"},"geometry":{"type":"LineString","coordinates":[[7.5019855,46.9261877],[7.502092,46.9260485],[7.5022024,46.9259103],[7.502433,46.9256368],[7.5026886,46.9253486],[7.5029291,46.9250892],[7.5031287,46.9248794],[7.503321,46.9246796],[7.503832,46.9241539],[7.504359,46.923608]]}},{"type":"Feature","properties":{"bridge":"yes","highway":"motorway","lanes":"2","layer":"2","lit":"no","maxspeed":"120","oneway":"yes","ref":"A6","surface":"asphalt","toll":"yes","carriage_ref":"B"},"geometry":{"type":"LineString","coordinates":[[7.6315059,46.7101302],[7.6317205,46.7099898],[7.6319397,46.7098342],[7.6321758,46.7096408],[7.6324067,46.7094369]]}},{"type":"Feature","properties":{"avz":"207","cs_dir:forward":"2","highway":"motorway","lanes":"2","lit":"no","maxspeed":"120","oneway":"yes","ref":"A6","source:maxspeed":"CH:motorway","ssvz":"754N","surface":"asphalt","toll":"yes","carriage_ref":"A"},"geometry":{"type":"LineString","coordinates":[[7.6015897,46.7847904],[7.6014293,46.7850534],[7.6012474,46.7853474],[7.6011157,46.785542],[7.600988,46.7857252],[7.600715,46.7860969]]}},{"type":"Feature","properties":{"avz":"207","cs_dir:forward":"1","highway":"motorway","lanes":"2","lit":"no","maxspeed":"120","oneway":"yes","ref":"A6","ssvz":"754N","surface":"asphalt","toll":"yes","carriage_ref":"B"},"geometry":{"type":"LineString","coordinates":[[7.6005901,46.7860358],[7.6008558,46.7856693],[7.6009783,46.7854958],[7.6011075,46.785303],[7.6012862,46.7850104],[7.6014488,46.784747],[7.6015917,46.7845026]]}},{"type":"Feature","properties":{"highway":"motorway","int_ref":"E 27","lanes":"2","oneway":"yes","ref":"A6","surface":"asphalt","carriage_ref":"A"},"geometry":{"type":"LineString","coordinates":[[7.2668869,47.1215417],[7.2659196,47.1217304],[7.26553767116,47.12178919755],[7.2650421828,47.12189214454]]}},{"type":"Feature","properties":{"highway":"trunk","int_ref":"E 27","lanes":"2","lanes:backward":"1","lanes:forward":"1","maxspeed":"80","oneway":"no","ref":"A6","surface":"asphalt","toll":"no","carriage_ref":"B"},"geometry":{"type":"LineString","coordinates":[[7.2746734,47.1210947],[7.274938,47.1210549],[7.2751719,47.1210098],[7.2753335,47.1209745],[7.2754879,47.1209355],[7.2757385,47.1208595],[7.2759087,47.1208029],[7.276097,47.1207333],[7.2762781,47.1206594],[7.27656,47.12051]]}},{"type":"Feature","properties":{"highway":"motorway","lanes":"2","lit":"no","maxspeed":"120","oneway":"yes","ref":"A6","surface":"asphalt","toll":"yes","carriage_ref":"B"},"geometry":{"type":"LineString","coordinates":[[7.6009055,46.7382098],[7.6008283,46.7379455],[7.6007667,46.7377165],[7.6006951,46.7374321],[7.6006436,46.7371402],[7.6005887,46.7367787],[7.6005548,46.7363783],[7.600552,46.7360538],[7.600561,46.7357278],[7.6005734,46.7355189],[7.6006,46.7352467],[7.6006287,46.7350251]]}},{"type":"Feature","properties":{"highway":"motorway","lanes":"3","lit":"no","maxspeed":"120","oneway":"yes","ref":"A6","surface":"asphalt","toll":"yes","turn:lanes":"none|none|merge_to_left","carriage_ref":"A"},"geometry":{"type":"LineString","coordinates":[[7.6008033,46.7350322],[7.6007679,46.7352614],[7.6007429,46.7355304]]}},{"type":"Feature","properties":{"destination:lanes":"Bern;Lyss;Studen|Bern;Lyss;Studen|Brügg;Port","highway":"motorway","int_ref":"E 27","lanes":"3","layer":"1","maxspeed":"80","oneway":"yes","ref":"A6","surface":"asphalt","turn:lanes":"through|through|slight_right","carriage_ref":"B"},"geometry":{"type":"LineString","coordinates":[[7.26197868651,47.12246583003],[7.26241821534,47.12237242902]]}},{"type":"Feature","properties":{"highway":"motorway","lanes":"3","maxspeed":"80","oneway":"yes","ref":"A6","surface":"asphalt","toll":"yes","turn:lanes":"none|none|merge_to_left","carriage_ref":"A"},"geometry":{"type":"LineString","coordinates":[[7.4695411,46.9684441],[7.4695516,46.9685081],[7.4695936,46.9686641],[7.4696504,46.9688143],[7.469723,46.9689642],[7.4698102,46.9691127],[7.4699076,46.9692623],[7.4700029,46.9694069],[7.4700846,46.9695355],[7.4701644,46.969664]]}},{"type":"Feature","properties":{"highway":"motorway","lanes":"2","maxspeed":"80","oneway":"yes","ref":"A6","surface":"asphalt","toll":"yes","carriage_ref":"B"},"geometry":{"type":"LineString","coordinates":[[7.469844,46.9583535],[7.469676,46.9582466],[7.4695227,46.9581451],[7.4693849,46.9580469],[7.4692478,46.9579411],[7.469123,46.957834],[7.4690065,46.9577206],[7.468901,46.9576075],[7.4688054,46.9574936],[7.4687308,46.9573941],[7.4686737,46.9573089],[7.4686076,46.9572047],[7.4685525,46.9570989],[7.4684744,46.9569279],[7.4684408,46.9568452],[7.468415,46.9567739],[7.4683772,46.9566385],[7.4683495,46.956503],[7.4683305,46.9563665],[7.4683225,46.9562619],[7.4683249,46.9560913],[7.4683346,46.9559497],[7.4683554,46.9558189],[7.4683987,46.9556535],[7.4684403,46.9555252],[7.4684876,46.9554061],[7.4685497,46.9552738],[7.468624,46.9551423],[7.4687046,46.9550167],[7.4687922,46.9548949],[7.4688856,46.9547754],[7.46908,46.9545394],[7.469382,46.9541796],[7.469687,46.9538246],[7.4704811,46.952882],[7.4710773,46.9521762],[7.471471,46.9517107],[7.4718676,46.9512421],[7.4720624,46.951009],[7.4721554,46.9508945],[7.4722465,46.9507828],[7.4724416,46.9505276],[7.4725347,46.9503984],[7.4726188,46.950275],[7.4726972,46.9501528],[7.4727728,46.950026],[7.4728413,46.9499011],[7.472907,46.9497698],[7.4729662,46.9496383],[7.4730186,46.9495051],[7.4730634,46.9493715],[7.473094,46.9492558],[7.4731224,46.9491187],[7.4731411,46.9489925],[7.473153,46.9488559],[7.4731564,46.9487264],[7.4731503,46.9485918],[7.4731368,46.9484554],[7.4731149,46.9483224]]}},{"type":"Feature","properties":{"highway":"motorway","lanes":"2","lit":"no","maxspeed":"120","oneway":"yes","overtaking:hgv":"no","ref":"A6","surface":"asphalt","toll":"yes","carriage_ref":"A"},"geometry":{"type":"LineString","coordinates":[[7.6029067,46.7430619],[7.6029633,46.7435505],[7.6029864,46.7438688],[7.6029998,46.744221],[7.603004,46.7445802]]}},{"type":"Feature","properties":{"highway":"motorway","lanes":"3","lit":"no","maxspeed":"120","oneway":"yes","ref":"A6","surface":"asphalt","toll":"yes","turn:lanes":"none|none|slight_right","carriage_ref":"B"},"geometry":{"type":"LineString","coordinates":[[7.5364343,46.893084],[7.5372755,46.8923564]]}},{"type":"Feature","properties":{"destination:lanes":"Lausanne;Neuchâtel;Biel/Bienne;Nidau|Zürich;Delémont;Solothurn;Orpund","destination:ref:lanes":"5|E27;5;16","highway":"motorway","int_ref":"E 27","lanes":"2","maxspeed":"80","oneway":"yes","ref":"A6","surface":"asphalt","carriage_ref":"A"},"geometry":{"type":"LineString","coordinates":[[7.27169678406,47.12129070127],[7.27158413128,47.12129617659],[7.27075371779,47.12133107079],[7.2688336,47.1214324],[7.2680807,47.1214492]]}},{"type":"Feature","properties":{"avz":"56","cs_dir:forward":"2","highway":"motorway","int_ref":"E 25;E 27","lanes":"4","maxspeed":"100","oneway":"yes","ref":"A1;A6","ssvz":"944N","surface":"asphalt","toll":"yes","turn:lanes":"none|none|none|slight_right","carriage_ref":"B"},"geometry":{"type":"LineString","coordinates":[[7.4804158,46.9913725],[7.4802292,46.9912634],[7.480039,46.9911589],[7.4798469,46.9910617],[7.4796509,46.9909643],[7.4794668,46.9908767]]}},{"type":"Feature","properties":{"bridge":"yes","highway":"motorway","lanes":"2","layer":"2","lit":"no","maxspeed":"120","oneway":"yes","ref":"A6","source:maxspeed":"CH:motorway","toll":"yes","carriage_ref":"A"},"geometry":{"type":"LineString","coordinates":[[7.5802474,46.8088967],[7.580203,46.8090141]]}},{"type":"Feature","properties":{"highway":"motorway","lanes":"2","lit":"no","maxspeed":"120","oneway":"yes","ref":"A6","source:maxspeed":"CH:motorway","toll":"yes","carriage_ref":"A"},"geometry":{"type":"LineString","coordinates":[[7.5364159,46.8932462],[7.5362518,46.8933924],[7.5359771,46.8936444],[7.535844,46.8937708],[7.53571,46.8939009],[7.5355785,46.8940319],[7.5354485,46.8941654],[7.5353195,46.8943025],[7.5351945,46.8944406],[7.5350764,46.8945749],[7.5349605,46.894712],[7.5348485,46.8948533],[7.5347401,46.8949937],[7.5346335,46.8951364],[7.5345315,46.8952817],[7.5344373,46.8954237],[7.5343426,46.8955708],[7.5342497,46.8957198],[7.5341646,46.8958671],[7.534081,46.8960206],[7.5340048,46.896168],[7.5339339,46.8963173],[7.5338697,46.8964675],[7.5338099,46.8966133],[7.5337539,46.8967606],[7.5336956,46.8969137],[7.5336387,46.8970714],[7.5335863,46.8972272],[7.5334852,46.8975479],[7.5333925,46.8978647],[7.5333048,46.8981801],[7.5331232,46.8988176],[7.5330752,46.8989745],[7.5330252,46.8991347],[7.5329706,46.8992932],[7.5329141,46.8994498],[7.5328545,46.8996059],[7.5327913,46.8997636],[7.5327226,46.8999166],[7.5326476,46.9000709],[7.5325696,46.9002227],[7.5324852,46.9003768],[7.5323955,46.9005284],[7.532299,46.9006795],[7.5321988,46.9008282],[7.5320926,46.9009751],[7.5319762,46.9011283],[7.5318588,46.9012729],[7.5317365,46.901415],[7.5316129,46.9015511],[7.5314838,46.9016868],[7.5313452,46.9018227],[7.5312003,46.9019598],[7.5310592,46.9020872],[7.5309134,46.9022113],[7.5307581,46.9023371],[7.530584,46.9024699],[7.5304284,46.9025837],[7.5302582,46.9027032],[7.5300948,46.9028136],[7.5299163,46.9029264],[7.5297295,46.9030391],[7.5295542,46.9031404],[7.5293746,46.9032389],[7.5291757,46.9033431],[7.5289769,46.903442],[7.5287646,46.9035408],[7.5285605,46.9036326],[7.5283676,46.9037138],[7.5281715,46.9037921],[7.5279507,46.9038765],[7.5277335,46.9039528],[7.5275255,46.904024],[7.5273022,46.904097],[7.5270907,46.9041652],[7.5266496,46.9043009],[7.526224,46.904429],[7.5257857,46.9045667],[7.5255778,46.9046363],[7.5253758,46.9047062],[7.5251548,46.9047842],[7.5249588,46.9048596],[7.5247583,46.9049389],[7.5245638,46.9050212],[7.5243563,46.9051141],[7.5241541,46.9052092],[7.5239621,46.9053048],[7.5237837,46.9053979],[7.5236055,46.9054958],[7.523427,46.9055989],[7.5232554,46.9057023],[7.5230849,46.9058088],[7.5229179,46.905921],[7.5227533,46.9060338],[7.5225943,46.9061509],[7.5224261,46.9062802],[7.5222771,46.9064003],[7.5220468,46.9065945],[7.5219141,46.9067166],[7.5217794,46.906845],[7.5216539,46.9069722],[7.5215274,46.9071042],[7.5214062,46.9072387],[7.5212865,46.9073771],[7.5211707,46.9075162],[7.5209401,46.9078013],[7.5204877,46.9083671],[7.5203651,46.9085142],[7.5202419,46.908658],[7.5201218,46.9087914],[7.5200103,46.90891],[7.519853,46.9090722],[7.5197133,46.9092066],[7.5195725,46.9093352],[7.5194161,46.9094719],[7.5192623,46.9096001],[7.5190976,46.9097287],[7.5189437,46.9098443],[7.5187893,46.9099581],[7.5185516,46.9101228],[7.518374,46.9102407],[7.5180191,46.9104688],[7.5176731,46.9106831],[7.5173126,46.9109022],[7.516956,46.9111189],[7.5167527,46.9112421],[7.5164332,46.9114423],[7.5160947,46.9116609],[7.5159269,46.9117727],[7.5157632,46.9118859],[7.515601,46.9120026],[7.5154438,46.9121191],[7.5152882,46.9122377],[7.5151369,46.91236],[7.5149813,46.9124886],[7.5148211,46.9126252],[7.5146697,46.9127589],[7.5144843,46.9129285],[7.5143514,46.9130564],[7.5142146,46.9131891],[7.514084,46.9133214],[7.5139577,46.91345],[7.5138258,46.9135877],[7.5136982,46.9137255],[7.513571,46.9138637],[7.5134537,46.9139916],[7.5132064,46.9142709],[7.5128335,46.9146927],[7.5120942,46.9155282],[7.5118511,46.9158023],[7.5116042,46.9160774],[7.5111075,46.91663],[7.5108583,46.9169063],[7.5101589,46.9176741]]}},{"type":"Feature","properties":{"destination:lanes":"Interlaken;Kandersteg;Spiez|Interlaken;Kandersteg;Spiez|Zweisimmen;Wimmis","highway":"motorway","lanes":"3","lit":"no","maxspeed":"120","maxspeed:lanes":"120|120|80","oneway":"yes","ref":"A6","toll":"yes","turn:lanes":"through|through|slight_right","carriage_ref":"B"},"geometry":{"type":"LineString","coordinates":[[7.6467831,46.6946278],[7.6472528,46.6945509],[7.647723,46.6944775]]}},{"type":"Feature","properties":{"highway":"motorway","lanes":"2","layer":"-1","lit":"yes","maxspeed":"100","name":"Allmendtunnel","oneway":"yes","ref":"A6","surface":"asphalt","toll":"yes","tunnel":"yes","tunnel:name":"Allmendtunnel","carriage_ref":"B"},"geometry":{"type":"LineString","coordinates":[[7.5960612,46.7591282],[7.5970216,46.758125],[7.5978284,46.7572783],[7.5982833,46.7567843],[7.5987382,46.7562786],[7.5992017,46.7557023],[7.5996737,46.7549614],[7.600163,46.7541264],[7.6005835,46.7532796],[7.6009869,46.7523504],[7.6013617,46.7514578],[7.6017478,46.7504988]]}},{"type":"Feature","properties":{"highway":"motorway","lanes":"3","lit":"no","maxspeed":"120","oneway":"yes","ref":"A6","surface":"asphalt","toll":"yes","turn:lanes":"none|none|merge_to_left","carriage_ref":"B"},"geometry":{"type":"LineString","coordinates":[[7.6016635,46.7761131],[7.6013833,46.7756061]]}},{"type":"Feature","properties":{"highway":"motorway","int_ref":"E 25;E 27","lanes":"3","maxspeed":"100","oneway":"yes","ref":"A1;A6","surface":"asphalt","toll":"yes","carriage_ref":"B"},"geometry":{"type":"LineString","coordinates":[[7.4788174,46.9905965],[7.478578,46.9905046],[7.4783628,46.9904236],[7.4781387,46.9903419],[7.4776792,46.9901865],[7.4772164,46.990036],[7.4767427,46.9898921],[7.4762429,46.9897462]]}},{"type":"Feature","properties":{"highway":"motorway","lanes":"2","lit":"no","maxspeed":"120","oneway":"yes","ref":"A6","source:maxspeed":"CH:motorway","toll":"yes","carriage_ref":"A"},"geometry":{"type":"LineString","coordinates":[[7.5800595,46.8093337],[7.5799576,46.8095477],[7.5798382,46.8097614],[7.5797531,46.8099013],[7.5796653,46.8100294],[7.5795784,46.8101493],[7.5794897,46.8102684],[7.5793955,46.8103854],[7.579296,46.810501],[7.5791998,46.8106076],[7.5790995,46.8107153]]}},{"type":"Feature","properties":{"bridge":"yes","highway":"motorway","int_ref":"E 27","lanes":"2","layer":"1","maxspeed":"120","oneway":"yes","ref":"A6","toll":"no","carriage_ref":"B"},"geometry":{"type":"LineString","coordinates":[[7.3854815,47.0472271],[7.3858405,47.0470779]]}},{"type":"Feature","properties":{"highway":"motorway","lanes":"3","lit":"yes","maxspeed":"80","oneway":"yes","ref":"A6","surface":"asphalt","toll":"yes","tunnel:name":"Sonnenhof","turn:lanes":"none|none|merge_to_left","carriage_ref":"B"},"geometry":{"type":"LineString","coordinates":[[7.4730143,46.9432366],[7.4730495,46.9431641]]}},{"type":"Feature","properties":{"destination:lanes":"Bern;Lyss;Studen|Bern;Lyss;Studen|Brügg;Port","highway":"motorway","int_ref":"E 27","lanes":"3","maxspeed":"80","oneway":"yes","ref":"A6","surface":"asphalt","turn:lanes":"through|through|slight_right","carriage_ref":"B"},"geometry":{"type":"LineString","coordinates":[[7.26241821534,47.12237242902],[7.26276835952,47.12230027819],[7.26303883929,47.12224157806],[7.26322921534,47.12220063023],[7.2634413,47.12215428241],[7.26373124233,47.12209033553],[7.26510140675,47.12179329584],[7.265579,47.121701]]}},{"type":"Feature","properties":{"bicycle":"no","destination":"Lausanne;Interlaken;Bern","destination:int_ref":"E 27","destination:ref":"A1;A6","foot":"no","highway":"motorway","horse":"no","int_ref":"E 27","lanes":"1","maxspeed":"80","oneway":"yes","ref":"A6","surface":"asphalt","toll":"no","carriage_ref":"B"},"geometry":{"type":"LineString","coordinates":[[7.4942418,47.014032],[7.4946052,47.0138494],[7.4948019,47.0137593],[7.494989,47.0136676],[7.495227,47.0135459],[7.4953499,47.0134782],[7.4954622,47.0134103],[7.4955585,47.0133489],[7.4956494,47.0132863],[7.4957335,47.0132262],[7.4958059,47.0131685],[7.4959254,47.0130621],[7.4960512,47.0129368],[7.4961473,47.0128241],[7.4962418,47.0127028],[7.496295,47.0126255],[7.4963407,47.0125494],[7.4964209,47.0123976],[7.4964598,47.0123116],[7.4964939,47.0122253],[7.4965298,47.0121306],[7.4965593,47.0120411],[7.4966932,47.0116912]]}},{"type":"Feature","properties":{"highway":"motorway","lanes":"3","lit":"no","maxspeed":"120","oneway":"yes","ref":"A6","surface":"asphalt","toll":"yes","turn:lanes":"none|none|merge_to_left","carriage_ref":"A"},"geometry":{"type":"LineString","coordinates":[[7.6475303,46.6946212],[7.6472852,46.6946599],[7.6468307,46.6947331],[7.6463972,46.6948139],[7.6460143,46.694896]]}},{"type":"Feature","properties":{"highway":"motorway","lanes":"3","lit":"no","maxspeed":"120","oneway":"yes","ref":"A6","surface":"asphalt","toll":"yes","turn:lanes":"none|none|merge_to_left","carriage_ref":"B"},"geometry":{"type":"LineString","coordinates":[[7.6022688,46.7311458],[7.6025371,46.7307279],[7.6028079,46.7303143],[7.6029902,46.730056]]}},{"type":"Feature","properties":{"highway":"motorway","lanes":"3","lit":"no","maxspeed":"120","oneway":"yes","ref":"A6","surface":"asphalt","toll":"yes","turn:lanes":"through|through|slight_right","carriage_ref":"A"},"geometry":{"type":"LineString","coordinates":[[7.6027452,46.7422511],[7.6029067,46.7430619]]}},{"type":"Feature","properties":{"bridge":"yes","highway":"motorway","lanes":"2","layer":"2","lit":"no","maxspeed":"100","oneway":"yes","ref":"A6","toll":"yes","carriage_ref":"A"},"geometry":{"type":"LineString","coordinates":[[7.6449751,46.6867605],[7.6453727,46.6875109],[7.645417,46.6875908],[7.6454361,46.6876253]]}},{"type":"Feature","properties":{"destination:lanes":"Interlaken;Thun;Bern-Ostring|Interlaken;Thun;Bern-Ostring|Bolligen;Ittigen;Ostermundigen","highway":"motorway","lanes":"3","layer":"1","maxspeed:lanes":"80|80|60","oneway":"yes","ref":"A6","surface":"asphalt","toll":"yes","turn:lanes":"none|none|slight_right","carriage_ref":"B"},"geometry":{"type":"LineString","coordinates":[[7.4696819,46.9691448],[7.469584,46.9689908],[7.4695034,46.9688389],[7.4694392,46.9686842],[7.4693926,46.9685238],[7.469362,46.9683608],[7.4693494,46.9682069],[7.4693535,46.9680476],[7.469379,46.9678755]]}},{"type":"Feature","properties":{"avz":"56","cs_dir:forward":"1","highway":"motorway","int_ref":"E 25;E 27","lanes":"3","maxspeed":"100","oneway":"yes","ref":"A1;A6","ssvz":"944N","surface":"asphalt","toll":"yes","carriage_ref":"A"},"geometry":{"type":"LineString","coordinates":[[7.4875107,46.9982531],[7.4881416,46.9988341],[7.4885142,46.999183],[7.4894597,47.0001052],[7.4899268,47.0005821],[7.4903962,47.001074],[7.4912823,47.0020281],[7.4921531,47.0029781],[7.4934181,47.0043596]]}},{"type":"Feature","properties":{"highway":"motorway","lanes":"3","lit":"no","maxspeed":"120","oneway":"yes","ref":"A6","surface":"asphalt","toll":"yes","turn:lanes":"none|none|merge_to_left","carriage_ref":"B"},"geometry":{"type":"LineString","coordinates":[[7.5799709,46.8091627],[7.5800471,46.8089835]]}},{"type":"Feature","properties":{"bridge":"yes","highway":"motorway","int_ref":"E 27","lanes":"2","layer":"1","maxspeed":"120","oneway":"yes","ref":"A6","surface":"asphalt","toll":"no","carriage_ref":"A"},"geometry":{"type":"LineString","coordinates":[[7.3430559,47.0492859],[7.3412232,47.0497354]]}},{"type":"Feature","properties":{"highway":"trunk","int_ref":"E 27","lanes":"1","maxspeed":"100","oneway":"yes","ref":"A6","surface":"asphalt","carriage_ref":"B"},"geometry":{"type":"LineString","coordinates":[[7.29909470245,47.08511291616],[7.2981022,47.0842081],[7.2976625,47.0838573],[7.2973848,47.0836563],[7.2972031,47.0835337],[7.297011,47.0834197],[7.2968162,47.0833068],[7.2966269,47.0831898],[7.2964438,47.0830697]]}},{"type":"Feature","properties":{"highway":"motorway","int_ref":"E 25;E 27","lanes":"4","maxspeed":"80","oneway":"yes","ref":"A1;A6","surface":"asphalt","toll":"yes","carriage_ref":"A"},"geometry":{"type":"LineString","coordinates":[[7.4706237,46.9740595],[7.4704852,46.9742602],[7.47007,46.9748536],[7.46919,46.9761144],[7.4689889,46.9764093],[7.4687378,46.9767918],[7.4685382,46.9771003]]}},{"type":"Feature","properties":{"highway":"motorway","lanes":"2","lit":"no","maxspeed":"120","oneway":"yes","ref":"A6","source:maxspeed":"CH:motorway","toll":"yes","carriage_ref":"A"},"geometry":{"type":"LineString","coordinates":[[7.5777493,46.8117836],[7.5770963,46.8122059],[7.5768134,46.8123918],[7.5766766,46.8124866],[7.5765416,46.8125841],[7.5764051,46.8126802],[7.5762733,46.8127788],[7.5761453,46.8128784],[7.5760222,46.8129807],[7.5758978,46.8130874],[7.5757777,46.8131975],[7.5756661,46.8133066],[7.5755605,46.8134164],[7.5754545,46.8135304],[7.5753525,46.8136472],[7.5752583,46.8137608],[7.5751679,46.8138762],[7.5750782,46.813998],[7.5749916,46.8141231],[7.5749157,46.8142429],[7.5748425,46.8143646],[7.5747712,46.8144905],[7.5747045,46.8146171],[7.5746444,46.8147421],[7.57459,46.814864],[7.5745375,46.8149942],[7.5744931,46.8151232],[7.5744494,46.8152506],[7.5744124,46.8153782],[7.5743429,46.8156439],[7.5742879,46.815911],[7.5741778,46.8164486],[7.5740939,46.8168482],[7.5740017,46.8172477],[7.5739024,46.817671],[7.573795,46.818093],[7.5737212,46.8183611],[7.5736626,46.81856],[7.5736013,46.818758],[7.5735356,46.8189563],[7.5734647,46.8191554],[7.5733788,46.819381],[7.5732904,46.8196099],[7.5731232,46.8200244],[7.5730776,46.8201291],[7.5729641,46.8203919],[7.5728045,46.8207085],[7.5726508,46.8210267],[7.5725223,46.8212735],[7.5723824,46.821518],[7.5721711,46.8218857],[7.5719405,46.8222522],[7.5718262,46.8224243],[7.5717093,46.8225962],[7.5715924,46.8227674],[7.57147,46.8229382],[7.5712902,46.8231834],[7.5711037,46.8234267],[7.5709761,46.823589],[7.5708454,46.8237503],[7.5707132,46.8239106],[7.5705767,46.8240706],[7.5703766,46.8242983],[7.5701741,46.8245256],[7.5698698,46.8248546],[7.5695596,46.8251812],[7.5693432,46.8254073],[7.5691227,46.8256324],[7.5684801,46.8262821],[7.5677197,46.8270539],[7.5675317,46.8272495],[7.5673463,46.8274443],[7.5671607,46.8276399],[7.5669791,46.8278367],[7.5667757,46.8280571],[7.5665762,46.8282798],[7.5663876,46.8284991],[7.5661897,46.8287282],[7.5659934,46.8289585],[7.5657976,46.8291908],[7.5656138,46.8294189],[7.5654298,46.829651],[7.5652474,46.829881],[7.5650644,46.8301138],[7.5648861,46.8303471],[7.5647079,46.8305849],[7.5643611,46.8310569],[7.564103,46.8314207],[7.5638526,46.8317858],[7.56369,46.83203],[7.5635296,46.8322705],[7.5633718,46.8325136],[7.5632166,46.8327565],[7.5630685,46.8329985],[7.5629218,46.8332397],[7.5626324,46.8337257],[7.5623475,46.8342326],[7.5621494,46.8345993],[7.5619583,46.8349629],[7.5617651,46.8353415],[7.5615808,46.8357221],[7.5614025,46.8361025],[7.561229,46.8364848],[7.5610631,46.8368639],[7.5609034,46.8372459],[7.5607507,46.8376284],[7.5606037,46.838011],[7.5605102,46.8382661],[7.5604197,46.8385209],[7.5603337,46.8387756],[7.5602508,46.8390308],[7.5601732,46.8392894],[7.5600984,46.8395523],[7.5600303,46.8398107],[7.5599694,46.8400691],[7.559915,46.8403249],[7.5598636,46.8405878],[7.5598157,46.8408497],[7.5597782,46.8411126],[7.5597256,46.8415128],[7.5596827,46.841912],[7.5596505,46.8423001],[7.5596218,46.8426899],[7.5596002,46.8430907],[7.5595823,46.843491],[7.5595322,46.8448177],[7.5595068,46.845481],[7.5594661,46.8461448],[7.5594449,46.8464101],[7.5594189,46.8466746],[7.559358,46.8472034],[7.5593043,46.8476023],[7.5592438,46.847998],[7.5591753,46.8483925],[7.5591013,46.8487876],[7.5590271,46.8491431],[7.5589482,46.8494974],[7.5588532,46.8498973],[7.5587489,46.8502956],[7.5585993,46.8508224],[7.5584337,46.8513464],[7.5583492,46.8516048],[7.5582608,46.8518613],[7.5581688,46.8521181],[7.5580749,46.8523727],[7.5579765,46.8526313],[7.5578734,46.8528903],[7.5577692,46.8531448],[7.5576623,46.8534006],[7.5574919,46.8537862],[7.5573154,46.8541711],[7.5571974,46.8544188],[7.557076,46.8546672],[7.5569487,46.8549195],[7.5568198,46.8551681],[7.5566078,46.8555388],[7.556407,46.8559026],[7.5561924,46.8562741],[7.5559703,46.8566452],[7.5557452,46.8570093],[7.5554419,46.8574825],[7.5552436,46.8577842],[7.5550452,46.8580808],[7.5529017,46.8611783],[7.5508192,46.8641773],[7.5491691,46.8665527],[7.5479253,46.8683427],[7.5466793,46.8701368],[7.5455249,46.8718005],[7.5451938,46.8722757],[7.5449441,46.8726395],[7.544628,46.8731084],[7.5443214,46.8735807],[7.5440079,46.8740784],[7.5438607,46.8743182],[7.5437202,46.8745547],[7.5435787,46.8748028],[7.5434416,46.875051]]}},{"type":"Feature","properties":{"highway":"motorway","lanes":"2","lit":"no","maxspeed":"100","oneway":"yes","ref":"A6","toll":"yes","carriage_ref":"A"},"geometry":{"type":"LineString","coordinates":[[7.4964092,46.9348043],[7.4961992,46.9349185],[7.4960146,46.9350139],[7.4958283,46.9351081],[7.4956338,46.9352026],[7.4954339,46.935295],[7.4952411,46.9353812],[7.4950421,46.9354668],[7.4948771,46.9355349]]}},{"type":"Feature","properties":{"first":"true","carriage_ref":"B","highway":"motorway","lanes":"2","maxspeed":"80","oneway":"yes","ref":"A6","surface":"asphalt"},"geometry":{"type":"LineString","coordinates":[[7.25908494457,47.12309664743],[7.26054807235,47.12277358824],[7.26088401468,47.12270238588],[7.26119518095,47.12263618378],[7.26155606257,47.12255788192],[7.26197868651,47.12246583003]]}},{"type":"Feature","properties":{"bridge":"yes","highway":"motorway","int_ref":"E 27","lanes":"2","layer":"1","maxspeed":"120","oneway":"yes","ref":"A6","toll":"no","carriage_ref":"B"},"geometry":{"type":"LineString","coordinates":[[7.3572268,47.0487476],[7.3585907,47.0489708],[7.3596366,47.0491269],[7.3608211,47.0492794]]}},{"type":"Feature","properties":{"avz":"56","cs_dir:forward":"2","highway":"motorway","int_ref":"E 25;E 27","lanes":"3","maxspeed":"100","oneway":"yes","ref":"A1;A6","ssvz":"944N","surface":"asphalt","toll":"yes","tunnel":"yes","carriage_ref":"B"},"geometry":{"type":"LineString","coordinates":[[7.4873567,46.998331],[7.4871319,46.9981266]]}},{"type":"Feature","properties":{"highway":"motorway","int_ref":"E 27","lanes":"2","maxspeed":"120","oneway":"yes","ref":"A6","surface":"asphalt","toll":"no","carriage_ref":"A"},"geometry":{"type":"LineString","coordinates":[[7.3855529,47.0473207],[7.3851467,47.0474753],[7.3846964,47.047642],[7.3842792,47.0477923],[7.3838565,47.0479335],[7.383429,47.0480708],[7.3830135,47.0481963],[7.382537,47.0483313],[7.3822554,47.0484065]]}},{"type":"Feature","properties":{"highway":"motorway","lanes":"2","lit":"no","maxspeed":"100","oneway":"yes","ref":"A6","surface":"asphalt","toll":"yes","carriage_ref":"B"},"geometry":{"type":"LineString","coordinates":[[7.4946414,46.935531],[7.4948099,46.9354641],[7.49498,46.9353923],[7.4951743,46.9353087],[7.4953679,46.9352218],[7.4955595,46.9351331],[7.4957484,46.9350418],[7.4959345,46.9349476],[7.4961204,46.9348509],[7.4963305,46.9347372]]}},{"type":"Feature","properties":{"highway":"motorway","int_ref":"E 27","lanes":"3","maxspeed":"60","oneway":"yes","ref":"A6","surface":"asphalt","toll":"no","turn:lanes":"through|through|through","carriage_ref":"A"},"geometry":{"type":"LineString","coordinates":[[7.494336,47.0141032],[7.4941706,47.0141773],[7.4938943,47.0143127]]}},{"type":"Feature","properties":{"avz":"305","bridge":"yes","cs_dir:backward":"2","cs_dir:forward":"1","highway":"trunk","int_ref":"E 27","lanes":"2","lanes:backward":"1","lanes:forward":"1","layer":"1","maxspeed":"80","mindistance:hgv":"120","oneway":"no","ref":"A6","surface":"asphalt","toll":"no","carriage_ref":"B"},"geometry":{"type":"LineString","coordinates":[[7.2770875,47.1201799],[7.2782607,47.1193621]]}},{"type":"Feature","properties":{"highway":"motorway","lanes":"2","lit":"no","maxspeed":"120","oneway":"yes","ref":"A6","source:maxspeed":"CH:motorway","surface":"asphalt","toll":"yes","carriage_ref":"A"},"geometry":{"type":"LineString","coordinates":[[7.594225,46.7616321],[7.5941071,46.7619094],[7.5940228,46.7621531],[7.5939525,46.7624111],[7.5938942,46.7626695],[7.5938496,46.7629335],[7.5938213,46.7631937],[7.593808,46.7634454],[7.5938104,46.7637187],[7.5938332,46.7639987],[7.5938652,46.7642417],[7.5939085,46.7644864],[7.5939427,46.7646463],[7.5939793,46.7648046],[7.5940269,46.7649643],[7.5940781,46.7651228],[7.5941269,46.7652713],[7.5941804,46.7654205],[7.594241,46.7655699],[7.5943059,46.7657187],[7.5944221,46.7659704],[7.5945443,46.7662215],[7.5946262,46.766377],[7.5947127,46.7665322],[7.5948946,46.7668419],[7.5950468,46.7670903],[7.5952097,46.7673369],[7.5953675,46.7675648],[7.5955286,46.7677913],[7.5958626,46.7682448],[7.5962036,46.7686863],[7.5967378,46.7693527],[7.5976848,46.7705103],[7.5983747,46.771371],[7.5991606,46.7723501]]}},{"type":"Feature","properties":{"highway":"motorway","lanes":"2","lit":"no","maxspeed":"120","oneway":"yes","ref":"A6","surface":"asphalt","toll":"yes","carriage_ref":"B"},"geometry":{"type":"LineString","coordinates":[[7.5990253,46.7724013],[7.5982384,46.7714205],[7.5975316,46.7705566],[7.5965994,46.7694137],[7.5960579,46.7687369],[7.5957121,46.7682975],[7.5953758,46.7678459],[7.5952163,46.7676202],[7.5950595,46.767394],[7.5948948,46.767139],[7.5947337,46.7668852],[7.5945519,46.7665743],[7.5944659,46.7664181],[7.5943836,46.7662618],[7.5942571,46.7660054],[7.5941381,46.7657481],[7.5940739,46.7655981],[7.5940135,46.765448],[7.5939593,46.7652981],[7.593908,46.7651474],[7.593858,46.7649881],[7.5938124,46.7648292],[7.5937735,46.7646674],[7.593738,46.7645053],[7.5936938,46.7642557],[7.5936599,46.7640047],[7.5936419,46.7637229],[7.5936362,46.7634425],[7.5936502,46.7631835],[7.5936756,46.7629241],[7.5937235,46.7626574],[7.5937857,46.7623935],[7.5938581,46.7621372],[7.5939458,46.7618853],[7.5940628,46.7615958],[7.5941989,46.7613335],[7.5943463,46.7610741],[7.5945153,46.7608121],[7.5946697,46.7606026],[7.5948899,46.7603273],[7.595118,46.7600708],[7.5953445,46.7598339],[7.5955788,46.7595993],[7.5959032,46.7592722]]}},{"type":"Feature","properties":{"highway":"motorway","lanes":"3","lit":"no","maxspeed":"120","oneway":"yes","ref":"A6","surface":"asphalt","toll":"yes","turn:lanes":"none|none|slight_right","carriage_ref":"B"},"geometry":{"type":"LineString","coordinates":[[7.6006287,46.7350251],[7.600727,46.7344889]]}},{"type":"Feature","properties":{"highway":"motorway","lanes":"3","maxspeed":"80","oneway":"yes","ref":"A6","surface":"asphalt","toll":"yes","turn:lanes":"none|none|merge_to_left","carriage_ref":"B"},"geometry":{"type":"LineString","coordinates":[[7.4749407,46.9405671],[7.4751354,46.9403705],[7.4752499,46.9402576],[7.4754025,46.9401153]]}},{"type":"Feature","properties":{"highway":"motorway","lanes":"2","lit":"no","maxspeed":"120","oneway":"yes","ref":"A6","source:maxspeed":"CH:motorway","surface":"asphalt","toll":"yes","carriage_ref":"A"},"geometry":{"type":"LineString","coordinates":[[7.602487,46.7775617],[7.6026119,46.777919],[7.6026802,46.7781685],[7.6027478,46.7784239],[7.6028049,46.7786907],[7.6028579,46.7789731],[7.6029012,46.7792605],[7.6029358,46.7795648],[7.6029524,46.779849],[7.6029562,46.780117],[7.602956,46.7803924],[7.6029432,46.7806784],[7.6029235,46.7809469],[7.6028987,46.7811987],[7.6028802,46.7813622],[7.6028403,46.7815888],[7.6027988,46.7817957],[7.6027418,46.7820593],[7.6026712,46.7823267],[7.6026346,46.7824617],[7.602593,46.7825946],[7.6025089,46.782846],[7.6024513,46.7830079]]}},{"type":"Feature","properties":{"highway":"motorway","lanes":"3","lit":"no","maxspeed":"100","oneway":"yes","ref":"A6","surface":"asphalt","toll":"yes","turn:lanes":"none|none|merge_to_left","carriage_ref":"A"},"geometry":{"type":"LineString","coordinates":[[7.5952346,46.760128],[7.5950187,46.7603841],[7.5948086,46.7606511],[7.5944933,46.761118],[7.5943566,46.7613695],[7.594225,46.7616321]]}},{"type":"Feature","properties":{"highway":"motorway","lanes":"2","lit":"no","maxspeed":"120","oneway":"yes","ref":"A6","surface":"asphalt","toll":"yes","carriage_ref":"B"},"geometry":{"type":"LineString","coordinates":[[7.509847,46.9178044],[7.5100214,46.9176127]]}},{"type":"Feature","properties":{"highway":"motorway","lanes":"2","lit":"no","maxspeed":"120","oneway":"yes","ref":"A6","surface":"asphalt","toll":"yes","carriage_ref":"A"},"geometry":{"type":"LineString","coordinates":[[7.6011235,46.7383726],[7.6012208,46.7386149],[7.6013084,46.7388304],[7.6014693,46.7391731],[7.6016654,46.7395667],[7.6018631,46.7399601],[7.6020295,46.7402963],[7.6021889,46.7406337],[7.6023077,46.740911],[7.6024141,46.7411799],[7.6024883,46.7413801],[7.6025536,46.7415815]]}},{"type":"Feature","properties":{"highway":"motorway","lanes":"2","lit":"no","maxspeed":"120","oneway":"yes","ref":"A6","surface":"asphalt","toll":"yes","carriage_ref":"B"},"geometry":{"type":"LineString","coordinates":[[7.5100214,46.9176127],[7.5107153,46.916843],[7.5109616,46.9165658],[7.5114469,46.9160174],[7.5116968,46.9157339],[7.5119352,46.9154601],[7.5126596,46.91462],[7.5130179,46.914202],[7.5132658,46.9139182],[7.5133822,46.9137855],[7.5135064,46.9136463],[7.5136332,46.9135088],[7.5137619,46.913371],[7.5138892,46.9132372],[7.5140202,46.9131031],[7.5141543,46.9129685],[7.5142921,46.9128346],[7.5144831,46.9126551],[7.5146446,46.9125083],[7.5148033,46.9123716],[7.5149587,46.9122409],[7.5151139,46.9121165],[7.5152794,46.9119883],[7.515437,46.9118699],[7.5155967,46.9117542],[7.5157619,46.9116389],[7.5159323,46.9115239],[7.5162778,46.9112987],[7.5165816,46.9111073],[7.5167991,46.9109744],[7.5171533,46.9107579],[7.5175048,46.9105445],[7.5178548,46.9103263],[7.5182017,46.9101031],[7.51837,46.90999],[7.5185803,46.9098426],[7.5187453,46.9097238],[7.5188987,46.9096076],[7.5190557,46.9094837],[7.5192095,46.9093559],[7.5193579,46.9092268],[7.5194958,46.9091003],[7.5196335,46.9089665],[7.5197662,46.908833],[7.5198945,46.9086959],[7.5200214,46.9085556],[7.5201348,46.9084222],[7.5202569,46.9082755],[7.5207099,46.9077065],[7.5209342,46.9074288],[7.5210525,46.9072869],[7.5211712,46.9071508],[7.5212967,46.907012],[7.5214233,46.9068772],[7.5215549,46.9067428],[7.5216891,46.9066143],[7.5218375,46.9064784],[7.522078,46.9062769],[7.522245,46.9061414],[7.5224007,46.9060219],[7.5225662,46.9059015],[7.5227397,46.9057818],[7.522905,46.9056723],[7.5230845,46.9055601],[7.5232584,46.9054558],[7.5234371,46.9053525],[7.5236259,46.9052497],[7.5238091,46.9051548],[7.5240049,46.9050578],[7.5242028,46.904964],[7.5244203,46.9048671],[7.5246199,46.9047826],[7.5248286,46.9046987],[7.5250422,46.9046199],[7.5252537,46.9045434],[7.5254592,46.9044733],[7.5256727,46.9044022],[7.5261108,46.9042652],[7.5265455,46.9041327],[7.5269711,46.9040028],[7.5271912,46.9039326],[7.52741,46.9038605],[7.5276099,46.9037914],[7.52782,46.9037178],[7.5280301,46.9036387],[7.5282416,46.9035547],[7.5284241,46.9034773],[7.5286218,46.9033907],[7.5288204,46.9032994],[7.5290157,46.9032024],[7.5292046,46.9031062],[7.5293835,46.9030105],[7.5295631,46.9029084],[7.5297417,46.9028029],[7.5299157,46.9026945],[7.5300902,46.9025822],[7.5302542,46.9024703],[7.5304127,46.9023579],[7.5305808,46.9022319],[7.5307333,46.9021143],[7.5308812,46.9019937],[7.5310204,46.9018753],[7.5311713,46.9017381],[7.5313121,46.901606],[7.5314437,46.9014741],[7.5315674,46.9013444],[7.5316927,46.9012057],[7.5318149,46.9010608],[7.531929,46.9009173],[7.5320365,46.9007708],[7.5321376,46.9006274],[7.5322364,46.9004765],[7.5323264,46.9003284],[7.5324089,46.900183],[7.5324895,46.9000302],[7.5325607,46.899882],[7.5326304,46.8997301],[7.5326953,46.8995746],[7.5327565,46.8994174],[7.5328123,46.8992645],[7.5328654,46.8991086],[7.5329181,46.8989495],[7.5329644,46.8987936],[7.5331477,46.8981529],[7.5332352,46.8978396],[7.5333277,46.8975233],[7.5334281,46.8972034],[7.5334845,46.8970431],[7.533543,46.8968844],[7.5336062,46.896731],[7.5336677,46.896587],[7.5337299,46.8964497],[7.533804,46.8962907],[7.5338769,46.8961396],[7.5339573,46.8959888],[7.5340414,46.895836],[7.5341277,46.8956868],[7.5342199,46.8955372],[7.5343137,46.8953902],[7.5344132,46.8952433],[7.534517,46.8950976],[7.5346218,46.8949542],[7.5347302,46.8948129],[7.5348434,46.8946709],[7.5349588,46.8945329],[7.5350806,46.8943934],[7.5352072,46.8942544],[7.5353347,46.89412],[7.5354654,46.8939857],[7.5355988,46.8938532],[7.5357287,46.8937267],[7.5358629,46.8935984],[7.5361469,46.8933385],[7.5364343,46.893084]]}},{"type":"Feature","properties":{"avz":"104","cs_dir:forward":"1","highway":"motorway","lanes":"3","lit":"no","maxspeed":"120","oneway":"yes","ref":"A6","ssvz":"946N","surface":"asphalt","toll":"yes","turn:lanes":"none|none|merge_to_left","carriage_ref":"B"},"geometry":{"type":"LineString","coordinates":[[7.5049748,46.9229707],[7.5054951,46.9224292],[7.5061022,46.9217932]]}},{"type":"Feature","properties":{"destination":"Interlaken;Thun|Interlaken;Thun;Lausanne;Fribourg|Lausanne;Fribourg","highway":"motorway","int_ref":"E 25;E 27","lanes":"3","maxspeed":"80","oneway":"yes","ref":"A1;A6","surface":"asphalt","toll":"yes","carriage_ref":"B"},"geometry":{"type":"LineString","coordinates":[[7.4666109,46.9810679],[7.466636,46.9808953],[7.4666657,46.9807255],[7.4667028,46.9805525],[7.4667436,46.980386],[7.4667897,46.9802144],[7.466884,46.9799073],[7.4670119,46.9795605],[7.4671728,46.9791969]]}},{"type":"Feature","properties":{"highway":"motorway","int_ref":"E 27","lanes":"3","maxspeed":"120","oneway":"yes","ref":"A6","toll":"no","turn:lanes":"none|none|merge_to_left","carriage_ref":"B"},"geometry":{"type":"LineString","coordinates":[[7.4341693,47.0368608],[7.4350947,47.0365939],[7.435509,47.0364739]]}},{"type":"Feature","properties":{"highway":"motorway","lanes":"2","lit":"no","maxspeed":"100","oneway":"yes","ref":"A6","surface":"asphalt","toll":"yes","carriage_ref":"B"},"geometry":{"type":"LineString","coordinates":[[7.5959032,46.7592722],[7.5960612,46.7591282]]}},{"type":"Feature","properties":{"bridge":"yes","highway":"motorway","int_ref":"E 27","lanes":"2","layer":"1","maxspeed":"120","oneway":"yes","ref":"A6","surface":"asphalt","toll":"no","carriage_ref":"B"},"geometry":{"type":"LineString","coordinates":[[7.2937622,47.0620202],[7.2943209,47.0618538],[7.2948515,47.0616854],[7.2952016,47.0615726]]}},{"type":"Feature","properties":{"highway":"motorway","lanes":"2","lit":"no","maxspeed":"120","oneway":"yes","ref":"A6","source:maxspeed":"CH:motorway","toll":"yes","carriage_ref":"A"},"geometry":{"type":"LineString","coordinates":[[7.580203,46.8090141],[7.5801192,46.8092034]]}},{"type":"Feature","properties":{"highway":"motorway","int_ref":"E 27","lanes":"2","maxspeed":"80","oneway":"yes","ref":"A6","surface":"asphalt","carriage_ref":"B"},"geometry":{"type":"LineString","coordinates":[[7.265579,47.121701],[7.2658395,47.1216437],[7.266351,47.1215222],[7.2670253,47.1214178],[7.2677101,47.1213564]]}},{"type":"Feature","properties":{"highway":"motorway","int_ref":"E 27","lanes":"2","maxspeed":"120","oneway":"yes","ref":"A6","surface":"asphalt","toll":"no","carriage_ref":"B"},"geometry":{"type":"LineString","coordinates":[[7.2952016,47.0615726],[7.2957404,47.0613829],[7.2961507,47.0612385],[7.2965751,47.0610816],[7.2969923,47.0609173]]}},{"type":"Feature","properties":{"highway":"motorway","lanes":"3","layer":"1","lit":"no","maxspeed":"120","oneway":"yes","ref":"A6","source:maxspeed":"CH:motorway","surface":"asphalt","toll":"yes","turn:lanes":"none|none|slight_right","carriage_ref":"A"},"geometry":{"type":"LineString","coordinates":[[7.6015267,46.7755715],[7.6017443,46.7759762]]}},{"type":"Feature","properties":{"highway":"motorway","int_ref":"E 27","lanes":"3","maxspeed":"120","oneway":"yes","ref":"A6","surface":"asphalt","toll":"no","turn:lanes":"none|none|mergto_left","carriage_ref":"A"},"geometry":{"type":"LineString","coordinates":[[7.2933199,47.0622503],[7.2927965,47.0623923]]}},{"type":"Feature","properties":{"destination":"Interlaken;Thun;Bern-Ostring","highway":"motorway","lanes":"2","maxspeed":"80","oneway":"yes","ref":"A6","surface":"asphalt","toll":"yes","carriage_ref":"B"},"geometry":{"type":"LineString","coordinates":[[7.4722827,46.9654139],[7.4725102,46.965277]]}},{"type":"Feature","properties":{"highway":"motorway","int_ref":"E 27","lanes":"2","maxspeed":"120","oneway":"yes","ref":"A6","surface":"asphalt","toll":"no","carriage_ref":"A"},"geometry":{"type":"LineString","coordinates":[[7.3412232,47.0497354],[7.3405747,47.0499037],[7.3397414,47.0501256],[7.3389139,47.0503554],[7.33843,47.0504895],[7.3379579,47.0506237],[7.336723,47.0509869],[7.3359902,47.0512077],[7.3351653,47.0514691],[7.3347405,47.0516117],[7.3342566,47.0517792],[7.3338682,47.0519248],[7.3334637,47.0520845],[7.3330905,47.0522365],[7.3327461,47.0523842],[7.3324191,47.0525327],[7.3320677,47.0527035],[7.3316941,47.052889],[7.3315174,47.052982],[7.331135,47.0531947],[7.3307756,47.0533953],[7.3305575,47.0535281],[7.3303848,47.0536287],[7.3302186,47.0537385],[7.3300511,47.0538462],[7.3298906,47.0539549],[7.329743,47.0540537],[7.329577,47.0541692],[7.3292783,47.0543854],[7.3291098,47.0545107],[7.3289577,47.0546275],[7.3287774,47.0547691],[7.3285733,47.0549389],[7.3283047,47.0551628],[7.3280333,47.0553956],[7.3278122,47.0555974],[7.3276259,47.0557701],[7.3272341,47.0561305]]}},{"type":"Feature","properties":{"highway":"motorway","lanes":"2","lit":"no","maxspeed":"100","oneway":"yes","ref":"A6","surface":"asphalt","toll":"yes","carriage_ref":"A"},"geometry":{"type":"LineString","coordinates":[[7.5961713,46.7591816],[7.5959234,46.759418],[7.5956859,46.759651],[7.5954547,46.7598892],[7.5952346,46.760128]]}},{"type":"Feature","properties":{"highway":"motorway","int_ref":"E 27","lanes":"3","maxspeed":"120","oneway":"yes","ref":"A6","surface":"asphalt","toll":"no","turn:lanes":"none|none|merge_to_left","carriage_ref":"A"},"geometry":{"type":"LineString","coordinates":[[7.4255268,47.0392164],[7.4250489,47.039321],[7.4245869,47.0394174],[7.4243028,47.0394769]]}},{"type":"Feature","properties":{"highway":"motorway","int_ref":"E 27","lanes":"2","maxspeed":"120","oneway":"yes","ref":"A6","surface":"asphalt","toll":"no","carriage_ref":"B"},"geometry":{"type":"LineString","coordinates":[[7.3271178,47.0560802],[7.3275088,47.055711],[7.3276696,47.0555654],[7.3279214,47.0553265],[7.3282089,47.0550841],[7.3284786,47.0548563],[7.3286643,47.0547019],[7.3288244,47.0545642],[7.3290028,47.0544289],[7.3291642,47.0543087],[7.3294678,47.0540856],[7.3296162,47.053981],[7.3297865,47.0538687],[7.32996,47.0537533],[7.3301127,47.0536485],[7.3302818,47.0535428],[7.33046,47.0534405],[7.3306913,47.0533057],[7.3310789,47.0530829],[7.3314259,47.0528933],[7.3319762,47.0526173],[7.3323411,47.0524398],[7.3326692,47.0522917],[7.3330093,47.0521448],[7.3333849,47.0519897],[7.3337831,47.0518324],[7.3342009,47.0516818],[7.3346879,47.0515089],[7.3351089,47.0513709],[7.3359241,47.051107],[7.3366515,47.0508888],[7.3378903,47.0505272],[7.3383677,47.0503923],[7.338845,47.050262],[7.339666,47.0500379],[7.3405291,47.0498108],[7.3411787,47.049647]]}},{"type":"Feature","properties":{"destination":"Zweisimmen;Wimmis","highway":"motorway","lanes":"1","lit":"no","maxspeed":"120","oneway":"yes","ref":"A6","toll":"yes","carriage_ref":"B"},"geometry":{"type":"LineString","coordinates":[[7.650186,46.6925693],[7.650187,46.6924829],[7.6501799,46.6923509],[7.6501468,46.6920775],[7.6501195,46.691935],[7.6500783,46.6917776],[7.6500386,46.6916486],[7.6499349,46.6913821],[7.6499033,46.6913093],[7.6498486,46.6912068],[7.6498164,46.6911174]]}},{"type":"Feature","properties":{"highway":"motorway","int_ref":"E 27","lanes":"2","maxspeed":"120","oneway":"yes","ref":"A6","surface":"asphalt","toll":"no","carriage_ref":"A"},"geometry":{"type":"LineString","coordinates":[[7.2863437,47.067166],[7.2863559,47.0675122],[7.2863799,47.0678398],[7.2864176,47.0681623],[7.2864556,47.0684662],[7.2865001,47.0687654],[7.286547,47.0690662],[7.2865995,47.0693664],[7.2866648,47.0696925],[7.2867353,47.0700149],[7.286812,47.0703416],[7.2868938,47.0706681],[7.2869751,47.0709717],[7.2870649,47.0712841],[7.2871642,47.0716089],[7.2872648,47.0719311],[7.2873713,47.0722387],[7.2874251,47.0723921],[7.2874798,47.0725383],[7.2875911,47.0728307],[7.2877053,47.0731297],[7.2878334,47.0734377],[7.2879802,47.0737668],[7.2881029,47.0740251],[7.2882421,47.0743119],[7.2883877,47.0745991],[7.2885359,47.0748856],[7.2886903,47.075171],[7.2888488,47.0754558],[7.2889005,47.0755448]]}},{"type":"Feature","properties":{"highway":"motorway","lanes":"3","lit":"no","maxspeed":"120","oneway":"yes","ref":"A6","source:maxspeed":"CH:motorway","toll":"yes","turn:lanes":"none|none|slight_right","carriage_ref":"A"},"geometry":{"type":"LineString","coordinates":[[7.5411245,46.8862141],[7.5411005,46.8863733],[7.5410743,46.8865314],[7.5410452,46.8866983],[7.5410139,46.8868653],[7.5409803,46.8870221],[7.5409471,46.8871663]]}},{"type":"Feature","properties":{"highway":"motorway","int_ref":"E 27","lanes":"2","maxspeed":"100","oneway":"yes","ref":"A6","surface":"asphalt","toll":"no","carriage_ref":"B"},"geometry":{"type":"LineString","coordinates":[[7.2884811,47.0636862],[7.2887102,47.0635654],[7.2889459,47.0634593],[7.2891648,47.0633657],[7.2893768,47.0632818],[7.2895677,47.0632095],[7.289783,47.0631339],[7.290006,47.0630607],[7.2902086,47.0630004],[7.2904438,47.0629303]]}},{"type":"Feature","properties":{"highway":"trunk","int_ref":"E 27","lanes":"2","maxspeed":"100","oneway":"yes","ref":"A6","surface":"asphalt","carriage_ref":"B"},"geometry":{"type":"LineString","coordinates":[[7.2964438,47.0830697],[7.296269,47.0829454],[7.2959164,47.0826995]]}},{"type":"Feature","properties":{"avz":"104","cs_dir:forward":"2","highway":"motorway","lanes":"2","lit":"no","maxspeed":"120","oneway":"yes","ref":"A6","ssvz":"946N","toll":"yes","carriage_ref":"A"},"geometry":{"type":"LineString","coordinates":[[7.509986,46.917863],[7.509481,46.9184109],[7.5083283,46.9196453],[7.5080468,46.9199416]]}},{"type":"Feature","properties":{"highway":"motorway","lanes":"2","lit":"no","maxspeed":"120","oneway":"yes","ref":"A6","source:maxspeed":"CH:motorway","surface":"asphalt","toll":"yes","carriage_ref":"A"},"geometry":{"type":"LineString","coordinates":[[7.600715,46.7860969],[7.6005392,46.7863323],[7.6004057,46.7865038],[7.6002735,46.7866773],[7.6000755,46.7869219],[7.5998826,46.7871559],[7.599677,46.787392],[7.5994788,46.7876179],[7.5992791,46.7878436],[7.5990659,46.7880829],[7.5986942,46.7884753],[7.5983118,46.7888599],[7.5979009,46.7892566],[7.5975633,46.7895688],[7.5973266,46.7897827],[7.5970753,46.7900027],[7.596836,46.7902086],[7.5965783,46.7904214],[7.596317,46.7906356],[7.5960705,46.7908342],[7.5958096,46.7910376],[7.5955818,46.7912129],[7.5954003,46.7913489],[7.5951427,46.7915375],[7.5947452,46.7918226],[7.5945356,46.7919699],[7.5942601,46.7921579],[7.5939808,46.7923455],[7.5936921,46.7925347],[7.5934054,46.7927168],[7.5931098,46.7929024],[7.5928068,46.7930864],[7.5925149,46.7932603],[7.5922124,46.7934364],[7.5919241,46.7936002],[7.5916229,46.793768],[7.5913018,46.7939419],[7.5911464,46.7940238],[7.5908394,46.7941847],[7.590372,46.7944209],[7.5901211,46.7945445],[7.5897809,46.7947103],[7.5894809,46.7948518],[7.5891489,46.7950055],[7.5886636,46.795224],[7.5881805,46.7954378],[7.5875227,46.7957221],[7.5868676,46.7960129],[7.5865269,46.7961649],[7.5861981,46.7963137],[7.5858866,46.7964602],[7.5855656,46.7966152],[7.5852413,46.7967801],[7.5850945,46.7968584],[7.5849431,46.7969392],[7.5847938,46.7970232],[7.5846493,46.7971051],[7.5844904,46.7971984],[7.5843427,46.7972898],[7.5842005,46.7973795],[7.5840609,46.7974723],[7.5839223,46.7975681],[7.5837729,46.7976743],[7.5836605,46.7977586],[7.5835262,46.7978605],[7.5834001,46.7979605],[7.5832889,46.7980543],[7.5831631,46.798164],[7.5830408,46.7982752],[7.5829391,46.7983725],[7.582827,46.7984838],[7.5827141,46.7986024],[7.5826133,46.7987105],[7.582509,46.7988258],[7.5824129,46.7989382],[7.5823234,46.7990473],[7.5822284,46.7991688],[7.5821448,46.7992829],[7.5820587,46.7994061],[7.5819023,46.7996419],[7.5818244,46.7997719],[7.5817506,46.7999007],[7.5816839,46.8000224],[7.5816175,46.8001467],[7.5815493,46.8002722],[7.5814878,46.8003982],[7.581428,46.8005219],[7.5813676,46.8006532],[7.5812856,46.8008419],[7.5812029,46.8010373],[7.5811366,46.8012257],[7.58106,46.8014293],[7.5809479,46.801744],[7.5808327,46.8020677],[7.5807499,46.8023321],[7.5806408,46.8027143],[7.5805269,46.8031038],[7.5804559,46.803372],[7.580394,46.80363],[7.580361,46.8037692],[7.5803311,46.8039229],[7.580304,46.8040715],[7.5802823,46.8042263],[7.5802628,46.8043819]]}},{"type":"Feature","properties":{"highway":"motorway","int_ref":"E 27","lanes":"2","maxspeed":"120","oneway":"yes","ref":"A6","surface":"asphalt","toll":"no","carriage_ref":"B"},"geometry":{"type":"LineString","coordinates":[[7.301678,47.0586219],[7.3018786,47.0585364],[7.3021007,47.0584535],[7.3023111,47.0583859],[7.3025257,47.0583219],[7.3027322,47.0582666],[7.3029414,47.0582148],[7.3031816,47.0581616],[7.3033865,47.0581182],[7.3035956,47.0580787],[7.3037973,47.0580445],[7.3040034,47.058014],[7.3042208,47.0579835],[7.3044401,47.0579576],[7.3046515,47.0579364],[7.304867,47.0579194],[7.3050986,47.0579049],[7.3053067,47.0578951],[7.3055313,47.0578879],[7.3057427,47.0578846],[7.3059575,47.0578856],[7.3061781,47.057891],[7.3065088,47.0579045],[7.3069168,47.0579306],[7.3071467,47.0579527],[7.3073638,47.0579781],[7.3075818,47.0580089],[7.307797,47.0580426],[7.3080151,47.0580797],[7.3082222,47.0581179],[7.3084334,47.0581603],[7.3086372,47.0582041],[7.3088397,47.0582497],[7.3092426,47.0583465],[7.3096477,47.0584544],[7.3100503,47.0585705],[7.3104476,47.0586917],[7.3123028,47.059289],[7.3126989,47.059411],[7.313088,47.0595297],[7.3134896,47.0596438],[7.3138959,47.0597536],[7.314095,47.0598048],[7.3142954,47.0598524],[7.3144987,47.0598972],[7.3147034,47.0599399],[7.314911,47.0599812],[7.3151194,47.0600198],[7.3153287,47.060055],[7.315531,47.0600964],[7.3157342,47.0601256],[7.3159406,47.060152],[7.3161567,47.0601787],[7.3163738,47.0601948],[7.3166003,47.0602136],[7.3168005,47.0602271],[7.3170128,47.0602371],[7.3172177,47.060245],[7.3174243,47.060249],[7.3176785,47.060251],[7.3178796,47.0602468],[7.3180921,47.0602413],[7.3183087,47.0602301],[7.3185124,47.0602163],[7.3187264,47.0602031],[7.3189488,47.0601849],[7.3191456,47.0601615],[7.3193615,47.0601371],[7.3195971,47.0601053],[7.3198335,47.0600709],[7.3201593,47.0600137],[7.3204186,47.059963],[7.3206511,47.0599114],[7.321032,47.0598194],[7.3214614,47.0596983],[7.3218325,47.0595864],[7.3222236,47.0594464],[7.3225056,47.0593431],[7.3228344,47.0592028],[7.3230337,47.0591186],[7.3232062,47.0590355],[7.3233812,47.0589475],[7.3235532,47.058858],[7.3237316,47.058767],[7.3238864,47.0586789],[7.3240485,47.0585813],[7.3242208,47.0584771],[7.3245382,47.0582715],[7.3246875,47.0581695],[7.3248443,47.0580563],[7.3251393,47.057839],[7.3254181,47.0576203],[7.3256966,47.0573854]]}},{"type":"Feature","properties":{"avz":"42","cs_dir:forward":"1","highway":"motorway","lanes":"2","maxspeed":"80","oneway":"yes","ref":"A6","ssvz":"947N","surface":"asphalt","toll":"yes","carriage_ref":"B"},"geometry":{"type":"LineString","coordinates":[[7.4705387,46.9587815],[7.4702722,46.958618],[7.4700608,46.9584871],[7.469844,46.9583535]]}},{"type":"Feature","properties":{"highway":"motorway","int_ref":"E 27","lanes":"2","maxspeed":"120","oneway":"yes","ref":"A6","surface":"asphalt","toll":"no","carriage_ref":"A"},"geometry":{"type":"LineString","coordinates":[[7.4864062,47.0233538],[7.4862804,47.0234564],[7.4861481,47.0235562],[7.4859859,47.0236741],[7.4858193,47.02379],[7.485647,47.0239042],[7.48547,47.0240162],[7.4852872,47.0241244],[7.4851006,47.0242307],[7.4849084,47.0243296],[7.4847131,47.0244266],[7.4845165,47.0245198],[7.4843162,47.0246098],[7.4841128,47.0246956],[7.4839053,47.0247785],[7.4836981,47.0248555],[7.4834891,47.02493],[7.4832673,47.0250049],[7.4830509,47.0250738],[7.48283,47.0251385],[7.4825999,47.0251998],[7.4823686,47.0252569],[7.4821351,47.0253113],[7.4818964,47.025362],[7.4816691,47.0254049],[7.4814396,47.0254446],[7.4812077,47.0254815],[7.4809724,47.025516],[7.480735,47.0255437],[7.4804943,47.0255668],[7.4802595,47.0255871],[7.4800241,47.0256049],[7.4797879,47.0256212],[7.4795504,47.0256348],[7.4785867,47.0256804],[7.4783444,47.0256936],[7.4781033,47.0257105],[7.4778615,47.0257304],[7.4776205,47.0257527],[7.4773804,47.0257771],[7.4771421,47.0258049],[7.4769037,47.025836],[7.4766675,47.0258699],[7.4763901,47.0259155],[7.4761152,47.0259647],[7.4758818,47.0260103],[7.4756509,47.0260594],[7.4754222,47.0261108],[7.4751926,47.0261663],[7.4749647,47.0262257],[7.4745215,47.0263504],[7.4740963,47.0264797],[7.4736565,47.0266227],[7.4732223,47.0267753],[7.4728116,47.0269243],[7.4724213,47.0270711],[7.4720473,47.0272169]]}},{"type":"Feature","properties":{"highway":"motorway","lanes":"3","layer":"-1","lit":"yes","maxspeed":"80","oneway":"yes","ref":"A6","surface":"asphalt","toll":"yes","tunnel":"yes","tunnel:name":"Sonnenhof","turn:lanes":"none|none|merge_to_left","carriage_ref":"B"},"geometry":{"type":"LineString","coordinates":[[7.4730495,46.9431641],[7.4732125,46.9428492],[7.4733906,46.9425383],[7.4735814,46.9422428],[7.4739453,46.9417125],[7.4741787,46.9414165],[7.474422,46.9411328],[7.4745871,46.9409601],[7.4747307,46.9407997],[7.474831,46.9406942],[7.4749407,46.9405671]]}},{"type":"Feature","properties":{"highway":"motorway","int_ref":"E 27","lanes":"3","maxspeed":"120","oneway":"yes","ref":"A6","surface":"asphalt","toll":"no","turn:lanes":"none|none|mergto_left","carriage_ref":"A"},"geometry":{"type":"LineString","coordinates":[[7.2971894,47.0609444],[7.2970058,47.06102],[7.296621,47.0611687],[7.2962025,47.0613252],[7.2958051,47.0614679],[7.2952589,47.0616563]]}},{"type":"Feature","properties":{"highway":"motorway","lanes":"2","maxspeed":"80","oneway":"yes","ref":"A6","surface":"asphalt","toll":"yes","carriage_ref":"B"},"geometry":{"type":"LineString","coordinates":[[7.4727517,46.9472645],[7.4723562,46.9463386],[7.472293,46.9461822],[7.4722411,46.9460336],[7.4721949,46.9458895],[7.4721694,46.9457811],[7.4721504,46.9456802]]}},{"type":"Feature","properties":{"highway":"motorway","int_ref":"E 27","lanes":"2","maxspeed":"120","oneway":"yes","ref":"A6","surface":"asphalt","toll":"no","carriage_ref":"A"},"geometry":{"type":"LineString","coordinates":[[7.3796463,47.048957],[7.3791763,47.0490301],[7.3787155,47.0490959],[7.3782564,47.0491574],[7.3777805,47.0492143],[7.3773206,47.0492697],[7.3768534,47.0493219],[7.3763847,47.0493693],[7.3759154,47.0494139],[7.3754446,47.0494567],[7.374973,47.0494966],[7.374047,47.0495728],[7.3730967,47.0496377],[7.3721554,47.0496939],[7.3713635,47.0497319],[7.3704975,47.0497703],[7.369663,47.0497959],[7.3691909,47.0498081],[7.3687185,47.0498181],[7.3682431,47.0498257],[7.3677678,47.0498284],[7.367297,47.0498279],[7.3668257,47.0498248],[7.3663457,47.0498204],[7.3658673,47.0498041],[7.3654115,47.0497868],[7.3649562,47.049767],[7.3644646,47.0497401],[7.3639733,47.0497057],[7.3630317,47.0496257],[7.3625736,47.0495814],[7.3621169,47.049534],[7.3616284,47.0494746],[7.3606513,47.0493519]]}},{"type":"Feature","properties":{"highway":"motorway","lanes":"2","lit":"no","maxspeed":"120","oneway":"yes","ref":"A6","surface":"asphalt","toll":"yes","carriage_ref":"B"},"geometry":{"type":"LineString","coordinates":[[7.6324067,46.7094369],[7.6325809,46.7092793],[7.6328304,46.709045],[7.6330606,46.7088162],[7.6332842,46.7085754],[7.6334888,46.7083393],[7.6336794,46.708101],[7.6338546,46.7078615],[7.6340206,46.7076151],[7.6341731,46.7073671],[7.6343151,46.7071115],[7.6344497,46.7068548],[7.6345697,46.7066118],[7.635438,46.7047917],[7.6369703,46.7015938],[7.6371441,46.7012343],[7.6373223,46.7008759],[7.6374984,46.7005423],[7.6376505,46.7002602],[7.637779,46.700038],[7.6379043,46.6998311],[7.6380623,46.6995916],[7.6382168,46.6993713],[7.6384107,46.6991135],[7.6385905,46.69889],[7.6387963,46.698649],[7.6390108,46.6984193],[7.6392584,46.6981722],[7.6394114,46.6980235],[7.6395749,46.6978787],[7.639794,46.6976865],[7.6400507,46.6974782],[7.640318,46.6972714],[7.6406064,46.6970631],[7.6408732,46.6968808],[7.6411582,46.6966987],[7.6414487,46.6965166],[7.6417426,46.6963495],[7.6421306,46.6961416],[7.642513,46.6959547],[7.6431029,46.6956919],[7.643402,46.6955685],[7.6436842,46.6954597],[7.6441077,46.6953093],[7.6444856,46.6951863],[7.6448531,46.6950741],[7.6452095,46.6949741],[7.645581,46.6948795],[7.6459635,46.69479],[7.6463523,46.6947101],[7.6467831,46.6946278]]}},{"type":"Feature","properties":{"destination:lanes":"Biel-Bienne|Lyss-Nord;Studen;Worben","highway":"motorway","int_ref":"E 27","lanes":"2","maxspeed":"120","oneway":"yes","ref":"A6","surface":"asphalt","toll":"no","turn:lanes":"slight_left|slight_right","carriage_ref":"A"},"geometry":{"type":"LineString","coordinates":[[7.2889005,47.0755448],[7.2890186,47.0757482],[7.289195,47.0760392],[7.289365,47.0763229],[7.2895401,47.0765959],[7.2897208,47.0768767],[7.2899206,47.0771532],[7.2900789,47.077374],[7.2902443,47.0775944],[7.2904967,47.0779219],[7.2907201,47.0781852],[7.2909368,47.0784276]]}},{"type":"Feature","properties":{"highway":"motorway","lanes":"3","maxspeed":"80","oneway":"yes","ref":"A6","toll":"yes","turn:lanes":"none|none|slight_right","carriage_ref":"A"},"geometry":{"type":"LineString","coordinates":[[7.4756891,46.9399856],[7.475496,46.940161],[7.4753498,46.9403002],[7.4752278,46.9404191],[7.4750384,46.94061],[7.4749187,46.9407331],[7.4748186,46.9408436],[7.4746853,46.9409926]]}},{"type":"Feature","properties":{"destination:lanes":"Interlaken;Thun;Bern-Ostring|Interlaken;Thun;Bern-Ostring;Bern-Wankdorf|Lausanne;Fribourg;Neuchâtel;Bern-Neufeld|Lausanne;Fribourg;Neuchâtel;Bern-Neufeld","highway":"motorway","int_ref":"E 25;E 27","lanes":"4","maxspeed":"80","oneway":"yes","ref":"A1;A6","surface":"asphalt","toll":"yes","turn:lanes":"through|through|slight_right|slight_right","carriage_ref":"B"},"geometry":{"type":"LineString","coordinates":[[7.4687772,46.9763421],[7.4689831,46.9760414],[7.4698652,46.9747944],[7.4698919,46.9747578]]}},{"type":"Feature","properties":{"avz":"95","cs_dir:forward":"1","highway":"motorway","lanes":"2","lit":"no","maxspeed":"120","oneway":"yes","ref":"A6","ssvz":"948N","surface":"asphalt","toll":"yes","carriage_ref":"B"},"geometry":{"type":"LineString","coordinates":[[7.6020752,46.7495076],[7.6021828,46.749141],[7.6022816,46.7487736]]}},{"type":"Feature","properties":{"bridge":"yes","highway":"motorway","lanes":"2","layer":"1","lit":"no","maxspeed":"80","oneway":"yes","ref":"A6","toll":"yes","carriage_ref":"A"},"geometry":{"type":"LineString","coordinates":[[7.472637,46.9443265],[7.4725444,46.9445278],[7.4724649,46.9447085]]}},{"type":"Feature","properties":{"bridge":"yes","highway":"motorway","lanes":"2","layer":"1","lit":"no","maxspeed":"120","oneway":"yes","ref":"A6","surface":"asphalt","toll":"yes","carriage_ref":"A"},"geometry":{"type":"LineString","coordinates":[[7.6010392,46.7381131],[7.6010858,46.7382656]]}},{"type":"Feature","properties":{"highway":"motorway","int_ref":"E 27","lanes":"2","maxspeed":"120","oneway":"yes","ref":"A6","toll":"no","carriage_ref":"B"},"geometry":{"type":"LineString","coordinates":[[7.4720307,47.0270991],[7.4723428,47.0269789],[7.4727417,47.0268309],[7.4731553,47.0266803],[7.4735871,47.026529],[7.4740305,47.0263858],[7.4744661,47.0262541],[7.4749145,47.0261257],[7.4751401,47.026069],[7.475368,47.0260154],[7.4755968,47.025964],[7.4758273,47.025915],[7.4760805,47.0258642],[7.476361,47.0258127],[7.4766436,47.0257688],[7.4768801,47.0257339],[7.4771185,47.0257032],[7.4773558,47.0256748],[7.4775961,47.0256496],[7.4778408,47.0256255],[7.4780866,47.0256051],[7.478327,47.0255886],[7.4785683,47.0255765],[7.479541,47.0255262],[7.4797767,47.0255126],[7.4800117,47.0254971],[7.480245,47.0254796],[7.480478,47.025459],[7.4807048,47.0254381],[7.4809306,47.0254131],[7.4811693,47.0253778],[7.4814042,47.0253396],[7.4816358,47.0252992],[7.4818644,47.0252545],[7.4820955,47.0252066],[7.4823236,47.025155],[7.48255,47.025099],[7.4827721,47.0250384],[7.4829868,47.0249755],[7.4831966,47.0249093],[7.4834132,47.0248369],[7.4836248,47.0247612],[7.4838328,47.0246834],[7.4840364,47.0246009],[7.4842366,47.0245143],[7.4844319,47.0244256],[7.484625,47.0243347],[7.4848174,47.0242416],[7.4850022,47.0241449],[7.4851857,47.024043]]}},{"type":"Feature","properties":{"bridge":"yes","highway":"motorway","int_ref":"E 27","lanes":"2","layer":"1","maxspeed":"120","oneway":"yes","ref":"A6","surface":"asphalt","toll":"no","carriage_ref":"A"},"geometry":{"type":"LineString","coordinates":[[7.3606513,47.0493519],[7.3595685,47.049215],[7.3583183,47.049028],[7.356932,47.0488004]]}},{"type":"Feature","properties":{"bridge":"yes","highway":"motorway","int_ref":"E 27","lanes":"2","layer":"1","maxspeed":"120","oneway":"yes","ref":"A6","surface":"asphalt","toll":"no","carriage_ref":"A"},"geometry":{"type":"LineString","coordinates":[[7.3272341,47.0561305],[7.3265154,47.056799],[7.3258058,47.057446]]}},{"type":"Feature","properties":{"highway":"motorway","lanes":"3","lit":"no","maxspeed":"120","oneway":"yes","ref":"A6","surface":"asphalt","toll":"yes","turn:lanes":"none|none|slight_right","carriage_ref":"B"},"geometry":{"type":"LineString","coordinates":[[7.6018578,46.7840022],[7.6019828,46.7837407],[7.6020997,46.7834836],[7.6022023,46.7832369],[7.6022825,46.78303]]}},{"type":"Feature","properties":{"highway":"motorway","lanes":"2","lit":"no","maxspeed":"120","oneway":"yes","ref":"A6","source:maxspeed":"CH:motorway","surface":"asphalt","toll":"yes","carriage_ref":"A"},"geometry":{"type":"LineString","coordinates":[[7.5804419,46.8078592],[7.5804375,46.8079565],[7.5804275,46.8080504],[7.5804104,46.8081884],[7.5803884,46.8083223],[7.5803606,46.8084656],[7.5803277,46.8086114],[7.5802933,46.8087438],[7.5802474,46.8088967]]}},{"type":"Feature","properties":{"bridge":"yes","highway":"motorway","lanes":"2","layer":"1","lit":"no","maxspeed":"120","oneway":"yes","ref":"A6","surface":"asphalt","toll":"yes","carriage_ref":"B"},"geometry":{"type":"LineString","coordinates":[[7.6009998,46.7384683],[7.6009055,46.7382098]]}},{"type":"Feature","properties":{"highway":"motorway","int_ref":"E 27","lanes":"2","maxspeed":"100","oneway":"yes","ref":"A6","surface":"asphalt","toll":"no","carriage_ref":"A"},"geometry":{"type":"LineString","coordinates":[[7.288275,47.0639477],[7.2880502,47.0640935],[7.2878771,47.0642166],[7.2877301,47.064332],[7.287583,47.0644572],[7.2874464,47.0645849],[7.2873267,47.0647044],[7.2872009,47.0648412],[7.287084,47.0649848],[7.2870027,47.0650804],[7.2868488,47.0653142],[7.2867553,47.0654718],[7.2866718,47.0656267],[7.2866052,47.0657779],[7.2865441,47.0659271],[7.2864934,47.0660755],[7.2864517,47.0662325],[7.2864166,47.0663886],[7.2863692,47.0666956],[7.2863511,47.0669306],[7.2863437,47.067166]]}},{"type":"Feature","properties":{"highway":"motorway","int_ref":"E 27","lanes":"2","maxspeed":"120","oneway":"yes","ref":"A6","surface":"asphalt","toll":"no","carriage_ref":"B"},"geometry":{"type":"LineString","coordinates":[[7.3541305,47.0482848],[7.3545643,47.0483434],[7.3549982,47.0484036],[7.3564654,47.0486269],[7.3572268,47.0487476]]}},{"type":"Feature","properties":{"highway":"motorway","lanes":"2","maxspeed":"80","oneway":"yes","ref":"A6","surface":"asphalt","toll":"yes","carriage_ref":"B"},"geometry":{"type":"LineString","coordinates":[[7.4747181,46.9636883],[7.4748116,46.9635411],[7.4748697,46.9634359],[7.4749082,46.9633489]]}},{"type":"Feature","properties":{"highway":"motorway","int_ref":"E 27","lanes":"2","maxspeed":"120","oneway":"yes","ref":"A6","surface":"asphalt","toll":"no","carriage_ref":"A"},"geometry":{"type":"LineString","coordinates":[[7.4341383,47.0369854],[7.4338483,47.0370712],[7.4334111,47.0371932],[7.4325448,47.0374386],[7.4321104,47.0375618],[7.4316725,47.0376828],[7.4307977,47.0379239],[7.4299254,47.0381551],[7.4290418,47.0383797],[7.4281504,47.0386054],[7.4272724,47.0388173],[7.4268303,47.0389218],[7.4263858,47.0390243],[7.4255268,47.0392164]]}},{"type":"Feature","properties":{"avz":"42","cs_dir:forward":"1","highway":"motorway","lanes":"3","maxspeed":"80","oneway":"yes","ref":"A6","ssvz":"947N","surface":"asphalt","toll":"yes","turn:lanes":"none|none|merge_to_left","carriage_ref":"B"},"geometry":{"type":"LineString","coordinates":[[7.4721121,46.9597449],[7.4715994,46.9594305],[7.4711579,46.9591608],[7.4708617,46.9589796],[7.4705387,46.9587815]]}},{"type":"Feature","properties":{"bridge":"yes","highway":"motorway","lanes":"3","layer":"2","lit":"no","maxspeed":"120","oneway":"yes","ref":"A6","surface":"asphalt","toll":"yes","turn:lanes":"none|none|merge_to_left","carriage_ref":"B"},"geometry":{"type":"LineString","coordinates":[[7.5800471,46.8089835],[7.5800927,46.8088652]]}},{"type":"Feature","properties":{"bridge":"yes","highway":"motorway","int_ref":"E 25;E 27","lanes":"3","layer":"1","maxspeed":"100","oneway":"yes","ref":"A1;A6","surface":"asphalt","toll":"yes","carriage_ref":"B"},"geometry":{"type":"LineString","coordinates":[[7.4717097,46.9882515],[7.471522,46.9881641]]}},{"type":"Feature","properties":{"highway":"motorway","lanes":"2","lit":"no","maxspeed":"100","oneway":"yes","ref":"A6","toll":"yes","carriage_ref":"B"},"geometry":{"type":"LineString","coordinates":[[7.6407119,46.6818959],[7.6405877,46.6817011],[7.6404141,46.6814127],[7.6401666,46.6809561],[7.6392855,46.6792123],[7.6391673,46.6789771],[7.6389927,46.6786702],[7.6389253,46.6785628]]}},{"type":"Feature","properties":{"highway":"motorway","lanes":"3","lit":"no","maxspeed":"120","oneway":"yes","ref":"A6","source:maxspeed":"CH:motorway","surface":"asphalt","toll":"yes","turn:lanes":"none|none|slight_right","carriage_ref":"A"},"geometry":{"type":"LineString","coordinates":[[7.5804078,46.8069788],[7.5804299,46.8072265],[7.5804416,46.8074305],[7.5804463,46.8076364],[7.5804419,46.8078592]]}},{"type":"Feature","properties":{"destination:lanes":"Lausanne;Neuchâtel;Biel/Bienne;Nidau|Zürich;Delémont;Solothurn;Orpund|Brügg;Port","destination:ref:lanes":"5|E27;5;16|","highway":"motorway","int_ref":"E 27","lanes":"3","maxspeed":"80","oneway":"yes","ref":"A6","surface":"asphalt","turn:lanes":"none|none|slight_right","carriage_ref":"A"},"geometry":{"type":"LineString","coordinates":[[7.2680807,47.1214492],[7.2674178,47.1214727],[7.2668869,47.1215417]]}},{"type":"Feature","properties":{"highway":"motorway","lanes":"2","lit":"no","maxspeed":"120","oneway":"yes","ref":"A6","surface":"asphalt","toll":"yes","carriage_ref":"B"},"geometry":{"type":"LineString","coordinates":[[7.6015917,46.7845026],[7.6017247,46.784258],[7.6018578,46.7840022]]}},{"type":"Feature","properties":{"destination:lanes":"Biel/Bienne;Münchenbuchsee|Biel/Bienne;Münchenbuchsee|Schönbühl;Einkaufszentrum","highway":"motorway","int_ref":"E 27","lanes":"3","maxspeed":"80","oneway":"yes","ref":"A6","surface":"asphalt","toll":"no","carriage_ref":"A"},"geometry":{"type":"LineString","coordinates":[[7.4938943,47.0143127],[7.4938063,47.014357],[7.4936278,47.0144548],[7.4934455,47.0145591],[7.4932777,47.0146613],[7.4930732,47.0147945],[7.4929048,47.0149094],[7.4927447,47.0150247],[7.4925826,47.0151458],[7.492422,47.0152713],[7.4921828,47.0154619],[7.4919579,47.0156524],[7.4913741,47.016147],[7.4910501,47.0164277],[7.490696,47.0167368],[7.4905915,47.0168315]]}},{"type":"Feature","properties":{"bridge":"yes","highway":"trunk","int_ref":"E 27","lanes":"1","layer":"1","maxspeed":"100","oneway":"yes","ref":"A6","surface":"asphalt","toll":"no","carriage_ref":"A"},"geometry":{"type":"LineString","coordinates":[[7.2957523,47.0824248],[7.2959893,47.0825812]]}},{"type":"Feature","properties":{"highway":"motorway","lanes":"3","lit":"no","maxspeed":"120","oneway":"yes","ref":"A6","source:maxspeed":"CH:motorway","surface":"asphalt","toll":"yes","turn:lanes":"none|none|slight_right","carriage_ref":"A"},"geometry":{"type":"LineString","coordinates":[[7.602194,46.77684],[7.6023642,46.7772467],[7.602487,46.7775617]]}},{"type":"Feature","properties":{"highway":"motorway","lanes":"2","lit":"no","maxspeed":"120","oneway":"yes","ref":"A6","toll":"yes","carriage_ref":"A"},"geometry":{"type":"LineString","coordinates":[[7.5063089,46.9217599],[7.5056134,46.9224794],[7.5050814,46.9230281],[7.5044636,46.9236616]]}},{"type":"Feature","properties":{"avz":"271","cs_dir:forward":"1","highway":"motorway","lanes":"2","lit":"no","maxspeed":"100","oneway":"yes","ref":"A6","surface":"asphalt","toll":"yes","carriage_ref":"B"},"geometry":{"type":"LineString","coordinates":[[7.4861293,46.937008],[7.4870452,46.9369247],[7.4879554,46.9368419],[7.4888753,46.9367569],[7.489335,46.9367124],[7.4897915,46.9366632],[7.4900186,46.9366373],[7.4902463,46.9366095],[7.4904789,46.9365798],[7.4907063,46.9365479],[7.4909246,46.9365156],[7.4911502,46.9364797],[7.4913749,46.936442],[7.4915957,46.9364016],[7.4918178,46.9363581],[7.4920444,46.936311],[7.4922623,46.9362625],[7.4924786,46.9362114],[7.4926962,46.9361573],[7.4929159,46.9360996],[7.4931299,46.9360403],[7.4933379,46.9359803],[7.4935504,46.9359151],[7.4937598,46.9358477],[7.4939693,46.9357776],[7.4941855,46.9357011]]}},{"type":"Feature","properties":{"highway":"motorway","lanes":"2","lit":"no","maxspeed":"80","oneway":"yes","ref":"A6","surface":"asphalt","toll":"yes","carriage_ref":"B"},"geometry":{"type":"LineString","coordinates":[[7.4725235,46.9443007],[7.4727079,46.9439],[7.4728839,46.9435144],[7.4729475,46.9433756],[7.4730143,46.9432366]]}},{"type":"Feature","properties":{"highway":"motorway","int_ref":"E 27","lanes":"2","maxspeed":"120","oneway":"yes","ref":"A6","surface":"asphalt","toll":"no","carriage_ref":"A"},"geometry":{"type":"LineString","coordinates":[[7.2927965,47.0623923],[7.2922815,47.0625399],[7.2916898,47.0627047],[7.2911197,47.062863]]}},{"type":"Feature","properties":{"highway":"motorway","lanes":"2","maxspeed":"80","oneway":"yes","ref":"A6","surface":"asphalt","toll":"yes","carriage_ref":"A"},"geometry":{"type":"LineString","coordinates":[[7.4722698,46.9456711],[7.4722869,46.9457705],[7.4723113,46.9458727],[7.4723518,46.9460095],[7.4724058,46.9461604],[7.4724709,46.9463112],[7.4728695,46.9472489],[7.4729472,46.9474308],[7.4730286,46.9476318],[7.4731045,46.947831],[7.4731721,46.948041],[7.4732092,46.9481784],[7.4732379,46.9483144],[7.4732609,46.9484526],[7.473276,46.9485894],[7.473281,46.948724],[7.4732773,46.9488586],[7.4732658,46.948999],[7.4732456,46.9491328],[7.4732161,46.9492718],[7.4731826,46.9493957],[7.4731384,46.9495284],[7.4730836,46.9496673],[7.4730248,46.9497994],[7.4729591,46.9499317],[7.4728881,46.950058],[7.4728097,46.9501895],[7.4727324,46.9503107],[7.4726434,46.9504395],[7.4725514,46.9505674],[7.4723584,46.9508207],[7.472264,46.9509378],[7.47217,46.9510527],[7.4719729,46.9512871],[7.4715806,46.951754],[7.471187,46.9522198],[7.4705904,46.9529245],[7.4697905,46.9538659],[7.4694884,46.9542249],[7.4691857,46.9545858],[7.4689986,46.9548175],[7.4689085,46.9549373],[7.4688258,46.9550568],[7.468748,46.9551815],[7.4686799,46.9553057],[7.4686185,46.9554336],[7.4685738,46.9555453],[7.4685358,46.9556615],[7.4684966,46.9558178],[7.4684751,46.9559542],[7.4684628,46.956093],[7.468461,46.9562529],[7.4684688,46.9563594],[7.4684872,46.9564964],[7.4685132,46.9566271],[7.4685513,46.9567586],[7.4685775,46.9568337],[7.4686099,46.9569171],[7.4686903,46.9570774],[7.4687448,46.9571821],[7.4687988,46.9572716],[7.4688552,46.957352],[7.4689232,46.9574447],[7.4690178,46.9575572],[7.4691216,46.9576693],[7.4692349,46.9577787],[7.4693547,46.9578823],[7.4694829,46.9579841],[7.4696158,46.9580815],[7.4697602,46.9581801],[7.4699232,46.9582865]]}},{"type":"Feature","properties":{"highway":"motorway","int_ref":"E 27","lanes":"2","maxspeed":"120","oneway":"yes","ref":"A6","surface":"asphalt","toll":"no","carriage_ref":"B"},"geometry":{"type":"LineString","coordinates":[[7.3430118,47.0491996],[7.3437064,47.049024],[7.3441209,47.0489268],[7.3445409,47.0488311],[7.3449491,47.0487343],[7.3453601,47.0486375],[7.3457819,47.048556],[7.3462031,47.0484813],[7.346604,47.0484154],[7.3470365,47.0483477],[7.3474675,47.0482866],[7.3478961,47.0482332],[7.3483472,47.0481842],[7.3487652,47.0481473],[7.3491969,47.0481163],[7.3497179,47.0480865],[7.3502397,47.048074],[7.3504536,47.0480698],[7.350668,47.0480691],[7.351095,47.0480729],[7.3515155,47.048085],[7.3519676,47.0481053],[7.3524145,47.0481204],[7.3528524,47.0481511],[7.3532822,47.0481901],[7.353713,47.0482335],[7.3541305,47.0482848]]}},{"type":"Feature","properties":{"highway":"motorway","lanes":"2","layer":"1","lit":"no","maxspeed":"120","oneway":"yes","ref":"A6","source:maxspeed":"CH:motorway","surface":"asphalt","toll":"yes","carriage_ref":"A"},"geometry":{"type":"LineString","coordinates":[[7.5995834,46.7728686],[7.6002071,46.7736487],[7.6004979,46.7740443],[7.6007817,46.7744396],[7.601031,46.7748035],[7.601275,46.7751695],[7.6015267,46.7755715]]}},{"type":"Feature","properties":{"highway":"motorway","int_ref":"E 25;E 27","lanes":"3","maxspeed":"100","maxspeed:variable":"yes","oneway":"yes","ref":"A1;A6","surface":"asphalt","toll":"yes","carriage_ref":"A"},"geometry":{"type":"LineString","coordinates":[[7.4673707,46.9792413],[7.4672075,46.9796015],[7.4670777,46.979937],[7.4669778,46.9802405],[7.4669305,46.9804054],[7.4668887,46.9805739],[7.4668524,46.9807425],[7.4668231,46.9809054],[7.4667988,46.9810769],[7.4667812,46.9812505],[7.4667661,46.9814066],[7.4667584,46.9815625],[7.4667543,46.9817352],[7.4667578,46.9819093],[7.4667739,46.9821831],[7.4667879,46.9823299],[7.4668059,46.9824745],[7.4668318,46.9826364],[7.4668606,46.9827949],[7.4668945,46.9829479],[7.4669343,46.983104],[7.466979,46.9832611],[7.467025,46.9834091],[7.4670781,46.9835649],[7.4671339,46.9837105],[7.4672005,46.9838739],[7.4672771,46.9840488],[7.4673506,46.9842002],[7.467426,46.9843471],[7.467512,46.9845015],[7.4676021,46.9846546],[7.4676955,46.9848043],[7.4677885,46.984944],[7.4678959,46.9850982],[7.468002,46.9852422],[7.4681107,46.9853809],[7.4682209,46.9855163],[7.4683368,46.9856514],[7.4684538,46.9857835],[7.4685908,46.9859279],[7.4687314,46.9860698],[7.4688581,46.9861929],[7.468986,46.986313],[7.4691283,46.9864402],[7.469282,46.986571],[7.4694205,46.9866848],[7.4695523,46.9867887],[7.4697472,46.9869387],[7.4699718,46.9871001],[7.4701807,46.9872409],[7.4703976,46.9873824],[7.4705443,46.9874722],[7.4706953,46.9875625],[7.4708498,46.98765],[7.471011,46.9877398],[7.4711726,46.9878262],[7.4713413,46.9879156],[7.4716286,46.9880559]]}},{"type":"Feature","properties":{"highway":"motorway","lanes":"2","lit":"no","maxspeed":"100","oneway":"yes","ref":"A6","surface":"asphalt","toll":"yes","carriage_ref":"B"},"geometry":{"type":"LineString","coordinates":[[7.4994142,46.9322026],[7.4995029,46.9320651],[7.4995896,46.9319168],[7.4996677,46.9317677],[7.4997419,46.9316103],[7.4998033,46.9314634],[7.4998623,46.9313088],[7.4999186,46.9311507],[7.5001114,46.9305483],[7.5005099,46.9293024],[7.5006045,46.9290063],[7.500713,46.9286759],[7.5008234,46.9283637],[7.5009406,46.9280568],[7.5010632,46.9277612],[7.5011318,46.9276083],[7.5012059,46.9274523],[7.5012806,46.9273009],[7.5013626,46.9271482]]}},{"type":"Feature","properties":{"highway":"motorway","lanes":"2","maxspeed":"80","oneway":"yes","ref":"A6","toll":"yes","carriage_ref":"A"},"geometry":{"type":"LineString","coordinates":[[7.4861544,46.9370921],[7.4856846,46.9371349],[7.484794,46.9372162],[7.4838509,46.9373019],[7.4833948,46.9373436],[7.4829353,46.9373855],[7.4827052,46.9374072],[7.4824785,46.9374298],[7.4822529,46.9374533],[7.4820285,46.9374775],[7.4817929,46.9375049],[7.4815757,46.937532],[7.4813507,46.9375625],[7.4811227,46.9375963],[7.4809003,46.937633],[7.4806723,46.9376728],[7.4804594,46.9377138],[7.4802423,46.9377601],[7.480026,46.9378099],[7.479802,46.9378658],[7.4795954,46.9379218],[7.4793728,46.9379865],[7.4791617,46.9380523],[7.4789335,46.9381282],[7.4787464,46.9381944],[7.4785416,46.9382712],[7.4783435,46.9383511],[7.4781432,46.938436],[7.4779502,46.9385222],[7.4777602,46.9386126],[7.4775655,46.9387098],[7.4773795,46.938808],[7.4772068,46.9389048],[7.4770216,46.9390128],[7.4768411,46.939124],[7.4766763,46.9392313],[7.4765131,46.9393422],[7.4763494,46.9394591],[7.4762025,46.9395703],[7.4760483,46.93969],[7.4758915,46.9398165],[7.4756891,46.9399856]]}},{"type":"Feature","properties":{"highway":"motorway","lanes":"2","lit":"no","maxspeed":"80","oneway":"yes","ref":"A6","toll":"yes","carriage_ref":"B"},"geometry":{"type":"LineString","coordinates":[[7.6389253,46.6785628],[7.6388341,46.6784315],[7.6388254,46.6784191],[7.6387151,46.6782798],[7.638555,46.6780966],[7.6383202,46.6778712],[7.6380213,46.6776291],[7.6376911,46.6773964],[7.6373426,46.6771758],[7.6372025,46.6770905],[7.6369288,46.6769399],[7.6367273,46.6768344]]}},{"type":"Feature","properties":{"highway":"motorway","int_ref":"E 27","lanes":"3","maxspeed":"120","oneway":"yes","ref":"A6","surface":"asphalt","toll":"no","turn:lanes":"none|none|merge_to_left","carriage_ref":"A"},"geometry":{"type":"LineString","coordinates":[[7.3822554,47.0484065],[7.3819046,47.048494],[7.3814643,47.0485973],[7.3810205,47.0486945],[7.3805684,47.0487912],[7.3801055,47.0488795],[7.3796463,47.048957]]}},{"type":"Feature","properties":{"destination":"Interlaken;Thun|Interlaken;Thun;Lausanne;Fribourg|Lausanne;Fribourg","highway":"motorway","int_ref":"E 25;E 27","lanes":"3","maxspeed":"80","oneway":"yes","ref":"A1;A6","surface":"asphalt","toll":"yes","carriage_ref":"B"},"geometry":{"type":"LineString","coordinates":[[7.4668941,46.9835922],[7.4668413,46.9834404],[7.4667917,46.9832838],[7.4667483,46.9831275],[7.4667084,46.9829719],[7.4666746,46.9828128],[7.4666449,46.9826552],[7.4666191,46.9824916],[7.4666003,46.9823429],[7.4665861,46.9821944],[7.4665672,46.9819119],[7.4665663,46.9817351],[7.4665703,46.981559],[7.4665788,46.9814015],[7.4665926,46.98124],[7.4666109,46.9810679]]}},{"type":"Feature","properties":{"highway":"trunk","int_ref":"E 27","lanes":"2","lanes:backward":"1","lanes:forward":"1","maxspeed":"80","oneway":"no","ref":"A6","surface":"asphalt","toll":"no","carriage_ref":"B"},"geometry":{"type":"LineString","coordinates":[[7.2782607,47.1193621],[7.2784961,47.1191957],[7.2786683,47.1190762],[7.2788107,47.1189825],[7.2789423,47.1189054]]}},{"type":"Feature","properties":{"highway":"motorway","lanes":"2","lit":"no","maxspeed":"120","oneway":"yes","ref":"A6","surface":"asphalt","toll":"yes","carriage_ref":"B"},"geometry":{"type":"LineString","coordinates":[[7.5801079,46.8043593],[7.5801271,46.8042151],[7.5801507,46.8040575],[7.5801762,46.8039045],[7.5802107,46.8037511],[7.5802414,46.8036084],[7.5803056,46.8033492],[7.5803786,46.8030772],[7.58049,46.8026901],[7.5805987,46.8023073],[7.5806855,46.8020396],[7.5807994,46.8017172],[7.580915,46.801395],[7.5809879,46.8011971],[7.5810525,46.8010108],[7.5811353,46.800809],[7.5812239,46.8006154],[7.5812805,46.800487],[7.5813419,46.8003568],[7.5814063,46.8002285],[7.5814706,46.8001033],[7.5815333,46.799981],[7.5816031,46.799855],[7.5816797,46.7997269],[7.5817636,46.7995936],[7.5819208,46.7993555],[7.5820071,46.7992327],[7.5820923,46.7991172],[7.5821877,46.7989955],[7.5822804,46.7988805],[7.5823792,46.7987664],[7.5824838,46.7986494],[7.5825825,46.7985445],[7.5826938,46.7984275],[7.582816,46.7983084],[7.5829247,46.7982051],[7.5830429,46.7980987],[7.5831724,46.7979852],[7.5832879,46.7978902],[7.5834159,46.7977877],[7.5835474,46.7976845],[7.5836754,46.7975904],[7.5838156,46.7974902],[7.5839561,46.7973941],[7.584099,46.7972998],[7.5842452,46.7972066],[7.5843869,46.7971205],[7.5845491,46.797024],[7.5847009,46.7969379],[7.5848528,46.7968522],[7.5850098,46.7967687],[7.5851518,46.7966932],[7.5854816,46.7965265],[7.5858063,46.7963701],[7.5861185,46.7962228],[7.5864439,46.7960745],[7.5867768,46.7959264],[7.5874325,46.7956401],[7.588093,46.7953482],[7.5885812,46.7951321],[7.5890718,46.7949122],[7.5893856,46.794768],[7.5897046,46.7946169],[7.590031,46.794459],[7.5902762,46.7943381],[7.5907478,46.7940983],[7.5910437,46.7939421],[7.5912074,46.7938542],[7.5915199,46.7936847],[7.5918202,46.7935151],[7.5921124,46.7933502],[7.5924139,46.7931748],[7.5927024,46.7930024],[7.5930058,46.7928184],[7.5932978,46.792635],[7.5935853,46.7924507],[7.5938755,46.792263],[7.5941497,46.7920766],[7.5944195,46.7918917],[7.5946261,46.7917492],[7.5950265,46.7914624],[7.5952741,46.7912803],[7.5954603,46.7911395],[7.5956832,46.7909676],[7.5959493,46.7907588],[7.5962033,46.7905564],[7.5964567,46.7903469],[7.5967114,46.7901407],[7.5969458,46.7899373],[7.5972037,46.789712],[7.5974399,46.7894994],[7.5977747,46.7891896],[7.5981758,46.7888029],[7.5985743,46.7884005],[7.5989394,46.7880179],[7.5991506,46.7877816],[7.5993489,46.7875546],[7.5995461,46.7873293],[7.5997429,46.7871014],[7.5999364,46.7868692],[7.600137,46.7866227],[7.6002747,46.7864467],[7.6004084,46.7862729],[7.6005901,46.7860358]]}},{"type":"Feature","properties":{"destination":"Bern;Thun-Süd","highway":"motorway","lanes":"1","maxspeed":"50","oneway":"yes","ref":"A6","toll":"yes","carriage_ref":"A"},"geometry":{"type":"LineString","coordinates":[[7.650708,46.6931677],[7.6508015,46.6935208],[7.6508296,46.6936826],[7.6508326,46.6937836],[7.6508283,46.6938385],[7.650807,46.6939249],[7.6507565,46.6940392],[7.6507247,46.6940896],[7.6506635,46.694155],[7.6505886,46.6942203],[7.6504836,46.6942826],[7.6504366,46.6943047],[7.6503361,46.6943467],[7.6502101,46.6943883],[7.6501141,46.6944137]]}},{"type":"Feature","properties":{"highway":"motorway","lanes":"3","lit":"no","maxspeed":"120","oneway":"yes","ref":"A6","surface":"asphalt","toll":"yes","turn:lanes":"none|none|merge_to_left","carriage_ref":"B"},"geometry":{"type":"LineString","coordinates":[[7.5407051,46.8875895],[7.5407399,46.8874631],[7.5407725,46.8873367],[7.5408173,46.887152],[7.5408505,46.8870073],[7.5408849,46.8868503],[7.5409164,46.8866871],[7.5409447,46.886521],[7.5409702,46.8863644],[7.5409939,46.8862076],[7.5410351,46.8858903],[7.5410717,46.8855717],[7.5411006,46.8852495]]}},{"type":"Feature","properties":{"avz":"163","cs_dir:forward":"1","highway":"motorway","int_ref":"E 27","lanes":"2","maxspeed":"120","oneway":"yes","ref":"A6","ssvz":"701","toll":"no","carriage_ref":"B"},"geometry":{"type":"LineString","coordinates":[[7.4646534,47.0297696],[7.4650649,47.0296541],[7.4654728,47.0295344],[7.4659179,47.0293961],[7.4663605,47.0292555],[7.4667894,47.0291134],[7.4672156,47.0289694],[7.4676429,47.0288204],[7.4680656,47.0286681],[7.4685115,47.0285009],[7.4689542,47.0283315],[7.469393,47.0281577],[7.4698295,47.0279833],[7.4708469,47.0275726],[7.4720307,47.0270991]]}},{"type":"Feature","properties":{"bridge":"yes","highway":"motorway","int_ref":"E 25;E 27","lanes":"3","layer":"3","maxspeed":"100","maxspeed:variable":"yes","oneway":"yes","ref":"A1;A6","surface":"asphalt","toll":"yes","carriage_ref":"A"},"geometry":{"type":"LineString","coordinates":[[7.467951,46.9780798],[7.4677743,46.9783931],[7.4676702,46.9785948],[7.4675808,46.9788004],[7.4674725,46.9790312],[7.4673707,46.9792413]]}},{"type":"Feature","properties":{"highway":"motorway","int_ref":"E 27","lanes":"2","maxspeed":"60","oneway":"yes","ref":"A6","surface":"asphalt","toll":"no","carriage_ref":"A"},"geometry":{"type":"LineString","coordinates":[[7.4967694,47.0132995],[7.4960803,47.0134886],[7.4957548,47.0135801],[7.4956115,47.0136203],[7.4954597,47.0136663],[7.4952822,47.0137218],[7.4951013,47.0137835],[7.4948882,47.0138624],[7.4946869,47.0139391],[7.494336,47.0141032]]}},{"type":"Feature","properties":{"bridge":"yes","highway":"motorway","int_ref":"E 27","lanes":"2","layer":"1","maxspeed":"100","oneway":"yes","ref":"A6","surface":"asphalt","toll":"no","carriage_ref":"A"},"geometry":{"type":"LineString","coordinates":[[7.2885732,47.0637753],[7.2884201,47.0638596],[7.288275,47.0639477]]}},{"type":"Feature","properties":{"highway":"motorway","int_ref":"E 27","lanes":"3","maxspeed":"120","oneway":"yes","ref":"A6","surface":"asphalt","toll":"no","turn:lanes":"none|none|mergto_left","carriage_ref":"A"},"geometry":{"type":"LineString","coordinates":[[7.2986012,47.0603076],[7.2983663,47.0604178],[7.2981763,47.0605086],[7.2979534,47.0606122],[7.2977408,47.0607081]]}},{"type":"Feature","properties":{"avz":"56","cs_dir:forward":"1","highway":"motorway","int_ref":"E 25;E 27","lanes":"4","maxspeed":"100","oneway":"yes","ref":"A1;A6","ssvz":"944N","surface":"asphalt","toll":"yes","turn:lanes":"none|none|none|merge_to_left","carriage_ref":"A"},"geometry":{"type":"LineString","coordinates":[[7.4790039,46.9905219],[7.4792001,46.990603],[7.4793904,46.9906849],[7.4795745,46.9907694],[7.4797698,46.9908622],[7.4799642,46.9909589],[7.4801527,46.9910578],[7.4803482,46.9911631],[7.4805424,46.9912749],[7.480717,46.9913795],[7.4809006,46.9914948],[7.4810671,46.991602],[7.4812425,46.9917221],[7.4814069,46.9918413],[7.4815567,46.9919532],[7.4817251,46.9920868]]}},{"type":"Feature","properties":{"highway":"motorway","lanes":"2","lit":"no","maxspeed:lanes":"80|60","oneway":"yes","ref":"A6","toll":"yes","carriage_ref":"B"},"geometry":{"type":"LineString","coordinates":[[7.6363893,46.676668],[7.6360032,46.6764955],[7.6357519,46.6763932]]}},{"type":"Feature","properties":{"highway":"motorway","lanes":"2","lit":"no","maxspeed":"120","oneway":"yes","ref":"A6","surface":"asphalt","toll":"yes","carriage_ref":"B"},"geometry":{"type":"LineString","coordinates":[[7.5411006,46.8852495],[7.5411229,46.8849505],[7.5411528,46.8844421],[7.5412237,46.8827166],[7.5412465,46.882292],[7.5412793,46.8817872],[7.541329,46.8812593],[7.5413575,46.8810014],[7.541392,46.8807409],[7.5414526,46.8803467],[7.5414951,46.8800986],[7.5415228,46.8799588],[7.5415653,46.8797447],[7.5416656,46.8792899],[7.5417618,46.8789078],[7.5418732,46.878504],[7.5419327,46.8783075],[7.5419931,46.8781052],[7.5421376,46.8776763],[7.5422072,46.8774769],[7.5422817,46.8772753],[7.5423659,46.8770608],[7.5424449,46.8768601],[7.5425505,46.8766044],[7.5426859,46.8762947],[7.5428512,46.8759358],[7.5429876,46.8756549],[7.5431293,46.8753752],[7.543322,46.8750128],[7.5434584,46.874765],[7.5435996,46.8745194],[7.5437413,46.8742812],[7.5438878,46.8740387],[7.5442006,46.873544],[7.544508,46.8730734],[7.5448269,46.8725995],[7.5450782,46.8722336],[7.5454057,46.8717597],[7.5465624,46.8700927],[7.5478083,46.868297],[7.5490543,46.8665043],[7.5506983,46.8641404],[7.5527831,46.8611366],[7.5549299,46.8580353],[7.5551288,46.8577371],[7.5553253,46.8574406],[7.555627,46.8569702],[7.5558515,46.8566079],[7.556072,46.8562374],[7.5562797,46.8558722],[7.556486,46.8555067],[7.5566771,46.8551295],[7.5568054,46.854883],[7.5569308,46.8546321],[7.5570503,46.8543845],[7.5571683,46.8541345],[7.5573437,46.853752],[7.5575121,46.853367],[7.5576181,46.8531121],[7.5577219,46.8528552],[7.5578235,46.8525994],[7.5579201,46.8523422],[7.5580149,46.8520868],[7.5581035,46.851832],[7.5581906,46.8515761],[7.5582738,46.8513189],[7.5584355,46.8507985],[7.5585827,46.8502759],[7.5586884,46.849879],[7.5587844,46.8494788],[7.5588634,46.8491234],[7.5589377,46.8487673],[7.5590104,46.8483778],[7.5590774,46.8479881],[7.5591373,46.8475907],[7.5591913,46.8471934],[7.5592514,46.8466662],[7.5592764,46.846404],[7.5592982,46.8461396],[7.5593386,46.8454783],[7.5593659,46.8448125],[7.5594154,46.8434888],[7.5594334,46.8430857],[7.559455,46.8426821],[7.5594836,46.842291],[7.5595181,46.841901],[7.5595584,46.8415014],[7.5596113,46.8411012],[7.5596515,46.8408326],[7.559697,46.8405683],[7.5597497,46.8403109],[7.5598053,46.840048],[7.5598684,46.8397854],[7.5599346,46.8395261],[7.5600097,46.8392643],[7.560089,46.8389984],[7.5601727,46.838744],[7.5602569,46.8384919],[7.5603494,46.8382351],[7.5604424,46.837981],[7.5605918,46.8375935],[7.5607456,46.8372102],[7.5609045,46.8368295],[7.56107,46.8364492],[7.5612434,46.8360658],[7.5614253,46.8356805],[7.5616106,46.8353009],[7.561803,46.8349217],[7.5619964,46.8345555],[7.5621943,46.8341886],[7.5624773,46.8336834],[7.5627678,46.8331949],[7.5629161,46.8329518],[7.5630662,46.8327081],[7.5632224,46.8324638],[7.5633811,46.8322188],[7.5635416,46.8319756],[7.5637049,46.8317324],[7.5639539,46.8313694],[7.564214,46.8310036],[7.5645625,46.8305292],[7.5647393,46.8302939],[7.5649194,46.8300575],[7.5651004,46.8298262],[7.5652871,46.8295947],[7.5654652,46.8293635],[7.5656531,46.8291324],[7.5658474,46.8288974],[7.5660465,46.8286652],[7.5662432,46.8284398],[7.5664337,46.8282183],[7.5666325,46.8279962],[7.5668368,46.8277754],[7.5670199,46.8275775],[7.5672057,46.827382],[7.5673924,46.8271866],[7.5675804,46.8269909],[7.5683425,46.8262159],[7.5689867,46.825564],[7.5692049,46.825341],[7.5694208,46.8251171],[7.5697312,46.8247892],[7.5700363,46.8244606],[7.5702388,46.8242332],[7.5704382,46.8240051],[7.5705732,46.8238474],[7.570705,46.8236884],[7.5708343,46.8235286],[7.5709606,46.8233685],[7.5711436,46.8231294],[7.5713198,46.8228886],[7.5714409,46.8227196],[7.5715584,46.8225489],[7.5716739,46.8223787],[7.5717872,46.8222085],[7.5720179,46.8218428],[7.5722354,46.8214735],[7.5723715,46.8212292],[7.5724978,46.8209831],[7.5726507,46.8206701],[7.5728077,46.8203559],[7.5729184,46.8200947],[7.5729808,46.8199502],[7.5731351,46.8195775],[7.5732241,46.8193534],[7.573309,46.8191293],[7.5733791,46.8189316],[7.5734442,46.8187359],[7.5735059,46.8185381],[7.5735628,46.818342],[7.5736386,46.8180709],[7.5737457,46.8176485],[7.5738438,46.817225],[7.5739365,46.8168282],[7.574019,46.8164296],[7.5741296,46.8158905],[7.5741863,46.8156207],[7.5742561,46.8153533],[7.5742948,46.8152237],[7.574338,46.8150942],[7.5743859,46.8149622],[7.5744393,46.8148298],[7.5744947,46.8147027],[7.5745553,46.8145773],[7.5746228,46.8144492],[7.5746939,46.8143219],[7.5747692,46.8141976],[7.5748478,46.814074],[7.5749358,46.8139469],[7.5750277,46.8138227],[7.5751185,46.8137081],[7.575213,46.8135945],[7.5753164,46.8134766],[7.5754245,46.8133592],[7.5755367,46.813242],[7.5756537,46.8131294],[7.5757719,46.8130213],[7.575894,46.8129139],[7.5760173,46.8128113],[7.5761487,46.8127079],[7.5762823,46.8126087],[7.5764234,46.812509],[7.5765586,46.8124124],[7.576699,46.8123169],[7.5769837,46.8121276],[7.5776637,46.8116857],[7.5779218,46.8115097],[7.5780502,46.8114185]]}},{"type":"Feature","properties":{"destination":"Interlaken;Kandersteg;Sweisimmen;Thun - Süd","highway":"motorway","lanes":"2","lit":"no","maxspeed":"120","oneway":"yes","ref":"A6","surface":"asphalt","toll":"yes","carriage_ref":"B"},"geometry":{"type":"LineString","coordinates":[[7.6022825,46.78303],[7.6023597,46.7828168],[7.6024407,46.7825752],[7.6025186,46.7823107],[7.6025897,46.7820392],[7.6026472,46.7817762],[7.6026872,46.7815749],[7.6027214,46.7813587],[7.6027425,46.7811878],[7.6027708,46.7809356],[7.6027918,46.7806723],[7.602801,46.780385],[7.6028045,46.7801149],[7.6027978,46.7798486],[7.6027786,46.7795709],[7.6027466,46.7792723],[7.6027041,46.7789815],[7.6026544,46.778706],[7.6025944,46.7784391],[7.6025304,46.7781864],[7.6024583,46.7779394],[7.6023447,46.777592],[7.6022184,46.7772694],[7.6021048,46.7769933]]}},{"type":"Feature","properties":{"highway":"trunk","int_ref":"E 27","lanes":"4","lanes:backward":"2","lanes:forward":"2","maxspeed":"100","oneway":"no","ref":"A6","surface":"asphalt","toll":"no","turn:lanes:backward":"none|merge_to_left","turn:lanes:forward":"none|slight_right","carriage_ref":"B"},"geometry":{"type":"LineString","coordinates":[[7.2997559,47.0856839],[7.29909470245,47.08511291616]]}},{"type":"Feature","properties":{"destination:lanes":"Zürich;Basel;Kirchberg|Lausanne;Interlaken;Bern","highway":"motorway","int_ref":"E 27","lanes":"2","maxspeed":"80","oneway":"yes","ref":"A6","surface":"asphalt","toll":"no","carriage_ref":"B"},"geometry":{"type":"LineString","coordinates":[[7.4885364,47.019795],[7.4886986,47.0193358],[7.488804,47.0190638],[7.4888707,47.0189048],[7.4889384,47.0187491],[7.4890105,47.0185981],[7.4890783,47.0184639],[7.4891632,47.0183058],[7.4892954,47.0180716],[7.4894575,47.0178396],[7.4896316,47.0176113],[7.4897533,47.0174697],[7.4898891,47.017326],[7.4900475,47.0171686],[7.490217,47.0170108],[7.4905868,47.0166808],[7.4909467,47.0163648],[7.4912733,47.0160812],[7.4918499,47.0155921]]}},{"type":"Feature","properties":{"bridge":"yes","highway":"motorway","lanes":"2","layer":"1","maxspeed":"80","oneway":"yes","ref":"A6","surface":"asphalt","toll":"yes","carriage_ref":"A"},"geometry":{"type":"LineString","coordinates":[[7.4702277,46.9697758],[7.4704126,46.9701172],[7.4705329,46.9703604],[7.470628,46.9705717]]}},{"type":"Feature","properties":{"highway":"motorway","int_ref":"E 27","lanes":"2","maxspeed":"100","oneway":"yes","ref":"A6","toll":"no","carriage_ref":"B"},"geometry":{"type":"LineString","coordinates":[[7.4851857,47.024043],[7.4853644,47.0239379],[7.4855375,47.0238281],[7.4857061,47.0237158],[7.485875,47.0235975],[7.48604,47.0234778],[7.4861476,47.0233975]]}},{"type":"Feature","properties":{"highway":"motorway","int_ref":"E 27","lanes":"2","maxspeed":"120","oneway":"yes","ref":"A6","surface":"asphalt","toll":"no","carriage_ref":"A"},"geometry":{"type":"LineString","coordinates":[[7.3258058,47.057446],[7.3255055,47.0576949],[7.3252338,47.057915],[7.3249825,47.0581031],[7.3248342,47.0582107],[7.3246582,47.058333],[7.3243709,47.0585236],[7.3242266,47.0586129],[7.3240462,47.0587223],[7.3238695,47.0588226],[7.323705,47.0589132],[7.3235305,47.0590015],[7.3233659,47.0590844],[7.3231784,47.0591738],[7.3229933,47.0592578],[7.3227921,47.0593484],[7.322648,47.0594057],[7.3224893,47.0594683],[7.3221954,47.0595786],[7.3219688,47.0596573],[7.3217003,47.0597463],[7.3212954,47.0598622],[7.320907,47.0599607],[7.3204755,47.0600606],[7.3200493,47.060142],[7.3196177,47.0602097],[7.3192062,47.0602642],[7.3187713,47.0603061],[7.3183687,47.0603332],[7.3181358,47.0603425],[7.3179302,47.0603471],[7.3177188,47.0603535],[7.3174957,47.0603544],[7.3172759,47.0603499],[7.3170432,47.0603425],[7.3168282,47.0603327],[7.3166127,47.0603215],[7.3164109,47.0603072],[7.3161856,47.060286],[7.3159679,47.0602614],[7.3157422,47.0602343],[7.3155092,47.0601959],[7.3152951,47.0601592],[7.315085,47.0601236],[7.3148749,47.0600856],[7.3146659,47.0600434],[7.3144596,47.0600007],[7.3142539,47.0599553],[7.3140497,47.0599066],[7.3138486,47.0598542],[7.3134441,47.0597437],[7.3130404,47.0596305],[7.3126431,47.0595109],[7.3122486,47.059389],[7.3103845,47.0587901],[7.3099832,47.0586678],[7.3095803,47.0585506],[7.3091867,47.058447],[7.3087816,47.0583478],[7.3085793,47.0583032],[7.3083767,47.0582598],[7.3081786,47.0582196],[7.3079809,47.0581825],[7.3077609,47.0581453],[7.3075502,47.0581134],[7.3073407,47.0580844],[7.3071181,47.0580582],[7.3069059,47.0580387],[7.3064814,47.0580111],[7.3061822,47.0579972],[7.3059625,47.0579923],[7.3057525,47.0579915],[7.3055434,47.0579937],[7.3053226,47.058],[7.305117,47.0580088],[7.304899,47.0580234],[7.3046811,47.0580412],[7.3044688,47.0580626],[7.3042537,47.0580881],[7.3040408,47.058117],[7.3038346,47.0581556],[7.3036134,47.0582011],[7.303428,47.0582407],[7.3032328,47.0582837]]}},{"type":"Feature","properties":{"highway":"motorway","lanes":"2","lit":"no","maxspeed":"120","oneway":"yes","ref":"A6","surface":"asphalt","toll":"yes","carriage_ref":"B"},"geometry":{"type":"LineString","coordinates":[[7.5802816,46.8076375],[7.5802781,46.8074366],[7.5802653,46.8072352],[7.5802439,46.806979],[7.5802266,46.8068311],[7.5801576,46.8063016],[7.580128,46.8060667],[7.5801041,46.8058371],[7.580089,46.8056977],[7.5800767,46.8055617],[7.5800714,46.8054334],[7.5800666,46.8052967],[7.5800623,46.8050625],[7.5800673,46.8048277],[7.5800837,46.8046247],[7.5801016,46.8044283]]}},{"type":"Feature","properties":{"highway":"motorway","lanes":"3","lit":"no","maxspeed":"120","oneway":"yes","ref":"A6","surface":"asphalt","toll":"yes","turn:lanes":"||merge_to_left","carriage_ref":"B"},"geometry":{"type":"LineString","coordinates":[[7.6020385,46.7406708],[7.6018809,46.740333],[7.601713,46.7399961],[7.6015137,46.7396018],[7.6013181,46.7392071],[7.6011597,46.7388718],[7.6010757,46.7386657],[7.6009998,46.7384683]]}},{"type":"Feature","properties":{"highway":"motorway","lanes":"2","lit":"no","maxspeed":"100","oneway":"yes","ref":"A6","toll":"yes","carriage_ref":"A"},"geometry":{"type":"LineString","coordinates":[[7.5039307,46.9242112],[7.5034189,46.9247383],[7.503233,46.9249294],[7.503033,46.9251403],[7.5027971,46.9253914],[7.5025366,46.9256864],[7.5023123,46.9259538],[7.5022018,46.926092],[7.5020954,46.9262299],[7.5019792,46.9263895],[7.5018878,46.9265186],[7.5017956,46.9266559],[7.5017144,46.9267805],[7.5016357,46.9269055]]}},{"type":"Feature","properties":{"bridge":"yes","highway":"trunk","int_ref":"E 27","lanes":"2","layer":"1","maxspeed":"80","oneway":"no","ref":"A6","surface":"asphalt","toll":"no","carriage_ref":"B"},"geometry":{"type":"LineString","coordinates":[[7.3023136,47.1093839],[7.3025048,47.1092197]]}},{"type":"Feature","properties":{"destination":"Interlaken;Thun;Bern-Ostring|Lausanne;Interlaken;Bern-Wankdorf|Lausanne;Fribourg;Neuchâtel;Bern-Neufeld","highway":"motorway","int_ref":"E 25;E 27","lanes":"3","maxspeed":"80","oneway":"yes","ref":"A1;A6","surface":"asphalt","toll":"yes","carriage_ref":"B"},"geometry":{"type":"LineString","coordinates":[[7.4683446,46.9770454],[7.4685342,46.9767373],[7.4687772,46.9763421]]}},{"type":"Feature","properties":{"highway":"motorway","int_ref":"E 27","lanes":"2","maxspeed":"120","oneway":"yes","ref":"A6","toll":"no","carriage_ref":"B"},"geometry":{"type":"LineString","coordinates":[[7.3608211,47.0492794],[7.3616477,47.0493812],[7.3621291,47.0494348],[7.3625889,47.0494794],[7.3630496,47.0495209],[7.363985,47.0495975],[7.3644757,47.0496312],[7.3649672,47.0496588],[7.3654167,47.0496789],[7.3658672,47.0496967],[7.3663423,47.0497111],[7.3668186,47.0497165],[7.3672881,47.0497192],[7.3677578,47.0497198],[7.3682338,47.0497175],[7.36871,47.049711],[7.3691792,47.0497008],[7.3696485,47.049689],[7.3704844,47.0496602],[7.3713389,47.0496257],[7.372143,47.049585],[7.3730848,47.0495301],[7.3740215,47.0494659],[7.3749514,47.0493901],[7.3754206,47.0493504],[7.3758897,47.0493089],[7.3763528,47.0492646],[7.3768194,47.0492159],[7.3772843,47.049163],[7.3777458,47.0491092],[7.3782265,47.0490505],[7.3786831,47.0489896],[7.3791357,47.048926],[7.3796122,47.0488514],[7.3800606,47.048776],[7.3805203,47.0486874],[7.3809744,47.0485925],[7.3814127,47.0484977],[7.3818513,47.0483953],[7.382467,47.0482352],[7.3829529,47.0480991],[7.3833683,47.0479725],[7.3837888,47.0478373],[7.3842105,47.0476973],[7.3846223,47.0475488],[7.385074,47.0473813],[7.3854815,47.0472271]]}},{"type":"Feature","properties":{"avz":"42","cs_dir:forward":"2","highway":"motorway","lanes":"2","maxspeed":"80","oneway":"yes","ref":"A6","ssvz":"947N","surface":"asphalt","toll":"yes","carriage_ref":"A"},"geometry":{"type":"LineString","coordinates":[[7.4699232,46.9582865],[7.470136,46.9584181],[7.4703577,46.9585559],[7.470946,46.9589158],[7.4712441,46.9590983],[7.4714842,46.9592458]]}},{"type":"Feature","properties":{"highway":"motorway","lanes":"2","lit":"no","maxspeed":"120","oneway":"yes","ref":"A6","toll":"yes","carriage_ref":"A"},"geometry":{"type":"LineString","coordinates":[[7.6358314,46.6763337],[7.6360709,46.6764313],[7.6362607,46.6765147],[7.6364767,46.6766132],[7.6365951,46.6766716]]}},{"type":"Feature","properties":{"highway":"motorway","lanes":"2","lit":"no","maxspeed":"120","oneway":"yes","ref":"A6","toll":"yes","carriage_ref":"A"},"geometry":{"type":"LineString","coordinates":[[7.5044636,46.9236616],[7.5039307,46.9242112]]}},{"type":"Feature","properties":{"highway":"motorway","int_ref":"E 25;E 27","lanes":"3","maxspeed":"100","oneway":"yes","ref":"A1;A6","surface":"asphalt","toll":"yes","carriage_ref":"B"},"geometry":{"type":"LineString","coordinates":[[7.4762429,46.9897462],[7.4758191,46.9896251],[7.4754178,46.9895098]]}},{"type":"Feature","properties":{"bridge":"yes","highway":"motorway","lanes":"2","layer":"1","lit":"no","maxspeed":"120","oneway":"yes","ref":"A6","surface":"asphalt","toll":"yes","carriage_ref":"B"},"geometry":{"type":"LineString","coordinates":[[7.5994729,46.7729537],[7.5993102,46.772759]]}},{"type":"Feature","properties":{"highway":"motorway","lanes":"3","lit":"no","maxspeed":"120","oneway":"yes","ref":"A6","source:maxspeed":"CH:motorway","surface":"asphalt","toll":"yes","turn:lanes":"||merge_to_left","carriage_ref":"A"},"geometry":{"type":"LineString","coordinates":[[7.6024513,46.7830079],[7.6023523,46.7832674],[7.6022479,46.7835135],[7.6021302,46.7837768],[7.6020017,46.7840436],[7.6018691,46.7842996],[7.6017375,46.7845382],[7.6015897,46.7847904]]}},{"type":"Feature","properties":{"destination:lanes":"Lausanne;Neuchâtel;Biel/Bienne;Nidau","fixme":"Verify destinations. Derived from proceeding sign.","highway":"motorway","lanes":"2","oneway":"yes","ref":"A6","surface":"asphalt","carriage_ref":"A"},"geometry":{"type":"LineString","coordinates":[[7.26391390979,47.12214868734],[7.26329282143,47.12227353517],[7.26272392632,47.12239073341],[7.26210939007,47.12252413525],[7.2616219373,47.12262243548]]}},{"type":"Feature","properties":{"highway":"motorway","int_ref":"E 27","lanes":"3","maxspeed":"120","oneway":"yes","ref":"A6","surface":"asphalt","toll":"no","turn:lanes":"none|none|slight_right","carriage_ref":"A"},"geometry":{"type":"LineString","coordinates":[[7.4351611,47.0366887],[7.4341383,47.0369854]]}},{"type":"Feature","properties":{"highway":"motorway","lanes":"3","lit":"no","maxspeed":"120","oneway":"yes","ref":"A6","source:maxspeed":"CH:motorway","toll":"yes","turn:lanes":"none|none|slight_right","carriage_ref":"A"},"geometry":{"type":"LineString","coordinates":[[7.5434416,46.875051],[7.5432484,46.8754147],[7.5431115,46.8756859],[7.5429771,46.8759628],[7.5428534,46.8762289]]}},{"type":"Feature","properties":{"highway":"motorway","lanes":"1","lit":"no","oneway":"yes","ref":"A6","toll":"yes","carriage_ref":"B"},"geometry":{"type":"LineString","coordinates":[[7.6357519,46.6763932],[7.6353945,46.6762445],[7.6352008,46.676172],[7.6348109,46.6760422],[7.6344223,46.6759241],[7.6340076,46.6758106],[7.633436,46.6756622],[7.6323281,46.6754005],[7.6314936,46.6752112],[7.6310803,46.6751166]]}},{"type":"Feature","properties":{"highway":"motorway","int_ref":"E 27","lanes":"3","maxspeed":"120","oneway":"yes","ref":"A6","surface":"asphalt","toll":"no","turn:lanes":"none|none|merge_to_left","carriage_ref":"B"},"geometry":{"type":"LineString","coordinates":[[7.2915196,47.0792662],[7.2912513,47.0790114],[7.2909995,47.0787595],[7.2907478,47.0785],[7.2905186,47.0782558],[7.2903043,47.078007],[7.2900235,47.07767],[7.2898554,47.0774498],[7.2896866,47.0772245]]}},{"type":"Feature","properties":{"bridge":"yes","highway":"trunk","int_ref":"E 27","lanes":"2","lanes:backward":"1","lanes:forward":"1","layer":"1","maxspeed":"80","mindistance:hgv":"120","oneway":"no","ref":"A6","surface":"asphalt","toll":"no","carriage_ref":"B"},"geometry":{"type":"LineString","coordinates":[[7.27656,47.12051],[7.2767899,47.1203766]]}},{"type":"Feature","properties":{"destination:lanes":"||Bern-Ostring","highway":"motorway","lanes":"3","lit":"yes","maxspeed":"80","oneway":"yes","ref":"A6","toll":"yes","tunnel:name":"Sonnenhof","turn:lanes":"none|none|slight_right","carriage_ref":"A"},"geometry":{"type":"LineString","coordinates":[[7.4731669,46.943181],[7.4731364,46.9432407]]}},{"type":"Feature","properties":{"highway":"motorway","int_ref":"E 27","lanes":"2","maxspeed":"100","oneway":"yes","ref":"A6","surface":"asphalt","toll":"no","carriage_ref":"A"},"geometry":{"type":"LineString","coordinates":[[7.2911197,47.062863],[7.290803,47.0629465],[7.2905088,47.063028],[7.2902769,47.0630958],[7.2900665,47.0631614],[7.2898405,47.0632355],[7.2896321,47.063309],[7.289396,47.0633966],[7.2891967,47.0634777],[7.2889986,47.0635624],[7.2887804,47.0636661],[7.2885732,47.0637753]]}},{"type":"Feature","properties":{"bridge":"yes","highway":"motorway","lanes":"2","layer":"2","lit":"no","maxspeed":"120","oneway":"yes","ref":"A6","source:maxspeed":"CH:motorway","toll":"yes","carriage_ref":"A"},"geometry":{"type":"LineString","coordinates":[[7.5801192,46.8092034],[7.5800595,46.8093337]]}},{"type":"Feature","properties":{"highway":"motorway","int_ref":"E 27","lanes":"2","maxspeed":"100","oneway":"yes","ref":"A6","surface":"asphalt","toll":"no","carriage_ref":"B"},"geometry":{"type":"LineString","coordinates":[[7.2862159,47.0666745],[7.2862618,47.0663672],[7.2863033,47.0661947],[7.2863479,47.0660325],[7.2864011,47.0658774],[7.2864607,47.0657285],[7.286534,47.0655753],[7.2866116,47.0654207],[7.286705,47.0652649],[7.2867976,47.06512],[7.2868744,47.0650227],[7.2869597,47.0649124],[7.2870934,47.0647567],[7.28721,47.0646312],[7.2873393,47.0645016],[7.2874824,47.0643711],[7.2876291,47.0642505],[7.2877848,47.0641302],[7.2879592,47.0640068],[7.2881881,47.0638568]]}},{"type":"Feature","properties":{"destination":"Zürich;Basel;Biel/Bienne","destination:int_ref":"E 25;E 27","destination:ref":"1;6","highway":"motorway","lanes":"2","maxspeed":"80","oneway":"yes","ref":"A6","surface":"asphalt","toll":"yes","carriage_ref":"A"},"geometry":{"type":"LineString","coordinates":[[7.4726813,46.9599776],[7.4731628,46.9602723]]}},{"type":"Feature","properties":{"bridge":"yes","highway":"motorway","lanes":"2","layer":"1","lit":"no","maxspeed":"120","oneway":"yes","ref":"A6","surface":"asphalt","toll":"yes","carriage_ref":"B"},"geometry":{"type":"LineString","coordinates":[[7.5991087,46.7725087],[7.5990253,46.7724013]]}},{"type":"Feature","properties":{"highway":"motorway","int_ref":"E 27","lanes":"2","maxspeed":"120","oneway":"yes","ref":"A6","surface":"asphalt","toll":"no","carriage_ref":"B"},"geometry":{"type":"LineString","coordinates":[[7.2995217,47.0596812],[7.2998671,47.0594875],[7.3002116,47.0592968],[7.30054,47.0591312],[7.3007355,47.0590302],[7.3009239,47.0589423],[7.3011148,47.0588503],[7.3012782,47.0587805],[7.3014696,47.0587029],[7.301678,47.0586219]]}},{"type":"Feature","properties":{"bridge":"yes","highway":"motorway","lanes":"2","layer":"1","maxspeed":"80","oneway":"yes","ref":"A6","surface":"asphalt","toll":"yes","carriage_ref":"A"},"geometry":{"type":"LineString","coordinates":[[7.4751382,46.9630395],[7.4751068,46.9631527],[7.4750798,46.9632347],[7.4750501,46.9633181]]}},{"type":"Feature","properties":{"avz":"56","cs_dir:forward":"2","highway":"motorway","int_ref":"E 25;E 27","lanes":"4","maxspeed:lanes":"100|100|100|60","oneway":"yes","ref":"A1;A6","ssvz":"944N","surface":"asphalt","toll":"yes","turn:lanes":"none|none|none|slight_right","carriage_ref":"B"},"geometry":{"type":"LineString","coordinates":[[7.4794668,46.9908767],[7.4792793,46.9907932],[7.4790798,46.9907054],[7.4788174,46.9905965]]}},{"type":"Feature","properties":{"highway":"motorway","lanes":"2","lit":"no","maxspeed":"120","oneway":"yes","ref":"A6","toll":"yes","carriage_ref":"B"},"geometry":{"type":"LineString","coordinates":[[7.6448312,46.6867304],[7.6445264,46.6861593],[7.644356,46.6858591],[7.6441738,46.6855612],[7.6439767,46.6852665],[7.6438722,46.6851224],[7.6436443,46.6848394],[7.6435222,46.6847002],[7.6432624,46.6844299],[7.6429863,46.6841682],[7.6426997,46.6839119],[7.6419699,46.683279],[7.6416827,46.6830182],[7.6415463,46.6828866],[7.6412838,46.6826163],[7.6411618,46.6824816],[7.6409294,46.6821978],[7.6408236,46.6820536],[7.6407119,46.6818959]]}},{"type":"Feature","properties":{"highway":"trunk","int_ref":"E 27","lanes":"2","maxspeed":"80","oneway":"no","ref":"A6","surface":"asphalt","toll":"no","carriage_ref":"B"},"geometry":{"type":"LineString","coordinates":[[7.3016801,47.1100109],[7.3018324,47.1098537],[7.3021065,47.1095756],[7.3023136,47.1093839]]}},{"type":"Feature","properties":{"bridge":"yes","highway":"motorway","lanes":"2","layer":"2","lit":"no","maxspeed":"120","oneway":"yes","ref":"A6","surface":"asphalt","toll":"yes","carriage_ref":"A"},"geometry":{"type":"LineString","coordinates":[[7.6325312,46.7095091],[7.632293,46.7097195],[7.6320574,46.7099131],[7.6318306,46.7100724],[7.6316136,46.7102085]]}},{"type":"Feature","properties":{"highway":"trunk","int_ref":"E 27","lanes":"2","lanes:backward":"1","lanes:forward":"1","maxspeed":"80","mindistance:hgv":"120","oneway":"no","ref":"A6","surface":"asphalt","toll":"no","carriage_ref":"B"},"geometry":{"type":"LineString","coordinates":[[7.2767899,47.1203766],[7.2769425,47.1202814],[7.2770875,47.1201799]]}},{"type":"Feature","properties":{"bridge":"yes","destination":"Interlaken;Thun;Bern-Ostring|Lausanne;Interlaken;Bern-Wankdorf|Lausanne;Fribourg;Neuchâtel;Bern-Neufeld","highway":"motorway","int_ref":"E 25;E 27","lanes":"3","layer":"3","maxspeed":"80","oneway":"yes","ref":"A1;A6","surface":"asphalt","toll":"yes","carriage_ref":"B"},"geometry":{"type":"LineString","coordinates":[[7.4671728,46.9791969],[7.4672692,46.9789861],[7.4673769,46.9787581],[7.4674786,46.9785544],[7.467582,46.9783462],[7.4677588,46.9780251],[7.467942,46.9777082],[7.4681357,46.9773736],[7.4683446,46.9770454]]}},{"type":"Feature","properties":{"highway":"trunk","int_ref":"E 27","lanes":"3","lanes:backward":"1","lanes:forward":"2","maxspeed":"100","oneway":"no","ref":"A6","surface":"asphalt","toll":"no","turn:lanes:forward":"none|merge_to_left","carriage_ref":"B"},"geometry":{"type":"LineString","coordinates":[[7.3033822,47.1085291],[7.3036121,47.1083767],[7.3038933,47.1081875],[7.3041981,47.1080005],[7.304482,47.1078302],[7.3047696,47.1076735],[7.3051181,47.1074916]]}},{"type":"Feature","properties":{"destination":"Bern - Wankdorf","highway":"motorway","lanes":"2","lit":"no","maxspeed":"80","oneway":"yes","ref":"A6","toll":"yes","carriage_ref":"A"},"geometry":{"type":"LineString","coordinates":[[7.4731364,46.9432407],[7.473058,46.9434014],[7.472995,46.9435378],[7.4728211,46.9439218],[7.472637,46.9443265]]}},{"type":"Feature","properties":{"highway":"motorway","int_ref":"E 27","lanes":"2","maxspeed":"120","oneway":"yes","ref":"A6","surface":"asphalt","toll":"no","carriage_ref":"A"},"geometry":{"type":"LineString","coordinates":[[7.356932,47.0488004],[7.3564246,47.0487206],[7.3549848,47.0485041],[7.3545464,47.048444],[7.3541055,47.0483875],[7.3536944,47.0483403],[7.3532659,47.0482962],[7.352838,47.0482576],[7.3524064,47.0482274],[7.3519581,47.0482119],[7.3515157,47.0481945],[7.3510992,47.0481824],[7.3506807,47.0481764],[7.3504629,47.0481769],[7.3502437,47.0481802],[7.349736,47.0481936],[7.3492298,47.0482192],[7.3487943,47.0482544],[7.3483552,47.0482943],[7.3479527,47.0483355],[7.3475135,47.0483878],[7.3470796,47.0484492],[7.3466642,47.0485136],[7.3462506,47.0485825],[7.3458282,47.0486596],[7.3453953,47.0487526],[7.34499,47.0488422],[7.3445866,47.0489301],[7.3441676,47.0490218],[7.3437639,47.0491137],[7.3430559,47.0492859]]}},{"type":"Feature","properties":{"highway":"motorway","lanes":"3","lit":"no","maxspeed":"120","oneway":"yes","ref":"A6","source:maxspeed":"CH:motorway","toll":"yes","turn:lanes":"none|none|merge_to_left","carriage_ref":"A"},"geometry":{"type":"LineString","coordinates":[[7.5379968,46.8918692],[7.5377089,46.8921245],[7.5373814,46.8924102],[7.5365445,46.8931321],[7.5364159,46.8932462]]}},{"type":"Feature","properties":{"bridge":"yes","highway":"motorway","lanes":"3","layer":"1","lit":"no","maxspeed":"120","oneway":"yes","ref":"A6","surface":"asphalt","toll":"yes","turn:lanes":"none|none|merge_to_left","carriage_ref":"B"},"geometry":{"type":"LineString","coordinates":[[7.6021048,46.7769933],[7.6018961,46.776542],[7.6016635,46.7761131]]}},{"type":"Feature","properties":{"destination":"Bern;Thun-Süd","highway":"motorway","lanes":"1","oneway":"yes","ref":"A6","toll":"yes","carriage_ref":"A"},"geometry":{"type":"LineString","coordinates":[[7.6501141,46.6944137],[7.6499409,46.6944492],[7.6496995,46.6944789],[7.6488008,46.694526],[7.6484873,46.6945454],[7.6481793,46.6945743],[7.6475303,46.6946212]]}},{"type":"Feature","properties":{"avz":"56","cs_dir:forward":"2","highway":"motorway","int_ref":"E 25;E 27","lanes":"3","maxspeed":"100","oneway":"yes","ref":"A1;A6","ssvz":"944N","surface":"asphalt","toll":"yes","carriage_ref":"B"},"geometry":{"type":"LineString","coordinates":[[7.4871319,46.9981266],[7.4870451,46.9980447],[7.4865828,46.9976127],[7.4863088,46.9973545],[7.4860241,46.997085],[7.4857567,46.99682],[7.4854912,46.9965497],[7.4852561,46.9963019],[7.4850429,46.9960659],[7.4848379,46.9958364],[7.4846012,46.9955611],[7.4843698,46.9952821],[7.4841333,46.99499],[7.4839013,46.9946981],[7.4834616,46.9941447],[7.4831021,46.9937051],[7.4829373,46.9935112],[7.4826755,46.9932159],[7.4825451,46.9930726],[7.4824222,46.992943],[7.4822864,46.9928062],[7.4821532,46.992675],[7.4820164,46.9925457],[7.4818746,46.9924153],[7.4817344,46.9922971],[7.4815882,46.9921766],[7.4814098,46.9920377],[7.4812639,46.9919276],[7.481106,46.9918147],[7.4809241,46.9916882],[7.4807769,46.9915921],[7.4805943,46.9914789],[7.4804158,46.9913725]]}},{"type":"Feature","properties":{"bridge":"yes","highway":"motorway","lanes":"3","layer":"1","lit":"no","maxspeed":"80","oneway":"yes","ref":"A6","toll":"yes","turn:lanes":"none|none|merge_to_left","carriage_ref":"A"},"geometry":{"type":"LineString","coordinates":[[7.4724649,46.9447085],[7.472412,46.9448256],[7.472363,46.9449494],[7.4723195,46.9450767],[7.4722872,46.9452047],[7.4722648,46.9453359],[7.4722552,46.9454688],[7.4722572,46.9455778],[7.4722698,46.9456711]]}},{"type":"Feature","properties":{"highway":"motorway","int_ref":"E 27","lanes":"2","maxspeed":"120","oneway":"yes","ref":"A6","surface":"asphalt","toll":"no","carriage_ref":"A"},"geometry":{"type":"LineString","coordinates":[[7.4243028,47.0394769],[7.4236796,47.0396075],[7.4226581,47.0398019],[7.4216387,47.0399928],[7.4207364,47.0401548],[7.4202828,47.040233],[7.4198272,47.0403083],[7.4187132,47.0404909],[7.4175879,47.0406673],[7.4171997,47.0407291],[7.4168087,47.040786],[7.4158952,47.0409221],[7.4149743,47.0410516],[7.4140525,47.0411789],[7.4133834,47.0412673],[7.4127147,47.0413573],[7.4117709,47.041475],[7.4108286,47.0415959],[7.4099037,47.0417113],[7.4089812,47.0418302],[7.4080395,47.0419434],[7.4071016,47.0420619],[7.405228,47.0422951],[7.40337,47.0425341],[7.4015098,47.0427755],[7.4005854,47.0428991],[7.3996514,47.0430359],[7.3987419,47.0431761],[7.3982234,47.0432602],[7.397715,47.0433509],[7.3972518,47.0434282],[7.3968079,47.043512],[7.3963532,47.0435995],[7.3959011,47.0436941],[7.3954557,47.0437897],[7.3950064,47.0438904],[7.394555,47.0439972],[7.3941397,47.0440995],[7.3937232,47.04421],[7.3932876,47.0443307],[7.3928555,47.0444538],[7.392415,47.0445848],[7.3919963,47.0447155],[7.3915733,47.0448553],[7.3911594,47.0449974],[7.3907516,47.0451444],[7.3903222,47.0453029],[7.3898884,47.0454743],[7.3895084,47.0456282],[7.3890992,47.045799],[7.3886989,47.0459678],[7.3883137,47.0461469],[7.3877138,47.0464017],[7.3871187,47.0466615],[7.3865217,47.0469197],[7.3859187,47.0471726]]}},{"type":"Feature","properties":{"avz":"42","cs_dir:forward":"2","highway":"motorway","lanes":"3","maxspeed":"80","oneway":"yes","ref":"A6","ssvz":"947N","surface":"asphalt","toll":"yes","turn:lanes":"none|none|slight_right","carriage_ref":"A"},"geometry":{"type":"LineString","coordinates":[[7.4714842,46.9592458],[7.4716802,46.9593662],[7.4723579,46.9597801]]}},{"type":"Feature","properties":{"avz":"271","cs_dir:forward":"2","highway":"motorway","lanes":"2","lit":"no","maxspeed":"100","oneway":"yes","ref":"A6","toll":"yes","carriage_ref":"A"},"geometry":{"type":"LineString","coordinates":[[7.4944405,46.9357058],[7.494247,46.9357767],[7.4940297,46.9358528],[7.4938158,46.9359248],[7.4936032,46.9359925],[7.4933887,46.9360581],[7.493172,46.9361212],[7.4929636,46.9361793],[7.4927456,46.9362361],[7.4925244,46.9362913],[7.4923064,46.9363428],[7.4920847,46.9363924],[7.4918657,46.9364381],[7.4916341,46.9364833],[7.4914124,46.9365244],[7.4911878,46.9365622],[7.4909631,46.9365982],[7.4907372,46.9366312],[7.4905094,46.9366632],[7.4902779,46.9366931],[7.4900471,46.9367212],[7.4898164,46.9367474],[7.4893592,46.9367963],[7.4889018,46.9368406],[7.4879823,46.9369255],[7.4870657,46.9370094],[7.4861544,46.9370921]]}},{"type":"Feature","properties":{"highway":"motorway","int_ref":"E 25;E 27","lanes":"3","maxspeed":"100","oneway":"yes","ref":"A1;A6","surface":"asphalt","toll":"yes","carriage_ref":"B"},"geometry":{"type":"LineString","coordinates":[[7.4966932,47.0116912],[7.4967228,47.0115314],[7.4967507,47.0113686],[7.4967756,47.0112055],[7.4967928,47.0110423],[7.4968056,47.0108777],[7.4968135,47.0107167],[7.4968182,47.010549],[7.4968111,47.0103863],[7.4967998,47.0102254]]}},{"type":"Feature","properties":{"highway":"motorway","lanes":"2","maxspeed":"80","oneway":"yes","ref":"A6","surface":"asphalt","toll":"yes","carriage_ref":"A"},"geometry":{"type":"LineString","coordinates":[[7.4701644,46.969664],[7.4702277,46.9697758]]}},{"type":"Feature","properties":{"highway":"motorway","lanes":"2","layer":"-1","lit":"yes","maxspeed":"100","name":"Allmendtunnel","oneway":"yes","overtaking:hgv":"no","ref":"A6","surface":"asphalt","toll":"yes","tunnel":"yes","tunnel:name":"Allmendtunnel","carriage_ref":"A"},"geometry":{"type":"LineString","coordinates":[[7.6018769,46.7505261],[7.6015005,46.7514833],[7.6011302,46.7523792],[7.6007197,46.7533237],[7.6003,46.7541714],[7.5998625,46.754932],[7.5993375,46.7557544],[7.5989017,46.7563318],[7.5984549,46.7568608],[7.5978541,46.7575076],[7.597176,46.7582014],[7.5961713,46.7591816]]}},{"type":"Feature","properties":{"highway":"motorway","int_ref":"E 27","lanes":"3","maxspeed":"120","oneway":"yes","ref":"A6","surface":"asphalt","toll":"no","turn:lanes":"none|none|merge_to_left","carriage_ref":"B"},"geometry":{"type":"LineString","coordinates":[[7.2969923,47.0609173],[7.2971206,47.0608645]]}},{"type":"Feature","properties":{"highway":"motorway","lanes":"2","lit":"no","maxspeed":"80","oneway":"yes","ref":"A6","toll":"yes","carriage_ref":"A"},"geometry":{"type":"LineString","coordinates":[[7.648406,46.6896904],[7.6485881,46.6897845],[7.6487126,46.6898553],[7.6489105,46.6899818],[7.6491386,46.690146],[7.6493589,46.690339],[7.6495243,46.690506],[7.649611,46.6906021],[7.649775,46.6908106]]}},{"type":"Feature","properties":{"highway":"motorway","lanes":"2","lit":"no","maxspeed":"120","oneway":"yes","ref":"A6","surface":"asphalt","toll":"yes","carriage_ref":"B"},"geometry":{"type":"LineString","coordinates":[[7.6028022,46.7435572],[7.6027444,46.7430734],[7.6025868,46.7422662],[7.6025077,46.7419568],[7.6023958,46.7416046],[7.6023309,46.7414083],[7.6022611,46.7412144],[7.6021556,46.7409408],[7.6020385,46.7406708]]}},{"type":"Feature","properties":{"highway":"motorway","lanes":"2","lit":"no","maxspeed":"120","oneway":"yes","ref":"A6","surface":"asphalt","toll":"yes","carriage_ref":"A"},"geometry":{"type":"LineString","coordinates":[[7.6460143,46.694896],[7.6456321,46.6949844],[7.6452655,46.6950777],[7.6449228,46.695175],[7.6445537,46.6952867],[7.6441731,46.6954114],[7.6437636,46.6955553],[7.643473,46.6956708],[7.6431719,46.6957909],[7.6426014,46.6960538],[7.6422316,46.6962387],[7.6418428,46.6964437],[7.6415631,46.6966057],[7.6412773,46.6967852],[7.6409876,46.69697],[7.640728,46.6971495],[7.64043,46.6973641],[7.6401749,46.6975604],[7.6399304,46.6977593],[7.6397189,46.697943],[7.6395552,46.6980933],[7.6394021,46.6982373],[7.6391527,46.6984883],[7.6389495,46.6987095],[7.638739,46.6989503]]}},{"type":"Feature","properties":{"avz":"56","cs_dir:forward":"1","destination:lanes":"Zürich;Basel;Kirchberg|Zürich;Basel;Kirchberg|Biel/Bienne;Schönbühl","highway":"motorway","int_ref":"E 25;E 27","lanes":"3","maxspeed":"100","oneway":"yes","ref":"A1;A6","ssvz":"944N","surface":"asphalt","toll":"yes","turn:lanes":"through|through|through","carriage_ref":"A"},"geometry":{"type":"LineString","coordinates":[[7.4934181,47.0043596],[7.4937422,47.0047117],[7.4941372,47.0051467],[7.4945084,47.0055645],[7.4948289,47.0059387],[7.4951689,47.0063555],[7.4953482,47.0065881],[7.4955512,47.0068641],[7.4957653,47.0071653],[7.4959656,47.0074709],[7.4960819,47.0076603],[7.4961906,47.0078426],[7.496346,47.0081323],[7.4964538,47.0083498]]}},{"type":"Feature","properties":{"highway":"motorway","lanes":"2","lit":"no","maxspeed":"100","oneway":"yes","ref":"A6","toll":"yes","carriage_ref":"A"},"geometry":{"type":"LineString","coordinates":[[7.4995314,46.9322314],[7.4994269,46.9323813]]}},{"type":"Feature","properties":{"destination:lanes":"Biel/Bienne;Münchenbuchsee|Biel/Bienne;Münchenbuchsee|Schönbühl;Zollikofen;Moosseedorf|Einkaufszentrum","highway":"motorway","int_ref":"E 27","lanes":"4","maxspeed:lanes":"80|80|60|60","oneway":"yes","ref":"A6","surface":"asphalt","toll":"no","carriage_ref":"A"},"geometry":{"type":"LineString","coordinates":[[7.4905915,47.0168315],[7.4903324,47.0170619],[7.4901631,47.0172199],[7.49,47.0173829],[7.4898663,47.0175231],[7.4897548,47.017655],[7.4895896,47.0178767],[7.489428,47.0181025]]}},{"type":"Feature","properties":{"avz":"56","cs_dir:forward":"1","highway":"motorway","int_ref":"E 25;E 27","lanes":"3","maxspeed":"100","oneway":"yes","ref":"A1;A6","ssvz":"944N","surface":"asphalt","toll":"yes","tunnel":"yes","carriage_ref":"A"},"geometry":{"type":"LineString","coordinates":[[7.4872869,46.9980528],[7.4875107,46.9982531]]}},{"type":"Feature","properties":{"bridge":"yes","highway":"motorway","lanes":"2","layer":"1","lit":"no","maxspeed":"120","oneway":"yes","ref":"A6","toll":"yes","carriage_ref":"A"},"geometry":{"type":"LineString","coordinates":[[7.6365951,46.6766716],[7.6367969,46.6767711]]}},{"type":"Feature","properties":{"avz":"56","cs_dir:forward":"1","destination:int_ref:lanes":"E 25|E 25|E 27|E 27","destination:lanes":"Zürich;Basel;Kirchberg|Zürich;Basel;Kirchberg|Biel/Bienne;Schönbühl;Einkaufszentrum|Biel/Bienne;Schönbühl;Einkaufszentrum","destination:ref:lanes":"1|1|6|6","highway":"motorway","int_ref":"E 25;E 27","lanes":"4","maxspeed:lanes":"100|100|80|80","oneway":"yes","ref":"A1;A6","ssvz":"944N","surface":"asphalt","toll":"yes","turn:lanes":"through|through|slight_right|slight_right","carriage_ref":"A"},"geometry":{"type":"LineString","coordinates":[[7.4964538,47.0083498],[7.4966184,47.0087291],[7.4966874,47.0088997],[7.4967463,47.0090692],[7.4967992,47.0092441],[7.496844,47.0094018],[7.4968831,47.0095572],[7.4969186,47.0097297],[7.4969496,47.009888],[7.4969674,47.0100432]]}},{"type":"Feature","properties":{"bridge":"yes","highway":"motorway","lanes":"2","layer":"1","lit":"no","maxspeed":"120","oneway":"yes","ref":"A6","surface":"asphalt","toll":"yes","carriage_ref":"B"},"geometry":{"type":"LineString","coordinates":[[7.5801016,46.8044283],[7.5801079,46.8043593]]}},{"type":"Feature","properties":{"bridge":"yes","highway":"trunk","int_ref":"E 27","lanes":"2","lanes:backward":"1","lanes:forward":"1","layer":"1","maxspeed":"80","oneway":"no","ref":"A6","surface":"asphalt","toll":"no","carriage_ref":"B"},"geometry":{"type":"LineString","coordinates":[[7.2861281,47.1176733],[7.2863559,47.1176673]]}},{"type":"Feature","properties":{"highway":"motorway","lanes":"3","lit":"no","maxspeed":"100","oneway":"yes","overtaking:hgv":"no","ref":"A6","surface":"asphalt","toll":"yes","turn:lanes":"||merge_to_left","carriage_ref":"A"},"geometry":{"type":"LineString","coordinates":[[7.602935,46.7458505],[7.6029229,46.7459943],[7.6028703,46.7464737]]}},{"type":"Feature","properties":{"highway":"motorway","lanes":"2","layer":"1","maxspeed":"80","oneway":"yes","ref":"A6","surface":"asphalt","toll":"yes","carriage_ref":"A"},"geometry":{"type":"LineString","coordinates":[[7.4750501,46.9633181],[7.4749898,46.9634594],[7.4749303,46.9635684],[7.4748276,46.9637305],[7.4747197,46.9638736],[7.4745951,46.964016],[7.4744548,46.9641533],[7.4742916,46.9642891],[7.4741286,46.9644122],[7.4739525,46.9645313],[7.4737831,46.964638],[7.4736088,46.9647431],[7.4731337,46.9650236],[7.4726138,46.9653325],[7.4723752,46.9654751],[7.4716704,46.9658917],[7.4711451,46.9662028],[7.4707954,46.9664124],[7.4706231,46.966523]]}}],"ref":"A6","generator":"Quandopasso Path Importer","created":"2021-01-04T14:42:22.196Z","format":"1.0.0"}