{"type":"FeatureCollection","features":[{"type":"Feature","properties":{"highway":"motorway","int_ref":"E 60","lanes":"2","maxspeed":"120","oneway":"yes","ref":"A3","toll":"yes","carriage_ref":"a"},"geometry":{"type":"LineString","coordinates":[[7.8258113,47.5462365],[7.8269968,47.5463562],[7.8286177,47.5465275],[7.8301263,47.5466537],[7.8324095,47.5468199],[7.8349575,47.5469591],[7.8372651,47.547043],[7.8391852,47.5470872],[7.8414474,47.5470987],[7.843389,47.5470797],[7.84508,47.5470367],[7.8467757,47.5469716],[7.8478514,47.5469218],[7.849402,47.5468409],[7.8513469,47.5467054],[7.8534441,47.5465417],[7.8545321,47.5464574],[7.8558227,47.5463761],[7.8572468,47.5463003],[7.8585078,47.5462653],[7.8598108,47.546258],[7.8609396,47.546275],[7.8621729,47.5463198],[7.8633564,47.546395],[7.8647338,47.5465083]]}},{"type":"Feature","properties":{"highway":"motorway","int_ref":"E 25;E 35;E 60","lanes":"3","maxspeed":"120","oneway":"yes","ref":"A2;A3","toll":"yes","carriage_ref":"a"},"geometry":{"type":"LineString","coordinates":[[7.625483,47.541869],[7.6267223,47.5416946],[7.6302539,47.5411926],[7.6323948,47.5408896],[7.6341898,47.5406099]]}},{"type":"Feature","properties":{"bridge":"yes","highway":"motorway","lanes":"3","layer":"1","lit":"yes","maxspeed":"100","oneway":"yes","ref":"A3","smoothness":"excellent","source":"Kanton Zürich Orthophotos 2014/2015 10cm","surface":"asphalt","toll":"yes","carriage_ref":"b"},"geometry":{"type":"LineString","coordinates":[[8.5171177,47.3442421],[8.516587,47.3442634],[8.5159654,47.3442841]]}},{"type":"Feature","properties":{"highway":"motorway","lanes":"2","layer":"-1","maxspeed":"100","oneway":"yes","ref":"A3","toll":"yes","tunnel":"yes","tunnel:alt_name":"Quarten Nord","tunnel:name":"Quarten","carriage_ref":"b"},"geometry":{"type":"LineString","coordinates":[[9.2525944,47.1090177],[9.2517858,47.1088136],[9.2506765,47.1086146],[9.2494621,47.1084575],[9.2481053,47.1083192],[9.2465311,47.1082166],[9.2450083,47.1081759],[9.2436908,47.108266],[9.2424419,47.1083952],[9.2412755,47.1085283],[9.2406689,47.1086579],[9.239589,47.1089681],[9.2386898,47.1092857],[9.2376394,47.1096293],[9.2366175,47.1099087]]}},{"type":"Feature","properties":{"highway":"motorway","int_ref":"E 60","lanes":"2","maxspeed":"120","oneway":"yes","ref":"A3","toll":"yes","carriage_ref":"b"},"geometry":{"type":"LineString","coordinates":[[7.9887066,47.5375101],[7.9860949,47.5391714],[7.9852454,47.5397109],[7.9842838,47.5403049],[7.9839487,47.5404895],[7.9835842,47.5406691],[7.9832607,47.5408192],[7.9827819,47.5410129],[7.9820426,47.541272],[7.981325,47.5414821]]}},{"type":"Feature","properties":{"highway":"motorway","lanes":"2","maxspeed":"120","oneway":"yes","ref":"A3","toll":"yes","carriage_ref":"b"},"geometry":{"type":"LineString","coordinates":[[8.7225977,47.1926915],[8.7219481,47.1928799],[8.7212255,47.1931024]]}},{"type":"Feature","properties":{"highway":"motorway","lanes":"3","maxspeed":"120","oneway":"yes","placement":"right_of:1","ref":"A3","toll":"yes","turn:lanes":"||merge_to_left","carriage_ref":"b"},"geometry":{"type":"LineString","coordinates":[[9.4332759,47.0453136],[9.4326889,47.046015]]}},{"type":"Feature","properties":{"highway":"motorway","lanes":"2","maxspeed":"120","oneway":"yes","ref":"A3","toll":"yes","carriage_ref":"b"},"geometry":{"type":"LineString","coordinates":[[8.6221883,47.2323236],[8.621748,47.232479],[8.6212103,47.2326852],[8.6205916,47.232939]]}},{"type":"Feature","properties":{"bridge":"yes","highway":"motorway","lanes":"2","layer":"1","maxspeed":"120","oneway":"yes","ref":"A3","toll":"yes","carriage_ref":"a"},"geometry":{"type":"LineString","coordinates":[[8.8461572,47.1864807],[8.8465505,47.1863952]]}},{"type":"Feature","properties":{"highway":"motorway","int_ref":"E 60","lanes":"2","maxspeed":"120","oneway":"yes","ref":"A3","toll":"yes","carriage_ref":"b"},"geometry":{"type":"LineString","coordinates":[[7.865115,47.5466533],[7.8638343,47.5465324],[7.8627774,47.546458],[7.8617867,47.546413],[7.8606587,47.5463741],[7.8595177,47.5463594],[7.8585451,47.5463665],[7.857479,47.5463963],[7.8562084,47.5464547],[7.8552649,47.5465202],[7.8534358,47.5466597],[7.8520412,47.5467623]]}},{"type":"Feature","properties":{"highway":"motorway","int_ref":"E 60","lanes":"2","maxspeed":"120","oneway":"yes","ref":"A3","source":"AGIS OF2011","toll":"yes","carriage_ref":"b"},"geometry":{"type":"LineString","coordinates":[[7.9793028,47.5418321],[7.9787336,47.5418799],[7.9777344,47.5419019],[7.9772874,47.5418981],[7.9768204,47.5418719],[7.9762076,47.5418149],[7.9754718,47.5417162],[7.9750054,47.5416264],[7.9738226,47.5413937],[7.9728725,47.5411853],[7.9720575,47.5410359],[7.971334,47.5409288],[7.970598,47.5408538],[7.9700345,47.540825],[7.9694739,47.5408174],[7.9688943,47.540828],[7.9683512,47.540862],[7.9677843,47.5409164],[7.9672002,47.5409861],[7.9661944,47.5411516],[7.9656038,47.5412555],[7.9648958,47.5413674]]}},{"type":"Feature","properties":{"destination:lanes":"Zürich|Bern","destination:ref:lanes":"E60;A1;A3|A1","highway":"motorway","int_ref":"E 60","lanes":"2","maxspeed":"120","oneway":"yes","ref":"A3","toll":"yes","carriage_ref":"a"},"geometry":{"type":"LineString","coordinates":[[8.231089,47.4508205],[8.2325413,47.4503973]]}},{"type":"Feature","properties":{"highway":"motorway","int_ref":"E 41","lanes":"2","lit":"no","maxspeed":"100","maxspeed:variable":"obstruction","oneway":"yes","ref":"A3;A4","shoulder:right":"yes","source:maxspeed":"signals","surface":"asphalt","toll":"yes","carriage_ref":"a"},"geometry":{"type":"LineString","coordinates":[[8.4216261,47.4042808],[8.4215355,47.404009],[8.4214212,47.4036331],[8.421327,47.4032184]]}},{"type":"Feature","properties":{"highway":"motorway","int_ref":"E 60","lanes":"2","maxspeed":"120","oneway":"yes","ref":"A3","toll":"yes","carriage_ref":"a"},"geometry":{"type":"LineString","coordinates":[[7.7715096,47.5429617],[7.7739923,47.5433822],[7.7763225,47.5437584]]}},{"type":"Feature","properties":{"bridge":"yes","highway":"motorway","lanes":"2","layer":"1","maxspeed":"100","oneway":"yes","ref":"A3","toll":"yes","carriage_ref":"a"},"geometry":{"type":"LineString","coordinates":[[8.8178039,47.192717],[8.8181304,47.1925578]]}},{"type":"Feature","properties":{"avz":"341","cs_dir:forward":"2","destination:lanes":"|||Neuenhof;Bad Zurzach;Wettingen-Zentrum;Baden-Zentrum","highway":"motorway","int_ref":"E 60","lanes":"4","lit":"yes","maxspeed":"100","oneway":"yes","placement":"middle_of:2","ref":"A1;A3","surface":"asphalt","toll":"yes","turn:lanes":"through|through|through|right","carriage_ref":"b"},"geometry":{"type":"LineString","coordinates":[[8.3256189,47.4546619],[8.3252681,47.4546507],[8.3248267,47.4546431]]}},{"type":"Feature","properties":{"highway":"motorway","lanes":"2","maxspeed":"120","oneway":"yes","ref":"A3","toll":"yes","carriage_ref":"a"},"geometry":{"type":"LineString","coordinates":[[8.6508664,47.2268806],[8.651411,47.2266003],[8.651808,47.2263844],[8.6522329,47.226141],[8.652665,47.2258786],[8.6530455,47.2256424],[8.6534515,47.225384],[8.653895,47.225077],[8.6543463,47.2247488],[8.655128,47.2241579],[8.6560758,47.2234415],[8.6567965,47.2229067],[8.6573098,47.2225543],[8.6578508,47.2221926]]}},{"type":"Feature","properties":{"avz":"216","cs_dir:forward":"2","highway":"motorway","lanes":"2","maxspeed":"120","oneway":"yes","ref":"A3","ssvz":"758N","toll":"yes","carriage_ref":"b"},"geometry":{"type":"LineString","coordinates":[[9.0291777,47.1559789],[9.0289182,47.1561599],[9.0262713,47.1580753],[9.025231,47.1588187],[9.0241876,47.1595774],[9.0220296,47.1611141],[9.0204835,47.1622382],[9.0182787,47.1638285],[9.0158923,47.1655453],[9.0149662,47.1662174],[9.0140301,47.1668994],[9.0126434,47.1679078],[9.0111655,47.1689509],[9.0074342,47.1716421]]}},{"type":"Feature","properties":{"highway":"motorway","int_ref":"E 25;E 35;E 60","lanes":"3","layer":"-1","maxspeed":"100","oneway":"yes","ref":"A2;A3","toll":"yes","tunnel":"yes","tunnel:name":"Schweizerhalle","carriage_ref":"a"},"geometry":{"type":"LineString","coordinates":[[7.6581624,47.5344284],[7.6585771,47.5341586],[7.6589941,47.5338827],[7.6597558,47.5332325],[7.6622232,47.5310342],[7.6634647,47.5303885],[7.6655463,47.5295914],[7.6681115,47.528844],[7.6690208,47.5285789]]}},{"type":"Feature","properties":{"highway":"motorway","lanes":"3","maxspeed":"120","oneway":"yes","placement":"right_of:1","ref":"A3","toll":"yes","turn:lanes":"||slight_right","carriage_ref":"a"},"geometry":{"type":"LineString","coordinates":[[9.3224152,47.1147146],[9.3234385,47.1148978]]}},{"type":"Feature","properties":{"highway":"motorway","lanes":"3","maxspeed":"120","oneway":"yes","placement":"right_of:1","ref":"A3","toll":"yes","turn:lanes":"none|none|merge_to_left","carriage_ref":"b"},"geometry":{"type":"LineString","coordinates":[[8.6582906,47.2220585],[8.6579801,47.2222711],[8.6574306,47.2226371],[8.6569174,47.2230028]]}},{"type":"Feature","properties":{"bridge":"yes","highway":"motorway","int_ref":"E 60","lanes":"2","layer":"1","maxspeed":"120","oneway":"yes","ref":"A3","toll":"yes","carriage_ref":"b"},"geometry":{"type":"LineString","coordinates":[[7.9555002,47.5408337],[7.9552473,47.5408408]]}},{"type":"Feature","properties":{"highway":"motorway","lanes":"2","maxspeed":"120","oneway":"yes","ref":"A3","toll":"yes","carriage_ref":"a"},"geometry":{"type":"LineString","coordinates":[[8.701861,47.1970833],[8.7025253,47.196883]]}},{"type":"Feature","properties":{"highway":"motorway","int_ref":"E 25;E 35;E 60","lanes":"3","maxspeed":"120","oneway":"yes","ref":"A2;A3","toll":"yes","carriage_ref":"a"},"geometry":{"type":"LineString","coordinates":[[7.6449708,47.5387543],[7.6461132,47.5385032],[7.6471804,47.5382431],[7.6479214,47.5380579],[7.6491795,47.5377187],[7.6505994,47.5373104],[7.6517367,47.5369578],[7.6532515,47.5364702],[7.6550991,47.5358202],[7.6558134,47.5355483],[7.6563476,47.5353339],[7.657121,47.5349996]]}},{"type":"Feature","properties":{"highway":"motorway","int_ref":"E 60","lanes":"4","lit":"no","maxspeed":"120","oneway":"yes","ref":"A1;A3","surface":"asphalt","toll":"yes","turn:lanes":"through|through|through|slight_right","carriage_ref":"b"},"geometry":{"type":"LineString","coordinates":[[8.3918777,47.4224947],[8.3910786,47.4225574]]}},{"type":"Feature","properties":{"avz":"194","change:lanes":"not_left|not_right|no|not_right","cs_dir:forward":"1","highway":"motorway","int_ref":"E 41","lanes":"4","lit":"yes","maxspeed":"100","maxspeed:variable":"obstruction","oneway":"yes","placement":"right_of:1","ref":"A3;A4","shoulder":"none","source:maxspeed":"signals","ssvz":"904N","surface":"asphalt","toll":"yes","turn:lanes":"|||merge_to_left","carriage_ref":"a"},"geometry":{"type":"LineString","coordinates":[[8.4145511,47.3908188],[8.4144301,47.3905835]]}},{"type":"Feature","properties":{"highway":"motorway","lanes":"2","maxspeed":"120","oneway":"yes","ref":"A3","toll":"yes","carriage_ref":"b"},"geometry":{"type":"LineString","coordinates":[[8.7073001,47.1963011],[8.7063426,47.1963913],[8.705465,47.1964761],[8.7044857,47.1966009],[8.7037249,47.1967269],[8.7031162,47.1968547],[8.7025801,47.1969861],[8.7019352,47.1971666]]}},{"type":"Feature","properties":{"bridge":"yes","highway":"motorway","int_ref":"E 60","lanes":"2","layer":"1","maxspeed":"120","oneway":"yes","ref":"A3","toll":"yes","carriage_ref":"b"},"geometry":{"type":"LineString","coordinates":[[7.981325,47.5414821],[7.9807734,47.5416134],[7.9800556,47.5417354],[7.9793028,47.5418321]]}},{"type":"Feature","properties":{"highway":"motorway","int_ref":"E 60","lanes":"2","layer":"-1","maxspeed":"120","oneway":"yes","ref":"A3","toll":"yes","tunnel":"yes","carriage_ref":"b"},"geometry":{"type":"LineString","coordinates":[[8.2144325,47.4516578],[8.2133855,47.4515194]]}},{"type":"Feature","properties":{"destination:lanes":"Birmensdorf|Birmensdorf|Urdorf-Süd;Uitikon","highway":"motorway","int_ref":"E 41","lanes":"3","lit":"no","maxspeed":"100","maxspeed:variable":"obstruction","oneway":"yes","placement":"right_of:1","ref":"A3;A4","shoulder:right":"yes","source:maxspeed":"signals","surface":"asphalt","toll":"yes","turn:lanes":"||slight_right","carriage_ref":"a"},"geometry":{"type":"LineString","coordinates":[[8.4194153,47.3743001],[8.4195735,47.3738459]]}},{"type":"Feature","properties":{"highway":"motorway","int_ref":"E 41","lanes":"2","lit":"yes","maxspeed":"100","oneway":"yes","ref":"A3;A4","source:maxspeed":"sign","toll":"yes","carriage_ref":"b"},"geometry":{"type":"LineString","coordinates":[[8.4241116,47.366427],[8.4236419,47.3672414],[8.423383,47.367601],[8.4227313,47.3683483]]}},{"type":"Feature","properties":{"highway":"motorway","lanes":"2","maxspeed":"120","oneway":"yes","ref":"A3","toll":"yes","carriage_ref":"b"},"geometry":{"type":"LineString","coordinates":[[9.3503497,47.0986431],[9.3499936,47.0990432],[9.349698,47.0993486],[9.3494546,47.0995897],[9.3490105,47.0999804],[9.3484278,47.1004625],[9.347611,47.1010996],[9.3469431,47.1016263],[9.3463774,47.1021123],[9.3456783,47.1027716],[9.3452427,47.1032314],[9.3447597,47.103782],[9.344394,47.1042619],[9.3441006,47.1046836],[9.3437366,47.1052624],[9.343424,47.1058123],[9.3431446,47.1063869],[9.3429223,47.106878],[9.3426475,47.1075365],[9.3423015,47.1082989],[9.3419387,47.1089587],[9.3416014,47.1095072],[9.3412145,47.1100275],[9.3407202,47.1106238],[9.3401893,47.1111885],[9.3394691,47.1118462],[9.3387825,47.112369],[9.3382937,47.1127082],[9.3378115,47.1130174],[9.3370187,47.113457],[9.3364434,47.1137346],[9.3358266,47.1140148],[9.335412,47.11418],[9.3345651,47.1144876],[9.3337669,47.1147322],[9.333286,47.1148647],[9.3325844,47.1150339],[9.3318474,47.1151771],[9.3310739,47.1152954],[9.3302131,47.1153947],[9.3298009,47.1154316]]}},{"type":"Feature","properties":{"bridge":"yes","destination:int_ref:lanes":"E 60|E 41;E 60|","destination:lanes":"Bern;Basel|Sankt Gallen;Flughafen;Nordring-Zürich|Zürich-City","destination:ref:lanes":"A1;A3|A1;A4|","highway":"motorway","int_ref":"E 41","lanes":"3","layer":"2","lit":"no","maxspeed":"100","oneway":"yes","ref":"A3;A4","source:maxspeed":"sign","toll":"yes","carriage_ref":"b"},"geometry":{"type":"LineString","coordinates":[[8.4203211,47.3975003],[8.4204741,47.3978071],[8.4206199,47.3981901],[8.4207441,47.3985733],[8.4208498,47.3990665],[8.4209435,47.399569],[8.4214056,47.4025715]]}},{"type":"Feature","properties":{"highway":"motorway","int_ref":"E 25;E 60","maxspeed":"80","oneway":"yes","ref":"A3","toll":"yes","first":"true","carriage_ref":"a"},"geometry":{"type":"LineString","coordinates":[[7.563008,47.5752204],[7.5634326,47.5750469],[7.5639702,47.5748239],[7.5644814,47.5746025],[7.5648449,47.5744332],[7.5652032,47.5742485],[7.565564,47.5740594]]}},{"type":"Feature","properties":{"highway":"motorway","lanes":"2","maxspeed":"120","oneway":"yes","ref":"A3","toll":"yes","carriage_ref":"a"},"geometry":{"type":"LineString","coordinates":[[8.6648996,47.2180498],[8.6652944,47.2177912],[8.6657755,47.2174728],[8.6662363,47.2171531],[8.6669256,47.2166571],[8.6677144,47.2160593],[8.668485,47.2154408],[8.6690525,47.214967],[8.6694984,47.2145776],[8.6697916,47.2143211],[8.670284,47.2138743]]}},{"type":"Feature","properties":{"destination":"Zürich","highway":"motorway","int_ref":"E 60","lanes":"4","lit":"no","maxspeed":"120","oneway":"yes","ref":"A1;A3","surface":"asphalt","toll":"yes","turn:lanes":"|||slight_right","carriage_ref":"a"},"geometry":{"type":"LineString","coordinates":[[8.3327878,47.4541433],[8.3331421,47.4540462],[8.3333569,47.4539758],[8.3335697,47.4539034],[8.3337719,47.4538286],[8.3339703,47.4537513],[8.3341712,47.4536673],[8.3343692,47.4535817]]}},{"type":"Feature","properties":{"bridge":"yes","highway":"motorway","lanes":"2","layer":"1","maxspeed":"80","oneway":"yes","ref":"A3","toll":"yes","carriage_ref":"a"},"geometry":{"type":"LineString","coordinates":[[8.7198871,47.1933812],[8.7201856,47.1932858]]}},{"type":"Feature","properties":{"highway":"motorway","lanes":"2","maxspeed":"100","oneway":"yes","overtaking:hgv":"no","ref":"A3","shoulder:right":"yes","source:maxspeed":"sign","surface":"asphalt","toll":"yes","carriage_ref":"a"},"geometry":{"type":"LineString","coordinates":[[9.2728259,47.1109598],[9.2735659,47.1107597],[9.2743229,47.1105613],[9.275295,47.110356],[9.2760569,47.1102156],[9.2768524,47.1100964],[9.2774994,47.1100274],[9.2783041,47.109973],[9.2793695,47.1099608],[9.280612,47.1099849],[9.2817591,47.1099993],[9.2830734,47.1099778],[9.2838574,47.1099449],[9.2849319,47.1098758],[9.2856416,47.109815]]}},{"type":"Feature","properties":{"bridge":"yes","highway":"motorway","lanes":"2","layer":"1","maxspeed":"120","oneway":"yes","ref":"A3","shoulder:right":"yes","source:maxspeed":"CH:motorway","surface":"asphalt","toll":"yes","carriage_ref":"a"},"geometry":{"type":"LineString","coordinates":[[9.4479724,47.0383914],[9.4485813,47.0383475],[9.4491928,47.0383183],[9.4496086,47.0382964]]}},{"type":"Feature","properties":{"avz":"216","cs_dir:forward":"2","destination":"Zürich;Luzern","destination:ref":"A 3","highway":"motorway","lanes":"2","maxspeed":"120","oneway":"yes","ref":"A3","ssvz":"758N","toll":"yes","carriage_ref":"b"},"geometry":{"type":"LineString","coordinates":[[8.9685833,47.1844238],[8.967519,47.1843932],[8.9658806,47.1843252],[8.9489485,47.183376],[8.9446652,47.183127],[8.9431887,47.1830602],[8.9418432,47.1830374],[8.9403519,47.183041],[8.9390215,47.1830556],[8.937954,47.1830884],[8.9370045,47.1831431],[8.9360764,47.1832233],[8.9351537,47.1833291],[8.9343652,47.1834603],[8.9333996,47.1836317],[8.9320156,47.1839489],[8.9305564,47.1843426],[8.9290598,47.1848129],[8.9273878,47.1854202],[8.9254454,47.18619],[8.9236692,47.1868475],[8.9219573,47.1874233],[8.9188035,47.1883476],[8.9159495,47.1891076],[8.9130656,47.1898262],[8.9114508,47.1902053],[8.9094582,47.1906197],[8.9052119,47.1915026],[8.9030967,47.1919069],[8.9019398,47.1920897],[8.9007091,47.1922673],[8.8995324,47.1924318],[8.8984338,47.1926245],[8.8975401,47.1928201],[8.8966837,47.1930498]]}},{"type":"Feature","properties":{"bridge":"yes","highway":"motorway","lanes":"2","layer":"1","maxspeed":"120","oneway":"yes","ref":"A3","toll":"yes","carriage_ref":"a"},"geometry":{"type":"LineString","coordinates":[[8.861638,47.1868595],[8.8619564,47.187056],[8.8622323,47.1872495],[8.8624821,47.187436],[8.8626479,47.1875719],[8.8628243,47.1877269]]}},{"type":"Feature","properties":{"highway":"motorway","lanes":"2","maxspeed":"120","oneway":"yes","ref":"A3","toll":"yes","carriage_ref":"a"},"geometry":{"type":"LineString","coordinates":[[8.6714874,47.2126715],[8.672334,47.2117946],[8.6726956,47.211389],[8.6733026,47.2106523]]}},{"type":"Feature","properties":{"highway":"motorway","int_ref":"E 60","lanes":"2","maxspeed":"120","oneway":"yes","ref":"A3","surface":"asphalt","toll":"yes","carriage_ref":"b"},"geometry":{"type":"LineString","coordinates":[[7.825433,47.5463164],[7.823943,47.5461728],[7.8223478,47.5460505],[7.8211347,47.5459771],[7.8201168,47.5459375],[7.8188487,47.545902],[7.8175381,47.5458805],[7.8165202,47.545884],[7.8155014,47.5458981],[7.8136657,47.5459411],[7.81169,47.5459875],[7.8098466,47.5459962],[7.8074931,47.5459305],[7.8057926,47.5458218],[7.8045961,47.545718],[7.8034095,47.5455875],[7.8000877,47.545115],[7.7988254,47.5449142],[7.7983658,47.5448517],[7.7982736,47.5448383]]}},{"type":"Feature","properties":{"bridge":"yes","highway":"motorway","lanes":"2","layer":"1","maxspeed":"80","oneway":"yes","ref":"A3","shoulder":"no","surface":"asphalt","toll":"yes","carriage_ref":"b"},"geometry":{"type":"LineString","coordinates":[[9.1339828,47.1260502],[9.1335982,47.1260891]]}},{"type":"Feature","properties":{"bridge":"yes","highway":"motorway","lanes":"2","layer":"1","maxspeed":"120","oneway":"yes","ref":"A3","toll":"yes","carriage_ref":"b"},"geometry":{"type":"LineString","coordinates":[[8.7992534,47.2007658],[8.7989206,47.2007284],[8.7985612,47.2006761]]}},{"type":"Feature","properties":{"highway":"motorway","lanes":"2","layer":"-1","lit":"24/7","maxspeed":"100","oneway":"yes","overtaking:hgv":"no","ref":"A3","shoulder":"none","source:maxspeed":"sign","surface":"asphalt","toll":"yes","tunnel":"yes","tunnel:alt_name":"Fratten Süd","tunnel:name":"Fratten","carriage_ref":"a"},"geometry":{"type":"LineString","coordinates":[[9.2555715,47.1101677],[9.2563676,47.1108203],[9.2569302,47.1113267],[9.257639,47.1118824],[9.2581223,47.112171],[9.2585266,47.11237]]}},{"type":"Feature","properties":{"destination:lanes":"Karlsruhe Mulhouse;Basel Liestal|Karlsruhe Mulhouse;Basel Liestal|Chiasso Gotthard;Luzern Bern;Arisdorf","destination:ref:lanes":"Α2;A3|Α2;A3|Α2","highway":"motorway","int_ref":"E 60","lanes":"3","maxspeed":"100","oneway":"yes","ref":"A3","toll":"yes","turn:lanes":"through|through|slight_right","carriage_ref":"b"},"geometry":{"type":"LineString","coordinates":[[7.7390383,47.5336587],[7.736943,47.5328832],[7.7365267,47.5327291]]}},{"type":"Feature","properties":{"avz":"565","cs_dir:forward":"1","highway":"motorway","int_ref":"E 41","lanes":"3","layer":"-1","lit":"24/7","maxspeed":"100","maxspeed:variable":"obstruction","oneway":"yes","overtaking:hgv":"no","placement":"right_of:1","ref":"A3;A4","shoulder":"none","source:maxspeed":"signals","surface":"asphalt","toll":"yes","tunnel":"yes","tunnel:alt_name":"Äschertunnel","tunnel:name":"Aeschertunnel","turn:lanes":"||merge_to_left","carriage_ref":"a"},"geometry":{"type":"LineString","coordinates":[[8.4282082,47.3467405],[8.4291858,47.3456065],[8.4300349,47.3446496]]}},{"type":"Feature","properties":{"change:lanes":"not_left|not_right|yes","highway":"motorway","lanes":"3","maxspeed":"100","oneway":"yes","overtaking:hgv":"no","placement":"right_of:1","ref":"A3","shoulder:right":"yes","source:maxspeed":"sign","surface":"asphalt","toll":"yes","turn:lanes":"||merge_to_left","carriage_ref":"a"},"geometry":{"type":"LineString","coordinates":[[9.191669,47.1142527],[9.1920269,47.114204],[9.1924171,47.1141419],[9.1927417,47.1140841],[9.1931923,47.114005]]}},{"type":"Feature","properties":{"bridge":"yes","covered":"yes","highway":"motorway","int_ref":"E 25;E 35;E 60","lanes":"3","layer":"1","maxspeed":"60","oneway":"yes","ref":"A2;A3","toll":"yes","turn:lanes":"merge_to_right|through|through","carriage_ref":"b"},"geometry":{"type":"LineString","coordinates":[[7.6162466,47.5508745],[7.6163474,47.551156],[7.6164217,47.5513941],[7.6164863,47.5516346],[7.6165406,47.5518763]]}},{"type":"Feature","properties":{"highway":"motorway","int_ref":"E 41","lanes":"3","lit":"no","maxspeed":"100","oneway":"yes","placement":"right_of:1","ref":"A3;A4","source:maxspeed":"sign","toll":"yes","turn:lanes":"||merge_to_left","carriage_ref":"b"},"geometry":{"type":"LineString","coordinates":[[8.4194494,47.3747666],[8.4193658,47.3750119],[8.4192693,47.3752889],[8.4191468,47.3755917],[8.4189279,47.3761112]]}},{"type":"Feature","properties":{"highway":"motorway","int_ref":"E 60","lanes":"3","lit":"no","maxspeed":"120","oneway":"yes","ref":"A1;A3","surface":"asphalt","toll":"yes","carriage_ref":"b"},"geometry":{"type":"LineString","coordinates":[[8.3666557,47.4295604],[8.3656302,47.4299208],[8.3647685,47.4302349],[8.3643491,47.4303942],[8.3639338,47.4305556],[8.3635619,47.4307058],[8.3631979,47.4308596],[8.3629554,47.4309662],[8.362718,47.4310748],[8.3624125,47.4312179],[8.3620476,47.4313992],[8.3616874,47.4315823],[8.3613279,47.4317674],[8.3609738,47.431954],[8.3597609,47.4326108],[8.3591884,47.4329194],[8.358609,47.4332242],[8.3582243,47.4334209],[8.3578304,47.433613],[8.3574454,47.4337992],[8.3570552,47.4339752],[8.3566595,47.434146],[8.3562468,47.4343215],[8.3558396,47.4344894]]}},{"type":"Feature","properties":{"change:lanes":"not_left|not_right|yes|not_right","highway":"motorway","int_ref":"E 41","lanes":"4","lit":"no","maxspeed":"100","maxspeed:variable":"obstruction","oneway":"yes","placement":"right_of:1","ref":"A3;A4","shoulder":"none","source:maxspeed":"signals","surface":"asphalt","toll":"yes","turn:lanes":"||merge_to_left|merge_to_left","carriage_ref":"a"},"geometry":{"type":"LineString","coordinates":[[8.4211085,47.3701124],[8.4213127,47.3697951]]}},{"type":"Feature","properties":{"highway":"motorway","int_ref":"E 41","lanes":"3","layer":"-1","lit":"24/7","maxspeed":"signals","oneway":"yes","overtaking:hgv":"no","placement":"right_of:1","ref":"A3;A4","shoulder":"none","source:maxspeed":"signals","surface":"asphalt","toll":"yes","tunnel":"yes","tunnel:name":"Hafnerbergtunnel","turn:lanes":"||merge_to_left","carriage_ref":"a"},"geometry":{"type":"LineString","coordinates":[[8.4226848,47.3600387],[8.4223911,47.3592471]]}},{"type":"Feature","properties":{"destination":"Zürich","highway":"motorway","int_ref":"E 60","lanes":"2","layer":"-2","lit":"yes","maxspeed":"100","name":"Bareggtunnel","oneway":"yes","ref":"A1;A3","signals":"maxspeed=signals","surface":"asphalt","toll":"yes","tunnel":"yes","tunnel:name":"Baregg","wikipedia":"de:Bareggtunnel"},"geometry":{"type":"LineString","coordinates":[[8.2889144,47.4588506],[8.2962812,47.4596649],[8.2991751,47.459895],[8.3008371,47.4599026],[8.3015281,47.4598723],[8.3021825,47.4597609],[8.3029604,47.4595713],[8.3037204,47.459325]]}},{"type":"Feature","properties":{"destination":"Bern","destination:lanes":"|||Wettingen-Ost Otelfingen","highway":"motorway","int_ref":"E 60","lanes":"4","lit":"no","maxspeed":"120","oneway":"yes","placement":"middle_of:2","ref":"A1;A3","surface":"asphalt","toll":"yes","turn:lanes":"|||slight_right","carriage_ref":"b"},"geometry":{"type":"LineString","coordinates":[[8.3423561,47.4447769],[8.3412667,47.4462828]]}},{"type":"Feature","properties":{"bridge":"yes","highway":"motorway","int_ref":"E 60","lanes":"3","layer":"1","lit":"no","maxspeed":"100","oneway":"yes","ref":"A1;A3","surface":"asphalt","toll":"yes","turn:lanes":"slight_left|slight_left;slight_right|slight_right","carriage_ref":"b"},"geometry":{"type":"LineString","coordinates":[[8.259112,47.4506328],[8.2583641,47.4504429],[8.2574739,47.4502159],[8.2563757,47.4499355],[8.2553303,47.4496703]]}},{"type":"Feature","properties":{"highway":"motorway","int_ref":"E 25;E 35;E 60","lanes":"3","maxspeed":"120","oneway":"yes","ref":"A2;A3","toll":"yes","carriage_ref":"b"},"geometry":{"type":"LineString","coordinates":[[7.6818724,47.5280214],[7.6811109,47.5279211],[7.6803159,47.5278126],[7.6788766,47.5276312],[7.6779715,47.5275471],[7.6773579,47.5274982],[7.6768488,47.527471],[7.6763479,47.5274603],[7.6759125,47.5274603],[7.6753374,47.5274697],[7.6749219,47.5274932],[7.6746297,47.5275154],[7.6745134,47.5275251]]}},{"type":"Feature","properties":{"avz":"607","cs_dir:forward":"1","highway":"motorway","lanes":"2","maxspeed":"120","oneway":"yes","ref":"A3","surface":"asphalt","toll":"yes","carriage_ref":"a"},"geometry":{"type":"LineString","coordinates":[[8.5553596,47.2860116],[8.5561809,47.2854073],[8.5567415,47.2849826],[8.5573196,47.2845458],[8.5578843,47.2840927],[8.5583991,47.2836309],[8.5589483,47.2831211],[8.5595566,47.2825354],[8.5600203,47.2820199],[8.5604813,47.2814882],[8.5613262,47.2804452],[8.5621945,47.2793793],[8.5627001,47.2787923],[8.5632302,47.2782292],[8.5637355,47.2776861],[8.5642405,47.2771658],[8.5647602,47.2766451],[8.5659106,47.2755049],[8.5662978,47.2751339],[8.5669413,47.2744711],[8.5674559,47.2739321],[8.5684043,47.2729224],[8.5694518,47.2717222],[8.5700165,47.2710537],[8.5704597,47.2705015],[8.571133,47.2696017],[8.5725193,47.2677401],[8.5730106,47.2671072],[8.5736959,47.2662595],[8.5744129,47.2654201],[8.5752767,47.2644707],[8.5760912,47.2636196],[8.5767714,47.2629492],[8.5780006,47.2617988]]}},{"type":"Feature","properties":{"bridge":"yes","highway":"motorway","int_ref":"E 60","lanes":"3","layer":"1","lit":"no","maxspeed":"120","oneway":"yes","ref":"A1;A3","toll":"yes","carriage_ref":"b"},"geometry":{"type":"LineString","coordinates":[[8.4033222,47.4214298],[8.4026475,47.4215471],[8.4019467,47.4216578],[8.4012629,47.4217549]]}},{"type":"Feature","properties":{"highway":"motorway","lanes":"2","maxspeed":"120","oneway":"yes","ref":"A3","surface":"asphalt","toll":"yes","carriage_ref":"a"},"geometry":{"type":"LineString","coordinates":[[8.6155185,47.2356526],[8.616068,47.2352904],[8.6165445,47.2349806],[8.6169623,47.2347175],[8.6178379,47.2341839],[8.6185978,47.2337503],[8.6192545,47.23342],[8.6195335,47.2332767],[8.6198201,47.233136],[8.6199935,47.2330527],[8.6201709,47.2329743]]}},{"type":"Feature","properties":{"highway":"motorway","lanes":"2","maxspeed":"120","oneway":"yes","ref":"A3","toll":"yes","carriage_ref":"b"},"geometry":{"type":"LineString","coordinates":[[8.8686207,47.1938565],[8.8677479,47.1932102],[8.8669724,47.1925473],[8.8666461,47.1922662],[8.8663101,47.1919634],[8.8660484,47.1917109],[8.865765,47.1914271],[8.8655049,47.1911475],[8.8652303,47.1908461],[8.86491,47.1904555],[8.864189,47.1895011],[8.8638287,47.1890283],[8.8634388,47.1885524],[8.8632284,47.1883053]]}},{"type":"Feature","properties":{"avz":"565","bridge":"yes","bridge:name":"Lunnerenbrücke","change:lanes":"not_left|not_right|no|no","cs_dir:forward":"1","highway":"motorway","int_ref":"E 41","lanes":"4","layer":"1","lit":"yes","maxspeed":"100","maxspeed:variable":"obstruction","oneway":"yes","overtaking:hgv":"no","placement":"right_of:1","ref":"A3;A4","shoulder:right":"yes","source:maxspeed":"signals","surface":"asphalt","toll":"yes","carriage_ref":"a"},"geometry":{"type":"LineString","coordinates":[[8.4267045,47.3482246],[8.4268601,47.3480799]]}},{"type":"Feature","properties":{"highway":"motorway","int_ref":"E 60","lanes":"3","lit":"no","maxspeed":"120","oneway":"yes","ref":"A1;A3","surface":"asphalt","toll":"yes","carriage_ref":"b"},"geometry":{"type":"LineString","coordinates":[[8.4081357,47.420326],[8.4078242,47.420415],[8.4076743,47.4204555],[8.4072272,47.4205749],[8.4067811,47.4206893],[8.4063387,47.4207988],[8.4058769,47.4209083],[8.4054382,47.4210071],[8.4049742,47.4211066],[8.4045179,47.421201],[8.4040503,47.4212943],[8.4036975,47.4213621],[8.4033222,47.4214298]]}},{"type":"Feature","properties":{"highway":"motorway","lanes":"2","maxspeed":"120","oneway":"yes","ref":"A3","shoulder:right":"yes","source:maxspeed":"CH:motorway","surface":"asphalt","toll":"yes","carriage_ref":"a"},"geometry":{"type":"LineString","coordinates":[[9.0743998,47.1289281],[9.0757347,47.1289043],[9.0782835,47.1288259],[9.0829376,47.1286704],[9.0860581,47.1285559],[9.0872524,47.128499],[9.0882602,47.1284416]]}},{"type":"Feature","properties":{"avz":"216","destination":"Zürich;Luzern","destination:ref":"A3","highway":"motorway","lanes":"2","maxspeed":"120","oneway":"yes","ref":"A3","ssvz":"758N","toll":"yes","carriage_ref":"b"},"geometry":{"type":"LineString","coordinates":[[8.9821476,47.1833308],[8.9817523,47.1833896],[8.9805777,47.183597],[8.9796182,47.1837421],[8.978485,47.1838955],[8.9775441,47.1840149],[8.976556,47.1841182],[8.9755803,47.1842047],[8.9746694,47.1842784],[8.9738338,47.1843289],[8.9729296,47.184373],[8.9718459,47.1844157]]}},{"type":"Feature","properties":{"destination":"Zürich","destination:ref":"A3","highway":"motorway","int_ref":"E 60","lanes":"2","maxspeed":"100","oneway":"yes","ref":"A3","toll":"yes","carriage_ref":"a"},"geometry":{"type":"LineString","coordinates":[[7.7340374,47.5316452],[7.7363752,47.5325259],[7.7368462,47.5327076]]}},{"type":"Feature","properties":{"highway":"motorway","int_ref":"E 60","lanes":"2","maxspeed":"120","oneway":"yes","ref":"A3","toll":"yes","carriage_ref":"b"},"geometry":{"type":"LineString","coordinates":[[7.7773639,47.5440251],[7.7764829,47.5438862]]}},{"type":"Feature","properties":{"highway":"motorway","lanes":"2","maxspeed":"120","oneway":"yes","ref":"A3","toll":"yes","carriage_ref":"b"},"geometry":{"type":"LineString","coordinates":[[8.6914444,47.2014754],[8.6909104,47.2016331],[8.6901008,47.2018622],[8.6889881,47.2021523]]}},{"type":"Feature","properties":{"highway":"motorway","lanes":"2","layer":"-1","maxspeed":"80","oneway":"yes","ref":"A3","shoulder":"no","surface":"asphalt","toll":"yes","tunnel":"yes","tunnel:name":"Standenhorn","carriage_ref":"b"},"geometry":{"type":"LineString","coordinates":[[9.1420395,47.1236496],[9.141056,47.1240089],[9.139643,47.1248896]]}},{"type":"Feature","properties":{"highway":"motorway","lanes":"3","maxspeed":"120","oneway":"yes","ref":"A3","toll":"yes","turn:lanes":"none|none|slight_right","carriage_ref":"b"},"geometry":{"type":"LineString","coordinates":[[8.6889881,47.2021523],[8.6878455,47.2024213]]}},{"type":"Feature","properties":{"bridge":"yes","highway":"motorway","int_ref":"E 60","lanes":"2","layer":"1","maxspeed":"120","oneway":"yes","ref":"A3","toll":"yes","carriage_ref":"a"},"geometry":{"type":"LineString","coordinates":[[7.9552394,47.5407372],[7.9554836,47.5407271]]}},{"type":"Feature","properties":{"destination":"Bern","highway":"motorway","int_ref":"E 60","lanes":"3","lit":"no","maxspeed":"120","oneway":"yes","ref":"A1;A3","toll":"yes","carriage_ref":"b"},"geometry":{"type":"LineString","coordinates":[[8.3365035,47.4524215],[8.3362569,47.4526244],[8.3360884,47.452755],[8.335923,47.4528726],[8.3357548,47.4529886],[8.3355908,47.4530965],[8.3354225,47.4532019],[8.3352465,47.4533072],[8.3350658,47.4534043]]}},{"type":"Feature","properties":{"bridge":"yes","highway":"motorway","int_ref":"E 60","lanes":"2","layer":"1","maxspeed":"120","oneway":"yes","ref":"A3","toll":"yes","carriage_ref":"b"},"geometry":{"type":"LineString","coordinates":[[7.8257922,47.5463494],[7.825433,47.5463164]]}},{"type":"Feature","properties":{"bridge":"yes","highway":"motorway","lanes":"2","layer":"1","maxspeed":"120","oneway":"yes","ref":"A3","toll":"yes","carriage_ref":"a"},"geometry":{"type":"LineString","coordinates":[[8.6221171,47.2322238],[8.6226829,47.232047],[8.6232611,47.2318787],[8.6237315,47.2317549]]}},{"type":"Feature","properties":{"highway":"motorway","lanes":"3","maxspeed":"100","oneway":"yes","placement":"right_of:1","ref":"A3","toll":"yes","turn:lanes":"||merge_to_left","carriage_ref":"b"},"geometry":{"type":"LineString","coordinates":[[9.2663514,47.1131763],[9.2657985,47.1132954],[9.2651436,47.1134098],[9.264418,47.1135033],[9.2636652,47.1135583],[9.263055,47.1135764],[9.2623455,47.1135494],[9.2617068,47.1135019]]}},{"type":"Feature","properties":{"highway":"motorway","int_ref":"E 60","lanes":"3","lit":"no","maxspeed":"100","oneway":"yes","ref":"A1;A3","signals":"maxspeed=signals","surface":"asphalt","toll":"yes","carriage_ref":"a"},"geometry":{"type":"LineString","coordinates":[[8.2591567,47.450515],[8.2609768,47.4510072],[8.2614986,47.4511647],[8.2620845,47.4513452],[8.2625427,47.4514955],[8.2630181,47.4516524],[8.2638814,47.4519548],[8.2643403,47.452123],[8.2647923,47.4522967],[8.2653442,47.4525123],[8.2658527,47.4527133],[8.2663574,47.4529257],[8.2669025,47.4531634]]}},{"type":"Feature","properties":{"highway":"motorway","int_ref":"E 60","lanes":"2","maxspeed":"120","oneway":"yes","ref":"A3","toll":"yes","carriage_ref":"a"},"geometry":{"type":"LineString","coordinates":[[8.0239446,47.5098135],[8.0254833,47.5087539],[8.0273094,47.5075485],[8.0286601,47.5067058]]}},{"type":"Feature","properties":{"bridge":"yes","highway":"motorway","int_ref":"E 60","lanes":"2","layer":"1","oneway":"yes","ref":"A3","toll":"yes","carriage_ref":"a"},"geometry":{"type":"LineString","coordinates":[[8.0236603,47.5100208],[8.0239446,47.5098135]]}},{"type":"Feature","properties":{"highway":"motorway","lanes":"2","maxspeed":"120","oneway":"yes","ref":"A3","toll":"yes","carriage_ref":"b"},"geometry":{"type":"LineString","coordinates":[[8.7722564,47.1944348],[8.7711837,47.1943311],[8.7696535,47.1941932],[8.7683797,47.1941639],[8.7670123,47.1941549],[8.7657307,47.1942372],[8.7648524,47.1943354],[8.7639161,47.1944633],[8.7628941,47.1946683],[8.7619824,47.1948731],[8.7612522,47.1950728],[8.7604887,47.1952967],[8.7592818,47.1956433],[8.7587592,47.195766],[8.7581972,47.1958861],[8.7577407,47.1959587],[8.757158,47.1960296],[8.7566756,47.1960763],[8.7561106,47.1961057],[8.7555711,47.1961078]]}},{"type":"Feature","properties":{"bridge":"yes","bridge:name":"Reppischtalbrücke","highway":"motorway","int_ref":"E 41","lanes":"3","layer":"1","lit":"yes","maxspeed":"100","oneway":"yes","placement":"right_of:1","ref":"A3;A4","source:maxspeed":"sign","toll":"yes","turn:lanes":"||slight_right","carriage_ref":"b"},"geometry":{"type":"LineString","coordinates":[[8.4230215,47.3598417],[8.423684,47.3615258]]}},{"type":"Feature","properties":{"avz":"216","bridge":"yes","cs_dir:forward":"2","highway":"motorway","lanes":"2","layer":"1","maxspeed":"120","oneway":"yes","ref":"A3","ssvz":"758N","toll":"yes","carriage_ref":"b"},"geometry":{"type":"LineString","coordinates":[[9.0074342,47.1716421],[9.0069636,47.1719813]]}},{"type":"Feature","properties":{"bridge":"yes","highway":"motorway","lanes":"3","layer":"1","maxspeed":"120","oneway":"yes","placement":"right_of:1","ref":"A3","toll":"yes","turn:lanes":"||slight_right","carriage_ref":"a"},"geometry":{"type":"LineString","coordinates":[[9.3234385,47.1148978],[9.3241402,47.1150271]]}},{"type":"Feature","properties":{"highway":"motorway","int_ref":"E 25;E 60","lanes":"2","layer":"-1","maxspeed":"80","name":"Horburgtunnel","oneway":"yes","ref":"A3","surface":"asphalt","toll":"yes","tunnel":"yes","tunnel:name":"Horburg","carriage_ref":"b"},"geometry":{"type":"LineString","coordinates":[[7.5974216,47.5710235],[7.5970666,47.5709688],[7.595049,47.570809],[7.587332,47.5708036],[7.5868789,47.5707929]]}},{"type":"Feature","properties":{"highway":"motorway","lanes":"2","maxspeed":"100","oneway":"yes","ref":"A3","shoulder:right":"yes","source:maxspeed":"sign","surface":"asphalt","toll":"yes","carriage_ref":"a"},"geometry":{"type":"LineString","coordinates":[[9.1022832,47.126889],[9.1036094,47.1268554],[9.1045194,47.1268095],[9.1048642,47.12679],[9.1056632,47.126739],[9.106763,47.1266311],[9.1076352,47.1265185],[9.1085307,47.1263881],[9.1095892,47.1261997],[9.110051,47.1261148]]}},{"type":"Feature","properties":{"destination":"Basel;Bern","highway":"motorway","lanes":"1","lit":"yes","maxspeed":"60","oneway":"yes","ref":"A3","surface":"asphalt","toll":"yes","carriage_ref":"b"},"geometry":{"type":"LineString","coordinates":[[8.4281665,47.4119968],[8.4281184,47.4120509],[8.4280591,47.4121067]]}},{"type":"Feature","properties":{"highway":"motorway","lanes":"2","maxspeed":"120","oneway":"yes","ref":"A3","toll":"yes","carriage_ref":"b"},"geometry":{"type":"LineString","coordinates":[[9.431021,47.0482674],[9.4307983,47.0485788],[9.4302786,47.0492715],[9.4299887,47.0496548]]}},{"type":"Feature","properties":{"highway":"motorway","lanes":"2","maxspeed":"120","oneway":"yes","ref":"A3","toll":"yes","carriage_ref":"b"},"geometry":{"type":"LineString","coordinates":[[8.7473065,47.1952996],[8.7463401,47.1950577],[8.7454777,47.1948622],[8.7449781,47.194772],[8.7443461,47.1946703],[8.7434363,47.1945424],[8.7425721,47.1944083],[8.7420535,47.194294],[8.7414407,47.1941437],[8.7409692,47.1940096],[8.7399024,47.1936552],[8.7389143,47.1932906],[8.7379141,47.1929257],[8.7372945,47.1927105],[8.7366132,47.1924957],[8.7359526,47.1923096],[8.7352409,47.192127],[8.7346167,47.1919895],[8.7339765,47.191862],[8.7329946,47.1917056],[8.7321417,47.1916002],[8.7314228,47.1915304],[8.7307856,47.1914916],[8.7302556,47.1914804],[8.7296544,47.1914883],[8.7288761,47.1915321],[8.7282072,47.1915922],[8.7275306,47.1916774],[8.7271266,47.1917305]]}},{"type":"Feature","properties":{"avz":"318","cs_dir:forward":"2","highway":"motorway","lanes":"2","maxspeed":"120","oneway":"yes","ref":"A3","toll":"yes","carriage_ref":"b"},"geometry":{"type":"LineString","coordinates":[[9.4315944,47.0474625],[9.4312765,47.0478908]]}},{"type":"Feature","properties":{"destination":"Niederurnen","highway":"motorway","lanes":"2","maxspeed":"120","oneway":"yes","ref":"A3","shoulder:right":"yes","source:maxspeed":"CH:motorway","surface":"asphalt","toll":"yes","carriage_ref":"a"},"geometry":{"type":"LineString","coordinates":[[9.0522999,47.1356128],[9.0533364,47.1346704],[9.054043,47.1340689],[9.0547779,47.1335033],[9.0554699,47.1329996],[9.0561434,47.1325431],[9.0566719,47.1322043],[9.0572446,47.1318584],[9.0582369,47.1312722]]}},{"type":"Feature","properties":{"highway":"motorway","lanes":"3","maxspeed":"120","oneway":"yes","ref":"A3","surface":"asphalt","toll":"yes","carriage_ref":"a"},"geometry":{"type":"LineString","coordinates":[[8.5491343,47.2972574],[8.5492187,47.2968936],[8.5493677,47.296196],[8.5494887,47.2954665],[8.5496187,47.2946143],[8.5497299,47.2938945],[8.549851,47.2932859],[8.549906,47.2929986],[8.5499829,47.2927064],[8.5500723,47.2923691],[8.5501791,47.2920239],[8.5503928,47.2914283],[8.5506544,47.2908777],[8.5509771,47.2902993],[8.5513134,47.2897882],[8.551743,47.2892019]]}},{"type":"Feature","properties":{"highway":"motorway","lanes":"2","layer":"-1","lit":"yes","maxspeed":"80","oneway":"yes","ref":"A3","toll":"yes","tunnel":"yes","carriage_ref":"b"},"geometry":{"type":"LineString","coordinates":[[8.5223514,47.3410027],[8.5222072,47.3413669],[8.5220345,47.3417244],[8.5219223,47.3419325],[8.5217904,47.3421767],[8.5216294,47.3424111],[8.5214457,47.3426394],[8.5213006,47.3427996],[8.5211375,47.3429459],[8.520685,47.3432795]]}},{"type":"Feature","properties":{"highway":"motorway","int_ref":"E 60","lanes":"2","maxspeed":"100","oneway":"yes","overtaking:hgv":"no","ref":"A3","toll":"yes","traffic_sign":"CH:2.45","carriage_ref":"a"},"geometry":{"type":"LineString","coordinates":[[8.1499312,47.4565001],[8.1504552,47.4566139],[8.151033,47.4567573],[8.1515115,47.4568914],[8.1519386,47.4570243],[8.1524822,47.4572002],[8.1532497,47.4574738],[8.1538519,47.4577285],[8.1541768,47.4578691],[8.1546665,47.458108],[8.155626,47.458637],[8.1562565,47.4590039],[8.1580885,47.460154]]}},{"type":"Feature","properties":{"bridge":"yes","highway":"motorway","int_ref":"E 60","lanes":"2","layer":"1","maxspeed":"120","oneway":"yes","ref":"A3","toll":"yes","carriage_ref":"b"},"geometry":{"type":"LineString","coordinates":[[7.8696155,47.5473285],[7.8687016,47.5471558],[7.8678603,47.5470052],[7.8670996,47.5468922],[7.8666361,47.5468366],[7.8658092,47.5467311],[7.865115,47.5466533]]}},{"type":"Feature","properties":{"avz":"194","cs_dir:forward":"2","highway":"motorway","int_ref":"E 41","lanes":"2","lit":"yes","maxspeed":"100","oneway":"yes","ref":"A3;A4","source:maxspeed":"sign","ssvz":"904N","toll":"yes","carriage_ref":"b"},"geometry":{"type":"LineString","coordinates":[[8.4144562,47.3901907],[8.4146396,47.390607],[8.4149089,47.3911278]]}},{"type":"Feature","properties":{"highway":"motorway","int_ref":"E 25;E 35;E 60","lanes":"3","maxspeed":"60","oneway":"yes","ref":"A2;A3","toll":"yes","turn:lanes":"through|through|slight_right","carriage_ref":"b"},"geometry":{"type":"LineString","coordinates":[[7.6161858,47.5543081],[7.6159396,47.5547623]]}},{"type":"Feature","properties":{"highway":"motorway","lanes":"3","lit":"yes","maxspeed":"100","oneway":"yes","ref":"A3","toll":"yes","carriage_ref":"a"},"geometry":{"type":"LineString","coordinates":[[8.5225681,47.33782],[8.5227072,47.3372868]]}},{"type":"Feature","properties":{"destination":"Zürich","destination:ref":"A3","highway":"motorway","int_ref":"E 60","lanes":"2","maxspeed":"100","oneway":"yes","ref":"A3","toll":"yes","carriage_ref":"a"},"geometry":{"type":"LineString","coordinates":[[7.7392379,47.533609],[7.7400886,47.5339309],[7.7408159,47.5342118],[7.741419,47.5344388],[7.7450275,47.5358047],[7.7496667,47.5375557],[7.7509075,47.5380239],[7.7520315,47.5384351],[7.7524194,47.5385742]]}},{"type":"Feature","properties":{"highway":"motorway","int_ref":"E 60","lanes":"3","maxspeed":"120","oneway":"yes","ref":"A3","toll":"yes","turn:lanes":"through|through|slight_right","carriage_ref":"a"},"geometry":{"type":"LineString","coordinates":[[8.2144462,47.4515556],[8.2153459,47.4516873]]}},{"type":"Feature","properties":{"highway":"motorway","int_ref":"E 41","lanes":"2","layer":"-2","lit":"yes","maxspeed":"100","oneway":"yes","ref":"A3;A4","source:maxspeed":"sign","toll":"yes","tunnel":"yes","tunnel:name":"Eggraintunnel","carriage_ref":"b"},"geometry":{"type":"LineString","coordinates":[[8.4239245,47.362231],[8.4242226,47.363037],[8.4244209,47.3637588],[8.4244871,47.364138],[8.4245022,47.364519],[8.4245042,47.3648457],[8.4244787,47.3651694],[8.424414,47.3655017],[8.4243374,47.365831],[8.4242213,47.3661664],[8.4241116,47.366427]]}},{"type":"Feature","properties":{"highway":"motorway","lanes":"2","maxspeed":"120","oneway":"yes","ref":"A3","toll":"yes","carriage_ref":"b"},"geometry":{"type":"LineString","coordinates":[[9.4295755,47.0501235],[9.4292874,47.0504196],[9.4288999,47.0507526],[9.4282315,47.0512808],[9.4276279,47.0516881],[9.4270324,47.0520737],[9.4263055,47.0524958],[9.4253855,47.0528942],[9.4247499,47.0531446],[9.423964,47.0534041],[9.4232022,47.0536288],[9.422242,47.0538463],[9.421491,47.0539852],[9.4199809,47.0542063],[9.41971,47.0542374],[9.4188839,47.054347],[9.4181256,47.054487],[9.417304,47.0546668],[9.4165078,47.0549156],[9.415628,47.055208],[9.4150491,47.0554183],[9.4142291,47.0557663],[9.4133629,47.0561489],[9.4113566,47.0570406],[9.4093953,47.0579421],[9.4076994,47.0587384],[9.4057192,47.0596329],[9.4040558,47.0603979],[9.402453,47.061143],[9.4006738,47.0619547],[9.3988351,47.0628176],[9.3970251,47.0636429],[9.3950983,47.0645414],[9.3931435,47.0654558],[9.3911436,47.0663949],[9.3897202,47.067063],[9.3885317,47.0676266],[9.3879595,47.067904],[9.3873047,47.0682272],[9.3860973,47.0688449],[9.3849665,47.0694587],[9.3839994,47.070015],[9.3829701,47.0706183],[9.3818055,47.0713462],[9.3808045,47.0720102],[9.3799707,47.072574],[9.3778874,47.0740906],[9.3758181,47.0756752],[9.373233,47.0776756],[9.3706037,47.0797209],[9.3687416,47.0811627],[9.3671413,47.0824062],[9.3647954,47.0842233],[9.3624044,47.086078],[9.3589546,47.0887525],[9.3556976,47.0913252],[9.3550168,47.0919413],[9.3546504,47.0922873],[9.354236,47.0927159],[9.353835,47.0931719],[9.353489,47.0935904],[9.3531621,47.0940279],[9.3529835,47.0942857]]}},{"type":"Feature","properties":{"highway":"motorway","lanes":"2","maxspeed":"80","oneway":"yes","ref":"A3","toll":"yes","carriage_ref":"b"},"geometry":{"type":"LineString","coordinates":[[9.150869,47.1223528],[9.1496276,47.1223696],[9.1485755,47.1224286],[9.1479635,47.1224953],[9.1476562,47.1225354]]}},{"type":"Feature","properties":{"bridge":"yes","destination":"Bern","highway":"motorway","int_ref":"E 60","lanes":"3","layer":"1","lit":"no","maxspeed":"120","oneway":"yes","ref":"A1;A3","toll":"yes","carriage_ref":"b"},"geometry":{"type":"LineString","coordinates":[[8.3489528,47.4375856],[8.3485473,47.4378447]]}},{"type":"Feature","properties":{"highway":"motorway","lanes":"2","layer":"-2","lit":"24/7","maxspeed":"100","oneway":"yes","overtaking:hgv":"no","ref":"A3","shoulder":"none","source:maxspeed":"sign","start_date":"1986","surface":"asphalt","toll":"yes","tunnel":"yes","tunnel:name":"Kerenzertunnel","wikidata":"Q1739228","wikipedia":"de:Kerenzertunnel","carriage_ref":"a"},"geometry":{"type":"LineString","coordinates":[[9.1154691,47.1247412],[9.12193,47.1230379],[9.1238826,47.1226309],[9.1258868,47.1223164],[9.1314582,47.1214875],[9.1365993,47.1207419],[9.1445843,47.1196263],[9.1506486,47.1184315],[9.1591892,47.1162581],[9.1699867,47.1131078],[9.1772226,47.1116088],[9.1788723,47.111526],[9.1801332,47.1116851],[9.1819423,47.1121813],[9.1849864,47.1131452],[9.186511,47.1136789]]}},{"type":"Feature","properties":{"destination":"Zürich;Baden","destination:lanes":"Zürich;Baden","destination:ref":"A 1","highway":"motorway","int_ref":"E 60","lanes":"1","maxspeed":"80","oneway":"yes","ref":"A3","surface":"asphalt","toll":"yes","carriage_ref":"a"},"geometry":{"type":"LineString","coordinates":[[8.2497733,47.4473402],[8.2500264,47.4474896],[8.2502898,47.4476493],[8.2504778,47.4477584],[8.2506876,47.4478711],[8.2508417,47.4479495],[8.2510483,47.4480448],[8.2512616,47.4481415],[8.2515498,47.448262],[8.2519598,47.4484261],[8.2523785,47.4485861],[8.2525872,47.4486637],[8.2527996,47.4487385],[8.2532295,47.4488873],[8.2539472,47.4491673]]}},{"type":"Feature","properties":{"destination":"Bern","highway":"motorway","int_ref":"E 60","lanes":"3","lit":"no","maxspeed":"120","oneway":"yes","ref":"A1;A3","surface":"asphalt","toll":"yes","carriage_ref":"b"},"geometry":{"type":"LineString","coordinates":[[8.3485473,47.4378447],[8.3478969,47.4382966],[8.3476639,47.4384756]]}},{"type":"Feature","properties":{"highway":"motorway","lanes":"2","maxspeed":"80","oneway":"yes","ref":"A3","toll":"yes","carriage_ref":"a"},"geometry":{"type":"LineString","coordinates":[[8.7212202,47.1929639],[8.7220228,47.1927275],[8.7226157,47.1925595],[8.7229334,47.1924724]]}},{"type":"Feature","properties":{"highway":"motorway","int_ref":"E 25;E 35;E 60","lanes":"3","maxspeed":"80","oneway":"yes","ref":"A2;A3","toll":"yes","carriage_ref":"a"},"geometry":{"type":"LineString","coordinates":[[7.6022916,47.5727703],[7.6025881,47.5723369],[7.6026539,47.5722357]]}},{"type":"Feature","properties":{"avz":"216","cs_dir:forward":"2","highway":"motorway","lanes":"3","maxspeed":"120","oneway":"yes","placement":"right_of:1","ref":"A3","ssvz":"758N","toll":"yes","turn:lanes":"||slight_right","carriage_ref":"b"},"geometry":{"type":"LineString","coordinates":[[9.0365204,47.1506583],[9.0355964,47.1513283]]}},{"type":"Feature","properties":{"destination":"Bern","highway":"motorway","int_ref":"E 60","lanes":"4","lit":"no","maxspeed":"120","oneway":"yes","placement":"middle_of:2","ref":"A1;A3","surface":"asphalt","toll":"yes","turn:lanes":"|||merge_to_left","carriage_ref":"b"},"geometry":{"type":"LineString","coordinates":[[8.3461297,47.4398702],[8.3459601,47.4400541],[8.345702,47.4403483],[8.345436,47.4406674],[8.3451909,47.4409711],[8.3449414,47.4412739]]}},{"type":"Feature","properties":{"highway":"motorway","lanes":"3","maxspeed":"100","oneway":"yes","placement":"right_of:1","ref":"A3","toll":"yes","turn:lanes":"||merge_to_left","carriage_ref":"b"},"geometry":{"type":"LineString","coordinates":[[9.3233212,47.11499],[9.3223758,47.1148211],[9.3213164,47.1146435]]}},{"type":"Feature","properties":{"change:lanes":"not_left|yes|no","highway":"motorway","lanes":"3","maxspeed":"100","oneway":"yes","placement":"right_of:1","ref":"A3","toll":"yes","turn:lanes":"||slight_right","carriage_ref":"b"},"geometry":{"type":"LineString","coordinates":[[9.1990757,47.1135377],[9.1984051,47.1135998],[9.1977721,47.1136527],[9.197296,47.1136879]]}},{"type":"Feature","properties":{"destination:int_ref:lanes":"E 60|E 41;E 60|","destination:lanes":"Bern;Basel|Sankt Gallen;Flughafen;Nordring-Zürich|Zürich-City","destination:ref:lanes":"A1;A3|A1;A4|","highway":"motorway","int_ref":"E 41","lanes":"3","lit":"yes","maxspeed":"100","oneway":"yes","ref":"A3;A4","source:maxspeed":"sign","toll":"yes","carriage_ref":"b"},"geometry":{"type":"LineString","coordinates":[[8.4191811,47.3957693],[8.4193569,47.3959886],[8.4195434,47.3962152],[8.4197576,47.3965277],[8.4199751,47.3968697],[8.4201669,47.3971851],[8.4203211,47.3975003]]}},{"type":"Feature","properties":{"bridge":"yes","highway":"motorway","lanes":"2","layer":"1","maxspeed":"120","oneway":"yes","ref":"A3","surface":"asphalt","toll":"yes","carriage_ref":"b"},"geometry":{"type":"LineString","coordinates":[[9.4618981,47.0374546],[9.4611733,47.0377584]]}},{"type":"Feature","properties":{"bridge":"yes","highway":"motorway","int_ref":"E 25;E 35;E 60","lanes":"3","layer":"1","maxspeed":"80","oneway":"yes","ref":"A2;A3","toll":"yes","carriage_ref":"a"},"geometry":{"type":"LineString","coordinates":[[7.6157895,47.5510591],[7.6156162,47.5506121]]}},{"type":"Feature","properties":{"highway":"motorway","int_ref":"E 60","lanes":"2","maxspeed":"120","oneway":"yes","ref":"A3","source":"AGIS OF2011","toll":"yes","carriage_ref":"a"},"geometry":{"type":"LineString","coordinates":[[7.9645654,47.5413041],[7.96509,47.5412284],[7.9661482,47.5410525],[7.9671869,47.5408815],[7.9677549,47.5408145],[7.9683404,47.5407658],[7.9688725,47.5407319],[7.9694572,47.5407172],[7.9699944,47.5407213],[7.970591,47.5407502],[7.9713414,47.5408294],[7.9720817,47.5409344],[7.9724494,47.5409913],[7.9728411,47.5410672],[7.9736903,47.5412464],[7.9751425,47.5415537],[7.9757131,47.5416473],[7.976181,47.5417066],[7.9768063,47.5417669],[7.9772657,47.5417907],[7.9776829,47.5417988],[7.9785122,47.541783],[7.9792069,47.5417375]]}},{"type":"Feature","properties":{"destination":"Zürich","highway":"motorway","int_ref":"E 60","lanes":"3","lit":"yes","maxspeed":"100","oneway":"yes","ref":"A1;A3","surface":"asphalt","toll":"yes","carriage_ref":"a"},"geometry":{"type":"LineString","coordinates":[[8.3138629,47.4529968],[8.314163,47.4530202],[8.3144099,47.4530518],[8.3146544,47.4530889],[8.3148604,47.4531274],[8.3150668,47.45317],[8.3154258,47.4532614],[8.3156177,47.4533239],[8.315806,47.4533933],[8.3162296,47.4535496]]}},{"type":"Feature","properties":{"highway":"motorway","int_ref":"E 60","lanes":"2","layer":"-1","maxspeed":"100","oneway":"yes","ref":"A3","toll":"yes","traffic_sign":"CH:2.45","tunnel":"yes","tunnel:name":"Habsburg","carriage_ref":"a"},"geometry":{"type":"LineString","coordinates":[[8.1731647,47.4616214],[8.1733754,47.4615194],[8.1738372,47.4612976],[8.1745414,47.4609382],[8.1880124,47.4532245],[8.188477,47.4529981],[8.1889455,47.4527915]]}},{"type":"Feature","properties":{"bridge":"yes","highway":"motorway","int_ref":"E 60","lanes":"3","layer":"1","lit":"no","maxspeed":"120","oneway":"yes","ref":"A1;A3","surface":"asphalt","toll":"yes","carriage_ref":"b"},"geometry":{"type":"LineString","coordinates":[[8.3326078,47.4543407],[8.3322356,47.4544292],[8.3318715,47.4545062],[8.3314545,47.4545851],[8.3310608,47.4546504]]}},{"type":"Feature","properties":{"highway":"motorway","int_ref":"E 60","lanes":"2","maxspeed":"120","oneway":"yes","ref":"A3","source":"AGIS OF2011","toll":"yes","carriage_ref":"b"},"geometry":{"type":"LineString","coordinates":[[7.9552473,47.5408408],[7.9546626,47.5408742],[7.9542033,47.5409211],[7.9538169,47.5409619],[7.9534806,47.5410165],[7.9529591,47.5411007],[7.9522965,47.5412417],[7.9517084,47.5413885],[7.9509583,47.5415874],[7.9495357,47.5419704],[7.9488318,47.5421441],[7.9480899,47.5423036],[7.9473315,47.5424353],[7.9465804,47.5425445],[7.9458322,47.5426304],[7.9446359,47.5427344],[7.9431673,47.5428175],[7.9423467,47.542873],[7.9416237,47.5429714],[7.9408644,47.5431008],[7.9401625,47.5432737],[7.9397192,47.5434043],[7.9393012,47.5435513],[7.9388118,47.543738],[7.938294,47.5439681],[7.9375265,47.5443255],[7.9372573,47.54444],[7.9368651,47.5445999],[7.9362795,47.5447839],[7.9357267,47.5449256],[7.9351743,47.5450267],[7.9345834,47.5451137],[7.9333155,47.5452392],[7.9323386,47.5453026],[7.9315568,47.5453318],[7.9302735,47.5453574],[7.9295898,47.5453492],[7.9288431,47.5453195],[7.927966,47.545269],[7.9277381,47.5452518],[7.9275131,47.5452309],[7.9269791,47.5451745],[7.9261679,47.545074],[7.925579,47.5449851],[7.9247316,47.5448466],[7.923286,47.544605],[7.9226137,47.5445154]]}},{"type":"Feature","properties":{"highway":"motorway","lanes":"2","maxspeed":"120","oneway":"yes","ref":"A3","surface":"asphalt","toll":"yes","carriage_ref":"b"},"geometry":{"type":"LineString","coordinates":[[9.0872593,47.1286027],[9.0861547,47.1286551],[9.0855732,47.1286689],[9.0829595,47.1287615],[9.0782741,47.1289235],[9.0757613,47.1289963],[9.0743949,47.129027],[9.0733108,47.1290317],[9.0723853,47.1290169],[9.0714186,47.1289927],[9.0708645,47.1289773],[9.0703111,47.1289655]]}},{"type":"Feature","properties":{"bridge":"yes","highway":"motorway","lanes":"3","layer":"1","maxspeed":"100","oneway":"yes","ref":"A3","toll":"yes","turn:lanes":"none|none|merge_to_left","carriage_ref":"b"},"geometry":{"type":"LineString","coordinates":[[8.7206523,47.1932888],[8.7198703,47.193557]]}},{"type":"Feature","properties":{"highway":"motorway","lanes":"2","layer":"-1","maxspeed":"80","oneway":"yes","ref":"A3","toll":"yes","tunnel":"yes","tunnel:alt_name":"Wisswand","tunnel:name":"Weisswand","carriage_ref":"b"},"geometry":{"type":"LineString","coordinates":[[9.1262823,47.1253951],[9.1248434,47.1256236],[9.1244818,47.1256602]]}},{"type":"Feature","properties":{"bridge":"yes","highway":"motorway","int_ref":"E 25;E 35;E 60","lanes":"3","layer":"1","maxspeed":"80","oneway":"yes","ref":"A2;A3","toll":"yes","carriage_ref":"a"},"geometry":{"type":"LineString","coordinates":[[7.6107777,47.5622261],[7.6113463,47.5616094]]}},{"type":"Feature","properties":{"covered":"protection_gallery","highway":"motorway","lanes":"2","maxspeed":"80","oneway":"yes","ref":"A3","shoulder":"no","surface":"asphalt","toll":"yes","tunnel:name":"Standenhorn","carriage_ref":"b"},"geometry":{"type":"LineString","coordinates":[[9.139643,47.1248896],[9.1395016,47.1249645],[9.1393453,47.1250344],[9.1384947,47.1253397],[9.1381137,47.1254448],[9.1371876,47.1256487]]}},{"type":"Feature","properties":{"highway":"motorway","lanes":"2","maxspeed":"120","oneway":"yes","ref":"A3","toll":"yes","carriage_ref":"a"},"geometry":{"type":"LineString","coordinates":[[8.7491559,47.1955762],[8.7496416,47.1956463],[8.7501382,47.1956945],[8.7510411,47.1957725],[8.7519031,47.195838],[8.7532079,47.1959154]]}},{"type":"Feature","properties":{"destination":"Niederurnen","highway":"motorway","lanes":"3","maxspeed":"120","oneway":"yes","placement":"right_of:1","ref":"A3","shoulder:right":"yes","source:maxspeed":"CH:motorway","surface":"asphalt","toll":"yes","turn:lanes":"||merge_to_left","carriage_ref":"a"},"geometry":{"type":"LineString","coordinates":[[9.034698,47.151849],[9.0355656,47.151242],[9.0364882,47.1505817]]}},{"type":"Feature","properties":{"bridge":"yes","highway":"motorway","int_ref":"E 60","lanes":"2","layer":"1","maxspeed":"120","oneway":"yes","ref":"A3","toll":"yes","carriage_ref":"b"},"geometry":{"type":"LineString","coordinates":[[7.9226137,47.5445154],[7.9222327,47.5444746],[7.9218034,47.5444507]]}},{"type":"Feature","properties":{"highway":"motorway","int_ref":"E 25;E 60","lanes":"2","layer":"-1","maxspeed":"80","name":"St. Johanns-Tunnel","oneway":"yes","ref":"A3","toll":"yes","tunnel":"yes","tunnel:alt_name":"St. Johanns","tunnel:name":"St. Johann","carriage_ref":"b"},"geometry":{"type":"LineString","coordinates":[[7.5707091,47.5714495],[7.5698551,47.5715988],[7.5690991,47.5718837],[7.5665475,47.5735984]]}},{"type":"Feature","properties":{"highway":"motorway","int_ref":"E 60","lanes":"2","layer":"-2","maxspeed":"100","oneway":"yes","ref":"A3","toll":"yes","tunnel":"yes","tunnel:name":"Bözberg","carriage_ref":"b"},"geometry":{"type":"LineString","coordinates":[[8.1389284,47.4566991],[8.1371184,47.4573319],[8.1356468,47.458022],[8.1346394,47.458604],[8.1334288,47.4594716],[8.1241446,47.4670959],[8.121296,47.4693725],[8.1196287,47.470604],[8.1178179,47.4716265],[8.1163935,47.4722758],[8.1140196,47.473052],[8.1105195,47.4739998],[8.1083782,47.4747074],[8.1058158,47.4756566],[8.1034419,47.4767462],[8.101572,47.4777108]]}},{"type":"Feature","properties":{"bridge":"yes","highway":"motorway","int_ref":"E 60","lanes":"3","layer":"1","lit":"no","maxspeed":"100","oneway":"yes","ref":"A1;A3","surface":"asphalt","toll":"yes","carriage_ref":"a"},"geometry":{"type":"LineString","coordinates":[[8.2669025,47.4531634],[8.267268,47.4533225]]}},{"type":"Feature","properties":{"highway":"motorway","int_ref":"E 60","lanes":"3","lit":"no","maxspeed":"100","oneway":"yes","ref":"A1;A3","signals":"maxspeed=signals","surface":"asphalt","toll":"yes","carriage_ref":"b"},"geometry":{"type":"LineString","coordinates":[[8.2854736,47.458598],[8.2846114,47.4584881],[8.2841346,47.4584215],[8.2836651,47.4583555],[8.2831992,47.4582812],[8.2827377,47.458203],[8.2822813,47.4581306],[8.281805,47.4580654],[8.2806985,47.4579271],[8.2798283,47.4578227],[8.2786163,47.4576808],[8.2781495,47.4576211],[8.2776743,47.4575518],[8.2771953,47.4574788],[8.2767161,47.4573946],[8.2762674,47.457293],[8.2758245,47.4571838]]}},{"type":"Feature","properties":{"highway":"motorway","lanes":"2","maxspeed":"120","oneway":"yes","ref":"A3","toll":"yes","carriage_ref":"b"},"geometry":{"type":"LineString","coordinates":[[8.8558208,47.1855905],[8.8553589,47.1855811],[8.854835,47.1855775],[8.8541057,47.1855806],[8.8535995,47.1855908],[8.8530631,47.1856108],[8.8525579,47.1856362],[8.8520356,47.1856713],[8.8514779,47.1857166],[8.8509138,47.1857705],[8.8503382,47.1858378],[8.8497485,47.1859134],[8.8491841,47.1859942],[8.8486426,47.1860806],[8.8479584,47.1862077],[8.8473812,47.186324],[8.8465383,47.1865269]]}},{"type":"Feature","properties":{"highway":"motorway","int_ref":"E 60","lanes":"2","maxspeed":"120","oneway":"yes","ref":"A3","toll":"yes","carriage_ref":"b"},"geometry":{"type":"LineString","coordinates":[[7.8767983,47.5490902],[7.8754339,47.5487172],[7.8733264,47.5481643],[7.8710388,47.5476223],[7.8696155,47.5473285]]}},{"type":"Feature","properties":{"bridge":"yes","highway":"motorway","int_ref":"E 60","lanes":"2","layer":"1","maxspeed":"120","oneway":"yes","ref":"A3","toll":"yes","carriage_ref":"b"},"geometry":{"type":"LineString","coordinates":[[7.9648958,47.5413674],[7.9640796,47.5414728]]}},{"type":"Feature","properties":{"highway":"motorway","int_ref":"E 60","lanes":"4","lit":"yes","maxspeed":"100","oneway":"yes","ref":"A1;A3","surface":"asphalt","toll":"yes","turn:lanes":"none|none|none|merge_to_left","carriage_ref":"b"},"geometry":{"type":"LineString","coordinates":[[8.3200581,47.4546431],[8.3196641,47.454591],[8.3192866,47.4545355],[8.3188683,47.4544583],[8.3184086,47.4543555],[8.3180828,47.4542767],[8.3178289,47.4542091],[8.3175077,47.4541204],[8.3171926,47.4540211],[8.3169308,47.4539345],[8.3166904,47.4538478],[8.3162799,47.4537028],[8.3158755,47.4535479],[8.3156228,47.4534545],[8.3153701,47.4533685],[8.3150142,47.4532832]]}},{"type":"Feature","properties":{"highway":"motorway","lanes":"2","maxspeed":"120","oneway":"yes","ref":"A3","surface":"asphalt","toll":"yes","carriage_ref":"b"},"geometry":{"type":"LineString","coordinates":[[9.4536882,47.0385187],[9.4521414,47.0384302],[9.4514034,47.0384028],[9.4505213,47.0383903],[9.4496376,47.0384024]]}},{"type":"Feature","properties":{"highway":"motorway","lanes":"3","maxspeed":"100","oneway":"yes","ref":"A3","toll":"yes","turn:lanes":"none|none|slight_right","carriage_ref":"b"},"geometry":{"type":"LineString","coordinates":[[8.7236783,47.1924073],[8.7225977,47.1926915]]}},{"type":"Feature","properties":{"bridge":"yes","highway":"motorway","lanes":"2","layer":"1","maxspeed":"120","oneway":"yes","ref":"A3","toll":"yes","carriage_ref":"a"},"geometry":{"type":"LineString","coordinates":[[8.8710953,47.1950049],[8.8715937,47.1952351]]}},{"type":"Feature","properties":{"destination:lanes":"Weesen|Weesen|Mühlehorn","highway":"motorway","lanes":"3","maxspeed":"80","oneway":"yes","ref":"A3","toll":"yes","turn:lanes":"none|none|slight_right","carriage_ref":"b"},"geometry":{"type":"LineString","coordinates":[[9.1766377,47.1167359],[9.1762581,47.1167539],[9.1759592,47.1167441]]}},{"type":"Feature","properties":{"destination":"Zürich;Baden","destination:lanes":"Zürich;Baden|","destination:ref":"A1;A3","highway":"motorway","int_ref":"E 60","lanes":"2","maxspeed":"80","oneway":"yes","ref":"A3","surface":"asphalt","toll":"yes","carriage_ref":"a"},"geometry":{"type":"LineString","coordinates":[[8.2445054,47.4467976],[8.2449272,47.4466522],[8.2451643,47.4465765],[8.2453925,47.4465113],[8.2456173,47.4464506],[8.2458388,47.4464018],[8.2461266,47.4463549]]}},{"type":"Feature","properties":{"bridge":"yes","highway":"motorway","lanes":"2","layer":"1","maxspeed":"120","oneway":"yes","ref":"A3","toll":"yes","carriage_ref":"b"},"geometry":{"type":"LineString","coordinates":[[8.6106775,47.239243],[8.6102289,47.2395597],[8.609771,47.2398791]]}},{"type":"Feature","properties":{"highway":"motorway","int_ref":"E 25;E 60","lanes":"2","layer":"-1","maxspeed":"80","name":"St. Johanns-Tunnel","oneway":"yes","ref":"A3","toll":"yes","tunnel":"yes","tunnel:alt_name":"St. Johanns","tunnel:name":"St. Johann","carriage_ref":"a"},"geometry":{"type":"LineString","coordinates":[[7.565564,47.5740594],[7.5662469,47.5736466],[7.568238,47.5721818],[7.5689744,47.5717367],[7.5698197,47.5714359],[7.5706875,47.5713008]]}},{"type":"Feature","properties":{"highway":"motorway","lanes":"2","maxspeed":"120","oneway":"yes","ref":"A3","toll":"yes","carriage_ref":"a"},"geometry":{"type":"LineString","coordinates":[[8.6326499,47.2304866],[8.6339192,47.2303952],[8.6349586,47.230329],[8.6357734,47.2302756],[8.6366496,47.2302144],[8.6371973,47.230171],[8.6380035,47.2301026]]}},{"type":"Feature","properties":{"highway":"motorway","lanes":"3","maxspeed":"100","oneway":"yes","placement":"right_of:1","ref":"A3","toll":"yes","turn:lanes":"||slight_right","carriage_ref":"b"},"geometry":{"type":"LineString","coordinates":[[9.2710347,47.111713],[9.2690578,47.1123818]]}},{"type":"Feature","properties":{"highway":"motorway","int_ref":"E 60","lanes":"3","lit":"no","maxspeed":"120","oneway":"yes","ref":"A1;A3","surface":"asphalt","toll":"yes","carriage_ref":"a"},"geometry":{"type":"LineString","coordinates":[[8.3554381,47.434492],[8.3561323,47.4342092],[8.3565466,47.4340336],[8.3569385,47.4338622],[8.3573339,47.4336832],[8.3577153,47.4335009],[8.358109,47.4333078],[8.3584969,47.4331096],[8.3590709,47.4328086],[8.3596382,47.4325037],[8.3608601,47.4318419],[8.3612145,47.431656],[8.3615717,47.4314715],[8.3619328,47.4312886],[8.3622996,47.4311079]]}},{"type":"Feature","properties":{"highway":"motorway","lanes":"2","maxspeed":"120","oneway":"yes","ref":"A3","surface":"asphalt","toll":"yes","carriage_ref":"b"},"geometry":{"type":"LineString","coordinates":[[8.5553282,47.2862226],[8.5545518,47.2868096],[8.5539195,47.287314],[8.5534805,47.2876724],[8.5532366,47.2878915],[8.5526004,47.2884955],[8.5521072,47.2890493],[8.5516987,47.2895552],[8.5513378,47.2900609],[8.551012,47.2905916],[8.5507125,47.2911729],[8.5504211,47.2918456],[8.5502338,47.2924498],[8.5501278,47.2929109],[8.5500401,47.2932532],[8.5499841,47.2935812],[8.5498696,47.2942542],[8.5497369,47.2951477],[8.5496454,47.2957677],[8.5495288,47.2963488],[8.5494266,47.296838],[8.5492835,47.2974432],[8.5491106,47.2980198],[8.5489806,47.2984984],[8.5487446,47.2992381],[8.5484909,47.2999638],[8.5479915,47.3012075],[8.5476477,47.3019279],[8.5473355,47.3025593],[8.5470341,47.3031421],[8.546732,47.3037051],[8.5466655,47.3038165],[8.5462826,47.3044741],[8.5460446,47.304845],[8.545648,47.3053769],[8.5452912,47.3058975],[8.5449374,47.3064512],[8.5445796,47.3069802],[8.5442234,47.3075447],[8.543935,47.308032],[8.5436013,47.3086284],[8.543329,47.3091304],[8.5430199,47.3097458],[8.5424365,47.3109164],[8.5421414,47.3114641],[8.5418146,47.3119975],[8.5414529,47.3125415],[8.5409841,47.313196],[8.540497,47.3138332],[8.5400336,47.314383],[8.5395182,47.3149647],[8.5390717,47.3154208],[8.5386203,47.3158574],[8.5380633,47.3163718],[8.537545,47.3168038]]}},{"type":"Feature","properties":{"avz":"283","cs_dir:forward":"1","highway":"motorway","int_ref":"E 25;E 60","lanes":"2","layer":"-1","maxspeed":"80","name":"St. Johanns-Tunnel","oneway":"yes","ref":"A3","toll":"yes","tunnel":"yes","tunnel:alt_name":"St. Johanns","tunnel:name":"St. Johann","carriage_ref":"a"},"geometry":{"type":"LineString","coordinates":[[7.5706875,47.5713008],[7.5752969,47.5709836]]}},{"type":"Feature","properties":{"highway":"motorway","lanes":"2","maxspeed":"80","oneway":"yes","ref":"A3","toll":"yes","carriage_ref":"a"},"geometry":{"type":"LineString","coordinates":[[8.7182538,47.1939278],[8.7191039,47.1936443],[8.7198871,47.1933812]]}},{"type":"Feature","properties":{"bridge":"yes","highway":"motorway","int_ref":"E 60","lanes":"2","layer":"1","oneway":"yes","ref":"A3","toll":"yes","carriage_ref":"b"},"geometry":{"type":"LineString","coordinates":[[7.7339866,47.5318391],[7.7330395,47.5315268]]}},{"type":"Feature","properties":{"destination:lanes":"Karlsruhe|Karlsruhe;Mulhouse;EuroAirport|Mulhouse;EuroAirport;Basel-Kleinhüningen;Weil-am-Rhein","highway":"motorway","int_ref":"E 25;E 35;E 60","lanes":"3","layer":"-1","maxspeed":"80","oneway":"yes","ref":"A2;A3","toll":"yes","tunnel":"yes","turn:lanes":"slight_left|slight_left;slight_right|slight_right","carriage_ref":"b"},"geometry":{"type":"LineString","coordinates":[[7.6046635,47.5697979],[7.6038834,47.5707978]]}},{"type":"Feature","properties":{"bridge":"yes","highway":"motorway","int_ref":"E 60","lanes":"2","layer":"1","maxspeed":"120","oneway":"yes","ref":"A3","toll":"yes","carriage_ref":"a"},"geometry":{"type":"LineString","coordinates":[[7.7763225,47.5437584],[7.776534,47.5437916]]}},{"type":"Feature","properties":{"highway":"motorway","int_ref":"E 41","lanes":"2","layer":"-1","lit":"yes","maxspeed":"100","oneway":"yes","ref":"A3;A4","source:maxspeed":"sign","toll":"yes","tunnel":"yes","tunnel:alt_name":"Äschertunnel","tunnel:name":"Aeschertunnel","carriage_ref":"b"},"geometry":{"type":"LineString","coordinates":[[8.4296862,47.3456534],[8.4285759,47.3469199]]}},{"type":"Feature","properties":{"bridge":"yes","highway":"motorway","int_ref":"E 25;E 35;E 60","lanes":"2","layer":"1","maxspeed":"80","oneway":"yes","ref":"A2;A3","toll":"yes","carriage_ref":"a"},"geometry":{"type":"LineString","coordinates":[[7.6152423,47.5558299],[7.6154365,47.5554519]]}},{"type":"Feature","properties":{"highway":"motorway","lanes":"2","maxspeed":"100","oneway":"yes","ref":"A3","toll":"yes","carriage_ref":"b"},"geometry":{"type":"LineString","coordinates":[[9.197296,47.1136879],[9.197169,47.1136931],[9.1966189,47.1137388],[9.1960631,47.1137934],[9.1948646,47.1139821]]}},{"type":"Feature","properties":{"bridge":"yes","highway":"motorway","lanes":"2","layer":"1","maxspeed":"120","oneway":"yes","ref":"A3","toll":"yes","carriage_ref":"a"},"geometry":{"type":"LineString","coordinates":[[8.7264098,47.1917422],[8.7270877,47.1916305]]}},{"type":"Feature","properties":{"bridge":"yes","highway":"motorway","int_ref":"E 25;E 60","lanes":"2","layer":"2","maxspeed":"80","oneway":"yes","ref":"A3","toll":"yes","carriage_ref":"b"},"geometry":{"type":"LineString","coordinates":[[7.6024555,47.5729869],[7.6019165,47.57375]]}},{"type":"Feature","properties":{"bridge":"yes","highway":"motorway","lanes":"2","layer":"1","maxspeed":"100","oneway":"yes","ref":"A3","toll":"yes","carriage_ref":"b"},"geometry":{"type":"LineString","coordinates":[[8.8182908,47.1926155],[8.8179384,47.1927831]]}},{"type":"Feature","properties":{"destination":"Bern;Luzern;Basel","highway":"motorway","int_ref":"E 60","lanes":"3","maxspeed":"100","oneway":"yes","placement":"right_of:1","ref":"A3","toll":"yes","turn:lanes":"none|none|slight_right","carriage_ref":"b"},"geometry":{"type":"LineString","coordinates":[[7.7659789,47.5420457],[7.7655645,47.5419651]]}},{"type":"Feature","properties":{"destination:int_ref:lanes":"E 60|E 41;E 60|","destination:lanes":"Bern;Basel|Sankt Gallen;Flughafen;Nordring-Zürich|Zürich-City","destination:ref:lanes":"A1;A3|A1;A4|","highway":"motorway","int_ref":"E 41","lanes":"3","lit":"no","maxspeed":"100","oneway":"yes","ref":"A3;A4","source:maxspeed":"sign","surface":"asphalt","toll":"yes","turn:lanes":"slight_left|through|through","carriage_ref":"b"},"geometry":{"type":"LineString","coordinates":[[8.4214056,47.4025715],[8.4214717,47.4029892],[8.4216027,47.4036041],[8.4217135,47.4039903],[8.4218023,47.4042554],[8.4219064,47.4045249],[8.4220946,47.4049514],[8.4222632,47.4053076],[8.4225153,47.4057342],[8.4227516,47.4060953],[8.4230008,47.4064449]]}},{"type":"Feature","properties":{"highway":"motorway","int_ref":"E 60","lanes":"2","maxspeed":"120","oneway":"yes","ref":"A3","toll":"yes","carriage_ref":"a"},"geometry":{"type":"LineString","coordinates":[[7.8697377,47.547247],[7.8710415,47.5475125],[7.872445,47.5478365],[7.8757398,47.5486714],[7.8772495,47.5490604],[7.8792601,47.5495599],[7.8805808,47.5498628],[7.881841,47.5501294],[7.8830355,47.5503467],[7.8837758,47.5504662],[7.8848813,47.5506279],[7.8858157,47.550736],[7.8867122,47.5508248],[7.8874836,47.5508851],[7.8890438,47.5509758],[7.8907934,47.5510182],[7.8920078,47.5510388],[7.8932074,47.5510374],[7.8961975,47.5510339],[7.8996058,47.550976],[7.9004118,47.550949],[7.9011437,47.5509105],[7.9015541,47.5508811],[7.9021087,47.550825],[7.9027781,47.5507373],[7.9031623,47.5506778],[7.9036025,47.5505909],[7.9043178,47.5504143],[7.9052361,47.5501448]]}},{"type":"Feature","properties":{"highway":"motorway","int_ref":"E 60","lanes":"2","maxspeed":"120","oneway":"yes","ref":"A3","toll":"yes","carriage_ref":"a"},"geometry":{"type":"LineString","coordinates":[[8.0151236,47.5170192],[8.0172044,47.5152436],[8.0185366,47.5141231]]}},{"type":"Feature","properties":{"change:lanes":"not_left|not_right|yes","highway":"motorway","lanes":"3","maxspeed":"120","oneway":"yes","placement":"right_of:1","ref":"A3","shoulder:right":"yes","source:maxspeed":"CH:motorway","surface":"asphalt","toll":"yes","turn:lanes":"||merge_to_left","carriage_ref":"a"},"geometry":{"type":"LineString","coordinates":[[9.07143,47.1288966],[9.0723808,47.1289198],[9.073345,47.1289343]]}},{"type":"Feature","properties":{"highway":"motorway","int_ref":"E 60","lanes":"3","lit":"no","maxspeed":"120","oneway":"yes","ref":"A1;A3","surface":"asphalt","toll":"yes","carriage_ref":"a"},"geometry":{"type":"LineString","coordinates":[[8.3933549,47.4222549],[8.3940719,47.4222125],[8.3949176,47.4221655],[8.3957175,47.422118],[8.3971249,47.4220267],[8.3978179,47.4219763],[8.398679,47.4219074],[8.3995387,47.4218158]]}},{"type":"Feature","properties":{"highway":"motorway","lanes":"2","layer":"-1","maxspeed":"100","oneway":"yes","ref":"A3","toll":"yes","tunnel":"yes","tunnel:name":"Altendorftunnel","carriage_ref":"b"},"geometry":{"type":"LineString","coordinates":[[8.83313,47.1901597],[8.8311444,47.1904263],[8.8291993,47.1906655],[8.8252617,47.1911169]]}},{"type":"Feature","properties":{"destination":"Murg","highway":"motorway","lanes":"2","maxspeed":"120","oneway":"yes","ref":"A3","shoulder:right":"yes","source:maxspeed":"CH:motorway","surface":"asphalt","toll":"yes","carriage_ref":"a"},"geometry":{"type":"LineString","coordinates":[[9.0896275,47.1283338],[9.090182,47.1282788],[9.0910484,47.128184],[9.0918607,47.1280856],[9.0923946,47.1280143]]}},{"type":"Feature","properties":{"bridge":"yes","highway":"motorway","int_ref":"E 25;E 35;E 60","lanes":"3","layer":"2","maxspeed":"80","oneway":"yes","ref":"A2;A3","toll":"yes","turn:lanes":"slight_left|through|through","carriage_ref":"b"},"geometry":{"type":"LineString","coordinates":[[7.6230577,47.5423629],[7.6225257,47.5424763],[7.6218934,47.5426469],[7.6213757,47.5428077]]}},{"type":"Feature","properties":{"highway":"motorway","lanes":"2","layer":"-1","maxspeed":"100","oneway":"yes","ref":"A3","toll":"yes","tunnel":"yes","tunnel:alt_name":"Raischiben Nord","tunnel:name":"Raischibe","carriage_ref":"b"},"geometry":{"type":"LineString","coordinates":[[9.3080695,47.1145958],[9.3073419,47.1144988],[9.3065265,47.1143199],[9.3060651,47.1141812],[9.3056092,47.1140424],[9.3046171,47.1137233],[9.3035965,47.1133339],[9.3025767,47.1128587],[9.301454,47.1122751],[9.2993137,47.1110764]]}},{"type":"Feature","properties":{"highway":"motorway","lanes":"2","layer":"-1","maxspeed":"80","name":"Stutztunnel","oneway":"yes","ref":"A3","toll":"yes","tunnel":"yes","tunnel:name":"Stutz","carriage_ref":"b"},"geometry":{"type":"LineString","coordinates":[[9.1839413,47.1147546],[9.182047,47.1157026]]}},{"type":"Feature","properties":{"bridge":"yes","highway":"motorway","lanes":"2","layer":"1","lit":"yes","maxspeed":"100","oneway":"yes","overtaking:hgv":"no","ref":"A3","shoulder:right":"yes","source:maxspeed":"sign","surface":"asphalt","toll":"yes","carriage_ref":"a"},"geometry":{"type":"LineString","coordinates":[[9.252758,47.1088081],[9.2530864,47.1089104],[9.2535697,47.1090771],[9.2545551,47.1095282],[9.2555715,47.1101677]]}},{"type":"Feature","properties":{"highway":"motorway","lanes":"2","maxspeed":"120","oneway":"yes","ref":"A3","toll":"yes","carriage_ref":"a"},"geometry":{"type":"LineString","coordinates":[[8.6206747,47.2327718],[8.6211682,47.2325691],[8.6216409,47.2323922],[8.6218764,47.2323087],[8.6221171,47.2322238]]}},{"type":"Feature","properties":{"highway":"motorway","lanes":"3","lit":"yes","maxspeed":"100","oneway":"yes","ref":"A3","toll":"yes","carriage_ref":"a"},"geometry":{"type":"LineString","coordinates":[[8.5258428,47.3328296],[8.526658,47.3321725],[8.5272199,47.3316917],[8.5273515,47.3315734]]}},{"type":"Feature","properties":{"avz":"577","cs_dir:forward":"2","highway":"motorway","lanes":"2","layer":"-2","lit":"yes","maxspeed":"100","oneway":"yes","ref":"A3","toll":"yes","tunnel":"yes","tunnel:alt_name":"Üetlibergtunnel","tunnel:name":"Uetlibergtunnel","carriage_ref":"b"},"geometry":{"type":"LineString","coordinates":[[8.5079891,47.3450805],[8.4768,47.349689],[8.4748381,47.3499722]]}},{"type":"Feature","properties":{"highway":"motorway","lanes":"2","maxspeed":"120","oneway":"yes","ref":"A3","toll":"yes","carriage_ref":"a"},"geometry":{"type":"LineString","coordinates":[[8.8693727,47.1940883],[8.8696163,47.1942313],[8.8701641,47.194532],[8.8710953,47.1950049]]}},{"type":"Feature","properties":{"bridge":"yes","highway":"motorway","int_ref":"E 60","lanes":"2","layer":"1","maxspeed":"120","oneway":"yes","ref":"A3","toll":"yes","carriage_ref":"b"},"geometry":{"type":"LineString","coordinates":[[7.9054597,47.5501779],[7.9052886,47.5502306]]}},{"type":"Feature","properties":{"highway":"motorway","lanes":"3","maxspeed":"120","oneway":"yes","placement":"right_of:1","ref":"A3","shoulder:right":"yes","source:maxspeed":"CH:motorway","surface":"asphalt","toll":"yes","turn:lanes":"||slight_right","carriage_ref":"a"},"geometry":{"type":"LineString","coordinates":[[9.0653086,47.129],[9.0658021,47.128948]]}},{"type":"Feature","properties":{"highway":"motorway","int_ref":"E 60","lanes":"2","maxspeed":"120","oneway":"yes","ref":"A3","toll":"yes","carriage_ref":"b"},"geometry":{"type":"LineString","coordinates":[[8.2153763,47.4517913],[8.2144325,47.4516578]]}},{"type":"Feature","properties":{"highway":"motorway","lanes":"2","maxspeed":"100","oneway":"yes","ref":"A3","toll":"yes","carriage_ref":"b"},"geometry":{"type":"LineString","coordinates":[[9.2858246,47.1099678],[9.2849654,47.1100229],[9.2845182,47.110048],[9.2836332,47.1100883],[9.2822754,47.1101105],[9.2799859,47.1100777],[9.2789549,47.1100738],[9.2781736,47.1100983],[9.2774538,47.1101615],[9.2766684,47.1102598],[9.2758543,47.1103983],[9.274459,47.1106942],[9.2729329,47.1110948],[9.2724493,47.1112403],[9.2718023,47.1114535],[9.2710347,47.111713]]}},{"type":"Feature","properties":{"highway":"motorway","int_ref":"E 25;E 35;E 60","lanes":"3","layer":"-2","maxspeed":"80","name":"Schwarzwaldtunnel","oneway":"yes","ref":"A2;A3","toll":"yes","tunnel":"yes","tunnel:length":"600m","tunnel:name":"Schwarzwald","carriage_ref":"b"},"geometry":{"type":"LineString","coordinates":[[7.608432,47.565213],[7.6079674,47.5657427],[7.6057647,47.5684259],[7.6046635,47.5697979]]}},{"type":"Feature","properties":{"destination:lanes":"Zürich City|Zürich City;Brunau;Basel;Bern;Luzern;Westring Zürich;Flughafen|Basel;Bern;Luzern;Westring Zürich;Flughafen","highway":"motorway","lanes":"3","layer":"-1","lit":"yes","maxspeed":"100","oneway":"yes","ref":"A3","toll":"yes","tunnel":"yes","tunnel:name":"Entlisbergtunnel","carriage_ref":"b"},"geometry":{"type":"LineString","coordinates":[[8.526029,47.332926],[8.5255167,47.3333768],[8.5250423,47.3338459],[8.5244894,47.3344693],[8.5240181,47.3351288]]}},{"type":"Feature","properties":{"highway":"motorway","lanes":"2","maxspeed":"120","oneway":"yes","ref":"A3","toll":"yes","carriage_ref":"b"},"geometry":{"type":"LineString","coordinates":[[8.8172468,47.1932058],[8.8167718,47.1935236],[8.8159521,47.1941393],[8.813685,47.1961601],[8.8125291,47.1972197],[8.8116096,47.1980171],[8.810654,47.1986467],[8.8099458,47.1990646],[8.8093925,47.1993438],[8.8088095,47.1996083],[8.8082018,47.1998486],[8.8076021,47.200055],[8.8071203,47.2002088],[8.8065789,47.2003542],[8.8059263,47.2004987],[8.8052624,47.2006248],[8.8046885,47.2007194],[8.8041409,47.2007809],[8.8036345,47.2008286],[8.8032154,47.2008626]]}},{"type":"Feature","properties":{"highway":"motorway","lanes":"2","maxspeed":"120","oneway":"yes","ref":"A3","shoulder:right":"yes","source:maxspeed":"CH:motorway","surface":"asphalt","toll":"yes","carriage_ref":"a"},"geometry":{"type":"LineString","coordinates":[[9.0073542,47.1715751],[9.0110797,47.1688925],[9.0125737,47.1678312],[9.0139201,47.1668265],[9.0148807,47.1661363],[9.0158233,47.1654642],[9.0181607,47.1637787],[9.020395,47.1621744],[9.0219524,47.1610411],[9.0240723,47.1595154],[9.0251532,47.1587439],[9.0261762,47.1580156],[9.0288332,47.1560837],[9.0294038,47.155682]]}},{"type":"Feature","properties":{"destination":"Zürich","highway":"motorway","int_ref":"E 60","lanes":"3","lit":"no","maxspeed":"120","oneway":"yes","ref":"A1;A3","surface":"asphalt","toll":"yes","carriage_ref":"a"},"geometry":{"type":"LineString","coordinates":[[8.3474908,47.4384041],[8.3477531,47.4382045],[8.3483618,47.4377767]]}},{"type":"Feature","properties":{"covered":"protection_gallery","highway":"motorway","lanes":"2","maxspeed":"80","oneway":"yes","ref":"A3","shoulder":"no","surface":"asphalt","toll":"yes","tunnel:name":"Standenhorn","carriage_ref":"b"},"geometry":{"type":"LineString","coordinates":[[9.142332,47.1235419],[9.1420395,47.1236496]]}},{"type":"Feature","properties":{"bridge":"yes","highway":"motorway","lanes":"2","maxspeed":"120","oneway":"yes","ref":"A3","shoulder:right":"yes","source:maxspeed":"CH:motorway","surface":"asphalt","toll":"yes","carriage_ref":"a"},"geometry":{"type":"LineString","coordinates":[[9.430853,47.0482625],[9.4311293,47.0479006]]}},{"type":"Feature","properties":{"highway":"motorway","lanes":"3","maxspeed":"120","oneway":"yes","ref":"A3","toll":"yes","turn:lanes":"none|none|merge_to_left","carriage_ref":"a"},"geometry":{"type":"LineString","coordinates":[[8.8020495,47.2008048],[8.8025827,47.2007933],[8.8029118,47.2007792],[8.8037592,47.2007127],[8.8042152,47.2006687]]}},{"type":"Feature","properties":{"highway":"motorway","int_ref":"E 60","lanes":"2","maxspeed":"100","oneway":"yes","ref":"A3","toll":"yes","carriage_ref":"a"},"geometry":{"type":"LineString","coordinates":[[8.0900226,47.4867796],[8.0912776,47.4862325],[8.0917455,47.4860208],[8.0922096,47.4857825],[8.0926268,47.4855533],[8.0930551,47.4852969],[8.0935186,47.4849963],[8.0939588,47.4846754],[8.0944194,47.4843096],[8.0948468,47.4839378],[8.0951707,47.4836145],[8.0954883,47.4832553],[8.0956955,47.483012],[8.0960088,47.4825987],[8.0962707,47.4822199],[8.0967625,47.4815201],[8.0971718,47.4809724],[8.0974439,47.4806405],[8.0978147,47.4802475],[8.0979898,47.4800807],[8.0982164,47.4798603],[8.0986084,47.4795195],[8.0992534,47.4790348],[8.0998737,47.4785982],[8.1004557,47.4782045],[8.1016331,47.477466]]}},{"type":"Feature","properties":{"highway":"motorway","int_ref":"E 25;E 60","lanes":"2","layer":"-1","maxspeed":"80","name":"St. Johanns-Tunnel","oneway":"yes","ref":"A3","toll":"yes","tunnel":"yes","tunnel:alt_name":"St. Johanns","tunnel:name":"St. Johann","carriage_ref":"b"},"geometry":{"type":"LineString","coordinates":[[7.5831593,47.5708342],[7.5809787,47.5708155],[7.579455,47.5708075]]}},{"type":"Feature","properties":{"highway":"motorway","int_ref":"E 25;E 35;E 60","lanes":"4","maxspeed":"120","oneway":"yes","ref":"A2;A3","toll":"yes","turn:lanes":"through|through|through|slight_right","carriage_ref":"b"},"geometry":{"type":"LineString","coordinates":[[7.6933657,47.5289414],[7.6931424,47.5289633],[7.6926617,47.529003],[7.6923154,47.5290246],[7.6919433,47.5290427],[7.6907772,47.5290518]]}},{"type":"Feature","properties":{"destination:lanes":"Karlsruhe|Karlsruhe|Mulhouse;EuroAirport|Mulhouse;EuroAirport;Basel-Kleinhüningen;Weil-am-Rhein","highway":"motorway","int_ref":"E 25;E 35;E 60","lanes":"4","layer":"-1","maxspeed":"80","oneway":"yes","ref":"A2;A3","toll":"yes","tunnel":"yes","turn:lanes":"slight_left|slight_left|slight_right|slight_right","carriage_ref":"b"},"geometry":{"type":"LineString","coordinates":[[7.6038834,47.5707978],[7.6036128,47.5711792]]}},{"type":"Feature","properties":{"destination:lanes":"Zürich Baden;Rheinfelden|Zürich Baden;Rheinfelden;__________;Chiasso Gotthard;Luzern;Bern;Arisdorf|Chiasso Gotthard;Luzern;Bern;Arisdorf","destination:ref":"A3|A2;A3|A2","highway":"motorway","int_ref":"E 25;E 35;E 60","lanes":"3","maxspeed":"100","oneway":"yes","ref":"A2;A3","toll":"yes","turn:lanes":"through|through;slight_right|slight_right","carriage_ref":"a"},"geometry":{"type":"LineString","coordinates":[[7.7228848,47.528237],[7.726257,47.5291843],[7.7272678,47.5294562]]}},{"type":"Feature","properties":{"highway":"motorway","lanes":"3","maxspeed":"100","oneway":"yes","ref":"A1;A3","signals":"maxspeed=signals","surface":"asphalt","toll":"yes","turn:lanes":"none|none|merge_to_left","carriage_ref":"a"},"geometry":{"type":"LineString","coordinates":[[8.2825421,47.4579325],[8.2849017,47.4581645]]}},{"type":"Feature","properties":{"highway":"motorway","lanes":"2","layer":"-1","maxspeed":"80","oneway":"yes","ref":"A3","toll":"yes","tunnel":"yes","tunnel:name":"Mühlehorn","carriage_ref":"b"},"geometry":{"type":"LineString","coordinates":[[9.1737458,47.1164916],[9.1728617,47.1165375],[9.1721545,47.1166202],[9.1715405,47.1167812],[9.171087,47.1169798],[9.1700729,47.1174713]]}},{"type":"Feature","properties":{"highway":"motorway","lanes":"2","maxspeed":"120","oneway":"yes","ref":"A3","source:maxspeed":"CH:motorway","toll":"yes","carriage_ref":"b"},"geometry":{"type":"LineString","coordinates":[[9.1143498,47.1257799],[9.1137907,47.1258979],[9.1131981,47.1260257],[9.1125066,47.1261606],[9.1118621,47.1262732],[9.1108622,47.126431],[9.1096328,47.1266088],[9.1087853,47.1267053],[9.1075609,47.1268281],[9.1062353,47.1269268],[9.1056758,47.1269616],[9.1048183,47.1269959],[9.104514,47.1270039],[9.1037626,47.1270236],[9.1023733,47.12703]]}},{"type":"Feature","properties":{"highway":"motorway","int_ref":"E 41","lanes":"2","lit":"no","maxspeed":"100","oneway":"yes","ref":"A3;A4","source:maxspeed":"sign","toll":"yes","carriage_ref":"b"},"geometry":{"type":"LineString","coordinates":[[8.4202933,47.3721205],[8.4201336,47.3724654],[8.4199566,47.3730451],[8.4198183,47.3735622],[8.4194494,47.3747666]]}},{"type":"Feature","properties":{"highway":"motorway","lanes":"2","maxspeed":"120","oneway":"yes","ref":"A3","surface":"asphalt","toll":"yes","carriage_ref":"b"},"geometry":{"type":"LineString","coordinates":[[9.0669887,47.1289536],[9.0665966,47.128976],[9.0659058,47.1290227],[9.0653338,47.1290809],[9.0648087,47.1291526]]}},{"type":"Feature","properties":{"covered":"yes","highway":"motorway","int_ref":"E 25;E 35;E 60","lanes":"3","maxspeed":"120","oneway":"yes","ref":"A2;A3","toll":"yes","carriage_ref":"a"},"geometry":{"type":"LineString","coordinates":[[7.7005398,47.5273689],[7.7008083,47.5273011]]}},{"type":"Feature","properties":{"highway":"motorway","lanes":"2","maxspeed":"100","oneway":"yes","ref":"A3","toll":"yes","carriage_ref":"a"},"geometry":{"type":"LineString","coordinates":[[8.8122154,47.1973049],[8.8136101,47.1960575],[8.8158613,47.1940505],[8.816693,47.193431],[8.8172488,47.1930326],[8.8178039,47.192717]]}},{"type":"Feature","properties":{"bridge":"yes","highway":"motorway","int_ref":"E 25;E 35;E 60","lanes":"2","layer":"1","maxspeed":"80","oneway":"yes","ref":"A2;A3","toll":"yes","carriage_ref":"b"},"geometry":{"type":"LineString","coordinates":[[7.6105204,47.5626486],[7.6102023,47.5629794],[7.6098095,47.5634497],[7.6094342,47.5639273]]}},{"type":"Feature","properties":{"highway":"motorway","lanes":"2","maxspeed":"120","oneway":"yes","ref":"A3","shoulder:right":"yes","source:maxspeed":"CH:motorway","surface":"asphalt","toll":"yes","carriage_ref":"a"},"geometry":{"type":"LineString","coordinates":[[9.324977,47.1151547],[9.3255745,47.1152375],[9.3262146,47.1153037],[9.3268851,47.1153522]]}},{"type":"Feature","properties":{"highway":"motorway","lanes":"2","layer":"-1","maxspeed":"80","oneway":"yes","ref":"A3","toll":"yes","tunnel":"yes","tunnel:alt_name":"Wisswand","tunnel:name":"Weisswand","carriage_ref":"b"},"geometry":{"type":"LineString","coordinates":[[9.1303486,47.1259169],[9.1293502,47.1255982],[9.1285884,47.1254308],[9.1279059,47.1253554],[9.127112,47.1253283],[9.1262823,47.1253951]]}},{"type":"Feature","properties":{"highway":"motorway","lanes":"2","maxspeed":"120","oneway":"yes","ref":"A3","toll":"yes","carriage_ref":"b"},"geometry":{"type":"LineString","coordinates":[[8.6278843,47.2310762],[8.6272904,47.2311549],[8.6267103,47.2312424],[8.6261159,47.2313485],[8.6253008,47.2315027],[8.624615,47.2316519],[8.6237815,47.2318469]]}},{"type":"Feature","properties":{"change:lanes":"yes|yes|not_left","highway":"motorway","int_ref":"E 60","lanes":"3","maxspeed":"120","oneway":"yes","placement":"right_of:1","ref":"A3","toll":"yes","turn:lanes":"none|none|slight_right","carriage_ref":"b"},"geometry":{"type":"LineString","coordinates":[[7.9897521,47.5368136],[7.9887066,47.5375101]]}},{"type":"Feature","properties":{"highway":"motorway","lanes":"2","maxspeed":"120","oneway":"yes","ref":"A3","toll":"yes","carriage_ref":"b"},"geometry":{"type":"LineString","coordinates":[[8.6510131,47.2269608],[8.6506837,47.2271225]]}},{"type":"Feature","properties":{"highway":"motorway","int_ref":"E 60","lanes":"2","maxspeed":"120","oneway":"yes","ref":"A3","toll":"yes","carriage_ref":"b"},"geometry":{"type":"LineString","coordinates":[[8.015235,47.5170968],[8.0142921,47.5178724],[8.0135899,47.518433]]}},{"type":"Feature","properties":{"avz":"102","cs_dir:forward":"2","highway":"motorway","int_ref":"E 60","lanes":"2","maxspeed":"120","oneway":"yes","ref":"A3","ssvz":"67N","toll":"yes","carriage_ref":"b"},"geometry":{"type":"LineString","coordinates":[[7.7839628,47.5448624],[7.7832895,47.5448148],[7.7825698,47.5447487],[7.7819037,47.5446698],[7.781363,47.5446019],[7.7780992,47.544142],[7.7773639,47.5440251]]}},{"type":"Feature","properties":{"destination:lanes":"Zürich;Wettingen Ost|Zürich;Wettingen Ost|Zürich;Wettingen Ost;Neuenhof|Baden-West;Bremgarten;Spital","destination:ref":"A1;A3","highway":"motorway","int_ref":"E 60","lanes":"4","lit":"no","maxspeed":"100","oneway":"yes","ref":"A1;A3","signals":"maxspeed=signals","surface":"asphalt","toll":"yes","turn:lanes":"through|through|slight_right|right","carriage_ref":"a"},"geometry":{"type":"LineString","coordinates":[[8.27421,47.4565514],[8.274583,47.4566722],[8.2749962,47.4568036],[8.2754332,47.4569334],[8.2758797,47.4570535],[8.2763229,47.4571593],[8.2767813,47.4572568],[8.2772421,47.4573449],[8.2777094,47.4574212],[8.2781805,47.4574877],[8.2786601,47.457549],[8.281031,47.4578256]]}},{"type":"Feature","properties":{"bridge":"yes","highway":"motorway","int_ref":"E 25;E 35;E 60","lanes":"2","layer":"1","maxspeed":"80","oneway":"yes","ref":"A2;A3","toll":"yes","carriage_ref":"b"},"geometry":{"type":"LineString","coordinates":[[7.6133759,47.5589215],[7.6133127,47.5590225]]}},{"type":"Feature","properties":{"bridge":"yes","highway":"motorway","lanes":"2","layer":"1","maxspeed":"120","oneway":"yes","ref":"A3","shoulder:right":"yes","source:maxspeed":"CH:motorway","surface":"asphalt","toll":"yes","carriage_ref":"a"},"geometry":{"type":"LineString","coordinates":[[9.0677539,47.1288437],[9.068782,47.1288376],[9.0692987,47.1288447]]}},{"type":"Feature","properties":{"change:lanes":"not_left|not_right|no","highway":"motorway","int_ref":"E 41","lanes":"3","lit":"yes","maxspeed":"100","maxspeed:variable":"obstruction","oneway":"yes","placement":"right_of:1","ref":"A3;A4","shoulder":"none","source:maxspeed":"signals","surface":"asphalt","toll":"yes","carriage_ref":"a"},"geometry":{"type":"LineString","coordinates":[[8.4141757,47.3862813],[8.4142933,47.3859645],[8.4144386,47.3856333],[8.4145752,47.3853807],[8.4147616,47.3850257]]}},{"type":"Feature","properties":{"destination":"Zürich","highway":"motorway","int_ref":"E 60","lanes":"2","lit":"yes","maxspeed":"100","name":"Baregg","oneway":"yes","ref":"A1;A3","surface":"asphalt","toll":"yes"},"geometry":{"type":"LineString","coordinates":[[8.2882357,47.4587713],[8.2889144,47.4588506]]}},{"type":"Feature","properties":{"highway":"motorway","lanes":"3","maxspeed":"120","oneway":"yes","ref":"A3","toll":"yes","turn:lanes":"none|none|slight_right","carriage_ref":"a"},"geometry":{"type":"LineString","coordinates":[[8.6578508,47.2221926],[8.6584214,47.2218234]]}},{"type":"Feature","properties":{"highway":"motorway","lanes":"3","layer":"-1","lit":"yes","maxspeed":"100","oneway":"yes","ref":"A3","toll":"yes","tunnel":"yes","tunnel:name":"Entlisbergtunnel","carriage_ref":"a"},"geometry":{"type":"LineString","coordinates":[[8.5227072,47.3372868],[8.5229299,47.3366745],[8.5231543,47.3362044],[8.5234415,47.335666],[8.5239268,47.3349168],[8.5244349,47.3342559],[8.5249423,47.3336833],[8.525488,47.3331391],[8.5258428,47.3328296]]}},{"type":"Feature","properties":{"highway":"motorway","int_ref":"E 60","lanes":"3","lit":"no","maxspeed":"120","oneway":"yes","ref":"A1;A3","surface":"asphalt","toll":"yes","carriage_ref":"b"},"geometry":{"type":"LineString","coordinates":[[8.3538412,47.4352734],[8.3528637,47.4356625],[8.3521902,47.4359385],[8.3515919,47.4362012],[8.3512038,47.4363753],[8.3508107,47.4365621],[8.3504264,47.4367521]]}},{"type":"Feature","properties":{"bridge":"yes","highway":"motorway","lanes":"2","layer":"1","maxspeed":"100","oneway":"yes","ref":"A3","toll":"yes","carriage_ref":"b"},"geometry":{"type":"LineString","coordinates":[[9.3249513,47.1152599],[9.3244705,47.115186],[9.3240929,47.1151233]]}},{"type":"Feature","properties":{"avz":"220","cs_dir:forward":"2","highway":"motorway","int_ref":"E 60","lanes":"2","maxspeed":"100","oneway":"yes","ref":"A3","ssvz":"1128N","surface":"asphalt","toll":"yes","carriage_ref":"b"},"geometry":{"type":"LineString","coordinates":[[8.2409557,47.4480747],[8.2392964,47.4485547],[8.2373723,47.44911]]}},{"type":"Feature","properties":{"highway":"motorway","lanes":"2","maxspeed":"100","oneway":"yes","overtaking:hgv":"no","ref":"A3","shoulder:right":"yes","source:maxspeed":"sign","surface":"asphalt","toll":"yes","carriage_ref":"a"},"geometry":{"type":"LineString","coordinates":[[9.2214611,47.1107124],[9.2225777,47.1106469],[9.2244467,47.1104912],[9.2252502,47.1104647],[9.2260801,47.1104696],[9.2280903,47.1105651],[9.2291034,47.1105996],[9.2296152,47.1106068],[9.2301244,47.1106052],[9.2310942,47.1105859],[9.2315754,47.1105659],[9.232094,47.1105331],[9.2329317,47.1104575],[9.2337468,47.1103491],[9.2345852,47.1102095],[9.2358587,47.1099519]]}},{"type":"Feature","properties":{"avz":"607","cs_dir:forward":"1","highway":"motorway","lanes":"2","maxspeed":"120","oneway":"yes","ref":"A3","surface":"asphalt","toll":"yes","carriage_ref":"a"},"geometry":{"type":"LineString","coordinates":[[8.5973872,47.2482664],[8.5997196,47.2466458],[8.6015007,47.2454149]]}},{"type":"Feature","properties":{"highway":"motorway","int_ref":"E 25;E 35;E 60","lanes":"3","layer":"2","maxspeed":"80","oneway":"yes","ref":"A2;A3","toll":"yes","turn:lanes":"slight_left|through|through","carriage_ref":"b"},"geometry":{"type":"LineString","coordinates":[[7.6239648,47.5422009],[7.6236491,47.5422499],[7.6230577,47.5423629]]}},{"type":"Feature","properties":{"highway":"motorway","lanes":"2","maxspeed":"120","oneway":"yes","ref":"A3","toll":"yes","carriage_ref":"a"},"geometry":{"type":"LineString","coordinates":[[8.8465505,47.1863952],[8.847344,47.1862228],[8.8479243,47.186106],[8.8486197,47.1859786],[8.849162,47.1858908],[8.8497265,47.1858082],[8.8503212,47.185733],[8.8508838,47.1856682],[8.8514631,47.1856124],[8.8520234,47.1855687],[8.8525499,47.1855324],[8.8530628,47.1855077],[8.8535935,47.1854898],[8.8541061,47.1854758],[8.8548464,47.1854709],[8.8553727,47.1854767],[8.8558313,47.185486]]}},{"type":"Feature","properties":{"highway":"motorway","lanes":"3","maxspeed":"120","oneway":"yes","placement":"right_of:1","ref":"A3","shoulder:right":"yes","source:maxspeed":"CH:motorway","surface":"asphalt","toll":"yes","turn:lanes":"||merge_to_left","carriage_ref":"a"},"geometry":{"type":"LineString","coordinates":[[9.0939546,47.1277701],[9.0948129,47.1276204]]}},{"type":"Feature","properties":{"bridge":"yes","highway":"motorway","int_ref":"E 25;E 35;E 60","lanes":"2","layer":"1","maxspeed":"80","oneway":"yes","ref":"A2;A3","toll":"yes","carriage_ref":"b"},"geometry":{"type":"LineString","coordinates":[[7.6156749,47.5552579],[7.6153496,47.5558573]]}},{"type":"Feature","properties":{"destination:lanes":"Zürich City|Zürich City;San Bernardino;Chur|San Bernardino;Chur","highway":"motorway","lanes":"3","lit":"yes","maxspeed":"100","oneway":"yes","ref":"A3","smoothness":"excellent","source":"Kanton Zürich Orthophotos 2014/2015 10cm","surface":"asphalt","toll":"yes","carriage_ref":"a"},"geometry":{"type":"LineString","coordinates":[[8.5149508,47.3440037],[8.5151936,47.3439909]]}},{"type":"Feature","properties":{"highway":"motorway","lanes":"2","maxspeed":"120","oneway":"yes","ref":"A3","toll":"yes","carriage_ref":"a"},"geometry":{"type":"LineString","coordinates":[[8.6407613,47.2298163],[8.6417589,47.229671],[8.6427181,47.2295198]]}},{"type":"Feature","properties":{"destination":"Niederurnen","highway":"motorway","lanes":"2","maxspeed":"120","oneway":"yes","ref":"A3","shoulder:right":"yes","source:maxspeed":"CH:motorway","surface":"asphalt","toll":"yes","carriage_ref":"a"},"geometry":{"type":"LineString","coordinates":[[9.0485019,47.1401156],[9.0488377,47.139605],[9.0496042,47.1385729],[9.0501693,47.1378593],[9.0509018,47.1370122],[9.0515763,47.1363254]]}},{"type":"Feature","properties":{"highway":"motorway","lanes":"2","maxspeed":"120","oneway":"yes","ref":"A3","shoulder:right":"yes","source:maxspeed":"CH:motorway","surface":"asphalt","toll":"yes","carriage_ref":"a"},"geometry":{"type":"LineString","coordinates":[[9.3553734,47.091437],[9.3555841,47.0912498],[9.3572363,47.0899313],[9.3589274,47.0886135],[9.3622847,47.0860131],[9.3646441,47.0841833],[9.3670143,47.082344],[9.3686457,47.0810807],[9.3705014,47.079639],[9.3731629,47.0775755],[9.3756896,47.0756104],[9.377812,47.0739863],[9.3798102,47.0725355],[9.3806865,47.0719416],[9.3816918,47.0712783],[9.3829102,47.0705128],[9.3838627,47.0699535],[9.384844,47.0693983],[9.3859986,47.0687727],[9.3872202,47.068137],[9.3878549,47.0678254],[9.3884425,47.0675442],[9.3896352,47.0669753],[9.3910517,47.0663063],[9.3930936,47.0653478],[9.3950714,47.0644246],[9.3970458,47.0635068],[9.3988024,47.0626917],[9.4005832,47.0618665],[9.4023806,47.0610326],[9.4040657,47.0602337],[9.4056944,47.0595092],[9.4076714,47.0586135],[9.4093869,47.0578283],[9.4114067,47.0568814],[9.4133036,47.0560495],[9.4141359,47.0556772],[9.4150169,47.0552894],[9.4155529,47.0550691],[9.4165289,47.0547618],[9.4172611,47.0545517],[9.4176796,47.0544548],[9.4180792,47.0543598],[9.4187498,47.0542319],[9.419485,47.0541006],[9.4216707,47.0538079],[9.4224351,47.0536763],[9.4231352,47.0535137],[9.4239115,47.0532791],[9.4245981,47.0530525],[9.4252821,47.0527966],[9.426186,47.0524001],[9.4269113,47.0520006],[9.4275529,47.0516106],[9.428138,47.0512013],[9.4287364,47.0507144],[9.4291559,47.0503409],[9.4293857,47.0501124]]}},{"type":"Feature","properties":{"highway":"motorway","int_ref":"E 60","lanes":"2","maxspeed":"120","oneway":"yes","ref":"A3","toll":"yes","carriage_ref":"a"},"geometry":{"type":"LineString","coordinates":[[7.9054008,47.5500951],[7.9061821,47.5498246],[7.906868,47.5495601],[7.9080312,47.5490828],[7.9091987,47.5485365],[7.9098184,47.5482216],[7.9104866,47.5478766],[7.9115379,47.5473181],[7.9125568,47.5467894],[7.913627,47.5462703],[7.9144503,47.5459053],[7.9153345,47.5455551],[7.9162023,47.5452552],[7.9171522,47.5449927],[7.9178318,47.5448247],[7.9183141,47.544719],[7.9189019,47.5446107],[7.9195855,47.5445003],[7.9202187,47.5444204],[7.920882,47.544369],[7.9212717,47.5443588],[7.9217999,47.5443635]]}},{"type":"Feature","properties":{"bridge":"yes","highway":"motorway","lanes":"2","layer":"1","maxspeed":"120","oneway":"yes","ref":"A3","toll":"yes","carriage_ref":"b"},"geometry":{"type":"LineString","coordinates":[[8.8692216,47.1942362],[8.8686207,47.1938565]]}},{"type":"Feature","properties":{"bridge":"yes","highway":"motorway","lanes":"3","layer":"1","maxspeed":"120","oneway":"yes","placement":"right_of:1","ref":"A3","surface":"asphalt","toll":"yes","turn:lanes":"||slight_right","carriage_ref":"b"},"geometry":{"type":"LineString","coordinates":[[9.0688,47.1289333],[9.0680766,47.1289252]]}},{"type":"Feature","properties":{"highway":"motorway","lanes":"2","maxspeed":"120","oneway":"yes","ref":"A3","toll":"yes","carriage_ref":"a"},"geometry":{"type":"LineString","coordinates":[[8.8595205,47.1859584],[8.8597987,47.1860443],[8.8600741,47.1861349],[8.8604552,47.1862769],[8.8608175,47.1864305]]}},{"type":"Feature","properties":{"destination":"Karlsruhe;Mulhouse;EuroAirport;Messe","destination:colour":";;;white","highway":"motorway","int_ref":"E 25;E 35;E 60","lanes":"2","maxspeed":"80","oneway":"yes","ref":"A2;A3","toll":"yes","carriage_ref":"b"},"geometry":{"type":"LineString","coordinates":[[7.6159396,47.5547623],[7.6157543,47.5551058],[7.6156749,47.5552579]]}},{"type":"Feature","properties":{"highway":"motorway","int_ref":"E 60","lanes":"3","lit":"no","maxspeed":"100","oneway":"yes","ref":"A1;A3","surface":"asphalt","toll":"yes","carriage_ref":"b"},"geometry":{"type":"LineString","coordinates":[[8.4111258,47.4193718],[8.410705,47.4195185],[8.410269,47.4196677],[8.4098431,47.4198088],[8.4095742,47.4198936]]}},{"type":"Feature","properties":{"highway":"motorway","lanes":"2","maxspeed":"100","oneway":"yes","ref":"A3","toll":"yes","carriage_ref":"b"},"geometry":{"type":"LineString","coordinates":[[8.8408053,47.1882619],[8.8394213,47.1887234],[8.8385207,47.1889976],[8.8376777,47.1892245],[8.8367594,47.1894536],[8.8359346,47.1896366],[8.8351702,47.1897956],[8.8341615,47.1899713],[8.83313,47.1901597]]}},{"type":"Feature","properties":{"destination":"Basel","destination:country":"F;D","destination:ref":"A2;A3","destination:symbol":"airport","highway":"motorway","int_ref":"E 25;E 35;E 60","lanes":"3","maxspeed":"100","oneway":"yes","ref":"A2;A3","surface":"asphalt","toll":"yes","carriage_ref":"b"},"geometry":{"type":"LineString","coordinates":[[7.6344507,47.5407194],[7.6295605,47.541441],[7.6255635,47.541977]]}},{"type":"Feature","properties":{"bridge":"yes","destination:lanes":"Zürich City|Zürich City;San Bernardino;Chur|San Bernardino;Chur","highway":"motorway","lanes":"3","layer":"1","lit":"yes","maxspeed":"100","oneway":"yes","placement":"transition","ref":"A3","smoothness":"excellent","source":"Kanton Zürich Orthophotos 2014/2015 10cm","surface":"asphalt","toll":"yes","carriage_ref":"a"},"geometry":{"type":"LineString","coordinates":[[8.5160472,47.3439435],[8.5165108,47.3439131]]}},{"type":"Feature","properties":{"destination":"Zürich;Wettingen Ost;Neuenhof","destination:ref":"A1;A3","highway":"motorway","lanes":"2","maxspeed":"100","oneway":"yes","ref":"A1;A3","signals":"maxspeed=signals","surface":"asphalt","toll":"yes","carriage_ref":"a"},"geometry":{"type":"LineString","coordinates":[[8.2816253,47.457907],[8.2823034,47.4579198],[8.2825421,47.4579325]]}},{"type":"Feature","properties":{"destination":"Basel;Bern;Luzern;Westring Zürich;Flughafen","destination:symbol":"airport","highway":"motorway","lanes":"1","layer":"-1","lit":"yes","maxspeed":"100","oneway":"yes","ref":"A3","toll":"yes","tunnel":"yes","tunnel:name":"Entlisbergtunnel","carriage_ref":"b"},"geometry":{"type":"LineString","coordinates":[[8.5240181,47.3351288],[8.5237359,47.3356468],[8.5234539,47.3361732],[8.5232985,47.3364615],[8.523171,47.3367436],[8.5229647,47.3373243]]}},{"type":"Feature","properties":{"highway":"motorway","lanes":"2","maxspeed":"100","oneway":"yes","ref":"A3","toll":"yes","carriage_ref":"b"},"geometry":{"type":"LineString","coordinates":[[9.2526897,47.1090467],[9.2525944,47.1090177]]}},{"type":"Feature","properties":{"bridge":"yes","highway":"motorway","int_ref":"E 60","lanes":"2","layer":"2","maxspeed":"120","oneway":"yes","ref":"A3","toll":"yes","carriage_ref":"b"},"geometry":{"type":"LineString","coordinates":[[8.0190148,47.5138834],[8.0186527,47.5141936]]}},{"type":"Feature","properties":{"highway":"motorway","lanes":"3","maxspeed":"120","oneway":"yes","ref":"A3","toll":"yes","turn:lanes":"none|none|merge_to_left","carriage_ref":"a"},"geometry":{"type":"LineString","coordinates":[[8.6639951,47.2186146],[8.664388,47.2183734],[8.6648996,47.2180498]]}},{"type":"Feature","properties":{"destination":"Basel-Kleinhüningen","highway":"motorway","int_ref":"E 25;E 60","lanes":"2","layer":"-1","maxspeed":"80","name":"Horburgtunnel","oneway":"yes","ref":"A3","surface":"asphalt","toll":"yes","tunnel":"yes","tunnel:name":"Horburg","carriage_ref":"a"},"geometry":{"type":"LineString","coordinates":[[7.5868355,47.5705904],[7.5890136,47.570601]]}},{"type":"Feature","properties":{"highway":"motorway","lanes":"2","maxspeed":"120","oneway":"yes","ref":"A3","toll":"yes","carriage_ref":"a"},"geometry":{"type":"LineString","coordinates":[[8.7229334,47.1924724],[8.7231361,47.1924201]]}},{"type":"Feature","properties":{"bridge":"yes","highway":"motorway","int_ref":"E 60","lanes":"2","layer":"1","maxspeed":"120","oneway":"yes","ref":"A3","toll":"yes","carriage_ref":"b"},"geometry":{"type":"LineString","coordinates":[[8.0655965,47.5005851],[8.0653537,47.5006831]]}},{"type":"Feature","properties":{"highway":"motorway","lanes":"2","maxspeed":"100","oneway":"yes","ref":"A1;A3","signals":"maxspeed=signals","surface":"asphalt","toll":"yes","carriage_ref":"a"},"geometry":{"type":"LineString","coordinates":[[8.2849017,47.4581645],[8.285219,47.4581935]]}},{"type":"Feature","properties":{"highway":"motorway","int_ref":"E 25;E 35;E 60","lanes":"4","maxspeed":"120","oneway":"yes","ref":"A2;A3","surface":"asphalt","toll":"yes","turn:lanes":"through|through|through|merge_to_left","carriage_ref":"b"},"geometry":{"type":"LineString","coordinates":[[7.7106111,47.5261],[7.709851,47.5260735],[7.7089235,47.526094],[7.7081565,47.5261326]]}},{"type":"Feature","properties":{"highway":"motorway","int_ref":"E 60","lanes":"2","maxspeed":"120","oneway":"yes","ref":"A3","toll":"yes","carriage_ref":"a"},"geometry":{"type":"LineString","coordinates":[[8.222966,47.4524331],[8.223469,47.4524089],[8.2239298,47.4523718],[8.2244698,47.4523276],[8.2251653,47.4522413],[8.2256584,47.4521741],[8.2262489,47.4520773],[8.226983,47.4519317],[8.2275055,47.4518161],[8.2279966,47.4516958],[8.2291579,47.4513833],[8.231089,47.4508205]]}},{"type":"Feature","properties":{"change:lanes":"not_left|yes|not_left|not_right","destination:lanes":"Urdorf-Süd|Urdorf-Süd|Urdorf-Nord;Schlieren;Dietikon|Urdorf-Nord;Schlieren;Dietikon","highway":"motorway","int_ref":"E 41","lanes":"4","lit":"yes","maxspeed":"100","maxspeed:variable":"obstruction","oneway":"yes","overtaking:hgv":"no","placement":"right_of:1","ref":"A3;A4","shoulder:right":"yes","smoothness":"good","source:maxspeed":"signals","surface":"asphalt","toll":"yes","turn:lanes":"through|through|right|right","carriage_ref":"a"},"geometry":{"type":"LineString","coordinates":[[8.4178693,47.3946883],[8.4174584,47.3942834]]}},{"type":"Feature","properties":{"highway":"motorway","lanes":"2","maxspeed":"120","oneway":"yes","ref":"A3","surface":"asphalt","toll":"yes","carriage_ref":"b"},"geometry":{"type":"LineString","coordinates":[[9.0702152,47.1289635],[9.0701312,47.1289617],[9.0692935,47.1289409]]}},{"type":"Feature","properties":{"avz":"194","change:lanes":"not_left|not_right|no|no","cs_dir:forward":"1","highway":"motorway","int_ref":"E 41","lanes":"4","lit":"yes","maxspeed":"100","maxspeed:variable":"obstruction","oneway":"yes","placement":"right_of:1","ref":"A3;A4","shoulder":"none","source:maxspeed":"signals","ssvz":"904N","surface":"asphalt","toll":"yes","carriage_ref":"a"},"geometry":{"type":"LineString","coordinates":[[8.4149245,47.391456],[8.4146918,47.3911127]]}},{"type":"Feature","properties":{"avz":"216","cs_dir:forward":"2","highway":"motorway","lanes":"2","maxspeed":"120","oneway":"yes","ref":"A3","ssvz":"758N","toll":"yes","carriage_ref":"b"},"geometry":{"type":"LineString","coordinates":[[9.0526348,47.1354655],[9.0522833,47.1357786],[9.0515244,47.1365264],[9.050996,47.1370959],[9.0502687,47.1379269],[9.0498051,47.1385355],[9.0492079,47.139315]]}},{"type":"Feature","properties":{"highway":"motorway","lanes":"2","maxspeed":"120","oneway":"yes","ref":"A3","toll":"yes","carriage_ref":"b"},"geometry":{"type":"LineString","coordinates":[[9.4388659,47.0409945],[9.4381714,47.0413464],[9.437548,47.041693],[9.4369259,47.0420813],[9.4363422,47.0424906],[9.435963,47.0427631],[9.4356438,47.0430098]]}},{"type":"Feature","properties":{"destination:lanes":"Zürich City|Zürich City;San Bernardino;Chur|San Bernardino;Chur","highway":"motorway","lanes":"3","lit":"yes","maxspeed":"100","oneway":"yes","placement":"transition","ref":"A3","smoothness":"excellent","source":"Kanton Zürich Orthophotos 2014/2015 10cm","surface":"asphalt","toll":"yes","carriage_ref":"a"},"geometry":{"type":"LineString","coordinates":[[8.5151936,47.3439909],[8.5156202,47.343966],[8.5160472,47.3439435]]}},{"type":"Feature","properties":{"bridge":"yes","destination":"Luzern;Bern;Zürich;Delemont;St. Jakob","highway":"motorway","int_ref":"E 25;E 35;E 60","lanes":"2","layer":"1","maxspeed":"80","oneway":"yes","ref":"A2;A3","toll":"yes","carriage_ref":"a"},"geometry":{"type":"LineString","coordinates":[[7.6131727,47.5590129],[7.61326,47.5588883]]}},{"type":"Feature","properties":{"destination":"Zürich City|Zürich City | St. Gallen;Flughafen;Nordring Zürich| Flughafen;Nordring Zürich| Urdorf Chur","destination:lanes":"Zürich City|Zürich City | St. Gallen;Flughafen;Nordring Zürich| Flughafen;Nordring Zürich| Urdorf Chur","highway":"motorway","int_ref":"E 60","lanes":"5","lit":"no","maxspeed":"100","oneway":"yes","ref":"A1;A3","surface":"asphalt","toll":"yes","turn:lanes":"slight_left|slight_left|slight_right|slight_right|slight_right","carriage_ref":"a"},"geometry":{"type":"LineString","coordinates":[[8.4169899,47.4166461],[8.4179652,47.4161685],[8.4190802,47.4156159]]}},{"type":"Feature","properties":{"highway":"motorway","lanes":"2","maxspeed":"120","oneway":"yes","ref":"A3","toll":"yes","carriage_ref":"b"},"geometry":{"type":"LineString","coordinates":[[8.6506837,47.2271225],[8.650147,47.2273761],[8.6495068,47.2276668],[8.6489704,47.227891],[8.648447,47.228093],[8.6479357,47.2282809],[8.6473953,47.2284672],[8.6467284,47.2286849],[8.6461121,47.2288688],[8.6455739,47.2290163],[8.645114,47.229136],[8.6446765,47.2292443],[8.6442426,47.2293457],[8.6436756,47.2294674],[8.6427737,47.2296374]]}},{"type":"Feature","properties":{"highway":"motorway","int_ref":"E 25;E 35;E 60","lanes":"4","maxspeed":"120","oneway":"yes","ref":"A2;A3","toll":"yes","turn:lanes":"through|through|through|slight_right","carriage_ref":"a"},"geometry":{"type":"LineString","coordinates":[[7.6919236,47.5289075],[7.6927014,47.5288621],[7.6937271,47.5287644],[7.6941354,47.5287189],[7.6952509,47.5285493]]}},{"type":"Feature","properties":{"bridge":"yes","bridge:name":"Lunnerenbrücke","highway":"motorway","int_ref":"E 41","lanes":"2","layer":"1","lit":"yes","maxspeed":"100","maxspeed:variable":"obstruction","oneway":"yes","overtaking:hgv":"no","ref":"A3;A4","shoulder:right":"yes","source:maxspeed":"signals","surface":"asphalt","toll":"yes","carriage_ref":"a"},"geometry":{"type":"LineString","coordinates":[[8.4264332,47.3484783],[8.4267045,47.3482246]]}},{"type":"Feature","properties":{"bridge":"yes","bridge:name":"Lunnerenbrücke","highway":"motorway","int_ref":"E 41","lanes":"4","layer":"1","lit":"yes","maxspeed":"100","maxspeed:variable":"obstruction","oneway":"yes","placement":"right_of:1","ref":"A3;A4","source:maxspeed":"sign","toll":"yes","turn:lanes":"|||merge_to_left","carriage_ref":"b"},"geometry":{"type":"LineString","coordinates":[[8.4279112,47.3476075],[8.4277869,47.3477265],[8.4277539,47.3477582],[8.4275026,47.3480042],[8.4272107,47.3482528],[8.4269057,47.3485001]]}},{"type":"Feature","properties":{"avz":"55","bridge":"yes","cs_dir:forward":"1","highway":"motorway","lanes":"2","layer":"2","maxspeed":"120","oneway":"yes","ref":"A3","ssvz":"753N","toll":"yes","carriage_ref":"a"},"geometry":{"type":"LineString","coordinates":[[8.670284,47.2138743],[8.6706738,47.2135023]]}},{"type":"Feature","properties":{"destination":"Zürich;Sargans","destination:ref":"A3","highway":"motorway","lanes":"2","maxspeed":"120","oneway":"yes","ref":"A3","source:maxspeed":"sign","surface":"asphalt","toll":"yes","first":"true","carriage_ref":"b"},"geometry":{"type":"LineString","coordinates":[[9.4647769,47.0354819],[9.4644063,47.0358337],[9.4640843,47.0361092],[9.4636847,47.0364183],[9.4631275,47.0367995],[9.4626153,47.0370916],[9.4618981,47.0374546]]}},{"type":"Feature","properties":{"destination":"Luzern;Bern;Zürich","destination:lanes":"Luzern;Bern;Zürich;Delemont|Luzern;Bern;Zürich;Delemont;Basel-St. Jakob;Birsfelden;Muttenz;Dreispitz","destination:ref":"A2;A3","destination:ref:to":"A18","destination:to":"Delemont","highway":"motorway","int_ref":"E 25;E 35;E 60","lanes":"2","maxspeed":"80","oneway":"yes","ref":"A2;A3","toll":"yes","carriage_ref":"a"},"geometry":{"type":"LineString","coordinates":[[7.6145613,47.5481775],[7.6145353,47.5478781],[7.6145117,47.5477673],[7.6144898,47.5475952],[7.6144538,47.5473482],[7.6144488,47.5472121],[7.6144529,47.5470152],[7.614472,47.546823]]}},{"type":"Feature","properties":{"destination":"Zürich","highway":"motorway","int_ref":"E 60","lanes":"3","lit":"no","maxspeed":"120","oneway":"yes","ref":"A1;A3","surface":"asphalt","toll":"yes","carriage_ref":"a"},"geometry":{"type":"LineString","coordinates":[[8.3343692,47.4535817],[8.3346336,47.4534572],[8.3347893,47.4533788],[8.3349418,47.4532988],[8.3351184,47.4532008],[8.3352921,47.4530999],[8.3354647,47.452991],[8.3356336,47.4528803],[8.3357957,47.4527679],[8.3359524,47.4526539],[8.3361121,47.4525279],[8.3363547,47.4523299],[8.3365486,47.4521578],[8.3367419,47.4519688],[8.3369129,47.4517961],[8.3370738,47.4516222],[8.3372219,47.4514501],[8.3373707,47.4512735],[8.3375181,47.4510951],[8.3376584,47.4509147],[8.3377954,47.4507357],[8.3380583,47.45037],[8.3383194,47.4500117],[8.339281,47.4486997],[8.3408711,47.4465312],[8.3421822,47.4447173],[8.3434023,47.4430513],[8.3444698,47.4416003],[8.3446208,47.4413994],[8.3447785,47.4412007],[8.3450186,47.4409097],[8.3452684,47.4406009],[8.3455436,47.440271],[8.3457947,47.4399818],[8.3459916,47.4397668]]}},{"type":"Feature","properties":{"bridge":"yes","highway":"motorway","lanes":"2","layer":"1","maxspeed":"120","oneway":"yes","ref":"A3","toll":"yes","carriage_ref":"b"},"geometry":{"type":"LineString","coordinates":[[9.4496376,47.0384024],[9.449276,47.038417],[9.4486681,47.0384456],[9.4480463,47.0384901]]}},{"type":"Feature","properties":{"highway":"motorway","int_ref":"E 41","lanes":"3","lit":"yes","maxspeed":"100","maxspeed:variable":"obstruction","oneway":"yes","ref":"A3;A4","source:maxspeed":"sign","toll":"yes","carriage_ref":"b"},"geometry":{"type":"LineString","coordinates":[[8.4533544,47.3420944],[8.4525879,47.3420847]]}},{"type":"Feature","properties":{"bridge":"yes","highway":"motorway","lanes":"2","layer":"1","maxspeed":"100","oneway":"yes","ref":"A3","toll":"yes","carriage_ref":"b"},"geometry":{"type":"LineString","coordinates":[[9.3272938,47.1154805],[9.3269457,47.1154647]]}},{"type":"Feature","properties":{"highway":"motorway","lanes":"2","maxspeed":"120","oneway":"yes","ref":"A3","toll":"yes","carriage_ref":"a"},"geometry":{"type":"LineString","coordinates":[[8.5370135,47.3170564],[8.5373984,47.3167188],[8.5378538,47.3163465],[8.5382855,47.3159663],[8.538671,47.3155961],[8.539025,47.3152564],[8.5394087,47.3148517],[8.539761,47.3144649],[8.5400594,47.3141209],[8.5403809,47.3137303],[8.5406874,47.3133401],[8.5410398,47.3128671],[8.5413147,47.312469],[8.5415668,47.3120852],[8.5418291,47.3116704],[8.5420738,47.3112356],[8.5423173,47.3107624],[8.5426064,47.3102114],[8.5428625,47.3096706],[8.5431576,47.3090987],[8.5434469,47.3085692],[8.5437705,47.3079971],[8.5441151,47.3074301],[8.5444879,47.3068046],[8.5448198,47.3063243],[8.5451519,47.3058187],[8.5454654,47.3053688],[8.5458209,47.304856],[8.5461125,47.3043759],[8.5463775,47.3039448],[8.5466875,47.303426],[8.5469077,47.303031],[8.5471621,47.3025158],[8.5476683,47.301457],[8.5478425,47.3011039],[8.5479752,47.3007714],[8.5481233,47.3004375],[8.5482825,47.3000308],[8.548456,47.2995689],[8.5485927,47.2991806],[8.5487282,47.2987412],[8.5491343,47.2972574]]}},{"type":"Feature","properties":{"highway":"motorway","lanes":"2","maxspeed":"100","oneway":"yes","ref":"A3","toll":"yes","carriage_ref":"b"},"geometry":{"type":"LineString","coordinates":[[9.3213164,47.1146435],[9.3209257,47.1145859],[9.3205812,47.1145435],[9.3201411,47.1144884],[9.3194434,47.1144218]]}},{"type":"Feature","properties":{"avz":"81","cs_dir:forward":"2","destination:country:lanes":"F;D|F;D|F;D|","destination:lanes":"Basel|Basel|Basel;__________;Delemont;Muttenz;Bruderholz|Basel-St.Jakob;Birsfelden","destination:ref:lanes":"A2;A3|A2;A3|A2;A3;A18|","destination:symbol:lanes":"none;airport|none;airport|none;airport;none;none;none;hospital|none;harbour","highway":"motorway","int_ref":"E 25;E 35;E 60","lanes":"4","maxspeed":"120","oneway":"yes","ref":"A2;A3","ssvz":"705N","surface":"asphalt","toll":"yes","turn:lanes":"through|through|slight_right|slight_right","carriage_ref":"b"},"geometry":{"type":"LineString","coordinates":[[7.6424251,47.5393904],[7.6405458,47.5397165],[7.6368138,47.540338],[7.6350419,47.5406225]]}},{"type":"Feature","properties":{"highway":"motorway","lanes":"2","maxspeed":"120","oneway":"yes","ref":"A3","toll":"yes","carriage_ref":"a"},"geometry":{"type":"LineString","coordinates":[[8.8966461,47.1929256],[8.8975005,47.1926916],[8.8983835,47.1924973],[8.8994973,47.1922958],[8.9007094,47.1921301],[8.9019309,47.1919576],[8.9031204,47.191778],[8.9052341,47.1913779],[8.9114059,47.1900841],[8.9129869,47.1897155],[8.915936,47.18898],[8.917384,47.1885818],[8.9218822,47.1872775],[8.9236095,47.1867015],[8.9253905,47.1860452],[8.9273798,47.1852899],[8.9290214,47.1846875],[8.9305026,47.1842015],[8.9319705,47.1837987],[8.9333336,47.1834979],[8.9343149,47.183333],[8.9351622,47.183189],[8.9361052,47.1830699],[8.9370608,47.182977],[8.9379684,47.1829086],[8.9390436,47.1828721],[8.9403368,47.1828536],[8.9419315,47.1828814],[8.9432589,47.1829238],[8.9447013,47.1829913],[8.9489676,47.183234],[8.9580246,47.1837672],[8.9658852,47.1842201],[8.9675422,47.1842873],[8.9685861,47.1843161],[8.9696114,47.1843322],[8.9703828,47.184331]]}},{"type":"Feature","properties":{"destination:lanes":"Urdorf-Süd|Urdorf-Süd|Urdorf-Nord;Schlieren;Dietikon","highway":"motorway","int_ref":"E 41","lanes":"3","lit":"yes","maxspeed":"100","maxspeed:variable":"obstruction","oneway":"yes","overtaking:hgv":"no","placement":"right_of:1","ref":"A3;A4","shoulder:right":"yes","source:maxspeed":"signals","surface":"asphalt","toll":"yes","turn:lanes":"none|none|slight_right","carriage_ref":"a"},"geometry":{"type":"LineString","coordinates":[[8.4196052,47.396576],[8.4193775,47.396279]]}},{"type":"Feature","properties":{"change:lanes":"not_left|not_right|yes","highway":"motorway","lanes":"3","maxspeed":"120","oneway":"yes","placement":"right_of:1","ref":"A3","surface":"asphalt","toll":"yes","turn:lanes":"||merge_to_left","carriage_ref":"b"},"geometry":{"type":"LineString","coordinates":[[9.0894967,47.1284471],[9.0892205,47.1284708],[9.0886599,47.1285146],[9.0881017,47.1285522]]}},{"type":"Feature","properties":{"highway":"motorway","int_ref":"E 60","lanes":"2","maxspeed":"120","oneway":"yes","ref":"A3","surface":"asphalt","toll":"yes","carriage_ref":"a"},"geometry":{"type":"LineString","coordinates":[[7.7983865,47.5447448],[7.7995704,47.5449148],[7.7996741,47.5449325],[7.8027373,47.5453956],[7.8035121,47.545496],[7.8041852,47.5455661],[7.8053035,47.545674],[7.8067464,47.5457812],[7.8079617,47.5458453],[7.80838,47.5458641],[7.8088283,47.5458748],[7.8098732,47.5458916],[7.8120243,47.5458729],[7.8136957,47.545833],[7.8158738,47.5457797],[7.8175426,47.5457672],[7.8186718,47.5457835],[7.8198388,47.5458185],[7.8209283,47.5458613],[7.822558,47.5459581],[7.8239659,47.5460632],[7.8254149,47.5461969]]}},{"type":"Feature","properties":{"highway":"motorway","int_ref":"E 60","lanes":"2","maxspeed":"120","oneway":"yes","ref":"A3","toll":"yes","carriage_ref":"b"},"geometry":{"type":"LineString","coordinates":[[8.0121048,47.5194741],[8.011196,47.5200384],[8.0101287,47.5206239],[8.0091056,47.5211325],[8.0078505,47.5217467],[8.0066307,47.5223554],[8.0058423,47.5227797],[8.0049615,47.5233092],[8.0041761,47.5238477],[8.0034576,47.5244042],[8.0028969,47.5248962],[8.0023229,47.5254341],[8.0012261,47.5264993],[7.9993667,47.5283478],[7.9974962,47.5302017],[7.9954766,47.5321753]]}},{"type":"Feature","properties":{"bridge":"yes","highway":"motorway","lanes":"2","layer":"1","lit":"yes","maxspeed":"80","oneway":"yes","ref":"A3","toll":"yes","carriage_ref":"b"},"geometry":{"type":"LineString","coordinates":[[8.5179877,47.3441713],[8.5175394,47.3442032],[8.5171177,47.3442421]]}},{"type":"Feature","properties":{"highway":"motorway","lanes":"2","maxspeed":"120","oneway":"yes","ref":"A3","toll":"yes","turn:lanes":"none|none|merge_to_left","carriage_ref":"b"},"geometry":{"type":"LineString","coordinates":[[8.7212255,47.1931024],[8.7206523,47.1932888]]}},{"type":"Feature","properties":{"change:lanes":"not_left|yes|no","destination:lanes":"Birmensdorf|Birmensdorf|Urdorf-Süd;Uitikon","highway":"motorway","int_ref":"E 41","lanes":"3","lit":"no","maxspeed":"100","maxspeed:variable":"obstruction","oneway":"yes","placement":"right_of:1","ref":"A3;A4","shoulder:right":"yes","source:maxspeed":"signals","surface":"asphalt","toll":"yes","turn:lanes":"||slight_right","carriage_ref":"a"},"geometry":{"type":"LineString","coordinates":[[8.4195735,47.3738459],[8.4196167,47.3736978]]}},{"type":"Feature","properties":{"highway":"motorway","lanes":"2","maxspeed":"120","oneway":"yes","ref":"A3","surface":"asphalt","toll":"yes","carriage_ref":"a"},"geometry":{"type":"LineString","coordinates":[[8.6108704,47.2388811],[8.6113068,47.2385803],[8.6113311,47.2385636],[8.6117724,47.2382505],[8.6123934,47.237826],[8.6129323,47.2374484],[8.6137182,47.2369006],[8.6143185,47.2364773]]}},{"type":"Feature","properties":{"destination:country:lanes":"||;;DE;AT;FL","destination:int_ref:lanes":"E 43|E 43|E 43","destination:lanes":"San Bernardino;Chur;Bad Ragaz|San Bernardino;Chur;Bad Ragaz|St. Gallen;St. Margrethen;München;Feldkirch;Vaduz","destination:ref:lanes":"A 13|A 13|A 13","highway":"motorway","lanes":"3","maxspeed":"120","oneway":"yes","placement":"right_of:1","ref":"A3","shoulder:right":"yes","source:maxspeed":"CH:motorway","surface":"asphalt","toll":"yes","turn:lanes":"||slight_right","carriage_ref":"a"},"geometry":{"type":"LineString","coordinates":[[9.4602026,47.03797],[9.4609239,47.0377374]]}},{"type":"Feature","properties":{"highway":"motorway","int_ref":"E 60","lanes":"2","maxspeed":"100","oneway":"yes","overtaking:hgv":"no","ref":"A3","toll":"yes","traffic_sign":"CH:2.45","carriage_ref":"a"},"geometry":{"type":"LineString","coordinates":[[8.1889455,47.4527915],[8.1896021,47.4525573],[8.1903354,47.4523133],[8.1909805,47.4521255],[8.1917588,47.4519245],[8.1922351,47.4518157],[8.1928323,47.4516898]]}},{"type":"Feature","properties":{"avz":"219","cs_dir:forward":"1","highway":"motorway","int_ref":"E 60","lanes":"2","maxspeed":"100","oneway":"yes","ref":"A3","ssvz":"1008N","toll":"yes","carriage_ref":"a"},"geometry":{"type":"LineString","coordinates":[[8.1384036,47.456661],[8.138987,47.4565222],[8.1396656,47.4563813],[8.1402247,47.4562843],[8.1408381,47.456199],[8.1414555,47.4561169],[8.1420979,47.4560502],[8.1429392,47.4559888],[8.1435475,47.4559556],[8.1440176,47.4559423]]}},{"type":"Feature","properties":{"avz":"607","cs_dir:forward":"1","highway":"motorway","lanes":"2","maxspeed":"120","oneway":"yes","ref":"A3","surface":"asphalt","toll":"yes","carriage_ref":"a"},"geometry":{"type":"LineString","coordinates":[[8.5783026,47.2615297],[8.5789702,47.2609541],[8.5801212,47.2599954],[8.5810166,47.2593145],[8.5817941,47.2587173],[8.5826268,47.2581107],[8.5834837,47.2575278],[8.5853362,47.2563199],[8.5863656,47.2556721],[8.5874194,47.2549965],[8.5894981,47.2536766],[8.590669,47.252911],[8.591523,47.252349],[8.5922026,47.2518791],[8.5929593,47.2513427],[8.5937859,47.25077],[8.5944396,47.2503137],[8.595424,47.2496345],[8.5971558,47.2484279]]}},{"type":"Feature","properties":{"bridge":"yes","highway":"motorway","lanes":"2","layer":"1","maxspeed":"100","oneway":"yes","overtaking:hgv":"no","ref":"A3","shoulder:right":"yes","source:maxspeed":"sign","surface":"asphalt","toll":"yes","carriage_ref":"a"},"geometry":{"type":"LineString","coordinates":[[9.3090779,47.1144396],[9.3098041,47.1144659],[9.3104318,47.1144659],[9.311451,47.114444],[9.3126054,47.1143827]]}},{"type":"Feature","properties":{"destination":"Zürich City | St. Gallen;Flughafen;Nordring Zürich| Flughafen;Nordring Zürich| Urdorf Chur","destination:lanes":"Zürich City | St. Gallen;Flughafen;Nordring Zürich| Flughafen;Nordring Zürich| Urdorf Chur","highway":"motorway","int_ref":"E 60","lanes":"4","lit":"no","maxspeed":"100","oneway":"yes","ref":"A1;A3","surface":"asphalt","toll":"yes","carriage_ref":"a"},"geometry":{"type":"LineString","coordinates":[[8.4150359,47.4175911],[8.4169899,47.4166461]]}},{"type":"Feature","properties":{"highway":"motorway","lanes":"2","layer":"-1","maxspeed":"100","oneway":"yes","ref":"A3","toll":"yes","tunnel":"yes","tunnel:alt_name":"Hof Nord","tunnel:name":"Hof","carriage_ref":"b"},"geometry":{"type":"LineString","coordinates":[[9.293008,47.1094517],[9.2917744,47.10947],[9.2906269,47.1095345],[9.2883163,47.1097221],[9.2858246,47.1099678]]}},{"type":"Feature","properties":{"destination":"Zürich Baden;Rheinfelden-Ost","destination:ref":"A3","highway":"motorway","int_ref":"E 60","lanes":"2","maxspeed":"100","oneway":"yes","ref":"A3","toll":"yes","carriage_ref":"a"},"geometry":{"type":"LineString","coordinates":[[7.7539975,47.539098],[7.7548499,47.5393635],[7.75616,47.5397476],[7.7577509,47.5401766],[7.7591223,47.5405073],[7.760537,47.540829],[7.7626068,47.5412657],[7.7643136,47.5416079],[7.7682232,47.5423729]]}},{"type":"Feature","properties":{"destination":"Zürich","highway":"motorway","int_ref":"E 60","lanes":"3","layer":"-1","lit":"yes","maxspeed":"100","oneway":"yes","ref":"A1;A3","surface":"asphalt","toll":"yes","tunnel":"yes","tunnel:name":"Neuenhof Überdachung","carriage_ref":"a"},"geometry":{"type":"LineString","coordinates":[[8.3162296,47.4535496],[8.3166311,47.4536799],[8.3168795,47.4537657],[8.3173148,47.4539059],[8.3177099,47.4540274],[8.3181294,47.4541414],[8.3184608,47.4542188],[8.3189427,47.4543114],[8.3193543,47.4543848],[8.319705,47.4544364],[8.3201773,47.4544936],[8.320774,47.4545407],[8.3212718,47.4545572],[8.321924,47.4545629],[8.3251574,47.4545252]]}},{"type":"Feature","properties":{"bridge":"yes","highway":"motorway","int_ref":"E 25;E 60","lanes":"2","layer":"1","maxspeed":"60","oneway":"yes","ref":"A3","surface":"asphalt","toll":"yes","turn:lanes":"merge_to_right|none","carriage_ref":"a"},"geometry":{"type":"LineString","coordinates":[[7.5985767,47.5733785],[7.5986245,47.5734893],[7.5986957,47.5736078],[7.5988198,47.5737496],[7.5989499,47.5738567],[7.5990645,47.5739307],[7.5991787,47.5739945],[7.5993599,47.5740701]]}},{"type":"Feature","properties":{"highway":"motorway","int_ref":"E 25;E 35;E 60","lanes":"3","maxspeed":"120","oneway":"yes","ref":"A2;A3","toll":"yes","carriage_ref":"a"},"geometry":{"type":"LineString","coordinates":[[7.6744147,47.5274008],[7.6748247,47.5273715],[7.6752894,47.5273431],[7.6757516,47.5273329],[7.676482,47.5273301],[7.6770717,47.5273508],[7.6775225,47.5273748],[7.6778987,47.5274041],[7.6784659,47.52746],[7.6792301,47.527545],[7.6795756,47.5275899]]}},{"type":"Feature","properties":{"bridge":"yes","destination":"Zürich;Baden|","destination:lanes":"Zürich;Baden|","destination:ref":"A 1","highway":"motorway","int_ref":"E 60","lanes":"2","layer":"1","maxspeed":"80","oneway":"yes","ref":"A3","surface":"asphalt","toll":"yes","turn:lanes":"merge_to_right|none","carriage_ref":"a"},"geometry":{"type":"LineString","coordinates":[[8.2493427,47.4470848],[8.2497733,47.4473402]]}},{"type":"Feature","properties":{"highway":"motorway","lanes":"2","maxspeed":"100","oneway":"yes","overtaking:hgv":"no","ref":"A3","source:maxspeed":"sign","toll":"yes","carriage_ref":"a"},"geometry":{"type":"LineString","coordinates":[[9.2526391,47.1087711],[9.252758,47.1088081]]}},{"type":"Feature","properties":{"highway":"motorway","lanes":"3","maxspeed":"120","oneway":"yes","ref":"A3","toll":"yes","turn:lanes":"none|none|slight_right","carriage_ref":"a"},"geometry":{"type":"LineString","coordinates":[[8.6819734,47.2037269],[8.6824497,47.203568],[8.6825724,47.20353]]}},{"type":"Feature","properties":{"highway":"motorway","lanes":"2","maxspeed":"120","oneway":"yes","ref":"A3","surface":"asphalt","toll":"yes","carriage_ref":"b"},"geometry":{"type":"LineString","coordinates":[[9.4558635,47.0386144],[9.4550186,47.0385925],[9.4542208,47.0385491]]}},{"type":"Feature","properties":{"highway":"motorway","lanes":"2","maxspeed":"100","oneway":"yes","ref":"A3","toll":"yes","carriage_ref":"b"},"geometry":{"type":"LineString","coordinates":[[8.8179384,47.1927831],[8.8173878,47.1931114],[8.8172468,47.1932058]]}},{"type":"Feature","properties":{"highway":"motorway","int_ref":"E 60","lanes":"2","layer":"-1","maxspeed":"100","oneway":"yes","overtaking:hgv":"no","ref":"A3","toll":"yes","traffic_sign":"CH:2.45","tunnel":"yes","tunnel:name":"Schinznacherfeld","carriage_ref":"a"},"geometry":{"type":"LineString","coordinates":[[8.1440176,47.4559423],[8.14422,47.4559429],[8.1456252,47.455999],[8.1470517,47.4561233],[8.1485089,47.4562683],[8.1499312,47.4565001]]}},{"type":"Feature","properties":{"bridge":"yes","change:lanes":"not_left|yes|no","highway":"motorway","lanes":"3","layer":"1","maxspeed":"120","oneway":"yes","placement":"right_of:1","ref":"A3","surface":"asphalt","toll":"yes","turn:lanes":"||slight_right","carriage_ref":"b"},"geometry":{"type":"LineString","coordinates":[[9.0680766,47.1289252],[9.0677552,47.1289307]]}},{"type":"Feature","properties":{"destination:lanes":"Zürich|Bern","destination:ref:lanes":"E60;A1;A3|A1","highway":"motorway","int_ref":"E 60","lanes":"2","maxspeed":"100","oneway":"yes","ref":"A3","toll":"yes","carriage_ref":"a"},"geometry":{"type":"LineString","coordinates":[[8.2325413,47.4503973],[8.2340478,47.4499582]]}},{"type":"Feature","properties":{"bridge":"yes","destination:lanes":"Urdorf-Süd|Urdorf-Süd;Urdorf-Nord;Schlieren;Dietikon","highway":"motorway","int_ref":"E 41","lanes":"2","layer":"2","lit":"no","maxspeed":"100","maxspeed:variable":"obstruction","oneway":"yes","overtaking:hgv":"no","ref":"A3;A4","shoulder:right":"yes","source:maxspeed":"signals","surface":"asphalt","toll":"yes","carriage_ref":"a"},"geometry":{"type":"LineString","coordinates":[[8.4212126,47.4025866],[8.4207694,47.3996414],[8.4206649,47.3991155],[8.4205471,47.3985863],[8.4202984,47.3978488],[8.420154,47.3975367]]}},{"type":"Feature","properties":{"highway":"motorway","int_ref":"E 60","lanes":"4","lit":"no","maxspeed":"120","oneway":"yes","ref":"A1;A3","surface":"asphalt","toll":"yes","turn:lanes":"through|through|through|merge_to_left","carriage_ref":"b"},"geometry":{"type":"LineString","coordinates":[[8.3882981,47.4228517],[8.3877002,47.4229426],[8.3870189,47.4230622],[8.3860909,47.4232335],[8.3851698,47.4234201],[8.3842581,47.4236343],[8.3832883,47.4238832],[8.3820545,47.4242373],[8.3811843,47.4245048],[8.3804346,47.4247506],[8.3791787,47.4251747]]}},{"type":"Feature","properties":{"highway":"motorway","lanes":"2","maxspeed":"120","oneway":"yes","ref":"A3","toll":"yes","carriage_ref":"b"},"geometry":{"type":"LineString","coordinates":[[9.3522329,47.095531],[9.3520978,47.0958098],[9.3517575,47.0964598],[9.3513688,47.0971742]]}},{"type":"Feature","properties":{"highway":"motorway","int_ref":"E 60","lanes":"3","layer":"-1","lit":"yes","maxspeed":"100","oneway":"yes","ref":"A1;A3","surface":"asphalt","toll":"yes","tunnel":"yes","tunnel:name":"Neuenhof Überdachung","carriage_ref":"b"},"geometry":{"type":"LineString","coordinates":[[8.3213034,47.4547097],[8.3207388,47.4546896],[8.3203981,47.4546715],[8.3200581,47.4546431]]}},{"type":"Feature","properties":{"avz":"97","cs_dir:forward":"1","destination":"Zürich","highway":"motorway","int_ref":"E 60","lanes":"4","lit":"yes","maxspeed":"100","oneway":"yes","ref":"A1;A3","ssvz":"971N","surface":"asphalt","toll":"3","turn:lanes":"through|through|through|right","carriage_ref":"a"},"geometry":{"type":"LineString","coordinates":[[8.3075623,47.4563615],[8.3079348,47.4557564],[8.308128,47.4554547],[8.308329,47.4551634],[8.3084605,47.4549894],[8.3085917,47.4548151],[8.3087606,47.4546238],[8.3089268,47.4544567],[8.3091086,47.4542973],[8.3092983,47.4541432],[8.3095124,47.4539894],[8.309723,47.4538569],[8.3098774,47.4537703],[8.3100559,47.4536769]]}},{"type":"Feature","properties":{"highway":"motorway","int_ref":"E 25;E 35;E 60","lanes":"3","layer":"-2","maxspeed":"80","name":"Schwarzwaldtunnel","oneway":"yes","ref":"A2;A3","toll":"yes","tunnel":"yes","tunnel:name":"Schwarzwald","turn:lanes":"through|through|slight_right","carriage_ref":"a"},"geometry":{"type":"LineString","coordinates":[[7.6067399,47.5669688],[7.6069686,47.5666883],[7.6071095,47.5665228],[7.6082811,47.5651466]]}},{"type":"Feature","properties":{"bridge":"yes","highway":"motorway","lanes":"2","layer":"2","maxspeed":"120","oneway":"yes","ref":"A3","toll":"yes","carriage_ref":"b"},"geometry":{"type":"LineString","coordinates":[[8.6708493,47.2135435],[8.6704656,47.2139161]]}},{"type":"Feature","properties":{"highway":"motorway","int_ref":"E 60","lanes":"2","maxspeed":"120","oneway":"yes","ref":"A3","toll":"yes","carriage_ref":"b"},"geometry":{"type":"LineString","coordinates":[[8.0237231,47.5101314],[8.0227678,47.51083],[8.0218348,47.5115533],[8.0208556,47.5123399],[8.0203521,47.5127502],[8.0198648,47.5131647],[8.0190148,47.5138834]]}},{"type":"Feature","properties":{"destination":"Chur;Luzern;Westring Zürich","destination:ref":"A4","highway":"motorway","lanes":"1","lit":"yes","maxspeed":"80","oneway":"yes","ref":"59","surface":"asphalt","toll":"yes","carriage_ref":"a"},"geometry":{"type":"LineString","coordinates":[[8.4237598,47.4133404],[8.4242867,47.4130033],[8.4244477,47.4129085],[8.4245787,47.412829],[8.4247159,47.4127458],[8.4248531,47.4126599],[8.4250918,47.4125046],[8.4253264,47.4123465],[8.4254895,47.412229],[8.4256493,47.4121134],[8.4257857,47.4120096],[8.4258485,47.4119557],[8.4259037,47.4119009],[8.4259829,47.4118175],[8.4260423,47.4117558],[8.4260797,47.4117066],[8.4261332,47.4116227],[8.4261676,47.4115644],[8.4262357,47.4114389],[8.4262842,47.4113144],[8.4263139,47.411221],[8.4263302,47.4111148],[8.4263379,47.4110127],[8.4263311,47.4108869],[8.4263118,47.4107653],[8.4262813,47.410667],[8.4262465,47.4105541],[8.4262074,47.4104702],[8.426167,47.4103847],[8.4260616,47.4102189],[8.4259258,47.4100338],[8.4257896,47.4098614],[8.4256629,47.4096948],[8.4255329,47.4095393],[8.4253897,47.4093793],[8.4252343,47.4092165]]}},{"type":"Feature","properties":{"highway":"motorway","lanes":"3","maxspeed":"120","oneway":"yes","ref":"A3","surface":"asphalt","toll":"yes","turn:lanes":"none|none|merge_to_left","carriage_ref":"a"},"geometry":{"type":"LineString","coordinates":[[8.6143185,47.2364773],[8.6144966,47.2363473],[8.6152021,47.2358673],[8.6155185,47.2356526]]}},{"type":"Feature","properties":{"highway":"motorway","int_ref":"E 25;E 35;E 60","lanes":"4","maxspeed":"100","oneway":"yes","ref":"A2;A3","toll":"yes","turn:lanes":"none|none|none|slight_right","carriage_ref":"b"},"geometry":{"type":"LineString","coordinates":[[7.7199298,47.5276439],[7.7195148,47.5275455]]}},{"type":"Feature","properties":{"bridge":"yes","highway":"motorway","lanes":"2","layer":"1","maxspeed":"120","oneway":"yes","ref":"A3","toll":"yes","carriage_ref":"a"},"geometry":{"type":"LineString","coordinates":[[8.7000766,47.1978158],[8.7003243,47.1976974],[8.7007497,47.1975126],[8.7010033,47.1974008],[8.7014661,47.1972167],[8.701861,47.1970833]]}},{"type":"Feature","properties":{"avz":"81","cs_dir:forward":"2","destination:country:lanes":"F;D|F;D|F;D|","destination:lanes":"Basel|Basel|Basel;__________;Delemont;Muttenz|Basel-St.Jakob;Birsfelden","destination:ref:lanes":"A2;A3|A2;A3|A2;A3;A18|","destination:symbol:lanes":"none;airport|none;airport|none;airport;none;none;none|none;harbour","highway":"motorway","int_ref":"E 25;E 35;E 60","lanes":"4","maxspeed":"120","oneway":"yes","ref":"A2;A3","ssvz":"705N","surface":"asphalt","toll":"yes","turn:lanes":"through|through|slight_right|slight_right","carriage_ref":"b"},"geometry":{"type":"LineString","coordinates":[[7.6510626,47.537314],[7.6502236,47.5375654],[7.6492767,47.5378452],[7.6487464,47.5379867],[7.6480508,47.5381722],[7.6472697,47.5383691],[7.6462181,47.5386202],[7.6450084,47.5388871],[7.6438092,47.5391394],[7.6428714,47.5393129],[7.6424251,47.5393904]]}},{"type":"Feature","properties":{"bridge":"yes","highway":"motorway","int_ref":"E 60","lanes":"4","layer":"1","lit":"no","maxspeed":"120","oneway":"yes","ref":"A1;A3","surface":"asphalt","toll":"yes","turn:lanes":"through|through|through|slight_right","carriage_ref":"b"},"geometry":{"type":"LineString","coordinates":[[8.3925244,47.422452],[8.3918777,47.4224947]]}},{"type":"Feature","properties":{"highway":"motorway","lanes":"3","lit":"yes","maxspeed":"100","oneway":"yes","ref":"A3","toll":"yes","carriage_ref":"b"},"geometry":{"type":"LineString","coordinates":[[8.5289834,47.3301213],[8.5286904,47.3304719],[8.5284476,47.3307454],[8.5281815,47.3310211],[8.5276591,47.3315317],[8.5270146,47.3320877],[8.526029,47.332926]]}},{"type":"Feature","properties":{"bridge":"yes","highway":"motorway","lanes":"2","layer":"1","maxspeed":"120","oneway":"yes","ref":"A3","shoulder:right":"yes","source:maxspeed":"CH:motorway","surface":"asphalt","toll":"yes","carriage_ref":"a"},"geometry":{"type":"LineString","coordinates":[[9.4559654,47.0384956],[9.4563892,47.0384938],[9.4569793,47.0384883],[9.457387,47.0384682]]}},{"type":"Feature","properties":{"bridge":"yes","highway":"motorway","lanes":"2","layer":"1","maxspeed":"120","oneway":"yes","ref":"A3","toll":"yes","carriage_ref":"b"},"geometry":{"type":"LineString","coordinates":[[8.7076698,47.1962746],[8.7073001,47.1963011]]}},{"type":"Feature","properties":{"destination:lanes":"Zürich: Wettingen Ost|Zürich: Wettingen Ost|Zürich: Wettingen Ost;Neuenhof","destination:ref":"A1;A3","highway":"motorway","int_ref":"E 60","lanes":"3","lit":"no","maxspeed":"100","oneway":"yes","ref":"A1;A3","signals":"maxspeed=signals","surface":"asphalt","toll":"yes","turn:lanes":"through|through|slight_right","carriage_ref":"a"},"geometry":{"type":"LineString","coordinates":[[8.281031,47.4578256],[8.2816253,47.457907]]}},{"type":"Feature","properties":{"bridge":"yes","bridge:name":"Lunnerenbrücke","highway":"motorway","int_ref":"E 41","lanes":"2","layer":"1","lit":"yes","maxspeed":"100","oneway":"yes","ref":"A3;A4","source:maxspeed":"sign","toll":"yes","carriage_ref":"b"},"geometry":{"type":"LineString","coordinates":[[8.4281418,47.3473485],[8.4279112,47.3476075]]}},{"type":"Feature","properties":{"bridge":"yes","highway":"motorway","int_ref":"E 25;E 60","lanes":"1","layer":"1","maxspeed":"60","oneway":"yes","ref":"A3","toll":"yes","carriage_ref":"a"},"geometry":{"type":"LineString","coordinates":[[7.6000376,47.5741572],[7.6002129,47.5741445],[7.6003588,47.5741226],[7.600522,47.5740853],[7.600676,47.5740435],[7.6008481,47.5739783],[7.6013036,47.5737682]]}},{"type":"Feature","properties":{"change:lanes":"not_left|not_right|yes","highway":"motorway","lanes":"3","maxspeed":"100","oneway":"yes","overtaking:hgv":"no","placement":"right_of:1","ref":"A3","shoulder:right":"yes","source:maxspeed":"sign","surface":"asphalt","toll":"yes","turn:lanes":"||merge_to_left","carriage_ref":"a"},"geometry":{"type":"LineString","coordinates":[[9.2699794,47.1118797],[9.2708797,47.1115673],[9.2715826,47.111339],[9.272241,47.1111321]]}},{"type":"Feature","properties":{"highway":"motorway","int_ref":"E 25;E 35;E 60","lanes":"3","maxspeed":"120","oneway":"yes","ref":"A2;A3","toll":"yes","carriage_ref":"a"},"geometry":{"type":"LineString","coordinates":[[7.7206597,47.5276658],[7.7219492,47.5279866],[7.7228848,47.528237]]}},{"type":"Feature","properties":{"highway":"motorway","int_ref":"E 60","lanes":"2","maxspeed":"120","oneway":"yes","ref":"A3","toll":"yes","carriage_ref":"a"},"geometry":{"type":"LineString","coordinates":[[8.2153459,47.4516873],[8.2168624,47.4519214],[8.2185053,47.4521687],[8.2190739,47.4522406],[8.2196658,47.4523094]]}},{"type":"Feature","properties":{"bridge":"yes","bridge:name":"Lunnerenbrücke","highway":"motorway","int_ref":"E 41","lanes":"3","layer":"1","lit":"yes","maxspeed":"100","maxspeed:variable":"obstruction","oneway":"yes","placement":"right_of:1","ref":"A3;A4","source:maxspeed":"sign","toll":"yes","turn:lanes":"||merge_to_left","carriage_ref":"b"},"geometry":{"type":"LineString","coordinates":[[8.4269057,47.3485001],[8.426497,47.3488317]]}},{"type":"Feature","properties":{"highway":"motorway","lanes":"2","layer":"-1","maxspeed":"100","oneway":"yes","ref":"A3","toll":"yes","tunnel":"yes","tunnel:alt_name":"Fratten Nord","tunnel:name":"Fratten","carriage_ref":"b"},"geometry":{"type":"LineString","coordinates":[[9.2582741,47.1125305],[9.2578138,47.1123068],[9.2573809,47.1120407],[9.2565944,47.1114255],[9.2560228,47.1109068],[9.25549,47.110467]]}},{"type":"Feature","properties":{"highway":"motorway","lanes":"2","maxspeed":"100","oneway":"yes","overtaking:hgv":"no","ref":"A3","shoulder:right":"yes","source:maxspeed":"sign","surface":"asphalt","toll":"yes","carriage_ref":"a"},"geometry":{"type":"LineString","coordinates":[[9.110051,47.1261148],[9.1108294,47.1259405],[9.1115156,47.1257806],[9.112168,47.1256177],[9.1128778,47.1254314],[9.1141519,47.1250945]]}},{"type":"Feature","properties":{"bridge":"yes","highway":"motorway","int_ref":"E 25;E 35;E 60","lanes":"4","layer":"1","maxspeed":"120","oneway":"yes","ref":"A2;A3","toll":"yes","turn:lanes":"none|none|none|slight_right","carriage_ref":"b"},"geometry":{"type":"LineString","coordinates":[[7.7191628,47.527462],[7.7171156,47.5270245]]}},{"type":"Feature","properties":{"highway":"motorway","int_ref":"E 60","lanes":"2","maxspeed":"120","oneway":"yes","ref":"A3","toll":"yes","carriage_ref":"a"},"geometry":{"type":"LineString","coordinates":[[8.0189711,47.5137448],[8.0199846,47.5128935],[8.0209349,47.5121174],[8.021903,47.5113455],[8.0227631,47.5106781],[8.0236603,47.5100208]]}},{"type":"Feature","properties":{"highway":"motorway","lanes":"2","maxspeed":"120","oneway":"yes","ref":"A3","toll":"yes","carriage_ref":"a"},"geometry":{"type":"LineString","coordinates":[[8.6505459,47.2270415],[8.6508664,47.2268806]]}},{"type":"Feature","properties":{"avz":"245","cs_dir:forward":"2","highway":"motorway","lanes":"2","maxspeed":"120","oneway":"yes","ref":"A3","ssvz":"82N","toll":"yes","carriage_ref":"b"},"geometry":{"type":"LineString","coordinates":[[9.4421133,47.03967],[9.4410107,47.0400594],[9.4400207,47.0404512],[9.4388659,47.0409945]]}},{"type":"Feature","properties":{"destination":"Chur;St. Gallen;Sargans;Glarus","destination:ref":"A3;A13","highway":"motorway","lanes":"2","maxspeed":"120","oneway":"yes","ref":"A3","shoulder:right":"yes","source:maxspeed":"CH:motorway","surface":"asphalt","toll":"yes","carriage_ref":"a"},"geometry":{"type":"LineString","coordinates":[[8.9719199,47.18431],[8.972925,47.184269],[8.9738117,47.1842252],[8.9746663,47.1841723],[8.9755859,47.1841026],[8.9765545,47.1840111],[8.9775186,47.1839092],[8.9784651,47.1837942],[8.9796044,47.1836377],[8.9805404,47.1834919],[8.9817216,47.1832846],[8.9828003,47.1830761]]}},{"type":"Feature","properties":{"highway":"motorway","int_ref":"E 60","lanes":"3","maxspeed":"120","oneway":"yes","ref":"A3","toll":"yes","carriage_ref":"b"},"geometry":{"type":"LineString","coordinates":[[7.9001057,47.5510741],[7.8994217,47.5511012],[7.8975534,47.5511348],[7.8951129,47.5511587],[7.8928074,47.5511666],[7.8905786,47.5511413],[7.889654,47.5511186],[7.8881936,47.5510553],[7.8869662,47.5509703],[7.885727,47.5508495],[7.884558,47.5506981],[7.8843024,47.550665],[7.8832702,47.5505124],[7.8821782,47.5503191],[7.881095,47.5501102],[7.8796596,47.549795]]}},{"type":"Feature","properties":{"highway":"motorway","lanes":"2","maxspeed":"120","oneway":"yes","ref":"A3","toll":"yes","carriage_ref":"b"},"geometry":{"type":"LineString","coordinates":[[8.6033497,47.2443488],[8.6026998,47.2447949],[8.6016212,47.2455543],[8.5998892,47.2467594]]}},{"type":"Feature","properties":{"destination":"Zürich","highway":"motorway","int_ref":"E 60","lanes":"3","lit":"yes","maxspeed":"100","oneway":"yes","ref":"A1;A3","surface":"asphalt","toll":"yes","carriage_ref":"a"},"geometry":{"type":"LineString","coordinates":[[8.3100559,47.4536769],[8.310547,47.4534767],[8.3108045,47.453382],[8.3110713,47.4532935]]}},{"type":"Feature","properties":{"highway":"motorway","lanes":"2","maxspeed":"80","oneway":"yes","ref":"A3","shoulder":"no","surface":"asphalt","toll":"yes","carriage_ref":"b"},"geometry":{"type":"LineString","coordinates":[[9.1335982,47.1260891],[9.1333628,47.1261129]]}},{"type":"Feature","properties":{"highway":"motorway","int_ref":"E 60","lanes":"3","maxspeed":"100","oneway":"yes","ref":"A3","toll":"yes","turn:lanes":"through|through|merge_to_left","carriage_ref":"b"},"geometry":{"type":"LineString","coordinates":[[7.7574452,47.5402077],[7.7560794,47.5398365],[7.7547612,47.5394494],[7.7536657,47.5391045],[7.7532025,47.5389558]]}},{"type":"Feature","properties":{"destination:lanes":"Chur;St. Gallen;Sargans;Glarus|Chur;St. Gallen;Sargans;Glarus|Hinwil;Rapperswil;St. Gallen;Reichenburg","destination:ref:lanes":"A3;A13|A3;A13|A53","highway":"motorway","lanes":"3","maxspeed":"120","oneway":"yes","ref":"A3","toll":"yes","turn:lanes":"none|none|slight_right","carriage_ref":"a"},"geometry":{"type":"LineString","coordinates":[[8.9703828,47.184331],[8.9719199,47.18431]]}},{"type":"Feature","properties":{"avz":"565","bridge":"yes","bridge:name":"Lunnerenbrücke","cs_dir:forward":"1","highway":"motorway","int_ref":"E 41","lanes":"4","layer":"1","lit":"yes","maxspeed":"100","maxspeed:variable":"obstruction","oneway":"yes","overtaking:hgv":"no","placement":"right_of:1","ref":"A3;A4","shoulder:right":"yes","source:maxspeed":"signals","surface":"asphalt","toll":"yes","turn:lanes":"||merge_to_left|merge_to_left","carriage_ref":"a"},"geometry":{"type":"LineString","coordinates":[[8.4272869,47.3476831],[8.427314,47.3476576],[8.4277706,47.347229]]}},{"type":"Feature","properties":{"highway":"motorway","lanes":"2","maxspeed":"100","oneway":"yes","overtaking:hgv":"no","ref":"A3","shoulder:right":"yes","source:maxspeed":"sign","surface":"asphalt","toll":"yes","carriage_ref":"a"},"geometry":{"type":"LineString","coordinates":[[9.1889643,47.1143228],[9.1891987,47.1143383],[9.1894513,47.1143524],[9.1899042,47.1143601],[9.1903601,47.1143547],[9.1909056,47.1143236],[9.1914331,47.1142755],[9.191669,47.1142527]]}},{"type":"Feature","properties":{"highway":"motorway","lanes":"2","maxspeed":"80","oneway":"yes","ref":"A3","toll":"yes","carriage_ref":"b"},"geometry":{"type":"LineString","coordinates":[[9.1700729,47.1174713],[9.1693691,47.1178218],[9.1688738,47.1180331],[9.1683578,47.1182375],[9.1674953,47.118573],[9.1666747,47.1189352],[9.1658356,47.1192975],[9.1653975,47.1194577],[9.1649511,47.1196018],[9.1644684,47.1197387],[9.1640924,47.1198259],[9.1635665,47.1199228],[9.1630269,47.1200183],[9.161342,47.1202791],[9.1604798,47.1204193],[9.1601927,47.1204578],[9.1599338,47.1205009],[9.1596521,47.1205401],[9.1594049,47.1205859],[9.1590895,47.1206533],[9.1587778,47.1207483],[9.158546,47.120823],[9.1583356,47.1209048],[9.1580908,47.1210182],[9.157876,47.1211328],[9.1575071,47.1213416],[9.1570615,47.1215557],[9.1568335,47.1216785],[9.156569,47.1217833],[9.156293,47.1218719],[9.156019,47.1219514],[9.1557434,47.1220206],[9.1554235,47.1220923],[9.1551471,47.1221468],[9.1548437,47.1221912],[9.1545292,47.12222],[9.1542136,47.1222553],[9.1536279,47.1222809],[9.1526527,47.122313]]}},{"type":"Feature","properties":{"change:lanes":"not_left|not_right|no|not_right","highway":"motorway","int_ref":"E 41","lanes":"4","lit":"no","maxspeed":"100","maxspeed:variable":"obstruction","oneway":"yes","placement":"right_of:1","ref":"A3;A4","shoulder":"none","source:maxspeed":"signals","surface":"asphalt","toll":"yes","turn:lanes":"|||merge_to_left","carriage_ref":"a"},"geometry":{"type":"LineString","coordinates":[[8.4204961,47.371321],[8.420675,47.3709218]]}},{"type":"Feature","properties":{"highway":"motorway","int_ref":"E 60","lanes":"3","lit":"no","maxspeed":"120","oneway":"yes","ref":"A1;A3","surface":"asphalt","toll":"yes","carriage_ref":"b"},"geometry":{"type":"LineString","coordinates":[[8.3791787,47.4251747],[8.3780668,47.4255584],[8.3736306,47.4271134]]}},{"type":"Feature","properties":{"highway":"motorway","lanes":"2","maxspeed":"120","oneway":"yes","ref":"A3","shoulder:right":"yes","source:maxspeed":"CH:motorway","surface":"asphalt","toll":"yes","carriage_ref":"a"},"geometry":{"type":"LineString","coordinates":[[9.0587554,47.1310027],[9.059346,47.1307044],[9.0599922,47.1303939],[9.060921,47.1300183],[9.0616808,47.1297569]]}},{"type":"Feature","properties":{"avz":"381","cs_dir:forward":"2","highway":"motorway","int_ref":"E 60","lanes":"3","lit":"no","maxspeed":"100","oneway":"yes","ref":"A1;A3","surface":"asphalt","toll":"yes","turn:lanes":"slight_left|slight_left;slight_right|slight_right","carriage_ref":"b"},"geometry":{"type":"LineString","coordinates":[[8.2553303,47.4496703],[8.2546642,47.4494893],[8.2539369,47.449283],[8.2534779,47.4491462],[8.2530972,47.4490323],[8.2526121,47.4488846],[8.2518388,47.448626],[8.2512295,47.4484021]]}},{"type":"Feature","properties":{"highway":"motorway","int_ref":"E 25;E 35;E 60","lanes":"4","maxspeed":"120","oneway":"yes","ref":"A2;A3","toll":"yes","turn:lanes":"through|through|through|merge_to_left","carriage_ref":"b"},"geometry":{"type":"LineString","coordinates":[[7.6841022,47.5283111],[7.682691,47.5281254],[7.6818724,47.5280214]]}},{"type":"Feature","properties":{"bridge":"yes","highway":"motorway","lanes":"2","layer":"1","maxspeed":"80","oneway":"yes","ref":"A3","toll":"yes","wikidata":"Q96146616","carriage_ref":"b"},"geometry":{"type":"LineString","coordinates":[[9.1165773,47.1252803],[9.1150437,47.1256278]]}},{"type":"Feature","properties":{"destination:lanes":"Chur;Lachen|Chur;Lachen|Pfäffikon;Rapperswil","highway":"motorway","lanes":"3","maxspeed":"120","oneway":"yes","ref":"A3","toll":"yes","turn:lanes":"none|none|slight_right","carriage_ref":"a"},"geometry":{"type":"LineString","coordinates":[[8.7867982,47.197324],[8.7877274,47.1975108],[8.7887909,47.19775],[8.7892693,47.1978713],[8.789772,47.1980101],[8.790493,47.1982125],[8.7912269,47.1984427],[8.7928807,47.1990041],[8.7933835,47.1991747]]}},{"type":"Feature","properties":{"bridge":"yes","highway":"motorway","lanes":"2","layer":"1","maxspeed":"120","oneway":"yes","ref":"A3","toll":"yes","turn:lanes":"none|none|slight_right","carriage_ref":"b"},"geometry":{"type":"LineString","coordinates":[[8.862707,47.1877924],[8.8625347,47.1876384],[8.8623598,47.187496],[8.8621272,47.1873228],[8.8618557,47.1871342]]}},{"type":"Feature","properties":{"highway":"motorway","lanes":"2","maxspeed":"120","oneway":"yes","ref":"A3","toll":"yes","carriage_ref":"b"},"geometry":{"type":"LineString","coordinates":[[8.8966837,47.1930498],[8.8957632,47.1933489],[8.8949745,47.1936437],[8.8939897,47.1940694],[8.8931558,47.1944502]]}},{"type":"Feature","properties":{"bridge":"yes","highway":"motorway","int_ref":"E 60","lanes":"4","layer":"1","lit":"no","maxspeed":"120","oneway":"yes","ref":"A1;A3","surface":"asphalt","toll":"yes","carriage_ref":"a"},"geometry":{"type":"LineString","coordinates":[[8.4081895,47.4201459],[8.4085695,47.4200373]]}},{"type":"Feature","properties":{"destination":"Schweiz;Basel-Wettstein","highway":"motorway","int_ref":"E 25;E 60","lanes":"2","layer":"-1","maxspeed":"60","name":"Horburgtunnel","oneway":"yes","ref":"A3","toll":"yes","tunnel":"yes","tunnel:name":"Horburg","carriage_ref":"a"},"geometry":{"type":"LineString","coordinates":[[7.598547,47.5715912],[7.5987001,47.5719377],[7.5987236,47.5721379],[7.598704,47.5723256],[7.5986405,47.5726371]]}},{"type":"Feature","properties":{"destination":"Chur;Sargans;Glarus","highway":"motorway","lanes":"3","maxspeed":"120","oneway":"yes","placement":"right_of:1","ref":"A3","shoulder:right":"yes","source:maxspeed":"CH:motorway","surface":"asphalt","toll":"yes","turn:lanes":"none|none|merge_to_left","carriage_ref":"a"},"geometry":{"type":"LineString","coordinates":[[8.9828003,47.1830761],[8.9838242,47.1828669],[8.9846902,47.1826721],[8.9851304,47.1825684],[8.9860938,47.1823406]]}},{"type":"Feature","properties":{"bridge":"yes","highway":"motorway","int_ref":"E 60","lanes":"2","layer":"1","maxspeed":"120","oneway":"yes","ref":"A3","toll":"yes","carriage_ref":"b"},"geometry":{"type":"LineString","coordinates":[[7.7982736,47.5448383],[7.797385,47.5447285]]}},{"type":"Feature","properties":{"highway":"motorway","lanes":"3","lit":"yes","maxspeed":"100","oneway":"yes","overtaking:hgv":"no","placement":"right_of:1","ref":"A3","shoulder:right":"yes","source:maxspeed":"sign","surface":"asphalt","toll":"yes","turn:lanes":"||slight_right","carriage_ref":"a"},"geometry":{"type":"LineString","coordinates":[[9.18734,47.1139906],[9.1876736,47.1140926],[9.1879392,47.1141602]]}},{"type":"Feature","properties":{"destination:lanes":"San Bernardino;Chur|San Bernardino;Chur|San Bernardino;Chur|Wollishofen;Adliswil","destination:ref:lanes":"A3|A3|A3|","highway":"motorway","lanes":"4","lit":"yes","maxspeed":"100","oneway":"yes","ref":"A3","toll":"yes","turn:lanes":"merge_to_right|none|none|slight_right","carriage_ref":"a"},"geometry":{"type":"LineString","coordinates":[[8.5273515,47.3315734],[8.5280879,47.3308849]]}},{"type":"Feature","properties":{"highway":"motorway","lanes":"3","maxspeed":"120","oneway":"yes","ref":"A3","toll":"yes","turn:lanes":"none|none|merge_to_left","carriage_ref":"a"},"geometry":{"type":"LineString","coordinates":[[8.7532079,47.1959154],[8.7545231,47.1959829]]}},{"type":"Feature","properties":{"highway":"motorway","lanes":"2","maxspeed":"120","oneway":"yes","ref":"A3","shoulder:right":"yes","source:maxspeed":"CH:motorway","surface":"asphalt","toll":"yes","carriage_ref":"a"},"geometry":{"type":"LineString","coordinates":[[9.4330141,47.0454562],[9.4337168,47.044652],[9.4339487,47.0444044]]}},{"type":"Feature","properties":{"bridge":"yes","description:ref":"A2;A3","destination":"Karlsruhe;Mulhouse;EuroAirport;Basel-Nord","destination:country":"D;F","destination:symbol":"none;none;airport;harbour","highway":"motorway","int_ref":"E 25;E 35;E 60","lanes":"2","layer":"1","maxspeed":"80","oneway":"yes","ref":"A2;A3","surface":"asphalt","toll":"yes","carriage_ref":"b"},"geometry":{"type":"LineString","coordinates":[[7.6173023,47.5443539],[7.6167081,47.5446309],[7.6162425,47.5448778],[7.615941,47.5450864],[7.6156844,47.5452996]]}},{"type":"Feature","properties":{"bridge":"yes","highway":"motorway","lanes":"2","layer":"2","maxspeed":"120","oneway":"yes","ref":"A3","toll":"yes","carriage_ref":"b"},"geometry":{"type":"LineString","coordinates":[[8.6427737,47.2296374],[8.6424939,47.2296885]]}},{"type":"Feature","properties":{"bridge":"yes","highway":"motorway","int_ref":"E 25;E 60","lanes":"2","layer":"2","maxspeed":"60","oneway":"yes","ref":"A3","toll":"yes","turn:lanes":"merge_to_right|none","carriage_ref":"a"},"geometry":{"type":"LineString","coordinates":[[7.5993599,47.5740701],[7.5994852,47.5741056],[7.5996115,47.5741321],[7.5997293,47.5741461],[7.5998706,47.5741556],[7.6000376,47.5741572]]}},{"type":"Feature","properties":{"highway":"motorway","int_ref":"E 60","lanes":"2","maxspeed":"120","oneway":"yes","ref":"A3","toll":"yes","carriage_ref":"a"},"geometry":{"type":"LineString","coordinates":[[8.0716776,47.498959],[8.0722294,47.498831],[8.0727729,47.4986803],[8.0732589,47.4985338],[8.0737624,47.4983621],[8.0741516,47.498219],[8.074576,47.4980504],[8.07505,47.4978358],[8.0756111,47.4975596],[8.076244,47.4972136],[8.0767431,47.4969235],[8.0774445,47.4964828],[8.0779171,47.496168],[8.0785906,47.495696],[8.0791072,47.495305],[8.0797964,47.4947695],[8.0805902,47.4940908],[8.0810065,47.4937217],[8.0815148,47.4932355],[8.0820573,47.492696],[8.0826903,47.4920171],[8.0831327,47.4915211],[8.0835302,47.4910869],[8.0839172,47.4906718],[8.0844628,47.4901379],[8.0848229,47.4898108],[8.0851551,47.4895309],[8.0857114,47.4891061],[8.0862744,47.4887102],[8.0867405,47.4884123],[8.0872498,47.4881096],[8.0878834,47.4877617],[8.0883973,47.4874998],[8.0891486,47.4871524],[8.0900226,47.4867796]]}},{"type":"Feature","properties":{"avz":"607","bridge":"yes","cs_dir:forward":"2","highway":"motorway","lanes":"2","maxspeed":"120","oneway":"yes","ref":"A3","surface":"asphalt","toll":"yes","carriage_ref":"b"},"geometry":{"type":"LineString","coordinates":[[8.5783736,47.2616889],[8.5781723,47.2618708]]}},{"type":"Feature","properties":{"avz":"314","cs_dir:forward":"1","highway":"motorway","lanes":"2","maxspeed":"120","oneway":"yes","ref":"A3","shoulder:right":"yes","source:maxspeed":"CH:motorway","surface":"asphalt","toll":"yes","carriage_ref":"a"},"geometry":{"type":"LineString","coordinates":[[8.9860938,47.1823406],[8.9868271,47.1821548],[8.9875742,47.1819457],[8.9889528,47.1815306],[8.9906185,47.1809722],[8.9920594,47.1804515],[8.9930391,47.1800765],[8.9940406,47.1796562]]}},{"type":"Feature","properties":{"highway":"motorway","lanes":"2","maxspeed":"120","oneway":"yes","ref":"A3","shoulder:right":"yes","source:maxspeed":"CH:motorway","surface":"asphalt","toll":"yes","carriage_ref":"a"},"geometry":{"type":"LineString","coordinates":[[9.3512587,47.0970414],[9.3514297,47.0967512],[9.3516373,47.0963826],[9.3519503,47.095784],[9.3523706,47.0950029],[9.3527428,47.0943822],[9.3530187,47.0939901],[9.3533387,47.0935604],[9.3536922,47.0931302],[9.3541053,47.0926655],[9.354298,47.0924682]]}},{"type":"Feature","properties":{"highway":"motorway","int_ref":"E 25;E 35;E 60","lanes":"4","maxspeed":"120","oneway":"yes","ref":"A2;A3","toll":"yes","turn:lanes":"none|none|none|slight_right","carriage_ref":"b"},"geometry":{"type":"LineString","coordinates":[[7.7195148,47.5275455],[7.7191628,47.527462]]}},{"type":"Feature","properties":{"highway":"motorway","lanes":"2","lit":"no","maxspeed":"120","oneway":"yes","ref":"A3","surface":"asphalt","toll":"yes","carriage_ref":"a"},"geometry":{"type":"LineString","coordinates":[[8.5307603,47.3270057],[8.5309811,47.3265211],[8.5312451,47.3258657],[8.5315235,47.3251658],[8.5317777,47.3244992],[8.5320016,47.3239099],[8.5322232,47.3233607],[8.5324379,47.3228411],[8.5327355,47.3222329],[8.5330099,47.3216898],[8.5333061,47.32117],[8.5336074,47.3206933],[8.5338931,47.3202993],[8.5341938,47.3198863],[8.5345249,47.3194749],[8.5348871,47.3190735],[8.5352828,47.318641],[8.5356839,47.3182453]]}},{"type":"Feature","properties":{"destination":"Niederurnen","highway":"motorway","lanes":"2","maxspeed":"120","oneway":"yes","ref":"A3","shoulder:right":"yes","source:maxspeed":"CH:motorway","surface":"asphalt","toll":"yes","carriage_ref":"a"},"geometry":{"type":"LineString","coordinates":[[9.0364882,47.1505817],[9.0376173,47.1497518],[9.0387976,47.1489181],[9.0399105,47.1480933],[9.0416351,47.1468582],[9.0426624,47.1460976],[9.0434014,47.1455082],[9.0442315,47.1448406],[9.0450951,47.144038],[9.0460903,47.1430729],[9.0467964,47.1422657],[9.0472382,47.1417411],[9.0474692,47.1414148]]}},{"type":"Feature","properties":{"highway":"motorway","lanes":"2","maxspeed":"100","oneway":"yes","ref":"A3","toll":"yes","carriage_ref":"b"},"geometry":{"type":"LineString","coordinates":[[9.2993137,47.1110764],[9.2989824,47.1108996],[9.2987356,47.1107679],[9.2982863,47.1105597],[9.297732,47.1103316],[9.2970831,47.1101018],[9.2964204,47.1099131],[9.2957222,47.1097473],[9.2952065,47.1096524],[9.2945962,47.1095635],[9.2938015,47.1094831],[9.293008,47.1094517]]}},{"type":"Feature","properties":{"avz":"321","cs_dir:forward":"2","highway":"motorway","int_ref":"E 25;E 60","lanes":"2","layer":"-1","maxspeed":"80","name":"Horburgtunnel","oneway":"yes","ref":"A3","toll":"yes","tunnel":"yes","tunnel:name":"Horburg","carriage_ref":"b"},"geometry":{"type":"LineString","coordinates":[[7.5979056,47.5711869],[7.5976733,47.5710934],[7.5974216,47.5710235]]}},{"type":"Feature","properties":{"highway":"motorway","lanes":"2","layer":"-1","maxspeed":"80","oneway":"yes","ref":"A3","surface":"asphalt","toll":"yes","tunnel":"yes","tunnel:alt_name":"Blatt-Wollerau","tunnel:name":"Blatttunnel","carriage_ref":"a"},"geometry":{"type":"LineString","coordinates":[[8.7121555,47.1955808],[8.7132638,47.195371],[8.7139252,47.1952135],[8.7157963,47.194712],[8.7169027,47.1943648],[8.7182538,47.1939278]]}},{"type":"Feature","properties":{"avz":"216","change:lanes":"yes|yes|not_left","destination:lanes":"Zürich;Luzern|Zürich;Luzern|Hinwil;Rapperswil;Reichenburg","destination:ref:lanes":"A3|A3|A53","highway":"motorway","lanes":"3","maxspeed":"120","oneway":"yes","ref":"A3","ssvz":"758N","toll":"yes","turn:lanes":"none|none|slight_right","carriage_ref":"b"},"geometry":{"type":"LineString","coordinates":[[8.983881,47.1829654],[8.9821476,47.1833308]]}},{"type":"Feature","properties":{"highway":"motorway","lanes":"2","maxspeed":"120","oneway":"yes","ref":"A3","toll":"yes","carriage_ref":"a"},"geometry":{"type":"LineString","coordinates":[[8.7270877,47.1916305],[8.7275157,47.1915712],[8.7282375,47.1914863],[8.728842,47.1914331],[8.7296781,47.191387],[8.730195,47.1913818],[8.7308097,47.1913902],[8.7314249,47.1914274],[8.7321594,47.1915022],[8.7330072,47.1916022],[8.7340311,47.1917683],[8.734634,47.1918865],[8.735292,47.1920296],[8.7359939,47.1922116],[8.7366543,47.1923942],[8.7373722,47.1926233],[8.7380187,47.1928467],[8.7390298,47.1932196],[8.7399825,47.1935654],[8.7410346,47.1939115],[8.741529,47.1940551],[8.7421637,47.1942108],[8.7426176,47.1943078],[8.7434536,47.1944409],[8.7444214,47.1945753],[8.7450567,47.1946734],[8.7455454,47.194769],[8.7464138,47.1949664],[8.7475822,47.1952592]]}},{"type":"Feature","properties":{"highway":"motorway","int_ref":"E 60","lanes":"3","lit":"no","maxspeed":"100","oneway":"yes","ref":"A1;A3","signals":"maxspeed=signals","surface":"asphalt","toll":"yes","carriage_ref":"b"},"geometry":{"type":"LineString","coordinates":[[8.2736271,47.4564886],[8.2732514,47.4563436],[8.2728406,47.4561751],[8.2724471,47.4559986],[8.2720432,47.4558232],[8.2716422,47.4556467],[8.2712556,47.4554615],[8.2708772,47.4552762],[8.2704936,47.4550866],[8.2701136,47.4548935],[8.2697357,47.4546991],[8.2687887,47.4542179],[8.2684061,47.4540289],[8.2680263,47.4538412],[8.2675861,47.4536302],[8.2671383,47.4534285]]}},{"type":"Feature","properties":{"highway":"motorway","int_ref":"E 25;E 60","lanes":"2","layer":"-1","maxspeed":"80","name":"Horburgtunnel","oneway":"yes","ref":"A3","toll":"yes","tunnel":"yes","tunnel:name":"Horburg","carriage_ref":"a"},"geometry":{"type":"LineString","coordinates":[[7.5890136,47.570601],[7.591312,47.5706184],[7.5916091,47.5706206],[7.5917424,47.5706214],[7.595038,47.570646],[7.5971761,47.5708362],[7.597506,47.5708828]]}},{"type":"Feature","properties":{"destination":"San Bernardino;Chur","destination:ref":"A 3","highway":"motorway","lanes":"2","lit":"yes","maxspeed":"100","oneway":"yes","ref":"A3","toll":"yes","carriage_ref":"a"},"geometry":{"type":"LineString","coordinates":[[8.5285128,47.3304174],[8.5288078,47.3300992],[8.5291332,47.3297194]]}},{"type":"Feature","properties":{"bridge":"yes","highway":"motorway","int_ref":"E 25;E 35;E 60","lanes":"4","layer":"1","maxspeed":"120","oneway":"yes","ref":"A2;A3","toll":"yes","turn:lanes":"through|through|through|merge_to_left","carriage_ref":"a"},"geometry":{"type":"LineString","coordinates":[[7.7171717,47.5268997],[7.7182511,47.5271169],[7.7192214,47.5273298]]}},{"type":"Feature","properties":{"bridge":"yes","highway":"motorway","int_ref":"E 60","lanes":"4","layer":"1","lit":"no","maxspeed":"120","oneway":"yes","ref":"A1;A3","surface":"asphalt","toll":"yes","carriage_ref":"a"},"geometry":{"type":"LineString","coordinates":[[8.4013982,47.4215776],[8.4021501,47.4214654],[8.402843,47.4213547],[8.4034538,47.4212457]]}},{"type":"Feature","properties":{"bridge":"yes","highway":"motorway","int_ref":"E 60","lanes":"2","layer":"1","maxspeed":"120","oneway":"yes","ref":"A3","toll":"yes","carriage_ref":"a"},"geometry":{"type":"LineString","coordinates":[[7.8647338,47.5465083],[7.8656184,47.5465944],[7.8674123,47.5468309],[7.8685275,47.5470154],[7.8697377,47.547247]]}},{"type":"Feature","properties":{"avz":"220","cs_dir:forward":"1","destination:lanes":"|Zürich;Baden|Bern;Aarau;Luzern;Mägenwil","destination:ref:lanes":"|E60;A1;A3|A1","highway":"motorway","int_ref":"E 60","lanes":"3","maxspeed":"100","oneway":"yes","ref":"A3","ssvz":"1128N","surface":"asphalt","toll":"yes","turn:lanes":"through|through|slight_right","carriage_ref":"a"},"geometry":{"type":"LineString","coordinates":[[8.2420763,47.447621],[8.2430395,47.4473116],[8.2437559,47.44707],[8.2445054,47.4467976]]}},{"type":"Feature","properties":{"highway":"motorway","lanes":"3","maxspeed":"120","oneway":"yes","placement":"right_of:1","ref":"A3","toll":"yes","turn:lanes":"||merge_to_left","carriage_ref":"b"},"geometry":{"type":"LineString","coordinates":[[9.3513688,47.0971742],[9.3510345,47.0977291],[9.3507734,47.098106]]}},{"type":"Feature","properties":{"bridge":"yes","change:lanes":"yes|yes|not_left","destination:country:lanes":"||;;DE;AT;FL","destination:int_ref:lanes":"E 43|E 43|E 43","destination:lanes":"San Bernardino;Chur;Bad Ragaz|San Bernardino;Chur;Bad Ragaz|St. Gallen;St. Margrethen;München;Feldkirch;Vaduz","destination:ref:lanes":"A 13|A 13|A 13","highway":"motorway","lanes":"3","layer":"1","maxspeed":"120","oneway":"yes","placement":"right_of:1","ref":"A3","shoulder:right":"yes","source:maxspeed":"CH:motorway","surface":"asphalt","toll":"yes","turn:lanes":"||slight_right","carriage_ref":"a"},"geometry":{"type":"LineString","coordinates":[[9.4611022,47.0376681],[9.4618338,47.0373685]]}},{"type":"Feature","properties":{"highway":"motorway","int_ref":"E 41","lanes":"2","layer":"-2","lit":"yes","maxspeed":"100","maxspeed:variable":"obstruction","oneway":"yes","overtaking:hgv":"no","ref":"A3;A4","shoulder:right":"yes","source:maxspeed":"signals","surface":"asphalt","toll":"yes","tunnel":"yes","tunnel:name":"Eggraintunnel","carriage_ref":"a"},"geometry":{"type":"LineString","coordinates":[[8.4234925,47.3670712],[8.4237113,47.3666611],[8.4238994,47.3662211],[8.4240322,47.3657776],[8.4240844,47.3654838],[8.4241292,47.3651718],[8.4241544,47.3648572],[8.4241502,47.3645429],[8.424114,47.3641843],[8.4240529,47.3638237],[8.4239538,47.3634661],[8.4238335,47.363107],[8.4235939,47.3624471]]}},{"type":"Feature","properties":{"bridge":"yes","highway":"motorway","lanes":"2","layer":"2","maxspeed":"120","oneway":"yes","ref":"A3","shoulder:right":"yes","source:maxspeed":"CH:motorway","surface":"asphalt","toll":"yes","carriage_ref":"a"},"geometry":{"type":"LineString","coordinates":[[9.4293857,47.0501124],[9.4296275,47.0498688],[9.4298393,47.0496023]]}},{"type":"Feature","properties":{"highway":"motorway","int_ref":"E 25;E 35;E 60","lanes":"3","layer":"-1","maxspeed":"100","oneway":"yes","ref":"A2;A3","toll":"yes","tunnel":"yes","tunnel:name":"Schweizerhalle","carriage_ref":"b"},"geometry":{"type":"LineString","coordinates":[[7.6679625,47.5290397],[7.6656243,47.5297282],[7.6647511,47.530034],[7.6637213,47.5304383],[7.6623473,47.5311828],[7.6604686,47.532876],[7.6591896,47.5339546]]}},{"type":"Feature","properties":{"highway":"motorway","int_ref":"E 25;E 60","lanes":"2","layer":"-1","maxspeed":"80","name":"St. Johanns-Tunnel","oneway":"yes","ref":"A3","toll":"yes","tunnel":"yes","tunnel:alt_name":"St. Johanns","tunnel:name":"St. Johann","carriage_ref":"b"},"geometry":{"type":"LineString","coordinates":[[7.5774964,47.5709745],[7.5753088,47.5711408],[7.5742899,47.5712183]]}},{"type":"Feature","properties":{"destination":"Bern;Basel","highway":"motorway","lanes":"1","lit":"yes","maxspeed":"100","oneway":"yes","ref":"A3","surface":"asphalt","toll":"yes","carriage_ref":"b"},"geometry":{"type":"LineString","coordinates":[[8.4263779,47.4127005],[8.4260062,47.4127983],[8.4257628,47.4128661],[8.4255559,47.4129361],[8.4251559,47.4130774],[8.424839,47.4132076],[8.4244424,47.4133578],[8.4234527,47.4137788],[8.4229247,47.4139735]]}},{"type":"Feature","properties":{"bridge":"yes","highway":"motorway","int_ref":"E 60","lanes":"2","layer":"1","maxspeed":"100","oneway":"yes","overtaking:hgv":"no","ref":"A3","toll":"yes","traffic_sign":"CH:2.45","carriage_ref":"b"},"geometry":{"type":"LineString","coordinates":[[8.1732943,47.4618207],[8.1729474,47.46198],[8.1720963,47.4623182],[8.1716988,47.4624512],[8.1713188,47.4625685],[8.1708644,47.4626965],[8.1702959,47.462829],[8.1696865,47.4629462],[8.1689029,47.463063],[8.1681126,47.463135],[8.1673168,47.4631633],[8.1665301,47.463156],[8.1659102,47.4631292],[8.1653163,47.4630736],[8.1644539,47.4629548],[8.163505,47.4627612],[8.1628289,47.462577],[8.1621142,47.4623463],[8.1615836,47.4621475],[8.1609942,47.4618948],[8.1604337,47.4616314],[8.1599169,47.4613564],[8.1591743,47.460943],[8.1580829,47.4602838]]}},{"type":"Feature","properties":{"bridge":"yes","highway":"motorway","lanes":"2","layer":"1","lit":"yes","maxspeed":"100","oneway":"yes","ref":"A1;A3","surface":"asphalt","toll":"yes","carriage_ref":"a"},"geometry":{"type":"LineString","coordinates":[[8.285219,47.4581935],[8.2864901,47.4583203],[8.2873459,47.4584093],[8.2883638,47.4585047]]}},{"type":"Feature","properties":{"avz":"216","cs_dir:forward":"2","highway":"motorway","lanes":"2","maxspeed":"120","oneway":"yes","ref":"A3","ssvz":"758N","toll":"yes","carriage_ref":"b"},"geometry":{"type":"LineString","coordinates":[[9.0355964,47.1513283],[9.0337453,47.1526803],[9.0310563,47.1546254]]}},{"type":"Feature","properties":{"destination":"Zürich","highway":"motorway","int_ref":"E 60","lanes":"3","lit":"no","maxspeed":"120","oneway":"yes","ref":"A1;A3","surface":"asphalt","toll":"yes","carriage_ref":"a"},"geometry":{"type":"LineString","coordinates":[[8.3459916,47.4397668],[8.3462663,47.4394887],[8.3465528,47.4392162],[8.3468297,47.4389598],[8.3471245,47.4387034],[8.3472947,47.4385625]]}},{"type":"Feature","properties":{"destination":"Bern;Basel;St. Gallen;Westring-Zürich","destination:symbol":"airport","highway":"motorway","lanes":"2","lit":"yes","maxspeed":"100","maxspeed:variable":"obstruction","oneway":"yes","placement":"transition","ref":"A3","toll":"yes","carriage_ref":"b"},"geometry":{"type":"LineString","coordinates":[[8.4598046,47.3436537],[8.4594204,47.343432]]}},{"type":"Feature","properties":{"highway":"motorway","int_ref":"E 60","lanes":"2","maxspeed":"100","oneway":"yes","ref":"A3","toll":"yes","carriage_ref":"a"},"geometry":{"type":"LineString","coordinates":[[7.7682232,47.5423729],[7.7688217,47.5424777],[7.7715096,47.5429617]]}},{"type":"Feature","properties":{"bridge":"yes","destination":"San Bernardino;Chur","destination:ref":"A3","highway":"motorway","lanes":"2","layer":"1","lit":"yes","maxspeed":"80","name":"Zürich Süd","oneway":"yes","ref":"32","toll":"yes","carriage_ref":"a"},"geometry":{"type":"LineString","coordinates":[[8.5168589,47.3438941],[8.5169889,47.3438559],[8.5174193,47.3438382],[8.5179305,47.3438144],[8.5181927,47.3437879],[8.5184585,47.3437553],[8.5186601,47.3437206],[8.5188564,47.3436783],[8.5190014,47.3436411],[8.5191443,47.343599],[8.5193802,47.3435148],[8.5195978,47.3434244],[8.5199042,47.3432622],[8.5201258,47.3431182],[8.5203351,47.3429605],[8.5205501,47.3427846],[8.5207468,47.3425972],[8.5209006,47.342444]]}},{"type":"Feature","properties":{"highway":"motorway","int_ref":"E 41","lanes":"2","lit":"no","maxspeed":"100","oneway":"yes","ref":"A3;A4","shoulder:right":"yes","source:maxspeed":"sign","surface":"asphalt","toll":"yes","carriage_ref":"b"},"geometry":{"type":"LineString","coordinates":[[8.4189279,47.3761112],[8.418757,47.3764866],[8.4185914,47.3767868],[8.4183826,47.3771907],[8.4180714,47.3777474],[8.4175605,47.3786917],[8.4173296,47.379121],[8.4170953,47.3796025],[8.4169257,47.379995],[8.4167643,47.3803877],[8.4166512,47.3807115],[8.4165265,47.3811329],[8.4162936,47.381915],[8.416041,47.3827111],[8.4158895,47.3831055],[8.4157549,47.3834308],[8.4155746,47.3837903],[8.4153584,47.3842002]]}},{"type":"Feature","properties":{"highway":"motorway","lanes":"3","maxspeed":"120","oneway":"yes","ref":"A3","toll":"yes","turn:lanes":"none|none|slight_right","carriage_ref":"a"},"geometry":{"type":"LineString","coordinates":[[8.6706738,47.2135023],[8.6711118,47.2130502],[8.6713864,47.2127754],[8.6714874,47.2126715]]}},{"type":"Feature","properties":{"avz":"216","cs_dir:forward":"2","highway":"motorway","lanes":"2","maxspeed":"120","oneway":"yes","ref":"A3","ssvz":"758N","toll":"yes","carriage_ref":"b"},"geometry":{"type":"LineString","coordinates":[[9.0485784,47.140168],[9.0478954,47.1410989],[9.0473696,47.1417758],[9.0468788,47.1423596],[9.0462083,47.1431239],[9.0452292,47.1441018],[9.044336,47.1449081],[9.0435233,47.1455956],[9.0428105,47.1461653],[9.041738,47.1469513],[9.0400231,47.148166],[9.0388808,47.1489874],[9.0377259,47.1498012],[9.0365204,47.1506583]]}},{"type":"Feature","properties":{"highway":"motorway","lanes":"2","maxspeed":"120","oneway":"yes","ref":"A3","surface":"asphalt","toll":"yes","carriage_ref":"b"},"geometry":{"type":"LineString","coordinates":[[9.4611733,47.0377584],[9.4605783,47.0379584],[9.459899,47.0381603],[9.4593231,47.0382926],[9.4588772,47.0383829]]}},{"type":"Feature","properties":{"avz":"97","cs_dir:forward":"2","highway":"motorway","int_ref":"E 60","lanes":"4","lit":"yes","maxspeed":"100","oneway":"yes","ref":"A1;A3","ssvz":"971N","surface":"asphalt","toll":"yes","turn:lanes":"none|none|none|merge_to_left","carriage_ref":"b"},"geometry":{"type":"LineString","coordinates":[[8.3108519,47.4535022],[8.3106538,47.4535774],[8.3104493,47.4536619],[8.3101642,47.4537917],[8.3100013,47.4538743],[8.3098627,47.453953],[8.3096346,47.4540922],[8.3094133,47.4542466],[8.3092382,47.4543867]]}},{"type":"Feature","properties":{"avz":"341","cs_dir:forward":"1","destination":"Zürich","highway":"motorway","int_ref":"E 60","lanes":"3","lit":"yes","maxspeed":"100","oneway":"yes","ref":"A1;A3","surface":"asphalt","toll":"yes","carriage_ref":"a"},"geometry":{"type":"LineString","coordinates":[[8.3251574,47.4545252],[8.3256275,47.45454],[8.3262717,47.4545719],[8.3272795,47.4546299],[8.3277204,47.4546515],[8.3282079,47.4546678],[8.3286602,47.4546753],[8.3289688,47.4546734],[8.3293071,47.4546639]]}},{"type":"Feature","properties":{"bridge":"yes","highway":"motorway","lanes":"2","layer":"1","maxspeed":"120","oneway":"yes","ref":"A3","toll":"yes","carriage_ref":"b"},"geometry":{"type":"LineString","coordinates":[[8.8715006,47.1953871],[8.8710033,47.1951577]]}},{"type":"Feature","properties":{"avz":"341","cs_dir:forward":"2","highway":"motorway","int_ref":"E 60","lanes":"3","lit":"yes","maxspeed":"100","oneway":"yes","ref":"A1;A3","surface":"asphalt","toll":"yes","carriage_ref":"b"},"geometry":{"type":"LineString","coordinates":[[8.3291247,47.4548089],[8.3288935,47.4548118],[8.32866,47.4548115],[8.3282069,47.4548033],[8.32772,47.4547829],[8.3272713,47.4547582],[8.326264,47.4546953],[8.3256189,47.4546619]]}},{"type":"Feature","properties":{"highway":"motorway","lanes":"3","maxspeed":"80","oneway":"yes","ref":"A3","toll":"yes","turn:lanes":"none|none|merge_to_left","carriage_ref":"b"},"geometry":{"type":"LineString","coordinates":[[9.1748192,47.1165979],[9.1745388,47.116555]]}},{"type":"Feature","properties":{"highway":"motorway","int_ref":"E 60","lanes":"2","maxspeed":"120","oneway":"yes","ref":"A3","toll":"yes","carriage_ref":"a"},"geometry":{"type":"LineString","coordinates":[[7.9554836,47.5407271],[7.9558811,47.5407292],[7.9563155,47.5407401],[7.9570478,47.5407927],[7.957705,47.5408655],[7.9584161,47.5409785]]}},{"type":"Feature","properties":{"highway":"motorway","lanes":"2","maxspeed":"120","oneway":"yes","ref":"A3","toll":"yes","carriage_ref":"b"},"geometry":{"type":"LineString","coordinates":[[8.7985612,47.2006761],[8.7981217,47.2005996],[8.7975787,47.2004993],[8.7962536,47.2001944],[8.7952149,47.1999196]]}},{"type":"Feature","properties":{"highway":"motorway","int_ref":"E 25;E 35;E 60","lanes":"3","maxspeed":"100","oneway":"yes","ref":"A2;A3","toll":"yes","carriage_ref":"a"},"geometry":{"type":"LineString","coordinates":[[7.657121,47.5349996],[7.6581624,47.5344284]]}},{"type":"Feature","properties":{"destination":"St. Gallen;Chur;Luzern","highway":"motorway","int_ref":"E 60","lanes":"3","lit":"yes","maxspeed":"80","oneway":"yes","ref":"A1;A3","surface":"asphalt","toll":"yes","turn:lanes":"slight_left|slight_left|slight_right","carriage_ref":"a"},"geometry":{"type":"LineString","coordinates":[[8.4227913,47.413833],[8.4231683,47.4136221],[8.4237598,47.4133404]]}},{"type":"Feature","properties":{"highway":"motorway","lanes":"3","maxspeed":"120","oneway":"yes","ref":"A3","toll":"yes","turn:lanes":"none|none|merge_to_left","carriage_ref":"b"},"geometry":{"type":"LineString","coordinates":[[8.685485,47.2029302],[8.6847849,47.2030914],[8.6843625,47.2031864],[8.6839364,47.2032956],[8.6832615,47.2034681],[8.6825469,47.2036792],[8.682056,47.2038294]]}},{"type":"Feature","properties":{"highway":"motorway","lanes":"2","maxspeed":"80","oneway":"yes","ref":"A3","shoulder":"yes","surface":"asphalt","toll":"yes","carriage_ref":"b"},"geometry":{"type":"LineString","coordinates":[[9.1333628,47.1261129],[9.1329306,47.1261566],[9.1324833,47.1261907],[9.1323124,47.1261949]]}},{"type":"Feature","properties":{"destination":"Niederurnen","highway":"motorway","lanes":"2","maxspeed":"120","oneway":"yes","ref":"A3","shoulder:right":"yes","source:maxspeed":"CH:motorway","surface":"asphalt","toll":"yes","carriage_ref":"a"},"geometry":{"type":"LineString","coordinates":[[9.0305293,47.1548374],[9.0336467,47.1526134],[9.034698,47.151849]]}},{"type":"Feature","properties":{"highway":"motorway","int_ref":"E 60","lanes":"4","lit":"no","maxspeed":"120","oneway":"yes","ref":"A1;A3","surface":"asphalt","toll":"yes","carriage_ref":"a"},"geometry":{"type":"LineString","coordinates":[[8.4034538,47.4212457],[8.4039869,47.421145],[8.4044431,47.4210518],[8.4049017,47.4209607],[8.4053617,47.4208603],[8.405809,47.4207583],[8.4062571,47.4206549],[8.4067064,47.4205452],[8.4071493,47.4204312],[8.4075934,47.4203124],[8.4079057,47.4202236],[8.4081895,47.4201459]]}},{"type":"Feature","properties":{"highway":"motorway","lanes":"2","maxspeed":"80","oneway":"yes","ref":"A3","toll":"yes","carriage_ref":"b"},"geometry":{"type":"LineString","coordinates":[[9.1948646,47.1139821],[9.1940941,47.1141537],[9.1933754,47.1143531],[9.1920572,47.1147593],[9.1917066,47.1148534],[9.1913399,47.1149314],[9.191093,47.1149694],[9.1907891,47.1150055]]}},{"type":"Feature","properties":{"highway":"motorway","int_ref":"E 60","lanes":"2","maxspeed":"120","oneway":"yes","ref":"A3","toll":"yes","carriage_ref":"b"},"geometry":{"type":"LineString","coordinates":[[8.234085,47.450063],[8.2291906,47.4514813],[8.2280859,47.4517812],[8.2275466,47.4519137],[8.2270545,47.4520261],[8.2263117,47.4521728],[8.225706,47.4522735],[8.2251703,47.4523438],[8.2245256,47.4524306],[8.2240507,47.4524736]]}},{"type":"Feature","properties":{"highway":"motorway","int_ref":"E 60","lanes":"2","maxspeed":"120","oneway":"yes","ref":"A3","toll":"yes","carriage_ref":"b"},"geometry":{"type":"LineString","coordinates":[[7.9640796,47.5414728],[7.9632111,47.541546],[7.9626312,47.5415669],[7.9619736,47.5415605],[7.9612282,47.5415205],[7.9605636,47.5414474],[7.959883,47.5413431],[7.9593646,47.541251],[7.9590347,47.5411958]]}},{"type":"Feature","properties":{"destination:lanes":"|||Neuenhof;Bad Zurzach;Wettingen-Zentrum;Baden-Zentrum","highway":"motorway","int_ref":"E 60","lanes":"4","layer":"-1","lit":"yes","maxheight":"3.1","maxspeed":"100","oneway":"yes","placement":"middle_of:2","ref":"A1;A3","surface":"asphalt","toll":"yes","tunnel":"yes","tunnel:name":"Neuenhof Überdachung","turn:lanes":"through|through|through|right","carriage_ref":"b"},"geometry":{"type":"LineString","coordinates":[[8.3248267,47.4546431],[8.3226917,47.4546903],[8.3213034,47.4547097]]}},{"type":"Feature","properties":{"destination":"Zürich","highway":"motorway","int_ref":"E 60","lanes":"2","lit":"yes","maxspeed":"100","oneway":"yes","ref":"A1;A3","surface":"asphalt","toll":"yes"},"geometry":{"type":"LineString","coordinates":[[8.3037204,47.459325],[8.3039823,47.4592274],[8.304344,47.4590834],[8.3046707,47.4589371],[8.3049862,47.4587794],[8.3052527,47.4586395],[8.3054818,47.4585055],[8.3057256,47.4583585],[8.3059199,47.4582296],[8.3060946,47.4581041],[8.3062585,47.4579852],[8.3064804,47.4578058],[8.3066522,47.4576527],[8.3068096,47.4575001],[8.3069878,47.4572988],[8.3071417,47.4571043],[8.3072955,47.4568768],[8.3074252,47.456666],[8.3075623,47.4563615]]}},{"type":"Feature","properties":{"highway":"motorway","lanes":"2","maxspeed":"120","oneway":"yes","ref":"A3","toll":"yes","carriage_ref":"b"},"geometry":{"type":"LineString","coordinates":[[8.6569174,47.2230028],[8.6561948,47.2235247],[8.6552577,47.2242356],[8.6544754,47.22484],[8.6540282,47.2251625],[8.6535462,47.2254856],[8.6531535,47.2257451],[8.6527764,47.2259813],[8.6523461,47.2262393],[8.651927,47.226476],[8.6515021,47.2267038],[8.6510131,47.2269608]]}},{"type":"Feature","properties":{"highway":"motorway","lanes":"2","maxspeed":"80","oneway":"yes","ref":"A3","toll":"yes","carriage_ref":"b"},"geometry":{"type":"LineString","coordinates":[[9.1745388,47.116555],[9.1742431,47.1165183],[9.1739864,47.116497],[9.1737458,47.1164916]]}},{"type":"Feature","properties":{"highway":"motorway","int_ref":"E 60","lanes":"5","lit":"no","maxspeed":"120","oneway":"yes","ref":"A1;A3","surface":"asphalt","toll":"yes","turn:lanes":"through|through|through|right|right","carriage_ref":"a"},"geometry":{"type":"LineString","coordinates":[[8.3925788,47.4223074],[8.3933549,47.4222549]]}},{"type":"Feature","properties":{"highway":"motorway","int_ref":"E 41","lanes":"2","lit":"no","maxspeed":"100","maxspeed:variable":"obstruction","oneway":"yes","overtaking:hgv":"no","ref":"A3;A4","shoulder:right":"yes","source:maxspeed":"signals","surface":"asphalt","toll":"yes","carriage_ref":"a"},"geometry":{"type":"LineString","coordinates":[[8.4217384,47.36923],[8.4225579,47.3682905]]}},{"type":"Feature","properties":{"avz":"220","cs_dir:forward":"2","highway":"motorway","int_ref":"E 60","lanes":"3","maxspeed":"100","oneway":"yes","ref":"A3","ssvz":"1128N","surface":"asphalt","toll":"yes","turn:lanes":"through|through|merge_to_left","carriage_ref":"b"},"geometry":{"type":"LineString","coordinates":[[8.2455426,47.4469807],[8.2450937,47.4470187],[8.2445916,47.4470853],[8.2441397,47.4471724],[8.2437084,47.4472811],[8.2432805,47.4473981],[8.2409557,47.4480747]]}},{"type":"Feature","properties":{"highway":"motorway","int_ref":"E 60","lanes":"3","lit":"yes","maxspeed":"100","name":"Baregg","oneway":"yes","ref":"A1;A3","surface":"asphalt","toll":"yes","carriage_ref":"b"},"geometry":{"type":"LineString","coordinates":[[8.2887523,47.4590155],[8.288253,47.458952]]}},{"type":"Feature","properties":{"highway":"motorway","lanes":"2","maxspeed":"120","oneway":"yes","ref":"A3","toll":"yes","carriage_ref":"a"},"geometry":{"type":"LineString","coordinates":[[8.6584214,47.2218234],[8.659492,47.2211843],[8.6603376,47.2207112],[8.6615101,47.2200629],[8.6623853,47.2195809],[8.6634947,47.2189359],[8.6639951,47.2186146]]}},{"type":"Feature","properties":{"avz":"314","cs_dir:forward":"2","highway":"motorway","lanes":"2","maxspeed":"120","oneway":"yes","ref":"A3","ssvz":"758N","toll":"yes","carriage_ref":"b"},"geometry":{"type":"LineString","coordinates":[[8.9941081,47.1797544],[8.9931008,47.1801695],[8.9921286,47.1805493],[8.9906802,47.1810688],[8.9889958,47.1816084],[8.9876252,47.1820441],[8.9868888,47.1822496],[8.9861464,47.1824475],[8.9851785,47.1826748],[8.9847319,47.1827742]]}},{"type":"Feature","properties":{"highway":"motorway","lanes":"3","maxspeed":"120","oneway":"yes","placement":"right_of:1","ref":"A3","shoulder:right":"yes","source:maxspeed":"CH:motorway","surface":"asphalt","toll":"yes","turn:lanes":"||merge_to_left","carriage_ref":"a"},"geometry":{"type":"LineString","coordinates":[[9.354298,47.0924682],[9.3547225,47.0920335],[9.3551397,47.0916489],[9.3553734,47.091437]]}},{"type":"Feature","properties":{"bridge":"yes","highway":"motorway","lanes":"3","layer":"1","oneway":"yes","placement":"right_of:1","ref":"A3","toll":"yes","turn:lanes":"||merge_to_left","carriage_ref":"b"},"geometry":{"type":"LineString","coordinates":[[9.3507734,47.098106],[9.3505922,47.0983493]]}},{"type":"Feature","properties":{"bridge":"yes","highway":"motorway","lanes":"2","layer":"2","lit":"yes","maxspeed":"80","oneway":"yes","ref":"A3","toll":"yes","carriage_ref":"b"},"geometry":{"type":"LineString","coordinates":[[8.520685,47.3432795],[8.5204362,47.343423],[8.5201844,47.3435535],[8.5199093,47.3436778],[8.5197732,47.3437336],[8.5196379,47.3437868],[8.5194225,47.3438672],[8.519203,47.343939],[8.5189685,47.3440026],[8.5187327,47.3440566],[8.518365,47.3441253],[8.5181806,47.3441517],[8.5179877,47.3441713]]}},{"type":"Feature","properties":{"destination:lanes":"Urdorf-Süd|Urdorf-Süd;Urdorf-Nord;Schlieren;Dietikon","highway":"motorway","int_ref":"E 41","lanes":"2","lit":"no","maxspeed":"100","maxspeed:variable":"obstruction","oneway":"yes","ref":"A3;A4","shoulder:right":"yes","source:maxspeed":"signals","surface":"asphalt","toll":"yes","carriage_ref":"a"},"geometry":{"type":"LineString","coordinates":[[8.421327,47.4032184],[8.4212126,47.4025866]]}},{"type":"Feature","properties":{"highway":"motorway","int_ref":"E 60","lanes":"3","lit":"no","maxspeed":"120","oneway":"yes","ref":"A1;A3","surface":"asphalt","toll":"yes","carriage_ref":"a"},"geometry":{"type":"LineString","coordinates":[[8.3779761,47.4254359],[8.3788351,47.4251373],[8.3796857,47.4248457],[8.3803496,47.4246262],[8.3811044,47.4243763],[8.3815387,47.4242426],[8.3819754,47.4241122],[8.3824189,47.4239795],[8.3828508,47.4238571],[8.3832873,47.4237375],[8.3839677,47.4235609],[8.3844339,47.423446],[8.3848915,47.4233372],[8.3853549,47.4232359],[8.3860396,47.4230974],[8.3865291,47.4230043],[8.3869789,47.4229259],[8.3877153,47.4228093],[8.388367,47.4227153],[8.3890672,47.4226266],[8.3897704,47.4225478],[8.3904804,47.4224767],[8.3911818,47.4224138]]}},{"type":"Feature","properties":{"change:lanes":"not_left|yes|no","destination:lanes":"Murg|Murg|Weesen;Amden","highway":"motorway","lanes":"3","maxspeed":"120","oneway":"yes","placement":"right_of:1","ref":"A3","shoulder:right":"yes","source:maxspeed":"CH:motorway","surface":"asphalt","toll":"yes","turn:lanes":"||slight_right","carriage_ref":"a"},"geometry":{"type":"LineString","coordinates":[[9.0892339,47.1283686],[9.0896275,47.1283338]]}},{"type":"Feature","properties":{"highway":"motorway","int_ref":"E 60","lanes":"2","layer":"-1","maxspeed":"100","oneway":"yes","overtaking:hgv":"no","ref":"A3","toll":"yes","traffic_sign":"CH:2.45","tunnel":"yes","tunnel:name":"Habsburg","carriage_ref":"b"},"geometry":{"type":"LineString","coordinates":[[8.1889241,47.4530298],[8.1885035,47.4532174],[8.1881458,47.4534091],[8.1746643,47.4611488],[8.1740631,47.4614601],[8.1732943,47.4618207]]}},{"type":"Feature","properties":{"highway":"motorway","int_ref":"E 60","lanes":"2","maxspeed":"100","oneway":"yes","ref":"A3","toll":"yes","carriage_ref":"b"},"geometry":{"type":"LineString","coordinates":[[7.7330395,47.5315268],[7.7317567,47.5311089],[7.7302957,47.5306501],[7.7290528,47.5302931],[7.7280602,47.5300221]]}},{"type":"Feature","properties":{"bridge":"yes","highway":"motorway","int_ref":"E 25;E 35;E 60","lanes":"2","layer":"1","maxspeed":"80","oneway":"yes","ref":"A2;A3","toll":"yes","carriage_ref":"a"},"geometry":{"type":"LineString","coordinates":[[7.6154365,47.5554519],[7.6155993,47.5551379]]}},{"type":"Feature","properties":{"highway":"motorway","lanes":"2","maxspeed":"80","oneway":"yes","ref":"A3","toll":"yes","carriage_ref":"b"},"geometry":{"type":"LineString","coordinates":[[9.1892323,47.1149312],[9.1889577,47.1148698],[9.1886733,47.1147943],[9.1883313,47.1146783],[9.1876114,47.1144653],[9.1873217,47.1144062],[9.1870254,47.1143674],[9.1867139,47.1143368],[9.1864314,47.1143134],[9.1861508,47.1143115],[9.1856486,47.1143338],[9.1853796,47.1143703],[9.1851185,47.114409],[9.1848199,47.114474],[9.1845342,47.1145433],[9.1839413,47.1147546]]}},{"type":"Feature","properties":{"destination":"Karlsruhe;Mulhouse;EuroAirport;Basel-Nord","destination:country":"DE;F","destination:ref":"A 2;A 3","destination:symbol":"airport;harbour","highway":"motorway","int_ref":"E 25;E 35;E 60","lanes":"2","maxspeed":"80","oneway":"yes","ref":"A2;A3","toll":"yes","carriage_ref":"b"},"geometry":{"type":"LineString","coordinates":[[7.6156844,47.5452996],[7.615528,47.5454522],[7.6154061,47.5455924],[7.6152955,47.5457338],[7.6151984,47.5458787],[7.6151128,47.5460339],[7.6150412,47.5461889],[7.614982,47.5463439],[7.6149374,47.5465011],[7.6149056,47.5466632],[7.614889,47.5468277],[7.6148826,47.5469694],[7.6148861,47.547071],[7.6148996,47.5471888],[7.6149269,47.5473563],[7.6149707,47.5475374],[7.6150367,47.5477271],[7.6151337,47.5479952],[7.6152339,47.5482552],[7.6153654,47.5486533]]}},{"type":"Feature","properties":{"highway":"motorway","lanes":"2","maxspeed":"120","oneway":"yes","ref":"A3","shoulder:right":"yes","source:maxspeed":"CH:motorway","surface":"asphalt","toll":"yes","carriage_ref":"a"},"geometry":{"type":"LineString","coordinates":[[8.9940406,47.1796562],[8.9953419,47.1790871],[8.9965959,47.1784731],[8.9980553,47.1777224],[8.9988622,47.1772999],[8.9996147,47.1768735],[9.0004098,47.1763901],[9.0011505,47.1759251],[9.0021157,47.1752943],[9.0030423,47.1746759],[9.0038753,47.1740873],[9.0047957,47.1734189],[9.0058628,47.1726341],[9.0068701,47.1719219]]}},{"type":"Feature","properties":{"bridge":"yes","highway":"motorway","lanes":"3","layer":"1","maxspeed":"80","oneway":"yes","ref":"A3","toll":"yes","turn:lanes":"none|none|slight_right","carriage_ref":"a"},"geometry":{"type":"LineString","coordinates":[[8.7201856,47.1932858],[8.7206548,47.1931314]]}},{"type":"Feature","properties":{"highway":"motorway","int_ref":"E 25;E 60","lanes":"3","layer":"-1","maxspeed":"80","oneway":"yes","ref":"A3","toll":"yes","tunnel":"yes","turn:lanes":"through|through|slight_right","carriage_ref":"b"},"geometry":{"type":"LineString","coordinates":[[7.6036128,47.5711792],[7.6035098,47.5714093],[7.6032175,47.5718393]]}},{"type":"Feature","properties":{"destination":"Bern","highway":"motorway","int_ref":"E 60","lanes":"3","lit":"no","maxspeed":"120","oneway":"yes","ref":"A1;A3","surface":"asphalt","toll":"yes","carriage_ref":"b"},"geometry":{"type":"LineString","coordinates":[[8.3412667,47.4462828],[8.3410473,47.44659],[8.3394565,47.4487574],[8.3384977,47.4500748],[8.3382429,47.4504275]]}},{"type":"Feature","properties":{"destination":"Niederurnen","highway":"motorway","lanes":"3","maxspeed":"120","oneway":"yes","placement":"right_of:1","ref":"A3","shoulder:right":"yes","source:maxspeed":"CH:motorway","surface":"asphalt","toll":"yes","turn:lanes":"||slight_right","carriage_ref":"a"},"geometry":{"type":"LineString","coordinates":[[9.0474692,47.1414148],[9.0477746,47.1410551],[9.0485019,47.1401156]]}},{"type":"Feature","properties":{"bridge":"yes","destination:ref":"A 3","highway":"motorway","lanes":"2","layer":"1","lit":"yes","maxspeed":"100","name":"Zürich Süd","oneway":"yes","ref":"32","toll":"yes","carriage_ref":"a"},"geometry":{"type":"LineString","coordinates":[[8.5209006,47.342444],[8.5211627,47.3421401],[8.5214371,47.3417767],[8.5216759,47.341398],[8.521811,47.3411473],[8.5219237,47.3408938],[8.5220744,47.3404825],[8.5221401,47.3403773]]}},{"type":"Feature","properties":{"highway":"motorway","lanes":"2","maxspeed":"100","oneway":"yes","ref":"A3","toll":"yes","carriage_ref":"a"},"geometry":{"type":"LineString","coordinates":[[8.8181304,47.1925578],[8.8187452,47.1922928],[8.8193439,47.1920574],[8.8200058,47.1918517],[8.8205266,47.1917052],[8.8211397,47.1915628],[8.8219093,47.1914223],[8.8225274,47.1913283],[8.8252339,47.1910088]]}},{"type":"Feature","properties":{"destination":"Bern;Luzern;Basel","highway":"motorway","int_ref":"E 60","lanes":"2","maxspeed":"100","oneway":"yes","ref":"A3","toll":"yes","carriage_ref":"b"},"geometry":{"type":"LineString","coordinates":[[7.7725866,47.5432577],[7.7718969,47.5431441],[7.7684785,47.5425316],[7.7659789,47.5420457]]}},{"type":"Feature","properties":{"highway":"motorway","int_ref":"E 60","lanes":"2","maxspeed":"120","oneway":"yes","ref":"A3","toll":"yes","carriage_ref":"b"},"geometry":{"type":"LineString","coordinates":[[8.02877,47.5067976],[8.027445,47.5076077],[8.0257234,47.5087326],[8.0240543,47.5098901]]}},{"type":"Feature","properties":{"highway":"motorway","int_ref":"E 60","lanes":"2","maxspeed":"120","oneway":"yes","ref":"A3","source":"AGIS OF2011","toll":"yes","carriage_ref":"a"},"geometry":{"type":"LineString","coordinates":[[7.9226288,47.5444313],[7.9232519,47.5445119],[7.9238629,47.5446099],[7.9248607,47.5447785],[7.9256939,47.5449139],[7.9263157,47.5450049],[7.92698,47.5450827],[7.9276227,47.5451477],[7.9282395,47.5451998],[7.9286534,47.5452223],[7.9289656,47.5452346],[7.9296719,47.5452598],[7.9303561,47.5452701],[7.931186,47.5452643],[7.9328784,47.5451889],[7.9338864,47.5451031],[7.9345696,47.5450253],[7.9350064,47.5449667],[7.9356774,47.5448418],[7.9358759,47.544795],[7.9361689,47.5447207],[7.9364774,47.5446357],[7.936762,47.5445406],[7.9373008,47.5443181],[7.9378394,47.5440669],[7.9388347,47.5436203],[7.9391986,47.5434838],[7.9395681,47.5433577]]}},{"type":"Feature","properties":{"highway":"motorway","int_ref":"E 25;E 35;E 60","lanes":"4","layer":"-2","maxspeed":"80","name":"Schwarzwaldtunnel","oneway":"yes","ref":"A2;A3","toll":"yes","tunnel":"yes","tunnel:name":"Schwarzwald","turn:lanes":"through|through|through|merge_to_left","carriage_ref":"a"},"geometry":{"type":"LineString","coordinates":[[7.6029757,47.5717561],[7.6036655,47.570802]]}},{"type":"Feature","properties":{"highway":"motorway","int_ref":"E 60","lanes":"3","lit":"no","maxspeed":"120","oneway":"yes","ref":"A1;A3","surface":"asphalt","toll":"yes","carriage_ref":"a"},"geometry":{"type":"LineString","coordinates":[[8.3630926,47.4307463],[8.3634578,47.4305908],[8.3638315,47.4304381],[8.3642457,47.4302769],[8.3646646,47.4301197],[8.3655352,47.4298021],[8.3674669,47.4291237],[8.3692123,47.4285127],[8.371138,47.4278364],[8.37321,47.4271082],[8.3779761,47.4254359]]}},{"type":"Feature","properties":{"destination":"Bern","highway":"motorway","int_ref":"E 60","lanes":"3","lit":"no","maxspeed":"120","oneway":"yes","ref":"A1;A3","surface":"asphalt","toll":"yes","carriage_ref":"b"},"geometry":{"type":"LineString","coordinates":[[8.3350658,47.4534043],[8.3349077,47.4534891],[8.3347452,47.4535715],[8.3344766,47.4536946],[8.3342663,47.4537871],[8.3340497,47.453876],[8.3338496,47.4539534],[8.3336444,47.4540281],[8.3334279,47.4541026],[8.333208,47.4541744],[8.3328638,47.4542737],[8.3326078,47.4543407]]}},{"type":"Feature","properties":{"bridge":"yes","highway":"motorway","lanes":"2","layer":"2","maxspeed:type":"CH:motorway","oneway":"yes","ref":"A3","surface":"asphalt","toll":"yes","carriage_ref":"a"},"geometry":{"type":"LineString","coordinates":[[8.555227,47.2861123],[8.5553596,47.2860116]]}},{"type":"Feature","properties":{"avz":"220","cs_dir:forward":"1","destination:lanes":"Zürich;Baden|Bern;Aarau","destination:ref:lanes":"E60;A1;A3|A1","highway":"motorway","int_ref":"E 60","lanes":"2","maxspeed":"100","oneway":"yes","ref":"A3","ssvz":"1128N","surface":"asphalt","toll":"yes","carriage_ref":"a"},"geometry":{"type":"LineString","coordinates":[[8.2374063,47.4489949],[8.2393071,47.4484376],[8.2408874,47.4479823],[8.2415759,47.4477774],[8.2420763,47.447621]]}},{"type":"Feature","properties":{"highway":"motorway","lanes":"2","maxspeed":"100","oneway":"yes","ref":"A3","toll":"yes","carriage_ref":"a"},"geometry":{"type":"LineString","coordinates":[[8.8330908,47.1900354],[8.834122,47.1898703],[8.8351325,47.1896909],[8.8358888,47.1895393],[8.8367319,47.1893516],[8.837607,47.1891355],[8.8384681,47.1888966]]}},{"type":"Feature","properties":{"highway":"motorway","int_ref":"E 25;E 35;E 60","lanes":"3","maxspeed":"120","oneway":"yes","ref":"A2;A3","toll":"yes","carriage_ref":"a"},"geometry":{"type":"LineString","coordinates":[[7.6341898,47.5406099],[7.6358818,47.5403451],[7.6366685,47.5402154]]}},{"type":"Feature","properties":{"highway":"motorway","lanes":"3","maxspeed":"120","oneway":"yes","ref":"A3","toll":"yes","turn:lanes":"none|none|slight_right","carriage_ref":"a"},"geometry":{"type":"LineString","coordinates":[[8.7475822,47.1952592],[8.7481395,47.19539],[8.7486376,47.1954944],[8.7491559,47.1955762]]}},{"type":"Feature","properties":{"highway":"motorway","lanes":"2","maxspeed:type":"CH:motorway","oneway":"yes","ref":"A3","surface":"asphalt","toll":"yes","carriage_ref":"a"},"geometry":{"type":"LineString","coordinates":[[8.551743,47.2892019],[8.5521893,47.2886738],[8.5526334,47.2882318],[8.5530922,47.2878052],[8.5533227,47.2876038],[8.5537174,47.2872696],[8.5541283,47.2869391],[8.5546698,47.286521],[8.555227,47.2861123]]}},{"type":"Feature","properties":{"avz":"565","cs_dir:forward":"1","highway":"motorway","int_ref":"E 41","lanes":"3","lit":"yes","maxspeed":"100","maxspeed:variable":"obstruction","oneway":"yes","overtaking:hgv":"no","placement":"right_of:1","ref":"A3;A4","shoulder:right":"yes","source:maxspeed":"signals","surface":"asphalt","toll":"yes","turn:lanes":"||merge_to_left","carriage_ref":"a"},"geometry":{"type":"LineString","coordinates":[[8.4277706,47.347229],[8.4279792,47.3469961],[8.4282082,47.3467405]]}},{"type":"Feature","properties":{"avz":"577","cs_dir:forward":"2","highway":"motorway","lanes":"3","layer":"-2","lit":"yes","maxspeed":"100","oneway":"yes","ref":"A3","toll":"yes","tunnel":"yes","tunnel:alt_name":"Üetlibergtunnel","tunnel:name":"Uetlibergtunnel","turn:lanes":"none|none|merge_to_left","carriage_ref":"b"},"geometry":{"type":"LineString","coordinates":[[8.5149797,47.3443191],[8.5134262,47.3443875],[8.5126501,47.3444382],[8.5118845,47.3445169],[8.510925,47.3446429],[8.5099675,47.3447865],[8.5079891,47.3450805]]}},{"type":"Feature","properties":{"highway":"motorway","int_ref":"E 60","lanes":"3","lit":"no","maxspeed":"120","oneway":"yes","ref":"A1;A3","surface":"asphalt","toll":"yes","carriage_ref":"b"},"geometry":{"type":"LineString","coordinates":[[8.4012629,47.4217549],[8.4006897,47.421834],[8.4002473,47.42189],[8.3998014,47.4219402],[8.3992075,47.4220039],[8.3985809,47.4220633],[8.3978691,47.4221214],[8.3971579,47.4221741],[8.3964445,47.4222198],[8.3957458,47.422262],[8.3949064,47.422313],[8.3940691,47.4223612],[8.3935197,47.4223954]]}},{"type":"Feature","properties":{"bridge":"yes","highway":"motorway","int_ref":"E 60","lanes":"2","layer":"1","maxspeed":"120","oneway":"yes","ref":"A3","toll":"yes","carriage_ref":"a"},"geometry":{"type":"LineString","coordinates":[[7.9052361,47.5501448],[7.9054008,47.5500951]]}},{"type":"Feature","properties":{"highway":"motorway","int_ref":"E 60","lanes":"2","maxspeed":"120","oneway":"yes","ref":"A3","toll":"yes","carriage_ref":"b"},"geometry":{"type":"LineString","coordinates":[[8.2225917,47.4525479],[8.2215864,47.4525383],[8.2205605,47.4524923],[8.219953,47.4524449],[8.2192077,47.4523674]]}},{"type":"Feature","properties":{"bridge":"yes","destination:lanes":"Luzern;Bern;Zürich;Delemont;Basel-Sud|Luzern;Bern;Zürich;Delemont;Basel-Sud;Dreispitz-Freilager;birsfelden|Basel-Wettstein;Grenzach-Wyhlen;Bad.Bahnhof;Polizei","highway":"motorway","int_ref":"E 25;E 35;E 60","lanes":"3","layer":"1","maxspeed":"80","oneway":"yes","ref":"A2;A3","toll":"yes","turn:lanes":"through|through|slight_right","carriage_ref":"a"},"geometry":{"type":"LineString","coordinates":[[7.6082811,47.5651466],[7.6086122,47.5647618],[7.6088014,47.5645232]]}},{"type":"Feature","properties":{"avz":"299","cs_dir:forward":"1","highway":"motorway","lanes":"2","maxspeed":"120","oneway":"yes","ref":"A3","toll":"yes","carriage_ref":"a"},"geometry":{"type":"LineString","coordinates":[[8.6937986,47.2005681],[8.6949646,47.2001333],[8.6961847,47.1996409],[8.6970494,47.19926],[8.6975455,47.1990387],[8.6980293,47.1988],[8.6989647,47.198352],[8.7000766,47.1978158]]}},{"type":"Feature","properties":{"covered":"yes","destination":"Zürich","highway":"motorway","int_ref":"E 60","lanes":"3","lit":"no","maxspeed":"120","oneway":"yes","ref":"A1;A3","surface":"asphalt","toll":"yes","carriage_ref":"a"},"geometry":{"type":"LineString","coordinates":[[8.3472947,47.4385625],[8.3474301,47.4384503],[8.3474908,47.4384041]]}},{"type":"Feature","properties":{"avz":"318","cs_dir:forward":"2","highway":"motorway","lanes":"3","maxspeed":"120","oneway":"yes","placement":"right_of:1","ref":"A3","toll":"yes","turn:lanes":"||merge_to_left","carriage_ref":"b"},"geometry":{"type":"LineString","coordinates":[[9.4326889,47.046015],[9.4321945,47.0466433],[9.4315944,47.0474625]]}},{"type":"Feature","properties":{"highway":"motorway","lanes":"2","maxspeed":"80","oneway":"yes","ref":"A3","toll":"yes","tunnel":"yes","tunnel:name":"Glattwand","carriage_ref":"b"},"geometry":{"type":"LineString","coordinates":[[9.1523813,47.1223191],[9.150869,47.1223528]]}},{"type":"Feature","properties":{"destination":"Zürich City|Zürich City | St. Gallen;Flughafen;Nordring Zürich| Flughafen;Nordring Zürich| Urdorf Chur","destination:lanes":"Zürich City|Zürich City | St. Gallen;Flughafen;Nordring Zürich| Flughafen;Nordring Zürich| Urdorf Chur","highway":"motorway","int_ref":"E 60","lanes":"5","lit":"yes","maxspeed":"100","oneway":"yes","ref":"A1;A3","surface":"asphalt","toll":"yes","turn:lanes":"slight_left|slight_left|slight_right|slight_right|slight_right","carriage_ref":"a"},"geometry":{"type":"LineString","coordinates":[[8.4190802,47.4156159],[8.4196625,47.4153226],[8.420109,47.4151046],[8.4208468,47.4147411],[8.4212376,47.4145516],[8.421632,47.4143639],[8.4222661,47.4140605],[8.4227913,47.413833]]}},{"type":"Feature","properties":{"highway":"motorway","lanes":"3","maxspeed":"120","oneway":"yes","ref":"A3","toll":"yes","turn:lanes":"none|none|merge_to_left","carriage_ref":"b"},"geometry":{"type":"LineString","coordinates":[[8.6297175,47.2308701],[8.6290519,47.2309348],[8.6285052,47.2309956],[8.6278843,47.2310762]]}},{"type":"Feature","properties":{"highway":"motorway","int_ref":"E 25;E 60","lanes":"2","layer":"-1","maxspeed":"80","name":"Dreirosenbrücke","oneway":"yes","ref":"A3","surface":"asphalt","toll":"yes","tunnel":"yes","tunnel:name":"Dreirosenbrücke","carriage_ref":"b"},"geometry":{"type":"LineString","coordinates":[[7.5868789,47.5707929],[7.5831593,47.5708342]]}},{"type":"Feature","properties":{"highway":"motorway","int_ref":"E 25;E 35;E 60","lanes":"4","maxspeed":"120","oneway":"yes","ref":"A2;A3","toll":"yes","turn:lanes":"through|through|through|slight_right","carriage_ref":"a"},"geometry":{"type":"LineString","coordinates":[[7.6795756,47.5275899],[7.6804728,47.5277012],[7.6816412,47.5278583],[7.6823803,47.5279551],[7.683101,47.528045]]}},{"type":"Feature","properties":{"highway":"motorway","lanes":"2","maxspeed":"100","oneway":"yes","ref":"A3","toll":"yes","carriage_ref":"b"},"geometry":{"type":"LineString","coordinates":[[9.2617068,47.1135019],[9.2609651,47.1133772],[9.2601359,47.1131992],[9.259488,47.1129985],[9.2588358,47.1127747],[9.2582741,47.1125305]]}},{"type":"Feature","properties":{"bridge":"yes","destination":"Luzern;Bern;Zürich;Delemont;Basel-Sud","destination:lanes":"Luzern;Bern;Zürich;Delemont;Basel-Sud","destination:ref":"A 2;A3","highway":"motorway","int_ref":"E 25;E 35;E 60","lanes":"2","layer":"1","maxspeed":"80","oneway":"yes","ref":"A2;A3","toll":"yes","carriage_ref":"a"},"geometry":{"type":"LineString","coordinates":[[7.6088014,47.5645232],[7.609162,47.5641036],[7.6093215,47.5638985]]}},{"type":"Feature","properties":{"change:lanes":"not_left|yes|no","destination:lanes":"Urdorf-Süd|Urdorf-Süd|Urdorf-Nord;Schlieren;Dietikon","highway":"motorway","int_ref":"E 41","lanes":"3","lit":"yes","maxspeed":"100","maxspeed:variable":"obstruction","oneway":"yes","overtaking:hgv":"no","placement":"right_of:1","ref":"A3;A4","shoulder:right":"yes","source:maxspeed":"signals","surface":"asphalt","toll":"yes","turn:lanes":"none|none|slight_right","carriage_ref":"a"},"geometry":{"type":"LineString","coordinates":[[8.4193775,47.396279],[8.419188,47.3960436],[8.4188824,47.3956991],[8.418356,47.3951594],[8.4178693,47.3946883]]}},{"type":"Feature","properties":{"highway":"motorway","lanes":"2","layer":"-1","lit":"24/7","maxspeed":"100","oneway":"yes","overtaking:hgv":"no","ref":"A3","shoulder":"none","source:maxspeed":"sign","surface":"asphalt","toll":"yes","tunnel":"yes","tunnel:alt_name":"Hof Süd","tunnel:name":"Hof","carriage_ref":"a"},"geometry":{"type":"LineString","coordinates":[[9.2856416,47.109815],[9.2882778,47.1095299],[9.2906089,47.1093049],[9.2917488,47.1092299],[9.2929379,47.1092175]]}},{"type":"Feature","properties":{"highway":"motorway","lanes":"2","maxspeed":"120","oneway":"yes","ref":"A3","shoulder:right":"yes","source:maxspeed":"CH:motorway","surface":"asphalt","toll":"yes","carriage_ref":"a"},"geometry":{"type":"LineString","coordinates":[[9.0663634,47.1288998],[9.0666612,47.1288843],[9.0670438,47.1288696],[9.0677539,47.1288437]]}},{"type":"Feature","properties":{"covered":"yes","highway":"motorway","int_ref":"E 25;E 35;E 60","lanes":"3","maxspeed":"120","oneway":"yes","ref":"A2;A3","toll":"yes","carriage_ref":"b"},"geometry":{"type":"LineString","coordinates":[[7.7008795,47.5274253],[7.7006205,47.5274886]]}},{"type":"Feature","properties":{"highway":"motorway","int_ref":"E 60","lanes":"2","oneway":"yes","ref":"A3","toll":"yes","carriage_ref":"b"},"geometry":{"type":"LineString","coordinates":[[7.7280602,47.5300221],[7.7270507,47.5296671]]}},{"type":"Feature","properties":{"bridge":"yes","highway":"motorway","int_ref":"E 60","lanes":"2","layer":"1","maxspeed":"100","oneway":"yes","ref":"A3","surface":"asphalt","toll":"yes","carriage_ref":"b"},"geometry":{"type":"LineString","coordinates":[[8.2493841,47.4476516],[8.2487302,47.4473855]]}},{"type":"Feature","properties":{"bridge":"yes","destination:lanes":"Luzern;Bern;Zürich;Delemont;Basel-City|Luzern;Bern;Zürich;Delemont;Basel-City|Basel-Breite;Birsfelden;","highway":"motorway","int_ref":"E 25;E 35;E 60","lanes":"3","layer":"1","maxspeed":"80","oneway":"yes","ref":"A2;A3","toll":"yes","turn:lanes":"through|through|slight_right","carriage_ref":"a"},"geometry":{"type":"LineString","coordinates":[[7.6113463,47.5616094],[7.6116134,47.5612677],[7.6118024,47.5610053],[7.6127286,47.5596688],[7.6131727,47.5590129]]}},{"type":"Feature","properties":{"avz":"53","cs_dir:forward":"2","highway":"motorway","lanes":"2","maxspeed":"120","oneway":"yes","ref":"A3","ssvz":"80N","toll":"yes","carriage_ref":"b"},"geometry":{"type":"LineString","coordinates":[[9.1023733,47.12703],[9.1009152,47.1270391],[9.1002842,47.1270435],[9.099719,47.1270644],[9.0990955,47.1271006],[9.0983014,47.1271774]]}},{"type":"Feature","properties":{"avz":"216","cs_dir:forward":"2","highway":"motorway","lanes":"3","maxspeed":"120","oneway":"yes","placement":"right_of:1","ref":"A3","ssvz":"758N","toll":"yes","turn:lanes":"||slight_right","carriage_ref":"b"},"geometry":{"type":"LineString","coordinates":[[9.0541021,47.1341821],[9.0534076,47.134779],[9.0526348,47.1354655]]}},{"type":"Feature","properties":{"highway":"motorway","int_ref":"E 60","lanes":"3","lit":"no","maxspeed":"100","oneway":"yes","ref":"A1;A3","signals":"maxspeed=signals","surface":"asphalt","toll":"yes","turn:lanes":"slight_left|slight_left;slight_right|slight_right","carriage_ref":"b"},"geometry":{"type":"LineString","coordinates":[[8.2657447,47.4528292],[8.2652341,47.4526272],[8.2646778,47.4524111],[8.264244,47.4522439],[8.2637965,47.4520803],[8.2629597,47.4517831],[8.2623308,47.4515731],[8.2618984,47.451431],[8.2614624,47.4512943],[8.2608235,47.4511017],[8.2599474,47.4508542],[8.259112,47.4506328]]}},{"type":"Feature","properties":{"bridge":"yes","highway":"motorway","int_ref":"E 25;E 35;E 60","lanes":"2","layer":"1","maxspeed":"80","oneway":"yes","ref":"A2;A3","toll":"yes","carriage_ref":"a"},"geometry":{"type":"LineString","coordinates":[[7.6093215,47.5638985],[7.6095147,47.5636564],[7.6099541,47.5631056],[7.6105192,47.5625076],[7.6107777,47.5622261]]}},{"type":"Feature","properties":{"bridge":"yes","highway":"motorway","int_ref":"E 60","lanes":"3","layer":"1","lit":"no","maxspeed":"120","oneway":"yes","ref":"A1;A3","surface":"asphalt","toll":"yes","carriage_ref":"a"},"geometry":{"type":"LineString","coordinates":[[8.3487325,47.4375388],[8.3491531,47.4372799]]}},{"type":"Feature","properties":{"highway":"motorway","int_ref":"E 60","lanes":"3","maxspeed":"120","oneway":"yes","ref":"A3","toll":"yes","turn:lanes":"none|none|slight_right","carriage_ref":"b"},"geometry":{"type":"LineString","coordinates":[[7.9904079,47.53635],[7.9897521,47.5368136]]}},{"type":"Feature","properties":{"highway":"motorway","lanes":"2","maxspeed":"120","oneway":"yes","ref":"A3","toll":"yes","carriage_ref":"b"},"geometry":{"type":"LineString","coordinates":[[8.6696725,47.2146347],[8.6691627,47.2150726],[8.6686189,47.215531],[8.667835,47.2161594],[8.6670568,47.2167443],[8.6663413,47.2172631],[8.6658887,47.2175737],[8.6654036,47.2179057],[8.6649612,47.2181912],[8.664215,47.2186633]]}},{"type":"Feature","properties":{"avz":"53","cs_dir:forward":"2","highway":"motorway","lanes":"3","maxspeed":"120","oneway":"yes","placement":"right_of:1","ref":"A3","ssvz":"80N","toll":"yes","turn:lanes":"||slight_right","carriage_ref":"b"},"geometry":{"type":"LineString","coordinates":[[9.0983014,47.1271774],[9.098192,47.1271898]]}},{"type":"Feature","properties":{"highway":"motorway","int_ref":"E 60","lanes":"2","maxspeed":"120","oneway":"yes","ref":"A3","toll":"yes","carriage_ref":"b"},"geometry":{"type":"LineString","coordinates":[[8.090037,47.4868963],[8.0892694,47.4872248],[8.0885125,47.4875762],[8.0879919,47.4878331],[8.0873346,47.4881931],[8.0868042,47.4885063],[8.0863542,47.4888018],[8.0857489,47.4892365],[8.0852999,47.4895815],[8.0849088,47.4899063],[8.0845375,47.4902427],[8.0840657,47.4907136],[8.0836809,47.4911144],[8.0832443,47.491599],[8.0827053,47.4921983],[8.0821891,47.4927474],[8.081597,47.4933379],[8.0811265,47.4937916],[8.0807269,47.4941435],[8.0799233,47.4948274],[8.0793362,47.4952815],[8.078727,47.4957438],[8.0780845,47.4962025],[8.0775611,47.4965507],[8.0768661,47.4969861],[8.0763238,47.4973031],[8.0757824,47.4975964],[8.0752337,47.4978771],[8.0747477,47.4980978],[8.0741867,47.498325],[8.0736387,47.4985247],[8.0730761,47.4987044],[8.0726054,47.4988445],[8.0721361,47.498963]]}},{"type":"Feature","properties":{"highway":"motorway","int_ref":"E 60","lanes":"3","lit":"no","maxspeed":"100","oneway":"yes","ref":"A1;A3","signals":"maxspeed=signals","surface":"asphalt","toll":"yes","carriage_ref":"b"},"geometry":{"type":"LineString","coordinates":[[8.2667608,47.4532663],[8.2662686,47.4530498],[8.2657447,47.4528292]]}},{"type":"Feature","properties":{"highway":"motorway","int_ref":"E 41","lanes":"2","lit":"yes","maxspeed":"100","maxspeed:variable":"obstruction","oneway":"yes","ref":"A3;A4","shoulder:right":"yes","smoothness":"good","source:maxspeed":"signals","surface":"asphalt","toll":"yes","carriage_ref":"a"},"geometry":{"type":"LineString","coordinates":[[8.417307,47.3941428],[8.416641,47.3934654],[8.4159889,47.392803],[8.4154054,47.3920999],[8.4151455,47.3917808],[8.4149245,47.391456]]}},{"type":"Feature","properties":{"bridge":"yes","highway":"motorway","int_ref":"E 60","lanes":"2","layer":"1","lit":"yes","maxspeed":"100","oneway":"yes","ref":"A1;A3","surface":"asphalt","toll":"yes"},"geometry":{"type":"LineString","coordinates":[[8.2854684,47.4584374],[8.2882357,47.4587713]]}},{"type":"Feature","properties":{"highway":"motorway","int_ref":"E 41","lanes":"2","lit":"no","maxspeed":"100","oneway":"yes","ref":"A3;A4","source:maxspeed":"sign","toll":"yes","carriage_ref":"b"},"geometry":{"type":"LineString","coordinates":[[8.4227313,47.3683483],[8.4218913,47.3692958],[8.4216047,47.3696799],[8.4214714,47.3698534],[8.4212781,47.3701563],[8.421084,47.3705023]]}},{"type":"Feature","properties":{"highway":"motorway","int_ref":"E 41","lanes":"2","lit":"yes","maxspeed":"100","oneway":"yes","ref":"A3;A4","source:maxspeed":"sign","toll":"yes","carriage_ref":"b"},"geometry":{"type":"LineString","coordinates":[[8.4285759,47.3469199],[8.4283336,47.3471591],[8.4281418,47.3473485]]}},{"type":"Feature","properties":{"highway":"motorway","lanes":"2","maxspeed":"100","oneway":"yes","ref":"A3","toll":"yes","carriage_ref":"b"},"geometry":{"type":"LineString","coordinates":[[8.7194619,47.193698],[8.7183811,47.1940845]]}},{"type":"Feature","properties":{"bridge":"yes","highway":"motorway","int_ref":"E 60","lanes":"3","layer":"1","lit":"no","maxspeed":"120","oneway":"yes","ref":"A1;A3","toll":"yes","carriage_ref":"b"},"geometry":{"type":"LineString","coordinates":[[8.3558396,47.4344894],[8.3538412,47.4352734]]}},{"type":"Feature","properties":{"highway":"motorway","lanes":"2","maxspeed":"100","oneway":"yes","ref":"A3","toll":"yes","carriage_ref":"b"},"geometry":{"type":"LineString","coordinates":[[9.203916,47.1125532],[9.2030976,47.1127982],[9.202281,47.1130135],[9.2018277,47.1131147],[9.2013508,47.113209],[9.200302,47.1133781],[9.1996451,47.1134673]]}},{"type":"Feature","properties":{"bridge":"yes","highway":"motorway","lanes":"3","layer":"1","maxspeed":"100","oneway":"yes","placement":"right_of:1","ref":"A3","toll":"yes","turn:lanes":"||merge_to_left","carriage_ref":"b"},"geometry":{"type":"LineString","coordinates":[[9.3240929,47.1151233],[9.3233212,47.11499]]}},{"type":"Feature","properties":{"avz":"607","bridge":"yes","cs_dir:forward":"2","highway":"motorway","lanes":"2","maxspeed":"120","oneway":"yes","ref":"A3","surface":"asphalt","toll":"yes","carriage_ref":"b"},"geometry":{"type":"LineString","coordinates":[[8.5978559,47.2481711],[8.5976279,47.2483306]]}},{"type":"Feature","properties":{"highway":"motorway","lanes":"2","maxspeed":"120","oneway":"yes","ref":"A3","shoulder:right":"yes","source:maxspeed":"CH:motorway","surface":"asphalt","toll":"yes","carriage_ref":"a"},"geometry":{"type":"LineString","coordinates":[[9.3272308,47.1153688],[9.3280083,47.1153896],[9.3287324,47.1153845],[9.3295509,47.1153465],[9.3302326,47.115291],[9.3310402,47.115187],[9.3317874,47.1150771],[9.3324885,47.1149389],[9.3332285,47.114761],[9.3337412,47.114623],[9.3345257,47.1143793],[9.3352885,47.1141094],[9.3358399,47.1138834],[9.336544,47.113562],[9.3370746,47.113289],[9.3377374,47.1129218],[9.3381878,47.112634],[9.3386848,47.112286],[9.3393624,47.1117655],[9.3400913,47.1111008],[9.3406396,47.110519],[9.3410948,47.1099652],[9.3414634,47.1094505],[9.3417901,47.1089314],[9.3421644,47.1082547],[9.3425215,47.1074456],[9.3427998,47.1067867],[9.3430226,47.1063017],[9.3432714,47.1057874],[9.3435765,47.1052507],[9.3439815,47.1045996],[9.3442747,47.1042],[9.3446281,47.1037414],[9.3451059,47.1031854],[9.3455548,47.1027113],[9.3461937,47.1021043],[9.3468748,47.1015223],[9.347512,47.1010242],[9.3482972,47.1004001],[9.3488968,47.0999043],[9.3493502,47.0995115],[9.3495732,47.0992826],[9.3498617,47.0989905],[9.3502191,47.0985899],[9.3504555,47.0983072]]}},{"type":"Feature","properties":{"highway":"motorway","lanes":"2","maxspeed":"120","oneway":"yes","ref":"A3","shoulder:right":"yes","source:maxspeed":"CH:motorway","surface":"asphalt","toll":"yes","carriage_ref":"a"},"geometry":{"type":"LineString","coordinates":[[9.0948129,47.1276204],[9.0953606,47.1275213],[9.0962108,47.1273606]]}},{"type":"Feature","properties":{"bridge":"yes","highway":"motorway","lanes":"2","layer":"1","maxspeed":"120","oneway":"yes","ref":"A3","shoulder:right":"yes","source:maxspeed":"CH:motorway","surface":"asphalt","toll":"yes","carriage_ref":"a"},"geometry":{"type":"LineString","coordinates":[[9.3126054,47.1143827],[9.3129638,47.1143637],[9.3142995,47.1142651],[9.3152001,47.1142062],[9.3160108,47.1141739],[9.3167779,47.114152],[9.3174151,47.1141637],[9.3182641,47.1142012],[9.3189115,47.1142464],[9.3194798,47.1142932]]}},{"type":"Feature","properties":{"bridge":"yes","highway":"motorway","int_ref":"E 60","lanes":"2","layer":"1","maxspeed":"signals","oneway":"yes","ref":"A3","toll":"yes","carriage_ref":"b"},"geometry":{"type":"LineString","coordinates":[[7.7764829,47.5438862],[7.7762993,47.5438572]]}},{"type":"Feature","properties":{"bridge":"yes","highway":"motorway","int_ref":"E 25;E 35;E 60","lanes":"2","layer":"1","maxspeed":"80","oneway":"yes","ref":"A2;A3","toll":"yes","carriage_ref":"a"},"geometry":{"type":"LineString","coordinates":[[7.6145343,47.5569707],[7.6150711,47.5561166],[7.6152423,47.5558299]]}},{"type":"Feature","properties":{"highway":"motorway","lanes":"3","lit":"yes","maxspeed":"100","maxspeed:variable":"obstruction","oneway":"yes","ref":"A3","toll":"yes","carriage_ref":"a"},"geometry":{"type":"LineString","coordinates":[[8.4604853,47.3438734],[8.4608066,47.3442062],[8.461023,47.344493]]}},{"type":"Feature","properties":{"bridge":"yes","highway":"motorway","lanes":"2","layer":"1","maxspeed":"120","oneway":"yes","ref":"A3","surface":"asphalt","toll":"yes","carriage_ref":"b"},"geometry":{"type":"LineString","coordinates":[[9.4542208,47.0385491],[9.4536882,47.0385187]]}},{"type":"Feature","properties":{"destination":"Birmensdorf","highway":"motorway","int_ref":"E 41","lanes":"2","lit":"no","maxspeed":"100","maxspeed:variable":"obstruction","oneway":"yes","ref":"A3;A4","shoulder:right":"yes","source:maxspeed":"signals","surface":"asphalt","toll":"yes","carriage_ref":"a"},"geometry":{"type":"LineString","coordinates":[[8.4196918,47.3734408],[8.4200101,47.3724663],[8.4202263,47.371896],[8.4204961,47.371321]]}},{"type":"Feature","properties":{"highway":"motorway","lanes":"3","maxspeed":"120","oneway":"yes","ref":"A3","toll":"yes","turn:lanes":"none|none|merge_to_left","carriage_ref":"a"},"geometry":{"type":"LineString","coordinates":[[8.6733026,47.2106523],[8.6739256,47.2098672]]}},{"type":"Feature","properties":{"bridge":"yes","highway":"motorway","lanes":"2","layer":"1","maxspeed":"120","oneway":"yes","ref":"A3","toll":"yes","carriage_ref":"a"},"geometry":{"type":"LineString","coordinates":[[8.8687631,47.19371],[8.8693727,47.1940883]]}},{"type":"Feature","properties":{"destination":"Bern;Zürich;Luzern;Delemont","highway":"motorway","int_ref":"E 25;E 35;E 60","lanes":"2","layer":"-1","maxspeed":"80","name":"Prattelertunnel","oneway":"yes","ref":"A2;A3","toll":"yes","tunnel":"yes","tunnel:alt_name":"Pratteler","tunnel:name":"Prattelertunnel","carriage_ref":"a"},"geometry":{"type":"LineString","coordinates":[[7.614472,47.546823],[7.6145249,47.5465403],[7.6146963,47.5460873],[7.6148791,47.5457957],[7.615109,47.5454584],[7.6154196,47.5451285],[7.6157667,47.5448512],[7.6160064,47.5446874]]}},{"type":"Feature","properties":{"highway":"motorway","int_ref":"E 60","lanes":"3","lit":"no","maxspeed":"120","oneway":"yes","ref":"A1;A3","surface":"asphalt","toll":"yes","carriage_ref":"b"},"geometry":{"type":"LineString","coordinates":[[8.3910786,47.4225574],[8.3905524,47.4225989],[8.3898193,47.4226706],[8.3888533,47.42278],[8.3882981,47.4228517]]}},{"type":"Feature","properties":{"highway":"motorway","lanes":"2","maxspeed":"120","oneway":"yes","ref":"A3","toll":"yes","carriage_ref":"b"},"geometry":{"type":"LineString","coordinates":[[8.682056,47.2038294],[8.6817178,47.203939],[8.681406,47.2040576],[8.6809021,47.2042624],[8.6804329,47.2044666],[8.6799676,47.204688],[8.6794736,47.2049476],[8.6789633,47.2052338],[8.6784491,47.205553],[8.6780834,47.205794],[8.6777409,47.2060335],[8.6771759,47.2064678],[8.6766353,47.2069337],[8.6762298,47.2073224],[8.675815,47.2077588],[8.6753888,47.20826],[8.6748727,47.2089002],[8.6745609,47.2093103],[8.6740942,47.2099291],[8.6735978,47.2105642],[8.6733389,47.2108738],[8.6728635,47.2114393],[8.6724964,47.2118469],[8.671871,47.2125251],[8.6715013,47.2129021],[8.6712481,47.2131614],[8.6708493,47.2135435]]}},{"type":"Feature","properties":{"bridge":"yes","highway":"motorway","lanes":"2","layer":"1","lit":"yes","maxspeed":"100","oneway":"yes","ref":"A3","surface":"asphalt","toll":"yes","carriage_ref":"a"},"geometry":{"type":"LineString","coordinates":[[8.5291332,47.3297194],[8.529303,47.3294781],[8.529531,47.3291735],[8.529917,47.3285972],[8.5301268,47.328257]]}},{"type":"Feature","properties":{"bridge":"yes","highway":"motorway","lanes":"2","layer":"1","maxspeed":"120","oneway":"yes","ref":"A3","shoulder:right":"yes","source:maxspeed":"CH:motorway","surface":"asphalt","toll":"yes","carriage_ref":"a"},"geometry":{"type":"LineString","coordinates":[[9.3504555,47.0983072],[9.3506439,47.0980537]]}},{"type":"Feature","properties":{"highway":"motorway","lanes":"2","maxspeed":"100","oneway":"yes","ref":"A3","toll":"yes","carriage_ref":"b"},"geometry":{"type":"LineString","coordinates":[[8.8252617,47.1911169],[8.8225472,47.1914302],[8.8219444,47.1915215],[8.8211932,47.19166],[8.8205738,47.191808],[8.8200367,47.1919549],[8.8194044,47.1921556],[8.8188632,47.1923686],[8.8182908,47.1926155]]}},{"type":"Feature","properties":{"highway":"motorway","lanes":"3","maxspeed":"120","oneway":"yes","placement":"right_of:1","ref":"A3","shoulder:right":"yes","source:maxspeed":"CH:motorway","surface":"asphalt","toll":"yes","turn:lanes":"||slight_right","carriage_ref":"a"},"geometry":{"type":"LineString","coordinates":[[9.0294038,47.155682],[9.0305293,47.1548374]]}},{"type":"Feature","properties":{"highway":"motorway","lanes":"2","lit":"yes","maxspeed":"120","oneway":"yes","ref":"A3","surface":"asphalt","toll":"yes","carriage_ref":"a"},"geometry":{"type":"LineString","coordinates":[[8.5301268,47.328257],[8.5302719,47.3280058],[8.5304506,47.3276509],[8.5306434,47.3272288],[8.5307603,47.3270057]]}},{"type":"Feature","properties":{"destination:int_ref:lanes":"||E 41","destination:lanes":"San Bernardino;Chur;Zürich-City|San Bernardino;Chur;Zürich-City|Gotthard;Luzern;Zug;Wettswil","destination:ref:lanes":"A3|A3|A4","highway":"motorway","int_ref":"E 41","lanes":"3","lit":"yes","maxspeed":"100","maxspeed:variable":"obstruction","oneway":"yes","overtaking:hgv":"no","placement":"right_of:1","ref":"A3;A4","shoulder:right":"yes","source:maxspeed":"signals","surface":"asphalt","toll":"yes","turn:lanes":"through|through|right","carriage_ref":"a"},"geometry":{"type":"LineString","coordinates":[[8.4526149,47.3417485],[8.4548003,47.3418353]]}},{"type":"Feature","properties":{"highway":"motorway","lanes":"2","maxspeed":"120","oneway":"yes","ref":"A3","shoulder:right":"yes","source:maxspeed":"CH:motorway","surface":"asphalt","toll":"yes","carriage_ref":"a"},"geometry":{"type":"LineString","coordinates":[[9.4543293,47.0384408],[9.4549247,47.03847],[9.455547,47.0384938],[9.4559654,47.0384956]]}},{"type":"Feature","properties":{"highway":"motorway","int_ref":"E 60","lanes":"2","maxspeed":"120","oneway":"yes","ref":"A3","toll":"yes","carriage_ref":"b"},"geometry":{"type":"LineString","coordinates":[[8.0186527,47.5141936],[8.0172709,47.5153532],[8.015235,47.5170968]]}},{"type":"Feature","properties":{"highway":"motorway","lanes":"3","maxspeed":"120","oneway":"yes","ref":"A3","toll":"yes","turn:lanes":"none|none|slight_right","carriage_ref":"b"},"geometry":{"type":"LineString","coordinates":[[8.63496,47.230455],[8.634405,47.2304903],[8.6337429,47.2305336]]}},{"type":"Feature","properties":{"change:lanes":"not_left|not_right|no","highway":"motorway","int_ref":"E 41","lanes":"3","layer":"-1","lit":"yes","maxheight":"default","maxspeed":"100","maxspeed:variable":"obstruction","oneway":"yes","placement":"right_of:1","ref":"A3;A4","shoulder":"none","source:maxspeed":"signals","surface":"asphalt","toll":"yes","tunnel":"yes","tunnel:name":"Honerettunnel","carriage_ref":"a"},"geometry":{"type":"LineString","coordinates":[[8.4142883,47.390221],[8.4141041,47.389698],[8.4139881,47.3892268],[8.4139002,47.3886294],[8.4138731,47.3879968],[8.4139192,47.3873629],[8.4140169,47.3868252],[8.4141757,47.3862813]]}},{"type":"Feature","properties":{"bridge":"yes","highway":"motorway","int_ref":"E 60","lanes":"2","layer":"1","maxspeed":"120","oneway":"yes","ref":"A3","toll":"yes","carriage_ref":"a"},"geometry":{"type":"LineString","coordinates":[[8.0652877,47.500586],[8.0654964,47.5005014]]}},{"type":"Feature","properties":{"bridge":"yes","covered":"yes","highway":"motorway","int_ref":"E 25;E 35;E 60","lanes":"4","layer":"1","maxspeed":"60","oneway":"yes","ref":"A2;A3","surface":"asphalt","toll":"yes","turn:lanes":"merge_to_right|through|through|slight_right","carriage_ref":"b"},"geometry":{"type":"LineString","coordinates":[[7.6165406,47.5518763],[7.6165825,47.5521149],[7.6166173,47.5523605],[7.6166484,47.5526021],[7.6166631,47.5527228]]}},{"type":"Feature","properties":{"highway":"motorway","lanes":"2","maxspeed":"80","oneway":"yes","ref":"A3","toll":"yes","carriage_ref":"b"},"geometry":{"type":"LineString","coordinates":[[9.1476562,47.1225354],[9.1467951,47.1226479],[9.1459453,47.1228013],[9.1451691,47.1229481],[9.144072,47.1231534],[9.1435411,47.1232483],[9.1430241,47.1233562],[9.1426043,47.1234588],[9.142332,47.1235419]]}},{"type":"Feature","properties":{"highway":"motorway","lanes":"2","maxspeed":"120","oneway":"yes","ref":"A3","shoulder:right":"yes","source:maxspeed":"CH:motorway","surface":"asphalt","toll":"yes","carriage_ref":"a"},"geometry":{"type":"LineString","coordinates":[[9.0692987,47.1288447],[9.0701768,47.128865],[9.0703364,47.1288696]]}},{"type":"Feature","properties":{"highway":"motorway","lanes":"4","lit":"yes","maxspeed":"100","oneway":"yes","ref":"A3","toll":"yes","turn:lanes":"none|none|none|merge_to_left","carriage_ref":"a"},"geometry":{"type":"LineString","coordinates":[[8.5222638,47.3398288],[8.5223162,47.3394417],[8.5224631,47.3383392],[8.5225681,47.33782]]}},{"type":"Feature","properties":{"highway":"motorway","int_ref":"E 60","lanes":"3","maxspeed":"120","oneway":"yes","ref":"A3","toll":"yes","turn:lanes":"through|through|merge_to_left","carriage_ref":"a"},"geometry":{"type":"LineString","coordinates":[[8.2196658,47.4523094],[8.2203965,47.4523777],[8.2211372,47.4524238],[8.2219736,47.4524416],[8.2225315,47.4524417],[8.222966,47.4524331]]}},{"type":"Feature","properties":{"bridge":"yes","bridge:name":"Reppischtalbrücke","change:lanes":"not_left|not_right|no|no","highway":"motorway","int_ref":"E 41","lanes":"4","layer":"1","lit":"yes","maxspeed":"100","maxspeed:variable":"obstruction","oneway":"yes","overtaking:hgv":"no","placement":"right_of:1","ref":"A3;A4","shoulder:right":"yes","source:maxspeed":"signals","surface":"asphalt","toll":"yes","carriage_ref":"a"},"geometry":{"type":"LineString","coordinates":[[8.4233421,47.3618555],[8.4231204,47.3612317]]}},{"type":"Feature","properties":{"highway":"motorway","int_ref":"E 41","lanes":"3","layer":"-1","lit":"yes","maxspeed":"100","oneway":"yes","placement":"right_of:1","ref":"A3;A4","source:maxspeed":"sign","toll":"yes","tunnel":"yes","tunnel:name":"Hafnerbergtunnel","turn:lanes":"||merge_to_left","carriage_ref":"b"},"geometry":{"type":"LineString","coordinates":[[8.426497,47.3488317],[8.4256963,47.349474],[8.4250496,47.3499894]]}},{"type":"Feature","properties":{"avz":"194","change:lanes":"not_left|not_right|no","cs_dir:forward":"1","highway":"motorway","int_ref":"E 41","lanes":"3","lit":"yes","maxspeed":"100","maxspeed:variable":"obstruction","oneway":"yes","placement":"right_of:1","ref":"A3;A4","shoulder":"none","source:maxspeed":"signals","ssvz":"904N","surface":"asphalt","toll":"yes","carriage_ref":"a"},"geometry":{"type":"LineString","coordinates":[[8.4144301,47.3905835],[8.4142883,47.390221]]}},{"type":"Feature","properties":{"bridge":"yes","change:lanes":"not_left|not_right|yes","highway":"motorway","lanes":"3","layer":"1","maxspeed":"120","oneway":"yes","placement":"right_of:1","ref":"A3","surface":"asphalt","toll":"yes","turn:lanes":"||merge_to_left","carriage_ref":"b"},"geometry":{"type":"LineString","coordinates":[[9.0648087,47.1291526],[9.0641226,47.1292627],[9.0635146,47.1293784]]}},{"type":"Feature","properties":{"highway":"motorway","lanes":"3","maxspeed":"80","oneway":"yes","ref":"A3","toll":"yes","turn:lanes":"none|none|slight_right","carriage_ref":"a"},"geometry":{"type":"LineString","coordinates":[[8.7206548,47.1931314],[8.7212202,47.1929639]]}},{"type":"Feature","properties":{"highway":"motorway","lanes":"2","maxspeed":"80","oneway":"yes","ref":"A3","toll":"yes","carriage_ref":"b"},"geometry":{"type":"LineString","coordinates":[[9.1150437,47.1256278],[9.1143498,47.1257799]]}},{"type":"Feature","properties":{"highway":"motorway","lanes":"3","lit":"yes","maxspeed":"100","oneway":"yes","ref":"A3","smoothness":"excellent","source":"Kanton Zürich Orthophotos 2014/2015 10cm","surface":"asphalt","toll":"yes","carriage_ref":"b"},"geometry":{"type":"LineString","coordinates":[[8.5159654,47.3442841],[8.5149797,47.3443191]]}},{"type":"Feature","properties":{"destination":"Zürich","highway":"motorway","lanes":"2","lit":"yes","maxspeed":"100","name":"Baregg","oneway":"yes","ref":"A1;A3","surface":"asphalt","toll":"yes","carriage_ref":"a"},"geometry":{"type":"LineString","coordinates":[[8.2883638,47.4585047],[8.2889931,47.4585637]]}},{"type":"Feature","properties":{"destination:lanes":"Gotthard;Luzern|Bern;Basel;St. Gallen;Westring-Zürich;Gotthard;Luzern|Bern;Basel;St. Gallen;Westring-Zürich","highway":"motorway","lanes":"3","lit":"yes","maxspeed":"100","maxspeed:variable":"obstruction","oneway":"yes","ref":"A3","toll":"yes","turn:lanes":"slight_left|slight_left;slight_right|slight_right","carriage_ref":"b"},"geometry":{"type":"LineString","coordinates":[[8.4600936,47.3439216],[8.4598046,47.3436537]]}},{"type":"Feature","properties":{"highway":"motorway","lanes":"2","maxspeed":"120","oneway":"yes","ref":"A3","toll":"yes","carriage_ref":"b"},"geometry":{"type":"LineString","coordinates":[[8.8015879,47.2009099],[8.801328,47.2009055],[8.8007767,47.2008876],[8.800134,47.2008506],[8.7992534,47.2007658]]}},{"type":"Feature","properties":{"highway":"motorway","int_ref":"E 41","lanes":"2","layer":"-1","lit":"yes","maxheight":"default","maxspeed":"100","oneway":"yes","ref":"A3;A4","source:maxspeed":"sign","toll":"yes","tunnel":"yes","tunnel:name":"Honerettunnel","carriage_ref":"b"},"geometry":{"type":"LineString","coordinates":[[8.4143422,47.3863097],[8.4141862,47.3868435],[8.414098,47.3873743],[8.4140439,47.388007],[8.4140732,47.388623],[8.4141683,47.38921],[8.4142778,47.3896732],[8.4144562,47.3901907]]}},{"type":"Feature","properties":{"highway":"motorway","int_ref":"E 25;E 35;E 60","lanes":"3","maxspeed":"120","oneway":"yes","ref":"A2;A3","toll":"yes","carriage_ref":"a"},"geometry":{"type":"LineString","coordinates":[[7.6952509,47.5285493],[7.695922,47.5284396],[7.6966675,47.5282979],[7.697313,47.5281538],[7.6979416,47.5280044],[7.6980544,47.5279773],[7.6992609,47.5276874],[7.7005398,47.5273689]]}},{"type":"Feature","properties":{"highway":"motorway","int_ref":"E 60","lanes":"2","maxspeed":"120","oneway":"yes","ref":"A3","toll":"yes","carriage_ref":"b"},"geometry":{"type":"LineString","coordinates":[[8.0653537,47.5006831],[8.0646833,47.5009524],[8.0645456,47.5010102],[8.0617532,47.5021881],[8.0611593,47.5024151],[8.0603941,47.5026754],[8.0597248,47.5028795],[8.058701,47.5031495],[8.0575085,47.5033957],[8.0564995,47.5035662],[8.0557699,47.5036564],[8.0550599,47.5037245],[8.0542022,47.5037825],[8.0534783,47.5038061],[8.0528428,47.5038101],[8.0519934,47.5037979],[8.0511027,47.5037575],[8.050348,47.5037081],[8.0496202,47.503639],[8.0487311,47.5035528],[8.0477468,47.5034337],[8.0460013,47.5032023],[8.0430743,47.5027942],[8.0424137,47.5027118],[8.041881,47.5026548],[8.0413098,47.5026107],[8.0407019,47.5025815],[8.0402631,47.5025761],[8.0398383,47.5025774],[8.0393438,47.5025974],[8.0390008,47.5026247],[8.0385082,47.5026787],[8.037857,47.5027593],[8.0369692,47.5029169],[8.0363086,47.503083],[8.0356414,47.503286],[8.0346867,47.5036311],[8.0337995,47.5040438],[8.0331974,47.5043314],[8.0325843,47.5046625],[8.0323209,47.5047977],[8.0313464,47.5053171],[8.0296136,47.5062894],[8.02877,47.5067976]]}},{"type":"Feature","properties":{"highway":"motorway","int_ref":"E 41","lanes":"3","layer":"-1","lit":"24/7","maxspeed":"100","maxspeed:variable":"obstruction","oneway":"yes","overtaking:hgv":"no","placement":"right_of:1","ref":"A3;A4","shoulder:right":"yes","source:maxspeed":"signals","surface":"asphalt","toll":"yes","tunnel":"yes","tunnel:name":"Hafnerbergtunnel","turn:lanes":"||slight_right","carriage_ref":"a"},"geometry":{"type":"LineString","coordinates":[[8.4243669,47.3501737],[8.4249024,47.3497255]]}},{"type":"Feature","properties":{"highway":"motorway","int_ref":"E 41","lanes":"3","lit":"no","maxspeed":"100","oneway":"yes","placement":"right_of:1","ref":"A3;A4","toll":"yes","turn:lanes":"none|none|slight_right","carriage_ref":"b"},"geometry":{"type":"LineString","coordinates":[[8.421084,47.3705023],[8.4205908,47.3714372],[8.4202933,47.3721205]]}},{"type":"Feature","properties":{"highway":"motorway","lanes":"3","maxspeed":"120","oneway":"yes","ref":"A3","toll":"yes","turn:lanes":"none|none|slight_right","carriage_ref":"a"},"geometry":{"type":"LineString","coordinates":[[8.6320099,47.230533],[8.6326499,47.2304866]]}},{"type":"Feature","properties":{"highway":"motorway","int_ref":"E 25;E 35;E 60","lanes":"3","maxspeed":"120","oneway":"yes","ref":"A2;A3","toll":"yes","carriage_ref":"b"},"geometry":{"type":"LineString","coordinates":[[7.7006205,47.5274886],[7.6981228,47.5280979],[7.6979344,47.5281439],[7.6972486,47.5283002],[7.6965818,47.5284404],[7.6952382,47.5286875],[7.6948356,47.528752],[7.694305,47.52883],[7.6940164,47.5288653],[7.6933657,47.5289414]]}},{"type":"Feature","properties":{"highway":"motorway","lanes":"2","maxspeed":"120","oneway":"yes","ref":"A3","toll":"yes","carriage_ref":"a"},"geometry":{"type":"LineString","coordinates":[[8.8384681,47.1888966],[8.8393733,47.1886277],[8.8407633,47.1881553]]}},{"type":"Feature","properties":{"bridge":"yes","highway":"motorway","int_ref":"E 25;E 35;E 60","lanes":"3","layer":"1","maxspeed":"80","oneway":"yes","ref":"A2;A3","toll":"yes","carriage_ref":"b"},"geometry":{"type":"LineString","coordinates":[[7.6133127,47.5590225],[7.6128352,47.5597489],[7.6127421,47.559887],[7.6118777,47.5611129],[7.6114496,47.561683],[7.6110848,47.5620842],[7.6108332,47.5623373]]}},{"type":"Feature","properties":{"highway":"motorway","lanes":"2","layer":"-1","maxspeed":"80","oneway":"yes","ref":"A3","toll":"yes","tunnel":"yes","tunnel:name":"Ofenegg","carriage_ref":"b"},"geometry":{"type":"LineString","coordinates":[[9.1219938,47.1254616],[9.1206181,47.1250875],[9.1199988,47.1249834],[9.1192836,47.1249295],[9.1183007,47.1249496],[9.117466,47.125085],[9.1170419,47.1251835]]}},{"type":"Feature","properties":{"highway":"motorway","int_ref":"E 41","lanes":"3","lit":"yes","maxspeed":"100","maxspeed:variable":"obstruction","oneway":"yes","placement":"right_of:1","ref":"A3;A4","shoulder:right":"yes","source:maxspeed":"signals","surface":"asphalt","toll":"yes","carriage_ref":"a"},"geometry":{"type":"LineString","coordinates":[[8.424301,47.4082251],[8.4240397,47.40795],[8.4236991,47.4075764],[8.4234368,47.4072797],[8.4232001,47.4069817],[8.4230023,47.4067381],[8.4228138,47.4064966]]}},{"type":"Feature","properties":{"highway":"motorway","lanes":"2","maxspeed":"120","oneway":"yes","ref":"A3","toll":"yes","carriage_ref":"b"},"geometry":{"type":"LineString","coordinates":[[8.6337429,47.2305336],[8.6327391,47.2306048],[8.6320197,47.2306548],[8.6309949,47.2307381],[8.6297175,47.2308701]]}},{"type":"Feature","properties":{"bridge":"yes","highway":"motorway","lanes":"2","layer":"1","maxspeed":"120","oneway":"yes","ref":"A3","shoulder:right":"yes","source:maxspeed":"CH:motorway","surface":"asphalt","toll":"yes","carriage_ref":"a"},"geometry":{"type":"LineString","coordinates":[[9.3268851,47.1153522],[9.3272308,47.1153688]]}},{"type":"Feature","properties":{"change:lanes":"yes|not_right|yes","highway":"motorway","int_ref":"E 60","lanes":"3","maxspeed":"120","oneway":"yes","placement":"right_of:1","ref":"A3","toll":"yes","turn:lanes":"none|none|merge_to_left","carriage_ref":"a"},"geometry":{"type":"LineString","coordinates":[[7.9889977,47.5371856],[7.9907191,47.5359933]]}},{"type":"Feature","properties":{"highway":"motorway","lanes":"2","maxspeed":"120","oneway":"yes","ref":"A3","surface":"asphalt","toll":"yes","carriage_ref":"b"},"geometry":{"type":"LineString","coordinates":[[9.098192,47.1271898],[9.0963396,47.1274401],[9.0954068,47.1276028],[9.0936556,47.1279185],[9.0920987,47.1281559],[9.0902618,47.1283697],[9.0899336,47.1284056]]}},{"type":"Feature","properties":{"avz":"295","cs_dir:forward":"1","highway":"motorway","int_ref":"E 60","lanes":"2","maxspeed":"120","oneway":"yes","ref":"A3","toll":"yes","carriage_ref":"a"},"geometry":{"type":"LineString","coordinates":[[8.0120418,47.5193749],[8.0125564,47.5190279],[8.0134982,47.5183279]]}},{"type":"Feature","properties":{"avz":"565","cs_dir:forward":"2","highway":"motorway","int_ref":"E 41","lanes":"3","layer":"-1","lit":"yes","maxspeed":"100","maxspeed:variable":"obstruction","oneway":"yes","ref":"A3;A4","source:maxspeed":"sign","toll":"yes","tunnel":"yes","tunnel:alt_name":"Äschertunnel","tunnel:name":"Aeschertunnel","carriage_ref":"b"},"geometry":{"type":"LineString","coordinates":[[8.4525879,47.3420847],[8.4515773,47.3420534],[8.4509269,47.3420033],[8.4502674,47.3419288],[8.4497414,47.3418487],[8.4492406,47.3417448],[8.4482501,47.3415061],[8.4472204,47.3412323],[8.4467094,47.341103],[8.446195,47.3409927],[8.4457044,47.3408952],[8.4452071,47.3408075],[8.4442146,47.3406691],[8.4432672,47.3405924],[8.4424858,47.3405597],[8.4417189,47.3405583],[8.4411767,47.3405802],[8.4406599,47.3406058],[8.4396524,47.3406933],[8.4390414,47.3407847],[8.4384416,47.3408819],[8.4378493,47.3409969],[8.4372703,47.341129],[8.4367741,47.3412628],[8.4363214,47.3413957],[8.4358574,47.3415465],[8.4353863,47.3417064],[8.4345596,47.3420476],[8.4337636,47.3424157],[8.4330129,47.3428247],[8.4326507,47.3430394],[8.432304,47.343266],[8.4317189,47.3436785],[8.4314171,47.3438958],[8.431153,47.3441361],[8.4306588,47.3445783],[8.4302274,47.345036],[8.4296862,47.3456534]]}},{"type":"Feature","properties":{"highway":"motorway","int_ref":"E 41","lanes":"3","lit":"no","maxspeed":"100","maxspeed:variable":"obstruction","oneway":"yes","placement":"right_of:1","ref":"A3;A4","shoulder:right":"yes","source:maxspeed":"signals","surface":"asphalt","toll":"yes","turn:lanes":"||merge_to_left","carriage_ref":"a"},"geometry":{"type":"LineString","coordinates":[[8.421424,47.369643],[8.4217384,47.36923]]}},{"type":"Feature","properties":{"highway":"motorway","int_ref":"E 60","lanes":"2","maxspeed":"120","oneway":"yes","ref":"A3","toll":"yes","carriage_ref":"b"},"geometry":{"type":"LineString","coordinates":[[8.0708265,47.4992348],[8.0695084,47.4994814],[8.0687165,47.4996397],[8.0680297,47.4997935],[8.0672783,47.5000077],[8.0666899,47.5001901],[8.0659845,47.5004379],[8.0655965,47.5005851]]}},{"type":"Feature","properties":{"destination":"Niederurnen","highway":"motorway","lanes":"3","maxspeed":"120","oneway":"yes","placement":"right_of:1","ref":"A3","shoulder:right":"yes","source:maxspeed":"CH:motorway","surface":"asphalt","toll":"yes","turn:lanes":"||merge_to_left","carriage_ref":"a"},"geometry":{"type":"LineString","coordinates":[[9.0515763,47.1363254],[9.0522999,47.1356128]]}},{"type":"Feature","properties":{"highway":"motorway","lanes":"3","maxspeed":"120","oneway":"yes","placement":"right_of:1","ref":"A3","surface":"asphalt","toll":"yes","turn:lanes":"||merge_to_left","carriage_ref":"b"},"geometry":{"type":"LineString","coordinates":[[9.0617381,47.1298401],[9.0613266,47.1299724]]}},{"type":"Feature","properties":{"highway":"motorway","lanes":"2","maxspeed":"100","oneway":"yes","ref":"A3","toll":"yes","carriage_ref":"b"},"geometry":{"type":"LineString","coordinates":[[9.3269457,47.1154647],[9.3262019,47.1154139],[9.3255494,47.1153407],[9.3249513,47.1152599]]}},{"type":"Feature","properties":{"highway":"motorway","int_ref":"E 60","lanes":"4","lit":"no","maxspeed":"100","oneway":"yes","ref":"A1;A3","surface":"asphalt","toll":"yes","turn:lanes":"none|none|none|merge_to_left","carriage_ref":"b"},"geometry":{"type":"LineString","coordinates":[[8.4124499,47.4188869],[8.4120729,47.4190334],[8.4115731,47.419214],[8.4111258,47.4193718]]}},{"type":"Feature","properties":{"highway":"motorway","lanes":"2","lit":"yes","maxspeed":"80","oneway":"yes","ref":"A3","toll":"yes","carriage_ref":"b"},"geometry":{"type":"LineString","coordinates":[[8.5227362,47.3384231],[8.5226371,47.3393779],[8.5225613,47.3400917],[8.522543,47.3402239],[8.5224574,47.3406075],[8.5223514,47.3410027]]}},{"type":"Feature","properties":{"destination":"Bern;Basel","destination:lanes":"Bern;Basel","destination:ref":"A1;A3","highway":"motorway","lanes":"1","lit":"yes","maxspeed":"80","oneway":"yes","ref":"A3","source:maxspeed":"sign","surface":"asphalt","toll":"yes","carriage_ref":"b"},"geometry":{"type":"LineString","coordinates":[[8.4242153,47.4078719],[8.4246862,47.4083639],[8.4251998,47.4088357],[8.4255929,47.4091909],[8.4260936,47.4096103],[8.4263847,47.4098457],[8.4266765,47.4100551],[8.4268334,47.410163],[8.4270411,47.4103004],[8.4272653,47.4104398]]}},{"type":"Feature","properties":{"destination":"Basel;Bern;Flughafen;Westring Zürich","destination:ref":"A 3;A 4","destination:symbol":"airport","highway":"motorway","lanes":"2","lit":"yes","maxspeed":"100","maxspeed:variable":"obstruction","oneway":"yes","ref":"A3","toll":"yes","carriage_ref":"b"},"geometry":{"type":"LineString","coordinates":[[8.4594204,47.343432],[8.4591607,47.3432976],[8.4587542,47.3430815],[8.4583235,47.3428925],[8.4580508,47.3427838],[8.4577571,47.342683],[8.4571663,47.3425127],[8.456623,47.342392],[8.4561019,47.3423105],[8.4557042,47.3422538],[8.4553007,47.3422136],[8.4546518,47.3421638],[8.4533544,47.3420944]]}},{"type":"Feature","properties":{"highway":"motorway","lanes":"2","maxspeed":"100","oneway":"yes","overtaking:hgv":"no","ref":"A3","shoulder:right":"yes","source:maxspeed":"sign","surface":"asphalt","toll":"yes","carriage_ref":"a"},"geometry":{"type":"LineString","coordinates":[[9.1944274,47.1137842],[9.1948992,47.1136989],[9.1957862,47.1135943],[9.1966859,47.11351],[9.1978809,47.1134458],[9.198668,47.1134055],[9.1991863,47.1133689],[9.19967,47.1133246],[9.2002811,47.1132507],[9.2008238,47.1131797],[9.2013621,47.1130804],[9.2018742,47.1129687],[9.2023786,47.112848],[9.203064,47.1126373],[9.2037124,47.1123958]]}},{"type":"Feature","properties":{"highway":"motorway","int_ref":"E 60","lanes":"2","maxspeed":"120","oneway":"yes","ref":"A3","toll":"yes","carriage_ref":"a"},"geometry":{"type":"LineString","coordinates":[[7.776534,47.5437916],[7.7775821,47.5439522],[7.7781102,47.5440312]]}},{"type":"Feature","properties":{"avz":"102","cs_dir:forward":"1","highway":"motorway","int_ref":"E 60","lanes":"2","maxspeed":"120","oneway":"yes","ref":"A3","ssvz":"67N","toll":"yes","carriage_ref":"a"},"geometry":{"type":"LineString","coordinates":[[7.7781102,47.5440312],[7.7805691,47.5443812],[7.7815902,47.5445247],[7.7819518,47.5445706],[7.7826109,47.5446396],[7.7832688,47.5447057],[7.7839459,47.5447558]]}},{"type":"Feature","properties":{"destination:lanes":"Gotthard;Luzern|Bern;Basel;Westring-Zürich;Gotthard;Luzern|Bern;Basel;St. Gallen;Westring-Zürich|Wettswil;Hedingen;Bonstetten","highway":"motorway","lanes":"4","lit":"yes","maxspeed":"100","maxspeed:variable":"obstruction","oneway":"yes","placement":"middle_of:2","ref":"A3","toll":"yes","turn:lanes":"|||slight_right","carriage_ref":"b"},"geometry":{"type":"LineString","coordinates":[[8.460739,47.344591],[8.4603267,47.3441402],[8.4600936,47.3439216]]}},{"type":"Feature","properties":{"destination":"Zürich;Baden;Rheinfelden","highway":"motorway","int_ref":"E 60","lanes":"2","maxspeed":"100","oneway":"yes","ref":"A3","toll":"yes","carriage_ref":"a"},"geometry":{"type":"LineString","coordinates":[[7.7290704,47.5300143],[7.7303475,47.5303879],[7.732008,47.5309342],[7.7330393,47.5312974]]}},{"type":"Feature","properties":{"highway":"motorway","lanes":"2","maxspeed":"100","oneway":"yes","ref":"A3","toll":"yes","carriage_ref":"b"},"geometry":{"type":"LineString","coordinates":[[9.2366175,47.1099087],[9.2356137,47.1101597],[9.2346534,47.1103523],[9.233698,47.1105111],[9.2329471,47.1106012],[9.2321685,47.1106729],[9.2316815,47.1107007],[9.2311756,47.1107216],[9.2301918,47.1107383],[9.2299505,47.1107374],[9.2293801,47.1107349],[9.228884,47.1107224],[9.2281271,47.1106924],[9.2270595,47.1106389],[9.226004,47.1105991],[9.2252579,47.1105849],[9.22453,47.110616],[9.2237048,47.1106735],[9.2229541,47.1107493],[9.2221979,47.1108139],[9.2214296,47.1108625]]}},{"type":"Feature","properties":{"highway":"motorway","lanes":"3","maxspeed":"120","oneway":"yes","ref":"A3","surface":"asphalt","toll":"yes","turn:lanes":"none|none|slight_right","carriage_ref":"b"},"geometry":{"type":"LineString","coordinates":[[8.6142116,47.2367927],[8.613966,47.2369613],[8.6137683,47.2371041]]}},{"type":"Feature","properties":{"highway":"motorway","lanes":"2","maxspeed":"120","oneway":"yes","ref":"A3","toll":"yes","carriage_ref":"b"},"geometry":{"type":"LineString","coordinates":[[8.6424939,47.2296885],[8.6417716,47.2297968],[8.6408121,47.2299374],[8.6399191,47.2300468],[8.6388544,47.2301483],[8.6377942,47.2302411],[8.6367809,47.2303264],[8.635796,47.2303999],[8.63496,47.230455]]}},{"type":"Feature","properties":{"highway":"motorway","int_ref":"E 60","lanes":"2","maxspeed":"120","oneway":"yes","ref":"A3","toll":"yes","carriage_ref":"b"},"geometry":{"type":"LineString","coordinates":[[7.8520412,47.5467623],[7.8500311,47.5469067],[7.8474294,47.5470553],[7.8457325,47.5471221],[7.8440264,47.5471705],[7.8420337,47.5471998],[7.8406438,47.5471983],[7.8378862,47.547167],[7.8355599,47.5470885],[7.8329779,47.5469625],[7.8306975,47.5468118],[7.8292204,47.5466801],[7.8275933,47.5465312],[7.8257922,47.5463494]]}},{"type":"Feature","properties":{"highway":"motorway","lanes":"2","maxspeed":"120","oneway":"yes","ref":"A3","toll":"yes","carriage_ref":"b"},"geometry":{"type":"LineString","coordinates":[[8.8615361,47.1869367],[8.8612271,47.1867615],[8.8609307,47.1866098],[8.8607313,47.1865138],[8.860384,47.1863655],[8.8600178,47.1862293],[8.8597311,47.1861336],[8.8594585,47.1860534]]}},{"type":"Feature","properties":{"change:lanes":"not_left|yes|no","highway":"motorway","lanes":"3","maxspeed":"120","oneway":"yes","placement":"right_of:1","ref":"A3","surface":"asphalt","toll":"yes","turn:lanes":"||slight_right","carriage_ref":"b"},"geometry":{"type":"LineString","coordinates":[[9.0677552,47.1289307],[9.0669887,47.1289536]]}},{"type":"Feature","properties":{"highway":"motorway","int_ref":"E 60","lanes":"2","maxspeed":"100","oneway":"yes","ref":"A3","toll":"yes","carriage_ref":"b"},"geometry":{"type":"LineString","coordinates":[[8.2133855,47.4515194],[8.2126429,47.4514291],[8.211502,47.4513042],[8.2100454,47.451183],[8.2086471,47.4510765],[8.2076406,47.4510239],[8.2067133,47.4509853],[8.2059122,47.4509555],[8.2051881,47.4509488],[8.2040849,47.4509304],[8.2029862,47.4509365],[8.2018503,47.4509602],[8.2006471,47.4510033],[8.1999494,47.4510335],[8.1991599,47.4510751]]}},{"type":"Feature","properties":{"highway":"motorway","int_ref":"E 60","lanes":"4","lit":"no","maxspeed":"100","oneway":"yes","ref":"A1;A3","surface":"asphalt","toll":"yes","carriage_ref":"b"},"geometry":{"type":"LineString","coordinates":[[8.4192347,47.4157604],[8.4181138,47.4163155],[8.417116,47.4168043],[8.4161339,47.4172692],[8.4150442,47.417763]]}},{"type":"Feature","properties":{"highway":"motorway","lanes":"3","maxspeed":"120","oneway":"yes","ref":"A3","toll":"yes","turn:lanes":"none|none|slight_right","carriage_ref":"b"},"geometry":{"type":"LineString","coordinates":[[8.8632284,47.1883053],[8.8629615,47.1880309],[8.862707,47.1877924]]}},{"type":"Feature","properties":{"highway":"motorway","lanes":"2","maxspeed":"100","oneway":"yes","ref":"A3","toll":"yes","carriage_ref":"b"},"geometry":{"type":"LineString","coordinates":[[8.7122212,47.1957475],[8.7117055,47.1958325],[8.7109242,47.1959494],[8.7101481,47.1960479],[8.7092172,47.1961435]]}},{"type":"Feature","properties":{"bridge":"yes","highway":"motorway","int_ref":"E 60","lanes":"2","layer":"1","maxspeed":"120","oneway":"yes","ref":"A3","toll":"yes","carriage_ref":"a"},"geometry":{"type":"LineString","coordinates":[[7.8254149,47.5461969],[7.8258113,47.5462365]]}},{"type":"Feature","properties":{"highway":"motorway","lanes":"2","maxspeed":"120","oneway":"yes","ref":"A3","toll":"yes","carriage_ref":"b"},"geometry":{"type":"LineString","coordinates":[[8.6878455,47.2024213],[8.6867643,47.2026575],[8.685485,47.2029302]]}},{"type":"Feature","properties":{"highway":"motorway","int_ref":"E 25;E 60","lanes":"2","layer":"-1","maxspeed":"80","name":"Dreirosenbrücke","oneway":"yes","ref":"A3","surface":"asphalt","toll":"yes","tunnel":"yes","tunnel:name":"Dreirosenbrücke","carriage_ref":"a"},"geometry":{"type":"LineString","coordinates":[[7.58315,47.5706388],[7.5868355,47.5705904]]}},{"type":"Feature","properties":{"highway":"motorway","lanes":"2","oneway":"yes","ref":"A3","toll":"yes","carriage_ref":"b"},"geometry":{"type":"LineString","coordinates":[[8.7092172,47.1961435],[8.7085098,47.1962053],[8.7076698,47.1962746]]}},{"type":"Feature","properties":{"bridge":"yes","highway":"motorway","lanes":"2","layer":"1","maxspeed":"100","oneway":"yes","ref":"A3","toll":"yes","carriage_ref":"a"},"geometry":{"type":"LineString","coordinates":[[8.7072903,47.196195],[8.7076597,47.196168]]}},{"type":"Feature","properties":{"avz":"565","cs_dir:forward":"1","highway":"motorway","int_ref":"E 41","lanes":"3","layer":"-1","lit":"24/7","maxspeed":"100","maxspeed:variable":"obstruction","oneway":"yes","overtaking:hgv":"no","placement":"right_of:1","ref":"A3;A4","shoulder":"none","source:maxspeed":"signals","surface":"asphalt","toll":"yes","tunnel":"yes","tunnel:alt_name":"Äschertunnel","tunnel:name":"Aeschertunnel","carriage_ref":"a"},"geometry":{"type":"LineString","coordinates":[[8.4430969,47.3403049],[8.4436809,47.3403412],[8.4442733,47.3404015],[8.4453127,47.340542],[8.4463446,47.3407325],[8.4473533,47.340983],[8.4483589,47.3412461],[8.4488522,47.3413639],[8.449336,47.3414654],[8.44983,47.3415532],[8.4503402,47.3416158],[8.4509644,47.3416824],[8.4515914,47.3417169],[8.4526149,47.3417485]]}},{"type":"Feature","properties":{"highway":"motorway","int_ref":"E 60","lanes":"2","maxspeed":"100","oneway":"yes","overtaking:hgv":"no","ref":"A3","toll":"yes","traffic_sign":"CH:2.45","carriage_ref":"b"},"geometry":{"type":"LineString","coordinates":[[8.1580829,47.4602838],[8.1579077,47.4601782],[8.1564817,47.4592773],[8.1555084,47.4587025],[8.1548115,47.4583166],[8.1545868,47.4582],[8.1540839,47.4579591],[8.1536372,47.4577586],[8.1531041,47.4575454],[8.1524117,47.4572914],[8.1517851,47.4570901],[8.1513519,47.4569552],[8.1509551,47.4568489],[8.1503688,47.4567016],[8.1498892,47.4566058]]}},{"type":"Feature","properties":{"highway":"motorway","lanes":"2","maxspeed":"100","oneway":"yes","overtaking:hgv":"no","ref":"A3","shoulder:right":"yes","source:maxspeed":"sign","surface":"asphalt","toll":"yes","carriage_ref":"a"},"geometry":{"type":"LineString","coordinates":[[9.2664227,47.1129462],[9.2667702,47.1128589],[9.2672661,47.112735],[9.2685779,47.112347],[9.2699794,47.1118797]]}},{"type":"Feature","properties":{"highway":"motorway","int_ref":"E 25;E 35;E 60","lanes":"4","maxspeed":"120","oneway":"yes","ref":"A2;A3","toll":"yes","turn:lanes":"none|none|none|slight_right","carriage_ref":"b"},"geometry":{"type":"LineString","coordinates":[[7.7171156,47.5270245],[7.7168599,47.5269763]]}},{"type":"Feature","properties":{"highway":"motorway","int_ref":"E 41","lanes":"3","lit":"yes","maxspeed":"100","oneway":"yes","placement":"right_of:1","ref":"A3;A4","smoothness":"good","source:maxspeed":"sign","surface":"asphalt","toll":"yes","turn:lanes":"through|through|right","carriage_ref":"b"},"geometry":{"type":"LineString","coordinates":[[8.4161784,47.3927693],[8.416472,47.3930815]]}},{"type":"Feature","properties":{"highway":"motorway","lanes":"2","maxspeed":"120","oneway":"yes","ref":"A3","shoulder:right":"yes","source:maxspeed":"CH:motorway","surface":"asphalt","toll":"yes","carriage_ref":"a"},"geometry":{"type":"LineString","coordinates":[[9.0704319,47.1288723],[9.0708989,47.1288856],[9.07143,47.1288966]]}},{"type":"Feature","properties":{"avz":"381","cs_dir:forward":"1","highway":"motorway","int_ref":"E 60","lanes":"3","lit":"no","maxspeed":"100","oneway":"yes","ref":"A1;A3","surface":"asphalt","toll":"yes","carriage_ref":"a"},"geometry":{"type":"LineString","coordinates":[[8.2539472,47.4491673],[8.2547269,47.4493803],[8.2553934,47.4495534]]}},{"type":"Feature","properties":{"change:lanes":"not_left|not_right|yes","highway":"motorway","int_ref":"E 41","lanes":"3","lit":"yes","maxspeed":"100","maxspeed:variable":"obstruction","oneway":"yes","placement":"right_of:1","ref":"A3;A4","shoulder":"none","source:maxspeed":"signals","surface":"asphalt","toll":"yes","turn:lanes":"||merge_to_left","carriage_ref":"a"},"geometry":{"type":"LineString","coordinates":[[8.4147616,47.3850257],[8.4152064,47.3841696]]}},{"type":"Feature","properties":{"bridge":"yes","destination":"Zürich","highway":"motorway","int_ref":"E 60","lanes":"3","layer":"1","lit":"no","maxspeed":"120","oneway":"yes","ref":"A1;A3","toll":"yes","carriage_ref":"a"},"geometry":{"type":"LineString","coordinates":[[8.3310142,47.4545136],[8.3313983,47.4544524],[8.3318025,47.4543755],[8.3321571,47.4542973],[8.3325262,47.4542121],[8.3327878,47.4541433]]}},{"type":"Feature","properties":{"destination":"Karlsruhe;Basel;Mulhouse;Pratteln","highway":"motorway","int_ref":"E 25;E 35;E 60","lanes":"3","maxspeed":"120","oneway":"yes","ref":"A2;A3","toll":"yes","carriage_ref":"b"},"geometry":{"type":"LineString","coordinates":[[7.7168599,47.5269763],[7.7155108,47.5267346]]}},{"type":"Feature","properties":{"highway":"motorway","lanes":"2","maxspeed":"120","oneway":"yes","ref":"A3","shoulder:right":"yes","source:maxspeed":"CH:motorway","surface":"asphalt","toll":"yes","carriage_ref":"a"},"geometry":{"type":"LineString","coordinates":[[9.4420453,47.0395698],[9.4430785,47.0392647],[9.4442108,47.0389729],[9.4450783,47.0388045],[9.445891,47.0386565],[9.4468942,47.0385102],[9.4479724,47.0383914]]}},{"type":"Feature","properties":{"highway":"motorway","lanes":"2","maxspeed":"120","oneway":"yes","ref":"A3","shoulder:right":"yes","source:maxspeed":"CH:motorway","surface":"asphalt","toll":"yes","carriage_ref":"a"},"geometry":{"type":"LineString","coordinates":[[9.4496086,47.0382964],[9.4505956,47.0382799],[9.4514191,47.0382945],[9.4521272,47.0383256],[9.4538827,47.0384154]]}},{"type":"Feature","properties":{"highway":"motorway","int_ref":"E 60","lanes":"2","maxspeed":"100","oneway":"yes","overtaking:hgv":"no","ref":"A3","toll":"yes","traffic_sign":"CH:2.45","carriage_ref":"b"},"geometry":{"type":"LineString","coordinates":[[8.1928528,47.4517969],[8.1922841,47.4519252],[8.1916765,47.452077],[8.191008,47.452267],[8.1904277,47.4524518],[8.1902106,47.4525302],[8.1897344,47.4527021],[8.1889241,47.4530298]]}},{"type":"Feature","properties":{"highway":"motorway","lanes":"2","maxspeed":"100","oneway":"yes","overtaking:hgv":"no","ref":"A3","shoulder:right":"yes","source:maxspeed":"sign","surface":"asphalt","toll":"yes","carriage_ref":"a"},"geometry":{"type":"LineString","coordinates":[[9.115105,47.1248348],[9.1154691,47.1247412]]}},{"type":"Feature","properties":{"destination":"Mulhouse","highway":"motorway","int_ref":"E 25;E 60","lanes":"2","layer":"-1","maxspeed":"80","name":"St. Johanns-Tunnel","oneway":"yes","ref":"A3","toll":"yes","tunnel":"yes","tunnel:alt_name":"St. Johanns","tunnel:name":"St. Johann","carriage_ref":"b"},"geometry":{"type":"LineString","coordinates":[[7.5665475,47.5735984],[7.5656677,47.5741342]]}},{"type":"Feature","properties":{"highway":"motorway","lanes":"3","maxspeed":"120","oneway":"yes","ref":"A3","toll":"yes","turn:lanes":"none|none|merge_to_left","carriage_ref":"b"},"geometry":{"type":"LineString","coordinates":[[8.749438,47.1957292],[8.7485964,47.1955921],[8.7480118,47.1954724],[8.7473065,47.1952996]]}},{"type":"Feature","properties":{"destination:lanes":"Zürich: Wettingen Ost|Zürich: Wettingen Ost|Zürich: Wettingen Ost;Neuenhof","destination:ref":"A1;A3","highway":"motorway","int_ref":"E 60","lanes":"3","lit":"no","maxspeed":"100","oneway":"yes","ref":"A1;A3","signals":"maxspeed=signals","surface":"asphalt","toll":"yes","carriage_ref":"a"},"geometry":{"type":"LineString","coordinates":[[8.271363,47.4553496],[8.2717441,47.4555326],[8.2721437,47.4557085],[8.2725481,47.4558805],[8.2729343,47.4560624],[8.2733462,47.4562311],[8.2737466,47.4563837],[8.2741225,47.4565197],[8.27421,47.4565514]]}},{"type":"Feature","properties":{"highway":"motorway","int_ref":"E 25;E 60","lanes":"2","layer":"-1","maxspeed":"80","name":"St. Johanns-Tunnel","oneway":"yes","ref":"A3","toll":"yes","tunnel":"yes","tunnel:alt_name":"St. Johanns","tunnel:name":"St. Johann","carriage_ref":"b"},"geometry":{"type":"LineString","coordinates":[[7.579455,47.5708075],[7.5785006,47.5709096],[7.5783809,47.5709224],[7.5776604,47.5709608],[7.5774964,47.5709745]]}},{"type":"Feature","properties":{"bridge":"yes","highway":"motorway","lanes":"2","layer":"1","maxspeed":"120","oneway":"yes","ref":"A3","toll":"yes","carriage_ref":"b"},"geometry":{"type":"LineString","coordinates":[[8.7019352,47.1971666],[8.7015329,47.1973102],[8.7010458,47.197504],[8.7006758,47.1976569],[8.7004128,47.1977739],[8.7001686,47.1978929]]}},{"type":"Feature","properties":{"bridge":"yes","highway":"motorway","lanes":"2","layer":"1","maxspeed":"120","oneway":"yes","ref":"A3","toll":"yes","carriage_ref":"a"},"geometry":{"type":"LineString","coordinates":[[8.7986931,47.2005719],[8.7990874,47.2006318],[8.7994999,47.2006824]]}},{"type":"Feature","properties":{"avz":"81","cs_dir:forward":"1","highway":"motorway","int_ref":"E 25;E 35;E 60","lanes":"3","maxspeed":"120","oneway":"yes","ref":"A2;A3","ssvz":"705N","toll":"yes","carriage_ref":"a"},"geometry":{"type":"LineString","coordinates":[[7.6366685,47.5402154],[7.6424672,47.5392389],[7.6431116,47.5391223],[7.6437677,47.5390035],[7.6449708,47.5387543]]}},{"type":"Feature","properties":{"destination":"Basel;Bern","highway":"motorway","lanes":"1","layer":"-1","lit":"yes","maxspeed":"60","oneway":"yes","ref":"A3","surface":"asphalt","toll":"yes","tunnel":"yes","carriage_ref":"b"},"geometry":{"type":"LineString","coordinates":[[8.4280591,47.4121067],[8.4279349,47.4121977],[8.4278189,47.4122682]]}},{"type":"Feature","properties":{"destination:lanes":"Karlsruhe Mulhouse;Basel Liestal|Karlsruhe Mulhouse;Basel Liestal;__________;Chiasso Gotthard;Luzern Bern;Arisdorf","highway":"motorway","int_ref":"E 60","lanes":"2","maxspeed":"100","oneway":"yes","ref":"A3","toll":"yes","turn:lanes":"through|through;slight_right","carriage_ref":"b"},"geometry":{"type":"LineString","coordinates":[[7.7532025,47.5389558],[7.7515897,47.5383973],[7.7496841,47.5376814],[7.7484276,47.5372077],[7.7459223,47.5362574],[7.745041,47.5359212],[7.7413889,47.5345409],[7.7400336,47.5340278],[7.7393342,47.5337683],[7.7391447,47.5336981],[7.7390383,47.5336587]]}},{"type":"Feature","properties":{"avz":"565","bridge":"yes","bridge:name":"Lunnerenbrücke","change:lanes":"not_left|yes|not_right|not_right","cs_dir:forward":"1","highway":"motorway","int_ref":"E 41","lanes":"4","layer":"1","lit":"yes","maxspeed":"100","maxspeed:variable":"obstruction","oneway":"yes","overtaking:hgv":"no","placement":"right_of:1","ref":"A3;A4","shoulder:right":"yes","source:maxspeed":"signals","surface":"asphalt","toll":"yes","turn:lanes":"||merge_to_left|merge_to_left","carriage_ref":"a"},"geometry":{"type":"LineString","coordinates":[[8.4268601,47.3480799],[8.4270673,47.3478796],[8.4272869,47.3476831]]}},{"type":"Feature","properties":{"highway":"motorway","lanes":"3","maxspeed":"100","oneway":"yes","overtaking:hgv":"no","placement":"right_of:1","ref":"A3","shoulder:right":"yes","source:maxspeed":"sign","surface":"asphalt","toll":"yes","turn:lanes":"||slight_right","carriage_ref":"a"},"geometry":{"type":"LineString","coordinates":[[9.264932,47.1132165],[9.2654014,47.1131489],[9.2659539,47.1130503],[9.2664227,47.1129462]]}},{"type":"Feature","properties":{"bridge":"yes","highway":"motorway","lanes":"2","layer":"1","maxspeed":"120","oneway":"yes","ref":"A3","surface":"asphalt","toll":"yes","carriage_ref":"b"},"geometry":{"type":"LineString","coordinates":[[9.0703111,47.1289655],[9.0702152,47.1289635]]}},{"type":"Feature","properties":{"bridge":"yes","highway":"motorway","lanes":"2","layer":"1","maxspeed":"120","oneway":"yes","ref":"A3","shoulder:right":"yes","source:maxspeed":"CH:motorway","surface":"asphalt","toll":"yes","carriage_ref":"a"},"geometry":{"type":"LineString","coordinates":[[9.0616808,47.1297569],[9.0621405,47.1296274],[9.0626769,47.1294821]]}},{"type":"Feature","properties":{"bridge":"yes","highway":"motorway","lanes":"2","layer":"1","maxspeed":"120","oneway":"yes","ref":"A3","toll":"yes","carriage_ref":"b"},"geometry":{"type":"LineString","coordinates":[[9.0588119,47.13108],[9.0582943,47.1313428]]}},{"type":"Feature","properties":{"bridge":"yes","highway":"motorway","lanes":"2","layer":"1","maxspeed":"100","oneway":"yes","ref":"A3","toll":"yes","carriage_ref":"b"},"geometry":{"type":"LineString","coordinates":[[9.25549,47.110467],[9.2545849,47.1098656],[9.2535267,47.1093441],[9.2530638,47.1091605],[9.2526897,47.1090467]]}},{"type":"Feature","properties":{"avz":"607","cs_dir:forward":"2","highway":"motorway","lanes":"2","maxspeed":"120","oneway":"yes","ref":"A3","surface":"asphalt","toll":"yes","carriage_ref":"b"},"geometry":{"type":"LineString","coordinates":[[8.5781723,47.2618708],[8.57689,47.2630617],[8.5762515,47.2636894],[8.5754078,47.2645629],[8.5739614,47.2661855],[8.5731485,47.2671921],[8.5726539,47.2678296],[8.5712697,47.269707],[8.5705761,47.2705909],[8.5701628,47.2711065],[8.5696309,47.2717693],[8.5685187,47.2730432],[8.5675971,47.2740273],[8.5670603,47.2745897],[8.5663639,47.2752782],[8.5661087,47.2755273],[8.5654371,47.2761959],[8.5648556,47.2767836],[8.5639993,47.277656],[8.5631543,47.2785329],[8.5623228,47.2794807],[8.561765,47.280154],[8.5606598,47.2815424],[8.5602066,47.28207],[8.5596701,47.2826433],[8.5590505,47.2832564],[8.5584949,47.2837633],[8.5580134,47.2841837],[8.5577314,47.2844095],[8.5574055,47.2846768],[8.5570823,47.2849236],[8.5563005,47.2855158],[8.5554549,47.2861237]]}},{"type":"Feature","properties":{"highway":"motorway","lanes":"3","maxspeed":"120","oneway":"yes","ref":"A3","toll":"yes","carriage_ref":"b"},"geometry":{"type":"LineString","coordinates":[[8.7952149,47.1999196],[8.7941901,47.1996035],[8.7936194,47.1994162],[8.7927749,47.1991395],[8.7911259,47.1985978],[8.7897833,47.1981921],[8.788764,47.1979216],[8.7876772,47.1976676],[8.7854494,47.1972212],[8.7840835,47.1969458],[8.7828668,47.1966603],[8.7815791,47.1963317],[8.7801229,47.1959241],[8.7782034,47.195416],[8.776815,47.1951082],[8.7755049,47.1948641],[8.7747786,47.1947503]]}},{"type":"Feature","properties":{"highway":"motorway","lanes":"2","maxspeed":"120","oneway":"yes","ref":"A3","toll":"yes","carriage_ref":"a"},"geometry":{"type":"LineString","coordinates":[[8.8628243,47.1877269],[8.8631057,47.1879853],[8.8633764,47.1882747],[8.8635816,47.1885102],[8.8639618,47.188981],[8.8643257,47.1894555],[8.8650492,47.1904126],[8.8653634,47.1907892],[8.8656408,47.1911019],[8.8659006,47.1913769],[8.8661975,47.1916783],[8.8664335,47.191902],[8.8667654,47.1922049],[8.867076,47.1924727],[8.8678743,47.193085],[8.8683664,47.1934444],[8.8687631,47.19371]]}},{"type":"Feature","properties":{"avz":"81","cs_dir:forward":"2","destination:country:lanes":"F;D|F;D|F;D||","destination:lanes":"Basel|Basel|Basel|Delemont;Muttenz;Bruderholz|Basel-St.Jakob;Birsfelden;St.Jakob","destination:ref:lanes":"A2;A3|A2;A3|A2;A3|A18|","destination:symbol:lanes":"none;airport|none;airport|none;airport|none;none;hospital|none;harbour;stadium","highway":"motorway","int_ref":"E 25;E 35;E 60","lanes":"5","maxspeed":"100","oneway":"yes","ref":"A2;A3","ssvz":"705N","surface":"asphalt","toll":"yes","turn:lanes":"through|through|through|slight_right|slight_right","carriage_ref":"b"},"geometry":{"type":"LineString","coordinates":[[7.6350419,47.5406225],[7.6344507,47.5407194]]}},{"type":"Feature","properties":{"avz":"216","cs_dir:forward":"1","highway":"motorway","lanes":"2","maxspeed":"120","oneway":"yes","ref":"A3","ssvz":"758N","toll":"yes","carriage_ref":"a"},"geometry":{"type":"LineString","coordinates":[[8.8939169,47.1939678],[8.8949249,47.1935242],[8.8957075,47.1932257],[8.8966461,47.1929256]]}},{"type":"Feature","properties":{"highway":"motorway","lanes":"2","maxspeed":"100","oneway":"yes","ref":"A3","toll":"yes","carriage_ref":"b"},"geometry":{"type":"LineString","coordinates":[[9.3088642,47.1146742],[9.3080695,47.1145958]]}},{"type":"Feature","properties":{"highway":"motorway","lanes":"3","maxspeed":"120","oneway":"yes","placement":"right_of:1","ref":"A3","surface":"asphalt","toll":"yes","turn:lanes":"||merge_to_left","carriage_ref":"b"},"geometry":{"type":"LineString","coordinates":[[9.0881017,47.1285522],[9.0872593,47.1286027]]}},{"type":"Feature","properties":{"avz":"321","cs_dir:forward":"1","highway":"motorway","int_ref":"E 25;E 60","lanes":"2","layer":"-1","maxspeed":"80","name":"Horburgtunnel","oneway":"yes","ref":"A3","toll":"yes","tunnel":"yes","tunnel:name":"Horburg","carriage_ref":"a"},"geometry":{"type":"LineString","coordinates":[[7.597506,47.5708828],[7.5978232,47.5709991],[7.5978478,47.5710113],[7.5980576,47.571116],[7.5982544,47.5712552],[7.5984309,47.5714142],[7.598547,47.5715912]]}},{"type":"Feature","properties":{"bridge":"yes","highway":"motorway","int_ref":"E 60","lanes":"4","layer":"1","lit":"yes","maxspeed":"100","oneway":"yes","ref":"A1;A3","surface":"asphalt","toll":"yes","turn:lanes":"none|none|none|merge_to_left","carriage_ref":"b"},"geometry":{"type":"LineString","coordinates":[[8.3137172,47.4531019],[8.313352,47.453089],[8.3129701,47.4530933],[8.3127211,47.4531085],[8.3124334,47.4531332],[8.3120432,47.4531906],[8.3117138,47.4532541],[8.3113685,47.4533405],[8.3111398,47.4534076],[8.3108519,47.4535022]]}},{"type":"Feature","properties":{"highway":"motorway","int_ref":"E 60","lanes":"2","maxspeed":"120","oneway":"yes","ref":"A3","toll":"yes","carriage_ref":"b"},"geometry":{"type":"LineString","coordinates":[[7.797385,47.5447285],[7.7971659,47.5447035],[7.7960811,47.5446127],[7.7953384,47.5445863],[7.7947461,47.5445752],[7.7938878,47.5445786],[7.7930831,47.5446098],[7.7914142,47.5447012],[7.7896869,47.5448013],[7.7875489,47.544913],[7.7865439,47.5449324],[7.7852574,47.5449195],[7.7845748,47.5448987],[7.7839628,47.5448624]]}},{"type":"Feature","properties":{"highway":"motorway","lanes":"2","maxspeed":"120","oneway":"yes","ref":"A3","shoulder:right":"yes","source:maxspeed":"CH:motorway","surface":"asphalt","toll":"yes","carriage_ref":"a"},"geometry":{"type":"LineString","coordinates":[[9.3194798,47.1142932],[9.3201854,47.1143704],[9.3206165,47.1144237],[9.3209617,47.1144733],[9.3213231,47.1145273],[9.3216377,47.1145801],[9.3224152,47.1147146]]}},{"type":"Feature","properties":{"change:lanes":"not_left|yes|no","highway":"motorway","lanes":"3","lit":"yes","maxspeed":"100","oneway":"yes","overtaking:hgv":"no","placement":"right_of:1","ref":"A3","shoulder:right":"yes","source:maxspeed":"sign","surface":"asphalt","toll":"yes","turn:lanes":"||slight_right","carriage_ref":"a"},"geometry":{"type":"LineString","coordinates":[[9.1879392,47.1141602],[9.18832,47.1142314],[9.1886312,47.1142806],[9.1889643,47.1143228]]}},{"type":"Feature","properties":{"highway":"motorway","int_ref":"E 60","lanes":"2","maxspeed":"120","oneway":"yes","ref":"A3","toll":"yes","carriage_ref":"a"},"geometry":{"type":"LineString","coordinates":[[8.0134982,47.5183279],[8.0142014,47.5177776],[8.0151236,47.5170192]]}},{"type":"Feature","properties":{"destination":"San Bernardino;Chur","destination:ref":"A 3","highway":"motorway","lanes":"3","lit":"yes","maxspeed":"100","oneway":"yes","ref":"A3","toll":"yes","turn:lanes":"merge_to_right|none|none","carriage_ref":"a"},"geometry":{"type":"LineString","coordinates":[[8.5280879,47.3308849],[8.5282364,47.3307336],[8.5285128,47.3304174]]}},{"type":"Feature","properties":{"bridge":"yes","highway":"motorway","lanes":"2","layer":"1","maxspeed":"120","oneway":"yes","ref":"A3","toll":"yes","carriage_ref":"b"},"geometry":{"type":"LineString","coordinates":[[8.7271266,47.1917305],[8.7264438,47.1918463]]}},{"type":"Feature","properties":{"bridge":"yes","change:lanes":"not_left|not_right|yes","highway":"motorway","lanes":"3","layer":"1","maxspeed":"120","oneway":"yes","placement":"right_of:1","ref":"A3","surface":"asphalt","toll":"yes","turn:lanes":"||merge_to_left","carriage_ref":"b"},"geometry":{"type":"LineString","coordinates":[[9.0627367,47.1295583],[9.0617381,47.1298401]]}},{"type":"Feature","properties":{"bridge":"yes","highway":"motorway","lanes":"2","layer":"1","maxspeed":"120","oneway":"yes","ref":"A3","toll":"yes","carriage_ref":"b"},"geometry":{"type":"LineString","coordinates":[[8.6237815,47.2318469],[8.6233178,47.2319699],[8.622738,47.2321428],[8.6221883,47.2323236]]}},{"type":"Feature","properties":{"bridge":"yes","highway":"motorway","lanes":"2","layer":"1","maxspeed":"100","oneway":"yes","ref":"A3","toll":"yes","carriage_ref":"b"},"geometry":{"type":"LineString","coordinates":[[9.3194434,47.1144218],[9.3189042,47.1143805],[9.3182325,47.1143463],[9.3173601,47.1143224],[9.316659,47.1143343],[9.3161251,47.1143499],[9.3152318,47.1143915],[9.3143188,47.1144576],[9.3119714,47.1146712],[9.3113252,47.1147012],[9.3103804,47.1147225],[9.3088642,47.1146742]]}},{"type":"Feature","properties":{"bridge":"yes","highway":"motorway","int_ref":"E 60","lanes":"2","layer":"1","maxspeed":"100","oneway":"yes","overtaking:hgv":"no","ref":"A3","toll":"yes","traffic_sign":"CH:2.45","carriage_ref":"a"},"geometry":{"type":"LineString","coordinates":[[8.1580885,47.460154],[8.1591502,47.4607885],[8.159986,47.4612648],[8.1605507,47.4615681],[8.1610453,47.4618002],[8.161668,47.4620637],[8.1621717,47.4622486],[8.1629089,47.462487],[8.1635908,47.4626711],[8.1645095,47.462847],[8.1653601,47.4629608],[8.1659236,47.4630104],[8.1665243,47.4630363],[8.1673046,47.4630426],[8.1680766,47.4629948],[8.1688401,47.4629237],[8.1695838,47.4628093],[8.170357,47.4626426],[8.1709679,47.4624758],[8.1715552,47.4622893],[8.1718472,47.4621815],[8.1722855,47.4620088],[8.1727894,47.4617903],[8.1731647,47.4616214]]}},{"type":"Feature","properties":{"destination":"San Bernardino;Chur;Zürich-City","highway":"motorway","lanes":"2","lit":"yes","maxspeed":"100","maxspeed:variable":"obstruction","oneway":"yes","overtaking:hgv":"no","ref":"A3","source:maxspeed":"signals","surface":"asphalt","toll":"yes","carriage_ref":"a"},"geometry":{"type":"LineString","coordinates":[[8.4548003,47.3418353],[8.4556217,47.3418874],[8.4563396,47.341913],[8.4568415,47.3419524],[8.4571508,47.3419928],[8.4575746,47.3420809],[8.4579764,47.3421913],[8.4584012,47.3423515],[8.4587047,47.3425006],[8.4591303,47.3427656],[8.4595444,47.3430609],[8.4604853,47.3438734]]}},{"type":"Feature","properties":{"highway":"motorway","int_ref":"E 25;E 35;E 60","lanes":"5","maxspeed":"100","oneway":"yes","ref":"A2;A3","toll":"yes","carriage_ref":"b"},"geometry":{"type":"LineString","coordinates":[[7.7270507,47.5296671],[7.724853,47.5290015],[7.7237897,47.5286986],[7.7218488,47.5281285]]}},{"type":"Feature","properties":{"avz":"607","cs_dir:forward":"2","highway":"motorway","lanes":"2","maxspeed":"120","oneway":"yes","ref":"A3","surface":"asphalt","toll":"yes","carriage_ref":"b"},"geometry":{"type":"LineString","coordinates":[[8.5976279,47.2483306],[8.5955491,47.2497733],[8.5946051,47.2504359],[8.5939788,47.2508699],[8.5931587,47.2514452],[8.5923665,47.2519882],[8.5916921,47.2524528],[8.5908423,47.2530296],[8.5896568,47.2537967],[8.587606,47.255097],[8.5864972,47.2557833],[8.5854626,47.2564384],[8.5835073,47.2577413],[8.5827257,47.2582834],[8.5819121,47.2588538],[8.5812542,47.2593499],[8.5805196,47.2599275],[8.57988,47.2604191],[8.5790926,47.2610757],[8.5783736,47.2616889]]}},{"type":"Feature","properties":{"avz":"54","cs_dir:forward":"1","highway":"motorway","lanes":"2","maxspeed":"120","oneway":"yes","ref":"A3","ssvz":"73N","surface":"asphalt","toll":"yes","carriage_ref":"a"},"geometry":{"type":"LineString","coordinates":[[8.5356839,47.3182453],[8.536117,47.3178245],[8.5365693,47.3174288],[8.5370135,47.3170564]]}},{"type":"Feature","properties":{"destination":"Chur;Luzern;Westring Zürich","destination:ref":"A4","highway":"motorway","lanes":"1","lit":"yes","maxspeed":"100","oneway":"yes","placement":"transition","ref":"59","surface":"asphalt","toll":"yes","carriage_ref":"a"},"geometry":{"type":"LineString","coordinates":[[8.4252343,47.4092165],[8.4246254,47.40855]]}},{"type":"Feature","properties":{"highway":"motorway","int_ref":"E 60","lanes":"4","lit":"no","maxspeed":"100","oneway":"yes","ref":"A1;A3","surface":"asphalt","toll":"yes","carriage_ref":"b"},"geometry":{"type":"LineString","coordinates":[[8.4150442,47.417763],[8.4148903,47.4178345],[8.414467,47.4180357],[8.413749,47.4183543],[8.4134428,47.4184848],[8.4131336,47.4186134],[8.412793,47.418751],[8.4124499,47.4188869]]}},{"type":"Feature","properties":{"avz":"216","cs_dir:forward":"2","highway":"motorway","lanes":"2","maxspeed":"120","oneway":"yes","ref":"A3","ssvz":"758N","toll":"yes","carriage_ref":"b"},"geometry":{"type":"LineString","coordinates":[[9.0069636,47.1719813],[9.0059513,47.1726925],[9.004865,47.1735166],[9.0039477,47.1741767],[9.003135,47.1747549],[9.0022042,47.1753745],[9.001257,47.1759991],[9.000493,47.1764776],[8.9997152,47.1769462],[8.9989319,47.1773928],[8.9981381,47.1778153],[8.9966455,47.1785894],[8.9954197,47.1791746],[8.9941081,47.1797544]]}},{"type":"Feature","properties":{"avz":"216","cs_dir:forward":"2","highway":"motorway","lanes":"3","maxspeed":"120","oneway":"yes","placement":"right_of:1","ref":"A3","ssvz":"758N","toll":"yes","turn:lanes":"||merge_to_left","carriage_ref":"b"},"geometry":{"type":"LineString","coordinates":[[9.0310563,47.1546254],[9.0291777,47.1559789]]}},{"type":"Feature","properties":{"avz":"577","cs_dir:forward":"2","highway":"motorway","lanes":"3","layer":"-2","lit":"yes","maxspeed":"100","oneway":"yes","ref":"A3","toll":"yes","tunnel":"yes","tunnel:alt_name":"Üetlibergtunnel","tunnel:name":"Uetlibergtunnel","carriage_ref":"b"},"geometry":{"type":"LineString","coordinates":[[8.4748381,47.3499722],[8.4739016,47.3500801],[8.4729852,47.3501342],[8.4723392,47.3501479],[8.4716795,47.3501391],[8.4710579,47.3501102],[8.4704576,47.3500598],[8.4696918,47.3499814],[8.4689215,47.3498651],[8.468592,47.349805],[8.4682585,47.3497317],[8.4675957,47.3495661],[8.4668008,47.3493442],[8.4660981,47.3491004],[8.4656387,47.3489303],[8.4651797,47.3487312],[8.4648974,47.3485992],[8.4646194,47.3484533],[8.4641534,47.3482055],[8.4637228,47.3479325],[8.4632221,47.3475671],[8.4627416,47.3471814],[8.462387,47.3468344],[8.4620544,47.3464684],[8.4616638,47.345968],[8.461146,47.3451726]]}},{"type":"Feature","properties":{"highway":"motorway","lanes":"3","maxspeed":"120","oneway":"yes","ref":"A3","toll":"yes","turn:lanes":"none|none|slight_right","carriage_ref":"b"},"geometry":{"type":"LineString","coordinates":[[8.7555711,47.1961078],[8.7548565,47.1960962],[8.7541047,47.1960657]]}},{"type":"Feature","properties":{"highway":"motorway","int_ref":"E 60","lanes":"4","lit":"yes","maxspeed":"100","oneway":"yes","ref":"A1;A3","surface":"asphalt","toll":"yes","turn:lanes":"none|none|none|merge_to_left","carriage_ref":"b"},"geometry":{"type":"LineString","coordinates":[[8.3150142,47.4532832],[8.3148161,47.4532425],[8.3146184,47.453206],[8.3143757,47.4531671],[8.3141412,47.4531371],[8.3139025,47.4531139],[8.3137172,47.4531019]]}},{"type":"Feature","properties":{"bridge":"yes","highway":"motorway","lanes":"3","layer":"1","maxspeed":"120","oneway":"yes","placement":"right_of:1","ref":"A3","surface":"asphalt","toll":"yes","turn:lanes":"||merge_to_left","carriage_ref":"b"},"geometry":{"type":"LineString","coordinates":[[9.4570765,47.0386008],[9.4567808,47.0386144],[9.4562175,47.0386199],[9.4558635,47.0386144]]}},{"type":"Feature","properties":{"highway":"motorway","int_ref":"E 60","lanes":"2","layer":"-1","maxspeed":"100","oneway":"yes","ref":"A3","toll":"yes","tunnel":"yes","tunnel:name":"Schinznacherfeld","carriage_ref":"b"},"geometry":{"type":"LineString","coordinates":[[8.1498892,47.4566058],[8.1490544,47.456451],[8.1485005,47.4563788],[8.1477328,47.4562848],[8.1470342,47.4562186],[8.1456288,47.4561034],[8.1442403,47.4560477],[8.1440349,47.4560474]]}},{"type":"Feature","properties":{"highway":"motorway","int_ref":"E 60","lanes":"2","maxspeed":"120","oneway":"yes","ref":"A3","toll":"yes","carriage_ref":"a"},"geometry":{"type":"LineString","coordinates":[[7.9593834,47.5411477],[7.9601299,47.5412756],[7.9607897,47.5413608],[7.9613677,47.5414228],[7.9619199,47.5414573],[7.9625478,47.5414655],[7.9631421,47.5414474],[7.9637692,47.5414023]]}},{"type":"Feature","properties":{"highway":"motorway","int_ref":"E 25;E 35;E 60","lanes":"4","maxspeed":"80","oneway":"yes","ref":"A2;A3","surface":"asphalt","toll":"yes","turn:lanes":"through|through|slight_right|slight_right","carriage_ref":"a"},"geometry":{"type":"LineString","coordinates":[[7.6230569,47.5422502],[7.6234846,47.5421694]]}},{"type":"Feature","properties":{"destination":"Mulhouse;EuroAirport;Basel-St.Johann","destination:country":"F","destination:ref":"A 3","highway":"motorway","int_ref":"E 25;E 60","lanes":"2","maxspeed":"80","oneway":"yes","ref":"A3","toll":"yes","carriage_ref":"b"},"geometry":{"type":"LineString","coordinates":[[7.6030616,47.5720789],[7.6028434,47.5723993],[7.6024555,47.5729869]]}},{"type":"Feature","properties":{"avz":"220","cs_dir:forward":"1","destination:lanes":"Zürich|Bern","destination:ref:lanes":"E60;A1;A3|A1","highway":"motorway","int_ref":"E 60","lanes":"2","maxspeed":"100","oneway":"yes","ref":"A3","ssvz":"1128N","surface":"asphalt","toll":"yes","carriage_ref":"a"},"geometry":{"type":"LineString","coordinates":[[8.2340478,47.4499582],[8.2368556,47.4491564],[8.2374063,47.4489949]]}},{"type":"Feature","properties":{"highway":"motorway","int_ref":"E 41","lanes":"3","lit":"no","maxspeed":"100","maxspeed:variable":"obstruction","oneway":"yes","placement":"right_of:1","ref":"A3;A4","shoulder:right":"yes","source:maxspeed":"signals","surface":"asphalt","toll":"yes","turn:lanes":"||merge_to_left","carriage_ref":"a"},"geometry":{"type":"LineString","coordinates":[[8.4223488,47.4057878],[8.4221007,47.4053463],[8.4219291,47.4049991],[8.4217435,47.4045644],[8.4216261,47.4042808]]}},{"type":"Feature","properties":{"highway":"motorway","int_ref":"E 60","lanes":"2","maxspeed":"120","oneway":"yes","ref":"A3","toll":"yes","carriage_ref":"b"},"geometry":{"type":"LineString","coordinates":[[7.958128,47.5410353],[7.9575163,47.5409457],[7.9569348,47.5408907],[7.9562725,47.5408454],[7.9558581,47.5408321],[7.9555002,47.5408337]]}},{"type":"Feature","properties":{"destination:lanes":"Zürich: Wettingen Ost|Zürich: Wettingen Ost","destination:ref":"A1;A3","highway":"motorway","int_ref":"E 60","lanes":"2","lit":"no","maxspeed":"100","oneway":"yes","ref":"A1;A3","surface":"asphalt","toll":"yes"},"geometry":{"type":"LineString","coordinates":[[8.2816253,47.457907],[8.2822599,47.4579974],[8.2827867,47.458076],[8.2832354,47.4581424],[8.2839173,47.4582412],[8.2846398,47.4583404],[8.2854684,47.4584374]]}},{"type":"Feature","properties":{"highway":"motorway","lanes":"2","maxspeed":"120","oneway":"yes","ref":"A3","shoulder:right":"yes","source:maxspeed":"CH:motorway","surface":"asphalt","toll":"yes","carriage_ref":"a"},"geometry":{"type":"LineString","coordinates":[[9.4298393,47.0496023],[9.4301541,47.0492118],[9.4306975,47.0484983],[9.430853,47.0482625]]}},{"type":"Feature","properties":{"highway":"motorway","lanes":"2","maxspeed":"80","oneway":"yes","ref":"A3","toll":"yes","carriage_ref":"b"},"geometry":{"type":"LineString","coordinates":[[9.1244818,47.1256602],[9.1237137,47.1256805],[9.1230824,47.1256446],[9.1219938,47.1254616]]}},{"type":"Feature","properties":{"highway":"motorway","int_ref":"E 25;E 35;E 60","lanes":"3","maxspeed":"100","oneway":"yes","ref":"A2;A3","toll":"yes","carriage_ref":"a"},"geometry":{"type":"LineString","coordinates":[[7.6690208,47.5285789],[7.6702517,47.5282142],[7.6711203,47.52797],[7.671622,47.52785],[7.6720466,47.5277603]]}},{"type":"Feature","properties":{"bridge":"yes","highway":"motorway","int_ref":"E 25;E 35;E 60","lanes":"4","layer":"1","maxspeed":"80","oneway":"yes","ref":"A2;A3","toll":"yes","turn:lanes":"through|through|through|merge_to_left","carriage_ref":"b"},"geometry":{"type":"LineString","coordinates":[[7.6255635,47.541977],[7.6249429,47.5420575]]}},{"type":"Feature","properties":{"highway":"motorway","lanes":"3","maxspeed":"120","oneway":"yes","ref":"A3","toll":"yes","turn:lanes":"none|none|merge_to_left","carriage_ref":"a"},"geometry":{"type":"LineString","coordinates":[[8.7231361,47.1924201],[8.7242164,47.1921646],[8.7248227,47.1920336],[8.7257711,47.1918527]]}},{"type":"Feature","properties":{"highway":"motorway","lanes":"2","maxspeed":"120","oneway":"yes","ref":"A3","surface":"asphalt","toll":"yes","carriage_ref":"b"},"geometry":{"type":"LineString","coordinates":[[8.609771,47.2398791],[8.6092254,47.2402582],[8.6084018,47.2408344],[8.6078814,47.2411921],[8.607432,47.2414996],[8.6066069,47.2420792],[8.605818,47.2426284],[8.6047435,47.2433874]]}},{"type":"Feature","properties":{"bridge":"yes","highway":"motorway","int_ref":"E 60","lanes":"5","layer":"1","lit":"no","maxspeed":"120","oneway":"yes","ref":"A1;A3","surface":"asphalt","toll":"yes","turn:lanes":"through|through|through|right|right","carriage_ref":"a"},"geometry":{"type":"LineString","coordinates":[[8.3919387,47.4223511],[8.3925788,47.4223074]]}},{"type":"Feature","properties":{"highway":"motorway","int_ref":"E 41","lanes":"2","lit":"yes","maxspeed":"100","oneway":"yes","ref":"A3;A4","smoothness":"good","source:maxspeed":"sign","surface":"asphalt","toll":"yes","carriage_ref":"b"},"geometry":{"type":"LineString","coordinates":[[8.4149089,47.3911278],[8.4151782,47.3915369],[8.4154708,47.3919274],[8.4158026,47.3923446],[8.4161784,47.3927693]]}},{"type":"Feature","properties":{"highway":"motorway","lanes":"2","maxspeed":"100","oneway":"yes","ref":"A3","toll":"yes","carriage_ref":"a"},"geometry":{"type":"LineString","coordinates":[[8.7076597,47.196168],[8.7085033,47.1960965],[8.7092,47.1960237]]}},{"type":"Feature","properties":{"highway":"motorway","lanes":"2","maxspeed":"80","oneway":"yes","ref":"A3","shoulder":"no","surface":"asphalt","toll":"yes","carriage_ref":"b"},"geometry":{"type":"LineString","coordinates":[[9.1371876,47.1256487],[9.1368624,47.1257083],[9.1364473,47.1257738],[9.1359183,47.1258506],[9.1355672,47.1258971],[9.1342475,47.1260234],[9.1339828,47.1260502]]}},{"type":"Feature","properties":{"bridge":"yes","highway":"motorway","lanes":"2","layer":"1","maxspeed":"120","oneway":"yes","ref":"A3","toll":"yes","carriage_ref":"b"},"geometry":{"type":"LineString","coordinates":[[8.8594585,47.1860534],[8.8592521,47.1859974],[8.8590365,47.1859448],[8.8587084,47.1858705],[8.8583387,47.1857983],[8.8581148,47.1857615],[8.8578324,47.1857221],[8.8574949,47.1856842],[8.8570608,47.1856482],[8.8566442,47.1856223],[8.8561704,47.1856011],[8.8558208,47.1855905]]}},{"type":"Feature","properties":{"highway":"motorway","lanes":"2","maxspeed":"120","oneway":"yes","ref":"A3","shoulder:right":"yes","source:maxspeed":"CH:motorway","surface":"asphalt","toll":"yes","carriage_ref":"a"},"geometry":{"type":"LineString","coordinates":[[9.0647637,47.1290756],[9.0653086,47.129]]}},{"type":"Feature","properties":{"destination":"Basel;Brugg","destination:country":"DE;FR","destination:ref":"A3","highway":"motorway","int_ref":"E 60","lanes":"2","maxspeed":"100","oneway":"yes","surface":"asphalt","toll":"yes","carriage_ref":"b"},"geometry":{"type":"LineString","coordinates":[[8.2507281,47.4482037],[8.2501015,47.4479696],[8.2493841,47.4476516]]}},{"type":"Feature","properties":{"avz":"565","cs_dir:forward":"1","highway":"motorway","int_ref":"E 41","lanes":"2","layer":"-1","lit":"24/7","maxspeed":"100","maxspeed:variable":"obstruction","oneway":"yes","overtaking:hgv":"no","ref":"A3;A4","shoulder:right":"yes","source:maxspeed":"signals","surface":"asphalt","toll":"yes","tunnel":"yes","tunnel:alt_name":"Äschertunnel","tunnel:name":"Aeschertunnel","carriage_ref":"a"},"geometry":{"type":"LineString","coordinates":[[8.4300349,47.3446496],[8.4307781,47.3439445],[8.4311304,47.3436504],[8.4315076,47.3433743],[8.4322831,47.3428517],[8.4329601,47.342454],[8.4336693,47.3420783],[8.4344163,47.3417434],[8.4352039,47.3414348],[8.4356763,47.341273],[8.4361705,47.3411145],[8.4366685,47.3409713],[8.4371783,47.340835],[8.4377361,47.340708],[8.4383096,47.3405981],[8.438883,47.3405035],[8.4395014,47.3404178],[8.4401279,47.3403552],[8.4407919,47.3403067],[8.4421433,47.3402697],[8.4426178,47.3402837],[8.4430969,47.3403049]]}},{"type":"Feature","properties":{"highway":"motorway","lanes":"2","maxspeed":"120","oneway":"yes","ref":"A3","surface":"asphalt","toll":"yes","carriage_ref":"b"},"geometry":{"type":"LineString","coordinates":[[8.620087,47.2331615],[8.6198221,47.2332824],[8.6195657,47.2334078],[8.6193201,47.2335364],[8.6187446,47.2338391],[8.6183762,47.2340433],[8.6175362,47.2345431],[8.6166813,47.2350891],[8.6162219,47.2353954],[8.6157394,47.2357184],[8.6151749,47.236117],[8.6142116,47.2367927]]}},{"type":"Feature","properties":{"highway":"motorway","lanes":"2","maxspeed":"120","oneway":"yes","ref":"A3","toll":"yes","carriage_ref":"b"},"geometry":{"type":"LineString","coordinates":[[8.8710033,47.1951577],[8.8702248,47.1947706],[8.8695888,47.1944411],[8.8692216,47.1942362]]}},{"type":"Feature","properties":{"bridge":"yes","destination":"Zürich","highway":"motorway","int_ref":"E 60","lanes":"3","layer":"1","lit":"no","maxspeed":"120","oneway":"yes","ref":"A1;A3","surface":"asphalt","toll":"yes","carriage_ref":"a"},"geometry":{"type":"LineString","coordinates":[[8.3293071,47.4546639],[8.329736,47.454643],[8.3300527,47.4546209],[8.3303812,47.454592],[8.3307096,47.4545555],[8.3310142,47.4545136]]}},{"type":"Feature","properties":{"avz":"216","cs_dir:forward":"2","highway":"motorway","lanes":"3","maxspeed":"120","oneway":"yes","placement":"right_of:1","ref":"A3","ssvz":"758N","toll":"yes","turn:lanes":"||merge_to_left","carriage_ref":"b"},"geometry":{"type":"LineString","coordinates":[[9.0492079,47.139315],[9.0485784,47.140168]]}},{"type":"Feature","properties":{"highway":"motorway","int_ref":"E 25;E 35;E 60","lanes":"3","maxspeed":"100","oneway":"yes","ref":"A2;A3","toll":"yes","carriage_ref":"b"},"geometry":{"type":"LineString","coordinates":[[7.6591896,47.5339546],[7.6580544,47.5346812],[7.6573995,47.5350289],[7.6572265,47.5351142],[7.6565054,47.5354289],[7.65589,47.5356679],[7.6557134,47.5357346]]}},{"type":"Feature","properties":{"avz":"277","cs_dir:forward":"2","highway":"motorway","int_ref":"E 25;E 35;E 60","lanes":"3","maxspeed":"80","oneway":"yes","ref":"A2;A3","toll":"yes","carriage_ref":"b"},"geometry":{"type":"LineString","coordinates":[[7.6153654,47.5486533],[7.6156411,47.5493512],[7.6158342,47.5498464],[7.6162466,47.5508745]]}},{"type":"Feature","properties":{"bridge":"yes","highway":"motorway","lanes":"2","layer":"1","maxspeed":"100","oneway":"yes","overtaking:hgv":"no","ref":"A3","shoulder:right":"yes","source:maxspeed":"sign","surface":"asphalt","toll":"yes","wikidata":"Q96146615","carriage_ref":"a"},"geometry":{"type":"LineString","coordinates":[[9.1141519,47.1250945],[9.115105,47.1248348]]}},{"type":"Feature","properties":{"highway":"motorway","lanes":"3","maxspeed":"120","oneway":"yes","ref":"A3","toll":"yes","turn:lanes":"none|none|merge_to_left","carriage_ref":"a"},"geometry":{"type":"LineString","coordinates":[[8.6871481,47.2024386],[8.6878005,47.2022907],[8.6888773,47.2020446],[8.6895638,47.2018712]]}},{"type":"Feature","properties":{"bridge":"yes","highway":"motorway","lanes":"2","layer":"1","maxspeed":"120","oneway":"yes","ref":"A3","toll":"yes","carriage_ref":"a"},"geometry":{"type":"LineString","coordinates":[[8.6099468,47.2395332],[8.6108704,47.2388811]]}},{"type":"Feature","properties":{"highway":"motorway","lanes":"2","maxspeed":"80","oneway":"yes","ref":"A3","shoulder":"no","surface":"asphalt","toll":"yes","carriage_ref":"b"},"geometry":{"type":"LineString","coordinates":[[9.1323124,47.1261949],[9.1321415,47.1261991],[9.131875,47.1261949],[9.1316222,47.1261766],[9.1313522,47.1261493],[9.131033,47.1261026]]}},{"type":"Feature","properties":{"avz":"299","cs_dir:forward":"2","highway":"motorway","lanes":"2","maxspeed":"120","oneway":"yes","ref":"A3","toll":"yes","carriage_ref":"b"},"geometry":{"type":"LineString","coordinates":[[8.7001686,47.1978929],[8.6994727,47.1982455],[8.6984957,47.1987286],[8.6976282,47.1991451],[8.6965097,47.1996427],[8.6955254,47.2000548],[8.6944478,47.2004602],[8.6938536,47.2006801],[8.6927007,47.2010797],[8.6914444,47.2014754]]}},{"type":"Feature","properties":{"highway":"motorway","int_ref":"E 60","lanes":"4","lit":"no","maxspeed":"100","oneway":"yes","ref":"A1;A3","signals":"maxspeed=signals","surface":"asphalt","toll":"yes","turn:lanes":"through|through|through|slight_right","carriage_ref":"b"},"geometry":{"type":"LineString","coordinates":[[8.2758245,47.4571838],[8.2753689,47.4570624],[8.2749262,47.4569369],[8.2745063,47.4568007],[8.2736271,47.4564886]]}},{"type":"Feature","properties":{"avz":"283","cs_dir:forward":"2","highway":"motorway","int_ref":"E 25;E 60","lanes":"2","layer":"-1","maxspeed":"80","name":"St. Johanns-Tunnel","oneway":"yes","ref":"A3","toll":"yes","tunnel":"yes","tunnel:alt_name":"St. Johanns","tunnel:name":"St. Johann","carriage_ref":"b"},"geometry":{"type":"LineString","coordinates":[[7.5742899,47.5712183],[7.5707091,47.5714495]]}},{"type":"Feature","properties":{"highway":"motorway","lanes":"3","maxspeed":"100","oneway":"yes","overtaking:hgv":"no","placement":"right_of:1","ref":"A3","shoulder:right":"yes","source:maxspeed":"sign","surface":"asphalt","toll":"yes","turn:lanes":"||merge_to_left","carriage_ref":"a"},"geometry":{"type":"LineString","coordinates":[[9.1931923,47.114005],[9.1934229,47.1139639],[9.1944274,47.1137842]]}},{"type":"Feature","properties":{"highway":"motorway","int_ref":"E 25;E 35;E 60","lanes":"3","maxspeed":"120","oneway":"yes","ref":"A2;A3","toll":"yes","carriage_ref":"a"},"geometry":{"type":"LineString","coordinates":[[7.6720466,47.5277603],[7.6724107,47.5276833],[7.6729469,47.5275861],[7.6735457,47.5274951],[7.6740161,47.527439],[7.6744147,47.5274008]]}},{"type":"Feature","properties":{"bridge":"yes","highway":"motorway","int_ref":"E 60","lanes":"2","layer":"1","maxspeed":"120","oneway":"yes","ref":"A3","toll":"yes","carriage_ref":"a"},"geometry":{"type":"LineString","coordinates":[[7.9637692,47.5414023],[7.9645654,47.5413041]]}},{"type":"Feature","properties":{"destination":"Chur;St. Margrethen;München;Feldkirch","highway":"motorway","lanes":"2","maxspeed":"120","oneway":"yes","ref":"A3","shoulder:right":"yes","source:maxspeed":"CH:motorway","surface":"asphalt","toll":"yes","carriage_ref":"a"},"geometry":{"type":"LineString","coordinates":[[9.4354258,47.0430343],[9.4358537,47.042702],[9.4362272,47.0424279],[9.4368106,47.0420283],[9.4370734,47.0418697]]}},{"type":"Feature","properties":{"highway":"motorway","lanes":"2","maxspeed":"120","oneway":"yes","ref":"A3","toll":"yes","carriage_ref":"a"},"geometry":{"type":"LineString","coordinates":[[8.8042152,47.2006687],[8.8045534,47.2006251],[8.8052388,47.2005202],[8.8058947,47.2003985],[8.806537,47.200252],[8.8070764,47.2001062],[8.8075692,47.1999487],[8.8081807,47.1997376],[8.8087631,47.1995014],[8.8093301,47.199244],[8.8098319,47.198991],[8.8105886,47.1985424],[8.8115071,47.1979286],[8.8122154,47.1973049]]}},{"type":"Feature","properties":{"avz":"245","cs_dir:forward":"1","highway":"motorway","lanes":"3","maxspeed":"120","oneway":"yes","placement":"right_of:1","ref":"A3","shoulder:right":"yes","source:maxspeed":"CH:motorway","ssvz":"82N","surface":"asphalt","toll":"yes","turn:lanes":"||merge_to_left","carriage_ref":"a"},"geometry":{"type":"LineString","coordinates":[[9.4386863,47.0409501],[9.4388972,47.0408476],[9.4395867,47.0405203]]}},{"type":"Feature","properties":{"highway":"motorway","lanes":"2","maxspeed":"120","oneway":"yes","ref":"A3","toll":"yes","carriage_ref":"a"},"geometry":{"type":"LineString","coordinates":[[8.8715937,47.1952351],[8.8723509,47.1955417],[8.8731302,47.1958528],[8.8736621,47.1960301],[8.8742442,47.1962026],[8.874882,47.1963797],[8.8754092,47.1965156],[8.8760733,47.1966592],[8.8770571,47.1968489],[8.8780353,47.1969693],[8.8791517,47.1970867],[8.8798543,47.1971176],[8.8804464,47.1971339],[8.8809196,47.1971409],[8.8816904,47.1971274],[8.882781,47.1970662],[8.8837512,47.1969595],[8.8841963,47.1968995],[8.8846845,47.1968319],[8.8852841,47.1967364],[8.8860504,47.1966156],[8.8872443,47.1963606],[8.8885135,47.1960182],[8.8895699,47.1956951],[8.8908853,47.1952481],[8.8919119,47.1948454],[8.8930861,47.1943516],[8.8939169,47.1939678]]}},{"type":"Feature","properties":{"highway":"motorway","int_ref":"E 60","lanes":"4","lit":"no","maxspeed":"120","oneway":"yes","ref":"A1;A3","surface":"asphalt","toll":"yes","turn:lanes":"through|through|through|slight_right","carriage_ref":"b"},"geometry":{"type":"LineString","coordinates":[[8.3935197,47.4223954],[8.3925244,47.422452]]}},{"type":"Feature","properties":{"highway":"motorway","int_ref":"E 41","lanes":"4","lit":"no","maxspeed":"100","maxspeed:variable":"obstruction","oneway":"yes","placement":"right_of:1","ref":"A3;A4","shoulder":"none","source:maxspeed":"signals","surface":"asphalt","toll":"yes","turn:lanes":"||merge_to_left|merge_to_left","carriage_ref":"a"},"geometry":{"type":"LineString","coordinates":[[8.4213127,47.3697951],[8.421424,47.369643]]}},{"type":"Feature","properties":{"destination":"Zürich","highway":"motorway","lanes":"2","layer":"-2","lit":"yes","maxspeed":"100","name":"Bareggtunnel","oneway":"yes","ref":"A1;A3","signals":"maxspeed=signals","surface":"asphalt","toll":"yes","tunnel":"yes","tunnel:name":"Baregg","wikidata":"Q808058","wikipedia":"de:Bareggtunnel","carriage_ref":"a"},"geometry":{"type":"LineString","coordinates":[[8.2889931,47.4585637],[8.296479,47.4593212],[8.2995421,47.459624],[8.3008365,47.4596614],[8.3014664,47.4596275],[8.3020707,47.4595299],[8.3028263,47.4593428],[8.303564,47.4591179]]}},{"type":"Feature","properties":{"destination":"Bern","highway":"motorway","int_ref":"E 60","lanes":"4","lit":"no","maxspeed":"120","oneway":"yes","placement":"middle_of:2","ref":"A1;A3","surface":"asphalt","toll":"yes","turn:lanes":"|||merge_to_left","carriage_ref":"b"},"geometry":{"type":"LineString","coordinates":[[8.3382429,47.4504275],[8.3379746,47.4507963],[8.3378371,47.4509783],[8.3376919,47.4511596],[8.3375442,47.4513403],[8.337397,47.4515173],[8.3372413,47.4516956],[8.3370797,47.451867],[8.3369096,47.4520454],[8.336692,47.4522512],[8.3365035,47.4524215]]}},{"type":"Feature","properties":{"bridge":"yes","highway":"motorway","int_ref":"E 60","lanes":"2","layer":"1","maxspeed":"120","oneway":"yes","ref":"A3","toll":"yes","carriage_ref":"a"},"geometry":{"type":"LineString","coordinates":[[7.9584161,47.5409785],[7.9593834,47.5411477]]}},{"type":"Feature","properties":{"highway":"motorway","lanes":"2","maxspeed":"120","oneway":"yes","ref":"A3","toll":"yes","carriage_ref":"a"},"geometry":{"type":"LineString","coordinates":[[8.6895638,47.2018712],[8.6900444,47.2017409],[8.6905027,47.2016178],[8.6909224,47.2014985],[8.6914039,47.2013612],[8.6926055,47.2009822],[8.6937986,47.2005681]]}},{"type":"Feature","properties":{"highway":"motorway","int_ref":"E 60","lanes":"2","maxspeed":"100","oneway":"yes","ref":"A3","toll":"yes","carriage_ref":"b"},"geometry":{"type":"LineString","coordinates":[[8.1991599,47.4510751],[8.1979955,47.4511519],[8.1969283,47.4512368],[8.1957894,47.4513525],[8.1950073,47.4514442],[8.1942537,47.4515494],[8.1935675,47.4516621],[8.1928528,47.4517969]]}},{"type":"Feature","properties":{"highway":"motorway","int_ref":"E 25;E 35;E 60","lanes":"5","maxspeed":"100","oneway":"yes","ref":"A2;A3","toll":"yes","turn:lanes":"none|none|none|none|merge_to_left","carriage_ref":"b"},"geometry":{"type":"LineString","coordinates":[[7.7218488,47.5281285],[7.7208704,47.5278768],[7.7199298,47.5276439]]}},{"type":"Feature","properties":{"bridge":"yes","highway":"motorway","int_ref":"E 60","lanes":"3","layer":"1","lit":"no","maxspeed":"120","oneway":"yes","ref":"A1;A3","surface":"asphalt","toll":"yes","carriage_ref":"b"},"geometry":{"type":"LineString","coordinates":[[8.4085144,47.4202148],[8.4081357,47.420326]]}},{"type":"Feature","properties":{"destination:lanes":"Murg|Murg|Weesen;Amden","highway":"motorway","lanes":"3","maxspeed":"120","oneway":"yes","placement":"right_of:1","ref":"A3","shoulder:right":"yes","source:maxspeed":"CH:motorway","surface":"asphalt","toll":"yes","turn:lanes":"||slight_right","carriage_ref":"a"},"geometry":{"type":"LineString","coordinates":[[9.0882602,47.1284416],[9.0892339,47.1283686]]}},{"type":"Feature","properties":{"avz":"216","cs_dir:forward":"2","destination":"Zürich;Luzern","destination:ref":"A 3","highway":"motorway","lanes":"3","maxspeed":"120","oneway":"yes","ref":"A3","ssvz":"758N","toll":"yes","turn:lanes":"none|none|merge_to_left","carriage_ref":"b"},"geometry":{"type":"LineString","coordinates":[[8.9718459,47.1844157],[8.9713701,47.1844235],[8.9703843,47.1844361],[8.9695991,47.1844352],[8.9685833,47.1844238]]}},{"type":"Feature","properties":{"bridge":"yes","highway":"motorway","int_ref":"E 60","lanes":"2","layer":"1","maxspeed":"100","oneway":"yes","ref":"A3","toll":"yes","carriage_ref":"a"},"geometry":{"type":"LineString","coordinates":[[7.7330393,47.5312974],[7.7340374,47.5316452]]}},{"type":"Feature","properties":{"bridge":"yes","highway":"motorway","lanes":"2","layer":"1","maxspeed":"120","oneway":"yes","ref":"A3","toll":"yes","carriage_ref":"a"},"geometry":{"type":"LineString","coordinates":[[8.6201709,47.2329743],[8.6206747,47.2327718]]}},{"type":"Feature","properties":{"destination":"Zürich Baden;Rheinfelden","highway":"motorway","int_ref":"E 60","lanes":"2","maxspeed":"100","oneway":"yes","ref":"A3","toll":"yes","carriage_ref":"a"},"geometry":{"type":"LineString","coordinates":[[7.7272678,47.5294562],[7.7285033,47.5298423],[7.7290704,47.5300143]]}},{"type":"Feature","properties":{"destination":"Bern","highway":"motorway","int_ref":"E 60","lanes":"3","lit":"no","maxspeed":"120","oneway":"yes","ref":"A1;A3","surface":"asphalt","toll":"yes","carriage_ref":"b"},"geometry":{"type":"LineString","coordinates":[[8.3449414,47.4412739],[8.3447936,47.4414634],[8.3446401,47.4416647],[8.3435759,47.4431082],[8.3423561,47.4447769]]}},{"type":"Feature","properties":{"avz":"577","cs_dir:forward":"1","highway":"motorway","lanes":"3","layer":"-2","lit":"yes","maxspeed":"100","oneway":"yes","ref":"A3","toll":"yes","tunnel":"yes","tunnel:alt_name":"Üetlibergtunnel","tunnel:name":"Uetlibergtunnel","turn:lanes":"none|none|merge_to_left","carriage_ref":"a"},"geometry":{"type":"LineString","coordinates":[[8.461023,47.344493],[8.4624629,47.3463276],[8.4629178,47.3468029],[8.4634406,47.3472518],[8.4637217,47.3474604],[8.4640068,47.3476609],[8.4642946,47.3478541],[8.464606,47.348038],[8.4651771,47.3483526],[8.4657874,47.348627]]}},{"type":"Feature","properties":{"bridge":"yes","highway":"motorway","int_ref":"E 60","lanes":"3","layer":"1","lit":"no","maxspeed":"100","oneway":"yes","ref":"A1;A3","surface":"asphalt","toll":"yes","carriage_ref":"a"},"geometry":{"type":"LineString","coordinates":[[8.2553934,47.4495534],[8.2575097,47.4500905],[8.2591567,47.450515]]}},{"type":"Feature","properties":{"highway":"motorway","int_ref":"E 60","lanes":"2","maxspeed":"120","oneway":"yes","ref":"A3","toll":"yes","carriage_ref":"a"},"geometry":{"type":"LineString","coordinates":[[7.9907191,47.5359933],[7.9919654,47.5350433],[7.9929647,47.534243],[7.9936097,47.5336969],[7.9946175,47.5327934],[7.995435,47.5320266],[7.9963972,47.5310876],[7.9974942,47.5299975],[7.9992467,47.5282699],[7.9995242,47.5279936],[8.0011566,47.5263811],[8.0022552,47.5253097],[8.0028251,47.524785],[8.0033327,47.5243558],[8.0041498,47.5237152],[8.0049005,47.5232103],[8.0057653,47.5226821],[8.0066053,47.5222369],[8.0077683,47.5216556],[8.0090509,47.5210353],[8.0101195,47.5204976],[8.011123,47.5199456],[8.0120418,47.5193749]]}},{"type":"Feature","properties":{"bridge":"yes","highway":"motorway","int_ref":"E 60","lanes":"2","layer":"1","maxspeed":"120","oneway":"yes","ref":"A3","toll":"yes","carriage_ref":"a"},"geometry":{"type":"LineString","coordinates":[[7.9792069,47.5417375],[7.9799759,47.541641],[7.9806239,47.5415165],[7.9812623,47.5413803]]}},{"type":"Feature","properties":{"highway":"motorway","int_ref":"E 60","lanes":"5","lit":"yes","maxspeed":"100","oneway":"yes","ref":"A1;A3","surface":"asphalt","toll":"yes","carriage_ref":"b"},"geometry":{"type":"LineString","coordinates":[[8.4229247,47.4139735],[8.4224313,47.4142034],[8.4217871,47.4145066],[8.4214778,47.4146557]]}},{"type":"Feature","properties":{"bridge":"yes","highway":"motorway","int_ref":"E 60","lanes":"2","layer":"1","oneway":"yes","ref":"A3","toll":"yes","carriage_ref":"b"},"geometry":{"type":"LineString","coordinates":[[8.0240543,47.5098901],[8.0237231,47.5101314]]}},{"type":"Feature","properties":{"highway":"motorway","int_ref":"E 60","lanes":"4","lit":"no","maxspeed":"120","oneway":"yes","ref":"A1;A3","surface":"asphalt","toll":"yes","turn:lanes":"through|through|through|merge_to_left","carriage_ref":"b"},"geometry":{"type":"LineString","coordinates":[[8.3736306,47.4271134],[8.3712145,47.4279546],[8.369309,47.4286294],[8.3675624,47.4292418],[8.3666557,47.4295604]]}},{"type":"Feature","properties":{"bridge":"yes","highway":"motorway","lanes":"2","layer":"1","lit":"yes","maxspeed":"100","oneway":"yes","ref":"A3","surface":"asphalt","toll":"yes","carriage_ref":"b"},"geometry":{"type":"LineString","coordinates":[[8.5301321,47.3284767],[8.5299285,47.328791],[8.5295032,47.3294051],[8.5293999,47.3295533],[8.5289834,47.3301213]]}},{"type":"Feature","properties":{"bridge":"yes","bridge:name":"Reppischtalbrücke","highway":"motorway","int_ref":"E 41","lanes":"2","layer":"1","lit":"yes","maxspeed":"100","maxspeed:variable":"obstruction","oneway":"yes","overtaking:hgv":"no","ref":"A3;A4","shoulder:right":"yes","source:maxspeed":"signals","surface":"asphalt","toll":"yes","carriage_ref":"a"},"geometry":{"type":"LineString","coordinates":[[8.4235939,47.3624471],[8.4233421,47.3618555]]}},{"type":"Feature","properties":{"bridge":"yes","highway":"motorway","lanes":"2","layer":"1","maxspeed":"120","oneway":"yes","ref":"A3","shoulder:right":"yes","source:maxspeed":"CH:motorway","surface":"asphalt","toll":"yes","carriage_ref":"a"},"geometry":{"type":"LineString","coordinates":[[9.0068701,47.1719219],[9.0073542,47.1715751]]}},{"type":"Feature","properties":{"bridge":"yes","highway":"motorway","lanes":"2","maxspeed":"120","oneway":"yes","ref":"A3","toll":"yes","carriage_ref":"b"},"geometry":{"type":"LineString","coordinates":[[9.4312765,47.0478908],[9.431021,47.0482674]]}},{"type":"Feature","properties":{"bridge":"yes","highway":"motorway","int_ref":"E 60","lanes":"2","layer":"2","maxspeed":"120","oneway":"yes","ref":"A3","toll":"yes","carriage_ref":"a"},"geometry":{"type":"LineString","coordinates":[[8.0185366,47.5141231],[8.0189711,47.5137448]]}},{"type":"Feature","properties":{"highway":"motorway","lanes":"3","maxspeed":"120","oneway":"yes","ref":"A3","toll":"yes","turn:lanes":"merge_to_right|none|none","carriage_ref":"b"},"geometry":{"type":"LineString","coordinates":[[8.7747786,47.1947503],[8.7743023,47.1946759],[8.7733235,47.1945554],[8.7722564,47.1944348]]}},{"type":"Feature","properties":{"bridge":"yes","bridge:name":"Reppischtalbrücke","highway":"motorway","int_ref":"E 41","lanes":"4","layer":"1","lit":"yes","maxspeed":"100","maxspeed:variable":"obstruction","oneway":"yes","overtaking:hgv":"no","placement":"right_of:1","ref":"A3;A4","shoulder:right":"yes","source:maxspeed":"signals","surface":"asphalt","toll":"yes","turn:lanes":"|||merge_to_left","carriage_ref":"a"},"geometry":{"type":"LineString","coordinates":[[8.4231204,47.3612317],[8.422906,47.3606743],[8.4226848,47.3600387]]}},{"type":"Feature","properties":{"avz":"577","cs_dir:forward":"1","destination:lanes":"Zürich City|Zürich City;San Bernardino;Chur|San Bernardino;Chur","highway":"motorway","lanes":"3","layer":"-2","lit":"yes","maxspeed":"100","oneway":"yes","ref":"A3","toll":"yes","tunnel":"yes","tunnel:alt_name":"Üetlibergtunnel","tunnel:name":"Uetlibergtunnel","carriage_ref":"a"},"geometry":{"type":"LineString","coordinates":[[8.507955,47.3447731],[8.5098538,47.3444858],[8.5107676,47.3443481],[8.5116874,47.3442209],[8.5124942,47.3441316],[8.5133033,47.3440707],[8.5149508,47.3440037]]}},{"type":"Feature","properties":{"highway":"motorway","int_ref":"E 60","lanes":"2","maxspeed":"120","oneway":"yes","ref":"A3","toll":"yes","carriage_ref":"a"},"geometry":{"type":"LineString","coordinates":[[8.0286601,47.5067058],[8.0295685,47.5061796],[8.0312415,47.5052336],[8.0325003,47.5045547],[8.0329443,47.5043208],[8.0339321,47.5038508],[8.0346,47.5035575],[8.0352638,47.503308],[8.0357596,47.5031418],[8.0362816,47.5029838],[8.0370029,47.5028032],[8.0378955,47.5026476],[8.0382636,47.5025963],[8.0386873,47.5025489],[8.0393145,47.5024949],[8.0399344,47.5024721],[8.0405974,47.502477],[8.0411596,47.5024986],[8.0418418,47.5025459],[8.0430495,47.5026809],[8.0460423,47.5031037],[8.0477106,47.5033245],[8.0486387,47.5034393],[8.0496082,47.5035365],[8.0503412,47.5036022],[8.0511111,47.5036541],[8.0519941,47.503696],[8.052839,47.5037075],[8.0534786,47.5037033],[8.0541949,47.5036769],[8.0549114,47.5036365],[8.0557232,47.5035588],[8.0564654,47.5034638],[8.0574761,47.5032968],[8.058655,47.5030478],[8.059686,47.5027741],[8.0603969,47.5025593],[8.0610305,47.5023402],[8.0616628,47.5021037],[8.0627526,47.5016507],[8.0637172,47.5012452],[8.0645858,47.5008748],[8.0652877,47.500586]]}},{"type":"Feature","properties":{"highway":"motorway","int_ref":"E 60","lanes":"2","maxspeed":"120","oneway":"yes","ref":"A3","toll":"yes","carriage_ref":"b"},"geometry":{"type":"LineString","coordinates":[[7.9052886,47.5502306],[7.9045776,47.5504527],[7.9038886,47.5506358],[7.9035405,47.5507134],[7.903148,47.5507919],[7.9023347,47.5509053],[7.9016424,47.5509787],[7.9008811,47.5510387],[7.9001057,47.5510741]]}},{"type":"Feature","properties":{"highway":"motorway","int_ref":"E 25;E 35;E 60","lanes":"2","maxspeed":"60","oneway":"yes","ref":"A2;A3","toll":"yes","carriage_ref":"b"},"geometry":{"type":"LineString","coordinates":[[7.6162573,47.5541692],[7.6161858,47.5543081]]}},{"type":"Feature","properties":{"highway":"motorway","lanes":"1","lit":"yes","maxspeed":"80","oneway":"yes","ref":"A3","toll":"yes","carriage_ref":"b"},"geometry":{"type":"LineString","coordinates":[[8.5229647,47.3373243],[8.5228693,47.3376653],[8.5227939,47.3379873],[8.5227362,47.3384231]]}},{"type":"Feature","properties":{"destination:lanes":"Luzern;Bern;Zürich;Delemont|Luzern;Bern;Zürich;Delemont|Basel City;Zoo;Bahnhof SBB","highway":"motorway","int_ref":"E 25;E 35;E 60","lanes":"3","maxspeed":"80","oneway":"yes","ref":"A2;A3","toll":"yes","turn:lanes":"slight_left|slight_left;slight_right|slight_right","carriage_ref":"a"},"geometry":{"type":"LineString","coordinates":[[7.6156162,47.5506121],[7.6150488,47.5492457],[7.6148221,47.5487509],[7.6146377,47.5483501],[7.6145613,47.5481775]]}},{"type":"Feature","properties":{"highway":"motorway","int_ref":"E 41","lanes":"2","lit":"no","maxspeed":"100","maxspeed:variable":"obstruction","oneway":"yes","ref":"A3;A4","shoulder:right":"yes","source:maxspeed":"signals","surface":"asphalt","toll":"yes","carriage_ref":"a"},"geometry":{"type":"LineString","coordinates":[[8.4152064,47.3841696],[8.4154205,47.3837642],[8.4156132,47.3833985],[8.4157525,47.3830905],[8.4159002,47.3826975],[8.4161549,47.3819019],[8.4163856,47.3811202],[8.4165144,47.380707],[8.4166289,47.3803617],[8.4167736,47.3799639],[8.4169473,47.3795665],[8.4171797,47.3790821],[8.4174087,47.3786435],[8.41794,47.3777184],[8.4182498,47.3771589],[8.4184542,47.3767657],[8.4185952,47.376451],[8.4187522,47.3760983],[8.4189828,47.3755569],[8.4191022,47.3752386],[8.4191947,47.374975],[8.4194153,47.3743001]]}},{"type":"Feature","properties":{"highway":"motorway","lanes":"3","maxspeed":"100","oneway":"yes","overtaking:hgv":"no","placement":"right_of:1","ref":"A3","shoulder:right":"yes","source:maxspeed":"sign","surface":"asphalt","toll":"yes","turn:lanes":"||merge_to_left","carriage_ref":"a"},"geometry":{"type":"LineString","coordinates":[[9.272241,47.1111321],[9.2728259,47.1109598]]}},{"type":"Feature","properties":{"highway":"motorway","int_ref":"E 25;E 35;E 60","lanes":"3","maxspeed":"120","oneway":"yes","ref":"A2;A3","surface":"asphalt","toll":"yes","carriage_ref":"b"},"geometry":{"type":"LineString","coordinates":[[7.7155108,47.5267346],[7.7150287,47.5266566],[7.7132465,47.5263835],[7.7124478,47.5262726],[7.7113174,47.5261545],[7.7106111,47.5261]]}},{"type":"Feature","properties":{"destination":"Zürich","destination:ref":"A3","highway":"motorway","int_ref":"E 60","lanes":"3","maxspeed":"100","oneway":"yes","ref":"A3","toll":"yes","turn:lanes":"through|through|merge_to_left","carriage_ref":"a"},"geometry":{"type":"LineString","coordinates":[[7.7368462,47.5327076],[7.7386576,47.5333894],[7.7392379,47.533609]]}},{"type":"Feature","properties":{"highway":"motorway","int_ref":"E 60","lanes":"3","maxspeed":"120","oneway":"yes","ref":"A3","toll":"yes","turn:lanes":"through|through|slight_right","carriage_ref":"b"},"geometry":{"type":"LineString","coordinates":[[8.2240507,47.4524736],[8.2235541,47.4525108],[8.2230388,47.4525355],[8.2225917,47.4525479]]}},{"type":"Feature","properties":{"bridge":"yes","highway":"motorway","lanes":"2","layer":"2","maxspeed":"120","oneway":"yes","ref":"A3","toll":"yes","carriage_ref":"b"},"geometry":{"type":"LineString","coordinates":[[9.4299887,47.0496548],[9.4298072,47.0498688],[9.4295755,47.0501235]]}},{"type":"Feature","properties":{"covered":"yes","highway":"motorway","lanes":"2","maxspeed":"80","oneway":"yes","ref":"A3","toll":"yes","tunnel":"avalanche_protector","tunnel:name":"Glattwand","carriage_ref":"b"},"geometry":{"type":"LineString","coordinates":[[9.1526527,47.122313],[9.1523813,47.1223191]]}},{"type":"Feature","properties":{"highway":"motorway","int_ref":"E 25;E 60","lanes":"2","layer":"-1","maxspeed":"80","name":"St. Johanns-Tunnel","oneway":"yes","ref":"A3","toll":"yes","tunnel":"yes","tunnel:alt_name":"St. Johanns","tunnel:name":"St. Johann","carriage_ref":"a"},"geometry":{"type":"LineString","coordinates":[[7.5752969,47.5709836],[7.5774042,47.5708008]]}},{"type":"Feature","properties":{"avz":"274","bicycle":"no","cs_dir:forward":"1","highway":"motorway","int_ref":"E 60","lanes":"3","lit":"no","maxspeed":"120","oneway":"yes","ref":"A1;A3","toll":"yes","carriage_ref":"a"},"geometry":{"type":"LineString","coordinates":[[8.3491531,47.4372799],[8.3492989,47.4371953]]}},{"type":"Feature","properties":{"highway":"motorway","lanes":"3","maxspeed":"120","oneway":"yes","ref":"A3","toll":"yes","turn:lanes":"none|none|slight_right","carriage_ref":"b"},"geometry":{"type":"LineString","coordinates":[[8.8032154,47.2008626],[8.802597,47.2008956],[8.8020339,47.2009091],[8.8015879,47.2009099]]}},{"type":"Feature","properties":{"bridge":"yes","destination":"Zürich","highway":"motorway","int_ref":"E 60","lanes":"3","layer":"1","lit":"no","maxspeed":"120","oneway":"yes","ref":"A1;A3","surface":"asphalt","toll":"yes","carriage_ref":"a"},"geometry":{"type":"LineString","coordinates":[[8.3483618,47.4377767],[8.3487325,47.4375388]]}},{"type":"Feature","properties":{"bridge":"yes","highway":"motorway","int_ref":"E 25;E 35;E 60","lanes":"3","layer":"1","maxspeed":"80","oneway":"yes","ref":"A2;A3","toll":"yes","carriage_ref":"a"},"geometry":{"type":"LineString","coordinates":[[7.6013036,47.5737682],[7.6015626,47.5735625],[7.6017461,47.5733926],[7.6019146,47.5732253],[7.6021107,47.5730053],[7.6022916,47.5727703]]}},{"type":"Feature","properties":{"highway":"motorway","int_ref":"E 25;E 35;E 60","lanes":"3","maxspeed":"120","oneway":"yes","ref":"A2;A3","toll":"yes","carriage_ref":"a"},"geometry":{"type":"LineString","coordinates":[[7.683101,47.528045],[7.6886877,47.5287712],[7.6893164,47.5288432],[7.6897756,47.5288771],[7.6901782,47.5289039],[7.6907355,47.5289207],[7.691363,47.5289204],[7.6919236,47.5289075]]}},{"type":"Feature","properties":{"highway":"motorway","lanes":"3","maxspeed":"100","oneway":"yes","placement":"right_of:1","ref":"A3","toll":"yes","turn:lanes":"||slight_right","carriage_ref":"b"},"geometry":{"type":"LineString","coordinates":[[9.1996451,47.1134673],[9.1990757,47.1135377]]}},{"type":"Feature","properties":{"highway":"motorway","lanes":"2","maxspeed":"100","oneway":"yes","ref":"A3","toll":"yes","carriage_ref":"b"},"geometry":{"type":"LineString","coordinates":[[9.2690578,47.1123818],[9.2687692,47.1124805],[9.2682761,47.1126492],[9.2676766,47.1128358],[9.2669788,47.1130269],[9.2663514,47.1131763]]}},{"type":"Feature","properties":{"avz":"273","cs_dir:forward":"1","highway":"motorway","int_ref":"E 25;E 35;E 60","lanes":"4","maxspeed":"80","oneway":"yes","ref":"A2;A3","toll":"yes","turn:lanes":"through|through|through|merge_to_left","carriage_ref":"a"},"geometry":{"type":"LineString","coordinates":[[7.6026539,47.5722357],[7.6029757,47.5717561]]}},{"type":"Feature","properties":{"change:lanes":"not_left|not_right|not_right|not_right","highway":"motorway","int_ref":"E 41","lanes":"4","lit":"no","maxspeed":"100","maxspeed:variable":"obstruction","oneway":"yes","placement":"right_of:1","ref":"A3;A4","shoulder":"none","source:maxspeed":"signals","surface":"asphalt","toll":"yes","turn:lanes":"||merge_to_left|merge_to_left","carriage_ref":"a"},"geometry":{"type":"LineString","coordinates":[[8.420675,47.3709218],[8.4208691,47.3705434],[8.4211085,47.3701124]]}},{"type":"Feature","properties":{"highway":"motorway","int_ref":"E 25;E 60","lanes":"3","maxspeed":"80","oneway":"yes","ref":"A3","toll":"yes","turn:lanes":"through|through|slight_right","carriage_ref":"b"},"geometry":{"type":"LineString","coordinates":[[7.6032175,47.5718393],[7.6030616,47.5720789]]}},{"type":"Feature","properties":{"destination":"San Bernardino;Chur;Bad Ragaz","highway":"motorway","lanes":"2","maxspeed":"120","oneway":"yes","ref":"A3","shoulder:right":"yes","source:maxspeed":"CH:motorway","surface":"asphalt","toll":"yes","last":"true","carriage_ref":"a"},"geometry":{"type":"LineString","coordinates":[[9.4630769,47.0367042],[9.4632553,47.0365991],[9.463579,47.0363692],[9.4639947,47.0360567],[9.4643137,47.0357827],[9.4649815,47.0351245],[9.4653991,47.0346933],[9.4657409,47.0343132]]}},{"type":"Feature","properties":{"bridge":"yes","highway":"motorway","int_ref":"E 25;E 35;E 60","lanes":"4","layer":"1","maxspeed":"80","oneway":"yes","ref":"A2;A3","toll":"yes","turn:lanes":"through|through|through|merge_to_left","carriage_ref":"a"},"geometry":{"type":"LineString","coordinates":[[7.6160217,47.5518493],[7.6159642,47.5516212],[7.6158888,47.5513489],[7.6157895,47.5510591]]}},{"type":"Feature","properties":{"avz":"53","cs_dir:forward":"1","highway":"motorway","lanes":"2","maxspeed":"120","oneway":"yes","ref":"A3","shoulder:right":"yes","ssvz":"80N","surface":"asphalt","toll":"yes","carriage_ref":"a"},"geometry":{"type":"LineString","coordinates":[[9.0962108,47.1273606],[9.0966602,47.1272824],[9.0971571,47.12721],[9.0978352,47.1271223],[9.0984349,47.1270623],[9.0988952,47.1270298]]}},{"type":"Feature","properties":{"avz":"381","cs_dir:forward":"2","highway":"motorway","int_ref":"E 60","lanes":"4","lit":"no","maxspeed":"100","oneway":"yes","ref":"A1;A3","surface":"asphalt","toll":"yes","turn:lanes":"slight_left|slight_left|slight_right|slight_right","carriage_ref":"b"},"geometry":{"type":"LineString","coordinates":[[8.2512295,47.4484021],[8.2507281,47.4482037]]}},{"type":"Feature","properties":{"change:lanes":"yes|yes|not_left","destination":"Chur","destination:country:lanes":"||;;DE;AT;FL","destination:int_ref:lanes":"E 43|E 43|E 43","destination:lanes":"San Bernardino;Chur;Bad Ragaz|San Bernardino;Chur;Bad Ragaz|St. Gallen;St. Margrethen;München;Feldkirch;Vaduz","destination:ref:lanes":"A 13|A 13|A 13","highway":"motorway","lanes":"3","maxspeed":"120","oneway":"yes","placement":"right_of:1","ref":"A3","shoulder:right":"yes","source:maxspeed":"CH:motorway","surface":"asphalt","toll":"yes","turn:lanes":"||slight_right","carriage_ref":"a"},"geometry":{"type":"LineString","coordinates":[[9.4618338,47.0373685],[9.4625307,47.0370148],[9.4630769,47.0367042]]}},{"type":"Feature","properties":{"avz":"274","bridge":"yes","cs_dir:forward":"2","highway":"motorway","int_ref":"E 60","lanes":"4","layer":"1","lit":"no","maxspeed":"120","oneway":"yes","placement":"middle_of:2","ref":"A1;A3","toll":"yes","turn:lanes":"|||right","carriage_ref":"b"},"geometry":{"type":"LineString","coordinates":[[8.3493865,47.4373219],[8.3489528,47.4375856]]}},{"type":"Feature","properties":{"highway":"motorway","lanes":"2","maxspeed":"80","oneway":"yes","ref":"A3","surface":"asphalt","toll":"yes","carriage_ref":"a"},"geometry":{"type":"LineString","coordinates":[[8.6068742,47.241643],[8.6073142,47.2413526],[8.6073676,47.2413164],[8.6077183,47.241079],[8.6081317,47.240794],[8.6092172,47.2400354],[8.6099468,47.2395332]]}},{"type":"Feature","properties":{"highway":"motorway","int_ref":"E 60","lanes":"2","maxspeed":"120","oneway":"yes","ref":"A3","toll":"yes","carriage_ref":"b"},"geometry":{"type":"LineString","coordinates":[[7.9954766,47.5321753],[7.9943031,47.533258],[7.993627,47.5338525],[7.9919969,47.5351683],[7.9904079,47.53635]]}},{"type":"Feature","properties":{"bridge":"yes","highway":"motorway","int_ref":"E 60","lanes":"2","layer":"1","maxspeed":"120","oneway":"yes","ref":"A3","toll":"yes","carriage_ref":"a"},"geometry":{"type":"LineString","coordinates":[[7.9217999,47.5443635],[7.9222217,47.5443891],[7.9226288,47.5444313]]}},{"type":"Feature","properties":{"highway":"motorway","lanes":"2","layer":"-1","maxspeed":"100","oneway":"yes","ref":"A3","toll":"yes","tunnel":"yes","tunnel:alt_name":"Blatt-Wollerau","tunnel:name":"Blatttunnel","carriage_ref":"b"},"geometry":{"type":"LineString","coordinates":[[8.7183811,47.1940845],[8.7170387,47.1945313],[8.715889,47.1948862],[8.7145437,47.1952681],[8.7139995,47.1953877],[8.7133617,47.1955315],[8.7122212,47.1957475]]}},{"type":"Feature","properties":{"highway":"motorway","int_ref":"E 60","lanes":"2","maxspeed":"100","oneway":"yes","ref":"A3","toll":"yes","carriage_ref":"b"},"geometry":{"type":"LineString","coordinates":[[8.101572,47.4777108],[8.1007458,47.4782009],[8.0999461,47.4787133],[8.099315,47.4791489],[8.0987045,47.4796002]]}},{"type":"Feature","properties":{"highway":"motorway","lanes":"3","maxspeed":"80","oneway":"yes","placement":"right_of:1","ref":"A3","toll":"yes","turn:lanes":"||merge_to_left","carriage_ref":"b"},"geometry":{"type":"LineString","coordinates":[[9.1907891,47.1150055],[9.1904712,47.115029],[9.1902164,47.1150309],[9.1899937,47.1150239],[9.1897441,47.115001],[9.189592,47.1149861],[9.1895404,47.114981],[9.1892323,47.1149312]]}},{"type":"Feature","properties":{"highway":"motorway","int_ref":"E 60","lanes":"3","lit":"no","maxspeed":"100","oneway":"yes","ref":"A1;A3","signals":"maxspeed=signals","surface":"asphalt","toll":"yes","carriage_ref":"a"},"geometry":{"type":"LineString","coordinates":[[8.267268,47.4533225],[8.2677007,47.4535164],[8.2681267,47.453719],[8.2685117,47.4539075],[8.2689018,47.4541023],[8.2698453,47.4545812],[8.2702192,47.4547766],[8.2705975,47.4549691],[8.2709782,47.4551604],[8.271363,47.4553496]]}},{"type":"Feature","properties":{"highway":"motorway","int_ref":"E 25;E 35;E 60","lanes":"4","layer":"2","maxspeed":"80","oneway":"yes","ref":"A2;A3","toll":"yes","turn:lanes":"through|through|through|merge_to_left","carriage_ref":"b"},"geometry":{"type":"LineString","coordinates":[[7.6249429,47.5420575],[7.6239648,47.5422009]]}},{"type":"Feature","properties":{"highway":"motorway","int_ref":"E 60","lanes":"3","layer":"-2","lit":"yes","maxspeed":"100","name":"Bareggtunnel","oneway":"yes","ref":"A1;A3","signals":"maxspeed=signals","surface":"asphalt","toll":"yes","tunnel":"yes","tunnel:name":"Baregg","wikidata":"Q808058","wikipedia":"de:Bareggtunnel","carriage_ref":"b"},"geometry":{"type":"LineString","coordinates":[[8.3036877,47.4595761],[8.303065,47.4597725],[8.302271,47.4599664],[8.3015737,47.4600736],[8.3008338,47.460122],[8.2989144,47.4601355],[8.2962793,47.4599405],[8.2887523,47.4590155]]}},{"type":"Feature","properties":{"bridge":"yes","highway":"motorway","lanes":"2","layer":"1","maxspeed":"120","oneway":"yes","ref":"A3","toll":"yes","carriage_ref":"b"},"geometry":{"type":"LineString","coordinates":[[8.6205916,47.232939],[8.620087,47.2331615]]}},{"type":"Feature","properties":{"highway":"motorway","lanes":"3","maxspeed":"120","oneway":"yes","placement":"right_of:1","ref":"A3","shoulder:right":"yes","source:maxspeed":"CH:motorway","surface":"asphalt","toll":"yes","turn:lanes":"||merge_to_left","carriage_ref":"a"},"geometry":{"type":"LineString","coordinates":[[9.4370734,47.0418697],[9.4374622,47.0416352],[9.4380721,47.0412728],[9.4386863,47.0409501]]}},{"type":"Feature","properties":{"highway":"motorway","int_ref":"E 25;E 35;E 60","lanes":"3","maxspeed":"80","oneway":"yes","ref":"A2;A3","toll":"yes","carriage_ref":"b"},"geometry":{"type":"LineString","coordinates":[[7.6089482,47.5645766],[7.608432,47.565213]]}},{"type":"Feature","properties":{"destination":"Weesen","highway":"motorway","lanes":"2","maxspeed":"80","oneway":"yes","ref":"A3","toll":"yes","carriage_ref":"b"},"geometry":{"type":"LineString","coordinates":[[9.1759592,47.1167441],[9.1753939,47.1166808],[9.1748192,47.1165979]]}},{"type":"Feature","properties":{"avz":"216","cs_dir:forward":"2","highway":"motorway","lanes":"2","maxspeed":"120","oneway":"yes","ref":"A3","ssvz":"758N","toll":"yes","carriage_ref":"b"},"geometry":{"type":"LineString","coordinates":[[9.0582943,47.1313428],[9.057318,47.1319286],[9.0567523,47.1322773],[9.056245,47.1325983],[9.0555772,47.1330654],[9.0548637,47.1335763],[9.0541021,47.1341821]]}},{"type":"Feature","properties":{"highway":"motorway","lanes":"2","layer":"-1","lit":"24/7","maxspeed":"100","oneway":"yes","overtaking:hgv":"no","ref":"A3","shoulder":"none","source:maxspeed":"sign","surface":"asphalt","toll":"yes","tunnel":"yes","tunnel:alt_name":"Murgwald Süd","tunnel:name":"Murgwald","carriage_ref":"a"},"geometry":{"type":"LineString","coordinates":[[9.2037124,47.1123958],[9.2046543,47.1120374],[9.2062135,47.1114889],[9.2080376,47.1109852],[9.2095816,47.1106436],[9.2109595,47.1104602],[9.2128829,47.1103409],[9.2151772,47.1103317],[9.2174146,47.1104153],[9.2188176,47.1105175],[9.2198057,47.1106408],[9.2204681,47.1107118],[9.2209354,47.1107272],[9.2214611,47.1107124]]}},{"type":"Feature","properties":{"bridge":"yes","highway":"motorway","lanes":"2","layer":"1","maxspeed":"120","oneway":"yes","ref":"A3","shoulder:right":"yes","source:maxspeed":"CH:motorway","surface":"asphalt","toll":"yes","carriage_ref":"a"},"geometry":{"type":"LineString","coordinates":[[9.3241402,47.1150271],[9.3244969,47.1150813],[9.324977,47.1151547]]}},{"type":"Feature","properties":{"highway":"motorway","int_ref":"E 25;E 60","lanes":"2","layer":"-1","maxspeed":"60","name":"Horburgtunnel","oneway":"yes","ref":"A3","toll":"yes","tunnel":"yes","tunnel:name":"Horburg","carriage_ref":"b"},"geometry":{"type":"LineString","coordinates":[[7.5984635,47.5726246],[7.598549,47.5722895],[7.5985575,47.5720977],[7.5985355,47.5719206],[7.5984822,47.5717724],[7.598376,47.5715927],[7.5982533,47.5714235],[7.5981063,47.5713034],[7.5979056,47.5711869]]}},{"type":"Feature","properties":{"avz":"607","cs_dir:forward":"2","highway":"motorway","lanes":"2","maxspeed":"120","oneway":"yes","ref":"A3","surface":"asphalt","toll":"yes","carriage_ref":"b"},"geometry":{"type":"LineString","coordinates":[[8.5998892,47.2467594],[8.5978559,47.2481711]]}},{"type":"Feature","properties":{"destination":"Karlsruhe Mulhouse;Basel Liestal","highway":"motorway","int_ref":"E 60","lanes":"2","maxspeed":"100","oneway":"yes","ref":"A3","toll":"yes","carriage_ref":"b"},"geometry":{"type":"LineString","coordinates":[[7.7365267,47.5327291],[7.73503,47.5321947],[7.7339866,47.5318391]]}},{"type":"Feature","properties":{"highway":"motorway","int_ref":"E 60","lanes":"3","lit":"no","maxspeed":"120","oneway":"yes","ref":"A1;A3","surface":"asphalt","toll":"yes","carriage_ref":"b"},"geometry":{"type":"LineString","coordinates":[[8.4095742,47.4198936],[8.4089844,47.4200762],[8.4085144,47.4202148]]}},{"type":"Feature","properties":{"highway":"motorway","lanes":"2","maxspeed":"120","oneway":"yes","ref":"A3","toll":"yes","carriage_ref":"b"},"geometry":{"type":"LineString","coordinates":[[8.6635476,47.2190769],[8.6624365,47.2197111],[8.6616009,47.2201757],[8.6604082,47.2208301],[8.659607,47.2212898],[8.65871,47.2218095],[8.6582906,47.2220585]]}},{"type":"Feature","properties":{"change:lanes":"not_left|not_right|yes","highway":"motorway","lanes":"3","maxspeed":"120","oneway":"yes","placement":"right_of:1","ref":"A3","shoulder:right":"yes","source:maxspeed":"CH:motorway","surface":"asphalt","toll":"yes","turn:lanes":"||merge_to_left","carriage_ref":"a"},"geometry":{"type":"LineString","coordinates":[[9.0923946,47.1280143],[9.0932143,47.1278905],[9.0939546,47.1277701]]}},{"type":"Feature","properties":{"bicycle":"no","foot":"no","highway":"motorway","int_ref":"E 60","lanes":"3","lit":"no","maxspeed":"120","oneway":"yes","ref":"A1;A3","surface":"asphalt","toll":"yes","carriage_ref":"a"},"geometry":{"type":"LineString","coordinates":[[8.3492989,47.4371953],[8.3495653,47.4370406],[8.3499366,47.4368393],[8.3503159,47.436642],[8.3507018,47.4364528],[8.3511021,47.4362602],[8.3514941,47.4360832],[8.3520937,47.4358227],[8.352758,47.4355477],[8.3534281,47.4352765]]}},{"type":"Feature","properties":{"avz":"70","bridge":"yes","cs_dir:forward":"2","highway":"motorway","int_ref":"E 25;E 35;E 60","lanes":"2","layer":"1","maxspeed":"80","oneway":"yes","ref":"A2;A3","toll":"yes","carriage_ref":"b"},"geometry":{"type":"LineString","coordinates":[[7.6146488,47.556998],[7.6137399,47.5583631],[7.6133759,47.5589215]]}},{"type":"Feature","properties":{"highway":"motorway","int_ref":"E 60","lanes":"3","maxspeed":"120","oneway":"yes","ref":"A3","toll":"yes","turn:lanes":"merge_to_right|none|none","carriage_ref":"b"},"geometry":{"type":"LineString","coordinates":[[7.8796596,47.549795],[7.8774815,47.5492615],[7.8767983,47.5490902]]}},{"type":"Feature","properties":{"highway":"motorway","lanes":"2","maxspeed":"100","oneway":"yes","ref":"A3","toll":"yes","carriage_ref":"a"},"geometry":{"type":"LineString","coordinates":[[8.7025253,47.196883],[8.7030988,47.1967473],[8.7037921,47.19661],[8.7044963,47.1964945],[8.7054371,47.1963736],[8.706335,47.1962873],[8.7072903,47.196195]]}},{"type":"Feature","properties":{"bridge":"yes","highway":"motorway","int_ref":"E 25;E 35;E 60","lanes":"2","layer":"1","maxspeed":"70","oneway":"yes","ref":"A2;A3","toll":"yes","carriage_ref":"b"},"geometry":{"type":"LineString","coordinates":[[7.6153496,47.5558573],[7.6150376,47.5563864],[7.6146488,47.556998]]}},{"type":"Feature","properties":{"highway":"motorway","int_ref":"E 60","lanes":"3","layer":"-1","maxspeed":"120","oneway":"yes","ref":"A3","toll":"yes","tunnel":"yes","turn:lanes":"through|through|shlight_right","carriage_ref":"a"},"geometry":{"type":"LineString","coordinates":[[8.2134378,47.4514191],[8.2144462,47.4515556]]}},{"type":"Feature","properties":{"bridge":"yes","highway":"motorway","lanes":"2","layer":"1","maxspeed":"120","oneway":"yes","ref":"A3","shoulder:right":"yes","source:maxspeed":"CH:motorway","surface":"asphalt","toll":"yes","carriage_ref":"a"},"geometry":{"type":"LineString","coordinates":[[9.4538827,47.0384154],[9.4543293,47.0384408]]}},{"type":"Feature","properties":{"highway":"motorway","lanes":"2","maxspeed":"120","oneway":"yes","ref":"A3","toll":"yes","carriage_ref":"a"},"geometry":{"type":"LineString","coordinates":[[8.7257711,47.1918527],[8.7264098,47.1917422]]}},{"type":"Feature","properties":{"avz":"577","cs_dir:forward":"2","destination:lanes":"Gotthard;Luzern|Bern;Basel;Westring-Zürich;Gotthard;Luzern|Bern;Basel;St. Gallen;Westring-Zürich|Wettswil;Hedingen;Bonstetten","highway":"motorway","lanes":"4","layer":"-2","lit":"yes","maxspeed":"100","maxspeed:variable":"obstruction","oneway":"yes","ref":"A3","toll":"yes","tunnel":"yes","tunnel:alt_name":"Üetlibergtunnel","tunnel:name":"Uetlibergtunnel","carriage_ref":"b"},"geometry":{"type":"LineString","coordinates":[[8.461146,47.3451726],[8.460739,47.344591]]}},{"type":"Feature","properties":{"bridge":"yes","highway":"motorway","lanes":"2","layer":"1","maxspeed":"120","oneway":"yes","ref":"A3","toll":"yes","carriage_ref":"b"},"geometry":{"type":"LineString","coordinates":[[8.8465383,47.1865269],[8.8462019,47.1866078]]}},{"type":"Feature","properties":{"change:lanes":"yes|yes|no","destination":"Bern;Luzern;Basel","highway":"motorway","int_ref":"E 60","lanes":"3","maxspeed":"100","oneway":"yes","placement":"right_of:1","ref":"A3","toll":"yes","turn:lanes":"none|none|slight_right","carriage_ref":"b"},"geometry":{"type":"LineString","coordinates":[[7.7655645,47.5419651],[7.7642623,47.5417175]]}},{"type":"Feature","properties":{"highway":"motorway","int_ref":"E 25;E 60","lanes":"2","maxspeed":"80","oneway":"yes","ref":"A3","toll":"yes","last":"true","carriage_ref":"b"},"geometry":{"type":"LineString","coordinates":[[7.5656677,47.5741342],[7.565244,47.5743681],[7.5645615,47.574691],[7.564111,47.5748868],[7.5633134,47.575223],[7.5628666,47.5754104]]}},{"type":"Feature","properties":{"highway":"motorway","int_ref":"E 60","lanes":"2","maxspeed":"120","oneway":"yes","ref":"A3","toll":"yes","carriage_ref":"b"},"geometry":{"type":"LineString","coordinates":[[7.9218034,47.5444507],[7.9213462,47.5444433],[7.9208655,47.5444574],[7.9202443,47.5445035],[7.9198598,47.544551],[7.9192748,47.5446351],[7.9187582,47.5447218],[7.9183077,47.544811],[7.9177149,47.5449421],[7.9171865,47.5450765],[7.9162422,47.5453407],[7.9153932,47.5456307],[7.9145328,47.5459731],[7.9136978,47.5463379],[7.9126342,47.5468575],[7.9116337,47.547382],[7.9105475,47.5479492],[7.9098938,47.5482949],[7.9092907,47.5485945],[7.9080884,47.549156],[7.9069329,47.5496381],[7.9062149,47.5499101],[7.9054597,47.5501779]]}},{"type":"Feature","properties":{"highway":"motorway","lanes":"3","maxspeed":"120","oneway":"yes","placement":"right_of:1","ref":"A3","shoulder:right":"yes","source:maxspeed":"CH:motorway","surface":"asphalt","toll":"yes","turn:lanes":"||merge_to_left","carriage_ref":"a"},"geometry":{"type":"LineString","coordinates":[[9.073345,47.1289343],[9.0743998,47.1289281]]}},{"type":"Feature","properties":{"destination":"Bern;Zürich;Luzern;Delemont","highway":"motorway","int_ref":"E 25;E 35;E 60","lanes":"2","layer":"2","maxspeed":"80","oneway":"yes","ref":"A2;A3","toll":"yes","carriage_ref":"a"},"geometry":{"type":"LineString","coordinates":[[7.6160064,47.5446874],[7.6161885,47.5445778],[7.6163709,47.5444922],[7.6165835,47.5444025],[7.6170074,47.544224]]}},{"type":"Feature","properties":{"highway":"motorway","int_ref":"E 60","lanes":"4","lit":"no","maxspeed":"120","oneway":"yes","ref":"A1;A3","surface":"asphalt","toll":"yes","carriage_ref":"a"},"geometry":{"type":"LineString","coordinates":[[8.3995387,47.4218158],[8.4003381,47.421719],[8.4013982,47.4215776]]}},{"type":"Feature","properties":{"highway":"motorway","int_ref":"E 41","lanes":"2","layer":"-1","lit":"yes","maxspeed":"100","oneway":"yes","ref":"A3;A4","source:maxspeed":"sign","toll":"yes","tunnel":"yes","tunnel:name":"Hafnerbergtunnel","carriage_ref":"b"},"geometry":{"type":"LineString","coordinates":[[8.4250496,47.3499894],[8.4244154,47.3505879],[8.4240832,47.3509149],[8.4237917,47.3512499],[8.4235211,47.3515743],[8.4232731,47.3519034],[8.4230382,47.3522695],[8.4228141,47.3526286],[8.4224834,47.3533301],[8.4223064,47.3537723],[8.4221739,47.3542137],[8.4220798,47.3545773],[8.4220132,47.3549383],[8.4219735,47.3554836],[8.4219623,47.3560299],[8.4220201,47.3567357],[8.4221189,47.3572631],[8.4222462,47.3577801],[8.4226278,47.3588152],[8.4230215,47.3598417]]}},{"type":"Feature","properties":{"highway":"motorway","lanes":"2","layer":"-1","maxspeed":"100","oneway":"yes","ref":"A3","toll":"yes","tunnel":"yes","tunnel:name":"Altendorftunnel","carriage_ref":"a"},"geometry":{"type":"LineString","coordinates":[[8.8252339,47.1910088],[8.82718,47.1907872],[8.8291499,47.190548],[8.8311136,47.1903172],[8.8330908,47.1900354]]}},{"type":"Feature","properties":{"bridge":"yes","highway":"motorway","int_ref":"E 25;E 60","lanes":"2","layer":"3","maxspeed":"60","oneway":"yes","ref":"A3","surface":"asphalt","toll":"yes","carriage_ref":"b"},"geometry":{"type":"LineString","coordinates":[[7.6019165,47.57375],[7.6018021,47.5738803],[7.6016886,47.5739945],[7.6015568,47.5740998],[7.6013941,47.5742101],[7.6012208,47.574299],[7.6009969,47.5743877],[7.6007983,47.5744415],[7.6005682,47.5744827],[7.6003009,47.5745041],[7.600065,47.5744993],[7.5998419,47.5744772],[7.5995803,47.5744218],[7.599368,47.574352],[7.5991746,47.5742683],[7.5990054,47.5741665],[7.5988486,47.5740491],[7.5987344,47.573945],[7.59863,47.573827],[7.5985343,47.5736776],[7.5984516,47.5734968],[7.5983966,47.5732449],[7.598394,47.5730064],[7.5984635,47.5726246]]}},{"type":"Feature","properties":{"highway":"motorway","int_ref":"E 60","lanes":"2","maxspeed":"120","oneway":"yes","ref":"A3","toll":"yes","carriage_ref":"b"},"geometry":{"type":"LineString","coordinates":[[7.7762993,47.5438572],[7.7725866,47.5432577]]}},{"type":"Feature","properties":{"destination":"Luzern;Bern;Zürich","destination:ref":"A2;A3","highway":"motorway","int_ref":"E 25;E 35;E 60","lanes":"2","maxspeed":"80","oneway":"yes","ref":"A2;A3","toll":"yes","carriage_ref":"a"},"geometry":{"type":"LineString","coordinates":[[7.6234846,47.5421694],[7.6248799,47.5419585]]}},{"type":"Feature","properties":{"bridge":"yes","highway":"motorway","int_ref":"E 60","lanes":"2","layer":"1","maxspeed":"120","oneway":"yes","ref":"A3","toll":"yes","carriage_ref":"b"},"geometry":{"type":"LineString","coordinates":[[7.9590347,47.5411958],[7.958128,47.5410353]]}},{"type":"Feature","properties":{"highway":"motorway","lanes":"2","maxspeed":"100","oneway":"yes","ref":"A3","toll":"yes","carriage_ref":"b"},"geometry":{"type":"LineString","coordinates":[[8.7264438,47.1918463],[8.7259032,47.1919351],[8.7254662,47.1920153],[8.7248541,47.192138],[8.7243214,47.1922498],[8.7236783,47.1924073]]}},{"type":"Feature","properties":{"highway":"motorway","lanes":"2","layer":"-1","lit":"24/7","maxspeed":"100","oneway":"yes","overtaking:hgv":"no","ref":"A3","shoulder":"none","source:maxspeed":"sign","surface":"asphalt","toll":"yes","tunnel":"yes","tunnel:alt_name":"Raischiben Süd","tunnel:name":"Raischibe","carriage_ref":"a"},"geometry":{"type":"LineString","coordinates":[[9.299817,47.1110618],[9.3015987,47.1120163],[9.3027564,47.1126447],[9.3037106,47.1130723],[9.3048225,47.1134875],[9.3059419,47.1138426],[9.3066767,47.1140461],[9.307476,47.1142323],[9.3081787,47.1143491]]}},{"type":"Feature","properties":{"highway":"motorway","int_ref":"E 25;E 35;E 60","lanes":"3","maxspeed":"100","oneway":"yes","ref":"A2;A3","toll":"yes","carriage_ref":"b"},"geometry":{"type":"LineString","coordinates":[[7.6745134,47.5275251],[7.6743051,47.5275425],[7.6738676,47.5275905],[7.6734188,47.52765],[7.6729529,47.5277186],[7.6726084,47.5277813],[7.6722946,47.5278467],[7.6718151,47.52795],[7.671315,47.5280715],[7.6699361,47.5284483],[7.6679625,47.5290397]]}},{"type":"Feature","properties":{"destination":"Bern;Basel","highway":"motorway","lanes":"1","layer":"-1","lit":"yes","maxspeed":"60","oneway":"yes","ref":"A3","surface":"asphalt","toll":"yes","tunnel":"yes","carriage_ref":"b"},"geometry":{"type":"LineString","coordinates":[[8.4283322,47.411469],[8.4283294,47.4115899],[8.4283069,47.4117175],[8.4282681,47.411833],[8.4282131,47.4119355],[8.4281665,47.4119968]]}},{"type":"Feature","properties":{"destination":"St. Gallen;Chur;Glarus;Lachen","destination:lanes":"St. Gallen;Chur;Glarus;Lachen","destination:ref":"A 3","highway":"motorway","lanes":"2","maxspeed":"120","oneway":"yes","ref":"A3","toll":"yes","carriage_ref":"a"},"geometry":{"type":"LineString","coordinates":[[8.7545231,47.1959829],[8.7555815,47.1960094],[8.756098,47.1960015],[8.7566377,47.1959743],[8.7571587,47.1959272],[8.7576827,47.1958589],[8.758137,47.1957861],[8.7587012,47.1956732],[8.7592148,47.1955504],[8.7604904,47.1951709],[8.7612534,47.1949463],[8.7619583,47.1947532],[8.7628661,47.1945493],[8.76362,47.1943821],[8.7648524,47.1941932],[8.7657167,47.1941007],[8.7669968,47.1940138],[8.7684098,47.193994],[8.7696688,47.1940561],[8.7712379,47.1941796],[8.774262,47.1945351],[8.7754844,47.194714],[8.7768312,47.1949554],[8.778231,47.1952605],[8.7802211,47.1957647],[8.7821263,47.1963027],[8.7829175,47.1965098],[8.7841087,47.1967844],[8.7855099,47.1970833],[8.7867982,47.197324]]}},{"type":"Feature","properties":{"destination:lanes":"Karlsruhe Mulhouse;Basel Liestal|Karlsruhe Mulhouse;Basel Liestal;__________;Chiasso Gotthard;Luzern Bern;Arisdorf","highway":"motorway","int_ref":"E 60","lanes":"2","maxspeed":"100","oneway":"yes","ref":"A3","toll":"yes","turn:lanes":"through|through;slight_right","carriage_ref":"b"},"geometry":{"type":"LineString","coordinates":[[7.7642623,47.5417175],[7.7604781,47.5409462],[7.7592724,47.5406577],[7.7580367,47.5403584],[7.7574452,47.5402077]]}},{"type":"Feature","properties":{"highway":"motorway","int_ref":"E 25;E 35;E 60","lanes":"3","maxspeed":"120","oneway":"yes","ref":"A2;A3","surface":"asphalt","toll":"yes","carriage_ref":"b"},"geometry":{"type":"LineString","coordinates":[[7.7053131,47.5264662],[7.705046,47.5265065],[7.7048623,47.5265393],[7.704695,47.5265686],[7.7039422,47.5267102],[7.7029431,47.5269237],[7.7027061,47.5269746],[7.7008795,47.5274253]]}},{"type":"Feature","properties":{"highway":"motorway","int_ref":"E 60","lanes":"2","maxspeed":"120","oneway":"yes","ref":"A3","toll":"yes","carriage_ref":"a"},"geometry":{"type":"LineString","coordinates":[[8.0654964,47.5005014],[8.0659373,47.5003382],[8.0666886,47.5000779],[8.0672984,47.4998833],[8.068,47.4996903],[8.0686817,47.4995371],[8.0695045,47.4993749],[8.070474,47.4991999]]}},{"type":"Feature","properties":{"highway":"motorway","int_ref":"E 60","lanes":"2","maxspeed":"120","oneway":"yes","ref":"A3","source":"AGIS OF2011","toll":"yes","carriage_ref":"a"},"geometry":{"type":"LineString","coordinates":[[7.9395681,47.5433577],[7.9401138,47.5431938],[7.940813,47.5430257],[7.9412288,47.5429404],[7.9416,47.5428752],[7.9422817,47.5427888],[7.9431539,47.5427346],[7.9444745,47.5426576],[7.9458105,47.5425483],[7.9465358,47.5424647],[7.9473333,47.5423477],[7.9480718,47.5422169],[7.9488111,47.5420577],[7.9493741,47.5419224],[7.9509079,47.5415079],[7.9516848,47.5412949],[7.952263,47.5411468],[7.9528132,47.5410265],[7.9533759,47.5409215],[7.9537588,47.5408616],[7.9541946,47.5408104],[7.9546595,47.5407699],[7.9552394,47.5407372]]}},{"type":"Feature","properties":{"bridge":"yes","highway":"motorway","lanes":"3","layer":"1","maxspeed":"120","oneway":"yes","ref":"A3","toll":"yes","turn:lanes":"none|none|slight_right","carriage_ref":"a"},"geometry":{"type":"LineString","coordinates":[[8.8558313,47.185486],[8.8561871,47.1854985],[8.8566615,47.1855182],[8.8570897,47.1855485],[8.8575307,47.1855824],[8.8578677,47.1856217],[8.8581516,47.185662],[8.8583841,47.1856994],[8.8585359,47.1857283]]}},{"type":"Feature","properties":{"change:lanes":"not_left|yes|no","highway":"motorway","lanes":"3","maxspeed":"120","oneway":"yes","placement":"right_of:1","ref":"A3","shoulder:right":"yes","source:maxspeed":"CH:motorway","surface":"asphalt","toll":"yes","turn:lanes":"||slight_right","carriage_ref":"a"},"geometry":{"type":"LineString","coordinates":[[9.0658021,47.128948],[9.0663634,47.1288998]]}},{"type":"Feature","properties":{"avz":"220","cs_dir:forward":"2","highway":"motorway","int_ref":"E 60","lanes":"2","maxspeed":"120","oneway":"yes","ref":"A3","ssvz":"1128N","surface":"asphalt","toll":"yes","carriage_ref":"b"},"geometry":{"type":"LineString","coordinates":[[8.2373723,47.44911],[8.2368088,47.4492726],[8.234085,47.450063]]}},{"type":"Feature","properties":{"highway":"motorway","int_ref":"E 41","lanes":"2","lit":"yes","maxspeed":"100","maxspeed:variable":"obstruction","oneway":"yes","overtaking:hgv":"no","ref":"A3;A4","shoulder:right":"yes","source:maxspeed":"signals","surface":"asphalt","toll":"yes","carriage_ref":"a"},"geometry":{"type":"LineString","coordinates":[[8.4261918,47.3486736],[8.4264332,47.3484783]]}},{"type":"Feature","properties":{"highway":"motorway","int_ref":"E 41","lanes":"3","lit":"no","maxspeed":"100","maxspeed:variable":"obstruction","oneway":"yes","placement":"right_of:1","ref":"A3;A4","shoulder:right":"yes","source:maxspeed":"signals","surface":"asphalt","toll":"yes","carriage_ref":"a"},"geometry":{"type":"LineString","coordinates":[[8.4228138,47.4064966],[8.4225741,47.4061433],[8.4223488,47.4057878]]}},{"type":"Feature","properties":{"highway":"motorway","int_ref":"E 60","lanes":"3","maxspeed":"120","oneway":"yes","ref":"A3","toll":"yes","turn:lanes":"through|through|merge_to_left","carriage_ref":"b"},"geometry":{"type":"LineString","coordinates":[[8.2192077,47.4523674],[8.2182496,47.4522416],[8.2153763,47.4517913]]}},{"type":"Feature","properties":{"highway":"motorway","lanes":"3","maxspeed":"120","oneway":"yes","placement":"right_of:1","ref":"A3","toll":"yes","turn:lanes":"||merge_to_left","carriage_ref":"b"},"geometry":{"type":"LineString","coordinates":[[9.3505922,47.0983493],[9.3503497,47.0986431]]}},{"type":"Feature","properties":{"bridge":"yes","highway":"motorway","lanes":"2","layer":"1","maxspeed":"120","oneway":"yes","ref":"A3","shoulder:right":"yes","source:maxspeed":"CH:motorway","surface":"asphalt","toll":"yes","carriage_ref":"a"},"geometry":{"type":"LineString","coordinates":[[9.0634577,47.1292972],[9.0641956,47.1291615],[9.0647637,47.1290756]]}},{"type":"Feature","properties":{"covered":"yes","destination":"Bern","highway":"motorway","int_ref":"E 60","lanes":"3","lit":"no","maxspeed":"120","oneway":"yes","ref":"A1;A3","surface":"asphalt","toll":"yes","carriage_ref":"b"},"geometry":{"type":"LineString","coordinates":[[8.3476639,47.4384756],[8.3475836,47.4385372],[8.3474374,47.4386563]]}},{"type":"Feature","properties":{"avz":"55","cs_dir:forward":"2","highway":"motorway","lanes":"2","maxspeed":"120","oneway":"yes","ref":"A3","ssvz":"753N","toll":"yes","carriage_ref":"b"},"geometry":{"type":"LineString","coordinates":[[8.6704656,47.2139161],[8.6700271,47.2143157],[8.6696725,47.2146347]]}},{"type":"Feature","properties":{"highway":"motorway","int_ref":"E 60","lanes":"2","maxspeed":"120","oneway":"yes","ref":"A3","toll":"yes","carriage_ref":"a"},"geometry":{"type":"LineString","coordinates":[[8.1928323,47.4516898],[8.1935839,47.4515524],[8.1942414,47.4514516],[8.1950037,47.4513433],[8.1957713,47.4512485],[8.1969006,47.4511363],[8.19797,47.4510447],[8.1994185,47.4509499],[8.2006388,47.4508896],[8.2021381,47.4508459],[8.2030031,47.4508318],[8.2040665,47.4508268],[8.2051917,47.4508433],[8.2060062,47.4508595],[8.2067133,47.4508797],[8.2076836,47.4509245],[8.2086668,47.4509735],[8.2103457,47.4510984],[8.2115469,47.451209],[8.2124685,47.451304],[8.2134378,47.4514191]]}},{"type":"Feature","properties":{"covered":"yes","highway":"motorway","lanes":"2","layer":"-1","maxspeed":"80","oneway":"yes","ref":"A3","toll":"yes","tunnel":"avalanche_protector","tunnel:alt_name":"Wisswand","tunnel:name":"Weisswand","carriage_ref":"b"},"geometry":{"type":"LineString","coordinates":[[9.131033,47.1261026],[9.1303486,47.1259169]]}},{"type":"Feature","properties":{"destination":"Zürich;Baden","destination:lanes":"Zürich;Baden|","destination:ref":"A 1","highway":"motorway","int_ref":"E 60","lanes":"2","maxspeed":"80","oneway":"yes","ref":"A3","surface":"asphalt","toll":"yes","turn:lanes":"merge_to_right|none","carriage_ref":"a"},"geometry":{"type":"LineString","coordinates":[[8.2461266,47.4463549],[8.2463132,47.4463345],[8.2465495,47.4463146],[8.2467876,47.4463113],[8.2470298,47.446317],[8.247266,47.4463418],[8.2475014,47.4463781],[8.2477121,47.4464177],[8.2479114,47.4464586],[8.2481217,47.4465153],[8.2483917,47.4466107],[8.2486077,47.4466981],[8.2488059,47.4467872],[8.2489925,47.4468824],[8.2493427,47.4470848]]}},{"type":"Feature","properties":{"avz":"318","cs_dir:forward":"1","highway":"motorway","lanes":"2","maxspeed":"120","oneway":"yes","ref":"A3","shoulder:right":"yes","source:maxspeed":"CH:motorway","surface":"asphalt","toll":"yes","carriage_ref":"a"},"geometry":{"type":"LineString","coordinates":[[9.4311293,47.0479006],[9.4315403,47.0473444],[9.4325445,47.0460285],[9.4330141,47.0454562]]}},{"type":"Feature","properties":{"destination":"Zürich","highway":"motorway","lanes":"2","lit":"yes","maxspeed":"100","oneway":"yes","ref":"A1;A3","surface":"asphalt","toll":"yes","carriage_ref":"a"},"geometry":{"type":"LineString","coordinates":[[8.303564,47.4591179],[8.3038362,47.4590206],[8.3040267,47.458954],[8.3042124,47.4588823],[8.3044803,47.4587736],[8.304826,47.4586143],[8.3050768,47.4584898],[8.3053173,47.4583598],[8.3055541,47.4582228],[8.3057648,47.4580917],[8.3059206,47.4579849],[8.3060826,47.4578721],[8.3063016,47.4577006],[8.3064685,47.4575614],[8.3066311,47.4574165],[8.3068253,47.4572274],[8.3069974,47.4570452],[8.3071716,47.4568356],[8.3073265,47.4566338],[8.3075623,47.4563615]]}},{"type":"Feature","properties":{"highway":"motorway","lanes":"2","maxspeed":"120","oneway":"yes","ref":"A3","toll":"yes","carriage_ref":"b"},"geometry":{"type":"LineString","coordinates":[[8.7541047,47.1960657],[8.751913,47.1959385],[8.7510585,47.1958799],[8.7501468,47.195802],[8.749438,47.1957292]]}},{"type":"Feature","properties":{"highway":"motorway","int_ref":"E 25;E 35;E 60","lanes":"3","maxspeed":"120","oneway":"yes","ref":"A2;A3","toll":"yes","carriage_ref":"b"},"geometry":{"type":"LineString","coordinates":[[7.6907772,47.5290518],[7.6899344,47.5290117],[7.6894277,47.5289824],[7.6886292,47.5289023],[7.6850764,47.5284378],[7.6841022,47.5283111]]}},{"type":"Feature","properties":{"highway":"motorway","int_ref":"E 25;E 35;E 60","lanes":"3","layer":"-2","maxspeed":"80","name":"Schwarzwaldtunnel","oneway":"yes","ref":"A2;A3","toll":"yes","tunnel":"yes","tunnel:name":"Schwarzwald","carriage_ref":"a"},"geometry":{"type":"LineString","coordinates":[[7.6036655,47.570802],[7.6040741,47.5702648],[7.6044711,47.5697515],[7.6067399,47.5669688]]}},{"type":"Feature","properties":{"avz":"97","cs_dir:forward":"2","highway":"motorway","int_ref":"E 60","lanes":"3","lit":"yes","maxspeed":"100","oneway":"yes","ref":"A1;A3","ssvz":"971N","surface":"asphalt","toll":"yes","carriage_ref":"b"},"geometry":{"type":"LineString","coordinates":[[8.3092382,47.4543867],[8.3090709,47.4545369],[8.3089119,47.4546971],[8.3087492,47.4548848],[8.3086179,47.4550544],[8.3084957,47.4552172],[8.3082988,47.4555046],[8.3081041,47.4558119],[8.307728,47.4564152],[8.3074233,47.4569148],[8.307272,47.4571588],[8.3071332,47.457356],[8.3069603,47.4575709],[8.3068185,47.4577303],[8.3066553,47.457898],[8.3064595,47.4580799],[8.3062936,47.4582221],[8.3061209,47.4583555],[8.3059106,47.4585027],[8.3056718,47.4586596],[8.3054481,47.4587927],[8.305184,47.4589406],[8.3048411,47.459108],[8.3045163,47.4592533],[8.3041353,47.4594102],[8.3036877,47.4595761]]}},{"type":"Feature","properties":{"highway":"motorway","int_ref":"E 41","lanes":"2","layer":"-1","lit":"24/7","maxspeed":"100","maxspeed:variable":"obstruction","oneway":"yes","overtaking:hgv":"no","ref":"A3;A4","shoulder:right":"yes","source:maxspeed":"signals","surface":"asphalt","toll":"yes","tunnel":"yes","tunnel:name":"Hafnerbergtunnel","carriage_ref":"a"},"geometry":{"type":"LineString","coordinates":[[8.4249024,47.3497255],[8.4261918,47.3486736]]}},{"type":"Feature","properties":{"highway":"motorway","lanes":"2","maxspeed":"80","oneway":"yes","ref":"A3","toll":"yes","carriage_ref":"b"},"geometry":{"type":"LineString","coordinates":[[9.182047,47.1157026],[9.1813608,47.1159694],[9.1809064,47.1160967],[9.1804269,47.1161977],[9.1795255,47.1163932],[9.1787924,47.1165341],[9.178275,47.1166194],[9.177686,47.1166754],[9.1770157,47.1167125],[9.1766377,47.1167359]]}},{"type":"Feature","properties":{"highway":"motorway","int_ref":"E 41","lanes":"2","lit":"yes","maxspeed":"100","maxspeed:variable":"obstruction","oneway":"yes","overtaking:hgv":"no","ref":"A3;A4","shoulder:right":"yes","source:maxspeed":"signals","surface":"asphalt","toll":"yes","carriage_ref":"a"},"geometry":{"type":"LineString","coordinates":[[8.4225579,47.3682905],[8.4229873,47.3678204],[8.4232416,47.3674819],[8.4234925,47.3670712]]}},{"type":"Feature","properties":{"bridge":"yes","highway":"motorway","int_ref":"E 25;E 35;E 60","lanes":"3","layer":"1","maxspeed":"80","oneway":"yes","ref":"A2;A3","toll":"yes","carriage_ref":"a"},"geometry":{"type":"LineString","coordinates":[[7.6155993,47.5551379],[7.6159533,47.554405],[7.6160321,47.5542295],[7.6161064,47.5540509],[7.6161763,47.553816],[7.6162215,47.5535989],[7.6162405,47.5532865],[7.6162108,47.5528888],[7.6161682,47.5525688],[7.6161044,47.5522157],[7.6160217,47.5518493]]}},{"type":"Feature","properties":{"highway":"motorway","int_ref":"E 25;E 35;E 60","lanes":"4","maxspeed":"120","oneway":"yes","ref":"A2;A3","toll":"yes","turn:lanes":"through|through|through|slight_right","carriage_ref":"a"},"geometry":{"type":"LineString","coordinates":[[7.7008083,47.5273011],[7.7013612,47.5271683],[7.7027384,47.5268335],[7.7028581,47.5268085],[7.704149,47.5265386],[7.7048476,47.5263937],[7.7053467,47.5263023],[7.706793,47.5261076],[7.7073943,47.5260398],[7.7080623,47.5259889],[7.7087234,47.5259543],[7.709528,47.5259397],[7.7098171,47.5259372],[7.7112862,47.5260171],[7.7114967,47.5260333],[7.7121341,47.5260983],[7.7132761,47.5262515],[7.7150775,47.5265253],[7.7162104,47.5267199],[7.7171717,47.5268997]]}},{"type":"Feature","properties":{"highway":"motorway","lanes":"2","maxspeed":"100","oneway":"yes","ref":"A3","toll":"yes","carriage_ref":"b"},"geometry":{"type":"LineString","coordinates":[[8.845884,47.1866834],[8.8453301,47.1868152],[8.844464,47.18706],[8.8427643,47.1876114],[8.8408053,47.1882619]]}},{"type":"Feature","properties":{"highway":"motorway","int_ref":"E 60","lanes":"2","maxspeed":"100","oneway":"yes","ref":"A3","surface":"asphalt","toll":"yes","carriage_ref":"b"},"geometry":{"type":"LineString","coordinates":[[8.2487302,47.4473855],[8.2485013,47.4473097],[8.2482842,47.44725],[8.2480607,47.4471989],[8.2478303,47.4471533],[8.2476004,47.4471117],[8.2473704,47.4470763],[8.2471394,47.4470457],[8.2469014,47.4470212],[8.2466248,47.4469979],[8.2462914,47.4469823],[8.2459287,47.4469752],[8.2455426,47.4469807]]}},{"type":"Feature","properties":{"destination":"Bern","highway":"motorway","int_ref":"E 60","lanes":"3","lit":"no","maxspeed":"120","oneway":"yes","ref":"A1;A3","surface":"asphalt","toll":"yes","carriage_ref":"b"},"geometry":{"type":"LineString","coordinates":[[8.3474374,47.4386563],[8.3472797,47.4387848],[8.3469912,47.4390391],[8.3467098,47.4392962],[8.3464142,47.4395803],[8.3461297,47.4398702]]}},{"type":"Feature","properties":{"highway":"motorway","int_ref":"E 60","lanes":"2","maxspeed":"120","oneway":"yes","ref":"A3","toll":"yes","carriage_ref":"b"},"geometry":{"type":"LineString","coordinates":[[8.0987045,47.4796002],[8.0984324,47.479842],[8.0983266,47.4799418],[8.0982094,47.4800516],[8.097523,47.4807596],[8.0972019,47.4811528],[8.0968935,47.4815695],[8.0963949,47.4822827],[8.0960931,47.4827212],[8.0958366,47.4830578],[8.0955619,47.4833868],[8.0952433,47.4837209],[8.0948924,47.4840562],[8.0944448,47.484449],[8.0940223,47.4847831],[8.0935741,47.4851122],[8.0931297,47.4853956],[8.0927153,47.4856425],[8.0922539,47.4858944],[8.0918847,47.4860817],[8.0913372,47.4863352],[8.090037,47.4868963]]}},{"type":"Feature","properties":{"highway":"motorway","lanes":"2","maxspeed":"120","oneway":"yes","ref":"A3","surface":"asphalt","toll":"yes","carriage_ref":"b"},"geometry":{"type":"LineString","coordinates":[[8.6137683,47.2371041],[8.612566,47.2379341],[8.6119902,47.2383354],[8.6113101,47.2388067],[8.6106775,47.239243]]}},{"type":"Feature","properties":{"highway":"motorway","lanes":"2","maxspeed":"100","oneway":"yes","overtaking:hgv":"no","ref":"A3","shoulder":"none","source:maxspeed":"sign","surface":"asphalt","toll":"yes","carriage_ref":"a"},"geometry":{"type":"LineString","coordinates":[[9.186511,47.1136789],[9.1869766,47.1138599],[9.18734,47.1139906]]}},{"type":"Feature","properties":{"highway":"motorway","int_ref":"E 60","lanes":"2","maxspeed":"120","oneway":"yes","ref":"A3","toll":"yes","carriage_ref":"a"},"geometry":{"type":"LineString","coordinates":[[7.9812623,47.5413803],[7.9816549,47.5412756],[7.9820274,47.54116],[7.9826718,47.5409364],[7.983257,47.5406964],[7.9836946,47.5404864],[7.9840529,47.5402977],[7.9844243,47.540089],[7.9854657,47.5394263],[7.9871206,47.5383622],[7.9886119,47.5374191],[7.9889977,47.5371856]]}},{"type":"Feature","properties":{"change:lanes":"not_left|not_right|not_left|not_right","destination:lanes":"Urdorf-Süd|Urdorf-Süd|Urdorf-Nord;Schlieren;Dietikon|Urdorf-Nord;Schlieren;Dietikon","highway":"motorway","int_ref":"E 41","lanes":"4","lit":"yes","maxspeed":"100","maxspeed:variable":"obstruction","oneway":"yes","overtaking:hgv":"no","placement":"right_of:1","ref":"A3;A4","shoulder:right":"yes","smoothness":"good","source:maxspeed":"signals","surface":"asphalt","toll":"yes","turn:lanes":"through|through|right|right","carriage_ref":"a"},"geometry":{"type":"LineString","coordinates":[[8.4174584,47.3942834],[8.417307,47.3941428]]}},{"type":"Feature","properties":{"highway":"motorway","int_ref":"E 25;E 60","lanes":"2","layer":"-1","maxspeed":"80","name":"St. Johanns-Tunnel","oneway":"yes","ref":"A3","toll":"yes","tunnel":"yes","tunnel:alt_name":"St. Johanns","tunnel:name":"St. Johann","carriage_ref":"a"},"geometry":{"type":"LineString","coordinates":[[7.5774042,47.5708008],[7.5810325,47.570698],[7.5829885,47.5706427],[7.58315,47.5706388]]}},{"type":"Feature","properties":{"bridge":"yes","highway":"motorway","int_ref":"E 60","lanes":"3","layer":"1","lit":"no","maxspeed":"100","oneway":"yes","ref":"A1;A3","surface":"asphalt","toll":"yes","carriage_ref":"b"},"geometry":{"type":"LineString","coordinates":[[8.2671383,47.4534285],[8.2667608,47.4532663]]}},{"type":"Feature","properties":{"highway":"motorway","lanes":"2","maxspeed":"120","oneway":"yes","ref":"A3","surface":"asphalt","toll":"yes","carriage_ref":"a"},"geometry":{"type":"LineString","coordinates":[[8.6015007,47.2454149],[8.6025149,47.2447062],[8.6033877,47.2441001],[8.6041325,47.2435708],[8.6060075,47.2422758]]}},{"type":"Feature","properties":{"avz":"70","bridge":"yes","cs_dir:forward":"1","highway":"motorway","int_ref":"E 25;E 35;E 60","lanes":"2","layer":"1","maxspeed":"80","oneway":"yes","ref":"A2;A3","toll":"yes","carriage_ref":"a"},"geometry":{"type":"LineString","coordinates":[[7.61326,47.5588883],[7.6133772,47.5587241],[7.6136437,47.5583237],[7.6145343,47.5569707]]}},{"type":"Feature","properties":{"bridge":"yes","highway":"motorway","lanes":"2","layer":"1","maxspeed":"120","oneway":"yes","ref":"A3","surface":"asphalt","toll":"yes","carriage_ref":"b"},"geometry":{"type":"LineString","coordinates":[[9.0692935,47.1289409],[9.0688,47.1289333]]}},{"type":"Feature","properties":{"highway":"motorway","int_ref":"E 41","lanes":"2","lit":"yes","maxspeed":"100","oneway":"yes","ref":"A3;A4","source:maxspeed":"sign","toll":"yes","carriage_ref":"b"},"geometry":{"type":"LineString","coordinates":[[8.4153584,47.3842002],[8.4145907,47.3856876],[8.4144587,47.3859962],[8.4143422,47.3863097]]}},{"type":"Feature","properties":{"bridge":"yes","highway":"motorway","int_ref":"E 60","lanes":"3","layer":"1","lit":"yes","maxspeed":"100","oneway":"yes","ref":"A1;A3","surface":"asphalt","toll":"yes","carriage_ref":"b"},"geometry":{"type":"LineString","coordinates":[[8.288253,47.458952],[8.2854736,47.458598]]}},{"type":"Feature","properties":{"highway":"motorway","lanes":"3","maxspeed":"120","oneway":"yes","ref":"A3","surface":"asphalt","toll":"yes","turn:lanes":"none|none|slight_right","carriage_ref":"a"},"geometry":{"type":"LineString","coordinates":[[8.6060075,47.2422758],[8.6068742,47.241643]]}},{"type":"Feature","properties":{"highway":"motorway","lanes":"3","maxspeed":"120","oneway":"yes","placement":"right_of:1","ref":"A3","toll":"yes","turn:lanes":"||slight_right","carriage_ref":"b"},"geometry":{"type":"LineString","coordinates":[[9.4356438,47.0430098],[9.4346288,47.0438819]]}},{"type":"Feature","properties":{"bridge":"yes","destination:lanes":"Basel-City;Zoo;Bahnhof|Karlsruhe;Mulhouse;EuroAirport;Basel-Nord|Karlsruhe;Mulhouse;EuroAirport;Basel-Nord","highway":"motorway","int_ref":"E 25;E 35;E 60","lanes":"3","layer":"2","maxspeed":"80","oneway":"yes","ref":"A2;A3","toll":"yes","turn:lanes":"slight_left|through|through","carriage_ref":"b"},"geometry":{"type":"LineString","coordinates":[[7.6213757,47.5428077],[7.620322,47.5431631],[7.619708,47.5433762],[7.6189981,47.54364],[7.6185244,47.543812],[7.6180648,47.5439971],[7.6177031,47.5441626],[7.6173023,47.5443539]]}},{"type":"Feature","properties":{"bridge":"yes","highway":"motorway","int_ref":"E 60","lanes":"3","layer":"1","lit":"no","maxspeed":"120","oneway":"yes","ref":"A1;A3","toll":"yes","carriage_ref":"a"},"geometry":{"type":"LineString","coordinates":[[8.3534281,47.4352765],[8.3554381,47.434492]]}},{"type":"Feature","properties":{"bridge":"yes","highway":"motorway","int_ref":"E 60","lanes":"2","layer":"1","oneway":"yes","ref":"A3","toll":"yes","carriage_ref":"a"},"geometry":{"type":"LineString","coordinates":[[8.070474,47.4991999],[8.0711042,47.4990827],[8.0716776,47.498959]]}},{"type":"Feature","properties":{"highway":"motorway","lanes":"2","maxspeed":"120","oneway":"yes","ref":"A3","toll":"yes","carriage_ref":"a"},"geometry":{"type":"LineString","coordinates":[[8.6429793,47.2294723],[8.6436802,47.2293336],[8.6441897,47.2292222],[8.6450112,47.2290269],[8.645518,47.2288933],[8.6460329,47.2287512],[8.646674,47.2285619],[8.6473329,47.2283491],[8.6478476,47.2281722],[8.6483308,47.2279931],[8.6488731,47.2277766],[8.6493858,47.2275652],[8.6500406,47.2272771],[8.6505459,47.2270415]]}},{"type":"Feature","properties":{"highway":"motorway","lanes":"2","layer":"-1","maxspeed":"100","oneway":"yes","ref":"A3","toll":"yes","tunnel":"yes","tunnel:alt_name":"Murgwald Nord","tunnel:name":"Murgwald","carriage_ref":"b"},"geometry":{"type":"LineString","coordinates":[[9.2214296,47.1108625],[9.2208946,47.11086],[9.2203275,47.110826],[9.2196469,47.1107704],[9.2187924,47.1106696],[9.2173783,47.1105636],[9.2151708,47.1105152],[9.2128075,47.1105035],[9.2109246,47.1106621],[9.2096451,47.1108165],[9.2080571,47.1111809],[9.2062465,47.1116869],[9.2047224,47.1122474],[9.203916,47.1125532]]}},{"type":"Feature","properties":{"avz":"607","bridge":"yes","cs_dir:forward":"1","highway":"motorway","lanes":"2","maxspeed":"120","oneway":"yes","ref":"A3","surface":"asphalt","toll":"yes","carriage_ref":"a"},"geometry":{"type":"LineString","coordinates":[[8.5971558,47.2484279],[8.5973872,47.2482664]]}},{"type":"Feature","properties":{"change:lanes":"not_right|not_left|not_left","destination:int_ref:lanes":"E 60|E 41;E 60|","destination:lanes":"Bern;Basel|Sankt Gallen;Flughafen;Nordring-Zürich|Zürich-City","destination:ref:lanes":"A1;A3|A1;A4|","highway":"motorway","int_ref":"E 41","lanes":"3","lit":"yes","maxspeed":"100","oneway":"yes","ref":"A3;A4","source:maxspeed":"sign","surface":"asphalt","toll":"yes","turn:lanes":"slight_left|through|through","carriage_ref":"b"},"geometry":{"type":"LineString","coordinates":[[8.4230008,47.4064449],[8.4231939,47.4066917],[8.4233735,47.4069275],[8.4236093,47.4072072],[8.4238544,47.407485],[8.4240448,47.4076827],[8.4242153,47.4078719]]}},{"type":"Feature","properties":{"avz":"54","cs_dir:forward":"2","highway":"motorway","lanes":"2","maxspeed":"100","oneway":"yes","ref":"A3","ssvz":"73N","surface":"asphalt","toll":"yes","carriage_ref":"b"},"geometry":{"type":"LineString","coordinates":[[8.537545,47.3168038],[8.5369162,47.3173246],[8.5364133,47.3177629],[8.5358762,47.3182581]]}},{"type":"Feature","properties":{"highway":"motorway","int_ref":"E 60","lanes":"4","lit":"no","maxspeed":"120","oneway":"yes","ref":"A1;A3","toll":"yes","turn:lanes":"through|through|through|slight_right","carriage_ref":"a"},"geometry":{"type":"LineString","coordinates":[[8.3622996,47.4311079],[8.3626079,47.4309633],[8.3628474,47.4308536],[8.3630926,47.4307463]]}},{"type":"Feature","properties":{"change:lanes":"not_left|not_right|no","highway":"motorway","int_ref":"E 41","lanes":"3","lit":"yes","maxspeed":"100","maxspeed:variable":"obstruction","oneway":"yes","placement":"right_of:1","ref":"A3;A4","shoulder:right":"yes","source:maxspeed":"signals","surface":"asphalt","toll":"yes","carriage_ref":"a"},"geometry":{"type":"LineString","coordinates":[[8.4246254,47.40855],[8.424301,47.4082251]]}},{"type":"Feature","properties":{"bridge":"yes","highway":"motorway","int_ref":"E 25;E 35;E 60","lanes":"3","layer":"2","maxspeed":"80","oneway":"yes","ref":"A2;A3","surface":"asphalt","toll":"yes","turn:lanes":"through|through|slight_right","carriage_ref":"a"},"geometry":{"type":"LineString","coordinates":[[7.6170074,47.544224],[7.6184568,47.5436832],[7.6205792,47.5429521],[7.6216618,47.5425983],[7.6221145,47.5424712],[7.6225579,47.5423576],[7.6230569,47.5422502]]}},{"type":"Feature","properties":{"highway":"motorway","int_ref":"E 60","lanes":"2","maxspeed":"120","oneway":"yes","ref":"A3","toll":"yes","carriage_ref":"a"},"geometry":{"type":"LineString","coordinates":[[7.7839459,47.5447558],[7.7845746,47.5447951],[7.7851919,47.5448156],[7.7862862,47.5448268],[7.7875468,47.5448091],[7.7896515,47.5447002],[7.791433,47.5445937],[7.7929925,47.5445125],[7.7938342,47.5444753],[7.7947401,47.5444702],[7.7953571,47.5444821],[7.7961301,47.5445134],[7.7972053,47.5446046],[7.7975132,47.5446379]]}},{"type":"Feature","properties":{"highway":"motorway","lanes":"2","layer":"-1","lit":"24/7","maxspeed":"100","oneway":"yes","overtaking:hgv":"no","ref":"A3","shoulder":"none","source:maxspeed":"sign","surface":"asphalt","toll":"yes","tunnel":"yes","tunnel:alt_name":"Quarten Süd","tunnel:name":"Quarten","carriage_ref":"a"},"geometry":{"type":"LineString","coordinates":[[9.2358587,47.1099519],[9.236483,47.1097923],[9.2375329,47.1094957],[9.2385991,47.1091529],[9.2395338,47.108806],[9.2402909,47.1085939],[9.2411581,47.108393],[9.242407,47.1082231],[9.2436273,47.1081178],[9.2450086,47.1080196],[9.2465311,47.1080499],[9.2481427,47.108135],[9.2493441,47.1082413],[9.2507544,47.108384],[9.2519651,47.1086098],[9.2526391,47.1087711]]}},{"type":"Feature","properties":{"highway":"motorway","lanes":"3","maxspeed":"120","oneway":"yes","ref":"A3","toll":"yes","turn:lanes":"none|none|slight_right","carriage_ref":"b"},"geometry":{"type":"LineString","coordinates":[[8.664215,47.2186633],[8.6636144,47.2190313],[8.6635476,47.2190769]]}},{"type":"Feature","properties":{"highway":"motorway","lanes":"2","maxspeed":"120","oneway":"yes","ref":"A3","toll":"yes","carriage_ref":"b"},"geometry":{"type":"LineString","coordinates":[[9.4346288,47.0438819],[9.4343882,47.0441228],[9.4338238,47.0446971],[9.4332759,47.0453136]]}},{"type":"Feature","properties":{"highway":"motorway","int_ref":"E 25;E 35;E 60","lanes":"4","maxspeed":"120","oneway":"yes","ref":"A2;A3","toll":"yes","turn:lanes":"through|through|through|merge_to_left","carriage_ref":"a"},"geometry":{"type":"LineString","coordinates":[[7.7192214,47.5273298],[7.7198475,47.5274669],[7.7206597,47.5276658]]}},{"type":"Feature","properties":{"highway":"motorway","lanes":"2","maxspeed":"120","oneway":"yes","ref":"A3","toll":"yes","carriage_ref":"a"},"geometry":{"type":"LineString","coordinates":[[8.6237315,47.2317549],[8.6245565,47.231545],[8.6252136,47.2313966],[8.6256489,47.2313042],[8.6260868,47.2312246],[8.6267,47.2311237],[8.6272877,47.2310292],[8.6278805,47.2309458],[8.6284409,47.2308784],[8.6289864,47.2308066],[8.6299468,47.2307058],[8.6309609,47.2306141],[8.6320099,47.230533]]}},{"type":"Feature","properties":{"highway":"motorway","lanes":"2","maxspeed":"120","oneway":"yes","ref":"A3","toll":"yes","carriage_ref":"a"},"geometry":{"type":"LineString","coordinates":[[8.8407633,47.1881553],[8.8427286,47.1874769],[8.8444495,47.1869277],[8.8452825,47.1866936],[8.8461572,47.1864807]]}},{"type":"Feature","properties":{"bridge":"yes","highway":"motorway","int_ref":"E 25;E 35;E 60","lanes":"2","layer":"1","maxspeed":"80","oneway":"yes","ref":"A2;A3","toll":"yes","carriage_ref":"b"},"geometry":{"type":"LineString","coordinates":[[7.6094342,47.5639273],[7.6089482,47.5645766]]}},{"type":"Feature","properties":{"covered":"yes","destination:ref":"A 2;A 3","destination:symbol":"motorway","highway":"motorway","int_ref":"E 25;E 35;E 60","lanes":"3","layer":"-1","maxspeed":"60","oneway":"yes","ref":"A2;A3","surface":"asphalt","toll":"yes","turn:lanes":"merge_to_right|through|through","carriage_ref":"b"},"geometry":{"type":"LineString","coordinates":[[7.6166631,47.5527228],[7.6165672,47.5530956]]}},{"type":"Feature","properties":{"bridge":"yes","highway":"motorway","lanes":"2","layer":"1","maxspeed":"120","oneway":"yes","ref":"A3","toll":"yes","carriage_ref":"b"},"geometry":{"type":"LineString","coordinates":[[8.8618557,47.1871342],[8.8615361,47.1869367]]}},{"type":"Feature","properties":{"highway":"motorway","int_ref":"E 60","lanes":"4","lit":"no","maxspeed":"120","oneway":"yes","placement":"middle_of:2","ref":"A1;A3","surface":"asphalt","toll":"yes","turn:lanes":"|||right","carriage_ref":"b"},"geometry":{"type":"LineString","coordinates":[[8.3504264,47.4367521],[8.3500494,47.4369497],[8.3496804,47.4371502],[8.3493865,47.4373219]]}},{"type":"Feature","properties":{"highway":"motorway","lanes":"2","maxspeed":"120","oneway":"yes","ref":"A3","toll":"yes","carriage_ref":"a"},"geometry":{"type":"LineString","coordinates":[[8.6825724,47.20353],[8.683193,47.2033449],[8.6838165,47.2031778],[8.6846875,47.2029693],[8.6850856,47.2028797],[8.6857627,47.202733],[8.6871481,47.2024386]]}},{"type":"Feature","properties":{"highway":"motorway","lanes":"3","maxspeed":"120","oneway":"yes","placement":"right_of:1","ref":"A3","toll":"yes","turn:lanes":"||slight_right","carriage_ref":"b"},"geometry":{"type":"LineString","coordinates":[[9.3529835,47.0942857],[9.3527341,47.0946637],[9.3524793,47.0950818],[9.3522329,47.095531]]}},{"type":"Feature","properties":{"bridge":"yes","destination:lanes":"Zürich City;Brunau|Zürich City|San Bernardino;Chur|San Bernardino;Chur","highway":"motorway","lanes":"4","layer":"1","lit":"yes","maxspeed":"100","oneway":"yes","ref":"A3","smoothness":"excellent","source":"Kanton Zürich Orthophotos 2014/2015 10cm","surface":"asphalt","toll":"yes","carriage_ref":"a"},"geometry":{"type":"LineString","coordinates":[[8.5165108,47.3439131],[8.5168589,47.3438941]]}},{"type":"Feature","properties":{"highway":"motorway","lanes":"3","maxspeed":"120","oneway":"yes","ref":"A3","toll":"yes","turn:lanes":"none|none|merge_to_left","carriage_ref":"b"},"geometry":{"type":"LineString","coordinates":[[8.6047435,47.2433874],[8.6040981,47.2438403],[8.6033497,47.2443488]]}},{"type":"Feature","properties":{"highway":"motorway","lanes":"2","maxspeed":"80","oneway":"yes","ref":"A3","toll":"yes","carriage_ref":"a"},"geometry":{"type":"LineString","coordinates":[[8.7092,47.1960237],[8.7101897,47.1958992],[8.7108943,47.195792],[8.7116239,47.1956708],[8.7121555,47.1955808]]}},{"type":"Feature","properties":{"highway":"motorway","lanes":"2","maxspeed":"120","oneway":"yes","ref":"A3","shoulder:right":"yes","source:maxspeed":"CH:motorway","surface":"asphalt","toll":"yes","carriage_ref":"a"},"geometry":{"type":"LineString","coordinates":[[9.457387,47.0384682],[9.4579985,47.0384152],[9.4585242,47.0383457],[9.4591645,47.0382269],[9.4598997,47.0380574],[9.4602026,47.03797]]}},{"type":"Feature","properties":{"avz":"219","cs_dir:forward":"2","highway":"motorway","int_ref":"E 60","lanes":"2","maxspeed":"100","oneway":"yes","ref":"A3","ssvz":"1008N","toll":"yes","carriage_ref":"b"},"geometry":{"type":"LineString","coordinates":[[8.1440349,47.4560474],[8.1435745,47.4560547],[8.1429975,47.4560838],[8.1420758,47.456151],[8.1414298,47.456221],[8.1407489,47.4563152],[8.1402113,47.4564093],[8.139799,47.4564952],[8.1393694,47.4565897],[8.1389284,47.4566991]]}},{"type":"Feature","properties":{"highway":"motorway","lanes":"2","maxspeed":"100","oneway":"yes","ref":"A3","toll":"yes","carriage_ref":"b"},"geometry":{"type":"LineString","coordinates":[[9.3298009,47.1154316],[9.3295416,47.1154548],[9.3286952,47.1154896],[9.328037,47.1154985],[9.3272938,47.1154805]]}},{"type":"Feature","properties":{"highway":"motorway","int_ref":"E 25;E 35;E 60","lanes":"4","maxspeed":"120","oneway":"yes","ref":"A2;A3","surface":"asphalt","toll":"yes","turn:lanes":"through|through|through|slight_right","carriage_ref":"b"},"geometry":{"type":"LineString","coordinates":[[7.7081565,47.5261326],[7.7073467,47.5261996],[7.7053131,47.5264662]]}},{"type":"Feature","properties":{"highway":"motorway","lanes":"2","maxspeed":"120","oneway":"yes","ref":"A3","toll":"yes","carriage_ref":"a"},"geometry":{"type":"LineString","coordinates":[[8.7933835,47.1991747],[8.7937125,47.1992818],[8.794303,47.1994734],[8.795214,47.1997525],[8.7963161,47.2000639],[8.7969893,47.2002309],[8.7975634,47.2003616],[8.7982429,47.2004946],[8.7986931,47.2005719]]}},{"type":"Feature","properties":{"bridge":"yes","bridge:name":"Reppischtalbrücke","highway":"motorway","int_ref":"E 41","lanes":"2","layer":"1","lit":"yes","maxspeed":"100","oneway":"yes","ref":"A3;A4","source:maxspeed":"sign","toll":"yes","carriage_ref":"b"},"geometry":{"type":"LineString","coordinates":[[8.423684,47.3615258],[8.4239245,47.362231]]}},{"type":"Feature","properties":{"highway":"motorway","lanes":"3","maxspeed":"120","oneway":"yes","placement":"right_of:1","ref":"A3","shoulder:right":"yes","source:maxspeed":"CH:motorway","surface":"asphalt","toll":"yes","turn:lanes":"||slight_right","carriage_ref":"a"},"geometry":{"type":"LineString","coordinates":[[9.3507478,47.0979007],[9.3512587,47.0970414]]}},{"type":"Feature","properties":{"bridge":"yes","highway":"motorway","lanes":"2","layer":"1","maxspeed":"120","oneway":"yes","ref":"A3","shoulder:right":"yes","source:maxspeed":"CH:motorway","surface":"asphalt","toll":"yes","carriage_ref":"a"},"geometry":{"type":"LineString","coordinates":[[9.0703364,47.1288696],[9.0704319,47.1288723]]}},{"type":"Feature","properties":{"highway":"motorway","int_ref":"E 41","lanes":"2","layer":"-1","lit":"24/7","maxspeed":"signals","oneway":"yes","overtaking:hgv":"no","ref":"A3;A4","shoulder:right":"yes","source:maxspeed":"signals","surface":"asphalt","toll":"yes","tunnel":"yes","tunnel:name":"Hafnerbergtunnel","carriage_ref":"a"},"geometry":{"type":"LineString","coordinates":[[8.4223911,47.3592471],[8.4221091,47.3585131],[8.4218543,47.3577697],[8.4217107,47.3572347],[8.4216045,47.3566736],[8.4215578,47.3560002],[8.4215695,47.3554685],[8.4216038,47.3549366],[8.4216744,47.3545621],[8.4217696,47.3541788],[8.421914,47.3537263],[8.4220855,47.3532681],[8.4224191,47.3525771],[8.4229103,47.3518083],[8.4234284,47.3511422],[8.4239751,47.3505539],[8.4243669,47.3501737]]}},{"type":"Feature","properties":{"highway":"motorway","lanes":"2","maxspeed":"120","oneway":"yes","ref":"A3","toll":"yes","carriage_ref":"b"},"geometry":{"type":"LineString","coordinates":[[8.8462019,47.1866078],[8.845884,47.1866834]]}},{"type":"Feature","properties":{"destination:lanes":"Urdorf-Süd|Urdorf-Süd;Urdorf-Nord;Schlieren;Dietikon","highway":"motorway","int_ref":"E 41","lanes":"2","lit":"yes","maxspeed":"100","maxspeed:variable":"obstruction","oneway":"yes","overtaking:hgv":"no","ref":"A3;A4","shoulder:right":"yes","source:maxspeed":"signals","surface":"asphalt","toll":"yes","carriage_ref":"a"},"geometry":{"type":"LineString","coordinates":[[8.420154,47.3975367],[8.4198902,47.3970272],[8.4196961,47.396716],[8.4196052,47.396576]]}},{"type":"Feature","properties":{"avz":"194","change:lanes":"not_left|not_right|no|not_right","cs_dir:forward":"1","highway":"motorway","int_ref":"E 41","lanes":"4","lit":"yes","maxspeed":"100","maxspeed:variable":"obstruction","oneway":"yes","placement":"right_of:1","ref":"A3;A4","shoulder":"none","source:maxspeed":"signals","ssvz":"904N","surface":"asphalt","toll":"yes","turn:lanes":"|||merge_to_left","carriage_ref":"a"},"geometry":{"type":"LineString","coordinates":[[8.4146918,47.3911127],[8.4145511,47.3908188]]}},{"type":"Feature","properties":{"bridge":"yes","highway":"motorway","int_ref":"E 60","lanes":"3","layer":"1","lit":"no","maxspeed":"120","oneway":"yes","ref":"A1;A3","surface":"asphalt","toll":"yes","carriage_ref":"b"},"geometry":{"type":"LineString","coordinates":[[8.3310608,47.4546504],[8.3307528,47.4546931],[8.3304138,47.4547289],[8.3300775,47.4547582],[8.3297444,47.4547802],[8.3294184,47.4547994],[8.3291247,47.4548089]]}},{"type":"Feature","properties":{"change:lanes":"not_left|not_right|yes","highway":"motorway","lanes":"3","maxspeed":"120","oneway":"yes","placement":"right_of:1","ref":"A3","surface":"asphalt","toll":"yes","turn:lanes":"||merge_to_left","carriage_ref":"b"},"geometry":{"type":"LineString","coordinates":[[9.0635146,47.1293784],[9.0630845,47.1294747],[9.0627367,47.1295583]]}},{"type":"Feature","properties":{"avz":"245","cs_dir:forward":"1","highway":"motorway","lanes":"2","maxspeed":"120","oneway":"yes","ref":"A3","shoulder:right":"yes","source:maxspeed":"CH:motorway","ssvz":"82N","surface":"asphalt","toll":"yes","carriage_ref":"a"},"geometry":{"type":"LineString","coordinates":[[9.4395867,47.0405203],[9.4399427,47.0403682],[9.4409852,47.039947],[9.4420453,47.0395698]]}},{"type":"Feature","properties":{"highway":"motorway","lanes":"3","maxspeed":"120","oneway":"yes","placement":"right_of:1","ref":"A3","surface":"asphalt","toll":"yes","turn:lanes":"||merge_to_left","carriage_ref":"b"},"geometry":{"type":"LineString","coordinates":[[9.4588772,47.0383829],[9.4583622,47.0384676],[9.4579518,47.0385206],[9.4575886,47.0385585],[9.4570765,47.0386008]]}},{"type":"Feature","properties":{"highway":"motorway","lanes":"2","lit":"yes","maxspeed":"100","oneway":"yes","ref":"A3","surface":"asphalt","toll":"yes","carriage_ref":"b"},"geometry":{"type":"LineString","coordinates":[[8.530896,47.3270379],[8.5308323,47.3271896],[8.5306987,47.327474],[8.5305615,47.327743],[8.530354,47.3280932],[8.5301321,47.3284767]]}},{"type":"Feature","properties":{"bridge":"yes","highway":"motorway","lanes":"2","layer":"1","maxspeed":"120","oneway":"yes","ref":"A3","toll":"yes","carriage_ref":"a"},"geometry":{"type":"LineString","coordinates":[[8.8585359,47.1857283],[8.8587585,47.1857707],[8.8590864,47.1858456],[8.859305,47.1859002],[8.8595205,47.1859584]]}},{"type":"Feature","properties":{"destination:lanes":"Basel;Bern","destination:ref":"A1","highway":"motorway","lanes":"1","lit":"yes","maxspeed":"60","oneway":"yes","ref":"A3","surface":"asphalt","toll":"yes","carriage_ref":"b"},"geometry":{"type":"LineString","coordinates":[[8.4272653,47.4104398],[8.427473,47.4105576],[8.4276335,47.410659],[8.4277787,47.4107527],[8.4279156,47.4108594],[8.4280124,47.4109429],[8.4280889,47.411017],[8.4281535,47.4110946],[8.4282127,47.4111661],[8.4282824,47.4112803],[8.4283081,47.4113781],[8.4283322,47.411469]]}},{"type":"Feature","properties":{"highway":"motorway","lanes":"3","maxspeed":"120","oneway":"yes","ref":"A3","toll":"yes","turn:lanes":"none|none|merge_to_left","carriage_ref":"a"},"geometry":{"type":"LineString","coordinates":[[8.6380035,47.2301026],[8.6388465,47.2300271],[8.6398544,47.2299196],[8.6407613,47.2298163]]}},{"type":"Feature","properties":{"highway":"motorway","int_ref":"E 60","lanes":"4","lit":"yes","maxspeed":"100","oneway":"yes","ref":"A1;A3","surface":"asphalt","toll":"yes","carriage_ref":"b"},"geometry":{"type":"LineString","coordinates":[[8.4214778,47.4146557],[8.4202985,47.4152311],[8.4192347,47.4157604]]}},{"type":"Feature","properties":{"highway":"motorway","lanes":"2","maxspeed":"120","oneway":"yes","ref":"A3","toll":"yes","carriage_ref":"a"},"geometry":{"type":"LineString","coordinates":[[8.7994999,47.2006824],[8.8001667,47.20074],[8.8008013,47.2007802],[8.8013328,47.200797],[8.8020495,47.2008048]]}},{"type":"Feature","properties":{"destination":"Basel;Bern","highway":"motorway","lanes":"1","lit":"yes","maxspeed":"60","oneway":"yes","ref":"A3","surface":"asphalt","toll":"yes","carriage_ref":"b"},"geometry":{"type":"LineString","coordinates":[[8.4278189,47.4122682],[8.4277686,47.4122979],[8.4276402,47.4123661],[8.4274953,47.4124204],[8.4273557,47.4124657],[8.4271876,47.4125165],[8.4269672,47.4125641],[8.4267355,47.4126181],[8.4263779,47.4127005]]}},{"type":"Feature","properties":{"destination":"Zürich","destination:ref":"A3","highway":"motorway","int_ref":"E 60","lanes":"3","maxspeed":"100","oneway":"yes","ref":"A3","toll":"yes","turn:lanes":"through|through|slight_right","carriage_ref":"a"},"geometry":{"type":"LineString","coordinates":[[7.7524194,47.5385742],[7.7530949,47.538804],[7.7539975,47.539098]]}},{"type":"Feature","properties":{"avz":"53","cs_dir:forward":"1","highway":"motorway","lanes":"2","maxspeed":"100","oneway":"yes","ref":"A3","shoulder:right":"yes","source:maxspeed":"sign","ssvz":"80N","surface":"asphalt","toll":"yes","carriage_ref":"a"},"geometry":{"type":"LineString","coordinates":[[9.0988952,47.1270298],[9.0996742,47.1269711],[9.1003335,47.1269437],[9.1011877,47.1269108],[9.1022832,47.126889]]}},{"type":"Feature","properties":{"highway":"motorway","lanes":"2","maxspeed":"100","oneway":"yes","overtaking:hgv":"no","ref":"A3","shoulder:right":"yes","source:maxspeed":"sign","surface":"asphalt","toll":"yes","carriage_ref":"a"},"geometry":{"type":"LineString","coordinates":[[9.2585266,47.11237],[9.2592338,47.1126551],[9.2597702,47.1128304],[9.2602808,47.1129879],[9.2610443,47.113156],[9.2614809,47.113214],[9.26243,47.1133242],[9.263352,47.1133512],[9.2638684,47.1133236],[9.264299,47.113295],[9.2646545,47.1132529],[9.264932,47.1132165]]}},{"type":"Feature","properties":{"destination":"Verzweigung Limmattal","highway":"motorway","int_ref":"E 41","lanes":"2","lit":"yes","maxspeed":"100","oneway":"yes","ref":"A3;A4","shoulder:right":"yes","smoothness":"good","source:maxspeed":"sign","surface":"asphalt","toll":"yes","carriage_ref":"b"},"geometry":{"type":"LineString","coordinates":[[8.416472,47.3930815],[8.4174005,47.3940234],[8.4183023,47.394888],[8.4191811,47.3957693]]}},{"type":"Feature","properties":{"highway":"motorway","lanes":"2","maxspeed":"120","oneway":"yes","ref":"A3","shoulder:right":"yes","source:maxspeed":"CH:motorway","surface":"asphalt","toll":"yes","carriage_ref":"a"},"geometry":{"type":"LineString","coordinates":[[9.3506439,47.0980537],[9.3507478,47.0979007]]}},{"type":"Feature","properties":{"bridge":"yes","highway":"motorway","int_ref":"E 25;E 35;E 60","lanes":"3","layer":"1","maxspeed":"120","oneway":"yes","ref":"A2;A3","toll":"yes","carriage_ref":"a"},"geometry":{"type":"LineString","coordinates":[[7.6248799,47.5419585],[7.625483,47.541869]]}},{"type":"Feature","properties":{"highway":"motorway","lanes":"2","maxspeed":"100","oneway":"yes","overtaking:hgv":"no","ref":"A3","shoulder:right":"yes","source:maxspeed":"sign","surface":"asphalt","toll":"yes","carriage_ref":"a"},"geometry":{"type":"LineString","coordinates":[[9.3081787,47.1143491],[9.3086883,47.1144039],[9.3090779,47.1144396]]}},{"type":"Feature","properties":{"highway":"motorway","lanes":"2","maxspeed":"120","oneway":"yes","ref":"A3","toll":"yes","carriage_ref":"a"},"geometry":{"type":"LineString","coordinates":[[8.6739256,47.2098672],[8.6744,47.2092567],[8.6747188,47.2088341],[8.6751947,47.2082265],[8.6756507,47.2076963],[8.6760893,47.2072382],[8.6765036,47.2068469],[8.6770723,47.2063627],[8.6776377,47.205931],[8.6783749,47.2054369],[8.6788779,47.205135],[8.6794065,47.204852],[8.6798672,47.2046104],[8.6803523,47.2043688],[8.6807955,47.2041712],[8.6813181,47.2039536],[8.681632,47.2038388],[8.6819734,47.2037269]]}},{"type":"Feature","properties":{"highway":"motorway","lanes":"2","maxspeed":"120","oneway":"yes","ref":"A3","shoulder:right":"yes","source:maxspeed":"CH:motorway","surface":"asphalt","toll":"yes","carriage_ref":"a"},"geometry":{"type":"LineString","coordinates":[[9.0626769,47.1294821],[9.0630536,47.1293874],[9.0634577,47.1292972]]}},{"type":"Feature","properties":{"bridge":"yes","highway":"motorway","lanes":"2","layer":"2","maxspeed":"120","oneway":"yes","ref":"A3","toll":"yes","carriage_ref":"a"},"geometry":{"type":"LineString","coordinates":[[8.6427181,47.2295198],[8.6429793,47.2294723]]}},{"type":"Feature","properties":{"bridge":"yes","highway":"motorway","lanes":"2","layer":"1","maxspeed":"120","oneway":"yes","ref":"A3","shoulder:right":"yes","source:maxspeed":"CH:motorway","surface":"asphalt","toll":"yes","carriage_ref":"a"},"geometry":{"type":"LineString","coordinates":[[9.0582369,47.1312722],[9.0587554,47.1310027]]}},{"type":"Feature","properties":{"highway":"motorway","lanes":"2","maxspeed":"120","oneway":"yes","ref":"A3","toll":"yes","carriage_ref":"b"},"geometry":{"type":"LineString","coordinates":[[9.4480463,47.0384901],[9.4469097,47.0386042],[9.445966,47.0387417],[9.4451444,47.0388959],[9.444273,47.0390763],[9.4431405,47.0393598],[9.4421133,47.03967]]}},{"type":"Feature","properties":{"highway":"motorway","lanes":"2","maxspeed":"80","oneway":"yes","ref":"A3","toll":"yes","carriage_ref":"b"},"geometry":{"type":"LineString","coordinates":[[9.1170419,47.1251835],[9.1165773,47.1252803]]}},{"type":"Feature","properties":{"highway":"motorway","lanes":"2","maxspeed":"120","oneway":"yes","ref":"A3","toll":"yes","carriage_ref":"a"},"geometry":{"type":"LineString","coordinates":[[8.8608175,47.1864305],[8.8610081,47.1865192],[8.8613143,47.1866769],[8.861638,47.1868595]]}},{"type":"Feature","properties":{"highway":"motorway","lanes":"2","lit":"no","maxspeed":"100","oneway":"yes","ref":"A3","surface":"asphalt","toll":"yes","carriage_ref":"b"},"geometry":{"type":"LineString","coordinates":[[8.5358762,47.3182581],[8.5353983,47.3187119],[8.5349111,47.3192552],[8.5344333,47.3198138],[8.5340821,47.3202921],[8.5337442,47.3207743],[8.5334188,47.3212689],[8.5331432,47.3217493],[8.5329603,47.3220922],[8.5326492,47.3227384],[8.53218,47.3238213],[8.5319027,47.3245249],[8.5315293,47.3254887],[8.5313413,47.3259592],[8.5310771,47.326612],[8.5309516,47.3268964],[8.530896,47.3270379]]}},{"type":"Feature","properties":{"highway":"motorway","int_ref":"E 25;E 35;E 60","lanes":"3","layer":"-1","maxspeed":"60","oneway":"yes","ref":"A2;A3","toll":"yes","tunnel":"yes","turn:lanes":"merge_to_right|through|through","carriage_ref":"b"},"geometry":{"type":"LineString","coordinates":[[7.6165672,47.5530956],[7.6164636,47.5536154],[7.616384,47.5538571],[7.6162573,47.5541692]]}},{"type":"Feature","properties":{"highway":"motorway","lanes":"2","maxspeed":"120","oneway":"yes","ref":"A3","toll":"yes","carriage_ref":"b"},"geometry":{"type":"LineString","coordinates":[[8.8931558,47.1944502],[8.8919826,47.194943],[8.8909285,47.1953491],[8.8896198,47.1957961],[8.8885333,47.1961345],[8.8872332,47.1964738],[8.8866033,47.1966121],[8.8861007,47.1967211],[8.8855002,47.1968281],[8.8850708,47.1969003],[8.8841793,47.197028],[8.8827674,47.1971737],[8.8821736,47.197219],[8.8816694,47.1972388],[8.8809162,47.197262],[8.8804495,47.1972581],[8.8798823,47.1972499],[8.8791356,47.1972131],[8.8780208,47.1971179],[8.8770098,47.1969728],[8.8760345,47.1968057],[8.8753692,47.1966579],[8.8748184,47.1965203],[8.8742263,47.1963556],[8.873579,47.1961625],[8.8730827,47.195996],[8.8722309,47.1956845],[8.8715006,47.1953871]]}},{"type":"Feature","properties":{"change:lanes":"not_left|not_right|no","highway":"motorway","lanes":"3","maxspeed":"120","oneway":"yes","placement":"right_of:1","ref":"A3","surface":"asphalt","toll":"yes","turn:lanes":"||merge_to_left","carriage_ref":"b"},"geometry":{"type":"LineString","coordinates":[[9.0899336,47.1284056],[9.0894967,47.1284471]]}},{"type":"Feature","properties":{"bridge":"yes","destination":"Zürich","highway":"motorway","int_ref":"E 60","lanes":"3","layer":"1","lit":"yes","maxspeed":"100","oneway":"yes","ref":"A1;A3","surface":"asphalt","toll":"yes","carriage_ref":"a"},"geometry":{"type":"LineString","coordinates":[[8.3110713,47.4532935],[8.3113116,47.453226],[8.3116525,47.4531433],[8.3119995,47.4530751],[8.3123973,47.4530197],[8.3127018,47.452988],[8.3129574,47.4529728],[8.3133464,47.4529717],[8.3136175,47.4529803],[8.3138629,47.4529968]]}},{"type":"Feature","properties":{"bridge":"yes","highway":"motorway","int_ref":"E 60","lanes":"2","layer":"1","maxspeed":"120","oneway":"yes","ref":"A3","toll":"yes","carriage_ref":"a"},"geometry":{"type":"LineString","coordinates":[[7.7975132,47.5446379],[7.7983865,47.5447448]]}},{"type":"Feature","properties":{"avz":"295","cs_dir:forward":"2","highway":"motorway","int_ref":"E 60","lanes":"2","maxspeed":"120","oneway":"yes","ref":"A3","toll":"yes","carriage_ref":"b"},"geometry":{"type":"LineString","coordinates":[[8.0135899,47.518433],[8.0126784,47.5190824],[8.0121048,47.5194741]]}},{"type":"Feature","properties":{"avz":"577","cs_dir:forward":"1","highway":"motorway","lanes":"2","layer":"-2","lit":"yes","maxspeed":"100","oneway":"yes","ref":"A3","toll":"yes","tunnel":"yes","tunnel:alt_name":"Üetlibergtunnel","tunnel:name":"Uetlibergtunnel","carriage_ref":"a"},"geometry":{"type":"LineString","coordinates":[[8.4657874,47.348627],[8.466437,47.3488788],[8.467111,47.3491038],[8.4677221,47.3492743],[8.4683104,47.349418],[8.4687821,47.3495157],[8.4692677,47.3496009],[8.4697328,47.3496722],[8.4699727,47.3497079],[8.4702307,47.3497378],[8.4709906,47.3497991],[8.4717581,47.3498359],[8.4723392,47.3498447],[8.4729089,47.3498303],[8.473964,47.3497618],[8.475022,47.3496352],[8.4766918,47.3493985],[8.507955,47.3447731]]}},{"type":"Feature","properties":{"destination:lanes":"Chur;St. Margrethen;München;Feldkirch|Chur;St. Margrethen;München;Feldkirch|Sargans;Mels;Wangs-Vilters","highway":"motorway","lanes":"3","maxspeed":"120","oneway":"yes","placement":"right_of:1","ref":"A3","shoulder:right":"yes","source:maxspeed":"CH:motorway","surface":"asphalt","toll":"yes","turn:lanes":"||slight_right","carriage_ref":"a"},"geometry":{"type":"LineString","coordinates":[[9.4339487,47.0444044],[9.4342137,47.0441212],[9.4346729,47.0436843],[9.4351101,47.043284],[9.4354258,47.0430343]]}},{"type":"Feature","properties":{"change:lanes":"not_left|not_right|no","destination:lanes":"Birmensdorf|Birmensdorf|Urdorf-Süd;Uitikon","highway":"motorway","int_ref":"E 41","lanes":"3","lit":"no","maxspeed":"100","maxspeed:variable":"obstruction","oneway":"yes","placement":"right_of:1","ref":"A3;A4","shoulder:right":"yes","source:maxspeed":"signals","surface":"asphalt","toll":"yes","turn:lanes":"||slight_right","carriage_ref":"a"},"geometry":{"type":"LineString","coordinates":[[8.4196167,47.3736978],[8.4196918,47.3734408]]}},{"type":"Feature","properties":{"highway":"motorway","lanes":"2","maxspeed":"120","oneway":"yes","ref":"A3","surface":"asphalt","toll":"yes","carriage_ref":"b"},"geometry":{"type":"LineString","coordinates":[[9.0613266,47.1299724],[9.0609714,47.1300986],[9.0600744,47.1304732],[9.0594145,47.1307707],[9.0588119,47.13108]]}},{"type":"Feature","properties":{"bridge":"yes","highway":"motorway","int_ref":"E 60","lanes":"2","layer":"1","oneway":"yes","ref":"A3","toll":"yes","carriage_ref":"b"},"geometry":{"type":"LineString","coordinates":[[8.0721361,47.498963],[8.0715028,47.4991079],[8.0708265,47.4992348]]}},{"type":"Feature","properties":{"bridge":"yes","highway":"motorway","int_ref":"E 25;E 60","lanes":"2","layer":"1","maxspeed":"60","oneway":"yes","ref":"A3","surface":"asphalt","toll":"yes","carriage_ref":"a"},"geometry":{"type":"LineString","coordinates":[[7.5986405,47.5726371],[7.5985324,47.573108],[7.5985438,47.5732415],[7.5985767,47.5733785]]}},{"type":"Feature","properties":{"highway":"motorway","lanes":"3","maxspeed":"100","oneway":"yes","ref":"A3","toll":"yes","turn:lanes":"none|none|merge_to_left","carriage_ref":"b"},"geometry":{"type":"LineString","coordinates":[[8.7198703,47.193557],[8.7194619,47.193698]]}},{"type":"Feature","properties":{"change:lanes":"yes|yes|not_left","destination:country:lanes":"||;;DE;AT;FL","destination:int_ref:lanes":"E 43|E 43|E 43","destination:lanes":"San Bernardino;Chur;Bad Ragaz|San Bernardino;Chur;Bad Ragaz|St. Gallen;St. Margrethen;München;Feldkirch;Vaduz","destination:ref:lanes":"A 13|A 13|A 13","highway":"motorway","lanes":"3","maxspeed":"120","oneway":"yes","placement":"right_of:1","ref":"A3","shoulder:right":"yes","source:maxspeed":"CH:motorway","surface":"asphalt","toll":"yes","turn:lanes":"||slight_right","carriage_ref":"a"},"geometry":{"type":"LineString","coordinates":[[9.4609239,47.0377374],[9.4611022,47.0376681]]}},{"type":"Feature","properties":{"highway":"motorway","int_ref":"E 60","lanes":"2","layer":"-1","maxspeed":"100","oneway":"yes","ref":"A3","toll":"yes","tunnel":"yes","tunnel:name":"Bözberg","carriage_ref":"a"},"geometry":{"type":"LineString","coordinates":[[8.1016331,47.477466],[8.1031438,47.4766417],[8.1056392,47.4754999],[8.1074831,47.4747088],[8.1103103,47.4737555],[8.1126443,47.4731091],[8.1138209,47.4727833],[8.1160623,47.4720221],[8.1175198,47.4713653],[8.1192754,47.4704025],[8.1210751,47.4691709],[8.1237692,47.4669616],[8.1323836,47.4598417],[8.1339415,47.4586712],[8.1350426,47.4579963],[8.136813,47.4571427],[8.1384036,47.456661]]}},{"type":"Feature","properties":{"bridge":"yes","highway":"motorway","lanes":"4","layer":"1","lit":"yes","maxspeed":"100","oneway":"yes","ref":"A3","toll":"yes","carriage_ref":"a"},"geometry":{"type":"LineString","coordinates":[[8.5221401,47.3403773],[8.5222202,47.3400482],[8.5222638,47.3398288]]}},{"type":"Feature","properties":{"highway":"motorway","int_ref":"E 25;E 35;E 60","lanes":"3","maxspeed":"120","oneway":"yes","ref":"A2;A3","surface":"asphalt","toll":"yes","carriage_ref":"b"},"geometry":{"type":"LineString","coordinates":[[7.6557134,47.5357346],[7.6553473,47.5358729],[7.6543569,47.5362384],[7.6528103,47.5367619],[7.6510626,47.537314]]}},{"type":"Feature","properties":{"avz":"607","bridge":"yes","cs_dir:forward":"1","highway":"motorway","lanes":"2","maxspeed":"120","oneway":"yes","ref":"A3","surface":"asphalt","toll":"yes","carriage_ref":"a"},"geometry":{"type":"LineString","coordinates":[[8.5780006,47.2617988],[8.5783026,47.2615297]]}},{"type":"Feature","properties":{"avz":"216","cs_dir:forward":"2","highway":"motorway","lanes":"2","maxspeed":"120","oneway":"yes","ref":"A3","ssvz":"758N","toll":"yes","carriage_ref":"b"},"geometry":{"type":"LineString","coordinates":[[8.9847319,47.1827742],[8.983881,47.1829654]]}},{"type":"Feature","properties":{"highway":"motorway","int_ref":"E 60","lanes":"4","lit":"no","maxspeed":"120","oneway":"yes","ref":"A1;A3","surface":"asphalt","toll":"yes","turn:lanes":"through|through|through|slight_right","carriage_ref":"a"},"geometry":{"type":"LineString","coordinates":[[8.3911818,47.4224138],[8.3919387,47.4223511]]}},{"type":"Feature","properties":{"bridge":"yes","highway":"motorway","int_ref":"E 25;E 35;E 60","lanes":"2","layer":"1","maxspeed":"80","oneway":"yes","ref":"A2;A3","toll":"yes","carriage_ref":"b"},"geometry":{"type":"LineString","coordinates":[[7.6108332,47.5623373],[7.6105204,47.5626486]]}},{"type":"Feature","properties":{"destination":"Zürich City | St. Gallen;Flughafen;Nordring Zürich| Flughafen;Nordring Zürich| Urdorf Chur","destination:lanes":"Zürich City | St. Gallen;Flughafen;Nordring Zürich| Flughafen;Nordring Zürich| Urdorf Chur","highway":"motorway","int_ref":"E 60","lanes":"4","lit":"no","maxspeed":"120","oneway":"yes","ref":"A1;A3","surface":"asphalt","toll":"yes","carriage_ref":"a"},"geometry":{"type":"LineString","coordinates":[[8.4085695,47.4200373],[8.4088954,47.4199392],[8.4093226,47.4198063],[8.4097593,47.419673],[8.4101915,47.4195303],[8.4106145,47.4193867],[8.4114732,47.4190782],[8.412141,47.4188259],[8.4127149,47.4186005],[8.4131529,47.4184191],[8.4136868,47.4181932],[8.4143628,47.417893],[8.4147582,47.4177174],[8.4149111,47.4176475],[8.4150359,47.4175911]]}},{"type":"Feature","properties":{"bridge":"yes","highway":"motorway","lanes":"2","layer":"2","maxspeed":"120","oneway":"yes","ref":"A3","surface":"asphalt","toll":"yes","carriage_ref":"b"},"geometry":{"type":"LineString","coordinates":[[8.5554549,47.2861237],[8.5553282,47.2862226]]}},{"type":"Feature","properties":{"highway":"motorway","lanes":"2","maxspeed":"100","oneway":"yes","overtaking:hgv":"no","ref":"A3","shoulder:right":"yes","source:maxspeed":"sign","surface":"asphalt","toll":"yes","carriage_ref":"a"},"geometry":{"type":"LineString","coordinates":[[9.2929379,47.1092175],[9.2929779,47.1092193],[9.2932673,47.1092323],[9.2935614,47.1092456],[9.2942209,47.1092913],[9.2949748,47.1093786],[9.2957951,47.1095215],[9.2965403,47.1097023],[9.297218,47.1098976],[9.2978725,47.1101281],[9.2984775,47.1103669],[9.2989943,47.110611],[9.299817,47.1110618]]}}],"ref":"A3","generator":"Quandopasso Path Importer","created":"2021-01-04T14:38:29.285Z","format":"1.0.0"}