{"type":"FeatureCollection","features":[{"type":"Feature","properties":{"destination:colour:lanes":"|||blue","destination:int_ref:lanes":"E 41|E 41||","destination:lanes":"Zürich;Affoltern am Albis|Zürich;Affoltern am Albis;Chur;Baar;Zug-Zentrum|Chur;Baar;Zug-Zentrum|Zug;Cham-Ost","destination:ref:lanes":"A 4|A 4;A 4a|A 4a|","highway":"motorway","int_ref":"E 41","lanes":"4","maxspeed":"100","oneway":"yes","ref":"A4","source:maxspeed":"sign","surface":"asphalt","toll":"yes","turn:lanes":"through|through;slight_right|slight_right|right","carriage_ref":"A"},"geometry":{"type":"LineString","coordinates":[[8.4539776,47.1951976],[8.4576974,47.1978493],[8.4583508,47.1983136]]}},{"type":"Feature","properties":{"destination:lanes":"Gotthard;Luzern|Gotthard;Luzern|Gotthard;Luzern|Cham;Aarau;Hünenberg","highway":"motorway","int_ref":"E 41","lanes":"4","maxspeed":"signals","oneway":"yes","placement":"middle_of:2","ref":"A4","shoulder":"none","source:maxspeed":"signals","surface":"asphalt","toll":"yes","carriage_ref":"B"},"geometry":{"type":"LineString","coordinates":[[8.4536066,47.1951385],[8.4523906,47.1942588]]}},{"type":"Feature","properties":{"destination":"Trüllikon","highway":"trunk","int_ref":"E 41","lanes":"2","maxheight":"default","maxspeed":"100","motorroad":"yes","oneway":"yes","ref":"A4","shoulder":"none","source:maxspeed":"sign","surface":"asphalt","toll":"yes","carriage_ref":"B"},"geometry":{"type":"LineString","coordinates":[[8.6539922,47.6424819],[8.6545822,47.6419066],[8.6554054,47.6411299],[8.6559544,47.6406318],[8.6562313,47.6403826],[8.656513,47.6401378],[8.6572457,47.6395073],[8.6580094,47.6388737],[8.6583969,47.6385589],[8.658787,47.6382483],[8.6597288,47.6375176],[8.6599781,47.6373244],[8.6602323,47.6371316],[8.6607444,47.6367479],[8.6612351,47.6363886],[8.6617334,47.6360295],[8.6619802,47.6358564],[8.6622342,47.6356863],[8.6627492,47.6353478],[8.6630866,47.6351264],[8.6634299,47.634906],[8.6641235,47.6344709],[8.6651042,47.6338718],[8.6667114,47.6328908],[8.6680284,47.6320725],[8.6686386,47.6316957],[8.6693192,47.6312817],[8.6696609,47.6310764],[8.6700079,47.6308709],[8.6706816,47.6304681],[8.6710168,47.6302652],[8.6713483,47.630062],[8.6717,47.6298446],[8.6720544,47.6296267],[8.6727666,47.6291942],[8.6732102,47.6289276],[8.6736453,47.6286598],[8.6742603,47.6282803],[8.6745648,47.6280899],[8.6748672,47.6278981],[8.6753053,47.6276182],[8.67574,47.6273382],[8.6761741,47.6270487],[8.6766035,47.6267561],[8.6769911,47.6264844],[8.6773726,47.6262124],[8.677677,47.6259935],[8.6780097,47.6257389],[8.6783003,47.6255156],[8.6785862,47.6252919]]}},{"type":"Feature","properties":{"change:lanes:backward":"no","hazard":"deer","highway":"trunk","int_ref":"E 41;E 54","lanes":"3","lanes:backward":"1","lanes:forward":"2","maxspeed":"80","motorroad":"yes","oneway":"no","overtaking":"no","placement:backward":"left_of:1","ref":"A4","source:maxspeed":"CH:rural","toll":"no","turn:lanes:forward":"|merge_to_left","carriage_ref":"B"},"geometry":{"type":"LineString","coordinates":[[8.68643651044,47.73587370622],[8.68622761044,47.73588200622],[8.68603021044,47.73589460621],[8.68583851044,47.7359087062]]}},{"type":"Feature","properties":{"highway":"motorway","int_ref":"E 41","lanes":"2","layer":"1","lit":"yes","maxspeed":"100","maxspeed:variable":"obstruction","oneway":"yes","overtaking:hgv":"no","ref":"A4","source:maxspeed":"signals","surface":"asphalt","toll":"yes","carriage_ref":"B"},"geometry":{"type":"LineString","coordinates":[[8.4284158,47.2962177],[8.4282241,47.2958736]]}},{"type":"Feature","properties":{"highway":"trunk","int_ref":"E 41","lanes":"3","maxspeed":"100","motorroad":"yes","oneway":"yes","placement":"right_of:1","ref":"A4","shoulder":"none","source:maxspeed":"sign","surface":"asphalt","toll":"yes","turn:lanes":"||slight_right","carriage_ref":"B"},"geometry":{"type":"LineString","coordinates":[[8.6254845,47.6752542],[8.6253251,47.6751798],[8.6251521,47.6750945],[8.6249724,47.6750035]]}},{"type":"Feature","properties":{"bicycle":"no","destination:int_ref:lanes":"E 41;E 54|","destination:lanes":"Stuttgart;Singen;Thayngen|Donaueschingen;Bargen","destination:ref:lanes":"|A4","foot":"no","highway":"trunk","int_ref":"E 41;E 54","lanes":"2","maxspeed":"80","motorroad":"yes","oneway":"yes","placement":"middle_of:1","ref":"A4;E41;E54","source:maxspeed":"sign","toll":"yes","turn:lanes:forward":"none|slight_right","carriage_ref":"A"},"geometry":{"type":"LineString","coordinates":[[8.6467932,47.7125337],[8.6474906,47.7127509],[8.6482479,47.7129866],[8.6486402,47.7131166],[8.6490273,47.7132542]]}},{"type":"Feature","properties":{"change:lanes":"not_left|not_right|not_left|not_right","destination:int_ref:lanes":"||E 41|E 41","destination:lanes":"Luzern;Gisikon-Root|Luzern;Gisikon-Root;Chiasso;Gotthard;Schwyz;Rotkreuz|Chiasso;Gotthard;Schwyz;Rotkreuz","destination:ref:lanes":"A14|A14;A4|A4","highway":"motorway","int_ref":"E 41","lanes":"3","maxspeed":"100","maxspeed:variable":"yes","oneway":"yes","ref":"A4","source:maxspeed":"signals","surface":"asphalt","toll":"yes","turn:lanes":"slight_left|slight_left;slight_right|slight_right","carriage_ref":"B"},"geometry":{"type":"LineString","coordinates":[[8.4329188,47.1604382],[8.43293,47.1600768]]}},{"type":"Feature","properties":{"destination":"Bern;Basel;Chur;Luzern;Zürich-Affoltern","highway":"motorway","int_ref":"E 41;E 60","lanes":"3","lit":"no","maxspeed":"120","oneway":"yes","ref":"A1;A4","source:maxspeed":"sign","surface":"asphalt","toll":"yes","carriage_ref":"B"},"geometry":{"type":"LineString","coordinates":[[8.5537028,47.4287254],[8.5529534,47.4291165],[8.5525875,47.4293066],[8.5521968,47.4294858],[8.5518016,47.4296731],[8.5514057,47.4298602],[8.5509847,47.4300467],[8.5506023,47.430216],[8.5502027,47.43038]]}},{"type":"Feature","properties":{"destination":"Sankt Gallen;Schaffhausen","highway":"motorway","int_ref":"E 41;E 60","lanes":"2","lit":"yes","maxspeed":"100","oneway":"yes","placement":"transition","ref":"A1;A4","surface":"asphalt","toll":"yes","carriage_ref":"A"},"geometry":{"type":"LineString","coordinates":[[8.5742183,47.4164454],[8.5742688,47.4148981],[8.5742863,47.414361]]}},{"type":"Feature","properties":{"highway":"motorway","int_ref":"E 41","lanes":"3","lit":"yes","maxspeed":"120","oneway":"yes","placement":"right_of:1","ref":"A4","shoulder:right":"yes","source:maxspeed":"CH:motorway","surface":"asphalt","toll":"yes","turn:lanes":"none|none|slight_right","carriage_ref":"A"},"geometry":{"type":"LineString","coordinates":[[8.4398819,47.2669488],[8.4397397,47.2674106]]}},{"type":"Feature","properties":{"destination":"Zürich;Schaffhausen-Nord;Rheinfall","highway":"trunk","int_ref":"E 41;E 54","lanes":"2","maxspeed":"80","motorroad":"yes","oneway":"yes","ref":"A4","shoulder":"none","source:maxspeed":"CH:rural","surface":"asphalt","toll":"yes","carriage_ref":"B"},"geometry":{"type":"LineString","coordinates":[[8.6551638,47.7175011],[8.654773,47.7171673],[8.6544418,47.7168961],[8.6537834,47.7163661]]}},{"type":"Feature","properties":{"highway":"trunk","int_ref":"E 41","lanes":"1","maxspeed":"80","motorroad":"yes","oneway":"yes","ref":"A4","source:maxspeed":"sign","toll":"yes","carriage_ref":"A"},"geometry":{"type":"LineString","coordinates":[[8.6250523,47.6749421],[8.62523,47.6750335],[8.6253943,47.6751176],[8.6255425,47.6751876],[8.6257009,47.6752592],[8.6258572,47.6753276],[8.626015,47.6753979],[8.626215,47.6754764],[8.6264186,47.6755535],[8.6266889,47.675654],[8.6269369,47.6757413],[8.6271855,47.6758273],[8.6274074,47.6759009],[8.6276338,47.6759756],[8.6278525,47.6760468],[8.6280618,47.6761174]]}},{"type":"Feature","properties":{"highway":"motorway","int_ref":"E 41","lanes":"2","lit":"no","maxspeed":"120","oneway":"yes","ref":"A4","toll":"yes","carriage_ref":"A"},"geometry":{"type":"LineString","coordinates":[[8.425408,47.283143],[8.4248281,47.2839976],[8.4244967,47.2845566],[8.4242898,47.2850016],[8.4241912,47.2852436],[8.4240819,47.285601],[8.4239797,47.2859444],[8.423878,47.2866515],[8.4238607,47.2871382]]}},{"type":"Feature","properties":{"avz":"93","change:lanes":"not_left|not_right|no","cs_dir:forward":"2","destination:lanes":"Zürich;Winterthur-Töss|Zürich;Winterthur-Töss|Wülflingen;Pfungen;Embrach","destination:ref:lanes":"A1;A4|A1;A4|7","hazmat:water":"permissive","highway":"motorway","int_ref":"E 41;E 60","lanes":"3","maxspeed":"100","oneway":"yes","placement":"right_of:1","ref":"A1;A4","shoulder:right":"yes","source:maxspeed":"sign","ssvz":"700N","surface":"asphalt","toll":"yes","turn:lanes":"none|none|slight_right","carriage_ref":"B"},"geometry":{"type":"LineString","coordinates":[[8.6940573,47.5170993],[8.6937073,47.5168031],[8.6934077,47.5165565]]}},{"type":"Feature","properties":{"avz":"117","cs_dir:forward":"2","highway":"motorway","int_ref":"E 41","lanes":"3","maxspeed":"120","oneway":"yes","ref":"A4","source:maxspeed":"CH:motorway","ssvz":"761N","toll":"yes","carriage_ref":"A"},"geometry":{"type":"LineString","coordinates":[[8.4321245,47.1719962],[8.4321195,47.1724044],[8.4321406,47.1728014],[8.4321624,47.1732614],[8.4322093,47.1737],[8.4323019,47.1743553],[8.4324324,47.1749719]]}},{"type":"Feature","properties":{"highway":"motorway","int_ref":"E 41","lanes":"2","maxspeed":"120","oneway":"yes","ref":"A4","toll":"yes","carriage_ref":"A"},"geometry":{"type":"LineString","coordinates":[[8.6033711,47.0427321],[8.6027483,47.0430257],[8.6018366,47.0434714],[8.6006459,47.0441321],[8.5990545,47.0450438],[8.5974493,47.0459214],[8.5969223,47.0461927],[8.5964009,47.0464464],[8.5958602,47.0466904],[8.5953214,47.0469066],[8.5948138,47.0471021],[8.5942956,47.0472896],[8.5938425,47.0474465],[8.5933848,47.047574],[8.5927922,47.0477182],[8.5921859,47.0478425],[8.5916985,47.0479307],[8.5912133,47.0479886],[8.5907548,47.0480384],[8.5902937,47.0480591],[8.589894,47.048068],[8.5894942,47.0480658],[8.5891043,47.0480545],[8.588734,47.0480295],[8.5882791,47.0479846],[8.5878331,47.0479145],[8.5876136,47.0478807],[8.5874041,47.0478396],[8.5871908,47.0477984],[8.5869885,47.0477492],[8.5868115,47.0477058],[8.5866282,47.0476585],[8.5862738,47.0475524],[8.58602,47.0474741],[8.5856987,47.0473652],[8.5855206,47.0472946],[8.5849136,47.0470364],[8.5838231,47.0465517],[8.5832911,47.046328],[8.5827308,47.0461457],[8.5822137,47.0460026],[8.5818652,47.0459315],[8.5815101,47.0458799],[8.5811486,47.0458387],[8.5807874,47.0458141],[8.5804289,47.0458003],[8.5800685,47.0458076],[8.5797212,47.0458316],[8.5793743,47.0458716],[8.5790356,47.0459204],[8.5786973,47.0459904],[8.5782908,47.0460909],[8.5778887,47.046213],[8.5774942,47.0463633],[8.5771361,47.0465309],[8.576822,47.0466922],[8.576531,47.0468685],[8.5759891,47.0472595],[8.575205,47.0479217],[8.574749,47.0483025],[8.5742711,47.048667],[8.5737599,47.0489664],[8.5732306,47.0492304],[8.5725783,47.0494829],[8.5719074,47.0496789],[8.5713967,47.0497876],[8.5708912,47.0498689],[8.5704905,47.0499147],[8.5700905,47.0499422],[8.5695251,47.0499531],[8.5689631,47.0499331],[8.5684176,47.0498784],[8.5678751,47.0497942],[8.5674966,47.049717],[8.5671456,47.0496284]]}},{"type":"Feature","properties":{"change:lanes:backward":"no","hazard":"deer","highway":"trunk","int_ref":"E 41;E 54","lanes":"3","lanes:backward":"1","lanes:forward":"2","maxspeed":"80","motorroad":"yes","oneway":"no","overtaking":"no","placement:backward":"left_of:1","ref":"A4","source:maxspeed":"CH:rural","toll":"no","turn:lanes:forward":"|slight_right","carriage_ref":"B"},"geometry":{"type":"LineString","coordinates":[[8.68936341044,47.73644290595],[8.68917961044,47.73635790599],[8.68904391044,47.73630150601],[8.68890601044,47.73624880604],[8.68875881044,47.73619720606],[8.68860721044,47.73614810609]]}},{"type":"Feature","properties":{"highway":"motorway","int_ref":"E 41","lanes":"2","lit":"no","maxspeed":"100","maxspeed:variable":"obstruction","oneway":"yes","ref":"A3;A4","shoulder:right":"yes","source:maxspeed":"signals","surface":"asphalt","toll":"yes","carriage_ref":"B"},"geometry":{"type":"LineString","coordinates":[[8.4152064,47.3841696],[8.4154205,47.3837642],[8.4156132,47.3833985],[8.4157525,47.3830905],[8.4159002,47.3826975],[8.4161549,47.3819019],[8.4163856,47.3811202],[8.4165144,47.380707],[8.4166289,47.3803617],[8.4167736,47.3799639],[8.4169473,47.3795665],[8.4171797,47.3790821],[8.4174087,47.3786435],[8.41794,47.3777184],[8.4182498,47.3771589],[8.4184542,47.3767657],[8.4185952,47.376451],[8.4187522,47.3760983],[8.4189828,47.3755569],[8.4191022,47.3752386],[8.4191947,47.374975],[8.4194153,47.3743001]]}},{"type":"Feature","properties":{"highway":"motorway","int_ref":"E 41","lanes":"3","maxspeed":"100","oneway":"yes","ref":"A4","source:maxspeed":"CH:motorway","surface":"asphalt","toll":"yes","carriage_ref":"A"},"geometry":{"type":"LineString","coordinates":[[8.4328959,47.1632213],[8.4328477,47.1638958]]}},{"type":"Feature","properties":{"highway":"motorway","int_ref":"E 41;E 60","lanes":"2","lit":"no","maxspeed":"80","oneway":"yes","ref":"A1;A4","source:maxspeed":"CH:motorway","surface":"asphalt","toll":"yes","carriage_ref":"B"},"geometry":{"type":"LineString","coordinates":[[8.5058865,47.4283422],[8.5057953,47.4283207]]}},{"type":"Feature","properties":{"avz":"572","cs_dir:forward":"2","highway":"motorway","int_ref":"E 41","lanes":"2","layer":"-4","lit":"yes","maxspeed":"100","oneway":"yes","ref":"A4","source:maxspeed":"sign","toll":"yes","tunnel":"yes","tunnel:name":"Islisbergtunnel","carriage_ref":"A"},"geometry":{"type":"LineString","coordinates":[[8.428601,47.2960959],[8.4288324,47.2965381],[8.4290209,47.29696],[8.4291691,47.2974101],[8.4292902,47.2978673],[8.4293826,47.2983296],[8.4294603,47.2988521],[8.4295748,47.2998532],[8.4296855,47.30044],[8.4298363,47.3010101],[8.4299734,47.3014006],[8.4301918,47.3018821],[8.4304316,47.3023388],[8.4309773,47.3031379],[8.431597,47.3038648],[8.4324807,47.3048187],[8.4349567,47.30749],[8.4471292,47.3206193],[8.4532486,47.3272139],[8.456305,47.3305102],[8.4578435,47.332165],[8.4585523,47.3330015],[8.4592132,47.333858]]}},{"type":"Feature","properties":{"bridge":"yes","highway":"trunk","int_ref":"E 41","lanes":"2","layer":"1","maxspeed":"100","motorroad":"yes","oneway":"yes","ref":"A4","source:maxspeed":"sign","toll":"yes","carriage_ref":"B"},"geometry":{"type":"LineString","coordinates":[[8.6272807,47.661738],[8.6273518,47.6616641],[8.627409,47.6615995]]}},{"type":"Feature","properties":{"destination":"Uhwiesen","highway":"trunk","int_ref":"E 41","lanes":"2","maxheight":"default","maxspeed":"100","motorroad":"yes","oneway":"yes","ref":"A4","shoulder":"none","source:maxspeed":"sign","surface":"asphalt","toll":"yes","carriage_ref":"A"},"geometry":{"type":"LineString","coordinates":[[8.651491,47.6451615],[8.6499645,47.646721],[8.6494752,47.6471972],[8.649182,47.6474779]]}},{"type":"Feature","properties":{"highway":"motorway","int_ref":"E 41;E 60","lanes":"3","lit":"yes","maxspeed":"100","oneway":"yes","placement":"right_of:1","ref":"A1;A4","source:maxspeed":"sign","surface":"asphalt","toll":"yes","turn:lanes":"none|none|slight_right","carriage_ref":"A"},"geometry":{"type":"LineString","coordinates":[[8.5687628,47.4244079],[8.5702483,47.4242414]]}},{"type":"Feature","properties":{"bridge":"yes","highway":"motorway","int_ref":"E 41","lanes":"2","layer":"1","lit":"yes","maxspeed":"120","oneway":"yes","ref":"A4","shoulder:right":"yes","source:maxspeed":"CH:motorway","surface":"asphalt","toll":"yes","carriage_ref":"A"},"geometry":{"type":"LineString","coordinates":[[8.4400908,47.2662345],[8.4399961,47.2665466]]}},{"type":"Feature","properties":{"highway":"motorway","int_ref":"E 41","lanes":"2","lit":"yes","maxspeed":"120","oneway":"yes","ref":"A4","source:maxspeed":"CH:motorway","toll":"yes","carriage_ref":"A"},"geometry":{"type":"LineString","coordinates":[[8.4541108,47.2438869],[8.4536389,47.2447885],[8.4531746,47.2456632]]}},{"type":"Feature","properties":{"change:lanes":"not_left|not_right|yes","destination":"Kleinandelfingen","highway":"trunk","int_ref":"E 41","lanes":"3","maxheight":"default","maxspeed":"100","motorroad":"yes","oneway":"yes","placement":"right_of:1","ref":"A4","shoulder":"none","source:maxspeed":"sign","surface":"asphalt","toll":"yes","turn:lanes":"||merge_to_left","carriage_ref":"B"},"geometry":{"type":"LineString","coordinates":[[8.683712,47.6186468],[8.683908,47.6182219],[8.6842056,47.6175597]]}},{"type":"Feature","properties":{"bridge":"yes","destination":"Zürich","highway":"motorway","int_ref":"E 41;E 60","lanes":"2","layer":"1","lit":"yes","maxspeed":"100","oneway":"yes","ref":"A1;A4","source:maxspeed":"sign","surface":"asphalt","toll":"yes","carriage_ref":"B"},"geometry":{"type":"LineString","coordinates":[[8.6292642,47.4174564],[8.6284881,47.4168776]]}},{"type":"Feature","properties":{"change:lanes":"not_left|not_left|not_right","highway":"motorway","int_ref":"E 41;E 60","lanes":"3","lit":"yes","maxspeed":"signals","oneway":"yes","placement":"right_of:2","ref":"A1;A4","shoulder:left":"yes","source:maxspeed":"signals","surface":"asphalt","toll":"yes","carriage_ref":"B"},"geometry":{"type":"LineString","coordinates":[[8.5744568,47.4169216],[8.5744482,47.4170391],[8.5744482,47.4173404],[8.5745139,47.4175401]]}},{"type":"Feature","properties":{"highway":"motorway","int_ref":"E 41","lanes":"2","maxspeed":"120","oneway":"yes","ref":"A4","source:maxspeed":"CH:motorway","toll":"yes","carriage_ref":"A"},"geometry":{"type":"LineString","coordinates":[[8.4708222,47.2093342],[8.4709662,47.2098161],[8.4710713,47.2103],[8.4711268,47.2106739],[8.4711615,47.2111854],[8.4711542,47.2116797],[8.4711282,47.2119746],[8.471098,47.2122834],[8.4710223,47.2126972],[8.4709488,47.2130017],[8.4708533,47.2133356],[8.4707497,47.2136596],[8.4705162,47.214289],[8.4702577,47.2148776],[8.4696205,47.2161428],[8.4685914,47.2179949],[8.4674111,47.2201445],[8.4663815,47.2220004],[8.4652931,47.2239572],[8.4649569,47.224564]]}},{"type":"Feature","properties":{"highway":"trunk","int_ref":"E 41","lanes":"2","maxspeed":"100","motorroad":"yes","oneway":"no","ref":"A4","source:maxspeed":"sign","surface":"asphalt","toll":"yes","carriage_ref":"A"},"geometry":{"type":"LineString","coordinates":[[8.6973948,47.52810758883],[8.6970882,47.5282985],[8.696777,47.5285013],[8.6966086,47.5286175],[8.6964425,47.5287375],[8.6962174,47.5289055],[8.696,47.5290795],[8.695859,47.5291954],[8.6957213,47.529312],[8.6955859,47.5294315],[8.6954564,47.5295514],[8.6953323,47.5296666],[8.6952139,47.5297814],[8.6950956,47.5299012],[8.6949818,47.5300221],[8.6948626,47.5301506],[8.6947473,47.5302789],[8.6946364,47.5304071],[8.6945309,47.5305349],[8.6943429,47.5307726],[8.694247,47.5309003],[8.6941588,47.5310274],[8.6940723,47.53115],[8.6939931,47.5312726],[8.6939158,47.5313958],[8.6938428,47.5315176],[8.693702,47.5317611],[8.6935724,47.5320101],[8.6934553,47.5322612],[8.6933448,47.5325142],[8.693274,47.5326961],[8.6932223,47.5328412],[8.6931697,47.5330036],[8.6930931,47.5332382]]}},{"type":"Feature","properties":{"highway":"motorway","int_ref":"E 41","lanes":"2","maxspeed":"100","name":"Engiberg","oneway":"yes","ref":"A4","toll":"yes","carriage_ref":"B"},"geometry":{"type":"LineString","coordinates":[[8.526426,47.0520454],[8.527107,47.0517645],[8.5275661,47.0515937]]}},{"type":"Feature","properties":{"highway":"motorway","int_ref":"E 41","lanes":"2","lit":"yes","maxspeed":"120","oneway":"yes","ref":"A4","shoulder:right":"yes","source:maxspeed":"CH:motorway","surface":"asphalt","toll":"yes","carriage_ref":"B"},"geometry":{"type":"LineString","coordinates":[[8.4394725,47.2676315],[8.4398365,47.2665235]]}},{"type":"Feature","properties":{"change:lanes":"not_left|not_right|no|not_right","highway":"motorway","int_ref":"E 41","lanes":"4","lit":"no","maxspeed":"100","maxspeed:variable":"obstruction","oneway":"yes","placement":"right_of:1","ref":"A3;A4","shoulder":"none","source:maxspeed":"signals","surface":"asphalt","toll":"yes","turn:lanes":"|||merge_to_left","carriage_ref":"B"},"geometry":{"type":"LineString","coordinates":[[8.4204961,47.371321],[8.420675,47.3709218]]}},{"type":"Feature","properties":{"bridge":"yes","highway":"trunk","int_ref":"E 41","lanes":"1","layer":"1","maxspeed":"80","oneway":"yes","ref":"A4","toll":"yes","carriage_ref":"B"},"geometry":{"type":"LineString","coordinates":[[8.6222721,47.0018831],[8.6223181,47.0017967]]}},{"type":"Feature","properties":{"bicycle":"no","destination:lanes":"Zürich;Rheinfall;Schaffhausen-Süd|Schaffhausen-Nord;Zentrum","destination:ref:lanes":"A4|","foot":"no","highway":"trunk","int_ref":"E 41;E 54","lanes":"2","lit":"yes","maxspeed":"80","motorroad":"yes","oneway":"yes","ref":"A4;E41;E54","shoulder":"none","source:maxspeed":"sign","surface":"asphalt","toll":"yes","turn:lanes:forward":"through|slight_right","carriage_ref":"B"},"geometry":{"type":"LineString","coordinates":[[8.6451888,47.7121276],[8.6445958,47.7119554],[8.6440012,47.7117853],[8.6429647,47.7114916]]}},{"type":"Feature","properties":{"highway":"motorway","int_ref":"E 41","lanes":"3","maxspeed":"100","oneway":"yes","placement":"right_of:1","ref":"A4","toll":"yes","turn:lanes":"||merge_to_left","carriage_ref":"A"},"geometry":{"type":"LineString","coordinates":[[8.5479123,47.0429711],[8.5475916,47.0430317],[8.5472781,47.043109],[8.5468782,47.0432362],[8.5465618,47.0433527],[8.5463182,47.0434504],[8.5460854,47.0435609],[8.5458055,47.04371]]}},{"type":"Feature","properties":{"highway":"motorway","int_ref":"E 41","lanes":"2","maxspeed":"120","oneway":"yes","ref":"A4","surface":"asphalt","toll":"yes","carriage_ref":"A"},"geometry":{"type":"LineString","coordinates":[[8.442632,47.1452678],[8.4421777,47.1457216],[8.441881,47.146026]]}},{"type":"Feature","properties":{"bridge":"yes","highway":"motorway","int_ref":"E 41","lanes":"2","layer":"1","maxspeed":"120","oneway":"yes","ref":"A4","toll":"yes","carriage_ref":"A"},"geometry":{"type":"LineString","coordinates":[[8.6035645,47.0426468],[8.6033711,47.0427321]]}},{"type":"Feature","properties":{"highway":"trunk","int_ref":"E 41","lanes":"3","maxspeed":"100","motorroad":"yes","oneway":"yes","placement":"right_of:1","ref":"A4","shoulder":"none","source:maxspeed":"sign","surface":"asphalt","toll":"yes","turn:lanes":"||slight_right","carriage_ref":"B"},"geometry":{"type":"LineString","coordinates":[[8.6824091,47.621119],[8.682657,47.6206782]]}},{"type":"Feature","properties":{"destination":"Brunnen","highway":"motorway","int_ref":"E 41","lanes":"2","maxspeed":"120","oneway":"yes","ref":"A4","source:maxspeed":"CH:motorway","toll":"yes","carriage_ref":"B"},"geometry":{"type":"LineString","coordinates":[[8.6234485,47.0316728],[8.6239263,47.0308668],[8.624177,47.0305233],[8.6244553,47.0302034],[8.6246577,47.0299958],[8.6247861,47.0298658]]}},{"type":"Feature","properties":{"highway":"trunk","int_ref":"E 41","lanes":"2","maxspeed":"80","oneway":"yes","ref":"A4","source:maxspeed":"sign","toll":"yes","carriage_ref":"B"},"geometry":{"type":"LineString","coordinates":[[8.62252192884,47.0011822909],[8.62253840675,47.00103796619],[8.62256820675,47.00090036615],[8.62259190675,47.00076086611],[8.6226247914,47.00055759063]]}},{"type":"Feature","properties":{"destination:lanes":"Zürich-City;Bern;Chur;Luzern;Flughafen;Nordring-Zürich|Bern;Chur;Luzern;Flughafen;Nordring-Zürich","highway":"motorway","int_ref":"E 41;E 60","lanes":"2","lit":"yes","maxspeed":"100","oneway":"yes","ref":"A1;A4","source:maxspeed":"sign","surface":"asphalt","toll":"yes","carriage_ref":"B"},"geometry":{"type":"LineString","coordinates":[[8.5942069,47.4076911],[8.5935472,47.4077469],[8.5928901,47.4078101],[8.5919075,47.4079279],[8.5913061,47.4080092],[8.5907585,47.40809],[8.5897663,47.4082514],[8.5890744,47.4083768],[8.5883778,47.4085079],[8.5876922,47.4086471],[8.5873364,47.4087197]]}},{"type":"Feature","properties":{"avz":"565","cs_dir:forward":"1","highway":"motorway","int_ref":"E 41","lanes":"2","layer":"-1","lit":"24/7","maxspeed":"100","maxspeed:variable":"obstruction","oneway":"yes","overtaking:hgv":"no","ref":"A3;A4","shoulder:right":"yes","source:maxspeed":"signals","surface":"asphalt","toll":"yes","tunnel":"yes","tunnel:alt_name":"Äschertunnel","tunnel:name":"Aeschertunnel","carriage_ref":"B"},"geometry":{"type":"LineString","coordinates":[[8.4300349,47.3446496],[8.4307781,47.3439445],[8.4311304,47.3436504],[8.4315076,47.3433743],[8.4322831,47.3428517],[8.4329601,47.342454],[8.4336693,47.3420783],[8.4344163,47.3417434],[8.4352039,47.3414348],[8.4356763,47.341273],[8.4361705,47.3411145],[8.4366685,47.3409713],[8.4371783,47.340835],[8.4377361,47.340708],[8.4383096,47.3405981],[8.438883,47.3405035],[8.4395014,47.3404178],[8.4401279,47.3403552],[8.4407919,47.3403067],[8.4421433,47.3402697],[8.4426178,47.3402837],[8.4430969,47.3403049]]}},{"type":"Feature","properties":{"highway":"motorway","int_ref":"E 41","lanes":"3","maxspeed":"120","oneway":"yes","ref":"A4","source:maxspeed":"CH:motorway","toll":"yes","carriage_ref":"A"},"geometry":{"type":"LineString","coordinates":[[8.4367154,47.1823572],[8.4374303,47.1830481],[8.4377843,47.1833507],[8.4381274,47.1836249],[8.4386533,47.1840616],[8.4392147,47.1844884]]}},{"type":"Feature","properties":{"first":"true","highway":"trunk","int_ref":"E 41","lanes":"2","maxspeed":"80","oneway":"no","ref":"A4","source:maxspeed":"sign","toll":"yes","carriage_ref":"A"},"geometry":{"type":"LineString","coordinates":[[8.61110983797,46.98961186195],[8.61095473797,46.98988306192],[8.61087453797,46.9900600619],[8.61081503797,46.99023496188],[8.61079033797,46.99032016187],[8.61078043797,46.99038776186]]}},{"type":"Feature","properties":{"change:lanes:backward":"not_left|yes","change:lanes:forward":"no","highway":"trunk","int_ref":"E 41","lanes":"3","lanes:backward":"2","lanes:forward":"1","lit":"yes","maxspeed":"80","motorroad":"yes","oneway":"no","overtaking:hgv:backward":"no","ref":"A4;E41","shoulder":"none","source:maxspeed":"sign","surface":"asphalt","toll":"yes","carriage_ref":"A"},"geometry":{"type":"LineString","coordinates":[[8.6335838,47.6806699],[8.6336423,47.6809827],[8.6337013,47.6813855],[8.6337407,47.6816865],[8.6337979,47.6821665]]}},{"type":"Feature","properties":{"change:lanes":"not_left|not_right|no","highway":"trunk","int_ref":"E 41","lanes":"3","maxspeed":"100","motorroad":"yes","oneway":"yes","placement":"right_of:1","ref":"A4","shoulder":"none","source:maxspeed":"sign","surface":"asphalt","toll":"yes","turn:lanes":"||slight_right","carriage_ref":"B"},"geometry":{"type":"LineString","coordinates":[[8.6828001,47.6204231],[8.682959,47.6201292]]}},{"type":"Feature","properties":{"change:lanes:backward":"no","change:lanes:forward":"no","highway":"trunk","int_ref":"E 41","lanes":"2","maxheight":"default","maxspeed":"100","motorroad":"yes","oneway":"no","overtaking":"no","ref":"A4","shoulder:left":"yes","shoulder:right":"yes","source:maxspeed":"sign","surface":"asphalt","toll":"yes","carriage_ref":"A"},"geometry":{"type":"LineString","coordinates":[[8.6843719,47.5843491],[8.6846113,47.5846122],[8.6847546,47.58476],[8.6849069,47.5849074],[8.6850201,47.5850124],[8.6851348,47.5851166],[8.6852537,47.5852205],[8.685374,47.5853231],[8.685509,47.5854284],[8.6856509,47.5855311],[8.6857949,47.5856333],[8.6859424,47.5857345],[8.6862425,47.5859295],[8.6865504,47.5861205],[8.6869505,47.586358],[8.6873554,47.5865937],[8.6877852,47.5868459],[8.6882086,47.5871],[8.6884848,47.5872758],[8.6887494,47.5874535],[8.6889951,47.5876398],[8.6892285,47.5878336],[8.6894138,47.5880071],[8.6895026,47.5880959],[8.6895875,47.5881851],[8.6897151,47.588326],[8.6898358,47.5884701],[8.6899447,47.5886147],[8.6900456,47.5887616],[8.6901241,47.5888855],[8.6901978,47.5890122],[8.6902652,47.5891393],[8.6903289,47.5892683],[8.6903849,47.5893967],[8.6904359,47.5895283],[8.6904821,47.5896597],[8.690523,47.5897927],[8.6905523,47.5899081],[8.6905774,47.5900248],[8.6906005,47.5901425],[8.6906184,47.5902586],[8.6906318,47.5903739],[8.6906411,47.5904909],[8.6906463,47.5906068],[8.6906472,47.590724],[8.6906425,47.5908548],[8.69063,47.5909861],[8.6906152,47.5911172],[8.6905963,47.5912473],[8.6905685,47.5913844],[8.6905368,47.5915213],[8.6904837,47.5916904],[8.6904255,47.5918629],[8.6903524,47.5920561],[8.6902766,47.5922507],[8.6901983,47.592444],[8.690116,47.5926372]]}},{"type":"Feature","properties":{"highway":"motorway","int_ref":"E 41;E 60","lanes":"3","lit":"yes","maxspeed":"100","oneway":"yes","ref":"A1;A4","source:maxspeed":"sign","surface":"asphalt","toll":"yes","carriage_ref":"B"},"geometry":{"type":"LineString","coordinates":[[8.6162012,47.4103009],[8.6152372,47.4099799],[8.6143439,47.4096975],[8.6138131,47.4095424],[8.6132878,47.4093943],[8.6128392,47.409273],[8.612163,47.4090953],[8.6114709,47.4089289],[8.6108461,47.4087867],[8.6102646,47.4086624]]}},{"type":"Feature","properties":{"highway":"trunk","int_ref":"E 41","lanes":"2","maxspeed:backward":"100","maxspeed:forward":"80","oneway":"no","ref":"A4","source:maxspeed":"sign","toll":"yes","carriage_ref":"B"},"geometry":{"type":"LineString","coordinates":[[8.6225564,46.9994888],[8.6224696,46.9992224]]}},{"type":"Feature","properties":{"change:lanes":"no|no|no","highway":"motorway","int_ref":"E 41","lanes":"3","lit":"yes","maxspeed":"80","maxspeed:variable":"obstruction","oneway":"yes","overtaking:hgv":"no","placement":"right_of:2","ref":"A4","shoulder:right":"yes","source:maxspeed":"signals","surface":"asphalt","toll":"yes","carriage_ref":"B"},"geometry":{"type":"LineString","coordinates":[[8.4586232,47.3398519],[8.4588218,47.3395766],[8.4589415,47.3394095]]}},{"type":"Feature","properties":{"highway":"motorway","int_ref":"E 41","lanes":"2","lit":"yes","maxspeed":"100","maxspeed:variable":"obstruction","oneway":"yes","ref":"A4","source:maxspeed":"signals","surface":"asphalt","toll":"yes","carriage_ref":"B"},"geometry":{"type":"LineString","coordinates":[[8.4272134,47.4109765],[8.427049,47.4108367],[8.4268824,47.4106869],[8.4267238,47.4105385],[8.4264046,47.4102513],[8.426258,47.4101128],[8.4260876,47.4099538],[8.4257588,47.4096489],[8.4254492,47.4093495],[8.4246254,47.40855]]}},{"type":"Feature","properties":{"avz":"123","cs_dir:forward":"2","destination:int_ref:lanes":"E 41;E 54|","destination:lanes":"Stuttgart;Singen;Thayngen|Donaueschingen;Bargen","destination:ref:lanes":"|A4","highway":"trunk","int_ref":"E 41;E 54","lanes":"2","maxspeed":"80","motorroad":"yes","oneway":"yes","placement":"middle_of:1","ref":"A4;E41;E54","source:maxspeed":"sign","ssvz":"1004N","toll":"yes","turn:lanes:forward":"none|slight_right","carriage_ref":"A"},"geometry":{"type":"LineString","coordinates":[[8.6490273,47.7132542],[8.6493518,47.7133825]]}},{"type":"Feature","properties":{"highway":"motorway","int_ref":"E 41;E 60","lanes":"3","lit":"no","maxspeed":"80","oneway":"yes","ref":"A1;A4","surface":"asphalt","toll":"yes","carriage_ref":"B"},"geometry":{"type":"LineString","coordinates":[[8.4866438,47.425363],[8.4862807,47.4252733],[8.4859769,47.4251863],[8.4856928,47.4250856]]}},{"type":"Feature","properties":{"bridge":"yes","highway":"motorway","int_ref":"E 41","lanes":"3","layer":"1","maxspeed":"120","oneway":"yes","placement":"right_of:1","ref":"A4","toll":"yes","turn:lanes":"||merge_to_left","carriage_ref":"A"},"geometry":{"type":"LineString","coordinates":[[8.4527727,47.1021836],[8.4525769,47.1025095]]}},{"type":"Feature","properties":{"destination:lanes":"Birmensdorf|Birmensdorf|Urdorf-Süd;Uitikon","highway":"motorway","int_ref":"E 41","lanes":"3","lit":"no","maxspeed":"100","maxspeed:variable":"obstruction","oneway":"yes","placement":"right_of:1","ref":"A3;A4","shoulder:right":"yes","source:maxspeed":"signals","surface":"asphalt","toll":"yes","turn:lanes":"||slight_right","carriage_ref":"B"},"geometry":{"type":"LineString","coordinates":[[8.4194153,47.3743001],[8.4195735,47.3738459]]}},{"type":"Feature","properties":{"highway":"motorway","int_ref":"E 41;E 60","lanes":"3","lit":"yes","maxspeed":"100","oneway":"yes","ref":"A1;A4","source:maxspeed":"sign","surface":"asphalt","toll":"yes","carriage_ref":"B"},"geometry":{"type":"LineString","coordinates":[[8.6249128,47.4143903],[8.6246107,47.4142057],[8.6242765,47.4140033],[8.6235762,47.4135972],[8.6231514,47.4133641],[8.6227411,47.4131424],[8.622207,47.4128614],[8.6216691,47.4125809],[8.6212445,47.4123746],[8.6206622,47.412103],[8.6201098,47.4118483],[8.6198239,47.4117202],[8.619561,47.411603],[8.6190561,47.4113821],[8.6185354,47.4111692],[8.617948,47.410939],[8.6173406,47.4107015]]}},{"type":"Feature","properties":{"highway":"motorway","int_ref":"E 41","lanes":"2","maxspeed":"120","oneway":"yes","ref":"A4","toll":"yes","carriage_ref":"A"},"geometry":{"type":"LineString","coordinates":[[8.6270171,47.0197468],[8.6273617,47.0204188],[8.6278145,47.0211606],[8.6284686,47.02219]]}},{"type":"Feature","properties":{"highway":"motorway","int_ref":"E 41;E 60","lanes":"3","lit":"no","maxspeed":"120","oneway":"yes","overtaking:hgv":"no","ref":"A1;A4","source:maxspeed":"CH:motorway","surface":"asphalt","toll":"yes","carriage_ref":"B"},"geometry":{"type":"LineString","coordinates":[[8.5358325,47.4337661],[8.5351984,47.4338183],[8.5341598,47.4338808],[8.5329341,47.4339189],[8.5318007,47.4339392],[8.5308631,47.4339363],[8.5298838,47.4339084],[8.5292832,47.4338846],[8.5288153,47.433861],[8.5283431,47.4338333],[8.5278737,47.4338035],[8.5273959,47.433767],[8.5269229,47.4337265],[8.5264684,47.433684],[8.5259886,47.4336355],[8.525506,47.4335862],[8.5250432,47.433531],[8.524576,47.4334715],[8.5241032,47.4334059],[8.5236392,47.4333395],[8.523176,47.433267],[8.5227185,47.433187],[8.5224908,47.4331456],[8.5220364,47.4330623],[8.52158,47.4329751],[8.5211211,47.4328823],[8.5206631,47.432785],[8.5202052,47.4326842],[8.5197446,47.4325825],[8.5188931,47.4323811],[8.5180183,47.4321478],[8.5175515,47.4320078],[8.516667,47.4317502],[8.5162095,47.4316185],[8.515817,47.4314875],[8.5153898,47.4313511],[8.5148918,47.4312046],[8.5141357,47.4309443],[8.5134634,47.4307177],[8.5131647,47.4306133]]}},{"type":"Feature","properties":{"change:lanes:backward":"not_left|yes","change:lanes:forward":"not_left|yes","highway":"trunk","int_ref":"E 41;E 54","lanes":"4","maxspeed":"60","motorroad":"yes","oneway":"no","overtaking":"no","ref":"A4","source:maxspeed":"sign. Survey 12.2018","surface":"asphalt","toll":"no","turn:lanes:backward":"none|merge_to_left","turn:lanes:forward":"none|right","carriage_ref":"A"},"geometry":{"type":"LineString","coordinates":[[8.70289116442,47.7428689],[8.70377648895,47.74261558895]]}},{"type":"Feature","properties":{"highway":"trunk","int_ref":"E 41","lanes":"2","maxspeed":"100","motorroad":"yes","oneway":"yes","ref":"A4","source:maxspeed":"sign","toll":"yes","carriage_ref":"A"},"geometry":{"type":"LineString","coordinates":[[8.6257455,47.6647883],[8.6256948,47.6649453],[8.6256407,47.6651227],[8.625416,47.6658784]]}},{"type":"Feature","properties":{"highway":"motorway","int_ref":"E 41","lanes":"3","maxspeed":"120","oneway":"yes","ref":"A4","source:maxspeed":"sign","toll":"yes","carriage_ref":"A"},"geometry":{"type":"LineString","coordinates":[[8.4392147,47.1844884],[8.4410212,47.1858393],[8.4423628,47.1868197]]}},{"type":"Feature","properties":{"destination":"Bern;Basel;Chur;Luzern;Zürich-Affoltern","highway":"motorway","int_ref":"E 41;E 60","lanes":"3","lit":"no","maxspeed":"100","oneway":"yes","ref":"A1;A4","source:maxspeed":"sign","surface":"asphalt","toll":"yes","carriage_ref":"B"},"geometry":{"type":"LineString","coordinates":[[8.5545472,47.4283074],[8.5537028,47.4287254]]}},{"type":"Feature","properties":{"highway":"trunk","int_ref":"E 41","lanes":"2","maxheight":"default","maxspeed":"100","motorroad":"yes","oneway":"yes","ref":"A4","shoulder":"none","source:maxspeed":"sign","surface":"asphalt","toll":"yes","carriage_ref":"A"},"geometry":{"type":"LineString","coordinates":[[8.6530244,47.6436166],[8.6525649,47.6440848],[8.6523441,47.6443119]]}},{"type":"Feature","properties":{"change:lanes:backward":"no","change:lanes:forward":"no","destination:backward":"Uhwiesen;Zürich;Sankt Gallen","highway":"trunk","int_ref":"E 41;E 54","lanes":"2","layer":"-2","lit":"yes","maxheight":"default","maxspeed":"80","motorroad":"yes","oneway":"no","overtaking":"no","ref":"A4;E41","source:maxspeed":"sign","toll":"yes","tunnel":"yes","tunnel:name":"Fäsenstaub","carriage_ref":"A"},"geometry":{"type":"LineString","coordinates":[[8.6254171,47.6939098],[8.6256237,47.6943123],[8.6257762,47.6946461]]}},{"type":"Feature","properties":{"bridge":"yes","highway":"motorway","int_ref":"E 41","layer":"1","maxspeed":"120","oneway":"yes","ref":"A4","toll":"yes","carriage_ref":"A"},"geometry":{"type":"LineString","coordinates":[[8.443193,47.1446587],[8.442632,47.1452678]]}},{"type":"Feature","properties":{"change:lanes":"not_left|yes|no","highway":"trunk","int_ref":"E 41","lanes":"3","maxspeed":"100","motorroad":"yes","oneway":"yes","placement":"right_of:1","ref":"A4","shoulder":"none","source:maxspeed":"sign","surface":"asphalt","toll":"yes","turn:lanes":"||slight_right","carriage_ref":"A"},"geometry":{"type":"LineString","coordinates":[[8.6854447,47.6147586],[8.6854032,47.6148743]]}},{"type":"Feature","properties":{"hazmat:water":"permissive","highway":"motorway","int_ref":"E 41;E 60","lanes":"2","maxspeed":"100","oneway":"yes","overtaking:hgv":"no","ref":"A1;A4","shoulder:right":"yes","source:maxspeed":"sign","surface":"asphalt","toll":"yes","carriage_ref":"B"},"geometry":{"type":"LineString","coordinates":[[8.6881483,47.5035133],[8.6882796,47.50338],[8.6884127,47.5032449],[8.6885483,47.5031111],[8.688689,47.502978],[8.6888351,47.5028487],[8.6889851,47.5027201],[8.6892917,47.5024688],[8.6897175,47.5021277],[8.6902172,47.5017257],[8.6903688,47.5016041],[8.690518,47.5014818],[8.6907439,47.501288],[8.690964,47.5010936],[8.6911794,47.5008956],[8.6913925,47.5006975],[8.6916011,47.5004981],[8.6918025,47.5002967],[8.6920002,47.5000936],[8.6921933,47.4998884],[8.6924433,47.4996176],[8.6926864,47.4993442],[8.6929232,47.4990691],[8.6931478,47.4987905]]}},{"type":"Feature","properties":{"highway":"motorway","int_ref":"E 41","lanes":"2","lit":"yes","maxspeed":"120","oneway":"yes","ref":"A4","shoulder:right":"yes","source:maxspeed":"CH:motorway","surface":"asphalt","toll":"yes","carriage_ref":"A"},"geometry":{"type":"LineString","coordinates":[[8.4483793,47.2520291],[8.4475315,47.2530339]]}},{"type":"Feature","properties":{"highway":"motorway","int_ref":"E 41","lanes":"2","lit":"no","maxspeed":"100","maxspeed:variable":"obstruction","oneway":"yes","overtaking:hgv":"no","ref":"A3;A4","shoulder:right":"yes","source:maxspeed":"signals","surface":"asphalt","toll":"yes","carriage_ref":"B"},"geometry":{"type":"LineString","coordinates":[[8.4217384,47.36923],[8.4225579,47.3682905]]}},{"type":"Feature","properties":{"highway":"motorway","int_ref":"E 41;E 60","lanes":"4","lit":"yes","maxspeed":"100","oneway":"yes","placement":"middle_of:2","ref":"A1;A4","source:maxspeed":"sign","surface":"asphalt","toll":"yes","turn:lanes":"none|none|none|merge_to_left","carriage_ref":"B"},"geometry":{"type":"LineString","coordinates":[[8.6256357,47.4148601],[8.625266,47.4146171],[8.6249128,47.4143903]]}},{"type":"Feature","properties":{"highway":"trunk","int_ref":"E 41","lanes":"2","layer":"-1","maxspeed":"100","motorroad":"yes","oneway":"no","ref":"A4","source:maxspeed":"sign","surface":"asphalt","toll":"yes","tunnel":"yes","tunnel:name":"Riethoelzli","carriage_ref":"A"},"geometry":{"type":"LineString","coordinates":[[8.6926823,47.5349795],[8.6925359,47.5356566]]}},{"type":"Feature","properties":{"change:lanes":"not_left|not_right|no","highway":"motorway","int_ref":"E 41","lanes":"3","maxspeed":"120","oneway":"yes","placement":"right_of:1","ref":"A4","shoulder":"none","source:maxspeed":"CH:motorway","surface":"asphalt","toll":"yes","carriage_ref":"B"},"geometry":{"type":"LineString","coordinates":[[8.4641203,47.2257007],[8.4641679,47.2256132]]}},{"type":"Feature","properties":{"highway":"motorway","int_ref":"E 41","lanes":"2","maxspeed":"120","oneway":"yes","ref":"A4","toll":"yes","carriage_ref":"A"},"geometry":{"type":"LineString","coordinates":[[8.6205857,47.0058478],[8.6205974,47.0060334],[8.6206102,47.0062431],[8.6206359,47.0063647],[8.6206746,47.0064786],[8.6207301,47.0066685],[8.6207953,47.0068519],[8.6208731,47.0070412],[8.6209816,47.0072729],[8.6210863,47.0074744],[8.6212054,47.007682],[8.6213833,47.0079642],[8.6216699,47.0083599],[8.6219341,47.008681],[8.6222546,47.0090563],[8.6227697,47.0096156],[8.6234396,47.0103334],[8.6241093,47.0110473],[8.6244647,47.0114967],[8.6246377,47.0117199],[8.6248059,47.0119467]]}},{"type":"Feature","properties":{"change:lanes:backward":"not_left|yes","change:lanes:forward":"not_left|yes","highway":"trunk","int_ref":"E 41;E 54","lanes":"4","maxspeed":"60","motorroad":"yes","oneway":"no","overtaking":"no","ref":"A4","source:maxspeed":"sign. Survey 12.2018","surface":"asphalt","toll":"no","turn:lanes:backward":"none|right","turn:lanes:forward":"none|merge_to_left","carriage_ref":"B"},"geometry":{"type":"LineString","coordinates":[[8.70375661044,47.74264610295],[8.70285251044,47.74289400283]]}},{"type":"Feature","properties":{"change:lanes:backward":"no","change:lanes:forward":"no","destination:forward":"Sankt Gallen;Zürich;Winterthur","highway":"trunk","int_ref":"E 41","lanes":"2","maxheight":"default","maxspeed":"100","motorroad":"yes","oneway":"no","overtaking":"no","ref":"A4","shoulder:left":"yes","shoulder:right":"yes","source:maxspeed":"sign","surface":"asphalt","toll":"yes","carriage_ref":"B"},"geometry":{"type":"LineString","coordinates":[[8.68318374512,47.58227804556],[8.68312474512,47.58205114551],[8.68307414512,47.58180614545],[8.68304324512,47.5816137454],[8.68301924512,47.58141774536],[8.68300414512,47.58127134532],[8.68299244512,47.58112214529],[8.68297374512,47.58082784522],[8.68296524512,47.58058104516],[8.6829723,47.5800484]]}},{"type":"Feature","properties":{"bridge":"yes","hazmat:water":"permissive","highway":"motorway","int_ref":"E 41;E 60","lanes":"2","layer":"1","maxspeed":"100","oneway":"yes","overtaking:hgv":"no","ref":"A1;A4","shoulder:right":"yes","source:maxspeed":"sign","surface":"asphalt","toll":"yes","carriage_ref":"B"},"geometry":{"type":"LineString","coordinates":[[8.6867973,47.5091545],[8.6866917,47.5088185]]}},{"type":"Feature","properties":{"destination":"Sankt Gallen;Schaffhausen","highway":"motorway","int_ref":"E 41;E 60","lanes":"2","lit":"yes","maxspeed":"100","oneway":"yes","placement":"transition","ref":"A1;A4","surface":"asphalt","toll":"yes","carriage_ref":"A"},"geometry":{"type":"LineString","coordinates":[[8.5742863,47.414361],[8.5742874,47.4143285]]}},{"type":"Feature","properties":{"destination:lanes":"Zürich;Rapperswil;Brüttisellen|Zürich;Rapperswil;Brüttisellen|Zürich;Rapperswil;Brüttisellen;Effretikon;Kemptthal","highway":"motorway","int_ref":"E 41;E 60","lanes":"3","maxspeed":"signals","oneway":"yes","ref":"A1;A4","shoulder:right":"yes","surface":"asphalt","toll":"yes","carriage_ref":"B"},"geometry":{"type":"LineString","coordinates":[[8.6977223,47.4477034],[8.6974404,47.4473636],[8.6971851,47.4470502]]}},{"type":"Feature","properties":{"destination:int_ref:lanes":"E 60|E 41;E 60|","destination:lanes":"Bern;Basel|Sankt Gallen;Flughafen;Nordring-Zürich|Zürich-City","destination:ref:lanes":"A1;A3|A1;A4|","highway":"motorway","int_ref":"E 41","lanes":"3","lit":"yes","maxspeed":"100","oneway":"yes","ref":"A3;A4","source:maxspeed":"sign","toll":"yes","carriage_ref":"A"},"geometry":{"type":"LineString","coordinates":[[8.4191811,47.3957693],[8.4193569,47.3959886],[8.4195434,47.3962152],[8.4197576,47.3965277],[8.4199751,47.3968697],[8.4201669,47.3971851],[8.4203211,47.3975003]]}},{"type":"Feature","properties":{"highway":"motorway","int_ref":"E 41","lanes":"2","maxspeed":"120","oneway":"yes","ref":"A4","toll":"yes","carriage_ref":"A"},"geometry":{"type":"LineString","coordinates":[[8.5152995,47.0569087],[8.5133482,47.0589111],[8.5129869,47.0592815],[8.512643,47.0596591],[8.51234,47.0600458],[8.5120794,47.0604312],[8.5119334,47.0606809],[8.5118025,47.0609338],[8.5116872,47.0611868],[8.5115802,47.0614385],[8.5114077,47.0617926],[8.5112295,47.0621407],[8.5110637,47.0624104],[8.5108795,47.0626739],[8.5106181,47.0629909],[8.5103396,47.0632911],[8.5098245,47.0637684],[8.5093357,47.0642478],[8.5091385,47.064482],[8.5089619,47.0647195],[8.5088062,47.064964],[8.5086773,47.0652168],[8.5085717,47.0654233],[8.5084876,47.0656296],[8.5083288,47.066043],[8.5081634,47.0664574],[8.5080655,47.0666614],[8.5079508,47.0668632],[8.5078219,47.0670752],[8.5076828,47.0672777],[8.5075084,47.0675081],[8.5073152,47.0677379],[8.5070003,47.0680566],[8.5066781,47.0683557]]}},{"type":"Feature","properties":{"change:lanes":"no|yes","highway":"trunk","int_ref":"E 41","lanes":"2","maxspeed":"80","motorroad":"yes","oneway":"yes","placement":"middle_of:1","ref":"A4","source:maxspeed":"sign","toll":"yes","turn:lanes":"|merge_to_left","carriage_ref":"A"},"geometry":{"type":"LineString","coordinates":[[8.6236697,47.6739439],[8.6238688,47.6741312],[8.6240105,47.6742539],[8.6241567,47.6743713],[8.6243106,47.6744851],[8.6244807,47.6746001],[8.6245938,47.6746724]]}},{"type":"Feature","properties":{"highway":"motorway","int_ref":"E 41","lanes":"2","lit":"yes","maxspeed":"80","maxspeed:variable":"obstruction","oneway":"yes","placement":"middle_of:1","ref":"A4","source:maxspeed":"sign","toll":"yes","carriage_ref":"A"},"geometry":{"type":"LineString","coordinates":[[8.4581497,47.3411504],[8.4580706,47.3412277],[8.4579135,47.3413692],[8.4577751,47.3414672],[8.4576454,47.3415625]]}},{"type":"Feature","properties":{"highway":"motorway","int_ref":"E 41","lanes":"3","oneway":"yes","placement":"right_of:1","ref":"A4","toll":"yes","turn:lanes":"||merge_to_left","carriage_ref":"A"},"geometry":{"type":"LineString","coordinates":[[8.4528674,47.10204],[8.4527727,47.1021836]]}},{"type":"Feature","properties":{"avz":"572","cs_dir:forward":"1","highway":"motorway","int_ref":"E 41","lanes":"2","layer":"-4","lit":"24/7","maxspeed":"100","maxspeed:variable":"obstruction","oneway":"yes","overtaking:hgv":"no","ref":"A4","source:maxspeed":"signals","surface":"asphalt","toll":"yes","tunnel":"yes","tunnel:name":"Islisbergtunnel","carriage_ref":"B"},"geometry":{"type":"LineString","coordinates":[[8.4594077,47.334932],[8.4591804,47.3344375],[8.4588958,47.3339329],[8.458595,47.3334924],[8.458249,47.3330684],[8.4575255,47.3322328],[8.4560092,47.3306118],[8.4529362,47.3273016],[8.4468462,47.3207344],[8.4346595,47.307592],[8.4322021,47.3049426],[8.4312653,47.3039347],[8.4306348,47.3031693],[8.4301037,47.3023801],[8.4298556,47.3019211],[8.4296624,47.3014712],[8.4294951,47.3010312],[8.4293352,47.3004403],[8.4292349,47.2998583],[8.4291354,47.2988414],[8.4290688,47.2983295],[8.4289989,47.2978641],[8.4288934,47.2974338],[8.4287595,47.2970075],[8.428606,47.2966228],[8.4284158,47.2962177]]}},{"type":"Feature","properties":{"bridge":"yes","highway":"motorway","int_ref":"E 41","lanes":"3","layer":"1","oneway":"yes","ref":"A4","toll":"yes","turn:lanes":"none|none|slight_right","carriage_ref":"A"},"geometry":{"type":"LineString","coordinates":[[8.6283558,47.0277075],[8.6281379,47.0278639],[8.6277263,47.0281283]]}},{"type":"Feature","properties":{"highway":"motorway","int_ref":"E 41","lanes":"3","maxspeed":"100","oneway":"yes","ref":"A4","source:maxspeed":"sign","toll":"yes","carriage_ref":"A"},"geometry":{"type":"LineString","coordinates":[[8.445756,47.1892609],[8.4467747,47.1899874]]}},{"type":"Feature","properties":{"bridge":"yes","highway":"motorway","int_ref":"E 41;E 60","lanes":"3","layer":"1","lit":"no","maxspeed":"80","oneway":"yes","ref":"A1;A4","source:maxspeed":"sign","surface":"asphalt","toll":"yes","carriage_ref":"B"},"geometry":{"type":"LineString","coordinates":[[8.4931605,47.4264379],[8.4924065,47.4263699]]}},{"type":"Feature","properties":{"bridge":"yes","highway":"trunk","int_ref":"E 41","lanes":"2","layer":"1","maxspeed":"100","motorroad":"yes","oneway":"yes","ref":"A4","shoulder":"none","source:maxspeed":"sign","surface":"asphalt","toll":"yes","carriage_ref":"B"},"geometry":{"type":"LineString","coordinates":[[8.6251998,47.6660533],[8.6252704,47.6657993]]}},{"type":"Feature","properties":{"highway":"motorway","int_ref":"E 41","lanes":"3","maxspeed":"120","oneway":"yes","placement":"right_of:1","ref":"A4","toll":"yes","turn:lanes":"||merge_to_left","carriage_ref":"A"},"geometry":{"type":"LineString","coordinates":[[8.6208512,47.0043177],[8.620757,47.004539],[8.6207062,47.0046832],[8.6206534,47.004854],[8.6206066,47.0050717],[8.6206101,47.0052479],[8.6205885,47.0054782],[8.6205883,47.0056636],[8.6205857,47.0058478]]}},{"type":"Feature","properties":{"avz":"93","cs_dir:forward":"2","highway":"motorway","int_ref":"E 41;E 60","lanes":"3","lit":"yes","maxspeed":"100","oneway":"yes","placement":"right_of:1","ref":"A1;A4","shoulder:right":"yes","source:maxspeed":"sign","ssvz":"700N","surface":"asphalt","toll":"yes","carriage_ref":"B"},"geometry":{"type":"LineString","coordinates":[[8.6982563,47.5213217],[8.6976727,47.5206298],[8.6974626,47.5203909],[8.6972566,47.5201537],[8.6968942,47.5197495],[8.6965343,47.5193762],[8.6962835,47.5191202]]}},{"type":"Feature","properties":{"highway":"trunk","int_ref":"E 41","lanes":"1","maxheight":"default","maxspeed":"100","motorroad":"yes","oneway":"yes","ref":"A4","shoulder:right":"yes","source:maxspeed":"sign","surface":"asphalt","toll":"yes","carriage_ref":"B"},"geometry":{"type":"LineString","coordinates":[[8.690208,47.563802],[8.6903232,47.5636709],[8.6904323,47.563541],[8.6906394,47.5632752],[8.6909254,47.5629025],[8.6909819,47.5628254],[8.6910351,47.5627479],[8.6911354,47.562591],[8.691226,47.5624298],[8.6913092,47.562269],[8.6913922,47.5621114],[8.6914462,47.5619941],[8.6914887,47.5618778],[8.6915246,47.5617662],[8.69160147085,47.56144013362]]}},{"type":"Feature","properties":{"destination:int_ref:lanes":"E 41;E 60|E 41;E 60|","destination:lanes":"Sankt Gallen;Schaffhausen;Zürich-City|Sankt Gallen;Schaffhausen;Zürich-City|Bülach;Flughafen","destination:ref:lanes":"A1;A4|A1;A4|A51","highway":"motorway","int_ref":"E 41;E 60","lanes":"3","lit":"yes","maxspeed":"100","oneway":"yes","ref":"A1;A4","source:maxspeed":"sign","surface":"asphalt","toll":"yes","turn:lanes":"none|none|slight_right","carriage_ref":"A"},"geometry":{"type":"LineString","coordinates":[[8.5633753,47.4251102],[8.5640773,47.4249882],[8.5645679,47.4249103],[8.5650184,47.4248466],[8.5666402,47.4246581]]}},{"type":"Feature","properties":{"highway":"motorway","int_ref":"E 41","lanes":"3","maxspeed":"120","oneway":"yes","placement":"right_of:1","ref":"A4","shoulder":"none","source:maxspeed":"CH:motorway","surface":"asphalt","toll":"yes","turn:lanes":"||right","carriage_ref":"B"},"geometry":{"type":"LineString","coordinates":[[8.4598781,47.2300862],[8.4601566,47.2297843]]}},{"type":"Feature","properties":{"change:lanes":"not_left|not_right|not_left|not_right","highway":"motorway","int_ref":"E 41;E 60","lanes":"4","lit":"yes","maxspeed":"100","oneway":"yes","placement":"middle_of:2","ref":"A1;A4","source:maxspeed":"sign","surface":"asphalt","toll":"yes","turn:lanes":"|||merge_to_left","carriage_ref":"B"},"geometry":{"type":"LineString","coordinates":[[8.6259397,47.4150596],[8.6256357,47.4148601]]}},{"type":"Feature","properties":{"highway":"motorway","int_ref":"E 41;E 60","lanes":"3","layer":"-1","lit":"no","maxspeed":"80","oneway":"yes","ref":"A1;A4","source:maxspeed":"CH:motorway","surface":"asphalt","toll":"yes","tunnel":"yes","tunnel:name":"Katzensee","carriage_ref":"B"},"geometry":{"type":"LineString","coordinates":[[8.5057953,47.4283207],[8.5048447,47.4280796],[8.504397,47.4279746],[8.5039587,47.4278752],[8.5035027,47.4277738],[8.5030635,47.4276797],[8.5026056,47.4275862],[8.5021589,47.4275013],[8.5016987,47.4274223],[8.5012474,47.4273474],[8.5008598,47.4272839],[8.5004985,47.4272272],[8.5000216,47.4271558],[8.4995444,47.4270869],[8.4990567,47.4270187],[8.4985735,47.4269552],[8.4983504,47.4269312]]}},{"type":"Feature","properties":{"bridge":"yes","highway":"motorway","int_ref":"E 41;E 60","lanes":"2","layer":"1","lit":"yes","maxspeed":"100","oneway":"yes","ref":"A1;A4","source:maxspeed":"sign","surface":"asphalt","toll":"yes","carriage_ref":"A"},"geometry":{"type":"LineString","coordinates":[[8.5743749,47.4132744],[8.5744127,47.4131214],[8.5744676,47.4129651],[8.5745317,47.4127946],[8.5745689,47.4127076],[8.5746139,47.4126219],[8.5746806,47.4124909]]}},{"type":"Feature","properties":{"highway":"trunk","int_ref":"E 41","lanes":"2","layer":"-1","maxheight":"default","maxspeed":"100","motorroad":"yes","oneway":"no","ref":"A4","source:maxspeed":"sign","surface":"asphalt","toll":"yes","tunnel":"yes","tunnel:name":"Kaiserbucktunnel","carriage_ref":"A"},"geometry":{"type":"LineString","coordinates":[[8.6899479,47.5451069],[8.6892387,47.5462865]]}},{"type":"Feature","properties":{"bridge":"yes","highway":"motorway","int_ref":"E 41","lanes":"2","layer":"1","lit":"yes","maxspeed":"120","oneway":"yes","ref":"A4","shoulder:right":"yes","source:maxspeed":"CH:motorway","surface":"asphalt","toll":"yes","carriage_ref":"B"},"geometry":{"type":"LineString","coordinates":[[8.4398365,47.2665235],[8.4399283,47.2662124]]}},{"type":"Feature","properties":{"avz":"572","cs_dir:forward":"2","destination:lanes":"Bern;Basel;St. Gallen;Westring Zürich|Chur;Zürich-City|Chur;Zürich-City","highway":"motorway","int_ref":"E 41","lanes":"3","layer":"-4","lit":"yes","maxspeed":"100","oneway":"yes","placement":"right_of:1","ref":"A4","toll":"yes","tunnel":"yes","tunnel:name":"Islisbergtunnel","turn:lanes":"through|through|right","carriage_ref":"A"},"geometry":{"type":"LineString","coordinates":[[8.4595893,47.3345291],[8.4597188,47.3348287]]}},{"type":"Feature","properties":{"highway":"motorway","int_ref":"E 41","lanes":"2","maxspeed":"120","oneway":"yes","ref":"A4","toll":"yes","carriage_ref":"A"},"geometry":{"type":"LineString","coordinates":[[8.4935235,47.0744525],[8.492928,47.0747567]]}},{"type":"Feature","properties":{"highway":"motorway","int_ref":"E 41","lanes":"3","lit":"no","maxspeed":"100","maxspeed:variable":"obstruction","oneway":"yes","placement":"right_of:1","ref":"A3;A4","shoulder:right":"yes","source:maxspeed":"signals","surface":"asphalt","toll":"yes","turn:lanes":"||merge_to_left","carriage_ref":"B"},"geometry":{"type":"LineString","coordinates":[[8.421424,47.369643],[8.4217384,47.36923]]}},{"type":"Feature","properties":{"change:lanes:backward":"not_left|yes","change:lanes:forward":"no","highway":"trunk","int_ref":"E 41","lanes":"3","lanes:backward":"2","lanes:forward":"1","maxspeed":"80","motorroad":"yes","oneway":"no","overtaking:hgv:backward":"no","ref":"A4","shoulder":"none","source:maxspeed":"sign","surface":"asphalt","toll":"yes","carriage_ref":"A"},"geometry":{"type":"LineString","coordinates":[[8.6312745,47.6774001],[8.6314472,47.6775095],[8.6316092,47.6776215],[8.6317843,47.6777569],[8.6319657,47.6779132],[8.6321422,47.6780719],[8.6323621,47.6782847],[8.6324917,47.6784259],[8.6326104,47.6785679],[8.6327097,47.67869],[8.6328014,47.6788128],[8.6328839,47.6789349],[8.6329628,47.6790567],[8.6330734,47.6792525],[8.6331763,47.6794478],[8.6332318,47.6795667]]}},{"type":"Feature","properties":{"highway":"trunk","int_ref":"E 41","lanes":"3","maxspeed":"100","motorroad":"yes","oneway":"yes","placement":"right_of:1","ref":"A4","shoulder":"none","source:maxspeed":"sign","surface":"asphalt","toll":"yes","turn:lanes":"||slight_right","carriage_ref":"A"},"geometry":{"type":"LineString","coordinates":[[8.6523441,47.6443119],[8.6520754,47.6445722]]}},{"type":"Feature","properties":{"destination:lanes":"Chiasso;Gotthard;Luzern|Chiasso;Gotthard;Luzern;Chur","destination:ref:lanes":"A4|A4;A4a","highway":"motorway","int_ref":"E 41","lanes":"2","maxspeed":"120","oneway":"yes","ref":"A4","shoulder:right":"yes","source:maxspeed":"CH:motorway","surface":"asphalt","toll":"yes","carriage_ref":"B"},"geometry":{"type":"LineString","coordinates":[[8.470564,47.2091181],[8.4701873,47.2083154],[8.4699136,47.2078412],[8.4695882,47.2073579],[8.4693298,47.207025],[8.468835,47.2064621]]}},{"type":"Feature","properties":{"destination":"Kleinandelfingen","highway":"trunk","int_ref":"E 41","lanes":"3","maxheight":"default","maxspeed":"100","motorroad":"yes","oneway":"yes","placement":"right_of:1","ref":"A4","shoulder":"none","source:maxspeed":"sign","surface":"asphalt","toll":"yes","turn:lanes":"||merge_to_left","carriage_ref":"B"},"geometry":{"type":"LineString","coordinates":[[8.6842056,47.6175597],[8.6843877,47.6171382],[8.6845224,47.6168268]]}},{"type":"Feature","properties":{"highway":"motorway","int_ref":"E 41","lanes":"2","maxspeed":"100","oneway":"yes","ref":"A4","source:maxspeed":"sign","toll":"yes","carriage_ref":"B"},"geometry":{"type":"LineString","coordinates":[[8.541621,47.0479517],[8.5419536,47.0476096],[8.5421797,47.0473622],[8.5423957,47.0471077],[8.5427599,47.0466395]]}},{"type":"Feature","properties":{"bridge":"yes","highway":"trunk","int_ref":"E 41","lanes":"2","layer":"1","maxspeed:backward":"100","maxspeed:forward":"80","oneway":"no","ref":"A4","source:maxspeed":"sign","toll":"yes","carriage_ref":"B"},"geometry":{"type":"LineString","coordinates":[[8.6224696,46.9992224],[8.6224275,46.9991182]]}},{"type":"Feature","properties":{"highway":"motorway","int_ref":"E 41","lanes":"3","maxspeed":"120","oneway":"yes","ref":"A4","shoulder:right":"yes","source:maxspeed":"CH:motorway","surface":"asphalt","toll":"yes","carriage_ref":"B"},"geometry":{"type":"LineString","coordinates":[[8.4421724,47.1868853],[8.4393378,47.1848156],[8.4390455,47.1845879],[8.4385514,47.1842147],[8.4380847,47.1838319],[8.4376126,47.1834455],[8.4371687,47.1830483],[8.436537,47.1824402]]}},{"type":"Feature","properties":{"highway":"trunk","int_ref":"E 41","lanes":"2","layer":"-1","maxheight":"default","maxspeed":"100","motorroad":"yes","oneway":"yes","ref":"A4","source:maxspeed":"sign","surface":"asphalt","toll":"yes","tunnel":"yes","carriage_ref":"A"},"geometry":{"type":"LineString","coordinates":[[8.6829782,47.5780808],[8.6829867,47.5785324]]}},{"type":"Feature","properties":{"change:lanes":"not_left|yes|no","highway":"motorway","int_ref":"E 41","lanes":"3","maxspeed":"120","oneway":"yes","placement":"right_of:1","ref":"A4","shoulder":"none","source:maxspeed":"CH:motorway","surface":"asphalt","toll":"yes","turn:lanes":"||right","carriage_ref":"B"},"geometry":{"type":"LineString","coordinates":[[8.4601566,47.2297843],[8.4603832,47.229563]]}},{"type":"Feature","properties":{"highway":"motorway","int_ref":"E 41","lanes":"2","layer":"-1","maxspeed":"120","oneway":"yes","ref":"A4","shoulder:right":"yes","source:maxspeed":"CH:motorway","surface":"asphalt","toll":"yes","tunnel":"yes","tunnel:name":"Eigi","carriage_ref":"A"},"geometry":{"type":"LineString","coordinates":[[8.4492093,47.2510949],[8.4483793,47.2520291]]}},{"type":"Feature","properties":{"change:lanes":"not_left|not_left|not_right|no","destination:int_ref:lanes":"|E 41;E 60|E 41;E 60|","destination:lanes":"|Bern;Chur;Luzern;Nordring-Zürich|Bern;Chur;Luzern;Nordring-Zürich|Bülach;Flughafen","destination:ref:lanes":"|A1;A4|A1;A4|A51","highway":"motorway","int_ref":"E 41;E 60","lanes":"4","lit":"yes","maxspeed":"signals","oneway":"yes","ref":"A1;A4","shoulder:right":"yes","source:maxspeed":"signals","surface":"asphalt","toll":"yes","turn:lanes":"merge_to_right|none|none|none","carriage_ref":"B"},"geometry":{"type":"LineString","coordinates":[[8.5745139,47.4175401],[8.5744806,47.4181919]]}},{"type":"Feature","properties":{"highway":"motorway","int_ref":"E 41","maxspeed":"120","oneway":"yes","ref":"A4","toll":"yes","carriage_ref":"A"},"geometry":{"type":"LineString","coordinates":[[8.6249336,47.0298809],[8.6248542,47.0299586]]}},{"type":"Feature","properties":{"highway":"trunk","int_ref":"E 41","lanes":"2","maxspeed":"100","motorroad":"yes","oneway":"no","ref":"A4","source:maxspeed":"sign","surface":"asphalt","toll":"yes","carriage_ref":"A"},"geometry":{"type":"LineString","coordinates":[[8.6892387,47.5462865],[8.688671,47.5471198],[8.6883267,47.5476238],[8.6879893,47.5481181],[8.6878017,47.5484102],[8.6876211,47.5487096],[8.6874652,47.5489854],[8.6873326,47.5492387],[8.6872158,47.5494879],[8.6871061,47.5497563],[8.6870102,47.5500249],[8.6869539,47.5502082],[8.6869017,47.5504058],[8.6868524,47.550646],[8.6868321,47.5507681],[8.6868062,47.5509656],[8.6867844,47.5511633],[8.6867744,47.5513201],[8.686768,47.5514753],[8.6867667,47.5515953],[8.6867698,47.5517118],[8.6867762,47.5518452],[8.6867866,47.5519748],[8.6868012,47.5521155],[8.6868182,47.5522559],[8.6868423,47.5524013],[8.6868652,47.5525348],[8.6868909,47.5526679],[8.6869474,47.5528977],[8.6869911,47.5530476],[8.6870396,47.5531965],[8.6871001,47.5533646],[8.6871648,47.5535317],[8.6872295,47.5536856],[8.6872993,47.5538387],[8.6873684,47.5539745],[8.6874414,47.5541101],[8.6875291,47.5542594],[8.6876202,47.5544075],[8.6877619,47.5546203],[8.6878411,47.5547339],[8.6879231,47.5548452],[8.6880136,47.554961],[8.6881072,47.5550766],[8.6882025,47.5551918],[8.6883481,47.5553605],[8.6885033,47.5555314],[8.6886178,47.5556521],[8.6887349,47.5557745]]}},{"type":"Feature","properties":{"bridge":"viaduct","highway":"motorway","int_ref":"E 41","lanes":"2","layer":"1","maxspeed":"120","oneway":"yes","ref":"A4","toll":"yes","carriage_ref":"B"},"geometry":{"type":"LineString","coordinates":[[8.4844293,47.0795859],[8.4847104,47.0794075],[8.484853,47.0793182],[8.4850045,47.0792278],[8.4853124,47.0790572],[8.4856408,47.0788996],[8.4859654,47.0787532],[8.4861328,47.0786795],[8.4863016,47.0786068],[8.4866388,47.0784701]]}},{"type":"Feature","properties":{"highway":"trunk","int_ref":"E 41","lanes":"1","maxspeed":"100","motorroad":"yes","oneway":"yes","ref":"A4","source:maxspeed":"sign","surface":"asphalt","toll":"yes","carriage_ref":"A"},"geometry":{"type":"LineString","coordinates":[[8.6829867,47.5785324],[8.6829913,47.5789893],[8.6829939,47.5791959],[8.6829998,47.5794007],[8.683019,47.5800531],[8.68301368895,47.58043617211]]}},{"type":"Feature","properties":{"highway":"trunk","int_ref":"E 41","lanes":"1","maxheight":"default","maxspeed":"100","motorroad":"yes","oneway":"yes","ref":"A4","shoulder:right":"yes","source:maxspeed":"sign","surface":"asphalt","toll":"yes","carriage_ref":"B"},"geometry":{"type":"LineString","coordinates":[[8.682921,47.5780807],[8.6829229,47.5779049],[8.6829271,47.5777419],[8.6829357,47.5775773],[8.6829483,47.5774157],[8.6829666,47.5772588],[8.68299,47.5771047],[8.6830164,47.576953],[8.6830501,47.5767987],[8.6830842,47.5766497],[8.6831265,47.5764997],[8.6831734,47.5763545],[8.6832198,47.5762232],[8.6832917,47.5760295],[8.6833284,47.5759363],[8.683369,47.5758408],[8.6834321,47.5757055],[8.6835005,47.5755696],[8.683571,47.5754346],[8.6836447,47.5753011],[8.6837182,47.5751804],[8.6837913,47.5750637],[8.6839252,47.5748559],[8.6840307,47.574712],[8.6841383,47.5745686],[8.6842511,47.5744251],[8.6843675,47.5742808],[8.684468,47.5741677],[8.6845718,47.5740543],[8.6846785,47.573943],[8.6847886,47.5738314],[8.6849882,47.57364],[8.6853402,47.5733086],[8.6856971,47.5729774],[8.6859477,47.5727416],[8.6861668,47.5725271],[8.6862727,47.5724177],[8.6863762,47.5723082],[8.6864787,47.5721972],[8.6865764,47.5720874],[8.6866706,47.5719753],[8.6867612,47.5718628],[8.6868576,47.5717337],[8.6869502,47.5716046],[8.6870391,47.5714744],[8.6871258,47.5713429],[8.6872018,47.5712157],[8.687275,47.5710884],[8.6873443,47.5709597],[8.6874105,47.5708307],[8.6875186,47.5706013],[8.6875685,47.5704855],[8.6876131,47.5703694],[8.6876866,47.5701762],[8.6877195,47.5700796],[8.6877489,47.5699829],[8.687789,47.5698337],[8.6878254,47.5696847],[8.6878579,47.5695443],[8.6878842,47.5694036],[8.6879076,47.5692629],[8.6879286,47.56912],[8.6879544,47.5688643],[8.6879741,47.5686062],[8.6880141,47.5681182],[8.6880319,47.5678785],[8.6880586,47.5676418],[8.6880979,47.5673864],[8.6881477,47.5671334],[8.6882035,47.5669125],[8.6882709,47.5666875],[8.688342,47.566488],[8.688422,47.5662897],[8.6885245,47.5660597],[8.6886404,47.5658344],[8.6887063,47.5657121],[8.6887779,47.5655914],[8.6888512,47.5654712],[8.688929,47.5653526],[8.6889941,47.5652558],[8.6890637,47.5651594],[8.6892047,47.5649706],[8.6892941,47.564857],[8.6893871,47.5647433],[8.6895788,47.5645155],[8.6898912,47.564158],[8.690208,47.563802]]}},{"type":"Feature","properties":{"highway":"motorway","int_ref":"E 41","lanes":"2","oneway":"yes","ref":"A4","toll":"yes","carriage_ref":"B"},"geometry":{"type":"LineString","coordinates":[[8.6283427,47.0222286],[8.6276845,47.0212165],[8.6272527,47.0205077],[8.6268593,47.0197413],[8.6267835,47.0195614]]}},{"type":"Feature","properties":{"bicycle":"no","change:lanes:backward":"no","change:lanes:forward":"no","foot":"no","highway":"trunk","int_ref":"E 41;E 54","lanes":"2","layer":"-5","lit":"yes","maxheight":"default","maxspeed":"80","motorroad":"yes","oneway":"no","overtaking":"no","ref":"A4;E41;E54","source:maxspeed":"sign","start_date":"1996","toll":"yes","tunnel":"yes","tunnel:name":"Tannerbergtunnel","carriage_ref":"A"},"geometry":{"type":"LineString","coordinates":[[8.629613,47.6998533],[8.6304036,47.700511],[8.6308482,47.70087],[8.6310805,47.7010479],[8.6313229,47.7012167],[8.6318078,47.7015498],[8.6323195,47.7018693],[8.6328513,47.7021753],[8.6339594,47.7027703],[8.63468,47.7031812],[8.6350021,47.7034048],[8.635308,47.7036305],[8.6357974,47.7040574],[8.6362515,47.7045034],[8.6363231,47.704573]]}},{"type":"Feature","properties":{"highway":"motorway","int_ref":"E 41","lanes":"2","maxspeed":"120","oneway":"yes","ref":"A4","toll":"yes","carriage_ref":"B"},"geometry":{"type":"LineString","coordinates":[[8.4471078,47.1388782],[8.4475368,47.1380158],[8.4479336,47.1371436],[8.4482396,47.1363846],[8.4485278,47.1356193],[8.4487063,47.1350636],[8.4488634,47.1344942],[8.4491247,47.1335017],[8.4493472,47.1325074],[8.4506688,47.1262621],[8.4515943,47.1218572],[8.4517479,47.1212749],[8.4519474,47.1206946],[8.452322,47.1197386],[8.4528651,47.1183222]]}},{"type":"Feature","properties":{"highway":"motorway","int_ref":"E 41","lanes":"2","layer":"-1","lit":"no","maxspeed":"120","oneway":"yes","ref":"A4","source:maxspeed":"CH:motorway","toll":"yes","tunnel":"yes","carriage_ref":"A"},"geometry":{"type":"LineString","coordinates":[[8.4267036,47.2813077],[8.4264066,47.2817329]]}},{"type":"Feature","properties":{"highway":"motorway","int_ref":"E 41","lanes":"2","lit":"yes","maxspeed":"signals","oneway":"yes","overtaking:hgv":"no","ref":"A4","shoulder:right":"yes","source:maxspeed":"signals","surface":"asphalt","toll":"yes","carriage_ref":"B"},"geometry":{"type":"LineString","coordinates":[[8.4553075,47.2403899],[8.4557739,47.2391572]]}},{"type":"Feature","properties":{"highway":"motorway","int_ref":"E 41;E 60","lanes":"2","maxspeed":"100","oneway":"yes","overtaking:hgv":"no","ref":"A1;A4","source:maxspeed":"sign","surface":"asphalt","toll":"yes","carriage_ref":"A"},"geometry":{"type":"LineString","coordinates":[[8.6895918,47.5130287],[8.6897135,47.5131527],[8.6899014,47.5133361],[8.6900889,47.5135152],[8.6902801,47.5136953],[8.6904742,47.5138744],[8.6908956,47.5142515],[8.6911271,47.5144537],[8.6914024,47.5146796]]}},{"type":"Feature","properties":{"bridge":"yes","bridge:name":"Lunnerenbrücke","highway":"motorway","int_ref":"E 41","lanes":"3","layer":"1","lit":"yes","maxspeed":"100","maxspeed:variable":"obstruction","oneway":"yes","placement":"right_of:1","ref":"A3;A4","source:maxspeed":"sign","toll":"yes","turn:lanes":"||merge_to_left","carriage_ref":"A"},"geometry":{"type":"LineString","coordinates":[[8.4269057,47.3485001],[8.426497,47.3488317]]}},{"type":"Feature","properties":{"highway":"motorway","int_ref":"E 41","lanes":"3","oneway":"yes","ref":"A4","toll":"yes","turn:lanes":"none|none|merge_to_left","carriage_ref":"B"},"geometry":{"type":"LineString","coordinates":[[8.6247861,47.0298658],[8.6248254,47.029834]]}},{"type":"Feature","properties":{"bridge":"yes","highway":"trunk","int_ref":"E 41","lanes":"2","layer":"1","maxspeed":"100","maxweight:signed":"no","motorroad":"yes","oneway":"yes","ref":"A4","shoulder":"none","source:maxspeed":"sign","surface":"asphalt","toll":"yes","turn:lanes":"merge_to_right|none","carriage_ref":"B"},"geometry":{"type":"LineString","coordinates":[[8.6895206,47.5949334],[8.689513,47.594841],[8.6895081,47.5947089],[8.6895099,47.5946018]]}},{"type":"Feature","properties":{"change:lanes":"not_left|not_right|no","destination":"Trüllikon","highway":"trunk","int_ref":"E 41","lanes":"3","maxspeed":"100","motorroad":"yes","oneway":"yes","placement":"right_of:1","ref":"A4","shoulder":"none","source:maxspeed":"sign","surface":"asphalt","toll":"yes","carriage_ref":"B"},"geometry":{"type":"LineString","coordinates":[[8.6521973,47.6442956],[8.6524442,47.6440427]]}},{"type":"Feature","properties":{"highway":"trunk","int_ref":"E 41","lanes":"2","last":"true","maxspeed":"80","oneway":"no","ref":"A4","source:maxspeed":"sign","toll":"yes","carriage_ref":"B"},"geometry":{"type":"LineString","coordinates":[[8.6107235,46.9903821],[8.6107334,46.9903145],[8.6107581,46.9902293],[8.6108176,46.9900544],[8.6108978,46.9898774],[8.6110529,46.9896062]]}},{"type":"Feature","properties":{"highway":"motorway","int_ref":"E 41","lanes":"2","maxspeed":"100","oneway":"yes","ref":"A4","toll":"yes","carriage_ref":"A"},"geometry":{"type":"LineString","coordinates":[[8.5430084,47.0466519],[8.5425807,47.0472092],[8.542384,47.0474611],[8.5421898,47.0476909],[8.5418249,47.0480522]]}},{"type":"Feature","properties":{"bridge":"yes","highway":"motorway","int_ref":"E 41","lanes":"2","layer":"1","maxspeed":"120","oneway":"yes","ref":"A4","toll":"yes","carriage_ref":"A"},"geometry":{"type":"LineString","coordinates":[[8.4703989,47.0872654],[8.4702878,47.0873282]]}},{"type":"Feature","properties":{"highway":"motorway","int_ref":"E 41","lanes":"2","maxspeed":"120","oneway":"yes","ref":"A4","toll":"yes","carriage_ref":"B"},"geometry":{"type":"LineString","coordinates":[[8.4600215,47.0941701],[8.460515,47.0936664],[8.4606267,47.0935631],[8.4607465,47.0934629],[8.4609884,47.0932581],[8.4612385,47.093066],[8.4615039,47.0928749],[8.4619202,47.0925899],[8.4623746,47.0923213],[8.4627044,47.0921289],[8.4630592,47.0919484],[8.463679,47.091631],[8.4643624,47.0912744],[8.4650081,47.0909385],[8.4654053,47.0907124],[8.4656073,47.0905945],[8.4658001,47.0904714],[8.466095,47.0902841],[8.4663875,47.0900794],[8.4666433,47.0898951],[8.4669074,47.0896904],[8.4673571,47.0893224],[8.4678369,47.088911],[8.4682579,47.088564],[8.468568,47.0883037],[8.4688904,47.088052],[8.4692346,47.0877988],[8.4695941,47.0875608],[8.4699358,47.0873488],[8.4702827,47.0871507]]}},{"type":"Feature","properties":{"bridge":"yes","highway":"trunk","int_ref":"E 41","lanes":"2","layer":"1","maxspeed:backward":"80","maxspeed:forward":"100","oneway":"no","ref":"A4","source:maxspeed":"sign","toll":"yes","carriage_ref":"A"},"geometry":{"type":"LineString","coordinates":[[8.62248443797,46.99912386094],[8.62252653797,46.99922806093]]}},{"type":"Feature","properties":{"bicycle":"no","change:lanes:backward":"no","change:lanes:forward":"no","foot":"no","highway":"trunk","int_ref":"E 41;E 54","lanes":"2","lit":"yes","maxspeed":"80","motorroad":"yes","oneway":"no","overtaking":"no","ref":"A4;E41;E54","source:maxspeed":"sign","surface":"asphalt","toll":"yes","carriage_ref":"A"},"geometry":{"type":"LineString","coordinates":[[8.6407886,47.710272],[8.640903,47.7103732],[8.6411118,47.7105411]]}},{"type":"Feature","properties":{"highway":"motorway","int_ref":"E 41;E 60","lanes":"2","lit":"yes","maxspeed":"100","oneway":"yes","placement":"transition","ref":"A1;A4","source:maxspeed":"sign","surface":"asphalt","toll":"yes","carriage_ref":"A"},"geometry":{"type":"LineString","coordinates":[[8.5741865,47.4193928],[8.5741761,47.4177389]]}},{"type":"Feature","properties":{"highway":"motorway","int_ref":"E 41","lanes":"2","layer":"-1","lit":"yes","maxspeed":"100","oneway":"yes","ref":"A3;A4","source:maxspeed":"sign","toll":"yes","tunnel":"yes","tunnel:alt_name":"Äschertunnel","tunnel:name":"Aeschertunnel","carriage_ref":"A"},"geometry":{"type":"LineString","coordinates":[[8.4296862,47.3456534],[8.4285759,47.3469199]]}},{"type":"Feature","properties":{"highway":"motorway","int_ref":"E 41","lanes":"2","maxspeed":"120","oneway":"yes","ref":"A4","toll":"yes","carriage_ref":"A"},"geometry":{"type":"LineString","coordinates":[[8.4520911,47.1036935],[8.4519496,47.1041371],[8.4518205,47.1045735],[8.4516655,47.1052116],[8.4515254,47.1058806],[8.4514649,47.1062918],[8.4514352,47.106694],[8.4514302,47.1070617],[8.4514577,47.1074163],[8.4514879,47.1077039],[8.4515388,47.1079941],[8.4517024,47.1085644],[8.4519278,47.1091396],[8.4522188,47.1096527],[8.4525231,47.110118],[8.4528678,47.1105779],[8.4536512,47.1114907],[8.4538657,47.1117791],[8.4540481,47.1120639],[8.4542412,47.1124291],[8.454386,47.1128306],[8.454488,47.1132286],[8.4545434,47.113563],[8.4545481,47.1137458],[8.4545401,47.1139357],[8.4545132,47.1141547],[8.4544837,47.1143701],[8.4544421,47.1145928],[8.454304,47.1150199],[8.4541436,47.1154464],[8.4530301,47.1183027]]}},{"type":"Feature","properties":{"highway":"trunk","int_ref":"E 41","lanes":"2","layer":"-1","maxspeed":"80","oneway":"no","ref":"A4","source:maxspeed":"sign","toll":"yes","tunnel":"yes","tunnel:name":"Mositunnel","wikidata":"Q1233662","wikipedia":"de:Mositunnel","carriage_ref":"B"},"geometry":{"type":"LineString","coordinates":[[8.6207936,46.9972241],[8.6204791,46.9970081],[8.6200453,46.996777],[8.619605,46.9965746],[8.6191202,46.9963799],[8.61871,46.9962418],[8.6182862,46.9961192],[8.617849,46.9960168],[8.6174092,46.9959217],[8.6156344,46.995538],[8.6149952,46.9953838],[8.6144046,46.9952074],[8.613883,46.9950163],[8.6133532,46.9947811],[8.6129463,46.9945695],[8.6126986,46.9944147],[8.6124279,46.9942286],[8.612099,46.9939713],[8.6118351,46.9937384],[8.611507,46.9933871],[8.6112208,46.9930084],[8.6109111,46.9924678],[8.6107325,46.991937],[8.6106801,46.9916976],[8.6106462,46.9914182],[8.6106231,46.9911612],[8.6106317,46.9908856]]}},{"type":"Feature","properties":{"highway":"motorway","int_ref":"E 41","lanes":"3","maxspeed":"120","oneway":"yes","ref":"A4","shoulder:right":"yes","source:maxspeed":"CH:motorway","surface":"asphalt","toll":"yes","carriage_ref":"B"},"geometry":{"type":"LineString","coordinates":[[8.436494,47.1823989],[8.4357898,47.1816416],[8.4353757,47.1811594],[8.4349751,47.1806595],[8.4346783,47.1802807],[8.434413,47.1798886],[8.4341633,47.1795369],[8.4339173,47.1791667],[8.4333558,47.1781276],[8.4328599,47.1770548],[8.4324759,47.1760025],[8.4323341,47.175504],[8.4322189,47.1749755]]}},{"type":"Feature","properties":{"highway":"motorway","int_ref":"E 41","lanes":"2","maxspeed":"120","oneway":"yes","ref":"A4","source":"survey","source:maxspeed":"CH:motorway","toll":"yes","carriage_ref":"A"},"geometry":{"type":"LineString","coordinates":[[8.4689727,47.206377],[8.4694449,47.2069037],[8.4697466,47.2072836],[8.4700844,47.2077822],[8.4703481,47.2082268],[8.4706216,47.2088018]]}},{"type":"Feature","properties":{"change:lanes:backward":"yes|not_left","change:lanes:forward":"no|yes","destination:lanes:backward":"Sankt Gallen;Zürich;Winterthur|Adlikon;Henggart","highway":"trunk","int_ref":"E 41","lanes":"4","lanes:forward":"2","maxheight":"default","maxspeed":"100","motorroad":"yes","oneway":"no","overtaking":"no","ref":"A4","shoulder:left":"yes","shoulder:right":"yes","source:maxspeed":"sign","surface":"asphalt","toll":"yes","turn:lanes:backward":"|slight_right","turn:lanes:forward":"|merge_to_left","carriage_ref":"A"},"geometry":{"type":"LineString","coordinates":[[8.6838984,47.5837195],[8.6840241,47.5839025]]}},{"type":"Feature","properties":{"highway":"trunk","int_ref":"E 41;E 54","lanes":"2","maxheight":"default","maxspeed":"80","motorroad":"yes","oneway":"yes","ref":"A4","shoulder":"none","source:maxspeed":"CH:rural","surface":"asphalt","toll":"yes","turn:lanes:forward":"merge_to_right|none","carriage_ref":"B"},"geometry":{"type":"LineString","coordinates":[[8.6518088,47.715112],[8.6516181,47.7149991],[8.6514318,47.7148824],[8.6512498,47.7147661],[8.65055322111,47.71423370383],[8.64996313512,47.71381862869],[8.64934086263,47.71349378497],[8.6485576576,47.71318698626],[8.64738785582,47.7128068434]]}},{"type":"Feature","properties":{"highway":"motorway","int_ref":"E 41","lanes":"3","maxspeed":"120","oneway":"yes","ref":"A4","toll":"yes","carriage_ref":"A"},"geometry":{"type":"LineString","coordinates":[[8.5671456,47.0496284],[8.5667088,47.049497],[8.5662854,47.0493442],[8.5658767,47.0491702],[8.5654968,47.0489838],[8.5651186,47.0487787],[8.5647721,47.0485608],[8.5640939,47.0481007],[8.5627583,47.0471683],[8.5622934,47.0468698],[8.5618112,47.0465839],[8.5611918,47.0462564],[8.5605423,47.0459514]]}},{"type":"Feature","properties":{"highway":"motorway","int_ref":"E 41","lanes":"2","lit":"yes","maxspeed":"120","oneway":"yes","ref":"A4","shoulder:right":"yes","source:maxspeed":"CH:motorway","surface":"asphalt","toll":"yes","carriage_ref":"A"},"geometry":{"type":"LineString","coordinates":[[8.4399961,47.2665466],[8.4398819,47.2669488]]}},{"type":"Feature","properties":{"highway":"motorway","int_ref":"E 41","lanes":"2","maxspeed":"100","oneway":"yes","ref":"A4","source:maxspeed":"sign","toll":"yes","carriage_ref":"B"},"geometry":{"type":"LineString","coordinates":[[8.547401,47.042943],[8.5477336,47.0428748],[8.5480817,47.0428117],[8.5484436,47.0427621],[8.548791,47.0427411],[8.5491407,47.0427297],[8.5494558,47.042735],[8.5497744,47.0427531],[8.5501636,47.0427855],[8.5505498,47.0428283]]}},{"type":"Feature","properties":{"highway":"trunk","int_ref":"E 41","lanes":"2","layer":"-1","maxheight":"default","maxspeed":"100","motorroad":"yes","oneway":"no","ref":"A4","source:maxspeed":"sign","surface":"asphalt","toll":"yes","tunnel":"yes","tunnel:name":"Kaiserbucktunnel","carriage_ref":"B"},"geometry":{"type":"LineString","coordinates":[[8.68918877085,47.54624024156],[8.68989797085,47.54506064052]]}},{"type":"Feature","properties":{"highway":"motorway","int_ref":"E 41","lanes":"2","maxspeed":"100","oneway":"yes","ref":"A4","toll":"yes","carriage_ref":"A"},"geometry":{"type":"LineString","coordinates":[[8.5525751,47.0435294],[8.5522799,47.0434257],[8.5514725,47.0431753],[8.5510846,47.04307],[8.5506827,47.0429796],[8.5502243,47.0429055],[8.5497655,47.0428617],[8.5494366,47.042848],[8.5491121,47.0428415],[8.548791,47.0428541],[8.5484741,47.0428784],[8.5479123,47.0429711]]}},{"type":"Feature","properties":{"highway":"trunk","int_ref":"E 41","lanes":"3","maxspeed":"100","motorroad":"yes","oneway":"yes","placement":"right_of:1","ref":"A4","shoulder:right":"yes","source:maxspeed":"sign","surface":"asphalt","toll":"yes","turn:lanes":"||merge_to_left","carriage_ref":"B"},"geometry":{"type":"LineString","coordinates":[[8.6914822,47.6007024],[8.6914983,47.6005479],[8.6915081,47.6003933],[8.6915078,47.6002328]]}},{"type":"Feature","properties":{"change:lanes:forward":"no","hazard":"deer","highway":"trunk","int_ref":"E 41;E 54","lanes":"3","lanes:backward":"2","lanes:forward":"1","maxspeed":"80","motorroad":"yes","oneway":"no","overtaking":"no","placement:forward":"left_of:1","ref":"A4","source:maxspeed":"CH:rural","toll":"no","turn:lanes:backward":"|merge_to_left","carriage_ref":"A"},"geometry":{"type":"LineString","coordinates":[[8.6858718,47.7358836],[8.6860635,47.7358695],[8.6862609,47.7358569],[8.6864698,47.7358486]]}},{"type":"Feature","properties":{"highway":"motorway","int_ref":"E 41","lanes":"2","maxspeed":"120","oneway":"yes","ref":"A4","source:maxspeed":"CH:motorway","toll":"yes","carriage_ref":"B"},"geometry":{"type":"LineString","coordinates":[[8.5606133,47.0458538],[8.5612392,47.0461393],[8.5618371,47.0464478],[8.562326,47.0467346],[8.5627871,47.0470232],[8.564123,47.0479679],[8.5648047,47.0484316],[8.565166,47.0486576],[8.5655461,47.0488662],[8.5659448,47.0490673],[8.5663882,47.0492554],[8.5667858,47.0493982],[8.5672001,47.0495202],[8.5675469,47.0496121],[8.5679118,47.0496882],[8.5684353,47.0497654],[8.5689673,47.0498179],[8.569531,47.0498381],[8.5701011,47.0498294],[8.5704905,47.0497997],[8.5708821,47.0497568],[8.5713849,47.0496786],[8.571889,47.0495686],[8.572522,47.0493699],[8.5731397,47.0491314],[8.573677,47.0488776],[8.5741949,47.0485578],[8.5746868,47.0481875],[8.5751448,47.0477901],[8.5760045,47.0470588],[8.5763039,47.0468382],[8.576665,47.0466216],[8.577021,47.0464211],[8.5773698,47.0462766],[8.577745,47.0461497]]}},{"type":"Feature","properties":{"bridge":"yes","destination:colour:lanes":"|||blue","destination:int_ref:lanes":"E 41|E 41||","destination:lanes":"Zürich;Affoltern am Albis|Zürich;Affoltern am Albis;Chur;Baar;Zug-Zentrum|Chur;Baar;Zug-Zentrum|Zug;Cham-Ost","destination:ref:lanes":"A 4|A 4;A 4a|A 4a|","highway":"motorway","int_ref":"E 41","lanes":"4","layer":"1","maxspeed":"100","oneway":"yes","ref":"A4","source:maxspeed":"sign","toll":"yes","carriage_ref":"A"},"geometry":{"type":"LineString","coordinates":[[8.453706,47.1950039],[8.4539776,47.1951976]]}},{"type":"Feature","properties":{"highway":"motorway","int_ref":"E 41;E 60","lanes":"2","lit":"yes","maxspeed":"100","oneway":"yes","ref":"A1;A4","shoulder:right":"yes","source:maxspeed":"sign","surface":"asphalt","toll":"yes","carriage_ref":"A"},"geometry":{"type":"LineString","coordinates":[[8.5736219,47.4229589],[8.5737364,47.4228303],[8.5738851,47.4226578],[8.57398,47.4225153],[8.5740625,47.4223781],[8.5741318,47.422234],[8.5741967,47.4220782],[8.5742429,47.421919],[8.5742651,47.4218112],[8.5742902,47.4216651],[8.5743033,47.4215068],[8.5743097,47.4213743],[8.5743039,47.4212235],[8.5742945,47.4210431],[8.5742543,47.4204696],[8.5742189,47.4200808],[8.5742002,47.4197232],[8.5741865,47.4193928]]}},{"type":"Feature","properties":{"highway":"trunk","int_ref":"E 41","lanes":"2","maxspeed":"100","motorroad":"yes","oneway":"yes","ref":"A4","shoulder":"none","source:maxspeed":"sign","surface":"asphalt","toll":"yes","turn:lanes":"merge_to_right|none","carriage_ref":"B"},"geometry":{"type":"LineString","coordinates":[[8.689664,47.5956616],[8.689597,47.5954015],[8.6895721,47.5952805],[8.6895206,47.5949334]]}},{"type":"Feature","properties":{"highway":"motorway","int_ref":"E 41;E 60","lanes":"3","maxspeed":"100","oneway":"yes","overtaking:hgv":"no","placement":"right_of:1","ref":"A1;A4","source:maxspeed":"sign","surface":"asphalt","toll":"yes","turn:lanes":"||slight_right","carriage_ref":"A"},"geometry":{"type":"LineString","coordinates":[[8.6888364,47.5122116],[8.688941,47.5123326],[8.6890744,47.5124821]]}},{"type":"Feature","properties":{"highway":"motorway","int_ref":"E 41","lanes":"2","lit":"no","maxspeed":"100","oneway":"yes","ref":"A3;A4","source:maxspeed":"sign","toll":"yes","carriage_ref":"A"},"geometry":{"type":"LineString","coordinates":[[8.4227313,47.3683483],[8.4218913,47.3692958],[8.4216047,47.3696799],[8.4214714,47.3698534],[8.4212781,47.3701563],[8.421084,47.3705023]]}},{"type":"Feature","properties":{"bridge":"yes","bridge:name":"Reppischtalbrücke","highway":"motorway","int_ref":"E 41","lanes":"3","layer":"1","lit":"yes","maxspeed":"100","oneway":"yes","placement":"right_of:1","ref":"A3;A4","source:maxspeed":"sign","toll":"yes","turn:lanes":"||slight_right","carriage_ref":"A"},"geometry":{"type":"LineString","coordinates":[[8.4230215,47.3598417],[8.423684,47.3615258]]}},{"type":"Feature","properties":{"change:lanes:backward":"no|no","change:lanes:forward":"no","destination:forward":"Sankt Gallen;Zürich;Winterthur","highway":"trunk","int_ref":"E 41","lanes":"3","lanes:backward":"2","maxspeed":"100","motorroad":"yes","oneway":"no","overtaking":"no","placement:backward":"left_of:1","ref":"A4","shoulder:left":"yes","shoulder:right":"yes","source:maxspeed":"sign","toll":"yes","carriage_ref":"B"},"geometry":{"type":"LineString","coordinates":[[8.68324614512,47.58247684561],[8.68318374512,47.58227804556]]}},{"type":"Feature","properties":{"change:lanes":"not_left|not_right|yes","destination":"Trüllikon","highway":"trunk","int_ref":"E 41","lanes":"3","maxspeed":"100","motorroad":"yes","oneway":"yes","placement":"right_of:1","ref":"A4","shoulder":"none","source:maxspeed":"sign","surface":"asphalt","toll":"yes","turn:lanes":"||merge_to_left","carriage_ref":"B"},"geometry":{"type":"LineString","coordinates":[[8.6524442,47.6440427],[8.6529146,47.6435674]]}},{"type":"Feature","properties":{"highway":"motorway","int_ref":"E 41","lanes":"2","layer":"-1","maxspeed":"100","name":"Schönegg","oneway":"yes","ref":"A4","toll":"yes","tunnel":"yes","tunnel:name":"Schöneggtunnel","carriage_ref":"A"},"geometry":{"type":"LineString","coordinates":[[8.5418249,47.0480522],[8.5415311,47.0483257],[8.5412202,47.0485799],[8.5409048,47.0487979],[8.5405893,47.0489988],[8.5405081,47.0490438],[8.540254,47.0491848],[8.5399101,47.0493487]]}},{"type":"Feature","properties":{"destination:int_ref:lanes":"E 41|E 60|E 60","destination:lanes":"Chur;Luzern;Westring-Zürich|Bern;Basel;Dietikon|Bern;Basel;Dietikon","destination:ref:lanes":"A3;A4|A1;A3|A1;A3","highway":"motorway","int_ref":"E 41;E 60","lanes":"3","lit":"yes","maxspeed":"80","oneway":"yes","ref":"A1;A4","source:maxspeed":"sign","surface":"asphalt","toll":"yes","turn:lanes":"slight_left|none|none","carriage_ref":"B"},"geometry":{"type":"LineString","coordinates":[[8.4389034,47.4146496],[8.4383973,47.4145223],[8.4375813,47.4143103],[8.4372182,47.4142206],[8.4368532,47.4141308],[8.4361215,47.4139681],[8.4354926,47.4138308],[8.4350386,47.4137285],[8.4349062,47.4136979]]}},{"type":"Feature","properties":{"change:lanes":"not_left|not_right|not_left|not_right","highway":"motorway","int_ref":"E 41","lanes":"4","maxspeed":"signals","oneway":"yes","placement":"middle_of:2","ref":"A4","shoulder:right":"yes","source:maxspeed":"signals","surface":"asphalt","toll":"yes","turn:lanes":"through|through|through|slight_right","carriage_ref":"B"},"geometry":{"type":"LineString","coordinates":[[8.4571049,47.1976739],[8.4553608,47.1964071]]}},{"type":"Feature","properties":{"bridge":"yes","highway":"motorway","int_ref":"E 41","layer":"1","maxspeed":"120","oneway":"yes","ref":"A4","toll":"yes","carriage_ref":"B"},"geometry":{"type":"LineString","coordinates":[[8.4425085,47.1452112],[8.4430657,47.1446047]]}},{"type":"Feature","properties":{"change:lanes:backward":"no","change:lanes:forward":"no|no","destination:backward":"Sankt Gallen;Zürich;Winterthur","highway":"trunk","int_ref":"E 41","lanes":"3","lanes:forward":"2","maxspeed":"100","motorroad":"yes","oneway":"no","overtaking":"no","placement:forward":"left_of:1","ref":"A4","shoulder:left":"yes","shoulder:right":"yes","source:maxspeed":"sign","toll":"yes","carriage_ref":"A"},"geometry":{"type":"LineString","coordinates":[[8.6832272,47.5822905],[8.6832896,47.5824893]]}},{"type":"Feature","properties":{"destination:lanes":"Chiasso;Gotthard;Luzern|Chiasso;Gotthard;Luzern;Chur","destination:ref:lanes":"A4|A4;A4a","highway":"motorway","int_ref":"E 41","lanes":"2","maxspeed":"120","oneway":"yes","ref":"A4","shoulder:right":"yes","source:maxspeed":"signals","surface":"asphalt","toll":"yes","carriage_ref":"B"},"geometry":{"type":"LineString","coordinates":[[8.468835,47.2064621],[8.4684434,47.2060601],[8.4680305,47.2056731],[8.467205,47.2049713],[8.4664097,47.2043536]]}},{"type":"Feature","properties":{"hazmat:water":"permissive","highway":"motorway","int_ref":"E 41;E 60","lanes":"2","maxspeed":"100","oneway":"yes","overtaking:hgv":"no","ref":"A1;A4","shoulder:right":"yes","source:maxspeed":"sign","surface":"asphalt","toll":"yes","carriage_ref":"B"},"geometry":{"type":"LineString","coordinates":[[8.690323,47.5139331],[8.690146,47.5137649],[8.6899465,47.5135781],[8.6895757,47.5132202],[8.6894248,47.5130734],[8.6892762,47.5129227],[8.6890899,47.5127171],[8.6889339,47.5125436],[8.688801,47.5124011],[8.6885664,47.5121259],[8.6883377,47.5118522],[8.6881916,47.5116557],[8.6880421,47.5114569],[8.6878991,47.511257],[8.6877603,47.511056],[8.6876616,47.5109098],[8.6875712,47.5107702],[8.6874936,47.5106169],[8.6874114,47.5104733],[8.6873264,47.510318],[8.6872456,47.510164],[8.687167,47.5100084],[8.6871109,47.5098893],[8.6870142,47.5096833],[8.6869432,47.5095132],[8.6868758,47.5093426],[8.6867973,47.5091545]]}},{"type":"Feature","properties":{"highway":"trunk","int_ref":"E 41","lanes":"1","maxspeed":"100","motorroad":"yes","oneway":"yes","ref":"A4","source:maxspeed":"sign","surface":"asphalt","toll":"yes","carriage_ref":"A"},"geometry":{"type":"LineString","coordinates":[[8.6848331,47.5738481],[8.6847223,47.5739595],[8.6846148,47.5740709],[8.6845123,47.5741834],[8.6844125,47.5742987],[8.6842957,47.5744408],[8.6841839,47.5745824],[8.6840759,47.5747271],[8.6839729,47.574873],[8.6838373,47.575077],[8.6837623,47.575195],[8.6836925,47.5753136],[8.6836177,47.5754462],[8.683548,47.5755806],[8.6834814,47.5757163],[8.6834193,47.5758524],[8.6833788,47.5759459],[8.6833421,47.5760391],[8.6832705,47.57623]]}},{"type":"Feature","properties":{"change:lanes:backward":"not_left|yes","change:lanes:forward":"no","highway":"trunk","int_ref":"E 41;E 54","lanes":"3","lanes:backward":"2","lanes:forward":"1","maxspeed":"60","motorroad":"yes","oneway":"no","overtaking":"no","placement:backward":"left_of:1","ref":"A4","source:maxspeed":"sign. Survey 12.2018","surface":"asphalt","toll":"no","turn:lanes:backward":"none|merge_to_left","carriage_ref":"A"},"geometry":{"type":"LineString","coordinates":[[8.70377648895,47.74261558895],[8.70418712884,47.7425025705]]}},{"type":"Feature","properties":{"bridge":"yes","highway":"motorway","int_ref":"E 41","layer":"1","maxspeed":"120","oneway":"yes","ref":"A4","toll":"yes","carriage_ref":"A"},"geometry":{"type":"LineString","coordinates":[[8.6277263,47.0281283],[8.6262228,47.0289721],[8.6258021,47.0292291],[8.6255113,47.029424],[8.6249336,47.0298809]]}},{"type":"Feature","properties":{"bicycle":"no","change:lanes:backward":"no","change:lanes:forward":"no","foot":"no","highway":"trunk","int_ref":"E 41;E 54","lanes":"2","lit":"yes","maxspeed":"80","motorroad":"yes","oneway":"no","overtaking":"no","ref":"A4;E41;E54","source:maxspeed":"sign","surface":"asphalt","toll":"yes","carriage_ref":"B"},"geometry":{"type":"LineString","coordinates":[[8.6412582,47.7106886],[8.64111642249,47.71056779543],[8.64089689365,47.71037643311],[8.64078249365,47.71027523312]]}},{"type":"Feature","properties":{"destination:lanes":"Urdorf-Süd|Urdorf-Süd;Urdorf-Nord;Schlieren;Dietikon","highway":"motorway","int_ref":"E 41","lanes":"2","lit":"no","maxspeed":"100","maxspeed:variable":"obstruction","oneway":"yes","ref":"A3;A4","shoulder:right":"yes","source:maxspeed":"signals","surface":"asphalt","toll":"yes","carriage_ref":"B"},"geometry":{"type":"LineString","coordinates":[[8.421327,47.4032184],[8.4212126,47.4025866]]}},{"type":"Feature","properties":{"highway":"motorway","int_ref":"E 41","lanes":"2","lit":"no","maxspeed":"120","oneway":"yes","ref":"A4","shoulder:right":"yes","source:maxspeed":"CH:motorway","surface":"asphalt","toll":"yes","carriage_ref":"B"},"geometry":{"type":"LineString","coordinates":[[8.4267111,47.2935061],[8.4262323,47.2927455],[8.4257294,47.2919799],[8.4250466,47.2909265],[8.4246768,47.2903037],[8.4243187,47.289649],[8.4240929,47.2891344],[8.4240023,47.2888574]]}},{"type":"Feature","properties":{"destination":"Zürich","highway":"motorway","int_ref":"E 41;E 60","lanes":"2","lit":"yes","maxspeed":"100","oneway":"yes","ref":"A1;A4","source:maxspeed":"sign","surface":"asphalt","toll":"yes","carriage_ref":"B"},"geometry":{"type":"LineString","coordinates":[[8.6297715,47.4178495],[8.6294777,47.4176237],[8.6292642,47.4174564]]}},{"type":"Feature","properties":{"highway":"trunk","int_ref":"E 41","lanes":"1","maxspeed":"80","motorroad":"yes","oneway":"yes","ref":"A4","source:maxspeed":"sign","toll":"yes","carriage_ref":"A"},"geometry":{"type":"LineString","coordinates":[[8.6231372,47.6698232],[8.6230499,47.6699745],[8.6229654,47.6701201],[8.6228931,47.670266],[8.6228268,47.6704134],[8.6227691,47.6705644],[8.6227198,47.670719],[8.6226746,47.6708758]]}},{"type":"Feature","properties":{"bridge":"yes","highway":"motorway","int_ref":"E 41;E 60","lanes":"2","layer":"1","maxspeed":"100","oneway":"yes","overtaking:hgv":"no","ref":"A1;A4","source:maxspeed":"sign","surface":"asphalt","toll":"yes","carriage_ref":"A"},"geometry":{"type":"LineString","coordinates":[[8.6882763,47.5035667],[8.6881104,47.503748],[8.6880107,47.5038689],[8.6878029,47.5041359],[8.6876892,47.5042824],[8.6875966,47.5044232],[8.6874947,47.5045856],[8.6874103,47.5047267],[8.687335,47.504857]]}},{"type":"Feature","properties":{"highway":"motorway","int_ref":"E 41;E 60","lanes":"3","maxspeed":"120","oneway":"yes","ref":"A1;A4","shoulder:right":"yes","source:maxspeed":"CH:motorway","surface":"asphalt","toll":"yes","carriage_ref":"B"},"geometry":{"type":"LineString","coordinates":[[8.7047474,47.4747258],[8.7047552,47.4743882],[8.7047694,47.4740502],[8.7047892,47.4737144],[8.7048209,47.4733274],[8.7048436,47.473134],[8.7048679,47.4729427],[8.7048929,47.4727488],[8.7049247,47.4725565],[8.7049634,47.4723644],[8.7050031,47.4721757],[8.7050455,47.4719966],[8.7050937,47.4718168],[8.7051434,47.4716386],[8.7051951,47.4714621],[8.7052437,47.4713111],[8.7052979,47.4711622],[8.7053554,47.4710125],[8.7054191,47.4708626],[8.7054866,47.4707054],[8.7055618,47.4705483],[8.7056449,47.4703818],[8.7057329,47.4702175],[8.7058244,47.4700508],[8.7059237,47.4698856],[8.706268,47.4693181],[8.706444,47.4690323],[8.7066104,47.4687451],[8.7067319,47.4685179],[8.7068462,47.4682947],[8.7069119,47.468155],[8.7069754,47.4680113],[8.7070431,47.4678504],[8.7071087,47.4676861],[8.7071684,47.467518],[8.7072236,47.46735],[8.7072811,47.4671573],[8.7073362,47.4669618],[8.7073814,47.4667699],[8.7074261,47.4665793],[8.7075773,47.4657552],[8.7076371,47.465417],[8.7076715,47.46525],[8.707711,47.4650822],[8.7077779,47.4648361],[8.7078537,47.4645851],[8.7079232,47.4643826],[8.7080369,47.464092],[8.7081562,47.4638085],[8.7082481,47.4636021],[8.7083902,47.463278],[8.7085267,47.46295],[8.7085966,47.4627729],[8.7086586,47.4625954],[8.7087189,47.462416],[8.7087724,47.4622357],[8.7088255,47.4620441],[8.7088634,47.4618498],[8.7088999,47.4616832],[8.7089292,47.4615137],[8.7089728,47.4611885],[8.7089893,47.4610267],[8.7089984,47.4608629],[8.7090033,47.4607014],[8.709005,47.4605374],[8.7089924,47.4602072],[8.7089628,47.4598791],[8.7089153,47.4595504],[8.7088833,47.4593696],[8.7088408,47.4591849],[8.708797,47.4590003],[8.7087466,47.4588204],[8.7086602,47.4585367],[8.7085695,47.4582709],[8.7085219,47.4581407],[8.7084696,47.4580124],[8.708419,47.4578926],[8.7083649,47.4577727],[8.7082943,47.4576284],[8.7082187,47.4574878],[8.7080441,47.4571908]]}},{"type":"Feature","properties":{"destination":"Effretikon","highway":"motorway","int_ref":"E 41;E 60","lanes":"2","lit":"yes","maxspeed":"100","oneway":"yes","overtaking:hgv":"no","ref":"A1;A4","shoulder:right":"yes","source:maxspeed":"sign","surface":"asphalt","toll":"yes","carriage_ref":"B"},"geometry":{"type":"LineString","coordinates":[[8.7020053,47.4896907],[8.7019828,47.4892079],[8.7019755,47.488959],[8.7019734,47.4887101],[8.7019761,47.4885609],[8.7019823,47.4884116],[8.7019931,47.4882628],[8.7020086,47.4881137],[8.7020728,47.4877398],[8.7021014,47.4875813],[8.7021337,47.4874184],[8.7022034,47.4871037],[8.7037264,47.4820979]]}},{"type":"Feature","properties":{"highway":"motorway","int_ref":"E 41","lanes":"3","maxspeed":"120","oneway":"yes","ref":"A4","source:maxspeed":"CH:motorway","toll":"yes","carriage_ref":"A"},"geometry":{"type":"LineString","coordinates":[[8.4324324,47.1749719],[8.4325433,47.1754894],[8.4326926,47.1759645],[8.4330697,47.1770212],[8.4333104,47.1775496],[8.4335729,47.1780801],[8.4341147,47.1791025],[8.4343457,47.1794712],[8.4345932,47.1798172],[8.4348607,47.1802114],[8.4351619,47.1806018],[8.4355152,47.1810427],[8.4358743,47.1814477],[8.4366738,47.1823175]]}},{"type":"Feature","properties":{"avz":"114","cs_dir:forward":"2","destination:int_ref:lanes":"E 41;E 60|E 41;E 60|","destination:lanes":"Flughafen;Zürich|Flughafen;Zürich|Rapperswil;Uster;Brüttisellen;Dietlikon","destination:ref:lanes":"A1;A4|A1;A4|A53","highway":"motorway","int_ref":"E 41;E 60","lanes":"3","maxspeed":"120","oneway":"yes","ref":"A1;A4","shoulder:right":"yes","source:maxspeed":"CH:motorway","ssvz":"751N","surface":"asphalt","toll":"yes","carriage_ref":"B"},"geometry":{"type":"LineString","coordinates":[[8.6410967,47.423082],[8.6408078,47.4230149],[8.6405328,47.42295],[8.6400596,47.422829],[8.6395891,47.4227064],[8.639344,47.4226332],[8.6391009,47.4225716],[8.6388496,47.4224964],[8.6386096,47.4224228],[8.6383037,47.4223298],[8.6380033,47.4222279],[8.6374433,47.42203]]}},{"type":"Feature","properties":{"destination":"Bern;Chur;Luzern;Flughafen;Nordring-Zürich","destination:symbol":"airport","highway":"motorway","int_ref":"E 41;E 60","lanes":"2","lit":"yes","maxspeed":"100","oneway":"yes","ref":"A1;A4","source:maxspeed":"sign","surface":"asphalt","toll":"yes","carriage_ref":"B"},"geometry":{"type":"LineString","coordinates":[[8.6027137,47.4075884],[8.6011273,47.4075296],[8.5992608,47.4074898],[8.5984116,47.4074902],[8.5978165,47.4074973],[8.5968276,47.4075291]]}},{"type":"Feature","properties":{"change:lanes:backward":"no","change:lanes:forward":"no","highway":"trunk","int_ref":"E 41","lanes":"2","maxheight":"default","maxspeed":"100","motorroad":"yes","oneway":"no","overtaking":"no","ref":"A4","shoulder:left":"yes","shoulder:right":"yes","source:maxspeed":"sign","surface":"asphalt","toll":"yes","carriage_ref":"B"},"geometry":{"type":"LineString","coordinates":[[8.69007254512,47.59262474802],[8.69015484512,47.59243154798],[8.69023314512,47.59223824793],[8.69030894512,47.59204364789],[8.69038204512,47.59185044784],[8.69044024512,47.5916779478],[8.69049334512,47.59150884776],[8.69052504512,47.59137194773],[8.69055284512,47.59123484769],[8.69057174512,47.59110474766],[8.69058654512,47.59097364763],[8.69059904512,47.5908423476],[8.69060374512,47.59071154757],[8.69060284512,47.59059434754],[8.69059764512,47.59047844751],[8.69058834512,47.59036144749],[8.69057494512,47.59024614746],[8.69055704512,47.59013004743],[8.69053394512,47.5900123474],[8.69050884512,47.58989564737],[8.69047954512,47.58978024735],[8.69043864512,47.58964724732],[8.69039244512,47.58951584728],[8.69034144512,47.58938424725],[8.69028544512,47.58925584722],[8.69022174512,47.58912684719],[8.69015434512,47.58899974716],[8.69008064512,47.58887304713],[8.69000214512,47.5887491471],[8.68990124512,47.58860224707],[8.68979234512,47.58845764703],[8.68967164512,47.588313547],[8.68954404512,47.58817264696],[8.68945914512,47.58808344694],[8.68937034512,47.58799464692],[8.68918504512,47.58782114688],[8.68895164512,47.58762734683],[8.68870594512,47.58744104679],[8.68844134512,47.58726334675],[8.68816514512,47.58708754671],[8.68774174512,47.58683344665],[8.68731194512,47.58658124659],[8.68690704512,47.58634554653],[8.68650694512,47.58610804647],[8.68619904512,47.58591704643],[8.68589894512,47.58572204638],[8.68575144512,47.58562084636],[8.68560744512,47.58551864633],[8.68546554512,47.58541594631],[8.68533054512,47.58531064628],[8.68521024512,47.58520804626],[8.68509134512,47.58510414623],[8.68497664512,47.58499994621],[8.68486344512,47.58489494618],[8.68471114512,47.58474754615],[8.68456784512,47.58459974611],[8.68432844512,47.58433664605]]}},{"type":"Feature","properties":{"highway":"motorway","int_ref":"E 41","lanes":"2","layer":"-1","maxspeed":"100","oneway":"yes","ref":"A4","toll":"yes","tunnel":"yes","tunnel:name":"Engibergtunnel","carriage_ref":"A"},"geometry":{"type":"LineString","coordinates":[[8.5266823,47.05215],[8.5253609,47.0527275],[8.5249544,47.0529006],[8.5245459,47.0530591],[8.5241217,47.0532109],[8.5237069,47.0533466]]}},{"type":"Feature","properties":{"highway":"motorway","int_ref":"E 41;E 60","lanes":"3","maxspeed":"120","oneway":"yes","ref":"A1;A4","source:maxspeed":"CH:motorway","surface":"asphalt","toll":"yes","carriage_ref":"B"},"geometry":{"type":"LineString","coordinates":[[8.6646422,47.4221727],[8.6642883,47.4221669],[8.6639735,47.4221714],[8.6635536,47.4221827],[8.6631317,47.4222022],[8.662596,47.4222372],[8.6620658,47.4222815],[8.6615524,47.4223285],[8.661065,47.4223789],[8.6605113,47.4224447],[8.6599713,47.4225181],[8.6593424,47.422606],[8.6587286,47.4226985],[8.657477,47.4228977],[8.6560129,47.4231388],[8.6551749,47.4232761],[8.6544799,47.4233783],[8.6539824,47.4234513],[8.653492,47.423517],[8.6529781,47.4235808],[8.6527401,47.4236087],[8.6525021,47.4236352],[8.6522396,47.4236642],[8.6519842,47.4236893],[8.6514644,47.4237376],[8.6512203,47.4237578],[8.6509738,47.4237765],[8.6504563,47.4238093],[8.6499671,47.4238334],[8.6497115,47.4238444],[8.6494531,47.4238532],[8.6490135,47.4238612],[8.648592,47.4238665],[8.6482549,47.4238655],[8.6479171,47.4238602],[8.6476673,47.4238543],[8.6474213,47.4238473],[8.6471701,47.42384],[8.6469172,47.4238297],[8.6464031,47.4237999],[8.646118,47.4237813],[8.645831,47.4237616],[8.6452883,47.4237226]]}},{"type":"Feature","properties":{"highway":"motorway","int_ref":"E 41","lanes":"2","layer":"-5","maxspeed":"100","name":"Schönegg","oneway":"yes","ref":"A4","source:maxspeed":"sign","toll":"yes","tunnel":"yes","tunnel:name":"Schöneggtunnel","carriage_ref":"B"},"geometry":{"type":"LineString","coordinates":[[8.5396798,47.0492557],[8.5400527,47.0490728],[8.5404124,47.0488726],[8.5407316,47.0486738],[8.5410346,47.0484596],[8.5413342,47.0482157],[8.541621,47.0479517]]}},{"type":"Feature","properties":{"change:lanes":"not_left|not_left|yes|not_right","destination:int_ref:lanes":"|E 41;E 60|E 41;E 60|","destination:lanes":"|Bern;Chur;Luzern;Nordring-Zürich|Bern;Chur;Luzern;Nordring-Zürich|Bülach;Flughafen","destination:ref:lanes":"|A1;A4|A1;A4|A51","destination:symbol:lanes":"|||airport","highway":"motorway","int_ref":"E 41;E 60","lanes":"4","lit":"yes","maxspeed":"signals","oneway":"yes","ref":"A1;A4","shoulder:right":"yes","source:maxspeed":"signals","surface":"asphalt","toll":"yes","turn:lanes":"merge_to_right|none|none|slight_right","carriage_ref":"B"},"geometry":{"type":"LineString","coordinates":[[8.5744806,47.4181919],[8.5744784,47.4185759],[8.5744854,47.4189754],[8.5744904,47.419377],[8.5745141,47.4199317],[8.5745494,47.4204595]]}},{"type":"Feature","properties":{"change:lanes":"no|yes","destination":"Stuttgart;Singen;Thayngen;Schaffhausen-Herblingen","highway":"trunk","int_ref":"E 41;E 54","lanes":"2","maxspeed":"80","motorroad":"yes","oneway":"yes","ref":"A4","source:maxspeed":"sign","toll":"yes","turn:lanes:forward":"|merge_to_left","carriage_ref":"A"},"geometry":{"type":"LineString","coordinates":[[8.6521743,47.7152182],[8.6525203,47.7154159],[8.6526898,47.7155155],[8.6528565,47.7156165],[8.6530207,47.7157174],[8.6531817,47.7158183],[8.6533421,47.7159223],[8.6535002,47.7160268]]}},{"type":"Feature","properties":{"highway":"motorway","int_ref":"E 41;E 60","lanes":"2","lit":"yes","maxspeed":"100","oneway":"yes","ref":"A1;A4","source:maxspeed":"sign","surface":"asphalt","toll":"yes","carriage_ref":"B"},"geometry":{"type":"LineString","coordinates":[[8.5968276,47.4075291],[8.5965704,47.4075389],[8.5957723,47.4075788],[8.5949877,47.4076311],[8.5942069,47.4076911]]}},{"type":"Feature","properties":{"bridge":"yes","highway":"motorway","int_ref":"E 41;E 60","lanes":"3","layer":"1","maxspeed":"120","oneway":"yes","ref":"A1;A4","source:maxspeed":"CH:motorway","surface":"asphalt","toll":"yes","carriage_ref":"A"},"geometry":{"type":"LineString","coordinates":[[8.6979623,47.4477256],[8.6982083,47.4480173],[8.6984852,47.448354]]}},{"type":"Feature","properties":{"destination":"Gotthard;Luzern","highway":"motorway","int_ref":"E 41","lanes":"3","maxspeed":"100","oneway":"yes","ref":"A4","shoulder:right":"yes","source:maxspeed":"signals","surface":"asphalt","toll":"yes","carriage_ref":"B"},"geometry":{"type":"LineString","coordinates":[[8.4497441,47.1923556],[8.4476866,47.190852]]}},{"type":"Feature","properties":{"highway":"trunk","int_ref":"E 41","lanes":"2","maxheight":"default","maxspeed":"100","motorroad":"yes","oneway":"yes","ref":"A4","shoulder":"none","source:maxspeed":"sign","surface":"asphalt","toll":"yes","carriage_ref":"B"},"geometry":{"type":"LineString","coordinates":[[8.6861718,47.6121872],[8.6863601,47.6114219],[8.6864412,47.6108593],[8.6864891,47.6103602],[8.686515,47.610053],[8.6865376,47.6096682],[8.6865477,47.609509],[8.6865612,47.609351],[8.6865799,47.6091445],[8.6866027,47.6089358],[8.6866553,47.6085446],[8.6866753,47.6084207],[8.6866985,47.6082964],[8.686726,47.6081743],[8.6867548,47.6080546],[8.6867891,47.6079222],[8.6868275,47.6077886],[8.6868692,47.6076572],[8.6869129,47.6075242],[8.6870017,47.6072915],[8.6870969,47.6070576],[8.6872008,47.6068289],[8.6873145,47.6066011],[8.6874387,47.6063768],[8.6875718,47.6061555],[8.6876704,47.6060017],[8.6877741,47.6058477],[8.6879146,47.6056497],[8.6880642,47.6054512]]}},{"type":"Feature","properties":{"highway":"motorway","int_ref":"E 41","lanes":"3","maxspeed":"120","oneway":"yes","ref":"A4","source:maxspeed":"CH:motorway","surface":"asphalt","toll":"yes","carriage_ref":"A"},"geometry":{"type":"LineString","coordinates":[[8.4328477,47.1638958],[8.4323294,47.1688045],[8.4321503,47.1709612],[8.4321195,47.1714927],[8.4321245,47.1719962]]}},{"type":"Feature","properties":{"embankment":"yes","highway":"motorway","int_ref":"E 41;E 60","lanes":"2","lit":"yes","maxspeed":"100","oneway":"yes","ref":"A1;A4","source:maxspeed":"sign","surface":"asphalt","toll":"yes","carriage_ref":"A"},"geometry":{"type":"LineString","coordinates":[[8.6262636,47.4150484],[8.6266647,47.4153544],[8.6270303,47.4156266],[8.6277713,47.4161597],[8.6281648,47.4164529],[8.6285921,47.4167623]]}},{"type":"Feature","properties":{"bridge":"yes","highway":"motorway","int_ref":"E 41","lanes":"2","layer":"1","maxspeed":"120","oneway":"yes","ref":"A4","toll":"yes","carriage_ref":"A"},"geometry":{"type":"LineString","coordinates":[[8.6284686,47.02219],[8.6289965,47.0230358],[8.62919,47.023376],[8.6293677,47.0237176],[8.6295104,47.0240497],[8.6296455,47.0244598],[8.6297154,47.0247676],[8.6297495,47.0251396],[8.6297412,47.0254942],[8.629694,47.0257967],[8.6296191,47.0260514],[8.629592,47.0261333],[8.6294897,47.026383],[8.6293027,47.0267306],[8.6290378,47.0270839],[8.6287546,47.0273724],[8.6283558,47.0277075]]}},{"type":"Feature","properties":{"highway":"motorway","int_ref":"E 41","lanes":"2","lit":"yes","maxspeed":"100","oneway":"yes","ref":"A3;A4","source:maxspeed":"sign","toll":"yes","carriage_ref":"A"},"geometry":{"type":"LineString","coordinates":[[8.4241116,47.366427],[8.4236419,47.3672414],[8.423383,47.367601],[8.4227313,47.3683483]]}},{"type":"Feature","properties":{"change:lanes":"no|no","hazard":"deer","highway":"trunk","int_ref":"E 41;E 54","lanes":"2","maxspeed":"60","motorroad":"yes","oneway":"no","overtaking":"no","ref":"A4","source:maxspeed":"sign. Survey 12.2018","surface":"asphalt","toll":"no","carriage_ref":"A"},"geometry":{"type":"LineString","coordinates":[[8.6996932,47.7439523],[8.6999668,47.7438466],[8.7003493,47.7437008],[8.7007217,47.7435635],[8.7009801,47.7434707],[8.7012398,47.7433805],[8.7015058,47.7432908],[8.701774,47.7432029],[8.702224,47.7430628]]}},{"type":"Feature","properties":{"highway":"motorway","int_ref":"E 41;E 60","lanes":"3","layer":"-1","lit":"yes","maxspeed":"120","oneway":"yes","ref":"A1;A4","source:maxspeed":"CH:motorway","surface":"asphalt","toll":"yes","tunnel":"yes","carriage_ref":"B"},"geometry":{"type":"LineString","coordinates":[[8.6664843,47.4222635],[8.6659552,47.4222206],[8.6654505,47.422194],[8.6646422,47.4221727]]}},{"type":"Feature","properties":{"highway":"motorway","int_ref":"E 41","lanes":"2","lit":"yes","maxspeed":"120","oneway":"yes","ref":"A4","shoulder:right":"yes","source:maxspeed":"CH:motorway","surface":"asphalt","toll":"yes","carriage_ref":"A"},"geometry":{"type":"LineString","coordinates":[[8.4405577,47.2647278],[8.4400908,47.2662345]]}},{"type":"Feature","properties":{"highway":"trunk","int_ref":"E 41","lanes":"2","maxspeed":"100","motorroad":"yes","oneway":"yes","ref":"A4","shoulder":"none","source:maxspeed":"sign","surface":"asphalt","toll":"yes","carriage_ref":"B"},"geometry":{"type":"LineString","coordinates":[[8.6271416,47.6758871],[8.6268932,47.6758048],[8.6266404,47.6757175],[8.6263699,47.6756203],[8.6261687,47.6755427],[8.6259752,47.675463],[8.6258079,47.6753947],[8.625645,47.6753258],[8.6254845,47.6752542]]}},{"type":"Feature","properties":{"change:lanes":"not_left|not_right|yes","highway":"trunk","int_ref":"E 41","lanes":"3","maxspeed":"100","motorroad":"yes","oneway":"yes","placement":"right_of:1","ref":"A4","shoulder:right":"yes","source:maxspeed":"sign","surface":"asphalt","toll":"yes","turn:lanes":"||merge_to_left","carriage_ref":"B"},"geometry":{"type":"LineString","coordinates":[[8.6906889,47.6024415],[8.6908092,47.6022835],[8.6909221,47.6021253],[8.691026,47.6019621],[8.6911189,47.601795],[8.6911856,47.6016623],[8.6912562,47.6015029],[8.6913194,47.6013415],[8.6913738,47.6011815],[8.6914183,47.6010211],[8.6914548,47.6008623],[8.6914822,47.6007024]]}},{"type":"Feature","properties":{"change:lanes":"no|no","highway":"motorway","int_ref":"E 41","lanes":"2","lit":"yes","maxspeed":"80","oneway":"yes","ref":"A4","shoulder:right":"yes","source:maxspeed":"sign","surface":"asphalt","toll":"yes","carriage_ref":"B"},"geometry":{"type":"LineString","coordinates":[[8.4273629,47.4110923],[8.4272134,47.4109765]]}},{"type":"Feature","properties":{"destination:int_ref:lanes":"E 41;E 60|E 41;E 60|","destination:lanes":"Bern;Basel;Chur;Luzern;Zürich-Affoltern|Bern;Basel;Chur;Luzern;Zürich-Affoltern|Zürich-Seebach;Glattbrugg;Rümlang","destination:ref:lanes":"A1;A4|A1;A4|","highway":"motorway","int_ref":"E 41;E 60","lanes":"3","lit":"no","maxspeed":"100","oneway":"yes","ref":"A1;A4","surface":"asphalt","toll":"yes","turn:lanes":"none|none|slight_right","carriage_ref":"B"},"geometry":{"type":"LineString","coordinates":[[8.5562082,47.4274711],[8.5557663,47.4276834],[8.5554484,47.4278376],[8.5551276,47.4279974],[8.5548377,47.4281505],[8.5545472,47.4283074]]}},{"type":"Feature","properties":{"bridge":"yes","hazmat:water":"permissive","highway":"motorway","int_ref":"E 41;E 60","lanes":"2","layer":"1","maxspeed":"100","oneway":"yes","overtaking:hgv":"no","ref":"A1;A4","shoulder:right":"yes","source:maxspeed":"sign","surface":"asphalt","toll":"yes","carriage_ref":"B"},"geometry":{"type":"LineString","coordinates":[[8.6865869,47.5065063],[8.686641,47.5062464]]}},{"type":"Feature","properties":{"change:lanes":"not_left|not_right|yes","highway":"trunk","int_ref":"E 41","lanes":"3","maxheight":"default","maxspeed":"100","motorroad":"yes","oneway":"yes","placement":"right_of:1","ref":"A4","shoulder":"none","source:maxspeed":"sign","surface":"asphalt","toll":"yes","turn:lanes":"||merge_to_left","carriage_ref":"A"},"geometry":{"type":"LineString","coordinates":[[8.6881873,47.6055018],[8.6878933,47.6058906],[8.6877904,47.6060408],[8.6876937,47.6061921],[8.6875611,47.606411],[8.6874385,47.6066338],[8.6873433,47.6068286]]}},{"type":"Feature","properties":{"highway":"motorway","int_ref":"E 41","lanes":"3","maxspeed":"100","oneway":"yes","placement":"right_of:1","ref":"A4","source:maxspeed":"sign","toll":"yes","turn:lanes":"||slight_right","carriage_ref":"B"},"geometry":{"type":"LineString","coordinates":[[8.5467722,47.0431449],[8.5469549,47.0430811],[8.5471455,47.0430238],[8.547401,47.042943]]}},{"type":"Feature","properties":{"bridge":"yes","highway":"trunk","int_ref":"E 41","lanes":"2","layer":"1","maxspeed":"100","motorroad":"yes","oneway":"no","ref":"A4","shoulder:left":"yes","shoulder:right":"yes","source:maxspeed":"sign","surface":"asphalt","toll":"yes","carriage_ref":"B"},"geometry":{"type":"LineString","coordinates":[[8.69299127085,47.53338293021],[8.69304317085,47.53319193004]]}},{"type":"Feature","properties":{"bridge":"yes","highway":"trunk","int_ref":"E 41;E 54","lanes":"1","layer":"1","maxspeed":"80","motorroad":"yes","oneway":"yes","ref":"A4","source:maxspeed":"sign","toll":"no","carriage_ref":"A"},"geometry":{"type":"LineString","coordinates":[[8.6623778,47.7187227],[8.6628216,47.7186913]]}},{"type":"Feature","properties":{"avz":"191","cs_dir:forward":"1","highway":"motorway","int_ref":"E 41","lanes":"2","maxspeed":"120","oneway":"yes","ref":"A4","source:maxspeed":"CH:motorway","ssvz":"806N","toll":"yes","carriage_ref":"B"},"geometry":{"type":"LineString","coordinates":[[8.5569575,47.0447335],[8.5577092,47.0449104],[8.5584546,47.0450956],[8.5590566,47.0452696],[8.5596455,47.0454667],[8.5601375,47.045651],[8.5606133,47.0458538]]}},{"type":"Feature","properties":{"bridge":"yes","highway":"motorway","int_ref":"E 41","lanes":"2","layer":"1","maxspeed":"100","oneway":"yes","ref":"A4","source:maxspeed":"sign","toll":"yes","carriage_ref":"B"},"geometry":{"type":"LineString","coordinates":[[8.5384314,47.0496742],[8.5386216,47.0496272],[8.5388659,47.0495546],[8.5391499,47.0494588],[8.5394123,47.0493629],[8.5396798,47.0492557]]}},{"type":"Feature","properties":{"highway":"trunk","int_ref":"E 41","lanes":"2","maxspeed":"80","oneway":"no","ref":"A4","source:maxspeed":"sign","toll":"yes","carriage_ref":"B"},"geometry":{"type":"LineString","coordinates":[[8.6223323,46.9989038],[8.6220811,46.9984755],[8.6217779,46.9980723],[8.6215213,46.9978211],[8.6207936,46.9972241]]}},{"type":"Feature","properties":{"change:lanes":"not_left|not_right|no","highway":"motorway","int_ref":"E 41","lanes":"3","lit":"yes","maxspeed":"120","oneway":"yes","placement":"right_of:1","ref":"A4","shoulder:right":"yes","source:maxspeed":"CH:motorway","surface":"asphalt","toll":"yes","carriage_ref":"B"},"geometry":{"type":"LineString","coordinates":[[8.4390832,47.2689007],[8.4392193,47.2684526]]}},{"type":"Feature","properties":{"avz":"639","cs_dir:forward":"2","highway":"motorway","int_ref":"E 41;E 60","lanes":"2","maxspeed":"100","oneway":"yes","overtaking:hgv":"no","ref":"A1;A4","shoulder:right":"yes","source:maxspeed":"sign","surface":"asphalt","toll":"yes","carriage_ref":"B"},"geometry":{"type":"LineString","coordinates":[[8.6931478,47.4987905],[8.6937793,47.4979813],[8.6939373,47.4977823],[8.6940506,47.497638],[8.694167,47.497501],[8.6942344,47.4974252],[8.6944287,47.4972143]]}},{"type":"Feature","properties":{"highway":"trunk","int_ref":"E 41","lanes":"3","lanes:backward":"2","lanes:forward":"1","maxspeed:backward":"80","maxspeed:forward":"100","oneway":"no","ref":"A4","source:maxspeed":"sign","toll":"yes","turn:lanes:backward":"|merge_to_left","carriage_ref":"A"},"geometry":{"type":"LineString","coordinates":[[8.62261333797,46.9994944609],[8.62270493797,46.99992216085],[8.6227405,47.0005714]]}},{"type":"Feature","properties":{"bicycle":"no","change:lanes:backward":"not_left|yes","change:lanes:forward":"no","foot":"no","highway":"trunk","int_ref":"E 41","lanes":"3","lanes:backward":"2","lanes:forward":"1","layer":"-1","lit":"yes","maxheight":"default","maxspeed":"80","motorroad":"yes","oneway":"no","overtaking:hgv:backward":"no","ref":"A4;E41","source:maxspeed":"sign","toll":"yes","tunnel":"yes","tunnel:name":"Cholfirsttunnel","carriage_ref":"A"},"geometry":{"type":"LineString","coordinates":[[8.6337979,47.6821665],[8.633853,47.6828399],[8.6339117,47.6835752],[8.6339265,47.6841301],[8.6338803,47.6848038],[8.6338517,47.6850782],[8.6337956,47.6853326],[8.633732,47.685597],[8.6336516,47.6858396],[8.6335673,47.6860856],[8.6334626,47.6863249],[8.6333504,47.6865793],[8.6332225,47.6868085],[8.6328898,47.6872895],[8.6325893,47.6876544],[8.6322691,47.6879871],[8.6319086,47.6882972],[8.6315358,47.6885928],[8.6311491,47.6888766],[8.6305556,47.6892275],[8.629935,47.6895373],[8.6295567,47.6897072],[8.6291695,47.6898596],[8.6283891,47.6901588]]}},{"type":"Feature","properties":{"change:lanes":"not_left|not_right|no","highway":"motorway","int_ref":"E 41","lanes":"3","lit":"yes","maxspeed":"80","maxspeed:variable":"obstruction","oneway":"yes","overtaking:hgv":"no","placement":"right_of:1","ref":"A4","shoulder:right":"yes","source:maxspeed":"signals","surface":"asphalt","toll":"yes","carriage_ref":"B"},"geometry":{"type":"LineString","coordinates":[[8.4598242,47.3367716],[8.45982,47.3366079],[8.459786,47.3364312]]}},{"type":"Feature","properties":{"bicycle":"no","change:lanes:backward":"not_left|yes","change:lanes:forward":"no","foot":"no","highway":"trunk","int_ref":"E 41;E 54","lanes":"3","lanes:backward":"2","lanes:forward":"1","lit":"yes","maxheight":"default","maxspeed":"80","motorroad":"yes","oneway":"no","placement:backward":"left_of:1","ref":"A4;E41","source:maxspeed":"sign","toll":"yes","turn:lanes:backward":"none|merge_to_left","carriage_ref":"B"},"geometry":{"type":"LineString","coordinates":[[8.62541099365,47.69391303413],[8.62532789365,47.69369883414],[8.62528749365,47.69359733415],[8.62525659365,47.69349423416],[8.62522509365,47.69334233417],[8.62519789365,47.69313553418]]}},{"type":"Feature","properties":{"highway":"motorway","int_ref":"E 41","lanes":"2","maxspeed":"120","oneway":"yes","ref":"A4","shoulder:right":"yes","source:maxspeed":"CH:motorway","surface":"asphalt","toll":"yes","carriage_ref":"B"},"geometry":{"type":"LineString","coordinates":[[8.4645492,47.2249829],[8.4647296,47.2246497]]}},{"type":"Feature","properties":{"highway":"motorway","int_ref":"E 41","lanes":"2","lit":"yes","maxspeed":"100","maxspeed:variable":"obstruction","oneway":"yes","overtaking:hgv":"no","ref":"A3;A4","shoulder:right":"yes","source:maxspeed":"signals","surface":"asphalt","toll":"yes","carriage_ref":"B"},"geometry":{"type":"LineString","coordinates":[[8.4261918,47.3486736],[8.4264332,47.3484783]]}},{"type":"Feature","properties":{"change:lanes:backward":"no","change:lanes:forward":"no","destination:backward":"Sankt Gallen;Zürich;Winterthur","highway":"trunk","int_ref":"E 41","lanes":"2","maxheight":"default","maxspeed":"100","motorroad":"yes","oneway":"no","overtaking":"no","ref":"A4","shoulder:left":"yes","shoulder:right":"yes","source:maxspeed":"sign","surface":"asphalt","toll":"yes","carriage_ref":"A"},"geometry":{"type":"LineString","coordinates":[[8.68301368895,47.58043617211],[8.6830087,47.5805935],[8.6830172,47.5808403],[8.6830359,47.5811346],[8.6830476,47.5812838],[8.6830627,47.5814302],[8.6830867,47.5816262],[8.6831176,47.5818186],[8.6831682,47.5820636],[8.6832272,47.5822905]]}},{"type":"Feature","properties":{"highway":"trunk","int_ref":"E 41","lanes":"2","maxspeed":"80","motorroad":"yes","oneway":"yes","placement":"middle_of:1","ref":"A4","source:maxspeed":"sign","toll":"yes","turn:lanes":"|merge_to_left","carriage_ref":"A"},"geometry":{"type":"LineString","coordinates":[[8.6245938,47.6746724],[8.624786,47.6747935],[8.6250523,47.6749421]]}},{"type":"Feature","properties":{"highway":"motorway","int_ref":"E 41;E 60","lanes":"2","layer":"-1","length":"3250","lit":"24/7","maxspeed":"100","oneway":"yes","ref":"A1;A4","source:maxspeed":"sign","surface":"asphalt","toll":"yes","tunnel":"yes","tunnel:name":"Gubristtunnel","wikipedia":"de:Gubristtunnel","carriage_ref":"A"},"geometry":{"type":"LineString","coordinates":[[8.4422604,47.4157905],[8.4429253,47.416141],[8.443582,47.4165066],[8.4448666,47.4172466],[8.4455834,47.4176446],[8.4463334,47.4180273],[8.4471036,47.4183781],[8.447902,47.4186931],[8.4484219,47.4188788],[8.4489124,47.4190372],[8.4497954,47.4192912],[8.45068,47.4195054],[8.4514678,47.419659],[8.4521793,47.4197842],[8.452892,47.419883],[8.4541525,47.420034],[8.4663059,47.4212883],[8.472378,47.4219212],[8.4784478,47.4225658],[8.4791444,47.4226718],[8.4798171,47.4228071],[8.4804727,47.4229769],[8.4810932,47.4231714],[8.4817502,47.4234187],[8.4823827,47.4236798],[8.4830543,47.4239594]]}},{"type":"Feature","properties":{"bridge":"yes","destination:lanes":"Zürich;Schaffhausen-Nord;Rheinfall|Zürich;Schaffhausen-Nord;Rheinfall;Donaueschingen;Schaffhausen-Schweizersbild","destination:ref:lanes":"E 41;E 45;A4|A4","destination:symbol:lanes":"|hospital;stadium","highway":"trunk","int_ref":"E 41;E 54","lanes":"2","layer":"1","maxspeed":"80","motorroad":"yes","oneway":"yes","ref":"A4","source:maxspeed":"CH:rural","toll":"yes","carriage_ref":"B"},"geometry":{"type":"LineString","coordinates":[[8.6557319,47.7179023],[8.6555798,47.7177979],[8.6553634,47.7176457]]}},{"type":"Feature","properties":{"change:lanes":"not_left|not_right|not_right","highway":"motorway","int_ref":"E 41","lanes":"3","maxspeed":"120","oneway":"yes","placement":"right_of:1","ref":"A4","shoulder":"none","source:maxspeed":"CH:motorway","surface":"asphalt","toll":"yes","turn:lanes":"||merge_to_left","carriage_ref":"B"},"geometry":{"type":"LineString","coordinates":[[8.4641679,47.2256132],[8.4642993,47.2253892]]}},{"type":"Feature","properties":{"bridge":"yes","highway":"motorway","int_ref":"E 41","lanes":"2","layer":"1","oneway":"yes","ref":"A4","toll":"yes","carriage_ref":"B"},"geometry":{"type":"LineString","coordinates":[[8.6265138,47.0287018],[8.6274388,47.0281855],[8.6280717,47.0277899],[8.6283912,47.0275483],[8.628701,47.0272854],[8.6289623,47.0269978],[8.6291853,47.0266942],[8.6293611,47.0263675],[8.6294807,47.026117],[8.6295682,47.0257901],[8.6296194,47.0254899],[8.62963,47.0251246],[8.629596,47.0247855],[8.6295059,47.0244361],[8.6293824,47.0240572],[8.6292539,47.0237549],[8.6290688,47.0234058],[8.6288733,47.0230573],[8.6283427,47.0222286]]}},{"type":"Feature","properties":{"change:lanes:backward":"no","change:lanes:forward":"no","hazard":"deer","highway":"trunk","int_ref":"E 41;E 54","lanes":"2","maxspeed":"60","motorroad":"yes","oneway":"no","overtaking":"no","ref":"A4","source:maxspeed":"sign. Survey 12.2018","surface":"asphalt","toll":"no","carriage_ref":"A"},"geometry":{"type":"LineString","coordinates":[[8.6897414,47.7421625],[8.6897094,47.7422552],[8.6896822,47.7423498],[8.6896623,47.7424411],[8.6896433,47.7425475],[8.6896341,47.7426451]]}},{"type":"Feature","properties":{"highway":"trunk","int_ref":"E 41","lanes":"2","maxspeed":"100","motorroad":"yes","oneway":"yes","overtaking:hgv":"no","ref":"A4","shoulder":"none","source:maxspeed":"sign","surface":"asphalt","toll":"yes","carriage_ref":"B"},"geometry":{"type":"LineString","coordinates":[[8.6288405,47.6764496],[8.6286041,47.6763713],[8.6280979,47.6762068],[8.6278996,47.6761419],[8.6275773,47.6760347],[8.6273612,47.6759621],[8.6271416,47.6758871]]}},{"type":"Feature","properties":{"destination":"Chiasso;Gotthard;Schwyz;Rotkreuz","highway":"motorway","int_ref":"E 41","lanes":"2","maxspeed":"120","oneway":"yes","ref":"A4","surface":"asphalt","toll":"yes","carriage_ref":"B"},"geometry":{"type":"LineString","coordinates":[[8.43293,47.1600768],[8.4328908,47.1596978],[8.4328303,47.1590904],[8.4327459,47.1586958],[8.4325652,47.1581057]]}},{"type":"Feature","properties":{"bridge":"yes","highway":"motorway","int_ref":"E 41","lanes":"2","layer":"1","lit":"yes","maxspeed":"80","maxspeed:variable":"obstruction","oneway":"yes","ref":"A4","source:maxspeed":"sign","toll":"yes","carriage_ref":"A"},"geometry":{"type":"LineString","coordinates":[[8.4567965,47.3419357],[8.4564938,47.3420108],[8.4562877,47.3420514],[8.4561909,47.3420652]]}},{"type":"Feature","properties":{"highway":"motorway","int_ref":"E 41","lanes":"2","layer":"-1","lit":"no","maxspeed":"120","oneway":"yes","ref":"A4","shoulder:right":"yes","source:maxspeed":"CH:motorway","surface":"asphalt","toll":"yes","tunnel":"yes","carriage_ref":"B"},"geometry":{"type":"LineString","coordinates":[[8.426261,47.2816922],[8.4265722,47.2812548]]}},{"type":"Feature","properties":{"highway":"motorway","int_ref":"E 41","lanes":"2","maxspeed":"80","oneway":"yes","ref":"A4","surface":"asphalt","toll":"yes","carriage_ref":"A"},"geometry":{"type":"LineString","coordinates":[[8.4334048,47.1551835],[8.4333023,47.155512],[8.4332275,47.1558793],[8.4331978,47.1562179],[8.4331899,47.1565257],[8.4332196,47.1572217]]}},{"type":"Feature","properties":{"bridge":"yes","change:lanes":"not_left|not_left|not_right","highway":"motorway","int_ref":"E 41;E 60","lanes":"3","layer":"1","lit":"yes","maxspeed":"signals","oneway":"yes","placement":"right_of:2","ref":"A1;A4","shoulder:left":"yes","source:maxspeed":"signals","surface":"asphalt","toll":"yes","carriage_ref":"B"},"geometry":{"type":"LineString","coordinates":[[8.5744812,47.4164287],[8.5744568,47.4169216]]}},{"type":"Feature","properties":{"highway":"motorway","int_ref":"E 41","lanes":"2","maxspeed":"120","oneway":"yes","ref":"A4","toll":"yes","carriage_ref":"B"},"geometry":{"type":"LineString","coordinates":[[8.5065638,47.0682916],[8.5068967,47.0679927],[8.5072112,47.0676732],[8.507397,47.0674535],[8.5075658,47.0672308],[8.5076947,47.0670413],[8.5078187,47.0668404],[8.5079248,47.0666321],[8.5080194,47.0664301],[8.5081835,47.0660048],[8.5083489,47.0655804],[8.5085371,47.0651576],[8.5086753,47.0649067],[8.5088409,47.0646567],[8.5090173,47.0644181],[8.509115,47.0642956],[8.5092198,47.0641802],[8.5097268,47.0636859],[8.5102496,47.0631875],[8.5105164,47.062895],[8.5107761,47.06259],[8.5109738,47.0622879],[8.5111588,47.061973],[8.5113217,47.0616475],[8.5114738,47.0613165],[8.5116969,47.0608353],[8.511822,47.0605956],[8.5119557,47.0603549],[8.5122012,47.0599885],[8.5124925,47.0596229],[8.5128677,47.0592136],[8.5132622,47.0588093],[8.5152002,47.0568291]]}},{"type":"Feature","properties":{"highway":"trunk","int_ref":"E 41","lanes":"1","maxspeed":"100","motorroad":"yes","oneway":"yes","ref":"A4","source:maxspeed":"sign","toll":"yes","carriage_ref":"A"},"geometry":{"type":"LineString","coordinates":[[8.69166749325,47.56142846019],[8.6916128,47.5616591],[8.6915751,47.5617752],[8.691543,47.5618901],[8.6914984,47.5620085],[8.6914447,47.5621236]]}},{"type":"Feature","properties":{"bridge":"yes","highway":"motorway","int_ref":"E 41","lanes":"2","layer":"1","maxspeed":"100","oneway":"yes","ref":"A4","toll":"yes","carriage_ref":"B"},"geometry":{"type":"LineString","coordinates":[[8.531278,47.0509009],[8.5317961,47.0508273],[8.5323285,47.0507469],[8.5328646,47.0506459],[8.5333823,47.050537],[8.5339117,47.0504129],[8.5344083,47.0502899],[8.5349665,47.0501751],[8.535507,47.0500798],[8.5360228,47.0500199],[8.5365117,47.0499706],[8.5370057,47.0499222],[8.5375013,47.0498605],[8.5379777,47.0497772]]}},{"type":"Feature","properties":{"change:lanes":"not_right|not_left","destination:int_ref:lanes":"E 41;E 60|","destination:lanes":"Sankt Gallen;Flughafen;Nordring Zürich|Zürich-City","destination:ref:lanes":"A1;A4|","highway":"motorway","int_ref":"E 41","lanes":"2","lit":"yes","maxspeed":"80","oneway":"yes","ref":"A4","source:maxspeed":"sign","surface":"asphalt","toll":"yes","turn:lanes":"through|slight_right","carriage_ref":"A"},"geometry":{"type":"LineString","coordinates":[[8.4242153,47.4078719],[8.4250535,47.4086253],[8.4252679,47.4087999],[8.4257127,47.4091201],[8.4259089,47.4092566],[8.4260559,47.4093504],[8.4261903,47.4094391],[8.4263242,47.4095198],[8.4264667,47.4096061],[8.4266394,47.4097057],[8.4268189,47.4098012]]}},{"type":"Feature","properties":{"bridge":"viaduct","highway":"motorway","int_ref":"E 41","lanes":"2","layer":"1","maxspeed":"120","oneway":"yes","ref":"A4","toll":"yes","carriage_ref":"A"},"geometry":{"type":"LineString","coordinates":[[8.5027659,47.0702009],[8.5023992,47.0703324],[8.5020612,47.0704701],[8.501731,47.0706197],[8.5014112,47.0707756],[8.5007902,47.0711089],[8.5004742,47.0712795],[8.5001654,47.0714379],[8.499827,47.0715968]]}},{"type":"Feature","properties":{"highway":"trunk","int_ref":"E 41","lanes":"1","maxspeed":"100","motorroad":"yes","oneway":"yes","ref":"A4","shoulder:right":"yes","source:maxspeed":"sign","surface":"asphalt","toll":"yes","carriage_ref":"A"},"geometry":{"type":"LineString","coordinates":[[8.6909187,47.5980928],[8.6912083,47.5986463],[8.6913121,47.5988585],[8.6913957,47.5990304],[8.6914685,47.5992008]]}},{"type":"Feature","properties":{"highway":"trunk","int_ref":"E 41","lanes":"2","layer":"-1","maxspeed":"80","oneway":"no","ref":"A4","source:maxspeed":"sign","toll":"yes","tunnel":"yes","tunnel:name":"Mositunnel","wikidata":"Q1233662","wikipedia":"de:Mositunnel","carriage_ref":"A"},"geometry":{"type":"LineString","coordinates":[[8.61068863797,46.99089126181],[8.61068003797,46.99116686178],[8.61070313797,46.99142386175],[8.61073703797,46.99170326172],[8.61078943797,46.9919426617],[8.61096803797,46.99247346164],[8.61127773797,46.99301406159],[8.61156393797,46.99339276155],[8.61189203797,46.99374406151],[8.61215593797,46.99397696148],[8.61248483797,46.99423426146],[8.61275553797,46.99442036144],[8.61300323797,46.99457516142],[8.61341013797,46.9947867614],[8.61393993797,46.99502196137],[8.61446153797,46.99521306135],[8.61505213797,46.99538946133],[8.61569133797,46.99554366132],[8.61746613797,46.99592736128],[8.61790593797,46.99602246127],[8.61834313797,46.99612486126],[8.61876693797,46.99624746124],[8.61917713797,46.99638556123],[8.61966193797,46.99658026121],[8.62010223797,46.99678266119],[8.62053603797,46.99701376116],[8.62085053797,46.99722976114]]}},{"type":"Feature","properties":{"change:lanes:backward":"no","change:lanes:forward":"no","hazard":"deer","highway":"trunk","int_ref":"E 41;E 54","lanes":"2","maxspeed":"80","motorroad":"yes","oneway":"no","overtaking":"no","ref":"A4","source:maxspeed":"CH:rural","toll":"no","carriage_ref":"B"},"geometry":{"type":"LineString","coordinates":[[8.68860721044,47.73614810609],[8.68843371044,47.73609840611],[8.68825601044,47.73605280613],[8.68810261044,47.73601860615],[8.68794621044,47.73598570617],[8.68770971044,47.73594460619],[8.68754871044,47.7359229062],[8.68738611044,47.73590410621],[8.68724101044,47.73589140621],[8.68709561044,47.73588130622],[8.68693781044,47.73587410622],[8.68677921044,47.73587010622],[8.68658421044,47.73586980622],[8.68643651044,47.73587370622]]}},{"type":"Feature","properties":{"highway":"motorway","int_ref":"E 41","lanes":"2","layer":"1","lit":"yes","maxspeed":"100","maxspeed:variable":"obstruction","oneway":"yes","ref":"A4","source:maxspeed":"sign","toll":"yes","carriage_ref":"A"},"geometry":{"type":"LineString","coordinates":[[8.428395,47.2957038],[8.428601,47.2960959]]}},{"type":"Feature","properties":{"highway":"motorway","int_ref":"E 41","lanes":"2","maxspeed":"120","oneway":"yes","ref":"A4","toll":"yes","carriage_ref":"A"},"geometry":{"type":"LineString","coordinates":[[8.4845127,47.0796733],[8.4842485,47.0798841],[8.4840031,47.080085],[8.4834336,47.0805862],[8.4829994,47.080956],[8.4826042,47.0812665],[8.4822021,47.0815495],[8.4816624,47.0818921],[8.4811151,47.0822008],[8.4800738,47.0827195],[8.4796117,47.0829463],[8.479151,47.0831857],[8.4786195,47.0834847],[8.4781167,47.0837994],[8.4773703,47.0842921],[8.477004,47.0845279]]}},{"type":"Feature","properties":{"highway":"trunk","int_ref":"E 41","lanes":"2","maxspeed":"100","motorroad":"yes","oneway":"yes","ref":"A4","shoulder":"none","source:maxspeed":"sign","surface":"asphalt","toll":"yes","carriage_ref":"B"},"geometry":{"type":"LineString","coordinates":[[8.6395221,47.6545803],[8.6400974,47.6542262],[8.6404539,47.6540072],[8.6408052,47.653788],[8.6409843,47.6536748],[8.6411601,47.653562],[8.6415081,47.6533344],[8.6419357,47.6530539],[8.6423569,47.652771],[8.6426954,47.6525396],[8.6430301,47.652308],[8.6436911,47.6518418],[8.6438589,47.6517256],[8.6440207,47.6516079],[8.6443445,47.6513705],[8.6446659,47.6511317],[8.6449822,47.6508917],[8.6453698,47.6505934],[8.6457514,47.6502937],[8.6461314,47.6499916],[8.6465069,47.649687],[8.646822,47.6494269],[8.6471343,47.6491653],[8.6475746,47.6487882],[8.6480103,47.6484104],[8.6482269,47.6482183],[8.6484384,47.6480248],[8.6488748,47.6476195]]}},{"type":"Feature","properties":{"bridge":"yes","highway":"motorway","int_ref":"E 41","lanes":"3","layer":"1","maxspeed":"100","oneway":"yes","ref":"A4","source:maxspeed":"sign","surface":"asphalt","toll":"yes","carriage_ref":"A"},"geometry":{"type":"LineString","coordinates":[[8.4329202,47.1629895],[8.4328959,47.1632213]]}},{"type":"Feature","properties":{"avz":"194","change:lanes":"not_left|not_right|no|not_right","cs_dir:forward":"1","highway":"motorway","int_ref":"E 41","lanes":"4","lit":"yes","maxspeed":"100","maxspeed:variable":"obstruction","oneway":"yes","placement":"right_of:1","ref":"A3;A4","shoulder":"none","source:maxspeed":"signals","ssvz":"904N","surface":"asphalt","toll":"yes","turn:lanes":"|||merge_to_left","carriage_ref":"B"},"geometry":{"type":"LineString","coordinates":[[8.4146918,47.3911127],[8.4145511,47.3908188]]}},{"type":"Feature","properties":{"avz":"639","cs_dir:forward":"1","highway":"motorway","int_ref":"E 41;E 60","lanes":"2","maxspeed":"100","oneway":"yes","overtaking:hgv":"no","ref":"A1;A4","source:maxspeed":"sign","surface":"asphalt","toll":"yes","carriage_ref":"A"},"geometry":{"type":"LineString","coordinates":[[8.695321,47.4965663],[8.6951399,47.4967188],[8.694965,47.4968727],[8.6947558,47.4970696],[8.6946565,47.4971714],[8.6945603,47.4972736],[8.6943109,47.4975528],[8.6940739,47.4978377],[8.6939183,47.4980324]]}},{"type":"Feature","properties":{"bridge":"yes","highway":"motorway","int_ref":"E 41;E 60","lanes":"4","layer":"1","lit":"no","maxspeed":"100","oneway":"yes","ref":"A1;A4","source:maxspeed":"CH:motorway","surface":"asphalt","toll":"yes","carriage_ref":"A"},"geometry":{"type":"LineString","coordinates":[[8.4926531,47.4262342],[8.4933872,47.4263069]]}},{"type":"Feature","properties":{"destination":"Gotthard;Altdorf;Morschach","highway":"trunk","int_ref":"E 41","lanes":"2","maxspeed":"100","oneway":"yes","ref":"A4","toll":"yes","carriage_ref":"B"},"geometry":{"type":"LineString","coordinates":[[8.6204407,47.0061765],[8.6204499,47.0060476],[8.6204333,47.0058607],[8.620423,47.0056716],[8.6204287,47.0054832],[8.6204502,47.0052511],[8.6204812,47.0050611],[8.6205309,47.0048402],[8.6205828,47.0046733],[8.6206393,47.0045194],[8.6207405,47.0042678]]}},{"type":"Feature","properties":{"avz":"286","cs_dir:forward":"1","destination:int_ref:lanes":"E 41;E 60|E 41;E 60|","destination:lanes":"Sankt Gallen;Schaffhausen;Winterthur|Sankt Gallen;Schaffhausen;Winterthur|Rapperswil;Uster;Brüttisellen","destination:ref:lanes":"A1;A4|A1;A4|A53","highway":"motorway","int_ref":"E 41;E 60","lanes":"3","lit":"yes","maxspeed":"100","oneway":"yes","ref":"A1;A4","source:maxspeed":"sign","surface":"asphalt","toll":"yes","turn:lanes":"||slight_right","carriage_ref":"A"},"geometry":{"type":"LineString","coordinates":[[8.5926068,47.4074112],[8.5937983,47.4073134],[8.5944375,47.4072702],[8.5947489,47.4072577],[8.595066,47.407246],[8.59569,47.4072341],[8.5967831,47.4072254],[8.5973725,47.4072324],[8.5983131,47.4072629],[8.5990857,47.4072921],[8.5999392,47.4073245],[8.6013536,47.407389],[8.6019319,47.4074194],[8.6024298,47.4074495],[8.6029602,47.4074832],[8.6035685,47.4075304],[8.6041871,47.4075844],[8.6047906,47.4076417],[8.6054129,47.4077007],[8.6058171,47.4077496],[8.6062152,47.4077978],[8.6070144,47.4079083],[8.6073655,47.4079605],[8.6077207,47.4080163],[8.6084344,47.4081402],[8.6089177,47.4082268],[8.6094015,47.4083174],[8.6099727,47.408431],[8.6102938,47.4084986],[8.6109218,47.4086354],[8.6115433,47.4087793],[8.6122246,47.4089506],[8.6129081,47.4091266],[8.613352,47.4092461],[8.6138933,47.409399],[8.6144312,47.4095577],[8.6153107,47.4098275],[8.6162914,47.4101527],[8.6168734,47.4103606],[8.61745,47.4105756],[8.6180293,47.410794],[8.6186215,47.4110312],[8.6191357,47.4112413],[8.6196415,47.4114544],[8.6199343,47.4115825],[8.6202185,47.411712],[8.6207865,47.4119698],[8.6213535,47.4122389],[8.6217718,47.4124461],[8.6223286,47.4127295],[8.6228573,47.4130095],[8.6232848,47.4132407],[8.6237031,47.4134724],[8.6244236,47.4138908],[8.6247686,47.4140988],[8.6251081,47.4143081],[8.6253629,47.414467]]}},{"type":"Feature","properties":{"avz":"565","bridge":"yes","bridge:name":"Lunnerenbrücke","change:lanes":"not_left|yes|not_right|not_right","cs_dir:forward":"1","highway":"motorway","int_ref":"E 41","lanes":"4","layer":"1","lit":"yes","maxspeed":"100","maxspeed:variable":"obstruction","oneway":"yes","overtaking:hgv":"no","placement":"right_of:1","ref":"A3;A4","shoulder:right":"yes","source:maxspeed":"signals","surface":"asphalt","toll":"yes","turn:lanes":"||merge_to_left|merge_to_left","carriage_ref":"B"},"geometry":{"type":"LineString","coordinates":[[8.4268601,47.3480799],[8.4270673,47.3478796],[8.4272869,47.3476831]]}},{"type":"Feature","properties":{"destination":"Flurlingen","highway":"trunk","int_ref":"E 41","lanes":"1","maxspeed":"80","motorroad":"yes","oneway":"yes","ref":"A4","source:maxspeed":"sign","toll":"yes","carriage_ref":"A"},"geometry":{"type":"LineString","coordinates":[[8.6226013,47.6718175],[8.6226196,47.6719687],[8.6226455,47.672129],[8.6226803,47.6722807],[8.6227257,47.6724382],[8.6227771,47.6725949],[8.6228369,47.6727486],[8.6229052,47.6728988],[8.6229795,47.6730436],[8.6230632,47.673189],[8.6231556,47.6733322],[8.6232571,47.6734777],[8.6233692,47.6736094],[8.6234295,47.673676]]}},{"type":"Feature","properties":{"highway":"motorway","int_ref":"E 41","lanes":"1","maxspeed":"100","oneway":"yes","ref":"A4","source:maxspeed":"sign","surface":"asphalt","toll":"yes","carriage_ref":"A"},"geometry":{"type":"LineString","coordinates":[[8.7019262,47.5237096],[8.7018793,47.5239195],[8.701824,47.5241292],[8.7017959,47.5242167],[8.701762,47.5243116],[8.7017235,47.5244115],[8.701684,47.5245088],[8.7016404,47.5246052],[8.7015548,47.5247785],[8.7014613,47.5249517],[8.7014102,47.5250383],[8.7013561,47.5251247],[8.7012455,47.5252949],[8.7011328,47.5254553],[8.701054,47.5255954]]}},{"type":"Feature","properties":{"highway":"motorway","int_ref":"E 41","lanes":"2","maxspeed":"120","oneway":"yes","ref":"A4","shoulder:right":"yes","source:maxspeed":"CH:motorway","surface":"asphalt","toll":"yes","carriage_ref":"B"},"geometry":{"type":"LineString","coordinates":[[8.4404186,47.2645918],[8.4410918,47.2623819],[8.4412754,47.2618112],[8.4415616,47.2609706],[8.4417298,47.2605139],[8.4419337,47.2600541],[8.4422645,47.2593663],[8.4424862,47.2589648],[8.4427379,47.2585635],[8.4430737,47.2580618],[8.4433838,47.2576311],[8.4440702,47.2567844],[8.4458062,47.2548009],[8.4473904,47.2529953]]}},{"type":"Feature","properties":{"highway":"motorway","int_ref":"E 41;E 60","lanes":"3","maxspeed":"120","oneway":"yes","ref":"A1;A4","source:maxspeed":"CH:motorway","surface":"asphalt","toll":"yes","carriage_ref":"A"},"geometry":{"type":"LineString","coordinates":[[8.7081946,47.45715],[8.7083688,47.457456],[8.7084454,47.4576034],[8.7085158,47.4577472],[8.7085742,47.4578687],[8.7086289,47.4579897],[8.7086833,47.4581118],[8.7087355,47.4582375],[8.7088435,47.4585118],[8.7089406,47.4588033],[8.7089951,47.4589874],[8.7090375,47.4591659],[8.7090798,47.4593566],[8.7091141,47.4595442],[8.7091616,47.459874],[8.7091925,47.460203],[8.709204,47.4605341],[8.7092038,47.4606996],[8.7091985,47.4608656],[8.7091881,47.4610327],[8.7091712,47.461197],[8.709128,47.461528],[8.709098,47.4617016],[8.7090617,47.4618728],[8.709018,47.4620681],[8.708971,47.4622592],[8.7089166,47.462445],[8.7088531,47.4626303],[8.7087872,47.4628132],[8.7087163,47.4629898],[8.7085807,47.4633188],[8.7084368,47.463642],[8.7083499,47.4638411],[8.7082284,47.4641312],[8.7081172,47.4644148],[8.7080472,47.4646178],[8.7079732,47.4648587],[8.7079058,47.465098],[8.7078672,47.4652665],[8.707831,47.4654376],[8.7077709,47.4657723],[8.707623,47.4665988],[8.7075788,47.4667956],[8.7075317,47.4669882],[8.7074763,47.4671878],[8.7074158,47.4673873],[8.7073619,47.467551],[8.7072995,47.4677138],[8.7072356,47.4678834],[8.7071649,47.4680524],[8.7071028,47.4681916],[8.7070355,47.4683325],[8.7069173,47.4685673],[8.7067941,47.4687997],[8.7066267,47.469084],[8.7064486,47.4693723],[8.7061043,47.4699427],[8.7060109,47.4700996],[8.705918,47.4702619],[8.7058303,47.4704283],[8.7057484,47.4705927],[8.705672,47.470749],[8.7056018,47.4709048],[8.7055441,47.4710476],[8.705488,47.4711947],[8.7054351,47.4713427],[8.7053865,47.47149],[8.7053337,47.4716591],[8.7052858,47.471833],[8.7052416,47.4720041],[8.7051972,47.4721898],[8.7051548,47.472379],[8.7051211,47.4725697],[8.705087,47.4727627],[8.7050609,47.4729557],[8.7050371,47.4731439],[8.7050185,47.4733376],[8.7049833,47.4737273],[8.7049637,47.474061]]}},{"type":"Feature","properties":{"highway":"motorway","int_ref":"E 41","lanes":"2","maxspeed":"100","oneway":"yes","ref":"A4","toll":"yes","carriage_ref":"B"},"geometry":{"type":"LineString","coordinates":[[8.5379777,47.0497772],[8.5382062,47.0497316],[8.5384314,47.0496742]]}},{"type":"Feature","properties":{"avz":"194","change:lanes":"not_left|not_right|no|no","cs_dir:forward":"1","highway":"motorway","int_ref":"E 41","lanes":"4","lit":"yes","maxspeed":"100","maxspeed:variable":"obstruction","oneway":"yes","placement":"right_of:1","ref":"A3;A4","shoulder":"none","source:maxspeed":"signals","ssvz":"904N","surface":"asphalt","toll":"yes","carriage_ref":"B"},"geometry":{"type":"LineString","coordinates":[[8.4149245,47.391456],[8.4146918,47.3911127]]}},{"type":"Feature","properties":{"highway":"motorway","int_ref":"E 41;E 60","lanes":"3","layer":"-1","maxspeed":"120","oneway":"yes","ref":"A1;A4","source:maxspeed":"CH:motorway","surface":"asphalt","toll":"yes","tunnel":"yes","carriage_ref":"A"},"geometry":{"type":"LineString","coordinates":[[8.6654991,47.4220638],[8.6659891,47.4220895],[8.6664974,47.4221297],[8.6670379,47.4221834]]}},{"type":"Feature","properties":{"highway":"motorway","int_ref":"E 41;E 60","lanes":"2","maxspeed":"100","oneway":"yes","overtaking:hgv":"no","ref":"A1;A4","source:maxspeed":"sign","surface":"asphalt","toll":"yes","carriage_ref":"A"},"geometry":{"type":"LineString","coordinates":[[8.7021652,47.4897099],[8.7021613,47.4900379],[8.702156,47.4902],[8.7021397,47.4903615],[8.7021096,47.4905685],[8.7020672,47.4907754],[8.7020127,47.490983],[8.7019461,47.4911899],[8.7018503,47.4914277],[8.7017982,47.4915456],[8.7017383,47.4916649],[8.7016752,47.4917831],[8.7016091,47.4919041],[8.7015389,47.492021],[8.7014613,47.4921399],[8.7013839,47.4922563],[8.7012997,47.492375],[8.7012101,47.4924892],[8.7011164,47.4926054],[8.7010225,47.4927138],[8.700923,47.4928212],[8.7007114,47.493039],[8.7005907,47.4931529],[8.7004617,47.4932666],[8.7003278,47.4933788],[8.7001876,47.4934904],[8.7000213,47.4936185],[8.6998456,47.493748],[8.6996618,47.4938772],[8.6994697,47.4940061],[8.6992075,47.494175],[8.6989333,47.4943433],[8.6986603,47.4945065],[8.6983826,47.4946683],[8.6978358,47.4949736],[8.6972906,47.4952809],[8.6967527,47.4955942],[8.6964855,47.4957518],[8.6962285,47.4959141],[8.6959718,47.4960854],[8.6957236,47.4962599],[8.6955205,47.4964116],[8.695321,47.4965663]]}},{"type":"Feature","properties":{"highway":"trunk","int_ref":"E 41","lanes":"1","maxspeed":"100","motorroad":"yes","oneway":"yes","ref":"A4","toll":"yes","carriage_ref":"A"},"geometry":{"type":"LineString","coordinates":[[8.6247622,47.6675196],[8.6246829,47.667671],[8.6245982,47.6678174],[8.6245089,47.6679627],[8.6244137,47.6681088],[8.6243149,47.6682532],[8.6242074,47.6684053],[8.6239992,47.6686834],[8.6236662,47.6691169],[8.6234571,47.6693912],[8.6233409,47.6695415],[8.6232338,47.6696798],[8.6231372,47.6698232]]}},{"type":"Feature","properties":{"highway":"motorway","int_ref":"E 41","lanes":"2","maxspeed":"120","oneway":"yes","ref":"A4","toll":"yes","carriage_ref":"A"},"geometry":{"type":"LineString","coordinates":[[8.4530106,47.1183489],[8.4524642,47.1197976],[8.4520975,47.1207211],[8.4519035,47.1212968],[8.4517442,47.1219078],[8.4508209,47.126289],[8.4495037,47.1325189],[8.4492695,47.13352],[8.4490178,47.1345081],[8.4488404,47.1350892],[8.4487545,47.1353848],[8.4486589,47.1356672],[8.4483844,47.1364211],[8.4480959,47.1371463],[8.4476897,47.1380377],[8.4472515,47.1389186]]}},{"type":"Feature","properties":{"highway":"motorway","int_ref":"E 41","lanes":"4","maxspeed":"100","oneway":"yes","ref":"A4","source:maxspeed":"sign","toll":"yes","carriage_ref":"A"},"geometry":{"type":"LineString","coordinates":[[8.4478359,47.1907506],[8.4494436,47.1919032],[8.4508222,47.1929176]]}},{"type":"Feature","properties":{"destination":"Gotthard;Schwyz;Küssnacht","highway":"motorway","int_ref":"E 41","lanes":"3","maxspeed":"120","oneway":"yes","ref":"A4","surface":"asphalt","toll":"yes","turn:lanes":"none|none|merge_to_left","carriage_ref":"B"},"geometry":{"type":"LineString","coordinates":[[8.4386,47.1492017],[8.4397745,47.1479938]]}},{"type":"Feature","properties":{"change:lanes":"not_left|not_right|no","highway":"trunk","int_ref":"E 41","lanes":"3","maxspeed":"100","motorroad":"yes","oneway":"yes","placement":"right_of:1","ref":"A4","shoulder:right":"yes","source:maxspeed":"sign","surface":"asphalt","toll":"yes","turn:lanes":"||slight_right","carriage_ref":"A"},"geometry":{"type":"LineString","coordinates":[[8.6916286,47.5999318],[8.6916408,47.6000804]]}},{"type":"Feature","properties":{"bicycle":"no","destination":"Zürich;Rheinfall;Schaffhausen-Süd","foot":"no","highway":"trunk","int_ref":"E 41;E 54","lanes":"1","lit":"yes","maxheight":"default","maxspeed":"80","motorroad":"yes","oneway":"yes","overtaking":"no","ref":"A4;E41;E54","surface":"asphalt","toll":"yes","carriage_ref":"B"},"geometry":{"type":"LineString","coordinates":[[8.6429647,47.7114916],[8.6426634,47.7113823],[8.6424661,47.7113106],[8.642262,47.7112262],[8.6420623,47.7111407],[8.6418852,47.7110568],[8.6417464,47.7109869],[8.6416007,47.7109039],[8.6414244,47.7107953],[8.6412582,47.7106886]]}},{"type":"Feature","properties":{"bridge":"yes","bridge:name":"Jonentobelbrücke","highway":"motorway","int_ref":"E 41","lanes":"2","layer":"1","lit":"yes","maxspeed":"120","oneway":"yes","ref":"A4","shoulder:right":"yes","source:maxspeed":"CH:motorway","surface":"asphalt","toll":"yes","carriage_ref":"B"},"geometry":{"type":"LineString","coordinates":[[8.4282241,47.2958736],[8.4267111,47.2935061]]}},{"type":"Feature","properties":{"destination":"Adlikon","highway":"trunk","int_ref":"E 41","lanes":"2","maxspeed":"100","motorroad":"yes","oneway":"yes","ref":"A4","shoulder":"none","source:maxspeed":"sign","surface":"asphalt","toll":"yes","carriage_ref":"B"},"geometry":{"type":"LineString","coordinates":[[8.6880642,47.6054512],[8.6882433,47.6052272]]}},{"type":"Feature","properties":{"destination:lanes":"Chiasso;Gotthard;Luzern;Cham|Chiasso;Gotthard;Luzern;Cham|Chur;Zug;Cham-Ost","destination:ref:lanes":"A4|A4|A4a","highway":"motorway","int_ref":"E 41","lanes":"3","maxspeed":"signals","oneway":"yes","placement":"right_of:1","ref":"A4","shoulder":"none","source:maxspeed":"signals","surface":"asphalt","toll":"yes","turn:lanes":"||slight_right","carriage_ref":"B"},"geometry":{"type":"LineString","coordinates":[[8.4664097,47.2043536],[8.4660054,47.2040435]]}},{"type":"Feature","properties":{"destination":"Flughafen;Zürich","highway":"motorway","int_ref":"E 41;E 60","lanes":"2","lit":"yes","maxspeed":"100","oneway":"yes","ref":"A1;A4","source:maxspeed":"sign","surface":"asphalt","toll":"yes","carriage_ref":"B"},"geometry":{"type":"LineString","coordinates":[[8.6326123,47.4197611],[8.6315132,47.4190666]]}},{"type":"Feature","properties":{"change:lanes":"not_left|yes|not_left|not_right","destination:lanes":"Urdorf-Süd|Urdorf-Süd|Urdorf-Nord;Schlieren;Dietikon|Urdorf-Nord;Schlieren;Dietikon","highway":"motorway","int_ref":"E 41","lanes":"4","lit":"yes","maxspeed":"100","maxspeed:variable":"obstruction","oneway":"yes","overtaking:hgv":"no","placement":"right_of:1","ref":"A3;A4","shoulder:right":"yes","smoothness":"good","source:maxspeed":"signals","surface":"asphalt","toll":"yes","turn:lanes":"through|through|right|right","carriage_ref":"B"},"geometry":{"type":"LineString","coordinates":[[8.4178693,47.3946883],[8.4174584,47.3942834]]}},{"type":"Feature","properties":{"bicycle":"no","change:lanes:backward":"no","change:lanes:forward":"no","foot":"no","highway":"trunk","int_ref":"E 41;E 54","lanes":"2","layer":"-5","lit":"yes","maxheight":"default","maxspeed":"80","motorroad":"yes","oneway":"no","overtaking":"no","ref":"A4;E41;E54","source:maxspeed":"sign","start_date":"1996","toll":"yes","tunnel":"yes","tunnel:name":"Tannerbergtunnel","carriage_ref":"B"},"geometry":{"type":"LineString","coordinates":[[8.63631699365,47.70457623347],[8.63624539365,47.70450663347],[8.63579129365,47.7040606335],[8.63530189365,47.70363373353],[8.63499599365,47.70340803354],[8.63467389365,47.70318443356],[8.63395329365,47.70277353358],[8.63284519365,47.70217853362],[8.63231339365,47.70187253364],[8.63180169365,47.70155303366],[8.63131679365,47.70121993368],[8.63107439365,47.70105113369],[8.63084209365,47.7008732337],[8.63039749365,47.70051423372],[8.62960689365,47.69985653376]]}},{"type":"Feature","properties":{"highway":"trunk","int_ref":"E 41","lanes":"3","lanes:backward":"1","lanes:forward":"2","maxspeed:backward":"100","maxspeed:forward":"80","oneway":"no","ref":"A4","source:maxspeed":"sign","toll":"yes","turn:lanes:forward":"|merge_to_left","carriage_ref":"B"},"geometry":{"type":"LineString","coordinates":[[8.62264263558,46.9999165],[8.6225564,46.9994888]]}},{"type":"Feature","properties":{"highway":"motorway","int_ref":"E 41;E 60","lanes":"2","lit":"yes","maxspeed":"100","oneway":"yes","ref":"A1;A4","surface":"asphalt","toll":"yes","carriage_ref":"A"},"geometry":{"type":"LineString","coordinates":[[8.6293859,47.4173242],[8.6296414,47.41753],[8.6299103,47.4177248]]}},{"type":"Feature","properties":{"hazmat:water":"permissive","highway":"motorway","int_ref":"E 41;E 60","lanes":"2","maxspeed":"100","oneway":"yes","overtaking:hgv":"no","ref":"A1;A4","shoulder:right":"yes","source:maxspeed":"sign","surface":"asphalt","toll":"yes","carriage_ref":"B"},"geometry":{"type":"LineString","coordinates":[[8.686641,47.5062464],[8.6866942,47.5060285],[8.6867698,47.5057705],[8.6868233,47.5056159],[8.6868853,47.5054613],[8.6869567,47.5053053],[8.6870317,47.505149],[8.6871119,47.5049938],[8.6872004,47.5048225]]}},{"type":"Feature","properties":{"change:lanes":"not_left|not_right|not_right","highway":"motorway","int_ref":"E 41","lanes":"3","maxspeed":"100","oneway":"yes","placement":"right_of:1","ref":"A4","source:maxspeed":"sign","surface":"asphalt","toll":"yes","turn:lanes":"||merge_to_left","carriage_ref":"A"},"geometry":{"type":"LineString","coordinates":[[8.4639278,47.2023736],[8.4642345,47.2025886]]}},{"type":"Feature","properties":{"highway":"motorway","int_ref":"E 41","lanes":"2","lit":"yes","maxspeed":"120","oneway":"yes","ref":"A4","shoulder:right":"yes","source:maxspeed":"CH:motorway","surface":"asphalt","toll":"yes","carriage_ref":"B"},"geometry":{"type":"LineString","coordinates":[[8.4399283,47.2662124],[8.4404186,47.2645918]]}},{"type":"Feature","properties":{"bridge":"yes","highway":"motorway","int_ref":"E 41","lanes":"2","layer":"1","maxspeed":"120","oneway":"yes","ref":"A4","shoulder:right":"yes","source:maxspeed":"CH:motorway","surface":"asphalt","toll":"yes","carriage_ref":"B"},"geometry":{"type":"LineString","coordinates":[[8.4647296,47.2246497],[8.4647931,47.2245262]]}},{"type":"Feature","properties":{"destination":"Uhwiesen","highway":"trunk","int_ref":"E 41","lanes":"2","maxspeed":"100","motorroad":"yes","oneway":"yes","ref":"A4","shoulder":"none","source:maxspeed":"sign","surface":"asphalt","toll":"yes","carriage_ref":"A"},"geometry":{"type":"LineString","coordinates":[[8.6472312,47.6492212],[8.6469216,47.649481],[8.6466069,47.6497385],[8.6462256,47.6500475],[8.6458414,47.6503544],[8.6454607,47.6506535],[8.6450764,47.6509504],[8.6447567,47.6511909],[8.6444338,47.6514298],[8.6441109,47.6516686],[8.6439491,47.6517868],[8.64378,47.651904],[8.6431152,47.6523718],[8.6427796,47.6526052],[8.6424409,47.6528366],[8.6420175,47.6531202],[8.6415871,47.6534032],[8.6412392,47.6536292],[8.6410657,47.6537409],[8.6408889,47.6538523],[8.6405365,47.6540725],[8.6401816,47.6542908],[8.6396068,47.6546449]]}},{"type":"Feature","properties":{"bicycle":"no","change:lanes:backward":"no","change:lanes:forward":"no","destination:backward":"Stuttgart;Singen;Donaueschingen","foot":"no","highway":"trunk","int_ref":"E 41;E 54","lanes":"2","lit":"yes","maxspeed":"80","motorroad":"yes","oneway":"no","overtaking":"no","ref":"A4;E41;E54","source:maxspeed":"sign","toll":"yes","carriage_ref":"B"},"geometry":{"type":"LineString","coordinates":[[8.63828899365,47.70695643332],[8.63802779365,47.70663323334],[8.63775229365,47.70628723336],[8.63747789365,47.70594883338],[8.63708939365,47.70546593341]]}},{"type":"Feature","properties":{"avz":"194","change:lanes":"not_left|not_right|no","cs_dir:forward":"1","highway":"motorway","int_ref":"E 41","lanes":"3","lit":"yes","maxspeed":"100","maxspeed:variable":"obstruction","oneway":"yes","placement":"right_of:1","ref":"A3;A4","shoulder":"none","source:maxspeed":"signals","ssvz":"904N","surface":"asphalt","toll":"yes","carriage_ref":"B"},"geometry":{"type":"LineString","coordinates":[[8.4144301,47.3905835],[8.4142883,47.390221]]}},{"type":"Feature","properties":{"destination:lanes":"Urdorf-Süd|Urdorf-Süd;Urdorf-Nord;Schlieren;Dietikon","highway":"motorway","int_ref":"E 41","lanes":"2","lit":"yes","maxspeed":"100","maxspeed:variable":"obstruction","oneway":"yes","overtaking:hgv":"no","ref":"A3;A4","shoulder:right":"yes","source:maxspeed":"signals","surface":"asphalt","toll":"yes","carriage_ref":"B"},"geometry":{"type":"LineString","coordinates":[[8.420154,47.3975367],[8.4198902,47.3970272],[8.4196961,47.396716],[8.4196052,47.396576]]}},{"type":"Feature","properties":{"highway":"motorway","int_ref":"E 41;E 60","lanes":"2","lit":"yes","maxspeed":"signals","oneway":"yes","ref":"A1;A4","shoulder":"none","source:maxspeed":"signals","surface":"asphalt","toll":"yes","carriage_ref":"B"},"geometry":{"type":"LineString","coordinates":[[8.5698422,47.4244172],[8.5688198,47.4245354],[8.5681853,47.4246069],[8.5677964,47.4246638]]}},{"type":"Feature","properties":{"bridge":"yes","change:lanes":"not_left|not_right|yes","destination":"Trüllikon","highway":"trunk","int_ref":"E 41","lanes":"3","layer":"1","maxspeed":"100","motorroad":"yes","oneway":"yes","placement":"right_of:1","ref":"A4","shoulder":"none","source:maxspeed":"sign","surface":"asphalt","toll":"yes","turn:lanes":"||merge_to_left","carriage_ref":"B"},"geometry":{"type":"LineString","coordinates":[[8.6529146,47.6435674],[8.6531124,47.6433675]]}},{"type":"Feature","properties":{"bridge":"yes","change:lanes":"not_left|not_right|not_right","highway":"motorway","int_ref":"E 41","lanes":"3","layer":"1","maxspeed":"120","oneway":"yes","placement":"right_of:1","ref":"A4","source:maxspeed":"CH:motorway","surface":"asphalt","toll":"yes","turn:lanes":"||merge_to_left","carriage_ref":"A"},"geometry":{"type":"LineString","coordinates":[[8.4642345,47.2025886],[8.464286,47.2026302]]}},{"type":"Feature","properties":{"change:lanes:backward":"no","change:lanes:forward":"no","hazard":"deer","highway":"trunk","int_ref":"E 41;E 54","lanes":"2","maxspeed":"80","motorroad":"yes","oneway":"no","overtaking":"no","ref":"A4","source:maxspeed":"CH:rural","toll":"no","carriage_ref":"A"},"geometry":{"type":"LineString","coordinates":[[8.6864698,47.7358486],[8.6866175,47.7358447],[8.6868125,47.735845],[8.6869711,47.735849],[8.6871289,47.7358562],[8.6872743,47.7358663],[8.6874194,47.735879],[8.687582,47.7358978],[8.687743,47.7359195],[8.6879795,47.7359606],[8.6881359,47.7359935],[8.6882893,47.7360277],[8.688467,47.7360733],[8.6886405,47.736123]]}},{"type":"Feature","properties":{"destination:lanes":"Urdorf-Süd|Urdorf-Süd|Urdorf-Nord;Schlieren;Dietikon","highway":"motorway","int_ref":"E 41","lanes":"3","lit":"yes","maxspeed":"100","maxspeed:variable":"obstruction","oneway":"yes","overtaking:hgv":"no","placement":"right_of:1","ref":"A3;A4","shoulder:right":"yes","source:maxspeed":"signals","surface":"asphalt","toll":"yes","turn:lanes":"none|none|slight_right","carriage_ref":"B"},"geometry":{"type":"LineString","coordinates":[[8.4196052,47.396576],[8.4193775,47.396279]]}},{"type":"Feature","properties":{"bridge":"yes","highway":"motorway","int_ref":"E 41","lanes":"3","layer":"1","oneway":"yes","ref":"A4","toll":"yes","turn:lanes":"none|none|merge_to_left","carriage_ref":"B"},"geometry":{"type":"LineString","coordinates":[[8.6248254,47.029834],[8.6254264,47.0293675],[8.6257312,47.0291644],[8.6261328,47.0289034],[8.6265138,47.0287018]]}},{"type":"Feature","properties":{"highway":"motorway","int_ref":"E 41","lanes":"2","layer":"-1","maxspeed":"120","oneway":"yes","ref":"A4","shoulder:right":"yes","source:maxspeed":"CH:motorway","surface":"asphalt","toll":"yes","tunnel":"yes","tunnel:name":"Eigi","carriage_ref":"B"},"geometry":{"type":"LineString","coordinates":[[8.4482584,47.2519856],[8.4490773,47.2510373]]}},{"type":"Feature","properties":{"bridge":"yes","highway":"motorway","int_ref":"E 41;E 60","lanes":"4","layer":"1","lit":"no","maxspeed":"100","oneway":"yes","ref":"A1;A4","source:maxspeed":"CH:motorway","surface":"asphalt","toll":"yes","carriage_ref":"A"},"geometry":{"type":"LineString","coordinates":[[8.4892918,47.4257941],[8.4903314,47.4259675]]}},{"type":"Feature","properties":{"avz":"319","bridge":"yes","cs_dir:forward":"2","highway":"motorway","int_ref":"E 41","layer":"1","maxspeed":"120","oneway":"yes","ref":"A4","toll":"yes","carriage_ref":"A"},"geometry":{"type":"LineString","coordinates":[[8.446151,47.1408127],[8.4460906,47.1409096]]}},{"type":"Feature","properties":{"bicycle":"no","change:lanes:backward":"no","change:lanes:forward":"not_left|yes","foot":"no","highway":"trunk","int_ref":"E 41","lanes":"3","lanes:backward":"1","lanes:forward":"2","layer":"-1","lit":"yes","maxheight":"default","maxspeed":"80","motorroad":"yes","oneway":"no","overtaking:hgv:forward":"no","ref":"A4;E41","source:maxspeed":"sign","toll":"yes","tunnel":"yes","tunnel:name":"Cholfirsttunnel","carriage_ref":"B"},"geometry":{"type":"LineString","coordinates":[[8.62838299365,47.69016203436],[8.62916339365,47.68986283438],[8.62955059365,47.68971043439],[8.62992889365,47.6895405344],[8.63054949365,47.68923073442],[8.63114299365,47.68887983444],[8.63152969365,47.68859603446],[8.63190249365,47.68830043448],[8.63226299365,47.6879903345],[8.63258319365,47.68765763452],[8.63288369365,47.68729273454],[8.63321639365,47.68681173457],[8.63334429365,47.68658253459],[8.63345649365,47.6863281346],[8.63356119365,47.68608883462],[8.63364549365,47.68584283463],[8.63372589365,47.68560023465],[8.63378949365,47.68533583466],[8.63384559365,47.68508143468],[8.63387419365,47.6848070347],[8.63392039365,47.68413333474],[8.63390559365,47.68357843477],[8.63384689365,47.68284313482],[8.63379179365,47.68216973486]]}},{"type":"Feature","properties":{"highway":"motorway","int_ref":"E 41","lanes":"2","maxspeed":"100","oneway":"yes","ref":"A4","toll":"yes","carriage_ref":"A"},"geometry":{"type":"LineString","coordinates":[[8.5458055,47.04371],[8.5454664,47.0439245],[8.5451914,47.0441274],[8.5449352,47.044339],[8.5446732,47.0445835],[8.5444441,47.0448163],[8.5441993,47.0450719],[8.5439807,47.0453371],[8.5438292,47.0455279],[8.5432461,47.046325]]}},{"type":"Feature","properties":{"highway":"trunk","int_ref":"E 41","lanes":"1","maxspeed":"100","motorroad":"yes","oneway":"yes","ref":"A4","source:maxspeed":"sign","toll":"yes","carriage_ref":"A"},"geometry":{"type":"LineString","coordinates":[[8.690116,47.5926372],[8.6899896,47.5930074],[8.6898817,47.5933003],[8.6898358,47.5934323],[8.6897951,47.5935642],[8.6897677,47.5936509],[8.6897448,47.5937374],[8.6896978,47.593911],[8.6896577,47.5941084],[8.6896239,47.5943071],[8.6895958,47.5945942]]}},{"type":"Feature","properties":{"bridge":"yes","highway":"motorway","int_ref":"E 41","lanes":"2","layer":"1","maxspeed":"100","oneway":"yes","ref":"A4","shoulder:right":"yes","source:maxspeed":"signals","surface":"asphalt","toll":"yes","carriage_ref":"B"},"geometry":{"type":"LineString","coordinates":[[8.4607908,47.2002881],[8.460634,47.2001744]]}},{"type":"Feature","properties":{"highway":"motorway","int_ref":"E 41","lanes":"2","lit":"no","maxspeed":"100","maxspeed:variable":"obstruction","oneway":"yes","ref":"A3;A4","shoulder:right":"yes","source:maxspeed":"signals","surface":"asphalt","toll":"yes","carriage_ref":"B"},"geometry":{"type":"LineString","coordinates":[[8.4216261,47.4042808],[8.4215355,47.404009],[8.4214212,47.4036331],[8.421327,47.4032184]]}},{"type":"Feature","properties":{"highway":"trunk","int_ref":"E 41","lanes":"2","maxheight":"default","maxspeed":"100","motorroad":"yes","oneway":"yes","ref":"A4","shoulder":"none","source:maxspeed":"sign","surface":"asphalt","toll":"yes","carriage_ref":"A"},"geometry":{"type":"LineString","coordinates":[[8.6786775,47.62535],[8.678389,47.6255764],[8.6780963,47.6258021],[8.6777763,47.6260481],[8.6774602,47.6262738],[8.6770727,47.6265502],[8.6766796,47.6268249],[8.6762572,47.6271127],[8.6758269,47.6273971],[8.6753944,47.6276775],[8.6749581,47.6279572],[8.6746532,47.6281498],[8.6743444,47.6283416],[8.6737262,47.6287255],[8.6732891,47.6289932],[8.6728448,47.6292607],[8.6721307,47.629695],[8.6717761,47.6299135],[8.6714249,47.6301318],[8.6710947,47.6303331],[8.6707611,47.6305341],[8.6700928,47.6309336],[8.6697456,47.6311379],[8.6694033,47.6313434],[8.6687234,47.6317569],[8.6681133,47.6321342],[8.6667952,47.6329516],[8.6652127,47.6339122],[8.6642165,47.6345307],[8.6635197,47.6349672],[8.6631749,47.6351874],[8.6628341,47.6354089],[8.6623214,47.6357473],[8.6620691,47.6359179],[8.6618235,47.6360901],[8.661323,47.6364501],[8.6608303,47.6368118],[8.6603215,47.6371939],[8.6600678,47.6373872],[8.6598192,47.63758],[8.6588888,47.638301],[8.6584966,47.6386152],[8.6581096,47.6389288],[8.6573487,47.6395589],[8.6566154,47.6401865],[8.6563318,47.6404315],[8.6560574,47.6406805],[8.655509,47.6411771],[8.6550808,47.6415814],[8.6546914,47.6419496],[8.6539754,47.6426476],[8.6532249,47.6434124]]}},{"type":"Feature","properties":{"destination:int_ref:lanes":"E 41;E 60|E 41;E 60|","destination:lanes":"Flughafen;Zürich|Flughafen;Zürich|Rapperswil;Uster;Brüttisellen;Dietlikon","destination:ref:lanes":"A1;A4|A1;A4|A53","highway":"motorway","int_ref":"E 41;E 60","lanes":"3","lit":"no","maxspeed":"100","oneway":"yes","ref":"A1;A4","shoulder:right":"yes","source:maxspeed":"sign","surface":"asphalt","toll":"yes","turn:lanes":"none|none|slight_right","carriage_ref":"B"},"geometry":{"type":"LineString","coordinates":[[8.6374433,47.42203],[8.6370547,47.4218911],[8.6366237,47.4217302],[8.6363465,47.4216158],[8.6360852,47.4215078],[8.6358036,47.4213971],[8.6355368,47.4212819],[8.6351886,47.4211259],[8.634855,47.4209707],[8.6345344,47.4208146],[8.6341887,47.4206466],[8.6337748,47.4204293],[8.6334323,47.4202355]]}},{"type":"Feature","properties":{"highway":"motorway","int_ref":"E 41","lanes":"2","maxspeed":"120","oneway":"yes","ref":"A4","toll":"yes","carriage_ref":"B"},"geometry":{"type":"LineString","coordinates":[[8.4526103,47.1021577],[8.4527143,47.102006],[8.4528442,47.1018439],[8.4529683,47.1016897],[8.453111,47.101538],[8.4533463,47.1013146],[8.4536081,47.1010882],[8.4538311,47.1009217],[8.4540468,47.1007688],[8.4542755,47.1006212],[8.454519,47.1004925],[8.4555214,47.0999708]]}},{"type":"Feature","properties":{"bridge":"yes","highway":"motorway","int_ref":"E 41","lanes":"2","layer":"1","maxspeed":"120","oneway":"yes","ref":"A4","toll":"yes","carriage_ref":"B"},"geometry":{"type":"LineString","coordinates":[[8.4524145,47.1024849],[8.4526103,47.1021577]]}},{"type":"Feature","properties":{"avz":"533","cs_dir:backward":"2","highway":"trunk","int_ref":"E 41","lanes":"2","layer":"-1","maxheight":"default","maxspeed":"100","motorroad":"yes","oneway":"no","ref":"A4","source:maxspeed":"sign","surface":"asphalt","toll":"yes","tunnel":"yes","tunnel:name":"Loterbucktunnel","carriage_ref":"B"},"geometry":{"type":"LineString","coordinates":[[8.68945877085,47.5564885506],[8.68868497085,47.55572824993]]}},{"type":"Feature","properties":{"destination:int_ref:lanes":"|E 41|E 41","destination:lanes":"Luzern;Gisikon-Root|Luzern;Gisikon-Root;Chiasso;Gotthard;Schwyz;Rotkreuz|Chiasso;Gotthard;Schwyz;Rotkreuz","destination:ref:lanes":"A14|A14;A4|A4","highway":"motorway","int_ref":"E 41","lanes":"3","maxspeed":"100","maxspeed:variable":"yes","oneway":"yes","ref":"A4","shoulder:right":"yes","source:maxspeed":"signals","surface":"asphalt","toll":"yes","turn:lanes":"slight_left|slight_left;slight_right|slight_right","carriage_ref":"B"},"geometry":{"type":"LineString","coordinates":[[8.43268,47.1632667],[8.4328396,47.1616619],[8.4328973,47.1608905],[8.4329188,47.1604382]]}},{"type":"Feature","properties":{"highway":"motorway","int_ref":"E 41;E 60","lanes":"3","maxspeed":"120","oneway":"yes","ref":"A1;A4","shoulder:right":"yes","source:maxspeed":"CH:motorway","surface":"asphalt","toll":"yes","carriage_ref":"B"},"geometry":{"type":"LineString","coordinates":[[8.7039708,47.4534804],[8.7037119,47.453265],[8.7034383,47.4530666],[8.703167,47.4528684],[8.702899,47.4526673],[8.7026148,47.4524496],[8.7023366,47.4522301],[8.7021454,47.4520764],[8.7019559,47.4519197],[8.7015792,47.451604],[8.7013318,47.4513951],[8.7010894,47.451184],[8.7009134,47.4510284],[8.7007369,47.4508706],[8.700396,47.4505594]]}},{"type":"Feature","properties":{"highway":"motorway","int_ref":"E 41","lanes":"2","maxspeed":"100","oneway":"yes","ref":"A4","toll":"yes","carriage_ref":"A"},"geometry":{"type":"LineString","coordinates":[[8.5551183,47.0444077],[8.5544153,47.0441913],[8.5536034,47.0439096]]}},{"type":"Feature","properties":{"highway":"motorway","int_ref":"E 41","lanes":"3","maxspeed":"120","oneway":"yes","placement":"right_of:1","ref":"A4","shoulder:right":"yes","source:maxspeed":"CH:motorway","surface":"asphalt","toll":"yes","turn:lanes":"||slight_right","carriage_ref":"B"},"geometry":{"type":"LineString","coordinates":[[8.4348535,47.2749798],[8.4352169,47.2747492]]}},{"type":"Feature","properties":{"highway":"trunk","int_ref":"E 41","lanes":"2","layer":"-1","maxheight":"default","maxspeed":"100","motorroad":"yes","oneway":"yes","ref":"A4","shoulder:right":"yes","source:maxspeed":"sign","surface":"asphalt","toll":"yes","tunnel":"yes","carriage_ref":"B"},"geometry":{"type":"LineString","coordinates":[[8.6860492,47.612628],[8.6861718,47.6121872]]}},{"type":"Feature","properties":{"highway":"motorway","int_ref":"E 41","lanes":"2","maxspeed":"120","oneway":"yes","ref":"A4","toll":"yes","carriage_ref":"A"},"geometry":{"type":"LineString","coordinates":[[8.499827,47.0715968],[8.4994715,47.0717494],[8.499108,47.0718913]]}},{"type":"Feature","properties":{"destination:colour:lanes":"|||blue","destination:int_ref:lanes":"E 41|E 41||","destination:lanes":"Zürich;Affoltern am Albis|Zürich;Affoltern am Albis;Chur;Baar;Zug-Zentrum|Chur;Baar;Zug-Zentrum|Zug;Cham-Ost","destination:ref:lanes":"A 4|A 4;A 4a|A 4a|","highway":"motorway","int_ref":"E 41","lanes":"4","maxspeed":"100","oneway":"yes","ref":"A4","source:maxspeed":"sign","toll":"yes","carriage_ref":"A"},"geometry":{"type":"LineString","coordinates":[[8.4525447,47.1941601],[8.453706,47.1950039]]}},{"type":"Feature","properties":{"destination:int_ref:lanes":"E 41;E 60|E 41;E 60||","destination:lanes":"Sankt Gallen;Schaffhausen;Winterthur|Sankt Gallen;Schaffhausen;Winterthur|Rapperswil;Uster|Wallisellen;Dübendorf","destination:ref:lanes":"A1;A4|A1;A4|A53|","highway":"motorway","int_ref":"E 41;E 60","lanes":"4","lit":"yes","maxspeed":"100","oneway":"yes","ref":"A1;A4","source:maxspeed":"sign","surface":"asphalt","toll":"yes","carriage_ref":"A"},"geometry":{"type":"LineString","coordinates":[[8.5818831,47.4096764],[8.5840499,47.4091764],[8.5862326,47.408677],[8.5888928,47.4080651],[8.5895915,47.4079075],[8.5899402,47.4078321],[8.5903002,47.4077623],[8.590725,47.4076864],[8.5911527,47.4076125],[8.5914515,47.4075657],[8.592005,47.4074862],[8.5926068,47.4074112]]}},{"type":"Feature","properties":{"highway":"trunk","int_ref":"E 41","lanes":"2","maxspeed":"100","motorroad":"yes","oneway":"no","ref":"A4","source:maxspeed":"sign","surface":"asphalt","toll":"yes","carriage_ref":"B"},"geometry":{"type":"LineString","coordinates":[[8.69160147085,47.56144013362],[8.69165317085,47.56115665472],[8.69167057085,47.56104445462],[8.69168807085,47.56092605452],[8.69170667085,47.56070725433],[8.69171507085,47.56047585412],[8.69171047085,47.56029505396],[8.69169787085,47.5601119538],[8.69167587085,47.55992615364],[8.69164477085,47.55973705347],[8.69160127085,47.55955035331],[8.69151577085,47.55925735305],[8.69146727085,47.55911525292],[8.69140967085,47.55897025279],[8.69135077085,47.55883795268],[8.69128647085,47.55870555256],[8.69121997085,47.55857745245],[8.69114597085,47.55844775233],[8.69101467085,47.55823855215],[8.69087717085,47.55803255197],[8.69074987085,47.55786665182],[8.69065707085,47.55774755171],[8.69055647085,47.55762925161],[8.69037417085,47.55741965142],[8.69016157085,47.55718845122],[8.68994157085,47.55695785102],[8.68945877085,47.5564885506]]}},{"type":"Feature","properties":{"highway":"trunk","int_ref":"E 41","lanes":"3","maxspeed":"100","motorroad":"yes","oneway":"yes","placement":"right_of:1","ref":"A4","shoulder":"none","source:maxspeed":"sign","surface":"asphalt","toll":"yes","carriage_ref":"A"},"geometry":{"type":"LineString","coordinates":[[8.6838115,47.6187044],[8.6836423,47.6190563]]}},{"type":"Feature","properties":{"highway":"motorway","int_ref":"E 41","lanes":"3","maxspeed":"signals","oneway":"yes","ref":"A4","shoulder:right":"yes","source:maxspeed":"signals","surface":"asphalt","toll":"yes","carriage_ref":"B"},"geometry":{"type":"LineString","coordinates":[[8.443326,47.1877272],[8.4421724,47.1868853]]}},{"type":"Feature","properties":{"avz":"93","cs_dir:forward":"2","destination:lanes":"Zürich;Winterthur-Töss|Zürich;Winterthur-Töss|Wülflingen;Pfungen;Embrach","destination:ref:lanes":"A1;A4|A1;A4|7","hazmat:water":"permissive","highway":"motorway","int_ref":"E 41;E 60","lanes":"3","maxspeed":"100","oneway":"yes","placement":"right_of:1","ref":"A1;A4","shoulder:right":"yes","source:maxspeed":"sign","ssvz":"700N","surface":"asphalt","toll":"yes","turn:lanes":"none|none|slight_right","carriage_ref":"B"},"geometry":{"type":"LineString","coordinates":[[8.6962835,47.5191202],[8.695967,47.5188178],[8.6956486,47.5185131],[8.6953289,47.5182024],[8.6949997,47.5179054],[8.6945307,47.5175023],[8.6940573,47.5170993]]}},{"type":"Feature","properties":{"destination":"Gotthard;Schwyz;Küssnacht","highway":"motorway","int_ref":"E 41","lanes":"2","maxspeed":"120","oneway":"yes","ref":"A4","surface":"asphalt","toll":"yes","carriage_ref":"B"},"geometry":{"type":"LineString","coordinates":[[8.4366293,47.1511942],[8.4386,47.1492017]]}},{"type":"Feature","properties":{"change:lanes:backward":"no|no","change:lanes:forward":"no|yes","destination:lanes:backward":"Sankt Gallen;Zürich;Winterthur|Adlikon;Henggart","highway":"trunk","int_ref":"E 41","lanes":"4","lanes:forward":"2","maxheight":"default","maxspeed":"100","motorroad":"yes","oneway":"no","overtaking":"no","ref":"A4","shoulder:left":"yes","shoulder:right":"yes","source:maxspeed":"sign","surface":"asphalt","toll":"yes","turn:lanes:backward":"|slight_right","turn:lanes:forward":"|merge_to_left","carriage_ref":"A"},"geometry":{"type":"LineString","coordinates":[[8.6838025,47.5835732],[8.6838984,47.5837195]]}},{"type":"Feature","properties":{"highway":"trunk","int_ref":"E 41","lanes":"1","maxspeed":"100","motorroad":"yes","oneway":"yes","ref":"A4","source:maxspeed":"sign","surface":"asphalt","toll":"yes","carriage_ref":"A"},"geometry":{"type":"LineString","coordinates":[[8.682987,47.5775784],[8.6829774,47.577742],[8.6829748,47.5779049],[8.6829782,47.5780808]]}},{"type":"Feature","properties":{"highway":"motorway","int_ref":"E 41","lanes":"2","maxspeed":"120","oneway":"yes","ref":"A4","shoulder:right":"yes","source:maxspeed":"CH:motorway","surface":"asphalt","toll":"yes","carriage_ref":"A"},"geometry":{"type":"LineString","coordinates":[[8.4531746,47.2456632],[8.4525813,47.2466667],[8.4517363,47.2479322],[8.4510698,47.2488508],[8.4501347,47.2500026],[8.4492093,47.2510949]]}},{"type":"Feature","properties":{"highway":"motorway","int_ref":"E 41;E 60","lanes":"2","maxspeed":"100","oneway":"yes","overtaking:hgv":"no","ref":"A1;A4","source:maxspeed":"sign","surface":"asphalt","toll":"yes","carriage_ref":"A"},"geometry":{"type":"LineString","coordinates":[[8.6869959,47.5092067],[8.6870398,47.5093521],[8.6870958,47.5094885],[8.6871657,47.5096559],[8.6872426,47.5098216],[8.6873145,47.5099762],[8.6873916,47.5101307],[8.6874749,47.5102839],[8.6875649,47.5104355],[8.6876463,47.5105786],[8.6877335,47.5107217],[8.6878243,47.5108638],[8.687919,47.5110057],[8.6880546,47.5112058],[8.6881952,47.5114039],[8.6883404,47.5115989],[8.6884926,47.5117926],[8.6887145,47.5120638],[8.6888364,47.5122116]]}},{"type":"Feature","properties":{"change:lanes:backward":"no","change:lanes:forward":"no","hazard":"deer","highway":"trunk","int_ref":"E 41;E 54","lanes":"2","maxspeed":"60","motorroad":"yes","oneway":"no","overtaking":"no","ref":"A4","source:maxspeed":"sign. Survey 12.2018","surface":"asphalt","toll":"no","carriage_ref":"A"},"geometry":{"type":"LineString","coordinates":[[8.6899944,47.7435883],[8.6901154,47.7437103],[8.6901974,47.7437824],[8.6902813,47.7438473],[8.6903676,47.7439109],[8.6904623,47.7439703],[8.6905697,47.7440335],[8.690679,47.7440918],[8.6908022,47.7441488],[8.6909306,47.744201],[8.6910603,47.7442489],[8.6911886,47.7442906],[8.6913529,47.7443386],[8.6915177,47.7443823],[8.6917859,47.7444397],[8.6920563,47.7444929]]}},{"type":"Feature","properties":{"change:lanes":"not_left|not_right|no","destination:lanes":"Birmensdorf|Birmensdorf|Urdorf-Süd;Uitikon","highway":"motorway","int_ref":"E 41","lanes":"3","lit":"no","maxspeed":"100","maxspeed:variable":"obstruction","oneway":"yes","placement":"right_of:1","ref":"A3;A4","shoulder:right":"yes","source:maxspeed":"signals","surface":"asphalt","toll":"yes","turn:lanes":"||slight_right","carriage_ref":"B"},"geometry":{"type":"LineString","coordinates":[[8.4196167,47.3736978],[8.4196918,47.3734408]]}},{"type":"Feature","properties":{"bridge":"yes","highway":"motorway","int_ref":"E 41","lanes":"3","layer":"1","maxspeed":"100","oneway":"yes","ref":"A4","shoulder:right":"yes","source:maxspeed":"signals","surface":"asphalt","toll":"yes","carriage_ref":"B"},"geometry":{"type":"LineString","coordinates":[[8.4476866,47.190852],[8.4473294,47.1905974]]}},{"type":"Feature","properties":{"destination":"Bern","highway":"motorway","int_ref":"E 41;E 60","lanes":"2","lit":"yes","maxspeed":"100","oneway":"yes","ref":"A1;A4","surface":"asphalt","toll":"yes","carriage_ref":"B"},"geometry":{"type":"LineString","coordinates":[[8.4421063,47.4158446],[8.4416684,47.4156443],[8.4412881,47.415474],[8.4408354,47.415285],[8.4407039,47.415235],[8.4403887,47.4151149],[8.4400637,47.4150028],[8.4398231,47.4149236],[8.4395716,47.4148417],[8.4392441,47.4147461],[8.4389034,47.4146496]]}},{"type":"Feature","properties":{"destination":"Arth","highway":"motorway","int_ref":"E 41","lanes":"2","maxspeed":"120","oneway":"yes","ref":"A4","toll":"yes","carriage_ref":"B"},"geometry":{"type":"LineString","coordinates":[[8.4517224,47.104356],[8.4519428,47.1036716],[8.4520102,47.1034458],[8.4520966,47.1032086],[8.4521603,47.1030333],[8.4522438,47.1028504],[8.4524145,47.1024849]]}},{"type":"Feature","properties":{"highway":"motorway","int_ref":"E 41;E 60","lanes":"4","maxspeed":"120","oneway":"yes","placement":"middle_of:2","ref":"A1;A4","source:maxspeed":"CH:motorway","surface":"asphalt","toll":"yes","turn:lanes":"|||slight_right","carriage_ref":"A"},"geometry":{"type":"LineString","coordinates":[[8.6906104,47.4415027],[8.6912557,47.441807],[8.6918918,47.4421211]]}},{"type":"Feature","properties":{"change:lanes":"not_left|yes|no","destination:lanes":"Urdorf-Süd|Urdorf-Süd|Urdorf-Nord;Schlieren;Dietikon","highway":"motorway","int_ref":"E 41","lanes":"3","lit":"yes","maxspeed":"100","maxspeed:variable":"obstruction","oneway":"yes","overtaking:hgv":"no","placement":"right_of:1","ref":"A3;A4","shoulder:right":"yes","source:maxspeed":"signals","surface":"asphalt","toll":"yes","turn:lanes":"none|none|slight_right","carriage_ref":"B"},"geometry":{"type":"LineString","coordinates":[[8.4193775,47.396279],[8.419188,47.3960436],[8.4188824,47.3956991],[8.418356,47.3951594],[8.4178693,47.3946883]]}},{"type":"Feature","properties":{"destination":"Chiasso;Gotthard;Schwyz;Rotkreuz","highway":"motorway","int_ref":"E 41","lanes":"2","maxspeed":"80","oneway":"yes","ref":"A4","surface":"asphalt","toll":"yes","carriage_ref":"B"},"geometry":{"type":"LineString","coordinates":[[8.4325652,47.1581057],[8.432429,47.1576366]]}},{"type":"Feature","properties":{"change:lanes":"not_left|yes|not_right|no","highway":"motorway","int_ref":"E 41","lanes":"4","maxspeed":"signals","oneway":"yes","placement":"middle_of:2","ref":"A4","shoulder:right":"yes","source:maxspeed":"signals","surface":"asphalt","toll":"yes","carriage_ref":"B"},"geometry":{"type":"LineString","coordinates":[[8.4454152,47.1892343],[8.4449244,47.1888885]]}},{"type":"Feature","properties":{"highway":"motorway","int_ref":"E 41;E 60","lanes":"2","maxspeed":"120","oneway":"yes","ref":"A1;A4","source:maxspeed":"CH:motorway","surface":"asphalt","toll":"yes","carriage_ref":"A"},"geometry":{"type":"LineString","coordinates":[[8.7049403,47.4764122],[8.7049105,47.4770145],[8.7048974,47.4773156],[8.7048839,47.4776165],[8.7048606,47.4779249],[8.7048304,47.4782558],[8.704813,47.4784213],[8.7047923,47.4785868],[8.7047674,47.4787635],[8.7047384,47.4789344],[8.7046886,47.4792101]]}},{"type":"Feature","properties":{"highway":"motorway","int_ref":"E 41","lanes":"3","maxspeed":"120","oneway":"yes","placement":"right_of:1","ref":"A4","toll":"yes","turn:lanes":"||slight_right","carriage_ref":"A"},"geometry":{"type":"LineString","coordinates":[[8.4560637,47.0997906],[8.4556225,47.1000474],[8.4551703,47.1002846]]}},{"type":"Feature","properties":{"highway":"motorway","int_ref":"E 41;E 60","lanes":"2","layer":"1","lit":"yes","maxspeed":"signals","oneway":"yes","ref":"A1;A4","shoulder:right":"yes","source:maxspeed":"signals","surface":"asphalt","toll":"yes","carriage_ref":"B"},"geometry":{"type":"LineString","coordinates":[[8.5748973,47.4134125],[8.57484,47.4136412],[8.5747844,47.4138926],[8.5747226,47.4142567]]}},{"type":"Feature","properties":{"bridge":"yes","highway":"motorway","int_ref":"E 41;E 60","lanes":"2","layer":"1","lit":"yes","maxspeed":"100","oneway":"yes","ref":"A1;A4","source:maxspeed":"sign","surface":"asphalt","toll":"yes","carriage_ref":"A"},"geometry":{"type":"LineString","coordinates":[[8.575404,47.4116652],[8.575537,47.4115674],[8.5756593,47.4114753],[8.5757704,47.4114011],[8.5758972,47.4113159]]}},{"type":"Feature","properties":{"destination":"Bern;Chur;Luzern;Flughafen;Nordring-Zürich","destination:symbol":"airport","highway":"motorway","int_ref":"E 41;E 60","lanes":"2","lit":"yes","maxspeed":"signals","oneway":"yes","placement":"transition","ref":"A1;A4","source:maxspeed":"signals","surface":"asphalt","toll":"yes","carriage_ref":"B"},"geometry":{"type":"LineString","coordinates":[[8.5784648,47.4108462],[8.5780646,47.4109701]]}},{"type":"Feature","properties":{"destination:int_ref:lanes":"|E 41;E 60|E 41;E 60","destination:lanes":"Zürich-City|Zürich-City;Bern;Chur;Luzern;Flughafen;Nordring-Zürich|Bern;Chur;Luzern;Flughafen;Nordring-Zürich","destination:ref:lanes":"|A1;A4|A1;A4","highway":"motorway","int_ref":"E 41;E 60","lanes":"3","lit":"yes","maxspeed":"100","oneway":"yes","ref":"A1;A4","source:maxspeed":"sign","surface":"asphalt","toll":"yes","turn:lanes":"slight_left|slight_left;slight_right|slight_right","carriage_ref":"B"},"geometry":{"type":"LineString","coordinates":[[8.6083708,47.4083031],[8.6076737,47.4081639],[8.6073671,47.4081144],[8.6069501,47.4080481],[8.606158,47.4079398],[8.605363,47.4078393],[8.6051983,47.407815],[8.6049884,47.4077905],[8.6046552,47.4077517],[8.6039585,47.4076838],[8.6034717,47.4076408],[8.6031601,47.4076173],[8.6029085,47.4076009],[8.6027137,47.4075884]]}},{"type":"Feature","properties":{"highway":"motorway","int_ref":"E 41","maxspeed":"120","oneway":"yes","ref":"A4","toll":"yes","carriage_ref":"A"},"geometry":{"type":"LineString","coordinates":[[8.4460906,47.1409096],[8.4456378,47.1415972],[8.4451582,47.142269],[8.4448385,47.1426937],[8.4445082,47.1431061],[8.4438385,47.1439201],[8.443193,47.1446587]]}},{"type":"Feature","properties":{"change:lanes":"not_left|yes|no","destination:lanes":"Birmensdorf|Birmensdorf|Urdorf-Süd;Uitikon","highway":"motorway","int_ref":"E 41","lanes":"3","lit":"no","maxspeed":"100","maxspeed:variable":"obstruction","oneway":"yes","placement":"right_of:1","ref":"A3;A4","shoulder:right":"yes","source:maxspeed":"signals","surface":"asphalt","toll":"yes","turn:lanes":"||slight_right","carriage_ref":"B"},"geometry":{"type":"LineString","coordinates":[[8.4195735,47.3738459],[8.4196167,47.3736978]]}},{"type":"Feature","properties":{"highway":"motorway","int_ref":"E 41","lanes":"2","maxspeed":"100","oneway":"yes","ref":"A4","toll":"yes","carriage_ref":"A"},"geometry":{"type":"LineString","coordinates":[[8.531304,47.0509902],[8.5302012,47.0511533],[8.5293745,47.0513025]]}},{"type":"Feature","properties":{"destination":"Birmensdorf","highway":"motorway","int_ref":"E 41","lanes":"2","lit":"no","maxspeed":"100","maxspeed:variable":"obstruction","oneway":"yes","ref":"A3;A4","shoulder:right":"yes","source:maxspeed":"signals","surface":"asphalt","toll":"yes","carriage_ref":"B"},"geometry":{"type":"LineString","coordinates":[[8.4196918,47.3734408],[8.4200101,47.3724663],[8.4202263,47.371896],[8.4204961,47.371321]]}},{"type":"Feature","properties":{"highway":"motorway","int_ref":"E 41","lanes":"3","maxspeed":"100","oneway":"yes","ref":"A4","toll":"yes","turn:lanes":"none|none|slight_right","carriage_ref":"A"},"geometry":{"type":"LineString","coordinates":[[8.5536034,47.0439096],[8.5525751,47.0435294]]}},{"type":"Feature","properties":{"highway":"motorway","int_ref":"E 41","lanes":"4","maxspeed":"100","oneway":"yes","ref":"A4","source:maxspeed":"sign","surface":"asphalt","toll":"yes","turn:lanes":"|||merge_to_left","carriage_ref":"A"},"geometry":{"type":"LineString","coordinates":[[8.4331399,47.160909],[8.4330314,47.1619788]]}},{"type":"Feature","properties":{"bridge":"yes","change:lanes":"no|yes","highway":"trunk","int_ref":"E 41;E 54","lanes":"2","layer":"1","maxspeed":"80","oneway":"yes","ref":"A4","toll":"yes","turn:lanes:forward":"|merge_to_left","carriage_ref":"A"},"geometry":{"type":"LineString","coordinates":[[8.6535002,47.7160268],[8.6538283,47.7162645]]}},{"type":"Feature","properties":{"destination:int_ref:lanes":"E 41|E 60|E 60","destination:lanes":"Chur;Luzern;Westring-Zürich|Bern;Basel;Dietikon|Bern;Basel;Dietikon","destination:ref:lanes":"A3;A4|A1;A3|A1;A3","highway":"motorway","int_ref":"E 41;E 60","lanes":"3","lit":"yes","maxspeed":"80","oneway":"yes","ref":"A1;A4","shoulder:right":"yes","source:maxspeed":"signals","surface":"asphalt","toll":"yes","turn:lanes":"slight_left|none|none","carriage_ref":"B"},"geometry":{"type":"LineString","coordinates":[[8.4349062,47.4136979],[8.4343162,47.4135815],[8.4337269,47.4134459],[8.4333763,47.4133648],[8.4332401,47.4133318]]}},{"type":"Feature","properties":{"highway":"motorway","int_ref":"E 41","lanes":"2","lit":"yes","maxspeed":"120","oneway":"yes","ref":"A4","shoulder:right":"yes","source:maxspeed":"CH:motorway","surface":"asphalt","toll":"yes","carriage_ref":"B"},"geometry":{"type":"LineString","coordinates":[[8.4473904,47.2529953],[8.4482584,47.2519856]]}},{"type":"Feature","properties":{"change:lanes:forward":"no","hazard":"deer","highway":"trunk","int_ref":"E 41;E 54","lanes":"3","lanes:backward":"2","lanes:forward":"1","maxspeed":"80","motorroad":"yes","oneway":"no","overtaking":"no","placement:forward":"left_of:1","ref":"A4","source:maxspeed":"CH:rural","toll":"no","turn:lanes:backward":"|slight_right","carriage_ref":"A"},"geometry":{"type":"LineString","coordinates":[[8.6886405,47.736123],[8.6887921,47.7361721],[8.6889393,47.7362237],[8.6890772,47.7362764],[8.6892129,47.7363328],[8.6893967,47.7364178]]}},{"type":"Feature","properties":{"highway":"trunk","int_ref":"E 41","lanes":"3","maxspeed":"100","motorroad":"yes","oneway":"yes","placement":"right_of:1","ref":"A4","shoulder":"none","source:maxspeed":"sign","surface":"asphalt","toll":"yes","turn:lanes":"||slight_right","carriage_ref":"A"},"geometry":{"type":"LineString","coordinates":[[8.6855682,47.6144148],[8.6854447,47.6147586]]}},{"type":"Feature","properties":{"highway":"trunk","int_ref":"E 41","lanes":"2","maxheight":"default","maxspeed":"100","motorroad":"yes","oneway":"yes","ref":"A4","shoulder":"none","source:maxspeed":"sign","surface":"asphalt","toll":"yes","carriage_ref":"B"},"geometry":{"type":"LineString","coordinates":[[8.6789871,47.6249671],[8.6791163,47.62486],[8.6792417,47.6247523],[8.6793882,47.6246262],[8.6795338,47.624499],[8.6798188,47.624246],[8.6799736,47.6241033],[8.680126,47.6239603],[8.6802765,47.6238169],[8.6804251,47.623672],[8.6805609,47.6235355],[8.6806943,47.623398],[8.6808261,47.6232597],[8.6809557,47.6231196],[8.6812004,47.6228464],[8.6813168,47.6227075],[8.6814306,47.6225674],[8.6815437,47.6224235],[8.6816533,47.6222782],[8.6817594,47.6221326],[8.6818636,47.6219864],[8.6820107,47.6217733],[8.6821488,47.6215591],[8.6822809,47.6213392],[8.6824091,47.621119]]}},{"type":"Feature","properties":{"change:lanes:backward":"no","change:lanes:forward":"not_left|yes","highway":"trunk","int_ref":"E 41;E 54","lanes":"3","lanes:backward":"1","lanes:forward":"2","maxspeed":"60","motorroad":"yes","oneway":"no","overtaking":"no","placement:forward":"left_of:1","ref":"A4","source:maxspeed":"sign. Survey 12.2018","surface":"asphalt","toll":"no","turn:lanes:forward":"none|right","carriage_ref":"A"},"geometry":{"type":"LineString","coordinates":[[8.702224,47.7430628],[8.70248544477,47.74298334406],[8.70289116442,47.7428689]]}},{"type":"Feature","properties":{"destination":"Adlikon;Andelfingen","highway":"trunk","int_ref":"E 41","lanes":"2","maxspeed":"100","motorroad":"yes","oneway":"yes","ref":"A4","toll":"yes","carriage_ref":"A"},"geometry":{"type":"LineString","coordinates":[[8.6914447,47.5621236],[8.6913607,47.5622789],[8.6912779,47.5624387],[8.691184,47.5626001],[8.6910801,47.5627615]]}},{"type":"Feature","properties":{"highway":"trunk","int_ref":"E 41","lanes":"2","maxspeed":"100","motorroad":"yes","oneway":"yes","placement":"middle_of:1","ref":"A4","shoulder:right":"yes","source:maxspeed":"sign","surface":"asphalt","toll":"yes","turn:lanes":"|slight_right","carriage_ref":"A"},"geometry":{"type":"LineString","coordinates":[[8.6914685,47.5992008],[8.6915077,47.5993165],[8.6915375,47.5994345]]}},{"type":"Feature","properties":{"highway":"motorway","int_ref":"E 41","lanes":"2","lit":"no","maxspeed":"100","oneway":"yes","ref":"A3;A4","source:maxspeed":"sign","toll":"yes","carriage_ref":"A"},"geometry":{"type":"LineString","coordinates":[[8.4202933,47.3721205],[8.4201336,47.3724654],[8.4199566,47.3730451],[8.4198183,47.3735622],[8.4194494,47.3747666]]}},{"type":"Feature","properties":{"change:lanes:backward":"not_left|not_right","change:lanes:forward":"not_left|not_right","destination:lanes:backward":"Sankt Gallen;Zürich;Winterthur|Adlikon;Henggart","highway":"trunk","int_ref":"E 41","lanes":"4","lanes:forward":"2","maxheight":"default","maxspeed":"100","motorroad":"yes","oneway":"no","overtaking":"no","ref":"A4","shoulder:left":"yes","shoulder:right":"yes","source:maxspeed":"sign","surface":"asphalt","toll":"yes","turn:lanes:backward":"|slight_right","turn:lanes:forward":"|merge_to_left","carriage_ref":"A"},"geometry":{"type":"LineString","coordinates":[[8.6840241,47.5839025],[8.6841633,47.5840906],[8.6842616,47.5842173],[8.6843719,47.5843491]]}},{"type":"Feature","properties":{"bicycle":"no","change:lanes:backward":"no","change:lanes:forward":"no","foot":"no","highway":"trunk","horse":"no","int_ref":"E 41;E 54","lanes":"2","layer":"-5","lit":"yes","maxheight":"default","maxspeed":"80","motorroad":"yes","oneway":"no","overtaking":"no","ref":"A4;E41;E54","source:maxspeed":"sign","start_date":"1996","toll":"yes","tunnel":"yes","tunnel:name":"Fäsenstaubtunnel","carriage_ref":"A"},"geometry":{"type":"LineString","coordinates":[[8.6257762,47.6946461],[8.6261117,47.6952238],[8.6264861,47.6958352],[8.626854,47.6964446],[8.6271624,47.6969198],[8.6277394,47.6976983],[8.6280397,47.6980755],[8.6283568,47.6984481],[8.6286755,47.6988196],[8.6290065,47.6991851],[8.6295703,47.6998124],[8.629613,47.6998533]]}},{"type":"Feature","properties":{"change:lanes":"yes|not_right|no","destination:lanes":"||Küssnacht;Gersau;Weggis;Meggen;Immensee","highway":"motorway","int_ref":"E 41","lanes":"3","maxspeed":"120","oneway":"yes","placement":"right_of:1","ref":"A4","toll":"yes","turn:lanes":"||slight_right","carriage_ref":"B"},"geometry":{"type":"LineString","coordinates":[[8.4515486,47.1050519],[8.4516351,47.104685],[8.4517224,47.104356]]}},{"type":"Feature","properties":{"bridge":"yes","highway":"motorway","int_ref":"E 41","lanes":"2","layer":"1","oneway":"yes","ref":"A4","toll":"yes","carriage_ref":"B"},"geometry":{"type":"LineString","coordinates":[[8.6250024,47.0125232],[8.6246173,47.0119186]]}},{"type":"Feature","properties":{"avz":"93","change:lanes":"not_left|not_right|no","cs_dir:forward":"2","highway":"motorway","int_ref":"E 41;E 60","lanes":"3","lit":"yes","maxspeed":"100","oneway":"yes","placement":"right_of:1","ref":"A1;A4","shoulder:right":"yes","source:maxspeed":"sign","ssvz":"700N","surface":"asphalt","toll":"yes","carriage_ref":"B"},"geometry":{"type":"LineString","coordinates":[[8.6985761,47.521684],[8.6982563,47.5213217]]}},{"type":"Feature","properties":{"highway":"motorway","int_ref":"E 41","lanes":"3","maxspeed":"120","oneway":"yes","ref":"A4","surface":"asphalt","toll":"yes","carriage_ref":"B"},"geometry":{"type":"LineString","coordinates":[[8.4346218,47.1532252],[8.4348939,47.15294],[8.4354621,47.1523752],[8.4366293,47.1511942]]}},{"type":"Feature","properties":{"change:lanes":"not_right|not_left|not_left","destination:int_ref:lanes":"E 60|E 41;E 60|","destination:lanes":"Bern;Basel|Sankt Gallen;Flughafen;Nordring-Zürich|Zürich-City","destination:ref:lanes":"A1;A3|A1;A4|","highway":"motorway","int_ref":"E 41","lanes":"3","lit":"yes","maxspeed":"100","oneway":"yes","ref":"A3;A4","source:maxspeed":"sign","surface":"asphalt","toll":"yes","turn:lanes":"slight_left|through|through","carriage_ref":"A"},"geometry":{"type":"LineString","coordinates":[[8.4230008,47.4064449],[8.4231939,47.4066917],[8.4233735,47.4069275],[8.4236093,47.4072072],[8.4238544,47.407485],[8.4240448,47.4076827],[8.4242153,47.4078719]]}},{"type":"Feature","properties":{"bridge":"yes","highway":"trunk","int_ref":"E 41","lanes":"2","layer":"1","maxspeed":"100","motorroad":"yes","oneway":"no","ref":"A4","shoulder:left":"yes","shoulder:right":"yes","source:maxspeed":"sign","surface":"asphalt","toll":"yes","carriage_ref":"A"},"geometry":{"type":"LineString","coordinates":[[8.6930931,47.5332382],[8.6930412,47.5334292]]}},{"type":"Feature","properties":{"highway":"motorway","int_ref":"E 41;E 60","lanes":"5","layer":"-1","lit":"no","maxspeed":"100","oneway":"yes","overtaking:hgv":"no","ref":"A1;A4","source:maxspeed":"CH:motorway","surface":"asphalt","toll":"yes","tunnel":"yes","tunnel:name":"Katzensee","carriage_ref":"A"},"geometry":{"type":"LineString","coordinates":[[8.498387,47.4267733],[8.4985951,47.4268009],[8.4990819,47.4268609],[8.4995832,47.4269266],[8.5000642,47.4270084],[8.5005486,47.4270835],[8.5009131,47.4271318],[8.5013314,47.4271993],[8.5017253,47.4272631],[8.502196,47.4273393],[8.5026796,47.4274373],[8.5031321,47.4275362],[8.503568,47.4276318],[8.5040075,47.4277262],[8.5044322,47.4278211],[8.5049046,47.4279326],[8.5058925,47.4281588]]}},{"type":"Feature","properties":{"highway":"trunk","int_ref":"E 41","lanes":"4","lanes:backward":"2","lanes:forward":"2","maxspeed:backward":"100","maxspeed:forward":"80","oneway":"no","ref":"A4","source:maxspeed":"sign","toll":"yes","turn:lanes:forward":"|merge_to_left","carriage_ref":"B"},"geometry":{"type":"LineString","coordinates":[[8.6226247914,47.00055759063],[8.6226705,47.000169],[8.62264263558,46.9999165]]}},{"type":"Feature","properties":{"highway":"motorway","int_ref":"E 41","lanes":"3","lit":"yes","maxspeed":"100","oneway":"yes","placement":"right_of:1","ref":"A3;A4","smoothness":"good","source:maxspeed":"sign","surface":"asphalt","toll":"yes","turn:lanes":"through|through|right","carriage_ref":"A"},"geometry":{"type":"LineString","coordinates":[[8.4161784,47.3927693],[8.416472,47.3930815]]}},{"type":"Feature","properties":{"bridge":"viaduct","highway":"motorway","int_ref":"E 41","lanes":"2","layer":"1","maxspeed":"120","oneway":"yes","ref":"A4","toll":"yes","carriage_ref":"A"},"geometry":{"type":"LineString","coordinates":[[8.492928,47.0747567],[8.4913446,47.0755892],[8.4910339,47.0757521],[8.4907328,47.0759252],[8.4904378,47.0761075],[8.4901589,47.0762982],[8.4898925,47.0764975],[8.4896406,47.0767048],[8.4891331,47.0771289]]}},{"type":"Feature","properties":{"highway":"trunk","int_ref":"E 41","lanes":"2","maxspeed":"80","oneway":"no","ref":"A4","source:maxspeed":"sign","toll":"yes","carriage_ref":"A"},"geometry":{"type":"LineString","coordinates":[[8.62085053797,46.99722976114],[8.62157823797,46.99782676108],[8.62183483797,46.99807796105],[8.62213803797,46.99848116101],[8.62238923797,46.99890946096]]}},{"type":"Feature","properties":{"highway":"trunk","int_ref":"E 41","lanes":"3","maxheight":"default","maxspeed":"100","motorroad":"yes","oneway":"yes","placement":"right_of:1","ref":"A4","shoulder":"none","source:maxspeed":"sign","surface":"asphalt","toll":"yes","turn:lanes":"||merge_to_left","carriage_ref":"A"},"geometry":{"type":"LineString","coordinates":[[8.6873433,47.6068286],[8.6872193,47.6070864],[8.687123,47.607318]]}},{"type":"Feature","properties":{"bicycle":"no","change:lanes:backward":"not_left|","change:lanes:forward":"|not_right","foot":"no","highway":"trunk","int_ref":"E 41;E 54","lanes":"4","lanes:backward":"2","lit":"yes","maxspeed":"80","motorroad":"yes","oneway":"no","overtaking":"no","ref":"A4;E41;E54","source:maxspeed":"sign","toll":"yes","turn:lanes:backward":"|slight_right","turn:lanes:forward":"|merge_to_left","carriage_ref":"B"},"geometry":{"type":"LineString","coordinates":[[8.63708939365,47.70546593341],[8.63679639365,47.70511643344],[8.63664079365,47.70493263345],[8.63631699365,47.70457623347]]}},{"type":"Feature","properties":{"highway":"motorway","int_ref":"E 41","lanes":"2","maxspeed":"100","oneway":"yes","ref":"A4","toll":"yes","carriage_ref":"B"},"geometry":{"type":"LineString","coordinates":[[8.5152002,47.0568291],[8.5158874,47.0561471],[8.5161324,47.0559234],[8.5163746,47.055726],[8.5166919,47.0554963],[8.5170213,47.0552712],[8.5173494,47.0550805],[8.5176903,47.0548917],[8.5181546,47.054677],[8.5184674,47.0545492],[8.5187928,47.0544253],[8.5191632,47.0543035],[8.5195355,47.054193]]}},{"type":"Feature","properties":{"highway":"motorway","int_ref":"E 41","lanes":"2","maxspeed":"120","oneway":"yes","ref":"A4","toll":"yes","carriage_ref":"A"},"geometry":{"type":"LineString","coordinates":[[8.4702878,47.0873282],[8.4699415,47.0875316],[8.4696053,47.0877471],[8.469275,47.0879677],[8.468968,47.0882004],[8.4686632,47.0884491],[8.4683778,47.0886875],[8.4679712,47.0890346],[8.4674742,47.0894459],[8.4671511,47.0897144],[8.4668302,47.089965],[8.4664987,47.0902089],[8.4662046,47.0904158],[8.4659199,47.0905965],[8.4655092,47.0908362],[8.4651064,47.091055],[8.4644249,47.091406],[8.4637266,47.0917606],[8.4631117,47.0920715],[8.4627679,47.0922527],[8.4624399,47.0924386],[8.4619945,47.0927126],[8.4615869,47.0929891],[8.4613222,47.0931819],[8.4610706,47.0933811],[8.4608316,47.0935827],[8.4606026,47.0937918],[8.4601281,47.0942729]]}},{"type":"Feature","properties":{"bridge":"yes","change:lanes":"not_left|not_right|not_left|not_right","highway":"motorway","int_ref":"E 41;E 60","lanes":"4","layer":"1","lit":"yes","maxspeed":"100","oneway":"yes","placement":"middle_of:2","ref":"A1;A4","source:maxspeed":"sign","surface":"asphalt","toll":"yes","turn:lanes":"|||merge_to_left","carriage_ref":"B"},"geometry":{"type":"LineString","coordinates":[[8.6261438,47.4151995],[8.6259397,47.4150596]]}},{"type":"Feature","properties":{"change:lanes":"yes|no","destination":"Flurlingen","highway":"trunk","int_ref":"E 41","lanes":"2","maxspeed":"80","motorroad":"yes","oneway":"yes","placement":"middle_of:1","ref":"A4","source:maxspeed":"sign","toll":"yes","turn:lanes":"|slight_right","carriage_ref":"A"},"geometry":{"type":"LineString","coordinates":[[8.6226025,47.6713417],[8.6225928,47.6715009],[8.6226013,47.6718175]]}},{"type":"Feature","properties":{"bridge":"yes","highway":"trunk","int_ref":"E 41","lanes":"2","layer":"1","maxspeed":"100","motorroad":"yes","oneway":"yes","ref":"A4","source:maxspeed":"sign","toll":"yes","carriage_ref":"A"},"geometry":{"type":"LineString","coordinates":[[8.6261154,47.6637759],[8.6260152,47.6640203],[8.6259212,47.6642712],[8.6258387,47.6645102],[8.6257455,47.6647883]]}},{"type":"Feature","properties":{"highway":"motorway","int_ref":"E 41","lanes":"2","maxspeed":"120","oneway":"yes","ref":"A4","toll":"yes","carriage_ref":"A"},"geometry":{"type":"LineString","coordinates":[[8.477004,47.0845279],[8.4765153,47.0848157],[8.4762495,47.0849596],[8.4759756,47.0850905],[8.4755874,47.0852583],[8.4751861,47.0854183],[8.4748009,47.085555],[8.4744085,47.0856768],[8.4736308,47.0859211],[8.4732906,47.0860275],[8.4729805,47.0861337],[8.4727088,47.086225],[8.4724261,47.0863273],[8.472064,47.0864647],[8.471745,47.0865963],[8.4714299,47.0867376],[8.4708909,47.0869991],[8.4703989,47.0872654]]}},{"type":"Feature","properties":{"highway":"trunk","int_ref":"E 41;E 54","lanes":"1","maxspeed":"80","motorroad":"yes","oneway":"yes","ref":"A4","source:maxspeed":"sign","toll":"no","carriage_ref":"A"},"geometry":{"type":"LineString","coordinates":[[8.6611665,47.7188465],[8.6621054,47.7187473],[8.6623778,47.7187227]]}},{"type":"Feature","properties":{"change:lanes":"no|no","hazard":"deer","highway":"trunk","int_ref":"E 41;E 54","lanes":"2","maxheight":"default","maxspeed":"80","motorroad":"yes","oneway":"no","overtaking":"no","ref":"A4","source:maxspeed":"CH:rural","toll":"no","carriage_ref":"A"},"geometry":{"type":"LineString","coordinates":[[8.6649463,47.7188568],[8.6651485,47.7189079],[8.665273,47.7189413],[8.6653963,47.7189773],[8.6655177,47.7190165],[8.6656364,47.7190581],[8.6657633,47.7191063],[8.6658833,47.7191561],[8.6660052,47.7192082],[8.6661217,47.7192634],[8.6662485,47.7193271],[8.666372,47.7193918],[8.6665149,47.7194747],[8.6666517,47.7195593],[8.6667726,47.7196419],[8.6668904,47.7197265],[8.6670117,47.7198219],[8.667128,47.7199184],[8.6672637,47.720045],[8.6673869,47.7201748],[8.6675972,47.7204316],[8.667683,47.7205534],[8.6677629,47.7206775],[8.6679016,47.7209367],[8.6680149,47.7211771],[8.6681102,47.7214169],[8.6681632,47.7215591],[8.6682089,47.7217031],[8.6682548,47.7218578],[8.6682966,47.7220126],[8.6683773,47.7223449],[8.6684059,47.7224746],[8.6684324,47.7226038],[8.6684804,47.7228637],[8.6685034,47.722985],[8.6685787,47.723383],[8.668632,47.7236835],[8.6686726,47.7239136],[8.6687819,47.724419],[8.668854,47.7247419],[8.6689319,47.7250639],[8.6690141,47.7253866],[8.6690989,47.7257064],[8.6691541,47.7258962],[8.6692145,47.7260856],[8.6692785,47.7262549],[8.6693486,47.7264242],[8.6694276,47.7265924],[8.6695096,47.7267602],[8.6695895,47.7269085],[8.6696746,47.7270553],[8.6697685,47.7271985],[8.6698668,47.7273404],[8.6699699,47.7274825],[8.6700779,47.7276241],[8.6702864,47.7278718],[8.6704546,47.7280542],[8.6705968,47.7281981],[8.670745,47.7283395],[8.6708472,47.7284311],[8.6709521,47.7285221],[8.671059,47.7286119],[8.6711674,47.7287],[8.6712765,47.7287856],[8.671387,47.7288699],[8.6717216,47.7291123],[8.6720644,47.729354],[8.6727492,47.7298357],[8.6741224,47.7307993],[8.6746414,47.731175],[8.6748999,47.7313646],[8.6751553,47.7315556],[8.67541,47.7317494],[8.6756601,47.7319435],[8.6761554,47.7323332],[8.6766628,47.732746],[8.6771635,47.7331602],[8.6777803,47.7336827],[8.6784005,47.7342014],[8.6789083,47.734621],[8.6791628,47.7348233],[8.6793999,47.7349963],[8.6796417,47.7351613],[8.6797634,47.7352383],[8.6798901,47.7353128],[8.6800182,47.7353824],[8.6801482,47.7354499],[8.6802814,47.7355139],[8.680417,47.7355748],[8.6805476,47.7356303],[8.6806802,47.7356832],[8.6808226,47.7357355],[8.6809666,47.7357832],[8.6811075,47.7358257],[8.6812506,47.7358666],[8.6814179,47.73591],[8.6815878,47.7359501],[8.6817554,47.7359842],[8.6819219,47.7360146],[8.682083,47.7360378],[8.6822423,47.7360571],[8.6823998,47.736073],[8.6825607,47.7360856],[8.682743,47.7360959],[8.6829257,47.7361027],[8.6831132,47.7361057],[8.6833011,47.7361038],[8.6835206,47.736097],[8.6837299,47.7360858],[8.68394,47.7360719],[8.6841479,47.7360555],[8.6844879,47.7360247],[8.684821,47.7359905],[8.68549,47.7359191],[8.6858718,47.7358836]]}},{"type":"Feature","properties":{"highway":"trunk","int_ref":"E 41;E 54","lanes":"1","maxspeed":"80","motorroad":"yes","oneway":"yes","ref":"A4","toll":"yes","carriage_ref":"A"},"geometry":{"type":"LineString","coordinates":[[8.6545491,47.7168381],[8.6548509,47.7171089],[8.6551749,47.717377],[8.6555415,47.7176576]]}},{"type":"Feature","properties":{"bridge":"yes","highway":"motorway","int_ref":"E 41","layer":"1","oneway":"yes","ref":"A4","toll":"yes","carriage_ref":"A"},"geometry":{"type":"LineString","coordinates":[[8.4601281,47.0942729],[8.4599741,47.0944459]]}},{"type":"Feature","properties":{"change:lanes:backward":"no","change:lanes:forward":"no","destination:forward":"Uhwiesen;Zürich;Sankt Gallen","highway":"trunk","int_ref":"E 41;E 54","lanes":"2","layer":"-2","lit":"yes","maxheight":"default","maxspeed":"80","motorroad":"yes","oneway":"no","overtaking":"no","ref":"A4;E41","source:maxspeed":"sign","toll":"yes","tunnel":"yes","tunnel:name":"Fäsenstaub","carriage_ref":"B"},"geometry":{"type":"LineString","coordinates":[[8.62577009365,47.69464933409],[8.62561759365,47.69431553411],[8.62541099365,47.69391303413]]}},{"type":"Feature","properties":{"avz":"191","cs_dir:forward":"2","highway":"motorway","int_ref":"E 41","lanes":"3","maxspeed":"120","oneway":"yes","ref":"A4","ssvz":"806N","toll":"yes","carriage_ref":"A"},"geometry":{"type":"LineString","coordinates":[[8.5605423,47.0459514],[8.5600605,47.0457499],[8.5595611,47.0455613],[8.5589411,47.0453564],[8.5583042,47.045168],[8.557607,47.0449992],[8.5569084,47.0448398]]}},{"type":"Feature","properties":{"bridge":"yes","highway":"motorway","int_ref":"E 41","lanes":"2","layer":"1","maxspeed":"100","oneway":"yes","ref":"A4","source:maxspeed":"sign","toll":"yes","carriage_ref":"B"},"geometry":{"type":"LineString","coordinates":[[8.5427599,47.0466395],[8.543048,47.046254]]}},{"type":"Feature","properties":{"highway":"motorway","int_ref":"E 41;E 60","lanes":"3","maxspeed":"120","oneway":"yes","ref":"A1;A4","shoulder:right":"yes","source:maxspeed":"CH:motorway","surface":"asphalt","toll":"yes","carriage_ref":"A"},"geometry":{"type":"LineString","coordinates":[[8.6995257,47.4494699],[8.6996593,47.4496076],[8.6999591,47.4499092],[8.7002549,47.4501979],[8.7005562,47.4504823],[8.7008927,47.4507912],[8.701066,47.450946],[8.7012371,47.4510978],[8.7014788,47.4513082],[8.7017229,47.4515179],[8.7021035,47.4518315],[8.7022944,47.4519893],[8.7024878,47.4521447],[8.7027673,47.4523652],[8.7029888,47.452539]]}},{"type":"Feature","properties":{"highway":"motorway","int_ref":"E 41;E 60","lanes":"2","lit":"yes","maxspeed":"100","oneway":"yes","ref":"A1;A4","source:maxspeed":"sign","surface":"asphalt","toll":"yes","carriage_ref":"A"},"geometry":{"type":"LineString","coordinates":[[8.5746806,47.4124909],[8.574787,47.4123293],[8.5748943,47.4121783],[8.5750149,47.4120342],[8.5751932,47.4118536],[8.575404,47.4116652]]}},{"type":"Feature","properties":{"avz":"20","cs_dir:forward":"2","highway":"motorway","int_ref":"E 41;E 60","lanes":"3","lit":"no","maxspeed":"80","oneway":"yes","overtaking:hgv":"no","ref":"A1;A4","source:maxspeed":"CH:motorway","ssvz":"850N","surface":"asphalt","toll":"yes","carriage_ref":"B"},"geometry":{"type":"LineString","coordinates":[[8.5069676,47.4286318],[8.506715,47.4285597],[8.5063818,47.4284713],[8.5058865,47.4283422]]}},{"type":"Feature","properties":{"bridge":"yes","highway":"motorway","int_ref":"E 41","lanes":"2","layer":"1","oneway":"yes","ref":"A4","toll":"yes","carriage_ref":"B"},"geometry":{"type":"LineString","coordinates":[[8.6267835,47.0195614],[8.6266494,47.0192433],[8.6265377,47.0189084],[8.6263999,47.0184679],[8.6262937,47.0180166],[8.626231,47.0176834],[8.6261869,47.0173493],[8.6260995,47.0167216],[8.62596,47.0154195],[8.6259188,47.0151072],[8.6258742,47.0148416],[8.6258182,47.0145797]]}},{"type":"Feature","properties":{"highway":"motorway","int_ref":"E 41","lanes":"3","maxspeed":"100","oneway":"yes","ref":"A4","source:maxspeed":"sign","surface":"asphalt","toll":"yes","carriage_ref":"A"},"geometry":{"type":"LineString","coordinates":[[8.4330314,47.1619788],[8.4329202,47.1629895]]}},{"type":"Feature","properties":{"bridge":"yes","highway":"motorway","int_ref":"E 41","lanes":"2","layer":"1","maxspeed":"100","oneway":"yes","ref":"A4","toll":"yes","carriage_ref":"A"},"geometry":{"type":"LineString","coordinates":[[8.5293745,47.0513025],[8.5289032,47.0514069],[8.5284309,47.0515319],[8.5279796,47.0516655],[8.5277643,47.0517344]]}},{"type":"Feature","properties":{"change:lanes":"not_left|not_right|no","highway":"motorway","int_ref":"E 41","lanes":"3","layer":"-1","lit":"yes","maxheight":"default","maxspeed":"100","maxspeed:variable":"obstruction","oneway":"yes","placement":"right_of:1","ref":"A3;A4","shoulder":"none","source:maxspeed":"signals","surface":"asphalt","toll":"yes","tunnel":"yes","tunnel:name":"Honerettunnel","carriage_ref":"B"},"geometry":{"type":"LineString","coordinates":[[8.4142883,47.390221],[8.4141041,47.389698],[8.4139881,47.3892268],[8.4139002,47.3886294],[8.4138731,47.3879968],[8.4139192,47.3873629],[8.4140169,47.3868252],[8.4141757,47.3862813]]}},{"type":"Feature","properties":{"bridge":"yes","highway":"trunk","int_ref":"E 41","lanes":"2","layer":"1","maxspeed":"100","oneway":"yes","ref":"A4","toll":"yes","carriage_ref":"A"},"geometry":{"type":"LineString","coordinates":[[8.6224262,47.0017862],[8.6223892,47.0018731]]}},{"type":"Feature","properties":{"bridge":"yes","highway":"trunk","int_ref":"E 41","lanes":"2","layer":"1","maxspeed":"100","oneway":"yes","ref":"A4","toll":"yes","turn:lanes":"merge_to_right|","carriage_ref":"B"},"geometry":{"type":"LineString","coordinates":[[8.6207405,47.0042678],[8.6208505,47.0040474]]}},{"type":"Feature","properties":{"highway":"motorway","int_ref":"E 41","lanes":"2","maxspeed":"100","oneway":"yes","ref":"A4","source:maxspeed":"sign","toll":"yes","carriage_ref":"B"},"geometry":{"type":"LineString","coordinates":[[8.543048,47.046254],[8.5436693,47.0454613],[8.5438403,47.0452628],[8.544069,47.0450032],[8.5443217,47.0447489],[8.5445636,47.0445088],[8.5448282,47.0442744],[8.5450641,47.0440851],[8.5452991,47.043906],[8.5456771,47.0436673],[8.5460673,47.0434512],[8.5464145,47.043292],[8.5465877,47.0432163],[8.5467722,47.0431449]]}},{"type":"Feature","properties":{"highway":"trunk","int_ref":"E 41","lanes":"3","maxspeed":"100","motorroad":"yes","oneway":"yes","placement":"right_of:1","ref":"A4","shoulder:right":"yes","source:maxspeed":"sign","surface":"asphalt","toll":"yes","turn:lanes":"||slight_right","carriage_ref":"A"},"geometry":{"type":"LineString","coordinates":[[8.6915375,47.5994345],[8.6915725,47.5995923],[8.6915987,47.599726]]}},{"type":"Feature","properties":{"highway":"motorway","int_ref":"E 41;E 60","lanes":"3","lit":"no","maxspeed":"120","oneway":"yes","overtaking:hgv":"no","ref":"A1;A4","source:maxspeed":"CH:motorway","surface":"asphalt","toll":"yes","carriage_ref":"A"},"geometry":{"type":"LineString","coordinates":[[8.519367,47.432363],[8.519826,47.4324731],[8.5202532,47.4325732],[8.5207123,47.4326725],[8.5211742,47.4327718],[8.5216127,47.4328607],[8.5220708,47.4329464],[8.5225089,47.433028],[8.5227415,47.4330732],[8.5232002,47.433155],[8.5236537,47.4332249],[8.524126,47.4332961],[8.5245988,47.4333621],[8.5250656,47.4334225],[8.5255192,47.4334793],[8.5260102,47.433529],[8.5264879,47.4335778],[8.5269364,47.4336157],[8.5274035,47.4336573],[8.5278772,47.4336914],[8.5283314,47.4337191],[8.5287988,47.4337502],[8.5292838,47.4337656],[8.5297547,47.433787],[8.530199,47.4337935],[8.5305629,47.4338009],[8.5309093,47.4338112],[8.5313576,47.4338199],[8.5318751,47.4338123],[8.5323302,47.43381],[8.5327871,47.4337901],[8.5333917,47.4337749],[8.5338191,47.4337693],[8.5342982,47.4337314],[8.534798,47.4337082],[8.535264,47.4336744],[8.5357382,47.4336397],[8.5364237,47.4335839],[8.5368697,47.433542],[8.5373385,47.4334935],[8.5378151,47.4334428],[8.5382194,47.4333868],[8.5386887,47.4333218],[8.5391709,47.4332566],[8.5396041,47.4331886],[8.5400447,47.4331199],[8.5405732,47.4330271],[8.5410374,47.4329374],[8.5414967,47.4328569],[8.5419806,47.4327587],[8.5424059,47.4326656],[8.5427879,47.4325771],[8.5433746,47.4324409],[8.5437273,47.4323493],[8.5440289,47.4322703],[8.544579,47.4321198]]}},{"type":"Feature","properties":{"bridge":"viaduct","highway":"motorway","int_ref":"E 41","lanes":"2","layer":"1","maxspeed":"120","oneway":"yes","ref":"A4","toll":"yes","carriage_ref":"A"},"geometry":{"type":"LineString","coordinates":[[8.5066781,47.0683557],[8.506456,47.0685261],[8.5063123,47.068635],[8.5061623,47.0687437],[8.5060118,47.0688477],[8.505859,47.0689482],[8.5056693,47.0690664],[8.5054738,47.0691756],[8.5052152,47.0692979]]}},{"type":"Feature","properties":{"avz":"572","cs_dir:forward":"2","highway":"motorway","int_ref":"E 41","lanes":"3","layer":"-4","lit":"yes","maxspeed":"100","oneway":"yes","placement":"right_of:1","ref":"A4","toll":"yes","tunnel":"yes","tunnel:name":"Islisbergtunnel","turn:lanes":"through|through|right","carriage_ref":"A"},"geometry":{"type":"LineString","coordinates":[[8.4592132,47.333858],[8.4594761,47.3343059],[8.4595893,47.3345291]]}},{"type":"Feature","properties":{"highway":"trunk","int_ref":"E 41","lanes":"2","maxspeed":"100","motorroad":"yes","oneway":"yes","ref":"A4","shoulder:right":"yes","source:maxspeed":"sign","surface":"asphalt","toll":"yes","carriage_ref":"B"},"geometry":{"type":"LineString","coordinates":[[8.6915078,47.6002328],[8.6915003,47.6000738],[8.6914896,47.5999437],[8.6914748,47.5998486],[8.6914588,47.5997555],[8.6914291,47.5996008],[8.6913892,47.5994473],[8.6913583,47.5993359],[8.6913233,47.5992241],[8.6912688,47.5990567],[8.6912068,47.5988829],[8.691116,47.598671],[8.6908394,47.5981092]]}},{"type":"Feature","properties":{"destination":"St. Gallen","highway":"motorway","int_ref":"E 41;E 60","lanes":"3","lit":"yes","maxspeed":"80","oneway":"yes","ref":"A1;A4","source:maxspeed":"sign","surface":"asphalt","toll":"yes","carriage_ref":"A"},"geometry":{"type":"LineString","coordinates":[[8.435561,47.4136826],[8.4361684,47.4138197],[8.4369038,47.4139926],[8.4376241,47.414174]]}},{"type":"Feature","properties":{"bridge":"yes","destination:lanes":"Urdorf-Süd|Urdorf-Süd;Urdorf-Nord;Schlieren;Dietikon","highway":"motorway","int_ref":"E 41","lanes":"2","layer":"2","lit":"no","maxspeed":"100","maxspeed:variable":"obstruction","oneway":"yes","overtaking:hgv":"no","ref":"A3;A4","shoulder:right":"yes","source:maxspeed":"signals","surface":"asphalt","toll":"yes","carriage_ref":"B"},"geometry":{"type":"LineString","coordinates":[[8.4212126,47.4025866],[8.4207694,47.3996414],[8.4206649,47.3991155],[8.4205471,47.3985863],[8.4202984,47.3978488],[8.420154,47.3975367]]}},{"type":"Feature","properties":{"bridge":"yes","highway":"motorway","int_ref":"E 41","lanes":"1","layer":"1","lit":"yes","maxspeed":"80","oneway":"yes","ref":"A4","source:maxspeed":"sign","surface":"asphalt","toll":"yes","carriage_ref":"B"},"geometry":{"type":"LineString","coordinates":[[8.4286081,47.4118465],[8.4284348,47.4117674],[8.4282967,47.4116992],[8.4281453,47.4116309]]}},{"type":"Feature","properties":{"highway":"trunk","int_ref":"E 41","lanes":"2","maxspeed":"100","motorroad":"yes","oneway":"yes","ref":"A4","shoulder":"none","source:maxspeed":"sign","surface":"asphalt","toll":"yes","carriage_ref":"A"},"geometry":{"type":"LineString","coordinates":[[8.6861834,47.612646],[8.685795,47.6137562],[8.6856236,47.614259],[8.6855682,47.6144148]]}},{"type":"Feature","properties":{"change:lanes":"not_left|not_left|not_right","destination":"Bern;Chur;Luzern;Nordring-Zürich","destination:int_ref":"E 41;E 60","destination:ref":"A 1;A 4","highway":"motorway","int_ref":"E 41;E 60","lanes":"3","lit":"yes","maxspeed":"signals","oneway":"yes","placement":"right_of:2","ref":"A1;A4","source:maxspeed":"signals","surface":"asphalt","toll":"yes","turn:lanes":"merge_to_right|none|none","carriage_ref":"B"},"geometry":{"type":"LineString","coordinates":[[8.5745494,47.4204595],[8.5745162,47.4207536],[8.5745107,47.4210408]]}},{"type":"Feature","properties":{"destination":"Chur;Luzern;Westring-Zürich","destination:ref":"A3;A4","highway":"motorway","int_ref":"E 41","lanes":"1","lit":"yes","maxspeed":"80","oneway":"yes","ref":"A4","source:maxspeed":"sign","surface":"asphalt","toll":"yes","carriage_ref":"B"},"geometry":{"type":"LineString","coordinates":[[8.4318354,47.4129395],[8.431598,47.4128723],[8.4313318,47.4127955],[8.4309134,47.4126704],[8.4306032,47.4125738],[8.4303039,47.4124692],[8.4300711,47.4123911],[8.4296705,47.412249],[8.4292691,47.4121037],[8.4290339,47.4120115],[8.4288305,47.4119331],[8.4286081,47.4118465]]}},{"type":"Feature","properties":{"change:lanes":"not_left|not_right|no","highway":"motorway","int_ref":"E 41","lanes":"3","maxspeed":"100","oneway":"yes","placement":"right_of:1","ref":"A4","source:maxspeed":"sign","surface":"asphalt","toll":"yes","carriage_ref":"A"},"geometry":{"type":"LineString","coordinates":[[8.463513,47.2020656],[8.4639278,47.2023736]]}},{"type":"Feature","properties":{"change:lanes":"not_left|not_right|no","highway":"motorway","int_ref":"E 41","lanes":"3","maxspeed":"120","oneway":"yes","placement":"right_of:1","ref":"A4","shoulder:right":"yes","source:maxspeed":"CH:motorway","surface":"asphalt","toll":"yes","carriage_ref":"A"},"geometry":{"type":"LineString","coordinates":[[8.4358524,47.2745066],[8.435692,47.2746128]]}},{"type":"Feature","properties":{"change:lanes":"not_left|yes|not_right|not_right","highway":"motorway","int_ref":"E 41","lanes":"4","maxspeed":"signals","oneway":"yes","placement":"middle_of:2","ref":"A4","shoulder:right":"yes","source:maxspeed":"signals","surface":"asphalt","toll":"yes","turn:lanes":"none|none|none|merge_to_left","carriage_ref":"B"},"geometry":{"type":"LineString","coordinates":[[8.4449244,47.1888885],[8.4439105,47.1881485]]}},{"type":"Feature","properties":{"highway":"motorway","int_ref":"E 41","lanes":"2","lit":"yes","maxspeed":"120","oneway":"yes","ref":"A4","source:maxspeed":"CH:motorway","toll":"yes","carriage_ref":"A"},"geometry":{"type":"LineString","coordinates":[[8.4570641,47.2361944],[8.4554843,47.240421]]}},{"type":"Feature","properties":{"bridge":"yes","highway":"motorway","int_ref":"E 41;E 60","lanes":"3","layer":"1","lit":"no","maxspeed":"120","oneway":"yes","ref":"A1;A4","source:maxspeed":"CH:motorway","surface":"asphalt","toll":"yes","carriage_ref":"B"},"geometry":{"type":"LineString","coordinates":[[8.5502027,47.43038],[8.5496028,47.4306233]]}},{"type":"Feature","properties":{"destination":"Sankt Gallen;Schaffhausen","highway":"motorway","int_ref":"E 41;E 60","lanes":"2","lit":"yes","maxspeed":"100","oneway":"yes","placement":"transition","ref":"A1;A4","surface":"asphalt","toll":"yes","carriage_ref":"A"},"geometry":{"type":"LineString","coordinates":[[8.5741761,47.4177389],[8.5741955,47.4169338]]}},{"type":"Feature","properties":{"bridge":"viaduct","highway":"motorway","int_ref":"E 41","lanes":"2","layer":"1","maxspeed":"120","oneway":"yes","ref":"A4","toll":"yes","carriage_ref":"B"},"geometry":{"type":"LineString","coordinates":[[8.4890368,47.0770634],[8.489549,47.0766381],[8.4898006,47.0764296],[8.4900637,47.0762304],[8.4903479,47.076041],[8.4906381,47.0758589],[8.4909421,47.0756882],[8.4912553,47.0755217],[8.4922096,47.0750179]]}},{"type":"Feature","properties":{"highway":"motorway","int_ref":"E 41","lanes":"3","maxspeed":"80","oneway":"yes","placement":"right_of:1","ref":"A4","surface":"asphalt","toll":"yes","turn:lanes":"none|none|merge_to_left","carriage_ref":"A"},"geometry":{"type":"LineString","coordinates":[[8.4339022,47.1542884],[8.4336809,47.1546179],[8.4335424,47.15487],[8.4334048,47.1551835]]}},{"type":"Feature","properties":{"highway":"trunk","int_ref":"E 41","lanes":"2","maxspeed":"100","motorroad":"yes","oneway":"no","ref":"A4","source:maxspeed":"sign","surface":"asphalt","toll":"yes","carriage_ref":"B"},"geometry":{"type":"LineString","coordinates":[[8.68868497085,47.55572824993],[8.68856787085,47.55560584982],[8.68845337085,47.55548514972],[8.68829817085,47.55531424957],[8.68815257085,47.55514554942],[8.68805727085,47.55503034932],[8.68796367085,47.55491474921],[8.68787317085,47.55479894911],[8.68779117085,47.55468764901],[8.68771197085,47.55457404891],[8.68757027085,47.55436124873],[8.68747917085,47.55421314859],[8.68739147085,47.55406384846],[8.68731847085,47.55392824834],[8.68724937085,47.55379244822],[8.68717957085,47.55363934809],[8.68711487085,47.55348544795],[8.68705017085,47.5533183478],[8.68698967085,47.55315024766],[8.68694117085,47.55300134753],[8.68689747085,47.55285144739],[8.68684097085,47.55262164719],[8.68681527085,47.55248854707],[8.68679237085,47.55235504695],[8.68676827085,47.55220964683],[8.68675127085,47.5520692467],[8.68673667085,47.55192854658],[8.68672627085,47.55179894646],[8.68671987085,47.55166554635],[8.68671677085,47.55154904624],[8.68671807085,47.55142904614],[8.68672447085,47.551273846],[8.68673447085,47.55111704586],[8.68675627085,47.55091934569],[8.68678217085,47.55072184551],[8.68680247085,47.55059974541],[8.68685177085,47.55035954519],[8.68690397085,47.55016194502],[8.68696027085,47.54997864486],[8.68705617085,47.54971004462],[8.68716587085,47.54944164438],[8.68728267085,47.54919244416],[8.68741527085,47.54893914394],[8.68757117085,47.5486633437],[8.68775177085,47.54836394343],[8.68793937085,47.54807184317],[8.68827677085,47.54757754274],[8.68862107085,47.54707354229],[8.68918877085,47.54624024156]]}},{"type":"Feature","properties":{"avz":"286","cs_dir:forward":"2","highway":"motorway","int_ref":"E 41;E 60","lanes":"3","lit":"yes","maxspeed":"100","oneway":"yes","ref":"A1;A4","source:maxspeed":"sign","surface":"asphalt","toll":"yes","carriage_ref":"B"},"geometry":{"type":"LineString","coordinates":[[8.6173406,47.4107015],[8.6167899,47.4105009],[8.6162012,47.4103009]]}},{"type":"Feature","properties":{"highway":"trunk","int_ref":"E 41","lanes":"2","maxspeed:backward":"80","maxspeed:forward":"100","oneway":"no","ref":"A4","source:maxspeed":"sign","toll":"yes","carriage_ref":"A"},"geometry":{"type":"LineString","coordinates":[[8.62238923797,46.99890946096],[8.62248443797,46.99912386094]]}},{"type":"Feature","properties":{"change:lanes":"not_left|yes|yes|no","destination:lanes":"Zürich;Rapperswil;Brüttisellen|Zürich;Rapperswil;Brüttisellen|Zürich;Rapperswil;Brüttisellen|Effretikon;Kemptthal","highway":"motorway","int_ref":"E 41;E 60","lanes":"4","maxspeed":"signals","oneway":"yes","placement":"middle_of:2","ref":"A1;A4","shoulder:right":"yes","surface":"asphalt","toll":"yes","turn:lanes":"|||slight_right","carriage_ref":"B"},"geometry":{"type":"LineString","coordinates":[[8.6968146,47.4465634],[8.6965866,47.4462633],[8.6962555,47.4458101],[8.6961306,47.4456483],[8.6960112,47.4455003],[8.6958845,47.4453535]]}},{"type":"Feature","properties":{"highway":"trunk","int_ref":"E 41","lanes":"2","maxspeed":"100","motorroad":"yes","oneway":"yes","placement":"middle_of:1","ref":"A4","source:maxspeed":"sign","surface":"asphalt","toll":"yes","turn:lanes:forward":"|slight_right","carriage_ref":"A"},"geometry":{"type":"LineString","coordinates":[[8.6853759,47.5733312],[8.6850287,47.57366],[8.6848331,47.5738481]]}},{"type":"Feature","properties":{"highway":"trunk","int_ref":"E 41","lanes":"1","maxheight":"default","maxspeed":"100","motorroad":"yes","oneway":"yes","ref":"A4","shoulder:right":"yes","source:maxspeed":"sign","surface":"asphalt","toll":"yes","carriage_ref":"A"},"geometry":{"type":"LineString","coordinates":[[8.6904788,47.563555],[8.6903668,47.5636876],[8.6902491,47.5638198],[8.6899335,47.5641782],[8.68962,47.564533],[8.6894319,47.5647593],[8.6893395,47.5648728],[8.6892501,47.5649879],[8.6891085,47.5651744],[8.6890409,47.5652696],[8.6889783,47.5653659],[8.688899,47.5654842],[8.6888265,47.5656043],[8.6887549,47.5657251],[8.6886903,47.5658465],[8.6885748,47.5660733],[8.6884695,47.5663],[8.6883906,47.5664975],[8.6883203,47.5666971],[8.6882526,47.5669157],[8.6881972,47.5671392],[8.6881473,47.56739],[8.6881083,47.5676437],[8.688083,47.5678799],[8.6880641,47.5681168],[8.6880258,47.5686084],[8.6880034,47.5688664],[8.6879773,47.569124],[8.6879566,47.5692652],[8.6879326,47.5694068],[8.6879072,47.5695483],[8.6878768,47.5696894],[8.6878387,47.5698396],[8.6877966,47.5699895],[8.6877661,47.5700869],[8.6877325,47.5701861],[8.6876591,47.5703802],[8.6876135,47.5704955],[8.6875641,47.5706116],[8.6874559,47.570841],[8.6873909,47.5709703],[8.6873203,47.5711004],[8.6872468,47.571228],[8.687169,47.5713554],[8.6870838,47.5714879],[8.6869929,47.5716195],[8.6869008,47.5717496],[8.6868041,47.5718804],[8.6867122,47.5719916],[8.6866183,47.5721037],[8.6865215,47.5722146],[8.6864221,47.5723254],[8.6863172,47.5724349],[8.6862096,47.5725435],[8.6859876,47.5727609],[8.6857364,47.5729982],[8.6853759,47.5733312]]}},{"type":"Feature","properties":{"bridge":"yes","bridge:name":"Reppischtalbrücke","highway":"motorway","int_ref":"E 41","lanes":"2","layer":"1","lit":"yes","maxspeed":"100","maxspeed:variable":"obstruction","oneway":"yes","overtaking:hgv":"no","ref":"A3;A4","shoulder:right":"yes","source:maxspeed":"signals","surface":"asphalt","toll":"yes","carriage_ref":"B"},"geometry":{"type":"LineString","coordinates":[[8.4235939,47.3624471],[8.4233421,47.3618555]]}},{"type":"Feature","properties":{"avz":"50","bridge":"yes","cs_dir:backward":"2","cs_dir:forward":"1","highway":"trunk","int_ref":"E 41","lanes":"2","layer":"1","maxspeed":"80","oneway":"no","ref":"A4","source:maxspeed":"sign","ssvz":"51N","toll":"yes","carriage_ref":"B"},"geometry":{"type":"LineString","coordinates":[[8.6106317,46.9908856],[8.6106669,46.9906539],[8.6107235,46.9903821]]}},{"type":"Feature","properties":{"change:lanes":"not_left|not_right|yes","destination":"Uhwiesen","highway":"trunk","int_ref":"E 41","lanes":"3","maxspeed":"100","motorroad":"yes","oneway":"yes","placement":"right_of:1","ref":"A4","shoulder":"none","source:maxspeed":"sign","surface":"asphalt","toll":"yes","turn:lanes":"||merge_to_left","carriage_ref":"A"},"geometry":{"type":"LineString","coordinates":[[8.6489452,47.6477046],[8.648538,47.648077],[8.6483271,47.6482698],[8.6481105,47.6484611],[8.6476724,47.6488419]]}},{"type":"Feature","properties":{"highway":"motorway","int_ref":"E 41","lanes":"2","lit":"yes","maxspeed":"120","oneway":"yes","ref":"A4","shoulder:right":"yes","source:maxspeed":"CH:motorway","surface":"asphalt","toll":"yes","carriage_ref":"B"},"geometry":{"type":"LineString","coordinates":[[8.4557739,47.2391572],[8.4568979,47.2361616]]}},{"type":"Feature","properties":{"highway":"motorway","int_ref":"E 41","lanes":"1","lit":"yes","maxspeed":"100","oneway":"yes","ref":"A4","source:maxspeed":"sign","toll":"yes","carriage_ref":"A"},"geometry":{"type":"LineString","coordinates":[[8.6996576,47.5268486],[8.699488,47.5269433],[8.6993208,47.5270384],[8.6991395,47.5271359],[8.6989894,47.5272185],[8.6986889,47.5273823]]}},{"type":"Feature","properties":{"highway":"motorway","int_ref":"E 41","lanes":"2","maxspeed":"120","oneway":"yes","ref":"A4","toll":"yes","carriage_ref":"B"},"geometry":{"type":"LineString","coordinates":[[8.4768322,47.0844313],[8.477293,47.0841523],[8.4780544,47.0836474],[8.4785212,47.0833581],[8.479105,47.083035],[8.4801045,47.0825272],[8.4805712,47.0822959],[8.4810431,47.0820568],[8.4813253,47.0819101],[8.4816023,47.0817503],[8.4818707,47.0815858],[8.4821417,47.0814034],[8.4823324,47.0812793],[8.4825245,47.0811423],[8.4828996,47.0808465],[8.4833679,47.0804657],[8.483961,47.0799448],[8.4841821,47.0797603],[8.4844293,47.0795859]]}},{"type":"Feature","properties":{"highway":"motorway","int_ref":"E 41","lanes":"2","layer":"-2","lit":"yes","maxspeed":"100","oneway":"yes","ref":"A3;A4","source:maxspeed":"sign","toll":"yes","tunnel":"yes","tunnel:name":"Eggraintunnel","carriage_ref":"A"},"geometry":{"type":"LineString","coordinates":[[8.4239245,47.362231],[8.4242226,47.363037],[8.4244209,47.3637588],[8.4244871,47.364138],[8.4245022,47.364519],[8.4245042,47.3648457],[8.4244787,47.3651694],[8.424414,47.3655017],[8.4243374,47.365831],[8.4242213,47.3661664],[8.4241116,47.366427]]}},{"type":"Feature","properties":{"avz":"93","cs_dir:forward":"1","destination:int_ref:lanes":"E 60|E 60|E 60;E 41","destination:lanes":"Sankt Gallen;Kreuzlingen|Sankt Gallen;Kreuzlingen|Sankt Gallen;Kreuzlingen;Schaffhausen","destination:ref:lanes":"A1|A1|A1;A4","highway":"motorway","int_ref":"E 41;E 60","lanes":"3","maxspeed":"100","oneway":"yes","ref":"A1;A4","shoulder:right":"yes","ssvz":"700N","surface":"asphalt","toll":"yes","carriage_ref":"A"},"geometry":{"type":"LineString","coordinates":[[8.6933557,47.5163026],[8.6942327,47.5170275],[8.6951578,47.5178218],[8.6954957,47.5181264],[8.6958285,47.5184366],[8.6961524,47.5187459],[8.6964711,47.5190588],[8.6967018,47.5193024],[8.6970744,47.519685],[8.6974615,47.5201056],[8.6976569,47.5203229],[8.6977848,47.5204721]]}},{"type":"Feature","properties":{"highway":"motorway","int_ref":"E 41;E 60","lanes":"2","maxspeed":"100","oneway":"yes","ref":"A1;A4","source:maxspeed":"sign","surface":"asphalt","toll":"yes","carriage_ref":"A"},"geometry":{"type":"LineString","coordinates":[[8.7046886,47.4792101],[8.7046164,47.4795561],[8.7045342,47.4798984],[8.7044613,47.4801776],[8.7044234,47.4803182],[8.7043822,47.480457],[8.7043014,47.4807362],[8.7042165,47.4810148],[8.7038781,47.482126],[8.7023569,47.4871232],[8.7022798,47.4874439],[8.7022467,47.4876099],[8.7022197,47.4877687]]}},{"type":"Feature","properties":{"avz":"114","cs_dir:forward":"2","highway":"motorway","int_ref":"E 41;E 60","lanes":"4","maxspeed":"120","oneway":"yes","placement":"middle_of:2","ref":"A1;A4","source:maxspeed":"CH:motorway","ssvz":"751N","surface":"asphalt","toll":"yes","turn:lanes":"none|none|none|merge_to_left","carriage_ref":"B"},"geometry":{"type":"LineString","coordinates":[[8.6452883,47.4237226],[8.6449656,47.4236931],[8.6446605,47.4236559],[8.6441483,47.4235986],[8.6436491,47.4235412]]}},{"type":"Feature","properties":{"highway":"motorway","int_ref":"E 41;E 60","lanes":"2","layer":"-1","length":"3250","lit":"24/7","maxspeed":"100","oneway":"yes","ref":"A1;A4","source:maxspeed":"sign","surface":"asphalt","toll":"yes","tunnel":"yes","tunnel:name":"Gubristtunnel","wikipedia":"de:Gubristtunnel","carriage_ref":"B"},"geometry":{"type":"LineString","coordinates":[[8.4828606,47.4240677],[8.4822156,47.423854],[8.4818294,47.4237238],[8.4814294,47.4235987],[8.4806158,47.4233698],[8.4802161,47.4232706],[8.4798076,47.4231774],[8.4790481,47.4230264],[8.4782677,47.4229077],[8.4765454,47.4227082],[8.468078,47.4219704],[8.4666654,47.4218441],[8.4652545,47.4216904],[8.462424,47.4213917],[8.460215,47.4211594],[8.4580116,47.4208895],[8.4536002,47.4203321],[8.4522363,47.4201415],[8.4507453,47.4198752],[8.4496516,47.4196216],[8.4488663,47.4193997],[8.4480434,47.4191254],[8.4472401,47.4188278],[8.4465944,47.418552],[8.4460241,47.4182851],[8.445544,47.4180241],[8.4450794,47.4177319],[8.44458,47.417383],[8.4440191,47.4169525],[8.4432562,47.4165001],[8.4426199,47.4161309],[8.4421063,47.4158446]]}},{"type":"Feature","properties":{"bridge":"yes","highway":"motorway","int_ref":"E 41","lanes":"2","layer":"1","maxspeed":"100","oneway":"yes","ref":"A4","toll":"yes","carriage_ref":"A"},"geometry":{"type":"LineString","coordinates":[[8.5432461,47.046325],[8.5430084,47.0466519]]}},{"type":"Feature","properties":{"highway":"trunk","int_ref":"E 41","lanes":"2","maxspeed":"100","motorroad":"yes","oneway":"yes","ref":"A4","source:maxspeed":"sign","toll":"yes","carriage_ref":"B"},"geometry":{"type":"LineString","coordinates":[[8.6259405,47.6637414],[8.6260434,47.6635257],[8.6261556,47.6633118],[8.6262463,47.6631497],[8.6263335,47.6630008],[8.6264261,47.6628514],[8.626524,47.6627025],[8.6266235,47.6625564],[8.6267287,47.6624116],[8.626835,47.6622716],[8.6269455,47.6621334],[8.6270609,47.6619951],[8.627191,47.6618439],[8.6272807,47.661738]]}},{"type":"Feature","properties":{"highway":"trunk","int_ref":"E 41","lanes":"2","maxheight":"default","maxspeed":"100","motorroad":"yes","oneway":"yes","ref":"A4","shoulder":"none","source:maxspeed":"sign","surface":"asphalt","toll":"yes","carriage_ref":"A"},"geometry":{"type":"LineString","coordinates":[[8.687123,47.607318],[8.6870333,47.6075521],[8.6869885,47.6076808],[8.686948,47.6078094],[8.6869104,47.6079394],[8.6868767,47.6080708],[8.6868469,47.6081894],[8.6868182,47.6083117],[8.686795,47.608432],[8.6867758,47.6085521],[8.6867195,47.6089472],[8.6866985,47.6091502],[8.686682,47.6093526],[8.6866697,47.6095105],[8.6866602,47.6096707],[8.686639,47.6100552],[8.6866159,47.6103653],[8.6865699,47.610843],[8.6864842,47.6114104],[8.6863054,47.6122066]]}},{"type":"Feature","properties":{"bridge":"yes","highway":"trunk","int_ref":"E 41","lanes":"2","layer":"1","maxspeed":"100","motorroad":"yes","oneway":"yes","overtaking:hgv":"no","ref":"A4","shoulder":"none","source:maxspeed":"sign","surface":"asphalt","toll":"yes","carriage_ref":"B"},"geometry":{"type":"LineString","coordinates":[[8.6293641,47.6766219],[8.6288405,47.6764496]]}},{"type":"Feature","properties":{"highway":"motorway","int_ref":"E 41;E 60","lanes":"2","maxspeed":"100","oneway":"yes","overtaking:hgv":"no","ref":"A1;A4","source:maxspeed":"sign","surface":"asphalt","toll":"yes","carriage_ref":"A"},"geometry":{"type":"LineString","coordinates":[[8.687335,47.504857],[8.6872362,47.5050206],[8.6871663,47.5051766],[8.6870984,47.505333],[8.6870342,47.5054908],[8.6869734,47.5056442],[8.6869221,47.5057932],[8.6868496,47.5060469],[8.6867849,47.5063001]]}},{"type":"Feature","properties":{"highway":"motorway","int_ref":"E 41","lanes":"1","lit":"yes","maxspeed":"100","maxspeed:variable":"obstruction","oneway":"yes","ref":"A4","source:maxspeed":"sign","toll":"yes","carriage_ref":"A"},"geometry":{"type":"LineString","coordinates":[[8.4561909,47.3420652],[8.4559227,47.3420973],[8.4556524,47.3421111],[8.4552316,47.3421129],[8.4544437,47.3421064],[8.4533544,47.3420944]]}},{"type":"Feature","properties":{"highway":"motorway","int_ref":"E 41","lanes":"3","maxspeed":"100","maxspeed:variable":"yes","oneway":"yes","ref":"A4","shoulder:right":"yes","source:maxspeed":"signals","surface":"asphalt","toll":"yes","carriage_ref":"B"},"geometry":{"type":"LineString","coordinates":[[8.4326334,47.1639521],[8.4326661,47.1634865]]}},{"type":"Feature","properties":{"highway":"motorway","int_ref":"E 41","lanes":"3","maxspeed":"120","oneway":"yes","ref":"A4","toll":"yes","carriage_ref":"B"},"geometry":{"type":"LineString","coordinates":[[8.454252,47.1128781],[8.454091,47.1125057]]}},{"type":"Feature","properties":{"avz":"565","cs_dir:forward":"1","highway":"motorway","int_ref":"E 41","lanes":"3","lit":"yes","maxspeed":"100","maxspeed:variable":"obstruction","oneway":"yes","overtaking:hgv":"no","placement":"right_of:1","ref":"A3;A4","shoulder:right":"yes","source:maxspeed":"signals","surface":"asphalt","toll":"yes","turn:lanes":"||merge_to_left","carriage_ref":"B"},"geometry":{"type":"LineString","coordinates":[[8.4277706,47.347229],[8.4279792,47.3469961],[8.4282082,47.3467405]]}},{"type":"Feature","properties":{"destination":"Bern;Chur;Luzern;Flughafen;Nordring-Zürich","destination:symbol":"airport","highway":"motorway","int_ref":"E 41;E 60","lanes":"2","lit":"yes","maxspeed":"signals","oneway":"yes","ref":"A1;A4","shoulder:right":"yes","source:maxspeed":"signals","surface":"asphalt","toll":"yes","carriage_ref":"B"},"geometry":{"type":"LineString","coordinates":[[8.5780646,47.4109701],[8.5777837,47.4110628],[8.5775647,47.411139],[8.577342,47.4112265],[8.5770489,47.4113485],[8.5768606,47.4114272],[8.5766929,47.411502],[8.576521,47.4115903],[8.576364,47.4116749],[8.5762515,47.411741],[8.5761612,47.4117977],[8.575978,47.4119211],[8.5758447,47.4120299],[8.5757163,47.412133],[8.575629,47.4122125],[8.5755386,47.4123034],[8.5753938,47.4124604],[8.5752987,47.4125937],[8.5752407,47.41268],[8.5751806,47.4127657],[8.5750942,47.4129183]]}},{"type":"Feature","properties":{"change:lanes":"not_left|not_right|no","highway":"trunk","int_ref":"E 41","lanes":"3","maxspeed":"100","motorroad":"yes","oneway":"yes","placement":"right_of:1","ref":"A4","shoulder":"none","source:maxspeed":"sign","surface":"asphalt","toll":"yes","turn:lanes":"||slight_right","carriage_ref":"A"},"geometry":{"type":"LineString","coordinates":[[8.6516704,47.6449842],[8.651491,47.6451615]]}},{"type":"Feature","properties":{"destination:int_ref:lanes":"E 60|E 60|E 60;E 41","destination:lanes":"Sankt Gallen;Kreuzlingen|Sankt Gallen;Kreuzlingen|Sankt Gallen;Kreuzlingen;Schaffhausen","destination:ref:lanes":"A1|A1|A1;A4","highway":"motorway","int_ref":"E 41;E 60","lanes":"3","maxspeed":"100","oneway":"yes","ref":"A1;A4","surface":"asphalt","toll":"yes","carriage_ref":"A"},"geometry":{"type":"LineString","coordinates":[[8.6921697,47.5153257],[8.6924152,47.515518],[8.6927176,47.5157732],[8.6930061,47.5160087],[8.6933557,47.5163026]]}},{"type":"Feature","properties":{"highway":"motorway","int_ref":"E 41","lanes":"2","maxspeed":"100","oneway":"yes","ref":"A4","toll":"yes","carriage_ref":"A"},"geometry":{"type":"LineString","coordinates":[[8.5385847,47.0497928],[8.5383766,47.0498421],[8.5381421,47.0498872]]}},{"type":"Feature","properties":{"highway":"motorway","int_ref":"E 41","lanes":"2","maxspeed":"100","oneway":"yes","ref":"A4","toll":"yes","carriage_ref":"B"},"geometry":{"type":"LineString","coordinates":[[8.6217969,47.0087264],[8.6215574,47.0083938],[8.621267,47.0079958],[8.6210468,47.0076925],[8.62091,47.007473],[8.6207879,47.0072343]]}},{"type":"Feature","properties":{"highway":"motorway","int_ref":"E 41;E 60","lanes":"3","lit":"yes","maxspeed":"100","oneway":"yes","ref":"A1;A4","shoulder:right":"yes","source:maxspeed":"sign","surface":"asphalt","toll":"yes","carriage_ref":"B"},"geometry":{"type":"LineString","coordinates":[[8.5666671,47.424801],[8.5660111,47.4248814],[8.5655485,47.4249377],[8.5650885,47.4249954],[8.5646355,47.4250573],[8.5641524,47.4251262],[8.563426,47.4252444]]}},{"type":"Feature","properties":{"change:lanes":"not_left|not_right|no","destination":"Uhwiesen","highway":"trunk","int_ref":"E 41","lanes":"3","maxspeed":"100","motorroad":"yes","oneway":"yes","placement":"right_of:1","ref":"A4","shoulder":"none","source:maxspeed":"sign","surface":"asphalt","toll":"yes","turn:lanes":"||merge_to_left","carriage_ref":"A"},"geometry":{"type":"LineString","coordinates":[[8.649182,47.6474779],[8.6489452,47.6477046]]}},{"type":"Feature","properties":{"bridge":"yes","destination:int_ref:lanes":"|E 41|E 41","destination:lanes":"Luzern;Gisikon-Root|Luzern;Gisikon-Root;Chiasso;Gotthard;Schwyz;Rotkreuz|Chiasso;Gotthard;Schwyz;Rotkreuz","destination:ref:lanes":"A14|A14;A4|A4","highway":"motorway","int_ref":"E 41","lanes":"3","layer":"1","maxspeed":"100","maxspeed:variable":"yes","oneway":"yes","ref":"A4","shoulder:right":"yes","source:maxspeed":"signals","surface":"asphalt","toll":"yes","carriage_ref":"B"},"geometry":{"type":"LineString","coordinates":[[8.4326661,47.1634865],[8.43268,47.1632667]]}},{"type":"Feature","properties":{"highway":"motorway","int_ref":"E 41","lanes":"3","layer":"-1","lit":"24/7","maxspeed":"signals","oneway":"yes","overtaking:hgv":"no","placement":"right_of:1","ref":"A3;A4","shoulder":"none","source:maxspeed":"signals","surface":"asphalt","toll":"yes","tunnel":"yes","tunnel:name":"Hafnerbergtunnel","turn:lanes":"||merge_to_left","carriage_ref":"B"},"geometry":{"type":"LineString","coordinates":[[8.4226848,47.3600387],[8.4223911,47.3592471]]}},{"type":"Feature","properties":{"change:lanes:backward":"no","change:lanes:forward":"no","hazard":"deer","highway":"trunk","int_ref":"E 41;E 54","lanes":"2","maxspeed":"80","motorroad":"yes","oneway":"no","overtaking":"no","ref":"A4","source:maxspeed":"CH:rural","surface":"asphalt","toll":"no","carriage_ref":"A"},"geometry":{"type":"LineString","coordinates":[[8.6893967,47.7364178],[8.6895617,47.736501],[8.6896884,47.736571],[8.68981,47.7366421],[8.6899282,47.736715],[8.6900409,47.736789],[8.6901299,47.7368529],[8.6902143,47.7369167],[8.6903233,47.7370058],[8.6904303,47.7370979],[8.6905314,47.7371922],[8.6906272,47.7372874],[8.6906923,47.737358],[8.6907533,47.7374282],[8.6908158,47.7375042],[8.6908737,47.7375796],[8.6909382,47.737673],[8.690997,47.7377649],[8.6910491,47.7378592],[8.6910964,47.7379542],[8.6911282,47.7380257],[8.6911568,47.7380981],[8.6911818,47.7381694],[8.691206,47.7382426],[8.6912279,47.738331],[8.6912465,47.7384198],[8.6912578,47.7385088],[8.6912663,47.7385979],[8.6912696,47.7386949],[8.6912683,47.7387922],[8.6912588,47.7388912],[8.6912462,47.7389899],[8.6912261,47.7390893],[8.6912012,47.7391885],[8.6911712,47.7392878],[8.6911383,47.7393866],[8.6910847,47.7395249],[8.6910276,47.7396622],[8.6908879,47.7399395],[8.6907444,47.7402153],[8.690453,47.7407672],[8.6899241,47.7417673],[8.6898484,47.7419169],[8.6898131,47.7419922],[8.6897796,47.7420681],[8.6897414,47.7421625]]}},{"type":"Feature","properties":{"avz":"240","cs_dir:forward":"1","destination:int_ref:lanes":"E 41;E 60|E 41;E 60|","destination:lanes":"Sankt Gallen;Schaffhausen;Zürich-City|Sankt Gallen;Schaffhausen;Zürich-City|Bülach;Flughafen","destination:ref:lanes":"A1;A4|A1;A4|A51","highway":"motorway","int_ref":"E 41;E 60","lanes":"3","layer":"-1","lit":"yes","maxspeed":"100","oneway":"yes","ref":"A1;A4","source:maxspeed":"sign","ssvz":"866N","surface":"asphalt","toll":"yes","tunnel":"yes","tunnel:name":"Stelzentunnel","carriage_ref":"A"},"geometry":{"type":"LineString","coordinates":[[8.558664,47.4263376],[8.5592777,47.426132],[8.5599039,47.4259344],[8.5602981,47.4258105],[8.5606389,47.4257092],[8.5609946,47.4256146],[8.5616058,47.4254742],[8.5622108,47.4253447],[8.562786,47.425222],[8.5633753,47.4251102]]}},{"type":"Feature","properties":{"bridge":"yes","highway":"motorway","int_ref":"E 41","lanes":"2","layer":"1","maxspeed":"100","oneway":"yes","ref":"A4","toll":"yes","carriage_ref":"B"},"geometry":{"type":"LineString","coordinates":[[8.5275661,47.0515937],[8.5277861,47.0515248],[8.5280269,47.0514575],[8.5282698,47.0513901],[8.5285413,47.0513219],[8.5287563,47.0512742],[8.5290422,47.0512138]]}},{"type":"Feature","properties":{"highway":"trunk","int_ref":"E 41","lanes":"2","maxspeed":"100","motorroad":"yes","oneway":"yes","ref":"A4","shoulder":"none","source:maxspeed":"sign","surface":"asphalt","toll":"yes","carriage_ref":"B"},"geometry":{"type":"LineString","coordinates":[[8.6228692,47.6700969],[8.6229493,47.6699507],[8.6230401,47.6697954],[8.6231327,47.66965],[8.6232289,47.6695062],[8.6233338,47.6693535],[8.6235423,47.6690672],[8.6238643,47.6686398],[8.6240821,47.6683519],[8.6241856,47.6682082],[8.6242854,47.6680654],[8.624382,47.6679226],[8.6244753,47.6677773],[8.6245632,47.6676297],[8.6246462,47.6674794],[8.624726,47.6673272],[8.6248027,47.6671639],[8.6248731,47.6669991],[8.6249264,47.666867],[8.6250388,47.6665666],[8.6250983,47.666388],[8.6251542,47.6662101],[8.6251998,47.6660533]]}},{"type":"Feature","properties":{"change:lanes":"not_left|yes|no","highway":"motorway","int_ref":"E 41;E 60","lanes":"3","maxspeed":"100","oneway":"yes","overtaking:hgv":"no","placement":"right_of:1","ref":"A1;A4","source:maxspeed":"sign","surface":"asphalt","toll":"yes","turn:lanes":"||slight_right","carriage_ref":"A"},"geometry":{"type":"LineString","coordinates":[[8.6890744,47.5124821],[8.6892293,47.5126528],[8.6894225,47.5128512]]}},{"type":"Feature","properties":{"highway":"motorway","int_ref":"E 41","lanes":"2","maxspeed":"100","oneway":"yes","ref":"A4","source:maxspeed":"sign","surface":"asphalt","toll":"yes","carriage_ref":"A"},"geometry":{"type":"LineString","coordinates":[[8.4610159,47.2002866],[8.463513,47.2020656]]}},{"type":"Feature","properties":{"highway":"trunk","int_ref":"E 41;E 54","lanes":"1","maxspeed":"80","motorroad":"yes","oneway":"yes","ref":"A4;E41;E54","source:maxspeed":"sign","toll":"yes","carriage_ref":"A"},"geometry":{"type":"LineString","coordinates":[[8.6456484,47.7121762],[8.6459374,47.7122638],[8.6462261,47.7123538],[8.6467932,47.7125337]]}},{"type":"Feature","properties":{"highway":"motorway","int_ref":"E 41","lanes":"3","layer":"-1","lit":"24/7","maxspeed":"100","maxspeed:variable":"obstruction","oneway":"yes","overtaking:hgv":"no","placement":"right_of:1","ref":"A3;A4","shoulder:right":"yes","source:maxspeed":"signals","surface":"asphalt","toll":"yes","tunnel":"yes","tunnel:name":"Hafnerbergtunnel","turn:lanes":"||slight_right","carriage_ref":"B"},"geometry":{"type":"LineString","coordinates":[[8.4243669,47.3501737],[8.4249024,47.3497255]]}},{"type":"Feature","properties":{"highway":"motorway","int_ref":"E 41","lanes":"2","maxspeed":"120","oneway":"yes","ref":"A4","toll":"yes","carriage_ref":"A"},"geometry":{"type":"LineString","coordinates":[[8.4599741,47.0944459],[8.4597885,47.0946642],[8.4596195,47.0948814],[8.4593591,47.0952786],[8.459192,47.0955585],[8.4590301,47.09586],[8.4588397,47.0963132],[8.4585979,47.0969218],[8.4584097,47.0973515],[8.4583298,47.0975136],[8.4582318,47.0976755],[8.4580535,47.097961],[8.45792,47.0981579],[8.457771,47.0983509],[8.4575882,47.0985665],[8.4573938,47.0987693],[8.4571928,47.0989535],[8.4570046,47.0991234],[8.4568235,47.0992737],[8.4566389,47.0994041],[8.456356,47.0996056],[8.4560637,47.0997906]]}},{"type":"Feature","properties":{"bridge":"yes","destination:lanes":"Chiasso;Gotthard;Luzern|Chiasso;Gotthard;Luzern;Chur","destination:ref:lanes":"A4|A4;A4a","highway":"motorway","int_ref":"E 41","lanes":"2","layer":"1","maxspeed":"120","oneway":"yes","ref":"A4","shoulder:right":"yes","source:maxspeed":"CH:motorway","surface":"asphalt","toll":"yes","carriage_ref":"B"},"geometry":{"type":"LineString","coordinates":[[8.4707536,47.2097075],[8.470564,47.2091181]]}},{"type":"Feature","properties":{"change:lanes:backward":"no","change:lanes:forward":"no","hazard":"deer","highway":"trunk","int_ref":"E 41;E 54","lanes":"2","maxspeed":"80","motorroad":"yes","oneway":"no","overtaking":"no","ref":"A4","source:maxspeed":"CH:rural","surface":"asphalt","toll":"no","carriage_ref":"B"},"geometry":{"type":"LineString","coordinates":[[8.68970811044,47.74218760318],[8.68974631044,47.74209320322],[8.68977981044,47.74201730326],[8.68981511044,47.74194200329],[8.68989081044,47.74179240337],[8.69041971044,47.74079230385],[8.69071111044,47.74024040411],[8.69085461044,47.73996460425],[8.69099431044,47.73968730438],[8.69105141044,47.73955000445],[8.69110501044,47.73941170451],[8.69113791044,47.73931290456],[8.69116791044,47.73921360461],[8.69119281044,47.73911440466],[8.69121291044,47.73901500471],[8.69122551044,47.73891630475],[8.69123501044,47.7388173048],[8.69123631044,47.73872000485],[8.69123301044,47.73862300489],[8.69122451044,47.73853390494],[8.69121321044,47.73844490498],[8.69119461044,47.73835610502],[8.69117271044,47.73826770507],[8.69114851044,47.7381945051],[8.69112351044,47.73812320514],[8.69109491044,47.73805080517],[8.69106311044,47.7379793052],[8.69101581044,47.73788430525],[8.69096371044,47.7377900053],[8.69090491044,47.73769810534],[8.69084041044,47.73760470539],[8.69078251044,47.73752930542],[8.69072001044,47.73745330546],[8.69065901044,47.73738310549],[8.69059391044,47.73731250553],[8.69049811044,47.73721730557],[8.69039701044,47.73712300562],[8.69029001044,47.73703090566],[8.69018101044,47.7369418057],[8.69009661044,47.73687800574],[8.69000761044,47.73681410577],[8.68989491044,47.7367401058],[8.68977671044,47.73666720584],[8.68965511044,47.73659610587],[8.68952841044,47.73652610591],[8.68936341044,47.73644290595]]}},{"type":"Feature","properties":{"change:lanes":"not_left|yes|not_right|no","destination:lanes":"Gotthard;Luzern|Gotthard;Luzern|Gotthard;Luzern|Cham;Aarau;Hünenberg","highway":"motorway","int_ref":"E 41","lanes":"4","maxspeed":"signals","oneway":"yes","placement":"middle_of:2","ref":"A4","shoulder:right":"yes","source:maxspeed":"signals","surface":"asphalt","toll":"yes","turn:lanes":"|||slight_right","carriage_ref":"B"},"geometry":{"type":"LineString","coordinates":[[8.4501707,47.1926652],[8.4497441,47.1923556]]}},{"type":"Feature","properties":{"bridge":"yes","highway":"motorway","int_ref":"E 41;E 60","lanes":"2","layer":"1","lit":"yes","maxspeed":"100","oneway":"yes","ref":"A1;A4","source:maxspeed":"sign","surface":"asphalt","toll":"yes","carriage_ref":"A"},"geometry":{"type":"LineString","coordinates":[[8.5718257,47.4239746],[8.5720507,47.4239033],[8.5722034,47.423847],[8.5723951,47.4237718],[8.5724863,47.4237286]]}},{"type":"Feature","properties":{"destination":"Uhwiesen","highway":"trunk","int_ref":"E 41","lanes":"3","maxspeed":"100","motorroad":"yes","oneway":"yes","placement":"right_of:1","ref":"A4","shoulder":"none","source:maxspeed":"sign","surface":"asphalt","toll":"yes","turn:lanes":"||merge_to_left","carriage_ref":"A"},"geometry":{"type":"LineString","coordinates":[[8.6476724,47.6488419],[8.6472312,47.6492212]]}},{"type":"Feature","properties":{"destination:int_ref:lanes":"||E 41","destination:lanes":"San Bernardino;Chur;Zürich-City|San Bernardino;Chur;Zürich-City|Gotthard;Luzern;Zug;Wettswil","destination:ref:lanes":"A3|A3|A4","highway":"motorway","int_ref":"E 41","lanes":"3","lit":"yes","maxspeed":"100","maxspeed:variable":"obstruction","oneway":"yes","overtaking:hgv":"no","placement":"right_of:1","ref":"A3;A4","shoulder:right":"yes","source:maxspeed":"signals","surface":"asphalt","toll":"yes","turn:lanes":"through|through|right","carriage_ref":"B"},"geometry":{"type":"LineString","coordinates":[[8.4526149,47.3417485],[8.4548003,47.3418353]]}},{"type":"Feature","properties":{"bridge":"yes","highway":"motorway","int_ref":"E 41","lanes":"3","layer":"1","maxspeed":"120","oneway":"yes","ref":"A4","source:maxspeed":"CH:motorway","toll":"yes","carriage_ref":"A"},"geometry":{"type":"LineString","coordinates":[[8.4366738,47.1823175],[8.4367154,47.1823572]]}},{"type":"Feature","properties":{"bridge":"yes","highway":"trunk","int_ref":"E 41","lanes":"1","layer":"1","maxspeed":"100","maxweight:signed":"no","motorroad":"yes","oneway":"yes","ref":"A4","source:maxspeed":"sign","toll":"yes","carriage_ref":"A"},"geometry":{"type":"LineString","coordinates":[[8.6897672,47.595647],[8.6898504,47.5958724],[8.6901153,47.5965313],[8.6904524,47.5971964],[8.6909187,47.5980928]]}},{"type":"Feature","properties":{"highway":"motorway","int_ref":"E 41","lanes":"1","lit":"yes","maxspeed":"80","oneway":"yes","placement":"transition","ref":"A4","source:maxspeed":"sign","surface":"asphalt","toll":"yes","carriage_ref":"B"},"geometry":{"type":"LineString","coordinates":[[8.4281453,47.4116309],[8.4279312,47.4115123],[8.427726,47.4113825],[8.4275195,47.4112419],[8.4274216,47.4111693],[8.4273629,47.4110923]]}},{"type":"Feature","properties":{"change:lanes":"not_left|not_right|not_left|not_right","destination:lanes":"Urdorf-Süd|Urdorf-Süd|Urdorf-Nord;Schlieren;Dietikon|Urdorf-Nord;Schlieren;Dietikon","highway":"motorway","int_ref":"E 41","lanes":"4","lit":"yes","maxspeed":"100","maxspeed:variable":"obstruction","oneway":"yes","overtaking:hgv":"no","placement":"right_of:1","ref":"A3;A4","shoulder:right":"yes","smoothness":"good","source:maxspeed":"signals","surface":"asphalt","toll":"yes","turn:lanes":"through|through|right|right","carriage_ref":"B"},"geometry":{"type":"LineString","coordinates":[[8.4174584,47.3942834],[8.417307,47.3941428]]}},{"type":"Feature","properties":{"highway":"motorway","int_ref":"E 41;E 60","lanes":"2","lit":"yes","maxspeed":"100","oneway":"yes","ref":"A1;A4","source:maxspeed":"sign","surface":"asphalt","toll":"yes","carriage_ref":"A"},"geometry":{"type":"LineString","coordinates":[[8.5742953,47.4142426],[8.5743749,47.4132744]]}},{"type":"Feature","properties":{"destination":"Schwyz","highway":"trunk","int_ref":"E 41","lanes":"2","maxspeed":"100","oneway":"yes","ref":"A4","toll":"yes","carriage_ref":"A"},"geometry":{"type":"LineString","coordinates":[[8.6220524,47.0024455],[8.6219394,47.0026134],[8.6213116,47.0035099]]}},{"type":"Feature","properties":{"highway":"motorway","int_ref":"E 41","lanes":"3","maxspeed":"120","oneway":"yes","ref":"A4","toll":"yes","turn:lanes":"none|none|merge_to_left","carriage_ref":"A"},"geometry":{"type":"LineString","coordinates":[[8.62374,47.0314336],[8.6235779,47.0317471],[8.623197,47.0325704]]}},{"type":"Feature","properties":{"highway":"motorway","int_ref":"E 41","lanes":"2","maxspeed":"120","oneway":"yes","ref":"A4","shoulder:right":"yes","source:maxspeed":"CH:motorway","surface":"asphalt","toll":"yes","carriage_ref":"B"},"geometry":{"type":"LineString","coordinates":[[8.4354821,47.2745591],[8.4363564,47.2739247],[8.4367662,47.2735515],[8.4372629,47.2729925],[8.4375831,47.2725829],[8.4377709,47.2723065],[8.4379531,47.272018],[8.4380579,47.2718406],[8.4381523,47.2716663],[8.4383624,47.2711772],[8.4384814,47.2708713],[8.4386791,47.2702611],[8.4388716,47.269635],[8.4390832,47.2689007]]}},{"type":"Feature","properties":{"highway":"motorway","int_ref":"E 41;E 60","lanes":"3","maxspeed":"120","oneway":"yes","ref":"A1;A4","source:maxspeed":"CH:motorway","surface":"asphalt","toll":"yes","turn:lanes":"||slight_right","carriage_ref":"A"},"geometry":{"type":"LineString","coordinates":[[8.7049637,47.474061],[8.7049489,47.474396],[8.7049419,47.4747278],[8.7049352,47.4750587],[8.7049403,47.4764122]]}},{"type":"Feature","properties":{"highway":"motorway","int_ref":"E 41","lanes":"3","maxspeed":"120","oneway":"yes","placement":"right_of:1","ref":"A4","shoulder":"none","source:maxspeed":"CH:motorway","surface":"asphalt","toll":"yes","turn:lanes":"||merge_to_left","carriage_ref":"B"},"geometry":{"type":"LineString","coordinates":[[8.4642993,47.2253892],[8.4645492,47.2249829]]}},{"type":"Feature","properties":{"highway":"motorway","int_ref":"E 41","lanes":"3","lit":"no","maxspeed":"100","maxspeed:variable":"obstruction","oneway":"yes","placement":"right_of:1","ref":"A3;A4","shoulder:right":"yes","source:maxspeed":"signals","surface":"asphalt","toll":"yes","turn:lanes":"||merge_to_left","carriage_ref":"B"},"geometry":{"type":"LineString","coordinates":[[8.4223488,47.4057878],[8.4221007,47.4053463],[8.4219291,47.4049991],[8.4217435,47.4045644],[8.4216261,47.4042808]]}},{"type":"Feature","properties":{"change:lanes":"not_left|not_right|no","highway":"motorway","int_ref":"E 41;E 60","lanes":"3","maxspeed":"100","oneway":"yes","overtaking:hgv":"no","placement":"right_of:1","ref":"A1;A4","source:maxspeed":"sign","surface":"asphalt","toll":"yes","turn:lanes":"||slight_right","carriage_ref":"A"},"geometry":{"type":"LineString","coordinates":[[8.6894225,47.5128512],[8.6895918,47.5130287]]}},{"type":"Feature","properties":{"highway":"trunk","int_ref":"E 41","lanes":"3","maxspeed":"100","motorroad":"yes","oneway":"yes","placement":"right_of:1","ref":"A4","shoulder":"none","source:maxspeed":"sign","surface":"asphalt","toll":"yes","turn:lanes":"||merge_to_left","carriage_ref":"A"},"geometry":{"type":"LineString","coordinates":[[8.6836423,47.6190563],[8.6835444,47.6192543],[8.6833478,47.6196373],[8.6831942,47.6199351],[8.6830713,47.6201672],[8.6829429,47.6203995],[8.6828351,47.6205924]]}},{"type":"Feature","properties":{"highway":"trunk","int_ref":"E 41","lanes":"2","maxspeed":"100","motorroad":"yes","oneway":"no","ref":"A4","source:maxspeed":"sign","surface":"asphalt","toll":"yes","carriage_ref":"B"},"geometry":{"type":"LineString","coordinates":[[8.69263237085,47.53493323158],[8.69279317085,47.53419793093],[8.69283667085,47.53399683075],[8.69288467085,47.53379443058],[8.69293527085,47.5335930304],[8.69299127085,47.53338293021]]}},{"type":"Feature","properties":{"change:lanes":"not_left|not_right|no","highway":"motorway","int_ref":"E 41","lanes":"3","lit":"yes","maxspeed":"120","oneway":"yes","placement":"right_of:1","ref":"A4","shoulder:right":"yes","source:maxspeed":"CH:motorway","surface":"asphalt","toll":"yes","turn:lanes":"none|none|slight_right","carriage_ref":"A"},"geometry":{"type":"LineString","coordinates":[[8.4396713,47.2676254],[8.4395442,47.2680744]]}},{"type":"Feature","properties":{"highway":"motorway","int_ref":"E 41","lanes":"2","maxspeed":"120","oneway":"yes","ref":"A4","shoulder:right":"yes","source:maxspeed":"CH:motorway","surface":"asphalt","toll":"yes","carriage_ref":"B"},"geometry":{"type":"LineString","coordinates":[[8.460877,47.2291074],[8.4616211,47.228491],[8.4624714,47.2277407],[8.4627862,47.2274259],[8.463095,47.2270995],[8.4633462,47.2267995],[8.463551,47.2265431],[8.4637427,47.2262753],[8.4641203,47.2257007]]}},{"type":"Feature","properties":{"destination:lanes":"Sankt Gallen;Schaffhausen|Sankt Gallen;Schaffhausen;Zürich-City","highway":"motorway","int_ref":"E 41;E 60","lanes":"2","lit":"yes","maxspeed":"100","oneway":"yes","ref":"A1;A4","source:maxspeed":"sign","surface":"asphalt","toll":"yes","carriage_ref":"A"},"geometry":{"type":"LineString","coordinates":[[8.5666402,47.4246581],[8.5687628,47.4244079]]}},{"type":"Feature","properties":{"change:lanes:backward":"no","change:lanes:forward":"not_left|yes","highway":"trunk","int_ref":"E 41","lanes":"3","lanes:backward":"1","lanes:forward":"2","maxspeed":"80","motorroad":"yes","oneway":"no","overtaking:hgv:forward":"no","ref":"A4","shoulder":"none","source:maxspeed":"sign","surface":"asphalt","toll":"yes","carriage_ref":"B"},"geometry":{"type":"LineString","coordinates":[[8.63322569365,47.67956993502],[8.63317019365,47.67945103503],[8.63306729365,47.67925573504],[8.63295669365,47.67905993505],[8.63287779365,47.67893813506],[8.63279529365,47.67881603507],[8.63270359365,47.67869323507],[8.63260429365,47.67857113508],[8.63248559365,47.67842913509],[8.63235599365,47.6782879351],[8.63213609365,47.67807513511],[8.63195959365,47.67791643512],[8.63177819365,47.67776013513],[8.63160309365,47.67762473514],[8.63144109365,47.67751273515],[8.63126839365,47.67740333515]]}},{"type":"Feature","properties":{"highway":"motorway","int_ref":"E 41","lanes":"4","lit":"no","maxspeed":"100","maxspeed:variable":"obstruction","oneway":"yes","placement":"right_of:1","ref":"A3;A4","shoulder":"none","source:maxspeed":"signals","surface":"asphalt","toll":"yes","turn:lanes":"||merge_to_left|merge_to_left","carriage_ref":"B"},"geometry":{"type":"LineString","coordinates":[[8.4213127,47.3697951],[8.421424,47.369643]]}},{"type":"Feature","properties":{"change:lanes":"not_left|not_right|yes","highway":"motorway","int_ref":"E 41","lanes":"3","lit":"yes","maxspeed":"80","maxspeed:variable":"obstruction","oneway":"yes","overtaking:hgv":"no","placement":"right_of:1","ref":"A4","shoulder:right":"yes","source:maxspeed":"signals","surface":"asphalt","toll":"yes","turn:lanes":"||merge_to_left","carriage_ref":"B"},"geometry":{"type":"LineString","coordinates":[[8.459786,47.3364312],[8.4597599,47.3361853],[8.4597196,47.3359153],[8.4596505,47.3356569]]}},{"type":"Feature","properties":{"highway":"trunk","int_ref":"E 41","lanes":"2","maxheight":"default","maxspeed":"100","motorroad":"yes","oneway":"yes","ref":"A4","shoulder":"none","source:maxspeed":"sign","surface":"asphalt","toll":"yes","carriage_ref":"A"},"geometry":{"type":"LineString","coordinates":[[8.6905553,47.6027952],[8.6902201,47.6031747],[8.6898798,47.6035511],[8.6895613,47.6039075],[8.6892588,47.6042417],[8.6888903,47.6046558],[8.6887736,47.6047867],[8.6886618,47.6049159],[8.6885305,47.6050764]]}},{"type":"Feature","properties":{"destination:lanes":"Gotthard;Altdorf;Morschach|Gotthard;Altdorf;Morschach|Weggis;Vitznau;Gersau;Brunnen","highway":"trunk","int_ref":"E 41","lanes":"3","maxspeed":"100","oneway":"yes","placement":"right_of:1","ref":"A4","toll":"yes","turn:lanes":"||slight_right","carriage_ref":"B"},"geometry":{"type":"LineString","coordinates":[[8.6207879,47.0072343],[8.620721,47.0070784],[8.6206434,47.0068763],[8.6205698,47.006694],[8.6205054,47.0065063],[8.6204523,47.0062626],[8.6204407,47.0061765]]}},{"type":"Feature","properties":{"destination":"Schaffhausen;Henggart","highway":"motorway","int_ref":"E 41","lanes":"1","maxspeed":"80","oneway":"yes","ref":"A4","source:maxspeed":"sign","surface":"asphalt","toll":"yes","carriage_ref":"A"},"geometry":{"type":"LineString","coordinates":[[8.6980498,47.5206143],[8.6982337,47.5207554],[8.6983827,47.5208603],[8.698547,47.5209682],[8.6987188,47.5210717],[8.6988515,47.5211434],[8.6989856,47.5212118],[8.6991235,47.5212762],[8.6992677,47.5213378],[8.6994162,47.5213952],[8.6995671,47.5214498],[8.6997206,47.5215019],[8.6998774,47.5215516],[8.7003203,47.5216921],[8.7004814,47.5217475],[8.7006408,47.5218091],[8.7007982,47.5218791],[8.7009443,47.521954],[8.7011269,47.5220631],[8.7012919,47.5221837],[8.7014178,47.5222924],[8.7015655,47.522437],[8.7016529,47.5225439],[8.7017321,47.5226542],[8.7018013,47.5227751],[8.7018563,47.5229007],[8.7019055,47.523045],[8.7019372,47.5231931],[8.7019534,47.5233659],[8.7019489,47.5235394],[8.7019262,47.5237096]]}},{"type":"Feature","properties":{"highway":"motorway","int_ref":"E 41","lanes":"1","lit":"yes","maxspeed":"80","oneway":"yes","ref":"A4","source:maxspeed":"sign","surface":"asphalt","toll":"yes","carriage_ref":"A"},"geometry":{"type":"LineString","coordinates":[[8.4303889,47.4113615],[8.4305841,47.4114634],[8.4309326,47.4116902],[8.4312665,47.4119253],[8.4315817,47.4121712],[8.4318794,47.4124157]]}},{"type":"Feature","properties":{"highway":"motorway","int_ref":"E 41","lanes":"2","oneway":"yes","ref":"A4","toll":"yes","carriage_ref":"B"},"geometry":{"type":"LineString","coordinates":[[8.6258182,47.0145797],[8.6256999,47.0141193],[8.6255503,47.0136612],[8.6253372,47.0131533],[8.6250024,47.0125232]]}},{"type":"Feature","properties":{"destination":"Winterthur-Töss","highway":"motorway","int_ref":"E 41;E 60","lanes":"3","maxspeed":"120","oneway":"yes","ref":"A1;A4","source:maxspeed":"CH:motorway","surface":"asphalt","toll":"yes","carriage_ref":"A"},"geometry":{"type":"LineString","coordinates":[[8.6964518,47.4457345],[8.6967942,47.4461886],[8.6973726,47.4469736],[8.6976292,47.4473066],[8.6979623,47.4477256]]}},{"type":"Feature","properties":{"highway":"motorway","int_ref":"E 41","lanes":"2","maxspeed":"120","oneway":"yes","ref":"A4","shoulder:right":"yes","source:maxspeed":"CH:motorway","surface":"asphalt","toll":"yes","carriage_ref":"B"},"geometry":{"type":"LineString","coordinates":[[8.4647931,47.2245262],[8.4651131,47.2239418],[8.4662091,47.2219567],[8.467267,47.2200924],[8.4684417,47.2179696],[8.4694616,47.2160884],[8.4701015,47.2148394],[8.4703813,47.2142374],[8.4705914,47.2136256],[8.4706951,47.213298],[8.4707933,47.2129443],[8.4708617,47.2126205],[8.4709189,47.212315],[8.4709646,47.2119628],[8.4709921,47.2116594]]}},{"type":"Feature","properties":{"bicycle":"no","change:lanes":"yes|not_right|yes","foot":"no","highway":"trunk","int_ref":"E 41","lanes":"3","maxspeed":"100","motorroad":"yes","oneway":"yes","placement":"right_of:1","ref":"A4","source:maxspeed":"sign","toll":"yes","carriage_ref":"B"},"geometry":{"type":"LineString","coordinates":[[8.6225769,47.6722893],[8.6225416,47.6721351],[8.6225167,47.6719789],[8.6224979,47.6718203],[8.6224885,47.671658],[8.6224881,47.6714983],[8.6224982,47.6713375],[8.622514,47.6711764],[8.6225401,47.671019],[8.6225735,47.6708615],[8.622618,47.6707036],[8.6226679,47.6705462]]}},{"type":"Feature","properties":{"highway":"trunk","int_ref":"E 41","lanes":"2","maxspeed:backward":"80","maxspeed:forward":"100","oneway":"no","ref":"A4","source:maxspeed":"sign","toll":"yes","carriage_ref":"A"},"geometry":{"type":"LineString","coordinates":[[8.62252653797,46.99922806093],[8.62261333797,46.9994944609]]}},{"type":"Feature","properties":{"change:lanes":"not_left|not_right|no","highway":"motorway","int_ref":"E 41","lanes":"3","lit":"yes","maxspeed":"100","maxspeed:variable":"obstruction","oneway":"yes","placement":"right_of:1","ref":"A3;A4","shoulder":"none","source:maxspeed":"signals","surface":"asphalt","toll":"yes","carriage_ref":"B"},"geometry":{"type":"LineString","coordinates":[[8.4141757,47.3862813],[8.4142933,47.3859645],[8.4144386,47.3856333],[8.4145752,47.3853807],[8.4147616,47.3850257]]}},{"type":"Feature","properties":{"highway":"motorway","int_ref":"E 41;E 60","lanes":"3","lit":"no","maxspeed":"120","oneway":"yes","overtaking:hgv":"no","ref":"A1;A4","source:maxspeed":"CH:motorway","surface":"asphalt","toll":"yes","carriage_ref":"B"},"geometry":{"type":"LineString","coordinates":[[8.5458498,47.4319075],[8.5456203,47.4319748],[8.5452128,47.4320927],[8.5448022,47.432204],[8.5444908,47.4322868],[8.5441397,47.4323792],[8.5438249,47.4324587],[8.5434157,47.4325581],[8.5428424,47.4326909],[8.5424754,47.432769],[8.5420291,47.4328651],[8.5415643,47.4329588],[8.5411002,47.4330488],[8.5406195,47.4331377],[8.5400791,47.4332298],[8.5396551,47.4332993],[8.5392154,47.4333682],[8.5387258,47.4334393],[8.5382826,47.4334996],[8.5378398,47.4335563],[8.5373548,47.4336116],[8.5370182,47.4336478],[8.536427,47.4337065],[8.5358325,47.4337661]]}},{"type":"Feature","properties":{"change:lanes":"no|no","hazard":"deer","highway":"trunk","int_ref":"E 41;E 54","lanes":"2","maxspeed":"60","motorroad":"yes","oneway":"no","overtaking":"no","ref":"A4","source:maxspeed":"sign. Survey 12.2018","surface":"asphalt","toll":"no","carriage_ref":"B"},"geometry":{"type":"LineString","coordinates":[[8.69965991044,47.74397740231],[8.69944491044,47.74406400227],[8.69923011044,47.74415310223],[8.69880251044,47.74433180214],[8.69852191044,47.74444070209],[8.69823151044,47.74454590204],[8.69809031044,47.74459290202],[8.69794551044,47.74463830199],[8.69778531044,47.74468230197],[8.69761941044,47.74472310195],[8.69744421044,47.74476400193],[8.69726821044,47.74480100192],[8.69711051044,47.7448306019],[8.69695201044,47.74485650189],[8.69677221044,47.74488060188],[8.69659081044,47.74490160187],[8.69640721044,47.74491610186],[8.69622101044,47.74492760185],[8.69597301044,47.74493720185],[8.69571911044,47.74494050185],[8.69549161044,47.74493630185],[8.69526121044,47.74492490186],[8.69499611044,47.74491180186],[8.69473231044,47.74489030187],[8.69441681044,47.74486100189],[8.69407241044,47.7448222019],[8.69372861044,47.74478250192],[8.69342411044,47.74474160194],[8.69311671044,47.74469810196],[8.69280811044,47.74465130199],[8.69249621044,47.74460000201]]}},{"type":"Feature","properties":{"bicycle":"no","foot":"no","highway":"trunk","int_ref":"E 41;E 54","lanes":"2","maxspeed":"80","motorroad":"yes","oneway":"yes","placement":"middle_of:1","ref":"A4;E41;E54","source:maxspeed":"sign","toll":"yes","turn:lanes:forward":"|merge_to_left","carriage_ref":"A"},"geometry":{"type":"LineString","coordinates":[[8.6433741,47.7115136],[8.6440488,47.7117064],[8.6446393,47.7118764],[8.6452305,47.7120478],[8.6456484,47.7121762]]}},{"type":"Feature","properties":{"highway":"motorway","int_ref":"E 41","lanes":"2","maxspeed":"100","oneway":"yes","ref":"A4","surface":"asphalt","toll":"yes","carriage_ref":"A"},"geometry":{"type":"LineString","coordinates":[[8.4332196,47.1572217],[8.4332621,47.1579651],[8.4332725,47.1587071],[8.4332702,47.1591853],[8.4332104,47.1595722]]}},{"type":"Feature","properties":{"highway":"trunk","int_ref":"E 41","lanes":"2","maxspeed":"100","motorroad":"yes","oneway":"yes","ref":"A4","source:maxspeed":"sign","toll":"yes","carriage_ref":"A"},"geometry":{"type":"LineString","coordinates":[[8.6253448,47.6661091],[8.6253042,47.6662283]]}},{"type":"Feature","properties":{"change:lanes":"no|no","hazard":"deer","highway":"trunk","int_ref":"E 41;E 54","lanes":"2","maxspeed":"60","motorroad":"yes","oneway":"no","overtaking":"no","ref":"A4","source:maxspeed":"sign. Survey 12.2018","surface":"asphalt","toll":"no","carriage_ref":"A"},"geometry":{"type":"LineString","coordinates":[[8.6925295,47.7445749],[8.6928414,47.7446262],[8.69315,47.744673],[8.6934574,47.7447165],[8.6937619,47.7447574],[8.6941057,47.7447971],[8.6944501,47.7448359],[8.6947656,47.7448652],[8.6950294,47.7448867],[8.6952945,47.7448998],[8.6955249,47.7449112],[8.6957524,47.7449154],[8.6960063,47.7449121],[8.6962543,47.7449025],[8.6964405,47.744891],[8.6966241,47.7448765],[8.6968055,47.7448555],[8.6969853,47.7448314],[8.6971438,47.7448055],[8.6973015,47.7447759],[8.6974775,47.7447389],[8.6976527,47.744698],[8.6978186,47.7446572],[8.6979788,47.7446132],[8.6981236,47.7445678],[8.6982648,47.7445208],[8.6985552,47.7444156],[8.6988358,47.7443067],[8.6992634,47.744128],[8.6994782,47.7440389],[8.6996932,47.7439523]]}},{"type":"Feature","properties":{"bicycle":"no","foot":"no","highway":"trunk","int_ref":"E 41;E 54","lanes":"1","maxheight":"default","maxspeed":"80","motorroad":"yes","oneway":"yes","ref":"A4;E41;E54","source:maxspeed":"sign","toll":"yes","carriage_ref":"A"},"geometry":{"type":"LineString","coordinates":[[8.6411118,47.7105411],[8.641313,47.7106532],[8.6414771,47.7107543],[8.6416507,47.7108548],[8.6417896,47.7109317],[8.6419357,47.7110103],[8.6421174,47.711095],[8.6423044,47.7111754],[8.6425119,47.7112626],[8.6426961,47.7113267],[8.6430103,47.7114282],[8.6433741,47.7115136]]}},{"type":"Feature","properties":{"bridge":"yes","destination:lanes":"Zürich;Rapperswil;Brüttisellen|Zürich;Rapperswil;Brüttisellen|Zürich;Rapperswil;Brüttisellen;Effretikon;Kemptthal","highway":"motorway","int_ref":"E 41;E 60","lanes":"3","layer":"1","maxspeed":"signals","oneway":"yes","ref":"A1;A4","shoulder:right":"yes","surface":"asphalt","toll":"yes","carriage_ref":"B"},"geometry":{"type":"LineString","coordinates":[[8.698328,47.4484174],[8.6980359,47.44807],[8.6977223,47.4477034]]}},{"type":"Feature","properties":{"change:lanes":"yes|yes|no","destination:lanes":"||Küssnacht;Gersau;Weggis;Meggen;Immensee","highway":"motorway","int_ref":"E 41","lanes":"3","maxspeed":"120","oneway":"yes","ref":"A4","toll":"yes","carriage_ref":"B"},"geometry":{"type":"LineString","coordinates":[[8.454091,47.1125057],[8.4539194,47.1121296],[8.4537387,47.1118341],[8.4535224,47.1115419],[8.4529154,47.1108245]]}},{"type":"Feature","properties":{"highway":"motorway","int_ref":"E 41","lanes":"2","lit":"yes","maxspeed":"100","oneway":"yes","ref":"A3;A4","smoothness":"good","source:maxspeed":"sign","surface":"asphalt","toll":"yes","carriage_ref":"A"},"geometry":{"type":"LineString","coordinates":[[8.4149089,47.3911278],[8.4151782,47.3915369],[8.4154708,47.3919274],[8.4158026,47.3923446],[8.4161784,47.3927693]]}},{"type":"Feature","properties":{"highway":"trunk","int_ref":"E 41","lanes":"2","layer":"-1","maxheight":"default","maxspeed":"100","motorroad":"yes","oneway":"yes","ref":"A4","shoulder:right":"yes","source:maxspeed":"sign","surface":"asphalt","toll":"yes","tunnel":"yes","carriage_ref":"A"},"geometry":{"type":"LineString","coordinates":[[8.6863054,47.6122066],[8.6861834,47.612646]]}},{"type":"Feature","properties":{"destination":"Benken","highway":"trunk","int_ref":"E 41","lanes":"2","maxheight":"default","maxspeed":"100","motorroad":"yes","oneway":"yes","ref":"A4","shoulder":"none","source:maxspeed":"sign","surface":"asphalt","toll":"yes","carriage_ref":"A"},"geometry":{"type":"LineString","coordinates":[[8.685348,47.6150363],[8.6851209,47.6156277],[8.6849774,47.616011],[8.6848263,47.6163931],[8.6846416,47.6168536],[8.684509,47.6171624],[8.6842712,47.6177059],[8.6840263,47.6182502],[8.6838115,47.6187044]]}},{"type":"Feature","properties":{"change:lanes":"not_left|yes|no","destination:lanes":"Effretikon|Effretikon|Winterthur-Töss","highway":"motorway","int_ref":"E 41;E 60","lanes":"3","lit":"yes","maxspeed":"100","oneway":"yes","overtaking:hgv":"no","placement":"right_of:1","ref":"A1;A4","shoulder:right":"yes","source:maxspeed":"sign","surface":"asphalt","toll":"yes","turn:lanes":"||slight_right","carriage_ref":"B"},"geometry":{"type":"LineString","coordinates":[[8.7019962,47.4901842],[8.7020003,47.4900339],[8.7020053,47.4896907]]}},{"type":"Feature","properties":{"highway":"motorway","int_ref":"E 41","lanes":"2","maxspeed":"100","oneway":"yes","ref":"A4","surface":"asphalt","toll":"yes","carriage_ref":"B"},"geometry":{"type":"LineString","coordinates":[[8.4335985,47.1542788],[8.4339461,47.1539361],[8.4342771,47.1535911]]}},{"type":"Feature","properties":{"bridge":"yes","destination:lanes":"Gotthard;Luzern|Gotthard;Luzern|Gotthard;Luzern|Cham;Aarau;Hünenberg","highway":"motorway","int_ref":"E 41","lanes":"4","layer":"1","maxspeed":"signals","oneway":"yes","placement":"middle_of:2","ref":"A4","shoulder":"none","source:maxspeed":"signals","surface":"asphalt","toll":"yes","carriage_ref":"B"},"geometry":{"type":"LineString","coordinates":[[8.4523906,47.1942588],[8.4506654,47.1930145]]}},{"type":"Feature","properties":{"destination:lanes":"Sankt Gallen;Winterthur|Zürich;Wülflingen","highway":"motorway","int_ref":"E 41","lanes":"2","lit":"yes","maxspeed":"80","oneway":"yes","ref":"A1","source:maxspeed":"sign","surface":"asphalt","toll":"yes","carriage_ref":"B"},"geometry":{"type":"LineString","coordinates":[[8.6988446,47.5272178],[8.6991589,47.5270243],[8.6993869,47.5268759],[8.6995398,47.5267741],[8.6996537,47.5266979],[8.6997655,47.5266198],[8.6998755,47.5265413],[8.6999803,47.5264613],[8.7000794,47.5263819],[8.700176,47.5263016],[8.7002681,47.5262207],[8.7003571,47.5261397],[8.700467,47.5260371],[8.7005744,47.5259336],[8.700665,47.5258362],[8.7007513,47.5257387],[8.7008469,47.5256265],[8.7009518,47.5254931]]}},{"type":"Feature","properties":{"destination:int_ref:lanes":"E 60|E 41;E 60|","destination:lanes":"Bern;Basel|Sankt Gallen;Flughafen;Nordring-Zürich|Zürich-City","destination:ref:lanes":"A1;A3|A1;A4|","highway":"motorway","int_ref":"E 41","lanes":"3","lit":"no","maxspeed":"100","oneway":"yes","ref":"A3;A4","source:maxspeed":"sign","surface":"asphalt","toll":"yes","turn:lanes":"slight_left|through|through","carriage_ref":"A"},"geometry":{"type":"LineString","coordinates":[[8.4214056,47.4025715],[8.4214717,47.4029892],[8.4216027,47.4036041],[8.4217135,47.4039903],[8.4218023,47.4042554],[8.4219064,47.4045249],[8.4220946,47.4049514],[8.4222632,47.4053076],[8.4225153,47.4057342],[8.4227516,47.4060953],[8.4230008,47.4064449]]}},{"type":"Feature","properties":{"highway":"motorway","int_ref":"E 41","lanes":"2","maxspeed":"120","oneway":"yes","ref":"A4","shoulder:right":"yes","source:maxspeed":"CH:motorway","surface":"asphalt","toll":"yes","carriage_ref":"B"},"geometry":{"type":"LineString","coordinates":[[8.4490773,47.2510373],[8.4500055,47.2499495],[8.4509202,47.2488162],[8.4516207,47.247856],[8.4522104,47.2469664]]}},{"type":"Feature","properties":{"highway":"motorway","int_ref":"E 41","lanes":"2","maxspeed":"100","oneway":"yes","ref":"A4","surface":"asphalt","toll":"yes","carriage_ref":"A"},"geometry":{"type":"LineString","coordinates":[[8.4400793,47.1478834],[8.4381978,47.1497716],[8.4362482,47.1517678],[8.4349555,47.1530888]]}},{"type":"Feature","properties":{"highway":"motorway","int_ref":"E 41","lanes":"2","layer":"-1","lit":"yes","maxspeed":"100","oneway":"yes","ref":"A3;A4","source:maxspeed":"sign","toll":"yes","tunnel":"yes","tunnel:name":"Hafnerbergtunnel","carriage_ref":"A"},"geometry":{"type":"LineString","coordinates":[[8.4250496,47.3499894],[8.4244154,47.3505879],[8.4240832,47.3509149],[8.4237917,47.3512499],[8.4235211,47.3515743],[8.4232731,47.3519034],[8.4230382,47.3522695],[8.4228141,47.3526286],[8.4224834,47.3533301],[8.4223064,47.3537723],[8.4221739,47.3542137],[8.4220798,47.3545773],[8.4220132,47.3549383],[8.4219735,47.3554836],[8.4219623,47.3560299],[8.4220201,47.3567357],[8.4221189,47.3572631],[8.4222462,47.3577801],[8.4226278,47.3588152],[8.4230215,47.3598417]]}},{"type":"Feature","properties":{"highway":"motorway","int_ref":"E 41","lanes":"2","maxspeed":"120","oneway":"yes","ref":"A4","toll":"yes","carriage_ref":"B"},"geometry":{"type":"LineString","coordinates":[[8.4922096,47.0750179],[8.4937642,47.0742076]]}},{"type":"Feature","properties":{"bridge":"yes","highway":"trunk","int_ref":"E 41","lanes":"2","layer":"1","maxspeed":"100","maxweight:signed":"no","motorroad":"yes","oneway":"yes","ref":"A4","shoulder:right":"yes","source:maxspeed":"sign","surface":"asphalt","toll":"yes","carriage_ref":"A"},"geometry":{"type":"LineString","coordinates":[[8.6908279,47.6024723],[8.6905553,47.6027952]]}},{"type":"Feature","properties":{"highway":"motorway","int_ref":"E 41;E 60","lanes":"3","lit":"no","maxspeed":"120","oneway":"yes","ref":"A1;A4","source:maxspeed":"CH:motorway","surface":"asphalt","toll":"yes","carriage_ref":"B"},"geometry":{"type":"LineString","coordinates":[[8.5496028,47.4306233],[8.5492591,47.4307521],[8.5488357,47.4309109],[8.548425,47.4310611],[8.5479959,47.4312149],[8.5475742,47.4313614],[8.5471474,47.4315036],[8.5467053,47.4316443],[8.5462733,47.4317808],[8.5458498,47.4319075]]}},{"type":"Feature","properties":{"bridge":"yes","highway":"motorway","int_ref":"E 41","lanes":"2","layer":"1","maxspeed":"100","oneway":"yes","ref":"A4","toll":"yes","carriage_ref":"B"},"geometry":{"type":"LineString","coordinates":[[8.5195355,47.054193],[8.5205518,47.0539353],[8.5216052,47.0536967],[8.5221262,47.0535718],[8.5226187,47.0534492],[8.5228136,47.0533958],[8.5231855,47.0532882]]}},{"type":"Feature","properties":{"highway":"motorway","int_ref":"E 41;E 60","lanes":"3","lit":"no","maxspeed":"100","oneway":"yes","placement":"right_of:1","ref":"A1;A4","surface":"asphalt","toll":"yes","turn:lanes":"none|none|slight_right","carriage_ref":"A"},"geometry":{"type":"LineString","coordinates":[[8.4858063,47.4249502],[8.4860947,47.4250315],[8.4864013,47.4251158],[8.4866436,47.4251812],[8.4869018,47.4252502]]}},{"type":"Feature","properties":{"highway":"motorway","int_ref":"E 41;E 60","lanes":"3","lit":"yes","maxspeed":"100","oneway":"yes","placement":"right_of:1","ref":"A1;A4","source:maxspeed":"sign","surface":"asphalt","toll":"yes","carriage_ref":"A"},"geometry":{"type":"LineString","coordinates":[[8.5811938,47.4098263],[8.5818831,47.4096764]]}},{"type":"Feature","properties":{"bridge":"yes","highway":"motorway","int_ref":"E 41","layer":"1","maxspeed":"120","oneway":"yes","ref":"A4","toll":"yes","carriage_ref":"B"},"geometry":{"type":"LineString","coordinates":[[8.459869,47.0943419],[8.4600215,47.0941701]]}},{"type":"Feature","properties":{"change:lanes":"not_left|not_right|no","highway":"motorway","int_ref":"E 41","lanes":"3","maxspeed":"120","oneway":"yes","placement":"right_of:1","ref":"A4","shoulder":"none","source:maxspeed":"CH:motorway","surface":"asphalt","toll":"yes","turn:lanes":"||right","carriage_ref":"B"},"geometry":{"type":"LineString","coordinates":[[8.4603832,47.229563],[8.460877,47.2291074]]}},{"type":"Feature","properties":{"highway":"motorway","int_ref":"E 41;E 60","lanes":"4","maxspeed":"120","oneway":"yes","placement":"middle_of:2","ref":"A1;A4","source:maxspeed":"CH:motorway","surface":"asphalt","toll":"yes","turn:lanes":"|||slight_right","carriage_ref":"A"},"geometry":{"type":"LineString","coordinates":[[8.6987866,47.4486843],[8.6989755,47.4488893],[8.6992256,47.4491567],[8.6995257,47.4494699]]}},{"type":"Feature","properties":{"highway":"motorway","int_ref":"E 41;E 60","lanes":"2","lit":"no","maxspeed":"80","oneway":"yes","ref":"A1;A4","source:maxspeed":"sign","surface":"asphalt","toll":"yes","carriage_ref":"B"},"geometry":{"type":"LineString","coordinates":[[8.4924065,47.4263699],[8.4917905,47.426319],[8.4911814,47.4262548],[8.4901895,47.4261196],[8.489887,47.4260721]]}},{"type":"Feature","properties":{"avz":"565","cs_dir:forward":"1","highway":"motorway","int_ref":"E 41","lanes":"3","layer":"-1","lit":"24/7","maxspeed":"100","maxspeed:variable":"obstruction","oneway":"yes","overtaking:hgv":"no","placement":"right_of:1","ref":"A3;A4","shoulder":"none","source:maxspeed":"signals","surface":"asphalt","toll":"yes","tunnel":"yes","tunnel:alt_name":"Äschertunnel","tunnel:name":"Aeschertunnel","carriage_ref":"B"},"geometry":{"type":"LineString","coordinates":[[8.4430969,47.3403049],[8.4436809,47.3403412],[8.4442733,47.3404015],[8.4453127,47.340542],[8.4463446,47.3407325],[8.4473533,47.340983],[8.4483589,47.3412461],[8.4488522,47.3413639],[8.449336,47.3414654],[8.44983,47.3415532],[8.4503402,47.3416158],[8.4509644,47.3416824],[8.4515914,47.3417169],[8.4526149,47.3417485]]}},{"type":"Feature","properties":{"highway":"trunk","int_ref":"E 41","lanes":"2","maxspeed":"100","motorroad":"yes","oneway":"yes","ref":"A4","source:maxspeed":"sign","toll":"yes","turn:lanes":"merge_to_right|","carriage_ref":"A"},"geometry":{"type":"LineString","coordinates":[[8.6253042,47.6662283],[8.62524,47.6664124],[8.6251688,47.6665965],[8.6250554,47.6668917],[8.6249995,47.6670236],[8.6249243,47.6671917],[8.6248439,47.6673598],[8.6247622,47.6675196]]}},{"type":"Feature","properties":{"highway":"motorway","int_ref":"E 41","lanes":"3","lit":"yes","maxspeed":"100","oneway":"yes","placement":"right_of:1","ref":"A4","toll":"yes","turn:lanes":"through|through|right","carriage_ref":"A"},"geometry":{"type":"LineString","coordinates":[[8.4597188,47.3348287],[8.4597376,47.334878]]}},{"type":"Feature","properties":{"highway":"motorway","int_ref":"E 41","lanes":"3","maxspeed":"signals","oneway":"yes","ref":"A4","shoulder:right":"yes","source:maxspeed":"signals","surface":"asphalt","toll":"yes","carriage_ref":"B"},"geometry":{"type":"LineString","coordinates":[[8.4319046,47.1719846],[8.4319103,47.1714562],[8.431921,47.17119],[8.4319336,47.1709176],[8.4321149,47.1688045],[8.4324896,47.1653403],[8.4326334,47.1639521]]}},{"type":"Feature","properties":{"avz":"194","cs_dir:forward":"2","highway":"motorway","int_ref":"E 41","lanes":"2","lit":"yes","maxspeed":"100","oneway":"yes","ref":"A3;A4","source:maxspeed":"sign","ssvz":"904N","toll":"yes","carriage_ref":"A"},"geometry":{"type":"LineString","coordinates":[[8.4144562,47.3901907],[8.4146396,47.390607],[8.4149089,47.3911278]]}},{"type":"Feature","properties":{"bicycle":"no","change:lanes:backward":"|not_right","change:lanes:forward":"not_left|","foot":"no","highway":"trunk","int_ref":"E 41;E 54","lanes":"4","lanes:forward":"2","lit":"yes","maxspeed":"80","motorroad":"yes","oneway":"no","overtaking":"no","ref":"A4;E41;E54","source:maxspeed":"sign","toll":"yes","turn:lanes:backward":"|merge_to_left","turn:lanes:forward":"|slight_right","carriage_ref":"A"},"geometry":{"type":"LineString","coordinates":[[8.6363231,47.704573],[8.6366469,47.7049294],[8.6368025,47.7051132],[8.6370955,47.7054627]]}},{"type":"Feature","properties":{"highway":"motorway","int_ref":"E 41;E 60","lanes":"2","lit":"no","maxspeed":"80","oneway":"yes","ref":"A1;A4","source:maxspeed":"CH:motorway","surface":"asphalt","toll":"yes","carriage_ref":"B"},"geometry":{"type":"LineString","coordinates":[[8.4983504,47.4269312],[8.4976064,47.4268348]]}},{"type":"Feature","properties":{"bridge":"yes","bridge:name":"Reppischtalbrücke","highway":"motorway","int_ref":"E 41","lanes":"2","layer":"1","lit":"yes","maxspeed":"100","oneway":"yes","ref":"A3;A4","source:maxspeed":"sign","toll":"yes","carriage_ref":"A"},"geometry":{"type":"LineString","coordinates":[[8.423684,47.3615258],[8.4239245,47.362231]]}},{"type":"Feature","properties":{"highway":"motorway","int_ref":"E 41","lanes":"2","maxspeed":"120","oneway":"yes","ref":"A4","source:maxspeed":"CH:motorway","toll":"yes","carriage_ref":"B"},"geometry":{"type":"LineString","coordinates":[[8.6034425,47.0425841],[8.6042568,47.0422366],[8.6049259,47.0419657],[8.6056234,47.041706],[8.6071071,47.0411884],[8.6090994,47.0405472],[8.6120484,47.0396277],[8.6129531,47.039326],[8.6138494,47.0390166],[8.6147339,47.0387098],[8.6155993,47.0383754],[8.6166272,47.0379402],[8.6176447,47.0374806],[8.6186133,47.0370038],[8.619559,47.036496],[8.6201867,47.0361238],[8.6207978,47.0356957],[8.6211008,47.035443],[8.6214051,47.0351704],[8.6217227,47.0348348],[8.6218806,47.0346599],[8.6220247,47.0344775],[8.6222942,47.0340611],[8.6225198,47.0336765],[8.622821,47.0330329],[8.6231408,47.0323344]]}},{"type":"Feature","properties":{"bicycle":"no","bridge":"yes","change:lanes:backward":"not_left|yes","change:lanes:forward":"no","foot":"no","highway":"trunk","int_ref":"E 41","lanes":"3","lanes:backward":"2","lanes:forward":"1","layer":"1","lit":"yes","maxspeed:backward":"80","maxspeed:forward":"60","motorroad":"yes","oneway":"no","overtaking:hgv:backward":"no","ref":"A4;E41","surface":"asphalt","toll":"yes","carriage_ref":"A"},"geometry":{"type":"LineString","coordinates":[[8.6262482,47.6912233],[8.6259706,47.6914641],[8.6258636,47.6915643],[8.625761,47.6916717],[8.6256593,47.6917859],[8.625585,47.6918843],[8.6255175,47.6919808],[8.6254491,47.6920904],[8.625389,47.6922026],[8.6253532,47.6922761],[8.6253235,47.6923484],[8.6252933,47.6924218],[8.6252674,47.6924992],[8.6252469,47.6925728],[8.6252317,47.6926399],[8.6252172,47.6927154],[8.6252078,47.6927858],[8.6252025,47.6928811],[8.6252043,47.6929961]]}},{"type":"Feature","properties":{"highway":"motorway","int_ref":"E 41","lanes":"3","maxspeed":"120","oneway":"yes","placement":"right_of:1","ref":"A4","toll":"yes","turn:lanes":"||slight_right","carriage_ref":"B"},"geometry":{"type":"LineString","coordinates":[[8.5025936,47.0701452],[8.5033365,47.0698968]]}},{"type":"Feature","properties":{"highway":"trunk","int_ref":"E 41","lanes":"2","maxspeed":"100","motorroad":"yes","oneway":"yes","ref":"A4","shoulder":"none","source:maxspeed":"sign","surface":"asphalt","toll":"yes","carriage_ref":"A"},"geometry":{"type":"LineString","coordinates":[[8.6916408,47.6000804],[8.6916491,47.6002323],[8.6916499,47.6003969],[8.6916413,47.6005554],[8.6916256,47.6007144],[8.6915992,47.6008749],[8.6915643,47.6010365],[8.6915184,47.6012077],[8.6914642,47.6013705],[8.6914008,47.6015322],[8.6913291,47.6016912],[8.6912589,47.6018298],[8.6911648,47.6019966],[8.6910607,47.6021592],[8.6909459,47.602322],[8.6908279,47.6024723]]}},{"type":"Feature","properties":{"bridge":"yes","highway":"trunk","int_ref":"E 41;E 54","lanes":"1","layer":"1","motorroad":"yes","oneway":"yes","ref":"A4","toll":"yes","carriage_ref":"A"},"geometry":{"type":"LineString","coordinates":[[8.6555415,47.7176576],[8.65567,47.717747],[8.6558743,47.7178957]]}},{"type":"Feature","properties":{"change:lanes":"not_left|not_right|not_right","highway":"motorway","int_ref":"E 41","lanes":"3","maxspeed":"120","oneway":"yes","placement":"right_of:1","ref":"A4","shoulder:right":"yes","source:maxspeed":"CH:motorway","surface":"asphalt","toll":"yes","turn:lanes":"||merge_to_left","carriage_ref":"A"},"geometry":{"type":"LineString","coordinates":[[8.435692,47.2746128],[8.4356021,47.274676]]}},{"type":"Feature","properties":{"highway":"motorway","int_ref":"E 41","lanes":"2","maxspeed":"120","oneway":"yes","ref":"A4","toll":"yes","carriage_ref":"A"},"geometry":{"type":"LineString","coordinates":[[8.4551703,47.1002846],[8.4548789,47.1004277],[8.4546391,47.1005465],[8.4544056,47.100675],[8.4542206,47.100796],[8.4540504,47.1009139],[8.4538715,47.1010357],[8.453718,47.1011529],[8.4534617,47.1013715],[8.4532233,47.1016037],[8.4530346,47.1018253],[8.4528674,47.10204]]}},{"type":"Feature","properties":{"highway":"motorway","int_ref":"E 41;E 60","lanes":"4","maxspeed":"120","oneway":"yes","placement":"middle_of:2","ref":"A1;A4","shoulder:right":"yes","source:maxspeed":"CH:motorway","surface":"asphalt","toll":"yes","turn:lanes":"|||slight_right","carriage_ref":"B"},"geometry":{"type":"LineString","coordinates":[[8.7053334,47.4543731],[8.7049314,47.45411],[8.7046322,47.4539187],[8.7044237,47.4537797]]}},{"type":"Feature","properties":{"bicycle":"no","change:lanes:backward":"no","change:lanes:forward":"no","foot":"no","highway":"trunk","int_ref":"E 41;E 54","lanes":"2","layer":"-1","lit":"24/7","maxheight":"default","maxspeed":"80","motorroad":"yes","oneway":"no","overtaking":"no","ref":"A4;E41;E54","source:maxspeed":"sign","surface":"asphalt","toll":"yes","tunnel":"yes","tunnel:name":"Schönenberg","carriage_ref":"B"},"geometry":{"type":"LineString","coordinates":[[8.64078249365,47.71027523312],[8.64052709365,47.70994983314],[8.64002829365,47.70930193318],[8.63828899365,47.70695643332]]}},{"type":"Feature","properties":{"bridge":"yes","highway":"trunk","int_ref":"E 41;E 54","lanes":"2","layer":"1","maxspeed":"80","motorroad":"yes","oneway":"yes","ref":"A4","shoulder":"none","source:maxspeed":"CH:rural","surface":"asphalt","toll":"yes","carriage_ref":"B"},"geometry":{"type":"LineString","coordinates":[[8.6537834,47.7163661],[8.6534522,47.7161223]]}},{"type":"Feature","properties":{"destination":"Stuttgart;Schaffhausen;Neuhausen am Rheinfall","highway":"trunk","int_ref":"E 41","lanes":"1","maxspeed":"80","motorroad":"yes","oneway":"yes","ref":"A4","source:maxspeed":"sign","toll":"yes","carriage_ref":"A"},"geometry":{"type":"LineString","coordinates":[[8.6294037,47.6765612],[8.6296528,47.6766598],[8.6298916,47.6767478],[8.63008302884,47.67682665826]]}},{"type":"Feature","properties":{"bridge":"yes","destination:int_ref:lanes":"E 41;E 60|E 41;E 60||","destination:lanes":"Sankt Gallen;Schaffhausen;Winterthur|Sankt Gallen;Schaffhausen;Winterthur|Rapperswil;Uster;Wangen|Brüttisellen;Dietikon","destination:ref:lanes":"A1;A4|A1;A4|A53|","highway":"motorway","int_ref":"E 41;E 60","lanes":"4","layer":"1","lit":"yes","maxspeed":"100","oneway":"yes","placement":"middle_of:2","ref":"A1;A4","source:maxspeed":"sign","surface":"asphalt","toll":"yes","turn:lanes":"||slight_right|slight_right","carriage_ref":"A"},"geometry":{"type":"LineString","coordinates":[[8.6260125,47.4148848],[8.6262636,47.4150484]]}},{"type":"Feature","properties":{"bridge":"yes","highway":"motorway","int_ref":"E 41;E 60","lanes":"2","layer":"1","lit":"no","maxspeed":"80","oneway":"yes","ref":"A1;A4","source:maxspeed":"sign","surface":"asphalt","toll":"yes","carriage_ref":"B"},"geometry":{"type":"LineString","coordinates":[[8.489887,47.4260721],[8.4889156,47.4258797]]}},{"type":"Feature","properties":{"highway":"trunk","int_ref":"E 41","lanes":"2","layer":"-1","maxspeed":"100","motorroad":"yes","oneway":"no","ref":"A4","source:maxspeed":"sign","surface":"asphalt","toll":"yes","tunnel":"yes","tunnel:name":"Riethoelzli","carriage_ref":"B"},"geometry":{"type":"LineString","coordinates":[[8.69248597085,47.53561033218],[8.69263237085,47.53493323158]]}},{"type":"Feature","properties":{"change:lanes":"no|not_left|not_right","highway":"motorway","int_ref":"E 41;E 60","lanes":"3","lit":"yes","maxspeed":"signals","oneway":"yes","placement":"right_of:2","ref":"A1;A4","shoulder:left":"yes","source:maxspeed":"signals","surface":"asphalt","toll":"yes","carriage_ref":"B"},"geometry":{"type":"LineString","coordinates":[[8.5744879,47.4162513],[8.5744812,47.4164287]]}},{"type":"Feature","properties":{"destination:int_ref:lanes":"E 41;E 60|E 41;E 60|","destination:lanes":"Bern;Basel;Chur;Luzern;Zürich-Affoltern|Bern;Basel;Chur;Luzern;Zürich-Affoltern|Zürich-Seebach;Glattbrugg;Rümlang","destination:ref:lanes":"A1;A4|A1;A4|","highway":"motorway","int_ref":"E 41;E 60","lanes":"3","lit":"yes","maxspeed":"100","oneway":"yes","ref":"A1;A4","surface":"asphalt","toll":"yes","turn:lanes":"none|none|slight_right","carriage_ref":"B"},"geometry":{"type":"LineString","coordinates":[[8.5587571,47.4264514],[8.5582318,47.4266336],[8.5578898,47.4267638],[8.5575591,47.4268919],[8.5572285,47.4270249],[8.5568862,47.4271704],[8.5565645,47.4273103],[8.5562082,47.4274711]]}},{"type":"Feature","properties":{"highway":"motorway","int_ref":"E 41","lanes":"2","lit":"no","maxspeed":"120","maxspeed:variable":"obstruction","oneway":"yes","ref":"A4","toll":"yes","carriage_ref":"A"},"geometry":{"type":"LineString","coordinates":[[8.4241579,47.288837],[8.4242789,47.2891262],[8.4245196,47.289651],[8.425074,47.2905673],[8.4259193,47.291892],[8.4268006,47.293238]]}},{"type":"Feature","properties":{"highway":"motorway","int_ref":"E 41","lanes":"2","maxspeed":"120","oneway":"yes","ref":"A4","toll":"yes","carriage_ref":"B"},"geometry":{"type":"LineString","coordinates":[[8.4528844,47.118276],[8.4540098,47.1153816],[8.4541538,47.1149761],[8.4542799,47.1145671],[8.4543309,47.1143518],[8.4543604,47.1141383],[8.4543818,47.1139247],[8.4543872,47.1137695],[8.4543789,47.1136144],[8.4543389,47.1132367],[8.454252,47.1128781]]}},{"type":"Feature","properties":{"destination":"Trüllikon","highway":"trunk","int_ref":"E 41","lanes":"2","maxheight":"default","maxspeed":"100","motorroad":"yes","oneway":"yes","ref":"A4","shoulder":"none","source:maxspeed":"sign","surface":"asphalt","toll":"yes","carriage_ref":"B"},"geometry":{"type":"LineString","coordinates":[[8.6498742,47.6466613],[8.6501967,47.6463405],[8.6515622,47.644942],[8.6521973,47.6442956]]}},{"type":"Feature","properties":{"avz":"533","cs_dir:forward":"2","highway":"trunk","int_ref":"E 41","lanes":"2","layer":"-1","maxheight":"default","maxspeed":"100","motorroad":"yes","oneway":"no","ref":"A4","source:maxspeed":"sign","surface":"asphalt","toll":"yes","tunnel":"yes","tunnel:name":"Loterbucktunnel","carriage_ref":"A"},"geometry":{"type":"LineString","coordinates":[[8.6887349,47.5557745],[8.6895087,47.5565348]]}},{"type":"Feature","properties":{"change:lanes":"not_left|not_right|no","highway":"trunk","int_ref":"E 41","lanes":"3","maxspeed":"100","motorroad":"yes","oneway":"yes","placement":"right_of:1","ref":"A4","shoulder":"none","source:maxspeed":"sign","surface":"asphalt","toll":"yes","turn:lanes":"||slight_right","carriage_ref":"A"},"geometry":{"type":"LineString","coordinates":[[8.6854032,47.6148743],[8.685348,47.6150363]]}},{"type":"Feature","properties":{"highway":"motorway","int_ref":"E 41","lanes":"3","maxspeed":"120","oneway":"yes","ref":"A4","surface":"asphalt","toll":"yes","carriage_ref":"B"},"geometry":{"type":"LineString","coordinates":[[8.4342771,47.1535911],[8.4346218,47.1532252]]}},{"type":"Feature","properties":{"destination":"Stuttgart;Singen;Thayngen","highway":"trunk","int_ref":"E 41;E 54","lanes":"1","maxspeed":"80","motorroad":"yes","oneway":"yes","ref":"A4","source:maxspeed":"sign","toll":"yes","carriage_ref":"A"},"geometry":{"type":"LineString","coordinates":[[8.6590174,47.7189015],[8.6594198,47.7189341],[8.6596205,47.7189397],[8.6598481,47.7189391],[8.6600606,47.7189349],[8.6602628,47.7189254],[8.6605355,47.7189114],[8.6608206,47.7188874],[8.6611665,47.7188465]]}},{"type":"Feature","properties":{"highway":"motorway","int_ref":"E 41","lanes":"2","maxspeed":"80","oneway":"yes","ref":"A4","surface":"asphalt","toll":"yes","carriage_ref":"A"},"geometry":{"type":"LineString","coordinates":[[8.4345326,47.1535241],[8.4342771,47.153796],[8.4340721,47.1540474],[8.4339022,47.1542884]]}},{"type":"Feature","properties":{"destination:int_ref:lanes":"E 41;E 60|E 41;E 60||","destination:lanes":"Sankt Gallen;Schaffhausen;Winterthur|Sankt Gallen;Schaffhausen;Winterthur|Rapperswil;Uster;Wangen|Brüttisellen;Dietikon","destination:ref:lanes":"A1;A4|A1;A4|A53|","highway":"motorway","int_ref":"E 41;E 60","lanes":"4","lit":"yes","maxspeed":"100","oneway":"yes","placement":"middle_of:2","ref":"A1;A4","source:maxspeed":"sign","surface":"asphalt","toll":"yes","turn:lanes":"||slight_right|slight_right","carriage_ref":"A"},"geometry":{"type":"LineString","coordinates":[[8.6253629,47.414467],[8.6260125,47.4148848]]}},{"type":"Feature","properties":{"highway":"motorway","int_ref":"E 41","lanes":"3","layer":"-1","lit":"yes","maxspeed":"100","oneway":"yes","placement":"right_of:1","ref":"A3;A4","source:maxspeed":"sign","toll":"yes","tunnel":"yes","tunnel:name":"Hafnerbergtunnel","turn:lanes":"||merge_to_left","carriage_ref":"A"},"geometry":{"type":"LineString","coordinates":[[8.426497,47.3488317],[8.4256963,47.349474],[8.4250496,47.3499894]]}},{"type":"Feature","properties":{"highway":"motorway","int_ref":"E 41","lanes":"4","maxspeed":"100","oneway":"yes","ref":"A4","source:maxspeed":"sign","toll":"yes","carriage_ref":"A"},"geometry":{"type":"LineString","coordinates":[[8.4467747,47.1899874],[8.4474805,47.1904908]]}},{"type":"Feature","properties":{"highway":"motorway","int_ref":"E 41","lanes":"2","maxspeed":"120","oneway":"yes","ref":"A4","source:maxspeed":"CH:motorway","toll":"yes","carriage_ref":"B"},"geometry":{"type":"LineString","coordinates":[[8.5544713,47.0440931],[8.5551875,47.0443121],[8.5560656,47.044528],[8.5569575,47.0447335]]}},{"type":"Feature","properties":{"change:lanes":"not_left|yes|not_right|yes","highway":"motorway","int_ref":"E 41;E 60","lanes":"4","maxspeed":"signals","oneway":"yes","placement":"middle_of:2","ref":"A1;A4","surface":"asphalt","toll":"yes","turn:lanes":"|||merge_to_left","carriage_ref":"B"},"geometry":{"type":"LineString","coordinates":[[8.6995824,47.449821],[8.6993444,47.4495607],[8.6990835,47.4492999]]}},{"type":"Feature","properties":{"change:lanes":"not_left|not_right|yes","destination":"Trüllikon","highway":"trunk","int_ref":"E 41","lanes":"3","maxspeed":"100","motorroad":"yes","oneway":"yes","placement":"right_of:1","ref":"A4","shoulder":"none","source:maxspeed":"sign","surface":"asphalt","toll":"yes","turn:lanes":"||merge_to_left","carriage_ref":"B"},"geometry":{"type":"LineString","coordinates":[[8.6531124,47.6433675],[8.6538715,47.6426005],[8.6539922,47.6424819]]}},{"type":"Feature","properties":{"change:lanes:backward":"no","change:lanes:forward":"no","hazard":"deer","highway":"trunk","int_ref":"E 41;E 54","lanes":"2","maxspeed":"60","motorroad":"yes","oneway":"no","overtaking":"no","ref":"A4","source:maxspeed":"sign. Survey 12.2018","surface":"asphalt","toll":"no","carriage_ref":"B"},"geometry":{"type":"LineString","coordinates":[[8.69249621044,47.74460000201],[8.69202301044,47.74451800205],[8.69175261044,47.74446480208],[8.69148441044,47.7444074021],[8.69131961044,47.74436370213],[8.69115531044,47.74431570215],[8.69102701044,47.74427400217],[8.69089731044,47.74422610219],[8.69076891044,47.74417390222],[8.69064571044,47.74411690224],[8.69053641044,47.74405860227],[8.69042901044,47.7439954023],[8.69033431044,47.74393600233],[8.69024801044,47.74387240236],[8.69016411044,47.74380750239],[8.69008211044,47.74373540243],[8.68996111044,47.74361340249]]}},{"type":"Feature","properties":{"bridge":"yes","highway":"trunk","int_ref":"E 41","lanes":"2","layer":"1","maxheight":"default","maxspeed":"100","motorroad":"yes","oneway":"yes","ref":"A4","shoulder":"none","source:maxspeed":"sign","surface":"asphalt","toll":"yes","carriage_ref":"A"},"geometry":{"type":"LineString","coordinates":[[8.6532249,47.6434124],[8.6530244,47.6436166]]}},{"type":"Feature","properties":{"bridge":"yes","highway":"motorway","int_ref":"E 41","lanes":"2","layer":"1","oneway":"yes","ref":"A4","toll":"yes","carriage_ref":"A"},"geometry":{"type":"LineString","coordinates":[[8.6248059,47.0119467],[8.6251636,47.0125238]]}},{"type":"Feature","properties":{"bridge":"yes","highway":"trunk","int_ref":"E 41","lanes":"2","layer":"1","maxspeed":"100","motorroad":"yes","oneway":"yes","ref":"A4","source:maxspeed":"sign","toll":"yes","carriage_ref":"B"},"geometry":{"type":"LineString","coordinates":[[8.6255818,47.6646947],[8.6256574,47.6644711],[8.625748,47.6642225],[8.6258359,47.6639912],[8.6259405,47.6637414]]}},{"type":"Feature","properties":{"bridge":"yes","highway":"motorway","int_ref":"E 41;E 60","lanes":"2","layer":"1","maxspeed":"100","oneway":"yes","overtaking:hgv":"no","ref":"A1;A4","source:maxspeed":"sign","surface":"asphalt","toll":"yes","carriage_ref":"A"},"geometry":{"type":"LineString","coordinates":[[8.6867849,47.5063001],[8.6867295,47.5065663]]}},{"type":"Feature","properties":{"bridge":"yes","highway":"motorway","int_ref":"E 41;E 60","lanes":"2","layer":"1","lit":"yes","maxspeed":"signals","oneway":"yes","ref":"A1;A4","shoulder:right":"yes","source:maxspeed":"signals","surface":"asphalt","toll":"yes","carriage_ref":"B"},"geometry":{"type":"LineString","coordinates":[[8.5725889,47.4238132],[8.5724781,47.4238631],[8.5722882,47.4239418],[8.5721202,47.4240031],[8.5719357,47.4240624]]}},{"type":"Feature","properties":{"highway":"motorway","int_ref":"E 41","lanes":"4","maxspeed":"100","oneway":"yes","placement":"middle_of:2","ref":"A4","source:maxspeed":"sign","toll":"yes","turn:lanes":"none|none|none|slight_right","carriage_ref":"A"},"geometry":{"type":"LineString","coordinates":[[8.4433785,47.1875441],[8.445756,47.1892609]]}},{"type":"Feature","properties":{"highway":"motorway","int_ref":"E 41","lanes":"2","lit":"yes","maxspeed":"80","maxspeed:variable":"obstruction","oneway":"yes","ref":"A4","source:maxspeed":"sign","toll":"yes","carriage_ref":"A"},"geometry":{"type":"LineString","coordinates":[[8.4576454,47.3415625],[8.4572119,47.3417774]]}},{"type":"Feature","properties":{"bridge":"viaduct","highway":"motorway","int_ref":"E 41","lanes":"2","layer":"1","maxspeed":"120","oneway":"yes","ref":"A4","toll":"yes","carriage_ref":"A"},"geometry":{"type":"LineString","coordinates":[[8.4867038,47.0785451],[8.4863781,47.0786835],[8.4862121,47.0787523],[8.4860425,47.0788261],[8.4857115,47.0789763],[8.4853911,47.0791338],[8.4850839,47.0793054],[8.4849324,47.0793958],[8.484791,47.0794858],[8.4845127,47.0796733]]}},{"type":"Feature","properties":{"change:lanes:backward":"no|yes","change:lanes:forward":"no|no","destination:lanes:forward":"Sankt Gallen;Zürich;Winterthur|Adlikon;Henggart","highway":"trunk","int_ref":"E 41","lanes":"4","lanes:backward":"2","maxheight":"default","maxspeed":"100","motorroad":"yes","oneway":"no","overtaking":"no","ref":"A4","shoulder:left":"yes","shoulder:right":"yes","source:maxspeed":"sign","surface":"asphalt","toll":"yes","turn:lanes:backward":"|merge_to_left","turn:lanes:forward":"|slight_right","carriage_ref":"B"},"geometry":{"type":"LineString","coordinates":[[8.68385494512,47.5837070459],[8.68375904512,47.58356074587]]}},{"type":"Feature","properties":{"highway":"motorway","int_ref":"E 41;E 60","lanes":"3","maxspeed":"120","oneway":"yes","ref":"A1;A4","source:maxspeed":"CH:motorway","surface":"asphalt","toll":"yes","carriage_ref":"B"},"geometry":{"type":"LineString","coordinates":[[8.6880919,47.4405638],[8.6875516,47.4403235],[8.6872733,47.4402015],[8.6869911,47.4400796],[8.6866527,47.4399201],[8.6863137,47.4397597],[8.6859409,47.4395771],[8.6855665,47.4393876],[8.6853755,47.4392895],[8.6852078,47.4391968],[8.68503,47.4391028],[8.6848501,47.4390007],[8.6845315,47.4388226],[8.6842201,47.4386289],[8.6840514,47.4385249],[8.6838923,47.4384207],[8.6837314,47.438313],[8.6835743,47.4381996],[8.6834178,47.4380886],[8.6832574,47.4379708],[8.6829647,47.4377397],[8.6827913,47.4375946],[8.6826356,47.4374621],[8.6824908,47.4373325],[8.6823363,47.4371953],[8.6821157,47.4369934],[8.6819196,47.4367849],[8.6818062,47.4366528],[8.681697,47.4365255],[8.6815845,47.4363913],[8.6814787,47.4362622],[8.6812941,47.4360349],[8.6811224,47.4357921],[8.6809852,47.4355875],[8.6808494,47.4353782],[8.6807015,47.4351111],[8.6806268,47.4349806],[8.6805611,47.4348497],[8.680491,47.4347127],[8.6804278,47.4345721],[8.6803614,47.4344396],[8.6802976,47.4342986],[8.6801901,47.4340376],[8.6801428,47.4338959],[8.6800945,47.4337601],[8.6799698,47.4333902],[8.679921,47.4332347],[8.6798779,47.433077],[8.6797916,47.4327738],[8.6797311,47.4325625],[8.6796691,47.4323538],[8.6795658,47.4319341],[8.6793482,47.4310412],[8.6791047,47.4302993],[8.6790369,47.4300996],[8.6789637,47.4299063],[8.6788961,47.4297167],[8.6788216,47.4295343],[8.6787477,47.4293551],[8.6786618,47.4291743],[8.6785733,47.4289941],[8.6784747,47.4288044],[8.6783693,47.4286126],[8.6782606,47.4284336],[8.6781484,47.4282509],[8.6780485,47.42811],[8.6779516,47.4279644],[8.6778561,47.4278253],[8.6777501,47.4276869],[8.6776398,47.4275409],[8.6775241,47.4273946],[8.6774066,47.4272484],[8.6772761,47.4270891],[8.6770849,47.4268778],[8.6768915,47.42667],[8.6767283,47.4265079],[8.6765461,47.4263381],[8.6763066,47.4261199],[8.676058,47.4258971],[8.675812,47.4256964],[8.6755303,47.4254877],[8.6753951,47.4253917],[8.6749791,47.4251011],[8.6746739,47.4248986],[8.6743795,47.4247143],[8.6741672,47.4245861],[8.6739531,47.4244623],[8.6734836,47.4242145],[8.6731076,47.4240223],[8.6727042,47.4238378],[8.6722814,47.4236476],[8.671868,47.4234811],[8.6713971,47.4233112],[8.6711761,47.4232371],[8.6709422,47.4231614],[8.6705646,47.4230375],[8.6701423,47.422918],[8.6696574,47.422786],[8.6694133,47.4227315],[8.6691728,47.4226752],[8.6686912,47.4225778],[8.6682106,47.4224864],[8.6679179,47.4224401],[8.6676231,47.4223981],[8.667307,47.4223537],[8.6669857,47.4223142],[8.6664843,47.4222635]]}},{"type":"Feature","properties":{"change:lanes":"not_left|yes|no","destination:lanes":"Chiasso;Gotthard;Luzern;Cham|Chiasso;Gotthard;Luzern;Cham|Chur;Zug;Cham-Ost","destination:ref:lanes":"A4|A4|A4a","highway":"motorway","int_ref":"E 41","lanes":"3","maxspeed":"signals","oneway":"yes","placement":"right_of:1","ref":"A4","shoulder":"none","source:maxspeed":"signals","surface":"asphalt","toll":"yes","turn:lanes":"||slight_right","carriage_ref":"B"},"geometry":{"type":"LineString","coordinates":[[8.4660054,47.2040435],[8.4658113,47.203916]]}},{"type":"Feature","properties":{"bridge":"yes","change:lanes:backward":"no","change:lanes:forward":"no","hazard":"deer","highway":"trunk","int_ref":"E 41;E 54","lanes":"2","layer":"1","maxspeed":"60","motorroad":"yes","oneway":"no","overtaking":"no","ref":"A4","source:maxspeed":"sign. Survey 12.2018","surface":"asphalt","toll":"no","carriage_ref":"A"},"geometry":{"type":"LineString","coordinates":[[8.6920563,47.7444929],[8.6923157,47.7445384],[8.6925295,47.7445749]]}},{"type":"Feature","properties":{"highway":"motorway","int_ref":"E 41","lanes":"2","lit":"yes","maxspeed":"100","oneway":"yes","ref":"A4","source:maxspeed":"sign","surface":"asphalt","toll":"yes","turn:lanes":"|merge_to_left","carriage_ref":"A"},"geometry":{"type":"LineString","coordinates":[[8.701054,47.5255954],[8.7009735,47.5256947],[8.7008881,47.5257939],[8.7007959,47.5258912],[8.700703,47.5259921],[8.7005971,47.5260991],[8.7004866,47.5262033],[8.700394,47.5262871],[8.7002967,47.5263718],[8.7002088,47.5264471],[8.7001078,47.5265273],[8.7000006,47.5266117],[8.6998842,47.526697],[8.6997746,47.5267729],[8.6996576,47.5268486]]}},{"type":"Feature","properties":{"highway":"trunk","int_ref":"E 41","lanes":"1","maxspeed":"100","motorroad":"yes","oneway":"yes","ref":"A4","source:maxspeed":"sign","surface":"asphalt","toll":"yes","carriage_ref":"B"},"geometry":{"type":"LineString","coordinates":[[8.6829374,47.5789101],[8.6829248,47.5785337]]}},{"type":"Feature","properties":{"bridge":"viaduct","bridge:name":"Hammermühleviadukt","highway":"motorway","int_ref":"E 41;E 60","lanes":"3","layer":"2","maxspeed":"120","oneway":"yes","ref":"A1;A4","shoulder:right":"yes","source:maxspeed":"CH:motorway","surface":"asphalt","toll":"yes","carriage_ref":"B"},"geometry":{"type":"LineString","coordinates":[[8.7080441,47.4571908],[8.7079306,47.4569975],[8.7077934,47.4567894],[8.7076424,47.4565778],[8.7074903,47.4563796],[8.7073828,47.4562415],[8.7072687,47.4561049],[8.7071513,47.4559711],[8.7070316,47.4558382],[8.7068597,47.4556585],[8.7066796,47.4554773],[8.7065004,47.4553062],[8.7063109,47.4551363],[8.7060806,47.4549363],[8.7058344,47.4547387],[8.7055842,47.454547],[8.7053334,47.4543731]]}},{"type":"Feature","properties":{"highway":"trunk","int_ref":"E 41","lanes":"2","maxspeed":"100","motorroad":"yes","oneway":"yes","ref":"A4","source:maxspeed":"sign","toll":"yes","carriage_ref":"B"},"geometry":{"type":"LineString","coordinates":[[8.6236434,47.6740553],[8.6235127,47.6739218],[8.6233893,47.6737878],[8.6232715,47.6736491],[8.6231634,47.6735086],[8.6230596,47.6733622],[8.6229671,47.6732155],[8.622881,47.6730679],[8.6228052,47.6729201],[8.6227361,47.6727675],[8.6226768,47.6726101],[8.6226254,47.6724526],[8.6225769,47.6722893]]}},{"type":"Feature","properties":{"highway":"motorway","int_ref":"E 41","lanes":"3","lit":"no","maxspeed":"100","oneway":"yes","placement":"right_of:1","ref":"A3;A4","toll":"yes","turn:lanes":"none|none|slight_right","carriage_ref":"A"},"geometry":{"type":"LineString","coordinates":[[8.421084,47.3705023],[8.4205908,47.3714372],[8.4202933,47.3721205]]}},{"type":"Feature","properties":{"highway":"motorway","int_ref":"E 41;E 60","lanes":"2","lit":"yes","maxspeed":"signals","oneway":"yes","ref":"A1;A4","shoulder:right":"yes","source:maxspeed":"signals","surface":"asphalt","toll":"yes","carriage_ref":"B"},"geometry":{"type":"LineString","coordinates":[[8.5747002,47.4143729],[8.5746479,47.4146634],[8.5746105,47.4149533],[8.5745745,47.4152548],[8.5744879,47.4162513]]}},{"type":"Feature","properties":{"highway":"trunk","int_ref":"E 41","lanes":"1","maxspeed":"100","motorroad":"yes","oneway":"yes","ref":"A4","source:maxspeed":"sign","surface":"asphalt","toll":"yes","carriage_ref":"B"},"geometry":{"type":"LineString","coordinates":[[8.6896066,47.5939019],[8.6896444,47.5937249],[8.6896682,47.5936381],[8.6896987,47.5935509],[8.6897464,47.5934185],[8.6898021,47.5932848],[8.69007254512,47.59262474802]]}},{"type":"Feature","properties":{"change:lanes":"no|no","destination:int_ref:lanes":"E 41|","destination:lanes":"Gotthard;Luzern;Zug|Wettswil;Hedingen;Bonstetten","destination:ref:lanes":"A4|","highway":"motorway","int_ref":"E 41","lanes":"2","lit":"yes","maxspeed":"80","maxspeed:variable":"obstruction","oneway":"yes","overtaking:hgv":"no","ref":"A4","shoulder:left":"yes","shoulder:right":"yes","source:maxspeed":"signals","surface":"asphalt","toll":"yes","turn:lanes":"through|slight_right","carriage_ref":"B"},"geometry":{"type":"LineString","coordinates":[[8.4571981,47.3412792],[8.4573263,47.341196],[8.4574289,47.3411191],[8.4575795,47.3410041],[8.457763,47.3408415]]}},{"type":"Feature","properties":{"highway":"motorway","int_ref":"E 41","lanes":"3","maxspeed":"120","oneway":"yes","placement":"right_of:1","ref":"A4","toll":"yes","turn:lanes":"||merge_to_left","carriage_ref":"B"},"geometry":{"type":"LineString","coordinates":[[8.4555214,47.0999708],[8.4560195,47.0996876],[8.4562261,47.0995526],[8.4564186,47.0994233]]}},{"type":"Feature","properties":{"bridge":"yes","destination":"Sankt Gallen;Schaffhausen","highway":"motorway","int_ref":"E 41;E 60","lanes":"2","layer":"1","lit":"yes","maxspeed":"100","oneway":"yes","placement":"transition","ref":"A1;A4","surface":"asphalt","toll":"yes","carriage_ref":"A"},"geometry":{"type":"LineString","coordinates":[[8.5741955,47.4169338],[8.5742183,47.4164454]]}},{"type":"Feature","properties":{"bridge":"yes","highway":"trunk","int_ref":"E 41","lanes":"2","layer":"1","maxspeed":"100","motorroad":"yes","oneway":"yes","ref":"A4","toll":"yes","carriage_ref":"A"},"geometry":{"type":"LineString","coordinates":[[8.6276327,47.6615282],[8.6275745,47.6615947],[8.627509,47.6616658]]}},{"type":"Feature","properties":{"highway":"motorway","int_ref":"E 41","lanes":"3","lit":"yes","maxspeed":"80","maxspeed:variable":"obstruction","oneway":"yes","overtaking:hgv":"no","placement":"right_of:2","ref":"A4","shoulder:right":"yes","source:maxspeed":"signals","surface":"asphalt","toll":"yes","carriage_ref":"B"},"geometry":{"type":"LineString","coordinates":[[8.4589415,47.3394095],[8.4593198,47.3388174]]}},{"type":"Feature","properties":{"change:lanes:backward":"not_left|yes","change:lanes:forward":"no","hazard":"deer","highway":"trunk","int_ref":"E 41;E 54","lanes":"3","lanes:backward":"2","lanes:forward":"1","maxspeed":"60","motorroad":"yes","oneway":"no","overtaking":"no","ref":"A4","source:maxspeed":"sign. Survey 12.2018","surface":"asphalt","toll":"no","turn:lanes:backward":"left|through","carriage_ref":"B"},"geometry":{"type":"LineString","coordinates":[[8.68996111044,47.74361340249],[8.68984121044,47.74345520256],[8.68973751044,47.74328970264]]}},{"type":"Feature","properties":{"destination":"Zürich;Affoltern am Albis","destination:int_ref":"E 43","destination:ref":"A 4","highway":"motorway","int_ref":"E 41","lanes":"2","maxspeed":"100","oneway":"yes","ref":"A4","source:maxspeed":"sign","surface":"asphalt","toll":"yes","carriage_ref":"A"},"geometry":{"type":"LineString","coordinates":[[8.4583508,47.1983136],[8.458736,47.1986351],[8.4592469,47.1990093],[8.4608529,47.2001597]]}},{"type":"Feature","properties":{"highway":"motorway","int_ref":"E 41","lanes":"2","maxspeed":"120","oneway":"yes","ref":"A4","source:maxspeed":"CH:motorway","toll":"yes","carriage_ref":"B"},"geometry":{"type":"LineString","coordinates":[[8.577745,47.0461497],[8.5781694,47.0460102],[8.5786151,47.0459005],[8.5790815,47.0458084],[8.5795602,47.0457455],[8.5802283,47.045694],[8.5805977,47.0457015],[8.580959,47.0457133],[8.5813559,47.0457418],[8.5817588,47.0457891],[8.5820962,47.0458467],[8.5824214,47.0459183],[8.5828084,47.0460273],[8.5832953,47.0461901],[8.5851632,47.0470197],[8.5855403,47.0471786],[8.5857254,47.0472542],[8.5859269,47.0473244],[8.5861188,47.0473907],[8.5863177,47.047451],[8.5867158,47.0475654],[8.5871115,47.0476659],[8.5875183,47.0477462],[8.5879873,47.0478241],[8.5882317,47.0478608],[8.5884671,47.0478828],[8.5889267,47.0479281],[8.5893875,47.0479543],[8.5898032,47.047963],[8.5902076,47.0479516],[8.5907469,47.0479307],[8.5912898,47.0478731],[8.5916274,47.0478258],[8.5919632,47.0477734],[8.5923737,47.0476994],[8.5927945,47.0476056],[8.5933332,47.0474707],[8.5936017,47.0474007],[8.5938843,47.0473117],[8.5945414,47.0470994],[8.5951626,47.0468552],[8.5958523,47.0465667],[8.5965329,47.0462492],[8.5967979,47.0461214],[8.5977358,47.0456354],[8.6005589,47.0440456],[8.6017082,47.0434213],[8.6024601,47.0430406],[8.6032472,47.0426693]]}},{"type":"Feature","properties":{"highway":"motorway","int_ref":"E 41","lanes":"2","lit":"no","maxspeed":"120","oneway":"yes","ref":"A4","source:maxspeed":"CH:motorway","toll":"yes","carriage_ref":"A"},"geometry":{"type":"LineString","coordinates":[[8.4264066,47.2817329],[8.425408,47.283143]]}},{"type":"Feature","properties":{"highway":"trunk","int_ref":"E 41","lanes":"2","maxspeed":"100","motorroad":"yes","oneway":"yes","overtaking:hgv":"no","ref":"A4","shoulder":"none","source:maxspeed":"sign","surface":"asphalt","toll":"yes","carriage_ref":"B"},"geometry":{"type":"LineString","coordinates":[[8.63000986726,47.67682808749],[8.6295972,47.6766963],[8.6293641,47.6766219]]}},{"type":"Feature","properties":{"destination":"Chur;Luzern;Westring-Zürich","destination:ref":"A3;A4","highway":"motorway","int_ref":"E 41","lanes":"1","lit":"yes","maxspeed":"80","oneway":"yes","placement":"transition","ref":"A4","source:maxspeed":"sign","surface":"asphalt","toll":"yes","carriage_ref":"B"},"geometry":{"type":"LineString","coordinates":[[8.4332401,47.4133318],[8.4325433,47.4131314],[8.4318354,47.4129395]]}},{"type":"Feature","properties":{"bicycle":"no","change:lanes:backward":"no","change:lanes:forward":"not_left|yes","foot":"no","highway":"trunk","int_ref":"E 41;E 54","lanes":"3","lanes:backward":"1","lanes:forward":"2","lit":"yes","maxheight":"default","maxspeed":"80","motorroad":"yes","oneway":"no","placement:forward":"left_of:1","ref":"A4;E41","source:maxspeed":"sign","toll":"yes","turn:lanes:forward":"none|merge_to_left","carriage_ref":"A"},"geometry":{"type":"LineString","coordinates":[[8.625204,47.6931323],[8.6252312,47.6933391],[8.6252627,47.693491],[8.6252936,47.6935941],[8.625334,47.6936956],[8.6254171,47.6939098]]}},{"type":"Feature","properties":{"change:lanes":"not_left|not_right|not_right|not_right","highway":"motorway","int_ref":"E 41","lanes":"4","lit":"no","maxspeed":"100","maxspeed:variable":"obstruction","oneway":"yes","placement":"right_of:1","ref":"A3;A4","shoulder":"none","source:maxspeed":"signals","surface":"asphalt","toll":"yes","turn:lanes":"||merge_to_left|merge_to_left","carriage_ref":"B"},"geometry":{"type":"LineString","coordinates":[[8.420675,47.3709218],[8.4208691,47.3705434],[8.4211085,47.3701124]]}},{"type":"Feature","properties":{"highway":"motorway","int_ref":"E 41;E 60","lanes":"3","lit":"no","maxspeed":"100","oneway":"yes","overtaking:hgv":"no","ref":"A1;A4","source:maxspeed":"sign","surface":"asphalt","toll":"yes","carriage_ref":"A"},"geometry":{"type":"LineString","coordinates":[[8.5544018,47.4281975],[8.5547154,47.4280321],[8.55564,47.4275717],[8.5560763,47.4273695]]}},{"type":"Feature","properties":{"highway":"trunk","int_ref":"E 41","lanes":"2","maxspeed":"80","motorroad":"yes","oneway":"yes","placement":"middle_of:1","ref":"A4","source:maxspeed":"sign","toll":"yes","turn:lanes":"none|slight_right","carriage_ref":"A"},"geometry":{"type":"LineString","coordinates":[[8.6280618,47.6761174],[8.6288891,47.6763859]]}},{"type":"Feature","properties":{"highway":"motorway","int_ref":"E 41","lanes":"2","maxspeed":"120","oneway":"yes","ref":"A4","toll":"yes","carriage_ref":"B"},"geometry":{"type":"LineString","coordinates":[[8.4564186,47.0994233],[8.4566446,47.0992521],[8.4568901,47.0990714],[8.4571034,47.0988906],[8.4573054,47.0986816],[8.4574901,47.0984742],[8.4576689,47.0982663],[8.4578075,47.0980852],[8.4579414,47.0978975],[8.4581069,47.0976264],[8.4582466,47.0973572],[8.4584587,47.0968646],[8.458705,47.0962563],[8.4587972,47.0960108],[8.4589222,47.095762],[8.4590711,47.0954695],[8.4592348,47.0951969],[8.4594986,47.0948029],[8.4596759,47.0945718],[8.459869,47.0943419]]}},{"type":"Feature","properties":{"destination":"Schaffhausen;Henggart","highway":"motorway","int_ref":"E 41","lanes":"1","maxspeed":"80","oneway":"yes","placement":"transition","ref":"A4","source:maxspeed":"sign","surface":"asphalt","toll":"yes","carriage_ref":"A"},"geometry":{"type":"LineString","coordinates":[[8.6977848,47.5204721],[8.6980498,47.5206143]]}},{"type":"Feature","properties":{"destination:lanes":"Gotthard;Luzern|Gotthard;Luzern|Gotthard;Luzern|Cham;Aarau;Hünenberg","highway":"motorway","int_ref":"E 41","lanes":"4","maxspeed":"signals","oneway":"yes","placement":"middle_of:2","ref":"A4","shoulder":"none","source:maxspeed":"signals","surface":"asphalt","toll":"yes","turn:lanes":"|||slight_right","carriage_ref":"B"},"geometry":{"type":"LineString","coordinates":[[8.4506654,47.1930145],[8.4501707,47.1926652]]}},{"type":"Feature","properties":{"highway":"trunk","int_ref":"E 41","lanes":"2","maxspeed":"100","motorroad":"yes","oneway":"no","ref":"A4","source:maxspeed":"sign","surface":"asphalt","toll":"yes","carriage_ref":"A"},"geometry":{"type":"LineString","coordinates":[[8.6925359,47.5356566],[8.6922187,47.5370981],[8.6918562,47.5387637],[8.6916847,47.5395574],[8.6915172,47.5403173],[8.6913746,47.5409735],[8.6913188,47.541229],[8.6913004,47.5413091],[8.6912461,47.5415594],[8.691187,47.5418102],[8.6911355,47.5420196],[8.6910812,47.5422243],[8.6910256,47.5424295],[8.6909681,47.5426333],[8.6909098,47.5428287],[8.6908473,47.5430241],[8.6907818,47.5432177],[8.690711,47.5434104],[8.690634,47.5436179],[8.690554,47.5438234],[8.6904685,47.5440295],[8.6904236,47.5441313],[8.6903767,47.5442336],[8.6902757,47.5444508],[8.6901711,47.5446716],[8.6899479,47.5451069]]}},{"type":"Feature","properties":{"change:lanes":"not_left|not_right|no","highway":"motorway","int_ref":"E 41","lanes":"3","maxspeed":"120","oneway":"yes","placement":"right_of:1","ref":"A4","shoulder:right":"yes","source:maxspeed":"CH:motorway","surface":"asphalt","toll":"yes","turn:lanes":"||slight_right","carriage_ref":"B"},"geometry":{"type":"LineString","coordinates":[[8.4354373,47.2745977],[8.4354821,47.2745591]]}},{"type":"Feature","properties":{"change:lanes":"not_left|not_right|not_right","highway":"motorway","int_ref":"E 41","lanes":"3","lit":"yes","maxspeed":"120","oneway":"yes","placement":"right_of:1","ref":"A4","shoulder:right":"yes","source:maxspeed":"CH:motorway","surface":"asphalt","toll":"yes","turn:lanes":"none|none|merge_to_left","carriage_ref":"B"},"geometry":{"type":"LineString","coordinates":[[8.4392193,47.2684526],[8.4393385,47.2680594]]}},{"type":"Feature","properties":{"highway":"motorway","int_ref":"E 41","lanes":"3","maxspeed":"120","oneway":"yes","ref":"A4","toll":"yes","turn:lanes":"merge_to_right||","carriage_ref":"A"},"geometry":{"type":"LineString","coordinates":[[8.5569084,47.0448398],[8.5560123,47.0446329],[8.5551183,47.0444077]]}},{"type":"Feature","properties":{"highway":"motorway","int_ref":"E 41;E 60","lanes":"3","maxspeed":"120","oneway":"yes","ref":"A1;A4","source:maxspeed":"CH:motorway","surface":"asphalt","toll":"yes","carriage_ref":"A"},"geometry":{"type":"LineString","coordinates":[[8.6670379,47.4221834],[8.6673354,47.4222146],[8.6676566,47.4222543],[8.6679561,47.4222995],[8.6682597,47.4223491],[8.6687393,47.4224411],[8.6692254,47.4225394],[8.6693595,47.4225698],[8.6694723,47.4225954],[8.6697178,47.4226548],[8.6702026,47.4227818],[8.6706245,47.422902],[8.6710362,47.4230266],[8.671261,47.4231008],[8.6714763,47.4231779],[8.6719364,47.4233458],[8.6723699,47.4235184],[8.6727999,47.4236978],[8.6732075,47.4238839],[8.6736045,47.4240815],[8.6740659,47.4243302],[8.674291,47.424458],[8.6745106,47.4245882],[8.6748303,47.4247855],[8.6751453,47.424993],[8.6754879,47.425237],[8.6756189,47.4253358],[8.6759482,47.4255831],[8.6762217,47.4258066],[8.6764732,47.4260263],[8.6767184,47.4262523],[8.6768952,47.4264195],[8.6770701,47.4265893],[8.6772692,47.4268032],[8.6774623,47.4270206],[8.6775976,47.4271725],[8.6777236,47.4273241],[8.6778415,47.427469],[8.6779518,47.4276167],[8.6780567,47.4277588],[8.6781572,47.4279009],[8.678256,47.4280471],[8.6783477,47.428193],[8.6784628,47.4283778],[8.6785713,47.428564],[8.6786758,47.4287587],[8.678777,47.4289528],[8.6788645,47.4291323],[8.6789464,47.4293136],[8.6790254,47.4294964],[8.6790958,47.4296784],[8.6791706,47.4298679],[8.6792387,47.4300577],[8.6793011,47.4302278],[8.6795375,47.4310184],[8.6797696,47.4319073],[8.6798803,47.4323304],[8.6799357,47.4325435],[8.6799963,47.4327544],[8.6800828,47.4330587],[8.6801277,47.4332107],[8.6801778,47.4333616],[8.6802995,47.4337223],[8.6803484,47.4338581],[8.6803997,47.4339941],[8.680508,47.4342616],[8.6805658,47.4343971],[8.6806272,47.434533],[8.6806902,47.4346664],[8.6807569,47.434802],[8.6808269,47.4349341],[8.6809013,47.4350652],[8.681049,47.4353225],[8.68118,47.4355293],[8.6813127,47.4357273],[8.6814859,47.4359646],[8.6816563,47.4361875],[8.6817675,47.4363211],[8.6818836,47.4364554],[8.6819946,47.4365819],[8.6821117,47.4367093],[8.6823073,47.4369104],[8.6825125,47.437108],[8.6826608,47.4372437],[8.6828168,47.4373792],[8.6829642,47.4375025],[8.6831317,47.4376454],[8.6834225,47.4378826],[8.6835775,47.4379967],[8.6837333,47.4381075],[8.6838872,47.4382149],[8.6840436,47.4383199],[8.6842042,47.4384244],[8.6843671,47.4385254],[8.6846722,47.4387107],[8.6849712,47.4388878],[8.6851514,47.4389889],[8.6853346,47.4390875],[8.6855069,47.4391789],[8.6856752,47.4392664],[8.6860495,47.4394557],[8.6864304,47.4396428],[8.6867671,47.4398019],[8.6871088,47.4399583],[8.6873819,47.4400812],[8.6876547,47.4402012],[8.6881902,47.4404363],[8.6894087,47.4409652],[8.6906104,47.4415027]]}},{"type":"Feature","properties":{"highway":"motorway","int_ref":"E 41","lanes":"3","lit":"yes","maxspeed":"100","maxspeed:variable":"obstruction","oneway":"yes","ref":"A3;A4","source:maxspeed":"sign","toll":"yes","carriage_ref":"A"},"geometry":{"type":"LineString","coordinates":[[8.4533544,47.3420944],[8.4525879,47.3420847]]}},{"type":"Feature","properties":{"bicycle":"no","change:lanes:backward":"not_left|yes","change:lanes:forward":"no","destination:forward":"Stuttgart;Schaffhausen-Nord","foot":"no","highway":"trunk","int_ref":"E 41","lanes":"3","lanes:backward":"2","lanes:forward":"1","layer":"-1","lit":"24/7","maxheight":"default","maxspeed":"80","motorroad":"yes","oneway":"no","overtaking:hgv:backward":"no","ref":"A4;E41","toll":"yes","tunnel":"yes","tunnel:name":"Cholfirsttunnel","carriage_ref":"A"},"geometry":{"type":"LineString","coordinates":[[8.6283891,47.6901588],[8.6280396,47.690284],[8.6276524,47.6904363],[8.6269885,47.6907469],[8.6267152,47.6909047],[8.626458,47.6910722],[8.6262482,47.6912233]]}},{"type":"Feature","properties":{"change:lanes":"no|no","first":"true","carriage_ref":"B","highway":"trunk","int_ref":"E 41;E 54","lanes":"2","maxspeed":"60","motorroad":"yes","oneway":"no","overtaking":"no","ref":"A4","source:maxspeed":"sign. Survey 12.2018","surface":"asphalt","toll":"no"},"geometry":{"type":"LineString","coordinates":[[8.70468631044,47.74240080307],[8.70375661044,47.74264610295]]}},{"type":"Feature","properties":{"highway":"motorway","int_ref":"E 41;E 60","lanes":"3","lit":"no","maxspeed":"120","oneway":"yes","overtaking:hgv":"no","ref":"A1;A4","source:maxspeed":"CH:motorway","surface":"asphalt","toll":"yes","carriage_ref":"A"},"geometry":{"type":"LineString","coordinates":[[8.5501032,47.4302778],[8.5504948,47.4301165],[8.550889,47.4299427],[8.5512995,47.4297571],[8.5516955,47.4295787],[8.5520951,47.4293926],[8.5524887,47.429214],[8.5528482,47.4290304],[8.5531608,47.4288713],[8.5536092,47.4286386]]}},{"type":"Feature","properties":{"destination":"Zürich;Wülflingen","destination:int_ref":"E 41;E 60","destination:ref":"A1;A4","highway":"motorway","int_ref":"E 41","lanes":"1","lit":"yes","maxspeed":"80","oneway":"yes","ref":"A4","shoulder:right":"yes","source:maxspeed":"sign","surface":"asphalt","toll":"yes","carriage_ref":"B"},"geometry":{"type":"LineString","coordinates":[[8.7009518,47.5254931],[8.7010042,47.5253792],[8.7010453,47.5253085],[8.7010781,47.5252412],[8.7011044,47.5251808],[8.7011285,47.5251146],[8.7011494,47.5250378],[8.7011549,47.5249627],[8.7011553,47.5248762],[8.7011505,47.5247901],[8.7011374,47.524709],[8.7011179,47.524631],[8.7010842,47.5245406],[8.7010241,47.5244251],[8.7009838,47.5243626],[8.7009417,47.5243075],[8.7008882,47.5242547],[8.7008334,47.5241938],[8.7007328,47.5240989],[8.7005776,47.5239622]]}},{"type":"Feature","properties":{"destination":"St. Gallen","highway":"motorway","int_ref":"E 41;E 60","lanes":"4","lit":"yes","maxspeed":"80","oneway":"yes","placement":"middle_of:2","ref":"A1;A4","source:maxspeed":"sign","surface":"asphalt","toll":"yes","carriage_ref":"A"},"geometry":{"type":"LineString","coordinates":[[8.4343707,47.4134034],[8.4345789,47.4134561],[8.4350063,47.4135585],[8.435561,47.4136826]]}},{"type":"Feature","properties":{"highway":"trunk","int_ref":"E 41","lanes":"2","maxspeed":"100","motorroad":"yes","oneway":"no","ref":"A4","source:maxspeed":"sign","surface":"asphalt","toll":"yes","carriage_ref":"B"},"geometry":{"type":"LineString","coordinates":[[8.68989797085,47.54506064052],[8.69012117085,47.54462534013],[8.69022577085,47.54440453994],[8.69032677085,47.54418733975],[8.69037367085,47.54408503966],[8.69041857085,47.54398323957],[8.69050407085,47.54377713938],[8.69058407085,47.5435716392],[8.69066107085,47.54336413902],[8.69073187085,47.54317143885],[8.69079737085,47.54297783868],[8.69085987085,47.54278243851],[8.69091817085,47.54258703833],[8.69097567085,47.54238323815],[8.69103127085,47.54217803797],[8.69108557085,47.54197333779],[8.69113707085,47.54176393761],[8.69119617085,47.54151313739],[8.69125047085,47.54126283717],[8.69126887085,47.54118273709],[8.69132467085,47.54092723687],[8.69146727085,47.54027103629],[8.69163477085,47.53951113562],[8.69180627085,47.53871743492],[8.69216877085,47.53705183345],[8.69248597085,47.53561033218]]}},{"type":"Feature","properties":{"bridge":"viaduct","highway":"motorway","int_ref":"E 41","lanes":"2","layer":"1","maxspeed":"120","oneway":"yes","ref":"A4","toll":"yes","carriage_ref":"B"},"geometry":{"type":"LineString","coordinates":[[8.4937642,47.0742076],[8.4962896,47.0728982],[8.4966198,47.0727461],[8.4969463,47.0726014],[8.4972786,47.0724576],[8.4976226,47.0723178],[8.4979626,47.0721914],[8.4983357,47.0720598]]}},{"type":"Feature","properties":{"destination:lanes":"Bern;Basel;St. Gallen;Westring Zürich|Chur;Zürich-City|Chur;Zürich-City","highway":"motorway","int_ref":"E 41","lanes":"3","lit":"yes","maxspeed":"100","oneway":"yes","ref":"A4","source:maxspeed":"sign","toll":"yes","carriage_ref":"A"},"geometry":{"type":"LineString","coordinates":[[8.4597376,47.334878],[8.4599415,47.3354987]]}},{"type":"Feature","properties":{"hazmat:water":"permissive","highway":"motorway","int_ref":"E 41;E 60","lanes":"2","maxspeed":"100","oneway":"yes","overtaking:hgv":"no","ref":"A1;A4","shoulder:right":"yes","source:maxspeed":"sign","surface":"asphalt","toll":"yes","carriage_ref":"B"},"geometry":{"type":"LineString","coordinates":[[8.6925529,47.51584],[8.6922608,47.5156005],[8.6920202,47.5154082],[8.6916993,47.5151478]]}},{"type":"Feature","properties":{"avz":"565","bridge":"yes","bridge:name":"Lunnerenbrücke","cs_dir:forward":"1","highway":"motorway","int_ref":"E 41","lanes":"4","layer":"1","lit":"yes","maxspeed":"100","maxspeed:variable":"obstruction","oneway":"yes","overtaking:hgv":"no","placement":"right_of:1","ref":"A3;A4","shoulder:right":"yes","source:maxspeed":"signals","surface":"asphalt","toll":"yes","turn:lanes":"||merge_to_left|merge_to_left","carriage_ref":"B"},"geometry":{"type":"LineString","coordinates":[[8.4272869,47.3476831],[8.427314,47.3476576],[8.4277706,47.347229]]}},{"type":"Feature","properties":{"destination:int_ref:lanes":"E 41||","destination:lanes":"Bern;Basel;Sankt Gallen;Westring-Zürich|Chur;Zürich-City|Chur;Zürich-City","destination:ref:lanes":"A3;A4|A3|A3","highway":"motorway","int_ref":"E 41","lanes":"3","lit":"yes","maxspeed":"100","oneway":"yes","ref":"A4","source:maxspeed":"sign","toll":"yes","turn:lanes":"slight_left|through|through","carriage_ref":"A"},"geometry":{"type":"LineString","coordinates":[[8.4599415,47.3354987],[8.4600014,47.3357256]]}},{"type":"Feature","properties":{"bridge":"yes","highway":"motorway","int_ref":"E 41;E 60","lanes":"2","layer":"1","lit":"yes","maxspeed":"100","oneway":"yes","ref":"A1;A4","surface":"asphalt","toll":"yes","carriage_ref":"A"},"geometry":{"type":"LineString","coordinates":[[8.6285921,47.4167623],[8.629058,47.417093],[8.6293859,47.4173242]]}},{"type":"Feature","properties":{"destination:int_ref:lanes":"E 41|","destination:lanes":"Gotthard;Luzern;Zug|Wettswil;Hedingen;Bonstetten","destination:ref:lanes":"A4|","highway":"motorway","int_ref":"E 41","lanes":"2","lit":"yes","maxspeed":"100","maxspeed:variable":"obstruction","oneway":"yes","overtaking:hgv":"no","ref":"A4","source:maxspeed":"signals","surface":"asphalt","toll":"yes","turn:lanes":"through|slight_right","carriage_ref":"B"},"geometry":{"type":"LineString","coordinates":[[8.4548003,47.3418353],[8.455285,47.3418196]]}},{"type":"Feature","properties":{"change:lanes":"not_left|not_right|no","destination":"Adlikon","highway":"trunk","int_ref":"E 41","lanes":"3","maxspeed":"100","motorroad":"yes","oneway":"yes","placement":"right_of:1","ref":"A4","shoulder:right":"yes","source:maxspeed":"sign","surface":"asphalt","toll":"yes","carriage_ref":"B"},"geometry":{"type":"LineString","coordinates":[[8.6902903,47.6029083],[8.6904123,47.6027699]]}},{"type":"Feature","properties":{"highway":"motorway","int_ref":"E 41","lanes":"2","maxspeed":"100","oneway":"yes","ref":"A4","shoulder:right":"yes","source:maxspeed":"signals","surface":"asphalt","toll":"yes","carriage_ref":"B"},"geometry":{"type":"LineString","coordinates":[[8.4640876,47.2026673],[8.4607908,47.2002881]]}},{"type":"Feature","properties":{"change:lanes":"no|no","hazard":"deer","highway":"trunk","int_ref":"E 41;E 54","lanes":"2","maxheight":"default","maxspeed":"80","motorroad":"yes","oneway":"no","overtaking":"no","ref":"A4","source:maxspeed":"CH:rural","toll":"no","carriage_ref":"B"},"geometry":{"type":"LineString","coordinates":[[8.68583851044,47.7359087062],[8.68545671044,47.73594420619],[8.68478771044,47.73601560615],[8.68445461044,47.73604980613],[8.68411461044,47.73608060612],[8.68390671044,47.73609700611],[8.68369661044,47.73611090611],[8.68348731044,47.7361221061],[8.68326781044,47.7361289061],[8.68307991044,47.7361308061],[8.68289241044,47.7361278061],[8.68270971044,47.7361210061],[8.68252741044,47.73611070611],[8.68236651044,47.73609810611],[8.68220901044,47.73608220612],[8.68204971044,47.73606290613],[8.68188861044,47.73603970614],[8.68172211044,47.73600930615],[8.68155451044,47.73597520617],[8.68138461044,47.73593510619],[8.68121731044,47.73589170621],[8.68107421044,47.73585080623],[8.68093331044,47.73580830625],[8.68078931044,47.73576060627],[8.68064691044,47.7357083063],[8.68051431044,47.73565540633],[8.68038371044,47.73559990635],[8.68024811044,47.73553900638],[8.68011491044,47.73547500641],[8.67998491044,47.73540750644],[8.67985681044,47.73533790648],[8.67973011044,47.73526340651],[8.67960841044,47.73518640655],[8.67936661044,47.73502140663],[8.67912951044,47.73484840671],[8.67887501044,47.73464610681],[8.67836721044,47.73422650701],[8.67774701044,47.73370780726],[8.67713021044,47.73318530752],[8.67662951044,47.73277110772],[8.67612211044,47.73235830791],[8.67562681044,47.7319686081],[8.67537671044,47.7317745082],[8.67512201044,47.73158070829],[8.67486661044,47.73138970838],[8.67460811044,47.73120010847],[8.67408911044,47.73082440865],[8.67271591044,47.72986080912],[8.67203111044,47.72937910935],[8.67168831044,47.72913740947],[8.67135371044,47.72889500958],[8.67124321044,47.72881070963],[8.67113411044,47.72872510967],[8.67102571044,47.72863700971],[8.67091881044,47.72854720975],[8.67081391044,47.7284562098],[8.67071171044,47.72836460984],[8.67056351044,47.72822320991],[8.67042131044,47.72807930998],[8.67025311044,47.72789691007],[8.67004461044,47.72764921019],[8.66993661044,47.72750761025],[8.66983351044,47.72736551032],[8.66973521044,47.72722361039],[8.66964131044,47.72708041046],[8.66955621044,47.72693361053],[8.66947631044,47.7267853106],[8.66939431044,47.72661751068],[8.66931531044,47.72644931076],[8.66924521044,47.72628001085],[8.66918121044,47.72611071093],[8.66912081044,47.72592131102],[8.66906561044,47.72573151111],[8.66898081044,47.72541171126],[8.66889861044,47.72508901142],[8.66882071044,47.72476701157],[8.66874861044,47.72444411173],[8.66863931044,47.72393871197],[8.66859871044,47.72370861208],[8.66854541044,47.72340811223],[8.66847011044,47.72301011242],[8.66844711044,47.72288881248],[8.66839911044,47.72262891261],[8.66837261044,47.72249971267],[8.66834401044,47.72237001273],[8.66826331044,47.72203771289],[8.66822151044,47.72188291296],[8.66817561044,47.72172821304],[8.66812991044,47.72158421311],[8.66807691044,47.72144201318],[8.66798161044,47.72120221329],[8.66786831044,47.72096181341],[8.66772961044,47.72070261353],[8.66764971044,47.72057851359],[8.66756391044,47.72045671365],[8.66735361044,47.72019991378],[8.66723041044,47.72007011384],[8.66709471044,47.7199435139],[8.66697841044,47.71984701395],[8.66685711044,47.71975161399],[8.66673931044,47.71966701403],[8.66661841044,47.71958441407],[8.66648161044,47.71949981411],[8.66633871044,47.71941691415],[8.66621521044,47.71935221418],[8.66608841044,47.71928851422],[8.66597191044,47.71923331424],[8.66585001044,47.71918121427],[8.66573001044,47.71913141429],[8.66560311044,47.71908321431],[8.66548441044,47.71904161433],[8.66536301044,47.71900241435],[8.66523971044,47.71896641437],[8.66511521044,47.71893301439],[8.66491301044,47.71888191441]]}},{"type":"Feature","properties":{"change:lanes:backward":"no|yes","change:lanes:forward":"yes|not_left","destination:lanes:forward":"Sankt Gallen;Zürich;Winterthur|Adlikon;Henggart","highway":"trunk","int_ref":"E 41","lanes":"4","lanes:backward":"2","maxheight":"default","maxspeed":"100","motorroad":"yes","oneway":"no","overtaking":"no","ref":"A4","shoulder:left":"yes","shoulder:right":"yes","source:maxspeed":"sign","surface":"asphalt","toll":"yes","turn:lanes:backward":"|merge_to_left","turn:lanes:forward":"|slight_right","carriage_ref":"B"},"geometry":{"type":"LineString","coordinates":[[8.68398064512,47.58389004595],[8.68385494512,47.5837070459]]}},{"type":"Feature","properties":{"highway":"motorway","int_ref":"E 41","lanes":"2","maxspeed":"100","oneway":"yes","ref":"A4","surface":"asphalt","toll":"yes","carriage_ref":"A"},"geometry":{"type":"LineString","coordinates":[[8.441881,47.146026],[8.4405574,47.1473841]]}},{"type":"Feature","properties":{"destination":"Sankt Gallen;Schaffhausen","highway":"motorway","int_ref":"E 41;E 60","lanes":"2","lit":"yes","maxspeed":"100","oneway":"yes","ref":"A1;A4","source:maxspeed":"sign","surface":"asphalt","toll":"yes","carriage_ref":"A"},"geometry":{"type":"LineString","coordinates":[[8.5702483,47.4242414],[8.5705646,47.4242093],[8.5708923,47.4241696],[8.57113,47.4241332],[8.5713694,47.4240845],[8.5715784,47.4240358],[8.5718257,47.4239746]]}},{"type":"Feature","properties":{"highway":"motorway","int_ref":"E 41;E 60","lanes":"2","lit":"yes","maxspeed":"100","oneway":"yes","overtaking:hgv":"no","ref":"A1;A4","shoulder:right":"yes","source:maxspeed":"sign","surface":"asphalt","toll":"yes","carriage_ref":"B"},"geometry":{"type":"LineString","coordinates":[[8.6944287,47.4972143],[8.6945269,47.4971094],[8.6946294,47.4970053],[8.6948453,47.4968029],[8.695023,47.4966485],[8.6952097,47.4964935],[8.6954054,47.4963415],[8.6956081,47.4961918],[8.6958571,47.4960135],[8.6961176,47.4958398],[8.6963799,47.4956763],[8.6966499,47.4955146],[8.6971965,47.4951968],[8.6977392,47.494891],[8.6982855,47.4945852],[8.6985611,47.4944247],[8.6988331,47.4942623],[8.699104,47.4940946],[8.6993628,47.4939284],[8.6995529,47.4938013],[8.6997333,47.4936735],[8.6999111,47.4935435],[8.7000804,47.4934133],[8.7002149,47.4933039],[8.7003407,47.4931953],[8.700465,47.4930878],[8.7005833,47.4929783],[8.7007929,47.4927573],[8.7008922,47.492651],[8.7009853,47.4925455],[8.7010738,47.4924341],[8.7011554,47.4923253],[8.7012389,47.4922134],[8.7013126,47.4921043],[8.7013899,47.4919876],[8.7014601,47.4918702],[8.7015282,47.4917533],[8.7015871,47.4916374],[8.7016452,47.4915171],[8.7016966,47.4913984],[8.701789,47.4911613],[8.7018523,47.4909604],[8.7019065,47.4907598],[8.7019512,47.490559]]}},{"type":"Feature","properties":{"bicycle":"no","change:lanes:backward":"no","change:lanes:forward":"no","foot":"no","highway":"trunk","int_ref":"E 41;E 54","lanes":"2","layer":"-1","lit":"24/7","maxheight":"default","maxspeed":"80","motorroad":"yes","oneway":"no","overtaking":"no","ref":"A4;E41;E54","source:maxspeed":"sign","surface":"asphalt","toll":"yes","tunnel":"yes","tunnel:name":"Schönenberg","carriage_ref":"A"},"geometry":{"type":"LineString","coordinates":[[8.6382951,47.7069532],[8.6400344,47.7092987],[8.6405332,47.7099466],[8.6407886,47.710272]]}},{"type":"Feature","properties":{"destination:lanes":"Zürich;Rapperswil;Brüttisellen|Zürich;Rapperswil;Brüttisellen|Zürich;Rapperswil;Brüttisellen;Effretikon;Kemptthal","highway":"motorway","int_ref":"E 41;E 60","lanes":"3","maxspeed":"signals","oneway":"yes","ref":"A1;A4","shoulder:right":"yes","surface":"asphalt","toll":"yes","carriage_ref":"B"},"geometry":{"type":"LineString","coordinates":[[8.6987867,47.4489704],[8.6986065,47.4487708],[8.698328,47.4484174]]}},{"type":"Feature","properties":{"bridge":"yes","highway":"motorway","int_ref":"E 41","lanes":"3","layer":"1","maxspeed":"120","oneway":"yes","placement":"right_of:1","ref":"A4","toll":"yes","turn:lanes":"||merge_to_left","carriage_ref":"A"},"geometry":{"type":"LineString","coordinates":[[8.6209615,47.0040917],[8.6208512,47.0043177]]}},{"type":"Feature","properties":{"avz":"287","cs_dir:forward":"2","highway":"motorway","int_ref":"E 41;E 60","lanes":"2","lit":"yes","maxspeed":"80","oneway":"yes","ref":"A1;A4","source:maxspeed":"sign","surface":"asphalt","toll":"yes","carriage_ref":"B"},"geometry":{"type":"LineString","coordinates":[[8.4850614,47.4248618],[8.4847844,47.4247654],[8.4844398,47.4246363],[8.4841643,47.4245375],[8.4839307,47.4244562],[8.4828606,47.4240677]]}},{"type":"Feature","properties":{"bridge":"yes","highway":"trunk","int_ref":"E 41","lanes":"2","layer":"1","maxspeed":"80","motorroad":"yes","oneway":"yes","placement":"middle_of:1","ref":"A4","source:maxspeed":"sign","toll":"yes","turn:lanes":"none|slight_right","carriage_ref":"A"},"geometry":{"type":"LineString","coordinates":[[8.6288891,47.6763859],[8.6294037,47.6765612]]}},{"type":"Feature","properties":{"bridge":"yes","change:lanes:backward":"no","change:lanes:forward":"not_left|yes","highway":"trunk","int_ref":"E 41;E 54","lanes":"3","lanes:backward":"1","lanes:forward":"2","layer":"1","lit":"yes","maxspeed:backward":"60","maxspeed:forward":"80","motorroad":"yes","oneway":"no","overtaking:hgv:forward":"no","ref":"A4","surface":"asphalt","toll":"yes","carriage_ref":"B"},"geometry":{"type":"LineString","coordinates":[[8.62519789365,47.69313553418],[8.62519819365,47.69299933419]]}},{"type":"Feature","properties":{"hazmat:water":"permissive","highway":"motorway","int_ref":"E 41;E 60","lanes":"2","maxspeed":"100","oneway":"yes","overtaking:hgv":"no","ref":"A1;A4","shoulder:right":"yes","source:maxspeed":"sign","surface":"asphalt","toll":"yes","carriage_ref":"B"},"geometry":{"type":"LineString","coordinates":[[8.6866917,47.5088185],[8.6866489,47.5086374],[8.6865837,47.5083773],[8.6865616,47.508216],[8.6865387,47.5080528],[8.6865191,47.5078878],[8.6865109,47.5077268],[8.6865111,47.5074888],[8.6865137,47.507252],[8.6865208,47.5070737],[8.686532,47.5068923],[8.6865539,47.5067063],[8.6865869,47.5065063]]}},{"type":"Feature","properties":{"bridge":"yes","destination:int_ref:lanes":"E 60|E 41;E 60|","destination:lanes":"Bern;Basel|Sankt Gallen;Flughafen;Nordring-Zürich|Zürich-City","destination:ref:lanes":"A1;A3|A1;A4|","highway":"motorway","int_ref":"E 41","lanes":"3","layer":"2","lit":"no","maxspeed":"100","oneway":"yes","ref":"A3;A4","source:maxspeed":"sign","toll":"yes","carriage_ref":"A"},"geometry":{"type":"LineString","coordinates":[[8.4203211,47.3975003],[8.4204741,47.3978071],[8.4206199,47.3981901],[8.4207441,47.3985733],[8.4208498,47.3990665],[8.4209435,47.399569],[8.4214056,47.4025715]]}},{"type":"Feature","properties":{"destination":"Winterthur-Töss","highway":"motorway","int_ref":"E 41;E 60","lanes":"3","maxspeed":"120","oneway":"yes","ref":"A1;A4","source:maxspeed":"CH:motorway","surface":"asphalt","toll":"yes","carriage_ref":"A"},"geometry":{"type":"LineString","coordinates":[[8.6918918,47.4421211],[8.6923098,47.4423373],[8.6926229,47.4425091],[8.6929367,47.4426929],[8.6931601,47.4428271],[8.6933805,47.4429634],[8.693649,47.44314],[8.693911,47.4433183],[8.6941591,47.4434983],[8.6944011,47.443681],[8.6946293,47.4438664],[8.6948536,47.4440563],[8.6950878,47.4442587],[8.695234,47.4443906],[8.6953741,47.4445226],[8.6955259,47.4446698],[8.6956724,47.4448177],[8.6958724,47.4450358],[8.6960839,47.4452756],[8.6962056,47.4454211],[8.6963229,47.4455666],[8.6964518,47.4457345]]}},{"type":"Feature","properties":{"highway":"trunk","int_ref":"E 41","lanes":"2","maxheight":"default","maxspeed":"100","motorroad":"yes","oneway":"yes","ref":"A4","shoulder":"none","source:maxspeed":"sign","surface":"asphalt","toll":"yes","carriage_ref":"A"},"geometry":{"type":"LineString","coordinates":[[8.6828351,47.6205924],[8.6827344,47.620778],[8.6825206,47.6211565],[8.6823939,47.6213754],[8.6822617,47.621594],[8.6821224,47.6218097],[8.6819747,47.6220244],[8.6818706,47.6221705],[8.6817647,47.6223159],[8.6816547,47.6224615],[8.6815416,47.6226061],[8.6814268,47.622747],[8.6813066,47.6228869],[8.681057,47.6231649],[8.6809288,47.6233039],[8.6807987,47.623442],[8.6806674,47.6235788],[8.6805323,47.6237154],[8.6803794,47.6238642],[8.6802245,47.6240133],[8.6800683,47.6241611],[8.6799062,47.6243066],[8.6796288,47.6245539],[8.6794796,47.6246834],[8.6793274,47.6248129],[8.6792065,47.6249166],[8.679082,47.625021]]}},{"type":"Feature","properties":{"avz":"123","cs_dir:forward":"1","highway":"trunk","int_ref":"E 41;E 54","lanes":"2","maxspeed":"80","motorroad":"yes","oneway":"yes","ref":"A4","shoulder":"none","source:maxspeed":"CH:rural","ssvz":"1004N","surface":"asphalt","toll":"yes","carriage_ref":"B"},"geometry":{"type":"LineString","coordinates":[[8.6534522,47.7161223],[8.6532783,47.7160027],[8.6531026,47.7158845],[8.6529439,47.7157767],[8.6527795,47.7156729],[8.6526142,47.7155719],[8.6524466,47.7154725],[8.652105,47.7152781],[8.6518088,47.715112]]}},{"type":"Feature","properties":{"change:lanes":"not_left|yes|yes|no","highway":"motorway","int_ref":"E 41;E 60","lanes":"4","maxspeed":"120","oneway":"yes","placement":"middle_of:2","ref":"A1;A4","shoulder:right":"yes","source:maxspeed":"CH:motorway","surface":"asphalt","toll":"yes","turn:lanes":"|||slight_right","carriage_ref":"B"},"geometry":{"type":"LineString","coordinates":[[8.7044237,47.4537797],[8.7041794,47.4536129],[8.7039708,47.4534804]]}},{"type":"Feature","properties":{"highway":"motorway","int_ref":"E 41;E 60","lanes":"2","maxspeed":"100","oneway":"yes","overtaking:hgv":"no","ref":"A1;A4","source:maxspeed":"sign","surface":"asphalt","toll":"yes","carriage_ref":"A"},"geometry":{"type":"LineString","coordinates":[[8.6867295,47.5065663],[8.6867068,47.5067171],[8.6866877,47.5068983],[8.6866752,47.507076],[8.6866675,47.5072529],[8.6866657,47.5074849],[8.6866758,47.5077209],[8.6866886,47.5078831],[8.686709,47.5080452],[8.6867339,47.5082082],[8.6867629,47.5083703],[8.6868169,47.5086114],[8.6868913,47.5088701]]}},{"type":"Feature","properties":{"highway":"trunk","int_ref":"E 41","lanes":"1","maxspeed":"100","motorroad":"yes","oneway":"yes","ref":"A4","source:maxspeed":"sign","toll":"yes","carriage_ref":"A"},"geometry":{"type":"LineString","coordinates":[[8.6896035,47.594925],[8.6896618,47.5952677],[8.6896903,47.5953892],[8.6897672,47.595647]]}},{"type":"Feature","properties":{"destination":"Chiasso;Gotthard;Luzern;Cham","highway":"motorway","int_ref":"E 41","lanes":"2","maxspeed":"signals","oneway":"yes","ref":"A4","shoulder":"none","source:maxspeed":"signals","surface":"asphalt","toll":"yes","carriage_ref":"B"},"geometry":{"type":"LineString","coordinates":[[8.4655226,47.2037177],[8.4641348,47.2027028]]}},{"type":"Feature","properties":{"highway":"motorway","int_ref":"E 41","lanes":"2","oneway":"yes","ref":"A4","toll":"yes","carriage_ref":"A"},"geometry":{"type":"LineString","coordinates":[[8.6248542,47.0299586],[8.6245782,47.0302473],[8.6242788,47.0305861],[8.6240241,47.0309502],[8.62374,47.0314336]]}},{"type":"Feature","properties":{"highway":"motorway","int_ref":"E 41","lanes":"2","lit":"yes","maxspeed":"100","oneway":"yes","ref":"A3;A4","source:maxspeed":"sign","toll":"yes","carriage_ref":"A"},"geometry":{"type":"LineString","coordinates":[[8.4153584,47.3842002],[8.4145907,47.3856876],[8.4144587,47.3859962],[8.4143422,47.3863097]]}},{"type":"Feature","properties":{"highway":"trunk","int_ref":"E 41","lanes":"2","maxspeed":"100","motorroad":"yes","oneway":"no","ref":"A4","source:maxspeed":"sign","surface":"asphalt","toll":"yes","carriage_ref":"A"},"geometry":{"type":"LineString","coordinates":[[8.6930412,47.5334292],[8.6929852,47.5336393],[8.6929346,47.5338407],[8.6928866,47.5340431],[8.6928431,47.5342442],[8.6926823,47.5349795]]}},{"type":"Feature","properties":{"bridge":"yes","highway":"motorway","int_ref":"E 41","lanes":"1","layer":"1","lit":"yes","maxspeed":"80","oneway":"yes","ref":"A4","source:maxspeed":"sign","surface":"asphalt","toll":"yes","carriage_ref":"A"},"geometry":{"type":"LineString","coordinates":[[8.4298935,47.4111094],[8.4300041,47.4111603],[8.4301936,47.4112513],[8.4303889,47.4113615]]}},{"type":"Feature","properties":{"bicycle":"no","destination":"Benken","foot":"no","highway":"trunk","int_ref":"E 41","lanes":"2","maxspeed":"100","motorroad":"yes","oneway":"yes","ref":"A4","shoulder":"none","source:maxspeed":"sign","surface":"asphalt","toll":"yes","carriage_ref":"B"},"geometry":{"type":"LineString","coordinates":[[8.6247193,47.6748598],[8.6245574,47.6747618],[8.6244005,47.6746575],[8.6242358,47.6745442],[8.6240756,47.6744269],[8.623923,47.6743074],[8.623779,47.674183],[8.6236434,47.6740553]]}},{"type":"Feature","properties":{"bridge":"yes","bridge:name":"Jonentobelbrücke","highway":"motorway","int_ref":"E 41","lanes":"2","layer":"1","lit":"yes","maxspeed":"100","maxspeed:variable":"obstruction","oneway":"yes","ref":"A4","source:maxspeed":"sign","toll":"yes","carriage_ref":"A"},"geometry":{"type":"LineString","coordinates":[[8.4268006,47.293238],[8.4278144,47.2947861],[8.428395,47.2957038]]}},{"type":"Feature","properties":{"highway":"motorway","int_ref":"E 41","lanes":"3","maxspeed":"100","oneway":"yes","ref":"A4","shoulder:right":"yes","source:maxspeed":"signals","surface":"asphalt","toll":"yes","carriage_ref":"B"},"geometry":{"type":"LineString","coordinates":[[8.4473294,47.1905974],[8.4468003,47.1902144],[8.4454152,47.1892343]]}},{"type":"Feature","properties":{"highway":"motorway","int_ref":"E 41","lanes":"4","maxspeed":"100","oneway":"yes","ref":"A4","source:maxspeed":"sign","surface":"asphalt","toll":"yes","carriage_ref":"A"},"geometry":{"type":"LineString","coordinates":[[8.4332104,47.1595722],[8.4331833,47.1602553],[8.4331655,47.1605859],[8.4331399,47.160909]]}},{"type":"Feature","properties":{"bridge":"yes","destination:colour:lanes":"|||blue","destination:int_ref:lanes":"E 41|E 41||","destination:lanes":"Zürich;Affoltern am Albis|Zürich;Affoltern am Albis;Chur;Baar;Zug-Zentrum|Chur;Baar;Zug-Zentrum|Zug;Cham-Ost","destination:ref:lanes":"A 4|A 4;A 4a|A 4a|","highway":"motorway","int_ref":"E 41","lanes":"4","layer":"1","maxspeed":"100","oneway":"yes","ref":"A4","source:maxspeed":"sign","toll":"yes","carriage_ref":"A"},"geometry":{"type":"LineString","coordinates":[[8.4508222,47.1929176],[8.4525447,47.1941601]]}},{"type":"Feature","properties":{"change:lanes":"not_left|not_right|no|no","embankment":"yes","highway":"motorway","int_ref":"E 41;E 60","lanes":"4","lit":"yes","maxspeed":"100","oneway":"yes","placement:end":"middle_of:2","placement:start":"right_of:1","ref":"A1;A4","source:maxspeed":"sign","surface":"asphalt","toll":"yes","carriage_ref":"B"},"geometry":{"type":"LineString","coordinates":[[8.6268743,47.4157187],[8.6264576,47.4154129]]}},{"type":"Feature","properties":{"avz":"114","cs_dir:forward":"1","highway":"motorway","int_ref":"E 41;E 60","lanes":"3","maxspeed":"120","oneway":"yes","ref":"A1;A4","source:maxspeed":"CH:motorway","ssvz":"751N","surface":"asphalt","toll":"yes","carriage_ref":"A"},"geometry":{"type":"LineString","coordinates":[[8.6367124,47.4215929],[8.63712,47.4217457],[8.6375265,47.421896],[8.6380995,47.422094],[8.6383903,47.4221885],[8.638677,47.4222782],[8.63893,47.4223556],[8.6391731,47.4224286],[8.6394054,47.4224945],[8.6396502,47.4225616],[8.6401192,47.4226853],[8.6405972,47.4228053],[8.6408728,47.4228699],[8.6411487,47.4229321],[8.6414213,47.4229924],[8.6416961,47.4230487],[8.6422017,47.4231476],[8.6426963,47.423237],[8.6431892,47.4233178],[8.6434329,47.4233553],[8.6436749,47.4233912],[8.644178,47.4234571],[8.6446806,47.4235192],[8.6449952,47.423552],[8.6453137,47.4235828],[8.6458546,47.4236289],[8.6461302,47.4236484],[8.6464076,47.4236667],[8.6469329,47.4236951],[8.6471791,47.4237065],[8.647424,47.4237149],[8.6476725,47.423722],[8.6479212,47.4237269],[8.6482525,47.4237306],[8.6485867,47.4237317],[8.6490041,47.4237282],[8.6494326,47.4237198],[8.6496942,47.4237115],[8.6499536,47.4236991],[8.6504444,47.4236754],[8.6509601,47.4236424],[8.6512011,47.4236242],[8.6514408,47.4236044],[8.6519547,47.4235578],[8.6522147,47.4235331],[8.6524727,47.4235062]]}},{"type":"Feature","properties":{"bridge":"yes","highway":"trunk","int_ref":"E 41","lanes":"2","layer":"1","maxspeed":"100","motorroad":"yes","oneway":"yes","ref":"A4","source:maxspeed":"sign","toll":"yes","carriage_ref":"A"},"geometry":{"type":"LineString","coordinates":[[8.625416,47.6658784],[8.6253448,47.6661091]]}},{"type":"Feature","properties":{"highway":"motorway","int_ref":"E 41;E 60","lanes":"3","maxspeed":"signals","oneway":"yes","ref":"A1;A4","shoulder:right":"yes","surface":"asphalt","toll":"yes","carriage_ref":"B"},"geometry":{"type":"LineString","coordinates":[[8.700396,47.4505594],[8.7000952,47.4502735],[8.6998132,47.4499987],[8.6995824,47.449821]]}},{"type":"Feature","properties":{"change:lanes:backward":"no","change:lanes:forward":"not_left|yes","hazard":"deer","highway":"trunk","int_ref":"E 41;E 54","lanes":"3","lanes:backward":"1","lanes:forward":"2","maxspeed":"60","motorroad":"yes","oneway":"no","overtaking":"no","ref":"A4","source:maxspeed":"sign. Survey 12.2018","surface":"asphalt","toll":"no","turn:lanes:forward":"left|through","carriage_ref":"A"},"geometry":{"type":"LineString","coordinates":[[8.6897708,47.7432646],[8.6898745,47.7434301],[8.6899944,47.7435883]]}},{"type":"Feature","properties":{"destination":"St. Gallen;Flughafen;Nordring Zürich","highway":"motorway","int_ref":"E 41;E 60","lanes":"3","lit":"yes","maxspeed":"80","oneway":"yes","ref":"A1;A4","source:maxspeed":"sign","surface":"asphalt","toll":"yes","carriage_ref":"A"},"geometry":{"type":"LineString","coordinates":[[8.4318794,47.4124157],[8.4319914,47.4124974],[8.4321707,47.4126022],[8.4323521,47.4126961],[8.4325488,47.4127902],[8.4327423,47.4128755],[8.4329524,47.4129622],[8.433126,47.4130286],[8.4334579,47.4131495],[8.4339273,47.4133002],[8.4343707,47.4134034]]}},{"type":"Feature","properties":{"bridge":"yes","change:lanes":"not_left|not_right|no","highway":"trunk","int_ref":"E 41","lanes":"3","layer":"1","maxspeed":"100","maxweight:signed":"no","motorroad":"yes","oneway":"yes","placement":"right_of:1","ref":"A4","shoulder:right":"yes","source:maxspeed":"sign","surface":"asphalt","toll":"yes","carriage_ref":"B"},"geometry":{"type":"LineString","coordinates":[[8.6904123,47.6027699],[8.6906889,47.6024415]]}},{"type":"Feature","properties":{"highway":"motorway","int_ref":"E 41","lanes":"2","layer":"-1","lit":"24/7","maxspeed":"signals","oneway":"yes","overtaking:hgv":"no","ref":"A4","shoulder:right":"yes","source:maxspeed":"signals","surface":"asphalt","toll":"yes","tunnel":"yes","tunnel:alt_name":"Ruetelitunnel","tunnel:name":"Rütelitunnel","carriage_ref":"B"},"geometry":{"type":"LineString","coordinates":[[8.4539295,47.2438453],[8.4546474,47.2421309],[8.4553075,47.2403899]]}},{"type":"Feature","properties":{"change:lanes":"not_left|not_right|no","highway":"trunk","int_ref":"E 41","lanes":"3","maxheight":"default","maxspeed":"100","motorroad":"yes","oneway":"yes","placement":"right_of:1","ref":"A4","shoulder":"none","source:maxspeed":"sign","surface":"asphalt","toll":"yes","carriage_ref":"A"},"geometry":{"type":"LineString","coordinates":[[8.6885305,47.6050764],[8.6881873,47.6055018]]}},{"type":"Feature","properties":{"bridge":"yes","highway":"trunk","int_ref":"E 41","lanes":"1","layer":"1","maxspeed":"100","maxweight:signed":"no","motorroad":"yes","oneway":"yes","ref":"A4","source:maxspeed":"sign","toll":"yes","carriage_ref":"A"},"geometry":{"type":"LineString","coordinates":[[8.6895958,47.5945942],[8.6895935,47.5947078],[8.6895978,47.594839],[8.6896035,47.594925]]}},{"type":"Feature","properties":{"bridge":"yes","highway":"trunk","int_ref":"E 41","lanes":"2","layer":"1","maxspeed":"100","motorroad":"yes","oneway":"yes","ref":"A4","shoulder":"none","source:maxspeed":"sign","surface":"asphalt","toll":"yes","carriage_ref":"B"},"geometry":{"type":"LineString","coordinates":[[8.6390349,47.6548737],[8.639385,47.6546647],[8.6395221,47.6545803]]}},{"type":"Feature","properties":{"bridge":"yes","highway":"motorway","int_ref":"E 41","lanes":"2","layer":"1","maxspeed":"signals","oneway":"yes","ref":"A4","shoulder":"none","source:maxspeed":"signals","surface":"asphalt","toll":"yes","carriage_ref":"B"},"geometry":{"type":"LineString","coordinates":[[8.4641348,47.2027028],[8.4640876,47.2026673]]}},{"type":"Feature","properties":{"avz":"114","cs_dir:forward":"2","highway":"motorway","int_ref":"E 41;E 60","lanes":"3","maxspeed":"120","oneway":"yes","ref":"A1;A4","shoulder:right":"yes","source:maxspeed":"CH:motorway","ssvz":"751N","surface":"asphalt","toll":"yes","carriage_ref":"B"},"geometry":{"type":"LineString","coordinates":[[8.6436491,47.4235412],[8.6434036,47.4235048],[8.6431648,47.4234678],[8.6426561,47.4233813],[8.6421506,47.423292],[8.6416604,47.4231968],[8.6413748,47.4231424],[8.6410967,47.423082]]}},{"type":"Feature","properties":{"bridge":"yes","highway":"motorway","int_ref":"E 41","lanes":"3","layer":"1","maxspeed":"120","oneway":"yes","ref":"A4","shoulder:right":"yes","source:maxspeed":"CH:motorway","surface":"asphalt","toll":"yes","carriage_ref":"B"},"geometry":{"type":"LineString","coordinates":[[8.436537,47.1824402],[8.436494,47.1823989]]}},{"type":"Feature","properties":{"highway":"motorway","int_ref":"E 41","lanes":"2","maxspeed":"100","oneway":"yes","ref":"A4","source:maxspeed":"sign","toll":"yes","carriage_ref":"B"},"geometry":{"type":"LineString","coordinates":[[8.5519476,47.0431773],[8.552599,47.0434164],[8.5536986,47.0438176],[8.5544713,47.0440931]]}},{"type":"Feature","properties":{"destination:lanes":"Adlikon|Adlikon|Kleinandelfingen;Andelfingen;Ossingen","highway":"trunk","int_ref":"E 41","lanes":"3","maxspeed":"100","motorroad":"yes","oneway":"yes","placement":"right_of:1","ref":"A4","shoulder":"none","source:maxspeed":"sign","surface":"asphalt","toll":"yes","turn:lanes":"||slight_right","carriage_ref":"B"},"geometry":{"type":"LineString","coordinates":[[8.6882433,47.6052272],[8.6886444,47.6047492]]}},{"type":"Feature","properties":{"destination:lanes":"Chiasso;Gotthard;Luzern|Chiasso;Gotthard;Luzern;Chur","destination:ref:lanes":"A4|A4;A4a","highway":"motorway","int_ref":"E 41","lanes":"2","maxspeed":"120","oneway":"yes","ref":"A4","shoulder:right":"yes","source:maxspeed":"CH:motorway","surface":"asphalt","toll":"yes","carriage_ref":"B"},"geometry":{"type":"LineString","coordinates":[[8.4709921,47.2116594],[8.4709986,47.2112002],[8.4709646,47.2107081],[8.4709187,47.2103823],[8.4707536,47.2097075]]}},{"type":"Feature","properties":{"highway":"trunk","int_ref":"E 41","lanes":"2","maxspeed:backward":"100","maxspeed:forward":"80","oneway":"no","ref":"A4","source:maxspeed":"sign","toll":"yes","carriage_ref":"B"},"geometry":{"type":"LineString","coordinates":[[8.6224275,46.9991182],[8.6223323,46.9989038]]}},{"type":"Feature","properties":{"change:lanes":"no|no","highway":"trunk","int_ref":"E 41","lanes":"2","maxspeed":"80","motorroad":"yes","oneway":"yes","placement":"middle_of:1","ref":"A4","source:maxspeed":"sign","toll":"yes","carriage_ref":"A"},"geometry":{"type":"LineString","coordinates":[[8.6234295,47.673676],[8.6236117,47.6738829],[8.6236697,47.6739439]]}},{"type":"Feature","properties":{"bridge":"yes","highway":"motorway","int_ref":"E 41;E 60","lanes":"2","layer":"1","lit":"yes","maxspeed":"100","oneway":"yes","ref":"A1;A4","surface":"asphalt","toll":"yes","carriage_ref":"A"},"geometry":{"type":"LineString","coordinates":[[8.6299103,47.4177248],[8.6303019,47.4180125]]}},{"type":"Feature","properties":{"highway":"motorway","int_ref":"E 41","lanes":"2","layer":"-1","lit":"24/7","maxspeed":"signals","oneway":"yes","overtaking:hgv":"no","ref":"A3;A4","shoulder:right":"yes","source:maxspeed":"signals","surface":"asphalt","toll":"yes","tunnel":"yes","tunnel:name":"Hafnerbergtunnel","carriage_ref":"B"},"geometry":{"type":"LineString","coordinates":[[8.4223911,47.3592471],[8.4221091,47.3585131],[8.4218543,47.3577697],[8.4217107,47.3572347],[8.4216045,47.3566736],[8.4215578,47.3560002],[8.4215695,47.3554685],[8.4216038,47.3549366],[8.4216744,47.3545621],[8.4217696,47.3541788],[8.421914,47.3537263],[8.4220855,47.3532681],[8.4224191,47.3525771],[8.4229103,47.3518083],[8.4234284,47.3511422],[8.4239751,47.3505539],[8.4243669,47.3501737]]}},{"type":"Feature","properties":{"hazmat:water":"permissive","highway":"motorway","int_ref":"E 41;E 60","lanes":"3","maxspeed":"100","oneway":"yes","overtaking:hgv":"no","placement":"right_of:1","ref":"A1;A4","shoulder:right":"yes","source:maxspeed":"sign","surface":"asphalt","toll":"yes","turn:lanes":"none|none|merge_to_left","carriage_ref":"B"},"geometry":{"type":"LineString","coordinates":[[8.690864,47.5144253],[8.6907236,47.5142968],[8.690323,47.5139331]]}},{"type":"Feature","properties":{"highway":"motorway","int_ref":"E 41;E 60","lanes":"4","lit":"no","maxspeed":"100","oneway":"yes","overtaking:hgv":"no","ref":"A1;A4","source:maxspeed":"CH:motorway","surface":"asphalt","toll":"yes","carriage_ref":"A"},"geometry":{"type":"LineString","coordinates":[[8.5076599,47.4286545],[8.5084288,47.4288857],[8.508892,47.4290305],[8.5093618,47.4291816],[8.5101548,47.429456],[8.5113995,47.4298916],[8.5124449,47.4302465],[8.5135236,47.4306066],[8.5142082,47.4308295],[8.5149585,47.4310757],[8.5154369,47.4312387],[8.5158768,47.431379],[8.5162761,47.4315071],[8.5174576,47.4318536],[8.5183471,47.4320994],[8.519367,47.432363]]}},{"type":"Feature","properties":{"highway":"motorway","int_ref":"E 41","lanes":"3","lit":"no","maxspeed":"100","maxspeed:variable":"obstruction","oneway":"yes","placement":"right_of:1","ref":"A3;A4","shoulder:right":"yes","source:maxspeed":"signals","surface":"asphalt","toll":"yes","carriage_ref":"B"},"geometry":{"type":"LineString","coordinates":[[8.4228138,47.4064966],[8.4225741,47.4061433],[8.4223488,47.4057878]]}},{"type":"Feature","properties":{"bicycle":"no","bridge":"yes","change:lanes:backward":"no","change:lanes:forward":"not_left|yes","foot":"no","highway":"trunk","int_ref":"E 41","lanes":"3","lanes:backward":"1","lanes:forward":"2","layer":"1","lit":"yes","maxspeed:backward":"60","maxspeed:forward":"80","motorroad":"yes","oneway":"no","overtaking:hgv:forward":"no","ref":"A4;E41","surface":"asphalt","toll":"yes","carriage_ref":"B"},"geometry":{"type":"LineString","coordinates":[[8.62519819365,47.69299933419],[8.62519639365,47.69288433419],[8.62520169365,47.6927890342],[8.62521109365,47.6927186342],[8.62522559365,47.69264313421],[8.62524079365,47.69257603421],[8.62526129365,47.69250243422],[8.62528719365,47.69242503422],[8.62531739365,47.69235163423],[8.62534709365,47.69227933423],[8.62538289365,47.69220583424],[8.62544299365,47.69209363424],[8.62551139365,47.69198403425],[8.62557889365,47.69188753426],[8.62565319365,47.69178913426],[8.62575489365,47.69167493427],[8.62585749365,47.69156753428],[8.62596449365,47.69146733428],[8.62624209365,47.6912265343]]}},{"type":"Feature","properties":{"highway":"motorway","int_ref":"E 41","maxspeed":"120","oneway":"yes","ref":"A4","toll":"yes","carriage_ref":"A"},"geometry":{"type":"LineString","coordinates":[[8.4472515,47.1389186],[8.4469977,47.1393988],[8.4467241,47.1398731],[8.446151,47.1408127]]}},{"type":"Feature","properties":{"bridge":"yes","highway":"motorway","int_ref":"E 41","lanes":"2","layer":"1","maxspeed":"120","oneway":"yes","ref":"A4","toll":"yes","carriage_ref":"A"},"geometry":{"type":"LineString","coordinates":[[8.6259545,47.0145642],[8.6260217,47.0149267],[8.6260738,47.015278],[8.6261156,47.0155987],[8.6262202,47.0165807],[8.6263093,47.0173439],[8.6263597,47.0176761],[8.6264255,47.0180065],[8.6265287,47.0184515],[8.6266643,47.0188891],[8.6267352,47.0191098],[8.6268237,47.0193219],[8.6269149,47.0195358],[8.6270171,47.0197468]]}},{"type":"Feature","properties":{"destination":"Gotthard;Luzern;Zug","highway":"motorway","int_ref":"E 41","lanes":"1","lit":"yes","maxspeed":"80","maxspeed:variable":"obstruction","oneway":"yes","overtaking:hgv":"no","ref":"A4","shoulder:left":"yes","source:maxspeed":"signals","surface":"asphalt","toll":"yes","carriage_ref":"B"},"geometry":{"type":"LineString","coordinates":[[8.457763,47.3408415],[8.4579909,47.3406287],[8.458153,47.3404349],[8.4583166,47.3402268],[8.4586232,47.3398519]]}},{"type":"Feature","properties":{"highway":"motorway","int_ref":"E 41;E 60","lanes":"3","lit":"yes","maxspeed":"100","oneway":"yes","overtaking:hgv":"no","ref":"A1;A4","source:maxspeed":"sign","surface":"asphalt","toll":"yes","carriage_ref":"A"},"geometry":{"type":"LineString","coordinates":[[8.5560763,47.4273695],[8.5564497,47.4271997],[8.5567909,47.4270532],[8.5571246,47.4269115],[8.5574624,47.4267775],[8.5577986,47.4266518],[8.5581449,47.4265215],[8.558664,47.4263376]]}},{"type":"Feature","properties":{"highway":"motorway","int_ref":"E 41","lanes":"2","layer":"-1","lit":"24/7","maxspeed":"100","maxspeed:variable":"obstruction","oneway":"yes","overtaking:hgv":"no","ref":"A3;A4","shoulder:right":"yes","source:maxspeed":"signals","surface":"asphalt","toll":"yes","tunnel":"yes","tunnel:name":"Hafnerbergtunnel","carriage_ref":"B"},"geometry":{"type":"LineString","coordinates":[[8.4249024,47.3497255],[8.4261918,47.3486736]]}},{"type":"Feature","properties":{"highway":"motorway","int_ref":"E 41","lanes":"3","maxspeed":"120","oneway":"yes","placement":"right_of:1","ref":"A4","source:maxspeed":"CH:motorway","surface":"asphalt","toll":"yes","turn:lanes":"||merge_to_left","carriage_ref":"A"},"geometry":{"type":"LineString","coordinates":[[8.4645045,47.2027928],[8.4649309,47.2030944]]}},{"type":"Feature","properties":{"destination:lanes":"Schwyz|Schwyz|Brunnen;Weggis;Gersau;Schwyz","highway":"trunk","int_ref":"E 41","lanes":"3","maxspeed":"100","oneway":"yes","ref":"A4","toll":"yes","turn:lanes":"none|none|slight_right","carriage_ref":"A"},"geometry":{"type":"LineString","coordinates":[[8.6223892,47.0018731],[8.6222732,47.0020917],[8.6221694,47.0022659],[8.6220524,47.0024455]]}},{"type":"Feature","properties":{"highway":"motorway","int_ref":"E 41","lanes":"2","maxspeed":"120","oneway":"yes","ref":"A4","toll":"yes","carriage_ref":"B"},"geometry":{"type":"LineString","coordinates":[[8.4703941,47.0870882],[8.4708678,47.0868341],[8.4713889,47.0865894],[8.4717999,47.0864077],[8.4722365,47.0862364],[8.4725848,47.0861071],[8.4729493,47.0859789],[8.4736001,47.0857738],[8.4743681,47.0855353],[8.4747605,47.0854017],[8.4751363,47.0852701],[8.4755333,47.0851144],[8.4759309,47.0849314],[8.4761918,47.0848024],[8.4764601,47.0846551],[8.4768322,47.0844313]]}},{"type":"Feature","properties":{"destination":"St. Gallen","highway":"motorway","int_ref":"E 41;E 60","lanes":"2","lit":"yes","maxspeed":"80","oneway":"yes","ref":"A1;A4","source:maxspeed":"sign","surface":"asphalt","toll":"yes","carriage_ref":"A"},"geometry":{"type":"LineString","coordinates":[[8.4376241,47.414174],[8.4382516,47.4143326],[8.4387677,47.4144712],[8.4392968,47.4146254],[8.4396582,47.4147368],[8.4401245,47.4148902],[8.4404844,47.4150162],[8.4410499,47.4152461],[8.4421118,47.4157093]]}},{"type":"Feature","properties":{"bridge":"yes","highway":"motorway","int_ref":"E 41","lanes":"2","layer":"1","maxspeed":"100","oneway":"yes","ref":"A4","toll":"yes","carriage_ref":"A"},"geometry":{"type":"LineString","coordinates":[[8.5399101,47.0493487],[8.5395648,47.04949],[8.5392832,47.0495899],[8.5390228,47.0496776],[8.5387763,47.0497434],[8.5385847,47.0497928]]}},{"type":"Feature","properties":{"bridge":"yes","highway":"motorway","int_ref":"E 41;E 60","lanes":"2","layer":"1","lit":"yes","maxspeed":"signals","oneway":"yes","ref":"A1;A4","shoulder:right":"yes","source:maxspeed":"signals","surface":"asphalt","toll":"yes","carriage_ref":"B"},"geometry":{"type":"LineString","coordinates":[[8.5747226,47.4142567],[8.5747002,47.4143729]]}},{"type":"Feature","properties":{"bridge":"yes","highway":"trunk","int_ref":"E 41","lanes":"2","layer":"1","maxspeed":"100","maxweight:signed":"no","motorroad":"yes","oneway":"yes","ref":"A4","shoulder":"none","source:maxspeed":"sign","surface":"asphalt","toll":"yes","carriage_ref":"B"},"geometry":{"type":"LineString","coordinates":[[8.6785862,47.6252919],[8.6789871,47.6249671]]}},{"type":"Feature","properties":{"change:lanes":"yes|not_right|no","destination:lanes":"||Küssnacht;Gersau;Weggis;Meggen;Immensee","highway":"motorway","int_ref":"E 41","lanes":"3","maxspeed":"120","oneway":"yes","ref":"A4","toll":"yes","carriage_ref":"B"},"geometry":{"type":"LineString","coordinates":[[8.4529154,47.1108245],[8.4527767,47.1106391],[8.452412,47.1101838],[8.4520807,47.1096972],[8.4518018,47.1091843],[8.4515684,47.1086037],[8.4513901,47.1080104],[8.4513321,47.1077098],[8.4512991,47.1074004],[8.4512773,47.1070637],[8.4512854,47.1067189],[8.4513292,47.1062211],[8.4513581,47.1059756],[8.4514018,47.1057215],[8.4515486,47.1050519]]}},{"type":"Feature","properties":{"bridge":"yes","highway":"motorway","int_ref":"E 41","lanes":"2","layer":"1","maxspeed":"120","oneway":"yes","ref":"A4","source":"survey","source:maxspeed":"CH:motorway","toll":"yes","carriage_ref":"A"},"geometry":{"type":"LineString","coordinates":[[8.4706216,47.2088018],[8.4708222,47.2093342]]}},{"type":"Feature","properties":{"highway":"motorway","int_ref":"E 41","lanes":"3","maxspeed":"120","oneway":"yes","placement":"right_of:1","ref":"A4","toll":"yes","turn:lanes":"||merge_to_left","carriage_ref":"A"},"geometry":{"type":"LineString","coordinates":[[8.4525769,47.1025095],[8.4524489,47.1027524],[8.4523649,47.1029532],[8.4522815,47.1031433],[8.4522155,47.1033257],[8.4520911,47.1036935]]}},{"type":"Feature","properties":{"destination:lanes":"Transit;Schaffhausen-Nord;Rheinfall|Schaffhausen-Herblingen;Stetten;Dörflingen","highway":"trunk","int_ref":"E 41;E 54","lanes":"2","maxspeed":"80","motorroad":"yes","oneway":"yes","overtaking":"no","placement":"middle_of:1","ref":"A4","shoulder":"none","source:maxspeed":"CH:rural","surface":"asphalt","toll":"no","turn:lanes":"through|slight_right","carriage_ref":"B"},"geometry":{"type":"LineString","coordinates":[[8.66491301044,47.71888191441],[8.6643736,47.718776],[8.664193,47.7187584],[8.6640809,47.7187529],[8.6639192,47.7187461],[8.6637839,47.7187411],[8.6636372,47.7187431],[8.6634434,47.71874],[8.663244,47.7187432],[8.66304,47.7187493],[8.6628282,47.7187601]]}},{"type":"Feature","properties":{"highway":"motorway","int_ref":"E 41","lanes":"3","maxspeed":"100","oneway":"yes","ref":"A4","source:maxspeed":"sign","toll":"yes","turn:lanes":"none|none|merge_to_left","carriage_ref":"B"},"geometry":{"type":"LineString","coordinates":[[8.5505498,47.0428283],[8.55093,47.0428982],[8.5514429,47.0430256],[8.5519476,47.0431773]]}},{"type":"Feature","properties":{"highway":"motorway","int_ref":"E 41","lanes":"2","maxspeed":"signals","oneway":"yes","overtaking:hgv":"no","ref":"A4","shoulder:right":"yes","source:maxspeed":"signals","surface":"asphalt","toll":"yes","carriage_ref":"B"},"geometry":{"type":"LineString","coordinates":[[8.4522104,47.2469664],[8.4524359,47.2466239],[8.4530284,47.2456239]]}},{"type":"Feature","properties":{"highway":"motorway","int_ref":"E 41","lanes":"2","maxspeed":"100","name":"Engiberg","oneway":"yes","ref":"A4","toll":"yes","carriage_ref":"A"},"geometry":{"type":"LineString","coordinates":[[8.5277643,47.0517344],[8.5271796,47.051946],[8.5266823,47.05215]]}},{"type":"Feature","properties":{"change:lanes:backward":"no","change:lanes:forward":"yes|not_right|yes","highway":"trunk","int_ref":"E 41","lanes":"4","lanes:backward":"1","lanes:forward":"3","maxspeed":"80","motorroad":"yes","oneway":"no","overtaking:hgv:forward":"no","placement:forward":"middle_of:1","ref":"A4","shoulder":"none","source:maxspeed":"sign","surface":"asphalt","toll":"yes","turn:lanes:forward":"||merge_to_left","carriage_ref":"B"},"geometry":{"type":"LineString","coordinates":[[8.63357769365,47.68067313495],[8.63351759365,47.68042993497],[8.63344779365,47.68017223498],[8.63341089365,47.68005023499],[8.63337179365,47.679928035],[8.63332649365,47.67980843501],[8.63327879365,47.67968873501],[8.63322569365,47.67956993502]]}},{"type":"Feature","properties":{"highway":"motorway","int_ref":"E 41","lanes":"1","lit":"yes","maxspeed":"80","maxspeed:variable":"obstruction","oneway":"yes","ref":"A4","source:maxspeed":"sign","toll":"yes","carriage_ref":"A"},"geometry":{"type":"LineString","coordinates":[[8.4600669,47.3361575],[8.4600532,47.3364889],[8.4600526,47.3367642],[8.4600413,47.3370759],[8.4599903,47.3374531],[8.4599328,47.3377356],[8.4598659,47.3380323],[8.4596953,47.3384973],[8.4595026,47.3389284],[8.4592593,47.3393866],[8.4590449,47.3397309],[8.4587477,47.3402616],[8.4586211,47.3404901],[8.458494,47.3406878],[8.4583632,47.3408727],[8.4581497,47.3411504]]}},{"type":"Feature","properties":{"highway":"motorway","int_ref":"E 41","lanes":"2","maxspeed":"120","oneway":"yes","ref":"A4","shoulder:right":"yes","source:maxspeed":"CH:motorway","surface":"asphalt","toll":"yes","carriage_ref":"A"},"geometry":{"type":"LineString","coordinates":[[8.4356021,47.274676],[8.4352899,47.2748743],[8.4349744,47.275063],[8.4346569,47.2752474],[8.4343356,47.2754195],[8.433812,47.2756805],[8.4332906,47.2759227],[8.4323895,47.276334],[8.4315116,47.2767802],[8.4309629,47.2770835],[8.4305303,47.2773446],[8.4298532,47.2778055],[8.4293606,47.2781894],[8.4288126,47.278677],[8.4282787,47.2792105],[8.4278045,47.2797838],[8.427612,47.2800468],[8.4267036,47.2813077]]}},{"type":"Feature","properties":{"destination":"Flurlingen","highway":"trunk","int_ref":"E 41","lanes":"2","maxspeed":"80","motorroad":"yes","oneway":"yes","placement":"middle_of:1","ref":"A4","source:maxspeed":"sign","toll":"yes","turn:lanes":"|slight_right","carriage_ref":"A"},"geometry":{"type":"LineString","coordinates":[[8.6226746,47.6708758],[8.6226436,47.6710285],[8.6226186,47.6711824],[8.6226025,47.6713417]]}},{"type":"Feature","properties":{"destination":"Gotthard;Schwyz;Küssnacht","highway":"motorway","int_ref":"E 41","lanes":"2","maxspeed":"120","oneway":"yes","ref":"A4","surface":"asphalt","toll":"yes","carriage_ref":"B"},"geometry":{"type":"LineString","coordinates":[[8.4397745,47.1479938],[8.4406669,47.1470951],[8.4420634,47.1456685],[8.4425085,47.1452112]]}},{"type":"Feature","properties":{"bridge":"yes","highway":"motorway","int_ref":"E 41","lanes":"2","layer":"1","lit":"yes","maxspeed":"80","maxspeed:variable":"obstruction","oneway":"yes","ref":"A4","source:maxspeed":"sign","toll":"yes","turn:lanes":"|merge_to_left","carriage_ref":"A"},"geometry":{"type":"LineString","coordinates":[[8.4572119,47.3417774],[8.4570776,47.3418345],[8.4569368,47.3418876],[8.4567965,47.3419357]]}},{"type":"Feature","properties":{"bridge":"yes","highway":"motorway","int_ref":"E 41;E 60","lanes":"2","layer":"1","maxspeed":"100","oneway":"yes","overtaking:hgv":"no","ref":"A1;A4","source:maxspeed":"sign","surface":"asphalt","toll":"yes","carriage_ref":"A"},"geometry":{"type":"LineString","coordinates":[[8.6868913,47.5088701],[8.6869959,47.5092067]]}},{"type":"Feature","properties":{"bridge":"yes","change:lanes":"not_left|not_right|no","highway":"motorway","int_ref":"E 41;E 60","lanes":"3","layer":"1","maxspeed":"100","oneway":"yes","overtaking:hgv":"no","placement":"right_of:1","ref":"A1;A4","source:maxspeed":"sign","surface":"asphalt","toll":"yes","carriage_ref":"A"},"geometry":{"type":"LineString","coordinates":[[8.6914024,47.5146796],[8.6916072,47.514855]]}},{"type":"Feature","properties":{"change:lanes":"not_left|yes|no","highway":"motorway","int_ref":"E 41","lanes":"3","maxspeed":"120","oneway":"yes","placement":"right_of:1","ref":"A4","shoulder:right":"yes","source:maxspeed":"CH:motorway","surface":"asphalt","toll":"yes","turn:lanes":"||slight_right","carriage_ref":"B"},"geometry":{"type":"LineString","coordinates":[[8.4352169,47.2747492],[8.4354373,47.2745977]]}},{"type":"Feature","properties":{"change:lanes":"not_left|not_right|not_left|not_right","embankment":"yes","highway":"motorway","int_ref":"E 41;E 60","lanes":"4","lit":"yes","maxspeed":"100","oneway":"yes","placement":"middle_of:2","ref":"A1;A4","source:maxspeed":"sign","surface":"asphalt","toll":"yes","turn:lanes":"|||merge_to_left","carriage_ref":"B"},"geometry":{"type":"LineString","coordinates":[[8.6264576,47.4154129],[8.6261438,47.4151995]]}},{"type":"Feature","properties":{"highway":"motorway","int_ref":"E 41;E 60","lanes":"2","lit":"yes","maxspeed":"signals","oneway":"yes","ref":"A1;A4","shoulder:right":"yes","source:maxspeed":"signals","surface":"asphalt","toll":"yes","carriage_ref":"B"},"geometry":{"type":"LineString","coordinates":[[8.5737307,47.4230415],[8.5735812,47.4231941],[8.573394,47.4233441],[8.5732353,47.4234604],[8.5730595,47.4235736],[8.5728629,47.4236854],[8.5725889,47.4238132]]}},{"type":"Feature","properties":{"change:lanes":"not_left|not_right|no","destination":"Kleinandelfingen","highway":"trunk","int_ref":"E 41","lanes":"3","maxheight":"default","maxspeed":"100","motorroad":"yes","oneway":"yes","placement":"right_of:1","ref":"A4","shoulder":"none","source:maxspeed":"sign","surface":"asphalt","toll":"yes","carriage_ref":"B"},"geometry":{"type":"LineString","coordinates":[[8.683553,47.6189637],[8.683712,47.6186468]]}},{"type":"Feature","properties":{"bridge":"yes","highway":"motorway","int_ref":"E 41;E 60","lanes":"2","layer":"1","lit":"yes","maxspeed":"100","oneway":"yes","ref":"A1;A4","surface":"asphalt","toll":"yes","carriage_ref":"A"},"geometry":{"type":"LineString","coordinates":[[8.5742874,47.4143285],[8.5742953,47.4142426]]}},{"type":"Feature","properties":{"highway":"motorway","int_ref":"E 41","lanes":"3","maxspeed":"120","oneway":"yes","placement":"right_of:1","ref":"A4","source:maxspeed":"CH:motorway","toll":"yes","turn:lanes":"none|none|slight_right","carriage_ref":"B"},"geometry":{"type":"LineString","coordinates":[[8.6231408,47.0323344],[8.6232785,47.0320087],[8.6234485,47.0316728]]}},{"type":"Feature","properties":{"bridge":"yes","highway":"motorway","int_ref":"E 41","lanes":"4","layer":"1","maxspeed":"100","oneway":"yes","ref":"A4","source:maxspeed":"sign","toll":"yes","carriage_ref":"A"},"geometry":{"type":"LineString","coordinates":[[8.4474805,47.1904908],[8.4476582,47.1906202],[8.4478359,47.1907506]]}},{"type":"Feature","properties":{"change:lanes":"no|yes","highway":"trunk","int_ref":"E 41;E 54","lanes":"2","maxspeed":"80","motorroad":"yes","oneway":"yes","ref":"A4","toll":"yes","turn:lanes:forward":"|merge_to_left","carriage_ref":"A"},"geometry":{"type":"LineString","coordinates":[[8.6538283,47.7162645],[8.6545491,47.7168381]]}},{"type":"Feature","properties":{"change:lanes:backward":"not_left|yes","change:lanes:forward":"no","hazard":"deer","highway":"trunk","int_ref":"E 41;E 54","lanes":"3","lanes:backward":"2","lanes:forward":"1","maxspeed":"60","motorroad":"yes","oneway":"no","overtaking":"no","ref":"A4","source:maxspeed":"sign. Survey 12.2018","surface":"asphalt","toll":"no","turn:lanes:backward":"left|through","carriage_ref":"B"},"geometry":{"type":"LineString","coordinates":[[8.68973751044,47.74328970264],[8.68968371044,47.7431703027],[8.68964851044,47.74307550275],[8.68962551044,47.74298040279],[8.68960581044,47.74284700286],[8.68959981044,47.7427592029],[8.68960081044,47.74267020294]]}},{"type":"Feature","properties":{"highway":"trunk","int_ref":"E 41","lanes":"2","maxspeed":"100","motorroad":"yes","oneway":"yes","ref":"A4","source:maxspeed":"sign","toll":"yes","carriage_ref":"A"},"geometry":{"type":"LineString","coordinates":[[8.627509,47.6616658],[8.6273002,47.6618944],[8.6271758,47.662042],[8.6270633,47.6621858],[8.6269575,47.6623257],[8.6268552,47.6624669],[8.626755,47.6626124],[8.6266605,47.6627597],[8.6265731,47.6629023],[8.6264883,47.6630491],[8.6264059,47.6631944],[8.6263187,47.6633621],[8.6262156,47.6635675],[8.6261154,47.6637759]]}},{"type":"Feature","properties":{"highway":"trunk","int_ref":"E 41","lanes":"2","maxspeed":"100","oneway":"yes","ref":"A4","toll":"yes","turn:lanes":"merge_to_right|","carriage_ref":"B"},"geometry":{"type":"LineString","coordinates":[[8.6208505,47.0040474],[8.6210298,47.0037481],[8.6211967,47.0034775],[8.6218171,47.0025805]]}},{"type":"Feature","properties":{"avz":"50","bridge":"yes","cs_dir:backward":"1","cs_dir:forward":"2","highway":"trunk","int_ref":"E 41","lanes":"2","layer":"1","maxspeed":"80","oneway":"no","ref":"A4","source:maxspeed":"sign","ssvz":"51N","toll":"yes","carriage_ref":"A"},"geometry":{"type":"LineString","coordinates":[[8.61078043797,46.99038776186],[8.61072383797,46.99065956183],[8.61068863797,46.99089126181]]}},{"type":"Feature","properties":{"destination":"Kleinandelfingen","highway":"trunk","int_ref":"E 41","lanes":"2","maxheight":"default","maxspeed":"100","motorroad":"yes","oneway":"yes","ref":"A4","shoulder":"none","source:maxspeed":"sign","surface":"asphalt","toll":"yes","carriage_ref":"B"},"geometry":{"type":"LineString","coordinates":[[8.6845224,47.6168268],[8.6847058,47.6163676],[8.6848564,47.6159855],[8.6850028,47.6156031],[8.6852859,47.6148386],[8.6854818,47.6142871],[8.6856739,47.6137353],[8.6860492,47.612628]]}},{"type":"Feature","properties":{"destination:int_ref:lanes":"E 41||","destination:lanes":"Bern;Basel;Sankt Gallen;Westring-Zürich|Chur;Zürich-City|Chur;Zürich-City","destination:ref:lanes":"A3;A4|A3|A3","highway":"motorway","int_ref":"E 41","lanes":"3","lit":"yes","maxspeed":"80","oneway":"yes","ref":"A4","source:maxspeed":"sign","toll":"yes","turn:lanes":"slight_left|through|through","carriage_ref":"A"},"geometry":{"type":"LineString","coordinates":[[8.4600014,47.3357256],[8.460055,47.3360368],[8.4600669,47.3361575]]}},{"type":"Feature","properties":{"avz":"20","cs_dir:forward":"1","highway":"motorway","int_ref":"E 41;E 60","lanes":"5","lit":"no","maxspeed":"100","oneway":"yes","overtaking:hgv":"no","ref":"A1;A4","source:maxspeed":"CH:motorway","ssvz":"850N","surface":"asphalt","toll":"yes","carriage_ref":"A"},"geometry":{"type":"LineString","coordinates":[[8.5058925,47.4281588],[8.5067187,47.4283813],[8.5070776,47.4284851],[8.5076599,47.4286545]]}},{"type":"Feature","properties":{"highway":"trunk","int_ref":"E 41","lanes":"2","maxspeed":"100","motorroad":"yes","oneway":"yes","placement":"middle_of:1","ref":"A4","source:maxspeed":"sign","surface":"asphalt","toll":"yes","turn:lanes":"|merge_to_left","carriage_ref":"B"},"geometry":{"type":"LineString","coordinates":[[8.6829723,47.5800484],[8.6829379,47.5792684],[8.6829374,47.5789101]]}},{"type":"Feature","properties":{"bridge":"yes","destination":"Uhwiesen","highway":"trunk","int_ref":"E 41","lanes":"2","layer":"1","maxspeed":"100","motorroad":"yes","oneway":"yes","ref":"A4","shoulder":"none","source:maxspeed":"sign","surface":"asphalt","toll":"yes","carriage_ref":"A"},"geometry":{"type":"LineString","coordinates":[[8.6396068,47.6546449],[8.639472,47.654728],[8.6391117,47.6549424]]}},{"type":"Feature","properties":{"highway":"motorway","int_ref":"E 41","lanes":"2","maxspeed":"120","oneway":"yes","ref":"A4","toll":"yes","carriage_ref":"B"},"geometry":{"type":"LineString","coordinates":[[8.6246173,47.0119186],[8.6244714,47.0117107],[8.6243078,47.0115077],[8.6239754,47.0110997],[8.6233314,47.0103753],[8.6226359,47.0096581],[8.6221239,47.0090992],[8.6217969,47.0087264]]}},{"type":"Feature","properties":{"change:lanes:backward":"no","change:lanes:forward":"no|yes","destination:backward":"Sankt Gallen;Zürich;Winterthur","highway":"trunk","int_ref":"E 41","lanes":"3","lanes:forward":"2","maxspeed":"100","motorroad":"yes","oneway":"no","overtaking":"no","placement:forward":"left_of:1","ref":"A4","shoulder:left":"yes","shoulder:right":"yes","source:maxspeed":"sign","toll":"yes","turn:lanes:forward":"|merge_to_left","carriage_ref":"A"},"geometry":{"type":"LineString","coordinates":[[8.6832896,47.5824893],[8.6833771,47.5827262],[8.6834626,47.582924],[8.683557,47.5831145],[8.6836685,47.583329],[8.6837343,47.5834501],[8.6838025,47.5835732]]}},{"type":"Feature","properties":{"change:lanes:backward":"not_left|not_right","change:lanes:forward":"not_left|not_right","destination:lanes:forward":"Sankt Gallen;Zürich;Winterthur|Adlikon;Henggart","highway":"trunk","int_ref":"E 41","lanes":"4","lanes:backward":"2","maxheight":"default","maxspeed":"100","motorroad":"yes","oneway":"no","overtaking":"no","ref":"A4","shoulder:left":"yes","shoulder:right":"yes","source:maxspeed":"sign","surface":"asphalt","toll":"yes","turn:lanes:backward":"|merge_to_left","turn:lanes:forward":"|slight_right","carriage_ref":"B"},"geometry":{"type":"LineString","coordinates":[[8.68432844512,47.58433664605],[8.68421814512,47.58420484602],[8.68411984512,47.58407814599],[8.68398064512,47.58389004595]]}},{"type":"Feature","properties":{"highway":"motorway","int_ref":"E 41;E 60","lanes":"3","lit":"yes","maxspeed":"80","oneway":"yes","ref":"A1;A4","surface":"asphalt","toll":"yes","carriage_ref":"B"},"geometry":{"type":"LineString","coordinates":[[8.4856928,47.4250856],[8.4850614,47.4248618]]}},{"type":"Feature","properties":{"highway":"motorway","int_ref":"E 41","lanes":"2","maxspeed":"80","oneway":"yes","ref":"A4","source:maxspeed":"sign","surface":"asphalt","toll":"yes","carriage_ref":"B"},"geometry":{"type":"LineString","coordinates":[[8.432429,47.1576366],[8.432326,47.1572931],[8.4322708,47.1570164],[8.4322375,47.1567468],[8.4322519,47.1564237],[8.4322949,47.1561429],[8.4323662,47.1558859],[8.432488,47.1556139],[8.4327133,47.1552674],[8.4329215,47.1550031],[8.433146,47.1547373],[8.4333748,47.1545015],[8.4335985,47.1542788]]}},{"type":"Feature","properties":{"highway":"motorway","int_ref":"E 41","lanes":"2","maxspeed":"80","oneway":"yes","ref":"A4","surface":"asphalt","toll":"yes","carriage_ref":"A"},"geometry":{"type":"LineString","coordinates":[[8.4349555,47.1530888],[8.4345326,47.1535241]]}},{"type":"Feature","properties":{"highway":"motorway","int_ref":"E 41;E 60","lanes":"2","lit":"yes","maxspeed":"100","oneway":"yes","ref":"A1;A4","source:maxspeed":"sign","surface":"asphalt","toll":"yes","carriage_ref":"A"},"geometry":{"type":"LineString","coordinates":[[8.5758972,47.4113159],[8.5761675,47.4111602],[8.5764557,47.4110212],[8.5766798,47.4109349],[8.5768905,47.4108597],[8.5771063,47.4107856],[8.5773228,47.4107285],[8.5775426,47.4106655],[8.5778121,47.4106018],[8.578119,47.4105294],[8.580499,47.4099946],[8.5811938,47.4098263]]}},{"type":"Feature","properties":{"highway":"motorway","int_ref":"E 41;E 60","lanes":"3","maxspeed":"100","oneway":"yes","placement":"right_of:1","ref":"A1;A4","source:maxspeed":"sign","surface":"asphalt","toll":"yes","turn:lanes":"||merge_to_left","carriage_ref":"A"},"geometry":{"type":"LineString","coordinates":[[8.7022197,47.4877687],[8.7021644,47.4881266],[8.7021489,47.4882708],[8.7021382,47.4884174],[8.7021314,47.4885629],[8.7021263,47.4887093],[8.7021282,47.4889601]]}},{"type":"Feature","properties":{"highway":"motorway","int_ref":"E 41;E 60","lanes":"2","lit":"no","maxspeed":"80","oneway":"yes","ref":"A1;A4","source:maxspeed":"sign","surface":"asphalt","toll":"yes","carriage_ref":"B"},"geometry":{"type":"LineString","coordinates":[[8.4889156,47.4258797],[8.4883639,47.4257744],[8.487814,47.4256493],[8.4874391,47.4255554],[8.4866438,47.425363]]}},{"type":"Feature","properties":{"destination":"Stuttgart;Singen;Thayngen;Schaffhausen-Herblingen","highway":"trunk","int_ref":"E 41;E 54","lanes":"1","maxheight":"default","maxspeed":"80","motorroad":"yes","oneway":"yes","ref":"A4","source:maxspeed":"sign","toll":"yes","carriage_ref":"A"},"geometry":{"type":"LineString","coordinates":[[8.6493518,47.7133825],[8.6496537,47.7135465],[8.6499516,47.7137104],[8.6501701,47.7138503],[8.6503719,47.7139945],[8.6508448,47.714367],[8.6510039,47.7144917],[8.6511389,47.714595],[8.6513143,47.7147202],[8.6514947,47.7148359],[8.6516793,47.7149525],[8.6518703,47.7150675],[8.6521743,47.7152182]]}},{"type":"Feature","properties":{"destination":"Wettswil","highway":"motorway","int_ref":"E 41","lanes":"2","maxspeed":"120","oneway":"yes","ref":"A4","shoulder:right":"yes","source:maxspeed":"CH:motorway","surface":"asphalt","toll":"yes","carriage_ref":"A"},"geometry":{"type":"LineString","coordinates":[[8.4395442,47.2680744],[8.4391196,47.2694415],[8.4388427,47.2702997],[8.4386591,47.2708738],[8.4383553,47.2715975],[8.4382564,47.2718169],[8.4381368,47.2720323],[8.4379613,47.2723229],[8.4377715,47.2726022],[8.437452,47.2730133],[8.4371858,47.2732961],[8.4358524,47.2745066]]}},{"type":"Feature","properties":{"destination":"Zürich;Wülflingen","destination:int_ref":"E 41;E 60","destination:ref":"A1;A4","highway":"motorway","int_ref":"E 41","lanes":"1","lit":"yes","maxspeed":"100","oneway":"yes","placement":"transition","ref":"A4","source:maxspeed":"sign","surface":"asphalt","toll":"yes","carriage_ref":"B"},"geometry":{"type":"LineString","coordinates":[[8.698708,47.5219058],[8.6985761,47.521684]]}},{"type":"Feature","properties":{"highway":"motorway","int_ref":"E 41","lanes":"2","maxspeed":"100","oneway":"yes","ref":"A4","toll":"yes","carriage_ref":"A"},"geometry":{"type":"LineString","coordinates":[[8.5194753,47.0543204],[8.5190806,47.054439],[8.5186914,47.0545743],[8.5182269,47.0547635],[8.517777,47.0549702],[8.5174276,47.0551604],[8.5171026,47.0553573],[8.5167757,47.0555785],[8.5164728,47.0558056],[8.5161571,47.0560672],[8.515862,47.0563415],[8.5152995,47.0569087]]}},{"type":"Feature","properties":{"highway":"motorway","int_ref":"E 41","lanes":"2","lit":"no","maxspeed":"100","oneway":"yes","ref":"A3;A4","shoulder:right":"yes","source:maxspeed":"sign","surface":"asphalt","toll":"yes","carriage_ref":"A"},"geometry":{"type":"LineString","coordinates":[[8.4189279,47.3761112],[8.418757,47.3764866],[8.4185914,47.3767868],[8.4183826,47.3771907],[8.4180714,47.3777474],[8.4175605,47.3786917],[8.4173296,47.379121],[8.4170953,47.3796025],[8.4169257,47.379995],[8.4167643,47.3803877],[8.4166512,47.3807115],[8.4165265,47.3811329],[8.4162936,47.381915],[8.416041,47.3827111],[8.4158895,47.3831055],[8.4157549,47.3834308],[8.4155746,47.3837903],[8.4153584,47.3842002]]}},{"type":"Feature","properties":{"bridge":"yes","highway":"motorway","int_ref":"E 41","lanes":"2","layer":"1","maxspeed":"120","oneway":"yes","ref":"A4","toll":"yes","carriage_ref":"A"},"geometry":{"type":"LineString","coordinates":[[8.4530301,47.1183027],[8.4530106,47.1183489]]}},{"type":"Feature","properties":{"destination:lanes":"Transit;Schaffhausen-Nord;Rheinfall|Schaffhausen-Herblingen;Stetten;Dörflingen","highway":"trunk","int_ref":"E 41;E 54","lanes":"2","maxspeed":"80","motorroad":"yes","oneway":"yes","placement":"middle_of:1","ref":"A4","shoulder":"none","source:maxspeed":"CH:rural","surface":"asphalt","toll":"no","turn:lanes:forward":"through|slight_right","carriage_ref":"B"},"geometry":{"type":"LineString","coordinates":[[8.6623877,47.7187924],[8.6621261,47.7188179],[8.6614465,47.7188901]]}},{"type":"Feature","properties":{"change:lanes:backward":"not_left|yes","change:lanes:forward":"no","highway":"trunk","int_ref":"E 41;E 54","lanes":"3","lanes:backward":"2","lanes:forward":"1","maxspeed":"60","motorroad":"yes","oneway":"no","overtaking":"no","placement:backward":"left_of:1","ref":"A4","source:maxspeed":"sign. Survey 12.2018","surface":"asphalt","toll":"no","turn:lanes:backward":"none|right","carriage_ref":"B"},"geometry":{"type":"LineString","coordinates":[[8.70285251044,47.74289400283],[8.70251921044,47.74298680279],[8.70219071044,47.74308790274]]}},{"type":"Feature","properties":{"destination":"Bern;Basel;Chur;Luzern;Weiningen","highway":"motorway","int_ref":"E 41;E 60","lanes":"3","lit":"no","maxspeed":"80","oneway":"yes","ref":"A1;A4","source:maxspeed":"CH:motorway","surface":"asphalt","toll":"yes","carriage_ref":"B"},"geometry":{"type":"LineString","coordinates":[[8.4976064,47.4268348],[8.4965896,47.4267278],[8.4958422,47.4266479],[8.4949374,47.4265789],[8.4931605,47.4264379]]}},{"type":"Feature","properties":{"change:lanes":"no|no","highway":"trunk","int_ref":"E 41;E 54","lanes":"2","last":"true","maxspeed":"60","motorroad":"yes","oneway":"no","overtaking":"no","ref":"A4","source:maxspeed":"sign. Survey 12.2018","surface":"asphalt","toll":"no","carriage_ref":"A"},"geometry":{"type":"LineString","coordinates":[[8.70418712884,47.7425025705],[8.7047196,47.7423757]]}},{"type":"Feature","properties":{"highway":"motorway","int_ref":"E 41;E 60","lanes":"3","lit":"no","maxspeed":"100","oneway":"yes","overtaking:hgv":"no","ref":"A1;A4","source:maxspeed":"CH:motorway","surface":"asphalt","toll":"yes","carriage_ref":"A"},"geometry":{"type":"LineString","coordinates":[[8.5536092,47.4286386],[8.5544018,47.4281975]]}},{"type":"Feature","properties":{"highway":"motorway","int_ref":"E 41;E 60","lanes":"4","maxspeed":"120","oneway":"yes","placement":"middle_of:2","ref":"A1;A4","source:maxspeed":"CH:motorway","surface":"asphalt","toll":"yes","turn:lanes":"|||merge_to_left","carriage_ref":"B"},"geometry":{"type":"LineString","coordinates":[[8.6904908,47.4416403],[8.6893035,47.4411052],[8.6880919,47.4405638]]}},{"type":"Feature","properties":{"change:lanes":"not_left|yes|no","destination:lanes":"Adlikon|Adlikon|Kleinandelfingen;Andelfingen;Ossingen","highway":"trunk","int_ref":"E 41","lanes":"3","maxspeed":"100","motorroad":"yes","oneway":"yes","placement":"right_of:1","ref":"A4","shoulder":"none","source:maxspeed":"sign","surface":"asphalt","toll":"yes","turn:lanes":"||slight_right","carriage_ref":"B"},"geometry":{"type":"LineString","coordinates":[[8.6886444,47.6047492],[8.688767,47.6046074]]}},{"type":"Feature","properties":{"change:lanes":"not_left|not_right|no","destination:lanes":"Adlikon|Adlikon|Kleinandelfingen;Andelfingen;Ossingen","highway":"trunk","int_ref":"E 41","lanes":"3","maxspeed":"100","motorroad":"yes","oneway":"yes","placement":"right_of:1","ref":"A4","shoulder":"none","source:maxspeed":"sign","surface":"asphalt","toll":"yes","turn:lanes":"||slight_right","carriage_ref":"B"},"geometry":{"type":"LineString","coordinates":[[8.688767,47.6046074],[8.6888811,47.6044782]]}},{"type":"Feature","properties":{"highway":"motorway","int_ref":"E 41","lanes":"3","maxspeed":"100","maxspeed:variable":"yes","oneway":"yes","ref":"A4","source:maxspeed":"sign","toll":"yes","carriage_ref":"A"},"geometry":{"type":"LineString","coordinates":[[8.4423628,47.1868197],[8.4433785,47.1875441]]}},{"type":"Feature","properties":{"destination":"Adlikon;Andelfingen","highway":"trunk","int_ref":"E 41","lanes":"1","maxspeed":"100","motorroad":"yes","oneway":"yes","ref":"A4","toll":"yes","carriage_ref":"A"},"geometry":{"type":"LineString","coordinates":[[8.6910801,47.5627615],[8.6910265,47.5628421],[8.6909719,47.5629213],[8.6908974,47.5630285],[8.6906946,47.5632912],[8.6904788,47.563555]]}},{"type":"Feature","properties":{"highway":"motorway","int_ref":"E 41","lanes":"2","lit":"no","maxspeed":"120","oneway":"yes","ref":"A4","shoulder:right":"yes","source:maxspeed":"CH:motorway","surface":"asphalt","toll":"yes","carriage_ref":"B"},"geometry":{"type":"LineString","coordinates":[[8.4236745,47.2871469],[8.4236844,47.2867932],[8.4237307,47.2863143],[8.423794,47.2859442],[8.423977,47.2853421],[8.4240541,47.2851317],[8.4241524,47.2849105],[8.4242552,47.2846714],[8.4243891,47.2844292],[8.4246751,47.2839459],[8.4252438,47.2830997],[8.426261,47.2816922]]}},{"type":"Feature","properties":{"change:lanes":"not_left|yes|no","highway":"trunk","int_ref":"E 41","lanes":"3","maxspeed":"100","motorroad":"yes","oneway":"yes","placement":"right_of:1","ref":"A4","shoulder":"none","source:maxspeed":"sign","surface":"asphalt","toll":"yes","turn:lanes":"||slight_right","carriage_ref":"B"},"geometry":{"type":"LineString","coordinates":[[8.6249724,47.6750035],[8.6247193,47.6748598]]}},{"type":"Feature","properties":{"highway":"motorway","int_ref":"E 41","lanes":"2","maxspeed":"120","oneway":"yes","ref":"A4","toll":"yes","carriage_ref":"A"},"geometry":{"type":"LineString","coordinates":[[8.4891331,47.0771289],[8.4889462,47.0772796],[8.4887862,47.0773933],[8.4886295,47.0775141],[8.4884559,47.0776409],[8.4882835,47.0777542],[8.4880865,47.0778738],[8.4879087,47.0779775],[8.4877289,47.0780761],[8.4875542,47.078164],[8.4867038,47.0785451]]}},{"type":"Feature","properties":{"avz":"565","cs_dir:forward":"2","highway":"motorway","int_ref":"E 41","lanes":"3","layer":"-1","lit":"yes","maxspeed":"100","maxspeed:variable":"obstruction","oneway":"yes","ref":"A3;A4","source:maxspeed":"sign","toll":"yes","tunnel":"yes","tunnel:alt_name":"Äschertunnel","tunnel:name":"Aeschertunnel","carriage_ref":"A"},"geometry":{"type":"LineString","coordinates":[[8.4525879,47.3420847],[8.4515773,47.3420534],[8.4509269,47.3420033],[8.4502674,47.3419288],[8.4497414,47.3418487],[8.4492406,47.3417448],[8.4482501,47.3415061],[8.4472204,47.3412323],[8.4467094,47.341103],[8.446195,47.3409927],[8.4457044,47.3408952],[8.4452071,47.3408075],[8.4442146,47.3406691],[8.4432672,47.3405924],[8.4424858,47.3405597],[8.4417189,47.3405583],[8.4411767,47.3405802],[8.4406599,47.3406058],[8.4396524,47.3406933],[8.4390414,47.3407847],[8.4384416,47.3408819],[8.4378493,47.3409969],[8.4372703,47.341129],[8.4367741,47.3412628],[8.4363214,47.3413957],[8.4358574,47.3415465],[8.4353863,47.3417064],[8.4345596,47.3420476],[8.4337636,47.3424157],[8.4330129,47.3428247],[8.4326507,47.3430394],[8.432304,47.343266],[8.4317189,47.3436785],[8.4314171,47.3438958],[8.431153,47.3441361],[8.4306588,47.3445783],[8.4302274,47.345036],[8.4296862,47.3456534]]}},{"type":"Feature","properties":{"highway":"trunk","int_ref":"E 41","maxspeed":"100","motorroad":"yes","oneway":"yes","ref":"A4","source:maxspeed":"sign","surface":"asphalt","toll":"yes"},"geometry":{"type":"LineString","coordinates":[[8.68301368895,47.58043617211],[8.6829723,47.5800484]]}},{"type":"Feature","properties":{"bridge":"viaduct","highway":"motorway","int_ref":"E 41","lanes":"2","layer":"1","maxspeed":"120","oneway":"yes","ref":"A4","toll":"yes","carriage_ref":"A"},"geometry":{"type":"LineString","coordinates":[[8.499108,47.0718913],[8.4987464,47.0720223],[8.4983887,47.0721461],[8.4980381,47.0722661],[8.4976929,47.0723977],[8.4973509,47.0725282],[8.4970152,47.0726735],[8.4966824,47.0728223],[8.496358,47.0729754],[8.4949289,47.0737152],[8.4935235,47.0744525]]}},{"type":"Feature","properties":{"bridge":"yes","destination:lanes":"Gotthard;Luzern|Gotthard;Luzern|Gotthard;Luzern|Cham;Aarau;Hünenberg","highway":"motorway","int_ref":"E 41","lanes":"4","layer":"1","maxspeed":"signals","oneway":"yes","placement":"middle_of:2","ref":"A4","shoulder":"none","source:maxspeed":"signals","surface":"asphalt","toll":"yes","carriage_ref":"B"},"geometry":{"type":"LineString","coordinates":[[8.4538801,47.1953299],[8.4536066,47.1951385]]}},{"type":"Feature","properties":{"change:lanes":"not_left|yes|no","highway":"trunk","int_ref":"E 41","lanes":"3","maxspeed":"100","motorroad":"yes","oneway":"yes","placement":"right_of:1","ref":"A4","shoulder":"none","source:maxspeed":"sign","surface":"asphalt","toll":"yes","turn:lanes":"||slight_right","carriage_ref":"B"},"geometry":{"type":"LineString","coordinates":[[8.682657,47.6206782],[8.6828001,47.6204231]]}},{"type":"Feature","properties":{"bicycle":"no","change:lanes:backward":"no","change:lanes:forward":"no","foot":"no","highway":"trunk","horse":"no","int_ref":"E 41;E 54","lanes":"2","layer":"-5","lit":"yes","maxheight":"default","maxspeed":"80","motorroad":"yes","oneway":"no","overtaking":"no","ref":"A4;E41;E54","source:maxspeed":"sign","start_date":"1996","toll":"yes","tunnel":"yes","tunnel:name":"Fäsenstaubtunnel","carriage_ref":"B"},"geometry":{"type":"LineString","coordinates":[[8.62960689365,47.69985653376],[8.62956419365,47.69981563376],[8.62900039365,47.6991883338],[8.62866939365,47.69882283383],[8.62835069365,47.69845133385],[8.62803359365,47.69807873387],[8.62773329365,47.6977015339],[8.62715629365,47.69692303394],[8.62684789365,47.69644783397],[8.62647999365,47.69583843401],[8.62610559365,47.69522703405],[8.62577009365,47.69464933409]]}},{"type":"Feature","properties":{"highway":"motorway","int_ref":"E 41","lanes":"2","lit":"yes","maxspeed":"signals","oneway":"yes","overtaking:hgv":"no","ref":"A4","shoulder:right":"yes","source:maxspeed":"signals","surface":"asphalt","toll":"yes","carriage_ref":"B"},"geometry":{"type":"LineString","coordinates":[[8.4530284,47.2456239],[8.453498,47.2447512],[8.4539295,47.2438453]]}},{"type":"Feature","properties":{"highway":"motorway","int_ref":"E 41;E 60","lanes":"4","layer":"1","lit":"no","maxspeed":"100","oneway":"yes","ref":"A1;A4","source:maxspeed":"CH:motorway","surface":"asphalt","toll":"yes","carriage_ref":"A"},"geometry":{"type":"LineString","coordinates":[[8.4933872,47.4263069],[8.4942804,47.4263827],[8.4949715,47.4264438],[8.4958645,47.4264971],[8.498387,47.4267733]]}},{"type":"Feature","properties":{"highway":"motorway","int_ref":"E 41","lanes":"2","lit":"yes","maxspeed":"100","maxspeed:variable":"obstruction","oneway":"yes","overtaking:hgv":"no","ref":"A3;A4","shoulder:right":"yes","source:maxspeed":"signals","surface":"asphalt","toll":"yes","carriage_ref":"B"},"geometry":{"type":"LineString","coordinates":[[8.4225579,47.3682905],[8.4229873,47.3678204],[8.4232416,47.3674819],[8.4234925,47.3670712]]}},{"type":"Feature","properties":{"change:lanes":"not_left|not_right|yes|not_right","highway":"motorway","int_ref":"E 41","lanes":"4","lit":"no","maxspeed":"100","maxspeed:variable":"obstruction","oneway":"yes","placement":"right_of:1","ref":"A3;A4","shoulder":"none","source:maxspeed":"signals","surface":"asphalt","toll":"yes","turn:lanes":"||merge_to_left|merge_to_left","carriage_ref":"B"},"geometry":{"type":"LineString","coordinates":[[8.4211085,47.3701124],[8.4213127,47.3697951]]}},{"type":"Feature","properties":{"highway":"motorway","int_ref":"E 41;E 60","lanes":"4","lit":"no","maxspeed":"100","oneway":"yes","ref":"A1;A4","source:maxspeed":"CH:motorway","surface":"asphalt","toll":"yes","carriage_ref":"A"},"geometry":{"type":"LineString","coordinates":[[8.4903314,47.4259675],[8.4905948,47.4260159],[8.4911637,47.4260839],[8.4917159,47.4261421],[8.4926531,47.4262342]]}},{"type":"Feature","properties":{"highway":"trunk","int_ref":"E 41","lanes":"3","maxspeed":"100","motorroad":"yes","oneway":"yes","placement":"right_of:1","ref":"A4","shoulder":"none","source:maxspeed":"sign","surface":"asphalt","toll":"yes","turn:lanes":"||slight_right","carriage_ref":"B"},"geometry":{"type":"LineString","coordinates":[[8.6488748,47.6476195],[8.6491859,47.6473234]]}},{"type":"Feature","properties":{"change:lanes":"not_left|not_right|yes","hazmat:water":"permissive","highway":"motorway","int_ref":"E 41;E 60","lanes":"3","maxspeed":"100","oneway":"yes","overtaking:hgv":"no","placement":"right_of:1","ref":"A1;A4","shoulder:right":"yes","source:maxspeed":"sign","surface":"asphalt","toll":"yes","turn:lanes":"none|none|merge_to_left","carriage_ref":"B"},"geometry":{"type":"LineString","coordinates":[[8.6912227,47.5147544],[8.690864,47.5144253]]}},{"type":"Feature","properties":{"destination:int_ref:lanes":"|E 41;E 60|E 41;E 60|","destination:lanes":"Zürich-City|Zürich-City;Bern;Chur;Luzern;Flughafen;Nordring-Zürich|Bern;Chur;Luzern;Flughafen;Nordring-Zürich|Wallisellen;Oerlikon;Schwamendingen;Dübendorf","destination:ref:lanes":"|A1;A4|A1;A4|","highway":"motorway","int_ref":"E 41;E 60","lanes":"4","lit":"yes","maxspeed":"100","oneway":"yes","placement":"middle_of:2","ref":"A1;A4","source:maxspeed":"sign","surface":"asphalt","toll":"yes","turn:lanes":"none|none|none|slight_right","carriage_ref":"B"},"geometry":{"type":"LineString","coordinates":[[8.6102646,47.4086624],[8.60995,47.4085988],[8.6093726,47.4084783],[8.6088796,47.4083901],[8.6083708,47.4083031]]}},{"type":"Feature","properties":{"change:lanes":"not_left|not_right|no","highway":"motorway","int_ref":"E 41","lanes":"3","lit":"yes","maxspeed":"100","maxspeed:variable":"obstruction","oneway":"yes","placement":"right_of:1","ref":"A3;A4","shoulder:right":"yes","source:maxspeed":"signals","surface":"asphalt","toll":"yes","carriage_ref":"B"},"geometry":{"type":"LineString","coordinates":[[8.4246254,47.40855],[8.424301,47.4082251]]}},{"type":"Feature","properties":{"highway":"motorway","int_ref":"E 41;E 60","lanes":"2","maxspeed":"100","oneway":"yes","ref":"A1;A4","source:maxspeed":"sign","surface":"asphalt","toll":"yes","carriage_ref":"A"},"geometry":{"type":"LineString","coordinates":[[8.7021282,47.4889601],[8.702137,47.4892108],[8.7021652,47.4897099]]}},{"type":"Feature","properties":{"destination":"Transit;Schaffhausen-Nord;Rheinfall;BBC Arena","highway":"trunk","int_ref":"E 41;E 54","lanes":"1","maxspeed":"80","motorroad":"yes","oneway":"yes","ref":"A4","shoulder:right":"yes","source:maxspeed":"CH:rural","surface":"asphalt","toll":"yes","carriage_ref":"B"},"geometry":{"type":"LineString","coordinates":[[8.6614465,47.7188901],[8.661203,47.7189152],[8.6608548,47.7189558],[8.6605561,47.7189812],[8.6602864,47.7189965],[8.6600761,47.7190064],[8.6598758,47.7190125],[8.6596202,47.7190125]]}},{"type":"Feature","properties":{"highway":"motorway","int_ref":"E 41","lanes":"2","maxspeed":"120","oneway":"yes","ref":"A4","source:maxspeed":"CH:motorway","toll":"yes","carriage_ref":"A"},"geometry":{"type":"LineString","coordinates":[[8.4648862,47.2246948],[8.4645313,47.2253299],[8.4642664,47.2257589],[8.4639788,47.2262052],[8.4637627,47.2265181],[8.4635013,47.2268473],[8.4632413,47.22715],[8.4629279,47.2274898],[8.4626082,47.2277999],[8.4622499,47.2281376],[8.4617579,47.2285657],[8.4613556,47.2289064],[8.4609507,47.2292498],[8.4606541,47.2295156],[8.4602417,47.2299213],[8.4599595,47.2302199],[8.4597025,47.2305004],[8.45947,47.2308107],[8.4591774,47.2312243],[8.4588293,47.2317759],[8.4585857,47.2322376],[8.4583247,47.232846],[8.4580905,47.233458],[8.4570641,47.2361944]]}},{"type":"Feature","properties":{"destination":"Uhwiesen","highway":"trunk","int_ref":"E 41","lanes":"2","maxspeed":"100","motorroad":"yes","oneway":"yes","ref":"A4","shoulder":"none","source:maxspeed":"sign","surface":"asphalt","toll":"yes","carriage_ref":"A"},"geometry":{"type":"LineString","coordinates":[[8.6391117,47.6549424],[8.6389441,47.6550421],[8.6386781,47.6551979],[8.6384067,47.6553537],[8.6381339,47.6555085],[8.6378603,47.6556627],[8.6375859,47.6558153],[8.6373068,47.6559666],[8.6367519,47.6562656],[8.6361952,47.656562],[8.6356975,47.6568236],[8.6351959,47.6570832],[8.6342018,47.657572],[8.6337157,47.6578038],[8.6332232,47.658034],[8.6322513,47.6585015],[8.6317702,47.6587411],[8.6312906,47.6589828],[8.6309126,47.659181],[8.6307256,47.6592814],[8.6305401,47.6593824],[8.6303635,47.6594817],[8.6301886,47.6595818],[8.6299989,47.6596928],[8.6298259,47.6597961],[8.6296565,47.6599019],[8.6294757,47.6600175],[8.6293087,47.6601291],[8.6291456,47.6602413],[8.6289837,47.660357],[8.6288275,47.6604746],[8.6286712,47.6605959],[8.6285194,47.6607185],[8.6283678,47.6608452],[8.6282217,47.6609706],[8.6280796,47.6610964],[8.6279423,47.6612245],[8.6278093,47.6613528],[8.6276327,47.6615282]]}},{"type":"Feature","properties":{"highway":"trunk","int_ref":"E 41","lanes":"2","maxspeed":"100","motorroad":"yes","oneway":"yes","ref":"A4","shoulder":"none","source:maxspeed":"sign","surface":"asphalt","toll":"yes","turn:lanes":"merge_to_right|none","carriage_ref":"B"},"geometry":{"type":"LineString","coordinates":[[8.6895099,47.5946018],[8.6895368,47.5943052],[8.6895671,47.5941017],[8.6896066,47.5939019]]}},{"type":"Feature","properties":{"change:lanes":"not_left|yes|not_right|yes","highway":"motorway","int_ref":"E 41;E 60","lanes":"4","maxspeed":"120","oneway":"yes","placement":"middle_of:2","ref":"A1;A4","shoulder:right":"yes","source:maxspeed":"CH:motorway","surface":"asphalt","toll":"yes","turn:lanes":"|||merge_to_left","carriage_ref":"A"},"geometry":{"type":"LineString","coordinates":[[8.7029888,47.452539],[8.703319,47.4527841],[8.703582,47.4529803]]}},{"type":"Feature","properties":{"destination:lanes":"Effretikon|Effretikon|Winterthur-Töss","highway":"motorway","int_ref":"E 41;E 60","lanes":"3","lit":"yes","maxspeed":"100","oneway":"yes","overtaking:hgv":"no","placement":"right_of:1","ref":"A1;A4","shoulder:right":"yes","source:maxspeed":"sign","surface":"asphalt","toll":"yes","turn:lanes":"||slight_right","carriage_ref":"B"},"geometry":{"type":"LineString","coordinates":[[8.7019512,47.490559],[8.7019813,47.490354],[8.7019962,47.4901842]]}},{"type":"Feature","properties":{"highway":"motorway","int_ref":"E 41;E 60","lanes":"3","lit":"no","maxspeed":"100","oneway":"yes","overtaking:hgv":"no","ref":"A1;A4","source:maxspeed":"CH:motorway","surface":"asphalt","toll":"yes","carriage_ref":"B"},"geometry":{"type":"LineString","coordinates":[[8.5131647,47.4306133],[8.5123934,47.4303692],[8.5113147,47.4300038],[8.5100566,47.4295826],[8.5092272,47.4293167],[8.5087891,47.4291801],[8.5083152,47.4290344],[8.5075546,47.4288022],[8.5069676,47.4286318]]}},{"type":"Feature","properties":{"highway":"motorway","int_ref":"E 41;E 60","lanes":"2","lit":"no","maxspeed":"100","oneway":"yes","ref":"A1;A4","source:maxspeed":"CH:motorway","surface":"asphalt","toll":"yes","carriage_ref":"A"},"geometry":{"type":"LineString","coordinates":[[8.4869018,47.4252502],[8.4878985,47.4254882],[8.4884596,47.425623],[8.4888384,47.4257031],[8.4892918,47.4257941]]}},{"type":"Feature","properties":{"highway":"motorway","int_ref":"E 41","lanes":"3","lit":"yes","maxspeed":"100","maxspeed:variable":"obstruction","oneway":"yes","placement":"right_of:1","ref":"A3;A4","shoulder:right":"yes","source:maxspeed":"signals","surface":"asphalt","toll":"yes","carriage_ref":"B"},"geometry":{"type":"LineString","coordinates":[[8.424301,47.4082251],[8.4240397,47.40795],[8.4236991,47.4075764],[8.4234368,47.4072797],[8.4232001,47.4069817],[8.4230023,47.4067381],[8.4228138,47.4064966]]}},{"type":"Feature","properties":{"bridge":"yes","bridge:name":"Reppischtalbrücke","highway":"motorway","int_ref":"E 41","lanes":"4","layer":"1","lit":"yes","maxspeed":"100","maxspeed:variable":"obstruction","oneway":"yes","overtaking:hgv":"no","placement":"right_of:1","ref":"A3;A4","shoulder:right":"yes","source:maxspeed":"signals","surface":"asphalt","toll":"yes","turn:lanes":"|||merge_to_left","carriage_ref":"B"},"geometry":{"type":"LineString","coordinates":[[8.4231204,47.3612317],[8.422906,47.3606743],[8.4226848,47.3600387]]}},{"type":"Feature","properties":{"avz":"565","cs_dir:forward":"1","highway":"motorway","int_ref":"E 41","lanes":"3","layer":"-1","lit":"24/7","maxspeed":"100","maxspeed:variable":"obstruction","oneway":"yes","overtaking:hgv":"no","placement":"right_of:1","ref":"A3;A4","shoulder":"none","source:maxspeed":"signals","surface":"asphalt","toll":"yes","tunnel":"yes","tunnel:alt_name":"Äschertunnel","tunnel:name":"Aeschertunnel","turn:lanes":"||merge_to_left","carriage_ref":"B"},"geometry":{"type":"LineString","coordinates":[[8.4282082,47.3467405],[8.4291858,47.3456065],[8.4300349,47.3446496]]}},{"type":"Feature","properties":{"bridge":"yes","highway":"motorway","int_ref":"E 41;E 60","lanes":"2","layer":"1","lit":"no","maxspeed":"120","oneway":"yes","overtaking:hgv":"no","ref":"A1;A4","source:maxspeed":"CH:motorway","surface":"asphalt","toll":"yes","carriage_ref":"A"},"geometry":{"type":"LineString","coordinates":[[8.5495178,47.4305166],[8.5501032,47.4302778]]}},{"type":"Feature","properties":{"change:lanes":"not_left|not_right|yes","highway":"motorway","int_ref":"E 41","lanes":"3","lit":"yes","maxspeed":"100","maxspeed:variable":"obstruction","oneway":"yes","placement":"right_of:1","ref":"A3;A4","shoulder":"none","source:maxspeed":"signals","surface":"asphalt","toll":"yes","turn:lanes":"||merge_to_left","carriage_ref":"B"},"geometry":{"type":"LineString","coordinates":[[8.4147616,47.3850257],[8.4152064,47.3841696]]}},{"type":"Feature","properties":{"bridge":"yes","highway":"motorway","int_ref":"E 41","lanes":"2","layer":"1","maxspeed":"120","oneway":"yes","ref":"A4","source":"survey","source:maxspeed":"CH:motorway","toll":"yes","carriage_ref":"A"},"geometry":{"type":"LineString","coordinates":[[8.4649569,47.224564],[8.4648862,47.2246948]]}},{"type":"Feature","properties":{"change:lanes:backward":"no","change:lanes:forward":"not_left|yes","highway":"trunk","int_ref":"E 41","lanes":"3","lanes:backward":"1","lanes:forward":"2","maxspeed:backward":"80","maxspeed:forward":"100","motorroad":"yes","oneway":"no","overtaking:hgv:forward":"no","ref":"A4","shoulder":"none","source:maxspeed":"sign","surface":"asphalt","toll":"yes","carriage_ref":"B"},"geometry":{"type":"LineString","coordinates":[[8.63126839365,47.67740333515],[8.63114889365,47.67733273516],[8.63102359365,47.67726163516],[8.63085389365,47.67717453517],[8.63068129365,47.67709143517],[8.63052509365,47.67702143518],[8.63036659365,47.67695623518],[8.63022009365,47.67689933519],[8.63000986726,47.67682808749]]}},{"type":"Feature","properties":{"highway":"motorway","int_ref":"E 41","maxspeed":"120","oneway":"yes","ref":"A4","toll":"yes","carriage_ref":"B"},"geometry":{"type":"LineString","coordinates":[[8.4430657,47.1446047],[8.4437155,47.1438645],[8.4443822,47.1430554],[8.4446883,47.1426536],[8.445024,47.1422266],[8.4454983,47.1415626],[8.4459476,47.1408892]]}},{"type":"Feature","properties":{"highway":"motorway","int_ref":"E 41","lanes":"2","lit":"yes","maxspeed":"100","oneway":"yes","ref":"A3;A4","source:maxspeed":"sign","toll":"yes","carriage_ref":"A"},"geometry":{"type":"LineString","coordinates":[[8.4285759,47.3469199],[8.4283336,47.3471591],[8.4281418,47.3473485]]}},{"type":"Feature","properties":{"destination:int_ref:lanes":"||E 41;E 60|E 41;E 60","destination:lanes":"Zürich-City|Zürich-City|Bern;Chur;Luzern;Flughafen;Nordring-Zürich|Bern;Chur;Luzern;Flughafen;Nordring-Zürich","destination:ref:lanes":"A1L|A1L|A1;A4|A1;A4","highway":"motorway","int_ref":"E 41;E 60","lanes":"4","lit":"yes","maxspeed":"signals","oneway":"yes","ref":"A1;A4","source:maxspeed":"signals","surface":"asphalt","toll":"yes","carriage_ref":"B"},"geometry":{"type":"LineString","coordinates":[[8.5873364,47.4087197],[8.5842372,47.4094232],[8.5819574,47.4099502],[8.5812645,47.4101048],[8.580499,47.4102977],[8.5799123,47.4104496],[8.579269,47.4106177],[8.5784648,47.4108462]]}},{"type":"Feature","properties":{"bridge":"yes","bridge:name":"Lunnerenbrücke","highway":"motorway","int_ref":"E 41","lanes":"4","layer":"1","lit":"yes","maxspeed":"100","maxspeed:variable":"obstruction","oneway":"yes","placement":"right_of:1","ref":"A3;A4","source:maxspeed":"sign","toll":"yes","turn:lanes":"|||merge_to_left","carriage_ref":"A"},"geometry":{"type":"LineString","coordinates":[[8.4279112,47.3476075],[8.4277869,47.3477265],[8.4277539,47.3477582],[8.4275026,47.3480042],[8.4272107,47.3482528],[8.4269057,47.3485001]]}},{"type":"Feature","properties":{"highway":"trunk","int_ref":"E 41","lanes":"1","layer":"-1","maxheight":"default","maxspeed":"100","motorroad":"yes","oneway":"yes","ref":"A4","source:maxspeed":"sign","surface":"asphalt","toll":"yes","tunnel":"yes","carriage_ref":"B"},"geometry":{"type":"LineString","coordinates":[[8.6829248,47.5785337],[8.682921,47.5780807]]}},{"type":"Feature","properties":{"bicycle":"no","foot":"no","highway":"trunk","int_ref":"E 41","lanes":"2","maxspeed":"100","motorroad":"yes","oneway":"yes","ref":"A4","shoulder":"none","source:maxspeed":"sign","surface":"asphalt","toll":"yes","carriage_ref":"B"},"geometry":{"type":"LineString","coordinates":[[8.627409,47.6615995],[8.6275838,47.6614237],[8.6277121,47.6612964],[8.6278435,47.6611703],[8.6279791,47.6610447],[8.6281236,47.660916],[8.6282736,47.6607879],[8.6284208,47.6606658],[8.6285763,47.6605402],[8.6287376,47.6604158],[8.6288945,47.6602987],[8.6290561,47.6601828],[8.62922,47.6600688],[8.6293883,47.6599568],[8.6295712,47.6598385],[8.6297416,47.6597326],[8.629916,47.6596283],[8.6301092,47.6595162],[8.6302867,47.6594154],[8.6304651,47.6593151],[8.6306491,47.6592138],[8.6308357,47.6591134],[8.6312121,47.6589139],[8.6316905,47.658674],[8.6321726,47.6584352],[8.6331466,47.6579681],[8.6336388,47.6577368],[8.6341215,47.657505],[8.6351209,47.6570126],[8.6356252,47.6567503],[8.6361271,47.6564864],[8.6366832,47.6561923],[8.6372336,47.6558958],[8.6375128,47.6557449],[8.6377876,47.655592],[8.6380601,47.6554384],[8.6383298,47.6552843],[8.6385988,47.6551315],[8.6388629,47.6549764],[8.6390349,47.6548737]]}},{"type":"Feature","properties":{"bridge":"yes","highway":"motorway","int_ref":"E 41","lanes":"2","layer":"1","maxspeed":"120","oneway":"yes","ref":"A4","source:maxspeed":"CH:motorway","toll":"yes","carriage_ref":"B"},"geometry":{"type":"LineString","coordinates":[[8.6032472,47.0426693],[8.6034425,47.0425841]]}},{"type":"Feature","properties":{"highway":"trunk","int_ref":"E 41","lanes":"2","maxspeed":"100","oneway":"yes","ref":"A4","toll":"yes","carriage_ref":"A"},"geometry":{"type":"LineString","coordinates":[[8.6227405,47.0005714],[8.6227242,47.0007844],[8.6227036,47.0009264],[8.6226755,47.0010604],[8.6226332,47.0012259],[8.6225641,47.0014579],[8.622516,47.0015855],[8.6224262,47.0017862]]}},{"type":"Feature","properties":{"highway":"motorway","int_ref":"E 41","lanes":"2","maxspeed":"100","oneway":"yes","ref":"A4","toll":"yes","carriage_ref":"B"},"geometry":{"type":"LineString","coordinates":[[8.5290422,47.0512138],[8.5297045,47.0511085],[8.5302191,47.0510308],[8.531278,47.0509009]]}},{"type":"Feature","properties":{"highway":"trunk","int_ref":"E 41","lanes":"1","maxspeed":"100","motorroad":"yes","oneway":"yes","ref":"A4","source:maxspeed":"sign","toll":"yes","carriage_ref":"B"},"geometry":{"type":"LineString","coordinates":[[8.69734487085,47.5280468255],[8.6979036,47.5277582],[8.6986323,47.5273351],[8.6988446,47.5272178]]}},{"type":"Feature","properties":{"bridge":"yes","change:lanes":"not_left|not_right|yes","hazmat:water":"permissive","highway":"motorway","int_ref":"E 41;E 60","lanes":"3","layer":"1","maxspeed":"100","oneway":"yes","overtaking:hgv":"no","placement":"right_of:1","ref":"A1;A4","shoulder:right":"yes","source:maxspeed":"sign","surface":"asphalt","toll":"yes","turn:lanes":"none|none|merge_to_left","carriage_ref":"B"},"geometry":{"type":"LineString","coordinates":[[8.6914321,47.514929],[8.6912227,47.5147544]]}},{"type":"Feature","properties":{"embankment":"yes","highway":"motorway","int_ref":"E 41;E 60","lanes":"2","lit":"yes","maxspeed":"100","oneway":"yes","ref":"A1;A4","source:maxspeed":"sign","surface":"asphalt","toll":"yes","carriage_ref":"B"},"geometry":{"type":"LineString","coordinates":[[8.6284881,47.4168776],[8.6280468,47.416549],[8.6276569,47.4162531],[8.6272188,47.4159453],[8.6268743,47.4157187]]}},{"type":"Feature","properties":{"bridge":"yes","highway":"motorway","int_ref":"E 41","lanes":"2","layer":"1","maxspeed":"100","oneway":"yes","ref":"A4","toll":"yes","carriage_ref":"A"},"geometry":{"type":"LineString","coordinates":[[8.5381421,47.0498872],[8.5376618,47.0499625],[8.5371657,47.0500155],[8.5366193,47.0500604],[8.5360647,47.050107],[8.5355286,47.0501721],[8.5349831,47.0502586],[8.5344341,47.0503763],[8.5339354,47.0504984],[8.5334144,47.0506264],[8.5328839,47.0507382],[8.5323541,47.0508342],[8.5318132,47.0509198],[8.531304,47.0509902]]}},{"type":"Feature","properties":{"destination:lanes":"Gotthard;Luzern|Gotthard;Luzern|Gotthard;Luzern|Cham;Aarau;Hünenberg","highway":"motorway","int_ref":"E 41","lanes":"4","maxspeed":"signals","oneway":"yes","placement":"middle_of:2","ref":"A4","shoulder:right":"yes","source:maxspeed":"signals","surface":"asphalt","toll":"yes","turn:lanes":"through|through|through|slight_right","carriage_ref":"B"},"geometry":{"type":"LineString","coordinates":[[8.4553608,47.1964071],[8.4538801,47.1953299]]}},{"type":"Feature","properties":{"avz":"319","bridge":"yes","cs_dir:forward":"1","highway":"motorway","int_ref":"E 41","layer":"1","maxspeed":"120","oneway":"yes","ref":"A4","toll":"yes","carriage_ref":"B"},"geometry":{"type":"LineString","coordinates":[[8.4459476,47.1408892],[8.4460081,47.140793]]}},{"type":"Feature","properties":{"bicycle":"no","change:lanes:backward":"no","change:lanes:forward":"no","destination:forward":"Stuttgart;Singen;Donaueschingen","foot":"no","highway":"trunk","int_ref":"E 41;E 54","lanes":"2","lit":"yes","maxspeed":"80","motorroad":"yes","oneway":"no","overtaking":"no","ref":"A4;E41;E54","source:maxspeed":"sign","toll":"yes","carriage_ref":"A"},"geometry":{"type":"LineString","coordinates":[[8.6370955,47.7054627],[8.637484,47.7059456],[8.6377584,47.706284],[8.6380339,47.70663],[8.6382951,47.7069532]]}},{"type":"Feature","properties":{"change:lanes":"not_left|not_right|not_right","highway":"motorway","int_ref":"E 41","lanes":"3","maxspeed":"120","oneway":"yes","placement":"right_of:1","ref":"A4","source:maxspeed":"CH:motorway","surface":"asphalt","toll":"yes","turn:lanes":"||merge_to_left","carriage_ref":"A"},"geometry":{"type":"LineString","coordinates":[[8.464286,47.2026302],[8.4645045,47.2027928]]}},{"type":"Feature","properties":{"highway":"motorway","int_ref":"E 41;E 60","lanes":"2","maxspeed":"100","oneway":"yes","overtaking:hgv":"no","ref":"A1;A4","source:maxspeed":"sign","surface":"asphalt","toll":"yes","carriage_ref":"A"},"geometry":{"type":"LineString","coordinates":[[8.6939183,47.4980324],[8.6932872,47.498841],[8.6930599,47.499122],[8.6928205,47.4993985],[8.6925774,47.4996735],[8.6923272,47.4999472],[8.6921321,47.5001522],[8.6919307,47.5003572],[8.6917281,47.5005582],[8.6915198,47.5007579],[8.6913073,47.5009568],[8.691089,47.5011553],[8.690866,47.501351],[8.6906407,47.5015447],[8.6904907,47.5016691],[8.6903379,47.501793],[8.6900311,47.5020413],[8.6894133,47.5025349],[8.6891042,47.5027807],[8.6889536,47.5029047],[8.6888108,47.5030361],[8.6886649,47.5031718],[8.6885343,47.5033007],[8.6883932,47.5034443],[8.6882763,47.5035667]]}},{"type":"Feature","properties":{"destination":"Adlikon","highway":"trunk","int_ref":"E 41","lanes":"2","maxspeed":"100","motorroad":"yes","oneway":"yes","ref":"A4","shoulder":"none","source:maxspeed":"sign","surface":"asphalt","toll":"yes","carriage_ref":"B"},"geometry":{"type":"LineString","coordinates":[[8.6888811,47.6044782],[8.689135,47.6041909],[8.6894485,47.603848],[8.6897592,47.6035],[8.6900912,47.6031325],[8.6902903,47.6029083]]}},{"type":"Feature","properties":{"bridge":"yes","highway":"trunk","int_ref":"E 41","lanes":"2","layer":"1","maxspeed":"100","maxweight:signed":"no","motorroad":"yes","oneway":"yes","ref":"A4","shoulder":"none","source:maxspeed":"sign","surface":"asphalt","toll":"yes","carriage_ref":"B"},"geometry":{"type":"LineString","coordinates":[[8.6908394,47.5981092],[8.6903793,47.5972031],[8.6900485,47.5965373],[8.6897531,47.5958849],[8.689664,47.5956616]]}},{"type":"Feature","properties":{"destination":"Sankt Gallen;Zürich-City;Flughafen","highway":"motorway","int_ref":"E 41;E 60","lanes":"2","lit":"no","maxspeed":"120","oneway":"yes","overtaking:hgv":"no","ref":"A1;A4","source:maxspeed":"CH:motorway","surface":"asphalt","toll":"yes","carriage_ref":"A"},"geometry":{"type":"LineString","coordinates":[[8.544579,47.4321198],[8.5451278,47.4319946],[8.5455663,47.4318747],[8.5462124,47.4316776],[8.5466218,47.4315406],[8.5470623,47.4314041],[8.547491,47.4312591],[8.5479087,47.4311124],[8.5483462,47.4309585],[8.5487636,47.4308065],[8.549187,47.4306409],[8.5495178,47.4305166]]}},{"type":"Feature","properties":{"change:lanes":"not_left|not_right|no","highway":"motorway","int_ref":"E 41;E 60","lanes":"3","lit":"yes","maxspeed":"100","oneway":"yes","ref":"A1;A4","shoulder:right":"yes","source:maxspeed":"sign","surface":"asphalt","toll":"yes","carriage_ref":"B"},"geometry":{"type":"LineString","coordinates":[[8.5677964,47.4246638],[8.5666671,47.424801]]}},{"type":"Feature","properties":{"change:lanes":"not_left|not_right|no","destination:int_ref:lanes":"E 41;E 60|E 41;E 60|","destination:lanes":"Flughafen;Zürich|Flughafen;Zürich|Rapperswil;Uster;Brüttisellen;Dietlikon","destination:ref:lanes":"A1;A4|A1;A4|A53","highway":"motorway","int_ref":"E 41;E 60","lanes":"3","lit":"no","maxspeed":"100","oneway":"yes","ref":"A1;A4","shoulder:right":"yes","source:maxspeed":"sign","surface":"asphalt","toll":"yes","turn:lanes":"none|none|slight_right","carriage_ref":"B"},"geometry":{"type":"LineString","coordinates":[[8.6334323,47.4202355],[8.632927,47.4199529],[8.6326123,47.4197611]]}},{"type":"Feature","properties":{"destination":"Verzweigung Limmattal","highway":"motorway","int_ref":"E 41","lanes":"2","lit":"yes","maxspeed":"100","oneway":"yes","ref":"A3;A4","shoulder:right":"yes","smoothness":"good","source:maxspeed":"sign","surface":"asphalt","toll":"yes","carriage_ref":"A"},"geometry":{"type":"LineString","coordinates":[[8.416472,47.3930815],[8.4174005,47.3940234],[8.4183023,47.394888],[8.4191811,47.3957693]]}},{"type":"Feature","properties":{"avz":"117","cs_dir:forward":"1","highway":"motorway","int_ref":"E 41","lanes":"3","maxspeed":"120","oneway":"yes","ref":"A4","shoulder:right":"yes","source:maxspeed":"CH:motorway","ssvz":"761N","surface":"asphalt","toll":"yes","carriage_ref":"B"},"geometry":{"type":"LineString","coordinates":[[8.4322189,47.1749755],[8.4320927,47.1743772],[8.4319936,47.1737408],[8.4319425,47.1732723],[8.4319185,47.1728073],[8.4318942,47.1724007],[8.4319046,47.1719846]]}},{"type":"Feature","properties":{"highway":"trunk","int_ref":"E 41","lanes":"2","maxspeed":"100","motorroad":"yes","oneway":"yes","ref":"A4","source:maxspeed":"sign","toll":"yes","carriage_ref":"B"},"geometry":{"type":"LineString","coordinates":[[8.6252704,47.6657993],[8.6254573,47.665107],[8.6255172,47.6649049],[8.6255818,47.6646947]]}},{"type":"Feature","properties":{"highway":"trunk","int_ref":"E 41","lanes":"1","maxspeed":"80","oneway":"yes","ref":"A4","source:maxspeed":"sign","toll":"yes","carriage_ref":"B"},"geometry":{"type":"LineString","coordinates":[[8.6223181,47.0017967],[8.6224124,47.0015718],[8.6224648,47.0014379],[8.622513,47.001286],[8.62252192884,47.0011822909]]}},{"type":"Feature","properties":{"highway":"motorway","int_ref":"E 41","lanes":"2","maxspeed":"120","oneway":"yes","ref":"A4","shoulder:right":"yes","source:maxspeed":"CH:motorway","surface":"asphalt","toll":"yes","carriage_ref":"B"},"geometry":{"type":"LineString","coordinates":[[8.4265722,47.2812548],[8.4274486,47.2800185],[8.4281131,47.2791648],[8.4286631,47.2786172],[8.4292054,47.2781302],[8.4297279,47.2777243],[8.430411,47.2772552],[8.430866,47.2769747],[8.4314598,47.2766522],[8.432336,47.2762332],[8.4331929,47.2758331],[8.433979,47.2754452],[8.4345225,47.2751661],[8.4348535,47.2749798]]}},{"type":"Feature","properties":{"destination:lanes":"Zürich;Schaffhausen-Nord;Rheinfall|Zürich;Schaffhausen-Nord;Rheinfall;Donaueschingen;Schaffhausen-Schweizersbild","destination:ref:lanes":"A4|A4","destination:symbol:lanes":"|hospital;stadium","highway":"trunk","int_ref":"E 41;E 54","lanes":"2","maxspeed":"80","motorroad":"yes","oneway":"yes","ref":"A4","shoulder":"none","source:maxspeed":"CH:rural","toll":"yes","carriage_ref":"B"},"geometry":{"type":"LineString","coordinates":[[8.6596202,47.7190125],[8.6594662,47.7190084],[8.6593113,47.7190019],[8.6591573,47.7189943],[8.6590005,47.7189806],[8.6587348,47.7189531],[8.6584425,47.718911],[8.6581432,47.7188575],[8.6578133,47.7187893],[8.6574799,47.7187004],[8.6571422,47.7185958],[8.6569202,47.718511],[8.6567034,47.718424],[8.6564942,47.7183308],[8.6563005,47.718236],[8.6561314,47.7181427],[8.6559297,47.718031],[8.6557319,47.7179023]]}},{"type":"Feature","properties":{"bicycle":"no","foot":"no","highway":"trunk","int_ref":"E 41;E 54","lanes":"2","lit":"yes","maxspeed":"80","motorroad":"yes","oneway":"yes","ref":"A4;E41;E54","shoulder":"none","source:maxspeed":"sign","surface":"asphalt","toll":"yes","carriage_ref":"B"},"geometry":{"type":"LineString","coordinates":[[8.64738785582,47.7128068434],[8.6467453,47.7126114],[8.6461716,47.7124295],[8.6458862,47.7123403],[8.6455962,47.7122523],[8.6451888,47.7121276]]}},{"type":"Feature","properties":{"highway":"motorway","int_ref":"E 41","lanes":"2","maxspeed":"120","oneway":"yes","ref":"A4","toll":"yes","carriage_ref":"B"},"geometry":{"type":"LineString","coordinates":[[8.4983357,47.0720598],[8.4988598,47.0718732],[8.4993779,47.0716671],[8.4995712,47.0715937],[8.4997606,47.0715059],[8.5001347,47.0713279],[8.5008536,47.0709499],[8.501301,47.0707119],[8.5015277,47.0705993],[8.5017698,47.0704848],[8.5021805,47.0703077],[8.5025936,47.0701452]]}},{"type":"Feature","properties":{"highway":"motorway","int_ref":"E 41;E 60","lanes":"3","lit":"no","maxspeed":"100","oneway":"yes","ref":"A1;A4","surface":"asphalt","toll":"yes","carriage_ref":"A"},"geometry":{"type":"LineString","coordinates":[[8.6327249,47.4196514],[8.6330474,47.4198461],[8.6335244,47.4201082],[8.6339118,47.4203168],[8.6342992,47.4205183],[8.6346335,47.4206834],[8.6349594,47.4208395],[8.6352975,47.420997],[8.635654,47.4211557],[8.6359167,47.4212685],[8.6361899,47.4213805],[8.6364465,47.4214868],[8.6367124,47.4215929]]}},{"type":"Feature","properties":{"highway":"motorway","int_ref":"E 41","lanes":"2","lit":"yes","maxspeed":"120","maxspeed:variable":"obstruction","oneway":"yes","ref":"A4","toll":"yes","carriage_ref":"A"},"geometry":{"type":"LineString","coordinates":[[8.4238607,47.2871382],[8.423883,47.287594],[8.4239302,47.2879683],[8.4240659,47.2885459],[8.4241579,47.288837]]}},{"type":"Feature","properties":{"destination":"Zürich;Rapperswil;Brüttisellen","highway":"motorway","int_ref":"E 41;E 60","lanes":"3","maxspeed":"120","oneway":"yes","ref":"A1;A4","shoulder:right":"yes","source:maxspeed":"CH:motorway","surface":"asphalt","toll":"yes","carriage_ref":"B"},"geometry":{"type":"LineString","coordinates":[[8.6958845,47.4453535],[8.6956739,47.4450942],[8.6955011,47.4449025],[8.6953522,47.4447521],[8.695204,47.4446046],[8.6950576,47.4444708],[8.6949115,47.4443299],[8.6946965,47.4441436],[8.69447,47.4439574],[8.6942458,47.4437733],[8.6939986,47.4435891],[8.6937526,47.4434144],[8.693499,47.4432445],[8.6932844,47.4431026],[8.6930179,47.4429433],[8.6928049,47.4428168],[8.6924992,47.4426348],[8.6921699,47.4424548],[8.6917776,47.4422494],[8.6911223,47.4419266],[8.6904908,47.4416403]]}},{"type":"Feature","properties":{"change:lanes:backward":"no","change:lanes:forward":"no","hazard":"deer","highway":"trunk","int_ref":"E 41;E 54","lanes":"2","maxspeed":"60","motorroad":"yes","oneway":"no","overtaking":"no","ref":"A4","source:maxspeed":"sign. Survey 12.2018","surface":"asphalt","toll":"no","carriage_ref":"B"},"geometry":{"type":"LineString","coordinates":[[8.68960081044,47.74267020294],[8.68961001044,47.74257260299],[8.68962901044,47.74246620304],[8.68964891044,47.74237490308],[8.68967611044,47.74228030313],[8.68970811044,47.74218760318]]}},{"type":"Feature","properties":{"change:lanes":"not_left|not_right|no","highway":"motorway","int_ref":"E 41;E 60","lanes":"3","maxspeed":"100","oneway":"yes","overtaking:hgv":"no","placement":"right_of:1","ref":"A1;A4","source:maxspeed":"sign","surface":"asphalt","toll":"yes","carriage_ref":"A"},"geometry":{"type":"LineString","coordinates":[[8.6916072,47.514855],[8.6918648,47.515086],[8.6921697,47.5153257]]}},{"type":"Feature","properties":{"change:lanes":"yes|not_right|yes","highway":"trunk","int_ref":"E 41","lanes":"3","maxspeed":"100","motorroad":"yes","oneway":"yes","placement":"right_of:1","ref":"A4","source:maxspeed":"sign","toll":"yes","turn:lanes":"none|none|merge_to_left","carriage_ref":"B"},"geometry":{"type":"LineString","coordinates":[[8.6226679,47.6705462],[8.6227287,47.6703933],[8.6227932,47.6702436],[8.6228692,47.6700969]]}},{"type":"Feature","properties":{"highway":"motorway","int_ref":"E 41","lanes":"3","maxspeed":"100","oneway":"yes","ref":"A4","surface":"asphalt","toll":"yes","turn:lanes":"none|none|slight_right","carriage_ref":"A"},"geometry":{"type":"LineString","coordinates":[[8.4405574,47.1473841],[8.4400793,47.1478834]]}},{"type":"Feature","properties":{"bridge":"yes","hazmat:water":"permissive","highway":"motorway","int_ref":"E 41;E 60","lanes":"2","layer":"1","maxspeed":"100","oneway":"yes","overtaking:hgv":"no","ref":"A1;A4","shoulder:right":"yes","source:maxspeed":"sign","surface":"asphalt","toll":"yes","carriage_ref":"B"},"geometry":{"type":"LineString","coordinates":[[8.6872004,47.5048225],[8.6872758,47.5046958],[8.6873604,47.504553],[8.6874606,47.5043932],[8.68756,47.5042441],[8.6876666,47.5040963],[8.6877701,47.5039603],[8.6878796,47.5038242],[8.6879816,47.5037038],[8.6881483,47.5035133]]}},{"type":"Feature","properties":{"destination:int_ref:lanes":"E 41|","destination:lanes":"Gotthard;Luzern;Zug|Wettswil;Hedingen;Bonstetten","destination:ref:lanes":"A4|","highway":"motorway","int_ref":"E 41","lanes":"2","lit":"yes","maxspeed":"80","maxspeed:variable":"obstruction","oneway":"yes","overtaking:hgv":"no","ref":"A4","shoulder:left":"yes","shoulder:right":"yes","source:maxspeed":"signals","surface":"asphalt","toll":"yes","turn:lanes":"through|slight_right","carriage_ref":"B"},"geometry":{"type":"LineString","coordinates":[[8.455285,47.3418196],[8.4555705,47.3417976],[8.4557152,47.3417783],[8.4559437,47.3417421],[8.4562087,47.3416748],[8.4564556,47.3415986],[8.4567289,47.3415033],[8.4569251,47.3414181],[8.4570881,47.341342],[8.4571981,47.3412792]]}},{"type":"Feature","properties":{"change:lanes":"not_left|not_right|no","destination:lanes":"Chiasso;Gotthard;Luzern;Cham|Chiasso;Gotthard;Luzern;Cham|Chur;Zug;Cham-Ost","destination:ref:lanes":"A4|A4|A4a","highway":"motorway","int_ref":"E 41","lanes":"3","maxspeed":"signals","oneway":"yes","placement":"right_of:1","ref":"A4","shoulder:right":"yes","source:maxspeed":"signals","surface":"asphalt","toll":"yes","turn:lanes":"||slight_right","carriage_ref":"B"},"geometry":{"type":"LineString","coordinates":[[8.4658113,47.203916],[8.4655226,47.2037177]]}},{"type":"Feature","properties":{"change:lanes":"not_left|not_right|no","hazmat:water":"permissive","highway":"motorway","int_ref":"E 41;E 60","lanes":"3","maxspeed":"100","oneway":"yes","overtaking:hgv":"no","placement":"right_of:1","ref":"A1;A4","shoulder:right":"yes","source:maxspeed":"sign","surface":"asphalt","toll":"yes","carriage_ref":"B"},"geometry":{"type":"LineString","coordinates":[[8.6916993,47.5151478],[8.6914321,47.514929]]}},{"type":"Feature","properties":{"destination":"Kleinandelfingen","highway":"trunk","int_ref":"E 41","lanes":"2","maxspeed":"100","motorroad":"yes","oneway":"yes","ref":"A4","shoulder":"none","source:maxspeed":"sign","surface":"asphalt","toll":"yes","carriage_ref":"B"},"geometry":{"type":"LineString","coordinates":[[8.682959,47.6201292],[8.6830784,47.6199014],[8.6832338,47.6196032],[8.6834211,47.6192303],[8.683553,47.6189637]]}},{"type":"Feature","properties":{"bridge":"yes","bridge:name":"Lunnerenbrücke","highway":"motorway","int_ref":"E 41","lanes":"2","layer":"1","lit":"yes","maxspeed":"100","oneway":"yes","ref":"A3;A4","source:maxspeed":"sign","toll":"yes","carriage_ref":"A"},"geometry":{"type":"LineString","coordinates":[[8.4281418,47.3473485],[8.4279112,47.3476075]]}},{"type":"Feature","properties":{"highway":"trunk","int_ref":"E 41","lanes":"1","maxspeed":"100","motorroad":"yes","oneway":"yes","ref":"A4","source:maxspeed":"sign","toll":"yes","carriage_ref":"A"},"geometry":{"type":"LineString","coordinates":[[8.6986889,47.5273823],[8.6979415,47.5278002],[8.6975964,47.5280079],[8.6973948,47.52810758883]]}},{"type":"Feature","properties":{"highway":"motorway","int_ref":"E 41","lanes":"2","lit":"yes","maxspeed":"80","maxspeed:variable":"obstruction","oneway":"yes","overtaking:hgv":"no","ref":"A4","shoulder":"none","source:maxspeed":"signals","surface":"asphalt","toll":"yes","carriage_ref":"B"},"geometry":{"type":"LineString","coordinates":[[8.4597876,47.3373569],[8.4598074,47.3370774],[8.4598242,47.3367716]]}},{"type":"Feature","properties":{"bridge":"yes","highway":"motorway","int_ref":"E 41;E 60","lanes":"2","layer":"1","lit":"yes","maxspeed":"signals","oneway":"yes","ref":"A1;A4","shoulder:right":"yes","source:maxspeed":"signals","surface":"asphalt","toll":"yes","carriage_ref":"B"},"geometry":{"type":"LineString","coordinates":[[8.5738476,47.4229256],[8.5737307,47.4230415]]}},{"type":"Feature","properties":{"highway":"motorway","int_ref":"E 41;E 60","lanes":"4","maxspeed":"120","oneway":"yes","placement":"middle_of:2","ref":"A1;A4","shoulder:right":"yes","source:maxspeed":"CH:motorway","surface":"asphalt","toll":"yes","turn:lanes":"|||merge_to_left","carriage_ref":"A"},"geometry":{"type":"LineString","coordinates":[[8.703582,47.4529803],[8.7038539,47.4531762],[8.7040636,47.4533278],[8.7042676,47.4534712]]}},{"type":"Feature","properties":{"highway":"motorway","int_ref":"E 41;E 60","lanes":"3","maxspeed":"120","oneway":"yes","ref":"A1;A4","source:maxspeed":"CH:motorway","surface":"asphalt","toll":"yes","carriage_ref":"A"},"geometry":{"type":"LineString","coordinates":[[8.6984852,47.448354],[8.6987866,47.4486843]]}},{"type":"Feature","properties":{"destination":"Zürich;Wülflingen","destination:int_ref":"E 41;E 60","destination:ref":"A1;A4","highway":"motorway","int_ref":"E 41","lanes":"1","lit":"yes","maxspeed":"100","oneway":"yes","ref":"A4","shoulder:right":"yes","source:maxspeed":"sign","surface":"asphalt","toll":"yes","carriage_ref":"B"},"geometry":{"type":"LineString","coordinates":[[8.7005776,47.5239622],[8.7004013,47.5238149],[8.7001043,47.5235415],[8.6997704,47.5231849],[8.6996562,47.5230615],[8.699542,47.5229277],[8.699313,47.5226622],[8.6988924,47.5221272],[8.698708,47.5219058]]}},{"type":"Feature","properties":{"highway":"motorway","int_ref":"E 41","maxspeed":"120","oneway":"yes","ref":"A4","toll":"yes","carriage_ref":"B"},"geometry":{"type":"LineString","coordinates":[[8.4460081,47.140793],[8.4465766,47.1398421],[8.4468529,47.1393678],[8.4471078,47.1388782]]}},{"type":"Feature","properties":{"change:lanes":"no|no","hazard":"deer","highway":"trunk","int_ref":"E 41;E 54","lanes":"2","maxspeed":"60","motorroad":"yes","oneway":"no","overtaking":"no","ref":"A4","source:maxspeed":"sign. Survey 12.2018","surface":"asphalt","toll":"no","carriage_ref":"B"},"geometry":{"type":"LineString","coordinates":[[8.70219071044,47.74308790274],[8.70174071044,47.74322800267],[8.70147251044,47.74331590263],[8.70120651044,47.74340560259],[8.70094681044,47.74349580254],[8.70068841044,47.7435886025],[8.70031601044,47.74372590243],[8.69993351044,47.74387170236],[8.69965991044,47.74397740231]]}},{"type":"Feature","properties":{"highway":"motorway","int_ref":"E 41","lanes":"2","maxspeed":"120","oneway":"yes","ref":"A4","toll":"yes","carriage_ref":"B"},"geometry":{"type":"LineString","coordinates":[[8.4866388,47.0784701],[8.4874547,47.0781051],[8.4878754,47.0778818],[8.4880748,47.077766],[8.4882805,47.0776326],[8.4884403,47.0775238],[8.4886048,47.0774082],[8.4887608,47.0772882],[8.4889133,47.0771695],[8.4890368,47.0770634]]}},{"type":"Feature","properties":{"change:lanes:backward":"yes|not_right|yes","change:lanes:forward":"no","highway":"trunk","int_ref":"E 41","lanes":"4","lanes:backward":"3","lanes:forward":"1","maxspeed":"80","motorroad":"yes","oneway":"no","overtaking:hgv:backward":"no","placement:backward":"middle_of:1","ref":"A4","shoulder":"none","source:maxspeed":"sign","surface":"asphalt","toll":"yes","turn:lanes:backward":"||merge_to_left","carriage_ref":"A"},"geometry":{"type":"LineString","coordinates":[[8.6332318,47.6795667],[8.6332849,47.6796855],[8.6333326,47.6798052],[8.6333779,47.6799248],[8.633417,47.680047],[8.6334539,47.680169],[8.6335237,47.6804267],[8.6335838,47.6806699]]}},{"type":"Feature","properties":{"highway":"motorway","int_ref":"E 41","lanes":"2","lit":"yes","maxspeed":"100","maxspeed:variable":"obstruction","oneway":"yes","ref":"A3;A4","shoulder:right":"yes","smoothness":"good","source:maxspeed":"signals","surface":"asphalt","toll":"yes","carriage_ref":"B"},"geometry":{"type":"LineString","coordinates":[[8.417307,47.3941428],[8.416641,47.3934654],[8.4159889,47.392803],[8.4154054,47.3920999],[8.4151455,47.3917808],[8.4149245,47.391456]]}},{"type":"Feature","properties":{"change:lanes":"not_left|yes|no","highway":"trunk","int_ref":"E 41","lanes":"3","maxspeed":"100","motorroad":"yes","oneway":"yes","placement":"right_of:1","ref":"A4","shoulder":"none","source:maxspeed":"sign","surface":"asphalt","toll":"yes","turn:lanes":"||slight_right","carriage_ref":"A"},"geometry":{"type":"LineString","coordinates":[[8.6520754,47.6445722],[8.6516704,47.6449842]]}},{"type":"Feature","properties":{"highway":"motorway","int_ref":"E 41","lanes":"3","lit":"no","maxspeed":"100","oneway":"yes","placement":"right_of:1","ref":"A3;A4","source:maxspeed":"sign","toll":"yes","turn:lanes":"||merge_to_left","carriage_ref":"A"},"geometry":{"type":"LineString","coordinates":[[8.4194494,47.3747666],[8.4193658,47.3750119],[8.4192693,47.3752889],[8.4191468,47.3755917],[8.4189279,47.3761112]]}},{"type":"Feature","properties":{"change:lanes":"|not_right|not_left","highway":"motorway","int_ref":"E 41;E 60","lanes":"3","lit":"yes","maxspeed":"120","oneway":"yes","ref":"A1;A4","shoulder:right":"yes","source:maxspeed":"CH:motorway","surface":"asphalt","toll":"yes","carriage_ref":"B"},"geometry":{"type":"LineString","coordinates":[[8.7045605,47.4789254],[8.7045911,47.4787493],[8.7046167,47.4785744],[8.7046387,47.4784082],[8.7046568,47.4782502],[8.7046873,47.477913],[8.7047072,47.4776116]]}},{"type":"Feature","properties":{"highway":"motorway","int_ref":"E 41","lanes":"3","lit":"yes","maxspeed":"100","maxspeed:variable":"obstruction","oneway":"yes","overtaking:hgv":"no","placement":"right_of:1","ref":"A4","shoulder:right":"yes","source:maxspeed":"signals","surface":"asphalt","toll":"yes","turn:lanes":"||merge_to_left","carriage_ref":"B"},"geometry":{"type":"LineString","coordinates":[[8.4596505,47.3356569],[8.459576,47.3354098],[8.459507,47.3351721],[8.4594077,47.334932]]}},{"type":"Feature","properties":{"change:lanes:backward":"no","change:lanes:forward":"not_left|yes","hazard":"deer","highway":"trunk","int_ref":"E 41;E 54","lanes":"3","lanes:backward":"1","lanes:forward":"2","maxspeed":"60","motorroad":"yes","oneway":"no","overtaking":"no","ref":"A4","source:maxspeed":"sign. Survey 12.2018","surface":"asphalt","toll":"no","turn:lanes:forward":"left|through","carriage_ref":"A"},"geometry":{"type":"LineString","coordinates":[[8.6896341,47.7426451],[8.6896331,47.7427341],[8.6896391,47.7428219],[8.6896588,47.7429553],[8.6896818,47.7430504],[8.689717,47.7431452],[8.6897708,47.7432646]]}},{"type":"Feature","properties":{"highway":"trunk","int_ref":"E 41","lanes":"1","maxspeed":"80","oneway":"yes","ref":"A4","toll":"yes","carriage_ref":"B"},"geometry":{"type":"LineString","coordinates":[[8.6218171,47.0025805],[8.6220566,47.0022356],[8.6221668,47.0020685],[8.6222721,47.0018831]]}},{"type":"Feature","properties":{"bridge":"yes","destination:lanes":"Transit;Schaffhausen-Nord;Rheinfall|Schaffhausen-Herblingen;Stetten;Dörflingen","highway":"trunk","int_ref":"E 41;E 54","lanes":"2","layer":"1","maxspeed":"80","motorroad":"yes","oneway":"yes","placement":"middle_of:1","ref":"A4","shoulder":"none","source:maxspeed":"CH:rural","surface":"asphalt","toll":"no","turn:lanes":"through|slight_right","carriage_ref":"B"},"geometry":{"type":"LineString","coordinates":[[8.6628282,47.7187601],[8.6623877,47.7187924]]}},{"type":"Feature","properties":{"bicycle":"no","change:lanes:backward":"no","change:lanes:forward":"not_left|yes","destination:backward":"Stuttgart;Schaffhausen-Nord","foot":"no","highway":"trunk","int_ref":"E 41","lanes":"3","lanes:backward":"1","lanes:forward":"2","layer":"-1","lit":"24/7","maxheight":"default","maxspeed":"80","motorroad":"yes","oneway":"no","overtaking:hgv:forward":"no","ref":"A4;E41","toll":"yes","tunnel":"yes","tunnel:name":"Cholfirsttunnel","carriage_ref":"B"},"geometry":{"type":"LineString","coordinates":[[8.62624209365,47.6912265343],[8.62645189365,47.69107543431],[8.62670909365,47.69090793432],[8.62698239365,47.69075013433],[8.62764629365,47.69043953435],[8.62803349365,47.69028723436],[8.62838299365,47.69016203436]]}},{"type":"Feature","properties":{"bridge":"viaduct","bridge:name":"Hammermühleviadukt","highway":"motorway","int_ref":"E 41;E 60","lanes":"3","layer":"2","maxspeed":"120","oneway":"yes","ref":"A1;A4","source:maxspeed":"CH:motorway","surface":"asphalt","toll":"yes","carriage_ref":"A"},"geometry":{"type":"LineString","coordinates":[[8.705447,47.4542993],[8.7056988,47.4544716],[8.7059509,47.4546635],[8.7061986,47.4548589],[8.7064333,47.4550602],[8.7066235,47.4552349],[8.7068105,47.4554134],[8.7069881,47.455593],[8.7071613,47.4557721],[8.7072856,47.4559108],[8.7074013,47.4560453],[8.707517,47.4561814],[8.7076233,47.4563181],[8.7077883,47.4565346],[8.7079373,47.4567454],[8.7080764,47.45696],[8.7081946,47.45715]]}},{"type":"Feature","properties":{"highway":"motorway","int_ref":"E 41","lanes":"2","maxspeed":"120","oneway":"yes","ref":"A4","source":"survey","source:maxspeed":"CH:motorway","surface":"asphalt","toll":"yes","carriage_ref":"A"},"geometry":{"type":"LineString","coordinates":[[8.4649309,47.2030944],[8.4657025,47.2036519],[8.4665411,47.2042702],[8.4673467,47.2048905],[8.4681542,47.2055778],[8.4685693,47.2059715],[8.4689727,47.206377]]}},{"type":"Feature","properties":{"highway":"motorway","int_ref":"E 41","lanes":"3","lit":"yes","maxspeed":"120","oneway":"yes","placement":"right_of:1","ref":"A4","shoulder:right":"yes","source:maxspeed":"CH:motorway","surface":"asphalt","toll":"yes","turn:lanes":"none|none|merge_to_left","carriage_ref":"B"},"geometry":{"type":"LineString","coordinates":[[8.4393385,47.2680594],[8.4394725,47.2676315]]}},{"type":"Feature","properties":{"highway":"motorway","int_ref":"E 41","lanes":"2","maxspeed":"120","oneway":"yes","ref":"A4","toll":"yes","carriage_ref":"A"},"geometry":{"type":"LineString","coordinates":[[8.6213116,47.0035099],[8.6211393,47.0037776],[8.6209615,47.0040917]]}},{"type":"Feature","properties":{"highway":"motorway","int_ref":"E 41;E 60","lanes":"2","lit":"yes","maxspeed":"signals","oneway":"yes","ref":"A1;A4","shoulder:right":"yes","source:maxspeed":"signals","surface":"asphalt","toll":"yes","carriage_ref":"B"},"geometry":{"type":"LineString","coordinates":[[8.5745107,47.4210408],[8.5745022,47.4212244],[8.5744894,47.4213763],[8.57448,47.4215234],[8.5744598,47.4216821],[8.5744312,47.42183],[8.5744042,47.4219472],[8.5743571,47.4221065],[8.5742906,47.4222708],[8.5742185,47.4224138],[8.5741324,47.4225626],[8.5740282,47.4227152],[8.5738476,47.4229256]]}},{"type":"Feature","properties":{"avz":"194","change:lanes":"not_left|not_right|no|not_right","cs_dir:forward":"1","highway":"motorway","int_ref":"E 41","lanes":"4","lit":"yes","maxspeed":"100","maxspeed:variable":"obstruction","oneway":"yes","placement":"right_of:1","ref":"A3;A4","shoulder":"none","source:maxspeed":"signals","ssvz":"904N","surface":"asphalt","toll":"yes","turn:lanes":"|||merge_to_left","carriage_ref":"B"},"geometry":{"type":"LineString","coordinates":[[8.4145511,47.3908188],[8.4144301,47.3905835]]}},{"type":"Feature","properties":{"highway":"motorway","int_ref":"E 41","lanes":"2","maxspeed":"120","oneway":"yes","ref":"A4","toll":"yes","carriage_ref":"A"},"geometry":{"type":"LineString","coordinates":[[8.5052152,47.0692979],[8.5047272,47.0695223],[8.504479,47.0696275],[8.5042323,47.069716],[8.5038746,47.0698415],[8.5035193,47.0699555],[8.5027659,47.0702009]]}},{"type":"Feature","properties":{"highway":"motorway","int_ref":"E 41;E 60","lanes":"2","lit":"yes","maxspeed":"100","oneway":"yes","ref":"A1;A4","source:maxspeed":"sign","surface":"asphalt","toll":"yes","carriage_ref":"A"},"geometry":{"type":"LineString","coordinates":[[8.4421118,47.4157093],[8.4422604,47.4157905]]}},{"type":"Feature","properties":{"destination:lanes":"Zürich;Rapperswil;Brüttisellen|Zürich;Rapperswil;Brüttisellen|Zürich;Rapperswil;Brüttisellen|Effretikon;Kemptthal","highway":"motorway","int_ref":"E 41;E 60","lanes":"4","maxspeed":"signals","oneway":"yes","placement":"middle_of:2","ref":"A1;A4","shoulder:right":"yes","surface":"asphalt","toll":"yes","turn:lanes":"|||slight_right","carriage_ref":"B"},"geometry":{"type":"LineString","coordinates":[[8.6971851,47.4470502],[8.6968146,47.4465634]]}},{"type":"Feature","properties":{"highway":"motorway","int_ref":"E 41","lanes":"2","lit":"yes","maxspeed":"120","oneway":"yes","ref":"A4","shoulder:right":"yes","source:maxspeed":"CH:motorway","surface":"asphalt","toll":"yes","carriage_ref":"B"},"geometry":{"type":"LineString","coordinates":[[8.4240023,47.2888574],[8.4239011,47.2885813],[8.4237609,47.287979],[8.4236847,47.2873814],[8.4236745,47.2871469]]}},{"type":"Feature","properties":{"highway":"motorway","int_ref":"E 41","lanes":"2","maxspeed":"120","oneway":"yes","ref":"A4","shoulder:right":"yes","source:maxspeed":"CH:motorway","surface":"asphalt","toll":"yes","carriage_ref":"A"},"geometry":{"type":"LineString","coordinates":[[8.4475315,47.2530339],[8.445932,47.2548609],[8.4442214,47.2568619],[8.4435218,47.2577189],[8.4432292,47.2581129],[8.4428781,47.2586418],[8.4426525,47.2590067],[8.4424535,47.2593735],[8.442062,47.2601633],[8.44188,47.260574],[8.4417278,47.2609786],[8.44144,47.2618657],[8.4412789,47.2623955],[8.4405577,47.2647278]]}},{"type":"Feature","properties":{"avz":"565","bridge":"yes","bridge:name":"Lunnerenbrücke","change:lanes":"not_left|not_right|no|no","cs_dir:forward":"1","highway":"motorway","int_ref":"E 41","lanes":"4","layer":"1","lit":"yes","maxspeed":"100","maxspeed:variable":"obstruction","oneway":"yes","overtaking:hgv":"no","placement":"right_of:1","ref":"A3;A4","shoulder:right":"yes","source:maxspeed":"signals","surface":"asphalt","toll":"yes","carriage_ref":"B"},"geometry":{"type":"LineString","coordinates":[[8.4267045,47.3482246],[8.4268601,47.3480799]]}},{"type":"Feature","properties":{"bridge":"yes","highway":"motorway","int_ref":"E 41","lanes":"2","layer":"1","maxspeed":"100","oneway":"yes","ref":"A4","toll":"yes","carriage_ref":"A"},"geometry":{"type":"LineString","coordinates":[[8.5237069,47.0533466],[8.5231083,47.0535267],[8.5226168,47.0536543],[8.5220871,47.0537728],[8.5204943,47.054085],[8.5199704,47.0542009],[8.5194753,47.0543204]]}},{"type":"Feature","properties":{"bridge":"yes","destination":"Zürich","highway":"motorway","int_ref":"E 41;E 60","lanes":"2","layer":"1","lit":"yes","maxspeed":"100","oneway":"yes","ref":"A1;A4","source:maxspeed":"sign","surface":"asphalt","toll":"yes","carriage_ref":"B"},"geometry":{"type":"LineString","coordinates":[[8.6315132,47.4190666],[8.6310947,47.4187864],[8.6307171,47.418536],[8.6301234,47.4181065],[8.6297715,47.4178495]]}},{"type":"Feature","properties":{"change:lanes:backward":"not_left|yes","change:lanes:forward":"no","highway":"trunk","int_ref":"E 41","lanes":"3","lanes:backward":"2","lanes:forward":"1","maxspeed:backward":"100","maxspeed:forward":"80","motorroad":"yes","oneway":"no","overtaking:hgv:backward":"no","ref":"A4","shoulder":"none","source:maxspeed":"sign","surface":"asphalt","toll":"yes","carriage_ref":"A"},"geometry":{"type":"LineString","coordinates":[[8.63008302884,47.67682665826],[8.6302262,47.67689248808],[8.6303727,47.676953],[8.6305312,47.6770182],[8.6306874,47.6770882],[8.63086,47.6771713],[8.6310297,47.6772584],[8.631155,47.6773295],[8.6312745,47.6774001]]}},{"type":"Feature","properties":{"bridge":"yes","highway":"trunk","int_ref":"E 41","lanes":"2","layer":"1","maxspeed":"100","maxweight:signed":"no","motorroad":"yes","oneway":"yes","ref":"A4","shoulder":"none","source:maxspeed":"sign","surface":"asphalt","toll":"yes","carriage_ref":"A"},"geometry":{"type":"LineString","coordinates":[[8.679082,47.625021],[8.6786775,47.62535]]}},{"type":"Feature","properties":{"highway":"motorway","int_ref":"E 41;E 60","lanes":"4","maxspeed":"signals","oneway":"yes","placement":"middle_of:2","ref":"A1;A4","surface":"asphalt","toll":"yes","turn:lanes":"|||merge_to_left","carriage_ref":"B"},"geometry":{"type":"LineString","coordinates":[[8.6990835,47.4492999],[8.6987867,47.4489704]]}},{"type":"Feature","properties":{"highway":"motorway","int_ref":"E 41;E 60","lanes":"3","lit":"yes","maxspeed":"100","oneway":"yes","ref":"A1;A4","surface":"asphalt","toll":"yes","carriage_ref":"A"},"geometry":{"type":"LineString","coordinates":[[8.6316471,47.4189403],[8.6317874,47.4190457],[8.6321958,47.4193185],[8.6327249,47.4196514]]}},{"type":"Feature","properties":{"bridge":"yes","bridge:name":"Reppischtalbrücke","change:lanes":"not_left|not_right|no|no","highway":"motorway","int_ref":"E 41","lanes":"4","layer":"1","lit":"yes","maxspeed":"100","maxspeed:variable":"obstruction","oneway":"yes","overtaking:hgv":"no","placement":"right_of:1","ref":"A3;A4","shoulder:right":"yes","source:maxspeed":"signals","surface":"asphalt","toll":"yes","carriage_ref":"B"},"geometry":{"type":"LineString","coordinates":[[8.4233421,47.3618555],[8.4231204,47.3612317]]}},{"type":"Feature","properties":{"highway":"motorway","int_ref":"E 41;E 60","lanes":"2","lit":"yes","maxspeed":"signals","oneway":"yes","ref":"A1;A4","shoulder:right":"yes","source:maxspeed":"signals","surface":"asphalt","toll":"yes","carriage_ref":"B"},"geometry":{"type":"LineString","coordinates":[[8.5719357,47.4240624],[8.5716466,47.4241482],[8.5714244,47.4241976],[8.5711944,47.424243],[8.5709532,47.4242807],[8.570523,47.4243369],[8.5698422,47.4244172]]}},{"type":"Feature","properties":{"destination":"Zürich;Winterthur-Töss","hazmat:water":"permissive","highway":"motorway","int_ref":"E 41;E 60","lanes":"2","maxspeed":"100","oneway":"yes","ref":"A1;A4","shoulder:right":"yes","source:maxspeed":"sign","surface":"asphalt","toll":"yes","carriage_ref":"B"},"geometry":{"type":"LineString","coordinates":[[8.6934077,47.5165565],[8.6931742,47.5163559],[8.6928651,47.5160956],[8.6925529,47.51584]]}},{"type":"Feature","properties":{"highway":"trunk","int_ref":"E 41","lanes":"2","maxspeed":"100","motorroad":"yes","oneway":"no","ref":"A4","source:maxspeed":"sign","surface":"asphalt","toll":"yes","carriage_ref":"B"},"geometry":{"type":"LineString","coordinates":[[8.69304317085,47.53319193004],[8.69311977085,47.53295732984],[8.69317237085,47.53279492969],[8.69322407085,47.53264982957],[8.69329487085,47.53246792941],[8.69340537085,47.53221492918],[8.69352247085,47.53196382896],[8.69365207085,47.53171482874],[8.69379287085,47.53147132853],[8.69386587085,47.53134952842],[8.69394317085,47.53122632831],[8.69402237085,47.5311037282],[8.69410887085,47.53098112809],[8.69419707085,47.53085402798],[8.69429297085,47.53072632787],[8.69448097085,47.53048862766],[8.69458647085,47.53036082755],[8.69469737085,47.53023262743],[8.69481267085,47.53010432732],[8.69493187085,47.52997582721],[8.69504567085,47.5298549271],[8.69516397085,47.52973512699],[8.69528237085,47.52962032689],[8.69540647085,47.52950512679],[8.69553597085,47.52938522669],[8.69567137085,47.52926572658],[8.69580907085,47.52914912648],[8.69595007085,47.52903322637],[8.69616747085,47.52885922622],[8.69639257085,47.52869122607],[8.69655867085,47.52857122597],[8.69672707085,47.52845502586],[8.69703827085,47.52825222569],[8.69734487085,47.5280468255]]}},{"type":"Feature","properties":{"change:lanes":"not_left|yes|no","highway":"trunk","int_ref":"E 41","lanes":"3","maxspeed":"100","motorroad":"yes","oneway":"yes","placement":"right_of:1","ref":"A4","shoulder:right":"yes","source:maxspeed":"sign","surface":"asphalt","toll":"yes","turn:lanes":"||slight_right","carriage_ref":"A"},"geometry":{"type":"LineString","coordinates":[[8.6915987,47.599726],[8.6916286,47.5999318]]}},{"type":"Feature","properties":{"bridge":"yes","highway":"motorway","int_ref":"E 41;E 60","lanes":"3","layer":"1","lit":"yes","maxspeed":"100","oneway":"yes","ref":"A1;A4","surface":"asphalt","toll":"yes","carriage_ref":"A"},"geometry":{"type":"LineString","coordinates":[[8.6303019,47.4180125],[8.6309024,47.4184376],[8.6312558,47.4186825],[8.6316471,47.4189403]]}},{"type":"Feature","properties":{"change:lanes":"not_left|yes|no","highway":"trunk","int_ref":"E 41","lanes":"3","maxspeed":"100","motorroad":"yes","oneway":"yes","placement":"right_of:1","ref":"A4","shoulder":"none","source:maxspeed":"sign","surface":"asphalt","toll":"yes","turn:lanes":"||slight_right","carriage_ref":"B"},"geometry":{"type":"LineString","coordinates":[[8.6491859,47.6473234],[8.6493788,47.6471446],[8.6498742,47.6466613]]}},{"type":"Feature","properties":{"highway":"motorway","int_ref":"E 41;E 60","lanes":"2","lit":"yes","maxspeed":"100","oneway":"yes","ref":"A1;A4","source:maxspeed":"sign","surface":"asphalt","toll":"yes","carriage_ref":"A"},"geometry":{"type":"LineString","coordinates":[[8.5724863,47.4237286],[8.5727774,47.4235859],[8.5729576,47.4234847],[8.5731269,47.4233703],[8.5732771,47.4232644],[8.5734965,47.4230759]]}},{"type":"Feature","properties":{"bridge":"yes","bridge:name":"Lunnerenbrücke","highway":"motorway","int_ref":"E 41","lanes":"2","layer":"1","lit":"yes","maxspeed":"100","maxspeed:variable":"obstruction","oneway":"yes","overtaking:hgv":"no","ref":"A3;A4","shoulder:right":"yes","source:maxspeed":"signals","surface":"asphalt","toll":"yes","carriage_ref":"B"},"geometry":{"type":"LineString","coordinates":[[8.4264332,47.3484783],[8.4267045,47.3482246]]}},{"type":"Feature","properties":{"bridge":"yes","highway":"motorway","int_ref":"E 41","lanes":"2","layer":"1","maxspeed":"120","oneway":"yes","ref":"A4","toll":"yes","carriage_ref":"B"},"geometry":{"type":"LineString","coordinates":[[8.4528651,47.1183222],[8.4528844,47.118276]]}},{"type":"Feature","properties":{"change:lanes":"not_left|yes|no","highway":"motorway","int_ref":"E 41","lanes":"3","lit":"yes","maxspeed":"120","oneway":"yes","placement":"right_of:1","ref":"A4","shoulder:right":"yes","source:maxspeed":"CH:motorway","surface":"asphalt","toll":"yes","turn:lanes":"none|none|slight_right","carriage_ref":"A"},"geometry":{"type":"LineString","coordinates":[[8.4397397,47.2674106],[8.4396713,47.2676254]]}},{"type":"Feature","properties":{"highway":"motorway","int_ref":"E 41","lanes":"2","maxspeed":"120","oneway":"yes","ref":"A4","toll":"yes","carriage_ref":"A"},"geometry":{"type":"LineString","coordinates":[[8.623197,47.0325704],[8.6229309,47.0331717],[8.6226478,47.0337271],[8.6224217,47.034104],[8.6221263,47.0345376],[8.6219774,47.0347231],[8.6218254,47.034898],[8.6215147,47.035247],[8.6211976,47.0355277],[8.6208686,47.0357923],[8.6202499,47.0362287],[8.6195913,47.0366183],[8.6186567,47.0371141],[8.6177015,47.0375856],[8.6166864,47.0380425],[8.6156583,47.0384722],[8.6147931,47.0388094],[8.6139047,47.0391269],[8.6130203,47.0394256],[8.61211,47.0397273],[8.6091498,47.0406478],[8.6075587,47.0411571],[8.6057095,47.0417886],[8.6050424,47.0420384],[8.6047107,47.0421689],[8.6043911,47.0422997],[8.6035645,47.0426468]]}},{"type":"Feature","properties":{"highway":"motorway","int_ref":"E 41","lanes":"4","maxspeed":"signals","oneway":"yes","placement":"middle_of:2","ref":"A4","shoulder:right":"yes","source:maxspeed":"signals","surface":"asphalt","toll":"yes","turn:lanes":"none|none|none|merge_to_left","carriage_ref":"B"},"geometry":{"type":"LineString","coordinates":[[8.4439105,47.1881485],[8.443326,47.1877272]]}},{"type":"Feature","properties":{"highway":"motorway","int_ref":"E 41","lanes":"2","layer":"-1","lit":"yes","maxspeed":"120","oneway":"yes","ref":"A4","source:maxspeed":"CH:motorway","toll":"yes","tunnel":"yes","tunnel:alt_name":"Ruetelitunnel","tunnel:name":"Rütelitunnel","carriage_ref":"A"},"geometry":{"type":"LineString","coordinates":[[8.4554843,47.240421],[8.4548324,47.2421601],[8.4541108,47.2438869]]}},{"type":"Feature","properties":{"highway":"motorway","int_ref":"E 41","lanes":"2","maxspeed":"120","oneway":"yes","ref":"A4","shoulder:right":"yes","source:maxspeed":"CH:motorway","surface":"asphalt","toll":"yes","carriage_ref":"B"},"geometry":{"type":"LineString","coordinates":[[8.4568979,47.2361616],[8.4579177,47.2334382],[8.4581463,47.2328341],[8.4584048,47.2322447],[8.4586533,47.2317625],[8.4590171,47.2311785],[8.4593185,47.2307551],[8.4595612,47.2304646],[8.4598099,47.2301739],[8.4598781,47.2300862]]}},{"type":"Feature","properties":{"destination:lanes":"Zürich;Schaffhausen-Nord;Rheinfall|Zürich;Schaffhausen-Nord;Rheinfall;Donaueschingen;Schaffhausen-Schweizersbild","highway":"trunk","int_ref":"E 41;E 54","lanes":"2","maxspeed":"80","motorroad":"yes","oneway":"yes","ref":"A4","source:maxspeed":"CH:rural","toll":"yes","carriage_ref":"B"},"geometry":{"type":"LineString","coordinates":[[8.6553634,47.7176457],[8.6551638,47.7175011]]}},{"type":"Feature","properties":{"bridge":"yes","highway":"motorway","int_ref":"E 41;E 60","lanes":"2","layer":"1","lit":"yes","maxspeed":"100","oneway":"yes","ref":"A1;A4","source:maxspeed":"sign","surface":"asphalt","toll":"yes","carriage_ref":"A"},"geometry":{"type":"LineString","coordinates":[[8.5734965,47.4230759],[8.5736219,47.4229589]]}},{"type":"Feature","properties":{"highway":"trunk","int_ref":"E 41","lanes":"2","maxspeed":"100","motorroad":"yes","oneway":"no","ref":"A4","source:maxspeed":"sign","surface":"asphalt","toll":"yes","carriage_ref":"A"},"geometry":{"type":"LineString","coordinates":[[8.6895087,47.5565348],[8.6899915,47.5570041],[8.6902115,47.5572347],[8.6904241,47.5574659],[8.6906064,47.5576755],[8.690707,47.5577938],[8.6907998,47.5579129],[8.6909271,47.5580788],[8.6910646,47.5582848],[8.6911959,47.558494],[8.6912699,47.5586237],[8.6913364,47.5587518],[8.6914007,47.5588842],[8.6914596,47.5590165],[8.6915172,47.5591615],[8.6915657,47.5593036],[8.6916512,47.5595966],[8.6916947,47.5597833],[8.6917258,47.5599724],[8.6917478,47.5601582],[8.6917604,47.5603413],[8.691765,47.5605221],[8.6917566,47.5607535],[8.691738,47.5609723],[8.6917205,47.5610907],[8.6917031,47.5612029],[8.69166749325,47.56142846019]]}},{"type":"Feature","properties":{"highway":"motorway","int_ref":"E 41","lanes":"2","maxspeed":"100","oneway":"yes","ref":"A4","shoulder:right":"yes","source:maxspeed":"signals","surface":"asphalt","toll":"yes","carriage_ref":"B"},"geometry":{"type":"LineString","coordinates":[[8.460634,47.2001744],[8.4575307,47.1979507],[8.4571049,47.1976739]]}},{"type":"Feature","properties":{"bridge":"yes","change:lanes:backward":"not_left|yes","change:lanes:forward":"no","highway":"trunk","int_ref":"E 41;E 54","lanes":"3","lanes:backward":"2","lanes:forward":"1","layer":"1","lit":"yes","maxspeed:backward":"80","maxspeed:forward":"60","motorroad":"yes","oneway":"no","overtaking:hgv:backward":"no","ref":"A4","surface":"asphalt","toll":"yes","carriage_ref":"A"},"geometry":{"type":"LineString","coordinates":[[8.6252043,47.6929961],[8.625204,47.6931323]]}},{"type":"Feature","properties":{"highway":"trunk","int_ref":"E 41","lanes":"2","maxspeed":"100","motorroad":"yes","oneway":"yes","placement":"middle_of:1","ref":"A4","shoulder:right":"yes","source:maxspeed":"sign","surface":"asphalt","toll":"yes","turn:lanes:forward":"|merge_to_left","carriage_ref":"A"},"geometry":{"type":"LineString","coordinates":[[8.6832705,47.57623],[8.6832241,47.5763622],[8.6831788,47.5765061],[8.6831339,47.576655],[8.6830986,47.5768064],[8.6830671,47.5769576],[8.6830423,47.5771047],[8.6830184,47.5772624],[8.6830001,47.5774176],[8.682987,47.5775784]]}},{"type":"Feature","properties":{"highway":"motorway","int_ref":"E 41","lanes":"2","layer":"-2","lit":"yes","maxspeed":"100","maxspeed:variable":"obstruction","oneway":"yes","overtaking:hgv":"no","ref":"A3;A4","shoulder:right":"yes","source:maxspeed":"signals","surface":"asphalt","toll":"yes","tunnel":"yes","tunnel:name":"Eggraintunnel","carriage_ref":"B"},"geometry":{"type":"LineString","coordinates":[[8.4234925,47.3670712],[8.4237113,47.3666611],[8.4238994,47.3662211],[8.4240322,47.3657776],[8.4240844,47.3654838],[8.4241292,47.3651718],[8.4241544,47.3648572],[8.4241502,47.3645429],[8.424114,47.3641843],[8.4240529,47.3638237],[8.4239538,47.3634661],[8.4238335,47.363107],[8.4235939,47.3624471]]}},{"type":"Feature","properties":{"avz":"287","cs_dir:forward":"1","highway":"motorway","int_ref":"E 41;E 60","lanes":"2","lit":"yes","maxspeed":"100","oneway":"yes","ref":"A1;A4","surface":"asphalt","toll":"yes","carriage_ref":"A"},"geometry":{"type":"LineString","coordinates":[[8.4830543,47.4239594],[8.4840295,47.4243435],[8.4842649,47.4244293],[8.4845366,47.424531],[8.4848978,47.4246549],[8.4851298,47.4247316],[8.4853344,47.4247973],[8.4855686,47.4248721],[8.4858063,47.4249502]]}},{"type":"Feature","properties":{"bridge":"viaduct","highway":"motorway","int_ref":"E 41","lanes":"2","layer":"1","maxspeed":"120","oneway":"yes","ref":"A4","toll":"yes","carriage_ref":"B"},"geometry":{"type":"LineString","coordinates":[[8.5051299,47.0692211],[8.5053892,47.0690964],[8.5056077,47.0689818],[8.5058129,47.0688572],[8.5062223,47.0685744],[8.506372,47.0684521],[8.5065638,47.0682916]]}},{"type":"Feature","properties":{"highway":"motorway","int_ref":"E 41;E 60","lanes":"3","lit":"yes","maxspeed":"120","oneway":"yes","ref":"A1;A4","shoulder:right":"yes","source:maxspeed":"CH:motorway","surface":"asphalt","toll":"yes","carriage_ref":"B"},"geometry":{"type":"LineString","coordinates":[[8.7047072,47.4776116],[8.7047255,47.4773138],[8.704736,47.4770156],[8.704743,47.4764084],[8.7047433,47.4750621],[8.7047474,47.4747258]]}},{"type":"Feature","properties":{"destination:lanes":"Stuttgart;Singen;Thayngen|Schaffhausen-Herblingen;Stetten;Dörflingen","highway":"trunk","int_ref":"E 41;E 54","lanes":"2","motorroad":"yes","oneway":"yes","ref":"A4","toll":"yes","turn:lanes:forward":"through|slight_right","carriage_ref":"A"},"geometry":{"type":"LineString","coordinates":[[8.6558743,47.7178957],[8.6560249,47.7179821],[8.6561948,47.7180778],[8.6563791,47.7181804],[8.6565718,47.7182726],[8.6567646,47.7183559],[8.6569793,47.7184429],[8.6572281,47.7185307],[8.6573899,47.718586],[8.6575497,47.7186359],[8.6577186,47.7186803],[8.6578716,47.7187167],[8.6580189,47.7187468],[8.6581676,47.7187787],[8.6583133,47.7188073],[8.6584552,47.7188322],[8.6587465,47.7188736],[8.6590174,47.7189015]]}},{"type":"Feature","properties":{"highway":"motorway","int_ref":"E 41","lanes":"3","lit":"yes","maxspeed":"80","oneway":"yes","overtaking:hgv":"no","placement":"right_of:2","ref":"A4","shoulder:right":"yes","source:maxspeed":"signals","surface":"asphalt","toll":"yes","turn:lanes":"merge_to_right||","carriage_ref":"B"},"geometry":{"type":"LineString","coordinates":[[8.4593198,47.3388174],[8.4594364,47.3385482],[8.4595475,47.3383258],[8.4596384,47.3380602],[8.4597217,47.3377578],[8.4597639,47.3375607],[8.4597876,47.3373569]]}},{"type":"Feature","properties":{"highway":"trunk","int_ref":"E 41;E 54","lanes":"1","maxspeed":"80","motorroad":"yes","oneway":"yes","ref":"A4","source:maxspeed":"sign","toll":"no","carriage_ref":"A"},"geometry":{"type":"LineString","coordinates":[[8.6628216,47.7186913],[8.6630246,47.7186855],[8.6632226,47.7186798],[8.6634363,47.7186767],[8.6636307,47.7186797],[8.6637842,47.7186822],[8.66391,47.7186895],[8.6640511,47.718699],[8.6641899,47.7187121],[8.6643843,47.7187366],[8.6645751,47.7187673],[8.6649463,47.7188568]]}},{"type":"Feature","properties":{"bridge":"yes","highway":"motorway","int_ref":"E 41","lanes":"2","layer":"1","maxspeed":"100","oneway":"yes","ref":"A4","source:maxspeed":"sign","surface":"asphalt","toll":"yes","carriage_ref":"A"},"geometry":{"type":"LineString","coordinates":[[8.4608529,47.2001597],[8.4610159,47.2002866]]}},{"type":"Feature","properties":{"highway":"motorway","int_ref":"E 41","lanes":"2","layer":"-1","lit":"yes","maxheight":"default","maxspeed":"100","oneway":"yes","ref":"A3;A4","source:maxspeed":"sign","toll":"yes","tunnel":"yes","tunnel:name":"Honerettunnel","carriage_ref":"A"},"geometry":{"type":"LineString","coordinates":[[8.4143422,47.3863097],[8.4141862,47.3868435],[8.414098,47.3873743],[8.4140439,47.388007],[8.4140732,47.388623],[8.4141683,47.38921],[8.4142778,47.3896732],[8.4144562,47.3901907]]}},{"type":"Feature","properties":{"highway":"motorway","int_ref":"E 41","lanes":"2","layer":"-1","maxspeed":"100","oneway":"yes","ref":"A4","toll":"yes","tunnel":"yes","tunnel:name":"Engibergtunnel","carriage_ref":"B"},"geometry":{"type":"LineString","coordinates":[[8.5231855,47.0532882],[8.5236683,47.0531496],[8.524153,47.0529858],[8.524628,47.0528101],[8.525097,47.052625],[8.5262821,47.0521082],[8.526426,47.0520454]]}},{"type":"Feature","properties":{"highway":"motorway","int_ref":"E 41;E 60","lanes":"3","maxspeed":"120","oneway":"yes","ref":"A1;A4","source:maxspeed":"CH:motorway","surface":"asphalt","toll":"yes","carriage_ref":"A"},"geometry":{"type":"LineString","coordinates":[[8.6524727,47.4235062],[8.6527135,47.4234781],[8.652957,47.4234478],[8.6534507,47.4233867],[8.6539509,47.4233198],[8.6544421,47.4232493],[8.6551449,47.4231429],[8.6559628,47.4230071],[8.6574392,47.4227655],[8.658675,47.4225705],[8.6592998,47.4224755],[8.6599236,47.422389],[8.6604774,47.4223172],[8.6610297,47.4222497],[8.6615208,47.4221959],[8.662031,47.4221505],[8.6625772,47.4221042],[8.6631242,47.4220687],[8.6635589,47.42205],[8.6639651,47.4220404],[8.6642842,47.4220365],[8.6646076,47.422033],[8.6650552,47.4220421],[8.6654991,47.4220638]]}},{"type":"Feature","properties":{"avz":"240","cs_dir:forward":"2","destination:int_ref:lanes":"E 41;E 60|E 41;E 60|","destination:lanes":"Bern;Basel;Chur;Luzern;Zürich-Affoltern|Bern;Basel;Chur;Luzern;Zürich-Affoltern|Zürich-Seebach;Glattbrugg;Rümlang","destination:ref:lanes":"A1;A4|A1;A4|","highway":"motorway","int_ref":"E 41;E 60","lanes":"3","layer":"-1","lit":"yes","maxspeed":"100","oneway":"yes","ref":"A1;A4","source:maxspeed":"sign","ssvz":"866N","surface":"asphalt","toll":"yes","tunnel":"yes","tunnel:name":"Stelzentunnel","carriage_ref":"B"},"geometry":{"type":"LineString","coordinates":[[8.563426,47.4252444],[8.5622451,47.4254743],[8.5616541,47.4256013],[8.561095,47.4257429],[8.5605356,47.4258916],[8.5599842,47.4260515],[8.5593688,47.4262464],[8.5587571,47.4264514]]}},{"type":"Feature","properties":{"change:lanes:backward":"no","change:lanes:forward":"not_left|yes","highway":"trunk","int_ref":"E 41","lanes":"3","lanes:backward":"1","lanes:forward":"2","lit":"yes","maxspeed":"80","motorroad":"yes","oneway":"no","overtaking:hgv:forward":"no","ref":"A4;E41","shoulder":"none","source:maxspeed":"sign","surface":"asphalt","toll":"yes","carriage_ref":"B"},"geometry":{"type":"LineString","coordinates":[[8.63379179365,47.68216973486],[8.63373459365,47.68168973489],[8.63369519365,47.68138873491],[8.63363619365,47.68098593493],[8.63357769365,47.68067313495]]}},{"type":"Feature","properties":{"highway":"motorway","int_ref":"E 41;E 60","lanes":"3","maxspeed":"120","oneway":"yes","ref":"A1;A4","shoulder:right":"yes","source:maxspeed":"CH:motorway","surface":"asphalt","toll":"yes","carriage_ref":"A"},"geometry":{"type":"LineString","coordinates":[[8.7042676,47.4534712],[8.7045549,47.4536772],[8.7047655,47.4538183],[8.7050492,47.4540121],[8.705447,47.4542993]]}},{"type":"Feature","properties":{"bridge":"yes","highway":"motorway","int_ref":"E 41;E 60","lanes":"2","layer":"1","lit":"yes","maxspeed":"signals","oneway":"yes","ref":"A1;A4","shoulder:right":"yes","source:maxspeed":"signals","surface":"asphalt","toll":"yes","carriage_ref":"B"},"geometry":{"type":"LineString","coordinates":[[8.5750942,47.4129183],[8.5750276,47.4130661],[8.574971,47.4132152],[8.5748973,47.4134125]]}},{"type":"Feature","properties":{"destination:int_ref":"E 41;E 60","destination:lanes":"Sankt Gallen;Flughafen;Nordring Zürich","destination:ref":"A1;A4","destination:symbol":"airport","highway":"motorway","int_ref":"E 41","lanes":"1","lit":"yes","maxspeed":"80","oneway":"yes","ref":"A4","source:maxspeed":"sign","surface":"asphalt","toll":"yes","carriage_ref":"A"},"geometry":{"type":"LineString","coordinates":[[8.4268189,47.4098012],[8.4269603,47.4098996],[8.4271335,47.4099852],[8.427325,47.4100792],[8.4275145,47.4101735],[8.4277271,47.4102694],[8.4279734,47.4103651],[8.4282105,47.4104657],[8.4284458,47.4105553],[8.428678,47.4106427],[8.4292397,47.4108541],[8.4294612,47.4109364],[8.4296394,47.4110068],[8.4298935,47.4111094]]}},{"type":"Feature","properties":{"change:lanes:backward":"no|yes","change:lanes:forward":"no","destination:forward":"Sankt Gallen;Zürich;Winterthur","highway":"trunk","int_ref":"E 41","lanes":"3","lanes:backward":"2","maxspeed":"100","motorroad":"yes","oneway":"no","overtaking":"no","placement:backward":"left_of:1","ref":"A4","shoulder:left":"yes","shoulder:right":"yes","source:maxspeed":"sign","toll":"yes","turn:lanes:backward":"|merge_to_left","carriage_ref":"B"},"geometry":{"type":"LineString","coordinates":[[8.68375904512,47.58356074587],[8.68369084512,47.58343764584],[8.68362504512,47.58331654581],[8.68351354512,47.58310204576],[8.68341914512,47.58291154571],[8.68333364512,47.58271374567],[8.68324614512,47.58247684561]]}},{"type":"Feature","properties":{"highway":"motorway","int_ref":"E 41","lanes":"2","layer":"1","maxspeed":"120","oneway":"yes","ref":"A4","toll":"yes","carriage_ref":"B"},"geometry":{"type":"LineString","coordinates":[[8.5033365,47.0698968],[8.5037577,47.0697753],[8.5039688,47.0697087],[8.5041797,47.0696334],[8.5043773,47.0695543],[8.5045817,47.0694699],[8.5051299,47.0692211]]}},{"type":"Feature","properties":{"bridge":"yes","highway":"motorway","int_ref":"E 41","lanes":"2","layer":"1","maxspeed":"120","oneway":"yes","ref":"A4","toll":"yes","carriage_ref":"B"},"geometry":{"type":"LineString","coordinates":[[8.4702827,47.0871507],[8.4703941,47.0870882]]}},{"type":"Feature","properties":{"highway":"motorway","int_ref":"E 41","lanes":"2","oneway":"yes","ref":"A4","toll":"yes","carriage_ref":"A"},"geometry":{"type":"LineString","coordinates":[[8.6251636,47.0125238],[8.6254888,47.0131263],[8.6257031,47.0136494],[8.6258501,47.0141046],[8.6259545,47.0145642]]}},{"type":"Feature","properties":{"highway":"motorway","int_ref":"E 41;E 60","lanes":"2","lit":"yes","maxspeed":"120","oneway":"yes","ref":"A1;A4","shoulder:right":"yes","source:maxspeed":"CH:motorway","surface":"asphalt","toll":"yes","carriage_ref":"B"},"geometry":{"type":"LineString","coordinates":[[8.7037264,47.4820979],[8.704063,47.4809934],[8.7041454,47.480717],[8.7042236,47.4804401],[8.7042651,47.4803033],[8.7043038,47.4801644],[8.7043776,47.4798859],[8.7044622,47.4795404],[8.7045354,47.4791929],[8.7045605,47.4789254]]}}],"ref":"A4","generator":"Quandopasso Path Importer","created":"2021-01-04T14:39:57.559Z","format":"1.0.0"}