{"type":"FeatureCollection","features":[{"type":"Feature","properties":{"bridge":"yes","highway":"motorway","int_ref":"E 27","lanes":"2","layer":"1","lit":"no","maxspeed":"120","oneway":"yes","ref":"A12","toll":"yes","carriage_ref":"B"},"geometry":{"type":"LineString","coordinates":[[7.0858037,46.7271836],[7.0858511,46.7274218],[7.0859046,46.7276588],[7.0859714,46.7279181],[7.0860429,46.7281767],[7.0861287,46.7284561],[7.0863038,46.7289871],[7.0864831,46.7294996],[7.0866661,46.7300089]]}},{"type":"Feature","properties":{"bridge":"yes","highway":"motorway","int_ref":"E 27","lanes":"2","layer":"1","maxspeed":"120","oneway":"yes","ref":"A12","toll":"yes","carriage_ref":"A"},"geometry":{"type":"LineString","coordinates":[[7.3450082,46.8902889],[7.3439553,46.8899278]]}},{"type":"Feature","properties":{"highway":"motorway","int_ref":"E 27","lanes":"2","lit":"no","maxspeed":"120","oneway":"yes","ref":"A12","surface":"asphalt","toll":"yes","carriage_ref":"A"},"geometry":{"type":"LineString","coordinates":[[7.1452703,46.8240977],[7.144742,46.8238986],[7.1439095,46.8235831],[7.1430697,46.8232666],[7.1426562,46.8231083],[7.1422439,46.8229471],[7.142038,46.8228642],[7.1418353,46.8227801],[7.1416333,46.8226934],[7.141433,46.8226043],[7.1412409,46.8225147],[7.1410509,46.8224231],[7.1408595,46.8223261],[7.1406728,46.8222257],[7.140485,46.8221199],[7.140312,46.8220183],[7.1401456,46.8219129],[7.1399573,46.8217889]]}},{"type":"Feature","properties":{"highway":"motorway","int_ref":"E 27","lanes":"2","lit":"yes","maxspeed":"120","oneway":"yes","ref":"A12","toll":"yes","carriage_ref":"A"},"geometry":{"type":"LineString","coordinates":[[7.0216745,46.6221695],[7.0209471,46.6221057],[7.0204078,46.622062],[7.0195573,46.6220121]]}},{"type":"Feature","properties":{"bridge":"yes","highway":"motorway","int_ref":"E 27","lanes":"2","layer":"1","lit":"no","maxspeed":"120","oneway":"yes","ref":"A12","toll":"yes","carriage_ref":"A"},"geometry":{"type":"LineString","coordinates":[[7.0751078,46.6698588],[7.0728222,46.663526]]}},{"type":"Feature","properties":{"bridge":"yes","highway":"motorway","int_ref":"E 27","lanes":"2","layer":"1","lit":"no","maxspeed":"120","oneway":"yes","ref":"A12","toll":"yes","carriage_ref":"A"},"geometry":{"type":"LineString","coordinates":[[7.0485692,46.6366925],[7.0480263,46.6360103]]}},{"type":"Feature","properties":{"bridge":"yes","highway":"motorway","int_ref":"E 27","lanes":"2","layer":"1","maxspeed":"120","oneway":"yes","ref":"A12","toll":"yes","carriage_ref":"A"},"geometry":{"type":"LineString","coordinates":[[6.8909796,46.4927639],[6.8909411,46.4925826],[6.8908959,46.4924224],[6.8907881,46.492051],[6.8906474,46.4917096]]}},{"type":"Feature","properties":{"bridge":"yes","highway":"motorway","int_ref":"E 27","lanes":"2","layer":"2","maxspeed":"80","oneway":"yes","ref":"A12","surface":"asphalt","toll":"yes","carriage_ref":"B"},"geometry":{"type":"LineString","coordinates":[[7.4065537,46.9413723],[7.4065917,46.9414745],[7.4066436,46.9416299],[7.4066869,46.94179],[7.4067198,46.9419552],[7.4067456,46.9421205],[7.4067636,46.9422767],[7.4067773,46.942446],[7.4067888,46.9426908],[7.406789,46.9429977],[7.4067815,46.9436031],[7.4067705,46.9442273],[7.406761,46.9449271]]}},{"type":"Feature","properties":{"bridge":"yes","highway":"motorway","int_ref":"E 27","lanes":"2","layer":"1","lit":"no","maxspeed":"120","oneway":"yes","ref":"A12","toll":"yes","carriage_ref":"A"},"geometry":{"type":"LineString","coordinates":[[7.0865422,46.7300291],[7.0863588,46.7295193],[7.0861771,46.7290028],[7.0860043,46.7284757],[7.085917,46.7281879],[7.0858449,46.7279292],[7.085778,46.7276702],[7.085724,46.7274328],[7.0856787,46.7271951]]}},{"type":"Feature","properties":{"bridge":"yes","highway":"motorway","int_ref":"E 27","lanes":"2","layer":"2","maxspeed":"80","oneway":"yes","ref":"A12","surface":"asphalt","toll":"yes","carriage_ref":"B"},"geometry":{"type":"LineString","coordinates":[[7.4067325,46.9467647],[7.4067121,46.9480958]]}},{"type":"Feature","properties":{"bridge":"yes","highway":"motorway","int_ref":"E 27","lanes":"2","layer":"1","lit":"no","maxspeed":"120","oneway":"yes","ref":"A12","toll":"yes","carriage_ref":"A"},"geometry":{"type":"LineString","coordinates":[[7.1038802,46.7920991],[7.1027603,46.7913703]]}},{"type":"Feature","properties":{"destination":"Fribourg-Nord","highway":"motorway","int_ref":"E 27","lanes":"2","maxspeed":"120","oneway":"yes","ref":"A12","toll":"yes","carriage_ref":"A"},"geometry":{"type":"LineString","coordinates":[[7.1939279,46.8563974],[7.1935153,46.8562079],[7.1931009,46.8560197],[7.1927133,46.8558468],[7.1923234,46.8556766],[7.1919159,46.8555028],[7.1915117,46.8553338],[7.1911063,46.8551676],[7.1902982,46.8548441]]}},{"type":"Feature","properties":{"highway":"motorway","int_ref":"E 27","lanes":"2","layer":"-1","maxspeed":"120","oneway":"yes","ref":"A12","toll":"yes","tunnel":"yes","carriage_ref":"B"},"geometry":{"type":"LineString","coordinates":[[7.3505283,46.8942195],[7.3510648,46.89523]]}},{"type":"Feature","properties":{"destination":"Düdingen","highway":"motorway","int_ref":"E 27","lanes":"2","lit":"no","maxspeed":"120","oneway":"yes","ref":"A12","surface":"asphalt","toll":"yes","carriage_ref":"B"},"geometry":{"type":"LineString","coordinates":[[7.1452503,46.8239916],[7.1460288,46.8242898],[7.1462345,46.8243709],[7.1464385,46.824454],[7.1466402,46.8245379],[7.1468411,46.824624],[7.1470406,46.8247126],[7.1472358,46.824802],[7.1474258,46.8248937],[7.1476152,46.8249886],[7.1477959,46.8250826],[7.1479817,46.8251833],[7.1481622,46.8252851]]}},{"type":"Feature","properties":{"highway":"motorway","int_ref":"E 27","lanes":"2","lit":"no","maxspeed":"120","oneway":"yes","ref":"A12","surface":"asphalt","toll":"yes","carriage_ref":"B"},"geometry":{"type":"LineString","coordinates":[[7.1312598,46.8051981],[7.1314163,46.8052928],[7.1325036,46.8059621],[7.135473,46.8077931],[7.1358173,46.8080147],[7.1359857,46.8081265],[7.1361499,46.8082398],[7.1363099,46.8083521],[7.1364665,46.808466],[7.1366271,46.8085897],[7.1367832,46.8087146],[7.1369341,46.8088417],[7.1370804,46.8089715],[7.1372197,46.809105],[7.1373532,46.8092402],[7.1374809,46.8093792],[7.1376014,46.8095191],[7.1377193,46.8096632],[7.1378267,46.8098084],[7.1379298,46.8099559],[7.1380254,46.8101046],[7.1381157,46.8102573],[7.1381995,46.8104119],[7.1382741,46.8105643],[7.1383421,46.810718],[7.1384036,46.8108733],[7.1384587,46.8110295],[7.1385102,46.8111967],[7.1385494,46.8113512],[7.1385828,46.811506],[7.1386103,46.811666],[7.1386316,46.8118255],[7.1386443,46.8119869],[7.1386511,46.8121476],[7.1386506,46.8122701],[7.1386483,46.8123923],[7.1386358,46.812556],[7.1386189,46.81272],[7.1385945,46.8128851],[7.1385682,46.8130511],[7.1385298,46.8132123],[7.1384883,46.8133734],[7.1383912,46.8136928],[7.1382814,46.8140095],[7.1381002,46.8144799],[7.137914,46.8149488],[7.137792,46.8152603],[7.1376779,46.815572],[7.137587,46.8158422],[7.1375459,46.8159781],[7.1375084,46.8161146],[7.1374692,46.8162749],[7.1374341,46.8164358],[7.1374046,46.8165973],[7.1373815,46.8167592],[7.1373652,46.8169212],[7.1373548,46.8170842],[7.13735,46.8172461],[7.1373508,46.8174089],[7.1373593,46.8175709],[7.1373723,46.8177329],[7.1373937,46.8178949],[7.1374193,46.8180567],[7.1374506,46.8182158],[7.1374886,46.8183745],[7.1375322,46.8185327],[7.1375827,46.8186912],[7.1376375,46.8188461],[7.1376978,46.8190003],[7.1377612,46.8191476],[7.1378307,46.8192924]]}},{"type":"Feature","properties":{"highway":"motorway","int_ref":"E 27","lanes":"2","maxspeed":"100","oneway":"yes","ref":"A12","toll":"yes","carriage_ref":"A"},"geometry":{"type":"LineString","coordinates":[[6.8880773,46.4882855],[6.88767,46.4877897],[6.8872768,46.4872633],[6.8869659,46.4868328]]}},{"type":"Feature","properties":{"bridge":"yes","highway":"motorway","int_ref":"E 27","lanes":"2","layer":"1","maxspeed":"120","oneway":"yes","ref":"A12","toll":"yes","carriage_ref":"A"},"geometry":{"type":"LineString","coordinates":[[7.1541612,46.8328367],[7.1526983,46.8305184]]}},{"type":"Feature","properties":{"bridge":"yes","highway":"motorway","int_ref":"E 27","lanes":"2","layer":"1","lit":"no","maxspeed":"120","oneway":"yes","ref":"A12","toll":"yes","carriage_ref":"A"},"geometry":{"type":"LineString","coordinates":[[7.1042945,46.7924189],[7.1040223,46.7922055]]}},{"type":"Feature","properties":{"bridge":"yes","highway":"motorway","int_ref":"E 27","lanes":"2","layer":"1","maxspeed":"120","oneway":"yes","ref":"A12","toll":"yes","carriage_ref":"B"},"geometry":{"type":"LineString","coordinates":[[6.9113402,46.5284027],[6.9113298,46.5289503],[6.9113392,46.5294024],[6.9113728,46.5298781],[6.9114112,46.5303222],[6.9114748,46.530687],[6.9115475,46.5309971]]}},{"type":"Feature","properties":{"highway":"motorway","int_ref":"E 27","lanes":"2","maxspeed":"120","oneway":"yes","ref":"A12","toll":"yes","carriage_ref":"B"},"geometry":{"type":"LineString","coordinates":[[6.9929113,46.6181567],[6.9951546,46.6185524],[6.9970829,46.6189172],[6.9990493,46.6193034]]}},{"type":"Feature","properties":{"highway":"motorway","int_ref":"E 27","lanes":"2","lit":"no","maxspeed":"120","oneway":"yes","ref":"A12","surface":"asphalt","toll":"yes","carriage_ref":"A"},"geometry":{"type":"LineString","coordinates":[[7.1526983,46.8305184],[7.1516369,46.8288365],[7.1514438,46.8285344],[7.151247,46.8282337],[7.1510463,46.8279474],[7.1508666,46.8277054],[7.1507141,46.8275199],[7.1505954,46.8273797],[7.1504723,46.82724],[7.150346,46.827107],[7.150216,46.8269751],[7.1500815,46.8268404],[7.1499433,46.8267108],[7.1498004,46.8265809],[7.1496549,46.8264533],[7.1495048,46.8263283],[7.1493492,46.8262045],[7.1491931,46.8260846],[7.1490316,46.8259657],[7.1488656,46.8258495],[7.1486971,46.8257335],[7.1485262,46.8256218],[7.1483493,46.8255116],[7.1480853,46.8253583]]}},{"type":"Feature","properties":{"destination":"Châtel-St-Denis","highway":"motorway","int_ref":"E 27","lanes":"2","maxspeed":"120","oneway":"yes","ref":"A12","toll":"yes","carriage_ref":"A"},"geometry":{"type":"LineString","coordinates":[[6.9805458,46.616246],[6.978149,46.6158596],[6.9751197,46.6153714]]}},{"type":"Feature","properties":{"bridge":"yes","highway":"motorway","int_ref":"E 27","lanes":"2","layer":"1","lit":"no","maxspeed":"120","oneway":"yes","ref":"A12","toll":"yes","carriage_ref":"B"},"geometry":{"type":"LineString","coordinates":[[7.0912893,46.7585844],[7.0912174,46.7590791]]}},{"type":"Feature","properties":{"bridge":"yes","highway":"motorway","int_ref":"E 27","lanes":"3","layer":"1","maxspeed":"120","oneway":"yes","ref":"A12","toll":"yes","carriage_ref":"B"},"geometry":{"type":"LineString","coordinates":[[6.8907912,46.4916675],[6.8909264,46.4920154],[6.8910023,46.4922774],[6.8910751,46.4925368],[6.8911193,46.4927427]]}},{"type":"Feature","properties":{"destination":"Bern;Fribourg;Bulle;Vaulruz","highway":"motorway","int_ref":"E 27","lanes":"2","maxspeed":"120","oneway":"yes","ref":"A12","toll":"yes","carriage_ref":"B"},"geometry":{"type":"LineString","coordinates":[[6.9090399,46.5149786],[6.910811,46.5182583]]}},{"type":"Feature","properties":{"highway":"motorway","int_ref":"E 27","lanes":"2","maxspeed":"120","oneway":"yes","ref":"A12","toll":"yes","carriage_ref":"B"},"geometry":{"type":"LineString","coordinates":[[7.2617067,46.8742842],[7.2623558,46.8744199],[7.2627984,46.8745038],[7.2632564,46.8745845],[7.2637163,46.8746609],[7.2641737,46.8747303],[7.2646327,46.8747935],[7.2650927,46.874852],[7.2655541,46.8749038],[7.2660137,46.8749501],[7.2664734,46.8749904],[7.2669327,46.8750264],[7.2673917,46.8750575],[7.2683828,46.8751153],[7.2693735,46.8751609],[7.271263,46.8752408],[7.2717399,46.8752673],[7.2722103,46.8753],[7.2726798,46.8753389],[7.2731578,46.8753885],[7.2736152,46.8754452],[7.2740771,46.8755123],[7.2745393,46.8755894]]}},{"type":"Feature","properties":{"avz":"147","cs_dir:forward":"1","highway":"motorway","int_ref":"E 27","lanes":"2","lit":"no","maxspeed":"120","oneway":"yes","ref":"A12","ssvz":"808N","toll":"yes","carriage_ref":"B"},"geometry":{"type":"LineString","coordinates":[[7.037691,46.6267063],[7.0390065,46.6274505],[7.0400899,46.6281274],[7.0412523,46.6289363],[7.0417996,46.6293477],[7.0423861,46.6298148],[7.0430306,46.6303453],[7.0434036,46.630692],[7.0435875,46.6308595]]}},{"type":"Feature","properties":{"bridge":"yes","highway":"motorway","int_ref":"E 27","lanes":"2","layer":"1","lit":"no","maxspeed":"120","oneway":"yes","ref":"A12","toll":"yes","carriage_ref":"A"},"geometry":{"type":"LineString","coordinates":[[7.0910363,46.7092083],[7.0907414,46.7088386],[7.0903713,46.7084174],[7.0892195,46.7071503],[7.088831,46.7066871],[7.0885094,46.7062519],[7.088213,46.705744],[7.0879425,46.7051359],[7.0877293,46.7045179],[7.0875835,46.7038713],[7.0875238,46.703379],[7.0874703,46.7027175],[7.087473,46.7023378],[7.087532,46.7018125],[7.0876593,46.7013086],[7.087845,46.7007657],[7.0880851,46.7002358],[7.0884614,46.6995275],[7.0888149,46.6989449],[7.0899208,46.6972635],[7.0903711,46.6965375],[7.0910633,46.6952125],[7.091592,46.6942358],[7.091918,46.6936094],[7.0922078,46.6930259],[7.0924434,46.6924319],[7.0926489,46.6918729],[7.0928219,46.691336],[7.0929749,46.690703]]}},{"type":"Feature","properties":{"highway":"motorway","int_ref":"E 27","lanes":"2","maxspeed":"80","oneway":"yes","ref":"A12","surface":"asphalt","toll":"yes","carriage_ref":"A"},"geometry":{"type":"LineString","coordinates":[[7.4064366,46.9413951],[7.4063609,46.9412312],[7.4062815,46.9410783],[7.4061907,46.940929],[7.4060902,46.9407826],[7.4059829,46.9406417],[7.405863,46.9404997],[7.4057354,46.9403647],[7.4055971,46.9402319],[7.4054393,46.9400935],[7.4052607,46.9399543],[7.4050787,46.9398248],[7.4049063,46.9397141],[7.4047284,46.9396094],[7.4045481,46.9395128],[7.4043564,46.9394182],[7.4041628,46.9393316],[7.4039661,46.939252],[7.4037535,46.9391722],[7.4035407,46.9390974],[7.4033185,46.9390254]]}},{"type":"Feature","properties":{"bridge":"yes","highway":"motorway","int_ref":"E 27","lanes":"3","layer":"1","maxspeed":"120","oneway":"yes","ref":"A12","source":"Orthophoto 2005, Etat de Fribourg, 50 cm","toll":"yes","carriage_ref":"B"},"geometry":{"type":"LineString","coordinates":[[6.8928755,46.4963112],[6.8930084,46.4964838]]}},{"type":"Feature","properties":{"bridge":"yes","highway":"motorway","int_ref":"E 27","lanes":"2","layer":"1","maxspeed":"120","oneway":"yes","ref":"A12","toll":"yes","carriage_ref":"A"},"geometry":{"type":"LineString","coordinates":[[6.999138,46.6194187],[6.9987571,46.6193419]]}},{"type":"Feature","properties":{"highway":"motorway","int_ref":"E 27","lanes":"2","maxspeed":"120","oneway":"yes","ref":"A12","toll":"yes","carriage_ref":"A"},"geometry":{"type":"LineString","coordinates":[[7.3707559,46.9227309],[7.3673564,46.9208808],[7.3670324,46.9206991],[7.3667087,46.920514],[7.3663535,46.9202979],[7.3660054,46.9200737],[7.365671,46.919843],[7.3654885,46.9197072],[7.3653116,46.9195685],[7.365141,46.9194283],[7.3649768,46.9192854],[7.3648325,46.9191552],[7.3646927,46.9190218],[7.3645577,46.9188873],[7.364429,46.9187517],[7.3643048,46.9186148],[7.3641844,46.9184739],[7.3640676,46.9183321],[7.3639583,46.9181889],[7.3638513,46.9180448],[7.3637503,46.9178985],[7.3636574,46.9177629],[7.3635723,46.9176259],[7.3634076,46.9173507],[7.363234,46.917049],[7.3630615,46.9167444],[7.3628928,46.9164405],[7.3627243,46.9161335],[7.3623902,46.9155287],[7.3620601,46.9149175],[7.3602004,46.9113997],[7.360034,46.9110906],[7.3598699,46.910788],[7.3597027,46.9104815],[7.3595305,46.9101726],[7.3593554,46.90987],[7.359171,46.9095692],[7.3589765,46.9092702],[7.3587692,46.9089781],[7.3585489,46.9086902],[7.3583175,46.9084062],[7.3575533,46.9075182],[7.35731,46.9072272],[7.3570774,46.9069408],[7.3568559,46.9066525],[7.3566449,46.9063575],[7.356444,46.9060595],[7.3562546,46.9057583],[7.3560782,46.9054549],[7.3559518,46.9052254],[7.355832,46.9049945],[7.3556815,46.9046847],[7.3555425,46.9043734],[7.3554104,46.9040647],[7.3552871,46.9037524],[7.3551685,46.9034399],[7.3550749,46.9031798],[7.354964,46.9028648],[7.354497,46.9014535],[7.3543859,46.9011401],[7.3542666,46.9008295],[7.3541332,46.9005185],[7.3539862,46.900212],[7.353826,46.8999097],[7.3536496,46.8996115],[7.3534617,46.8993194],[7.3532582,46.8990281],[7.3530421,46.8987437],[7.3525869,46.8981755],[7.3523595,46.897889],[7.3521415,46.8975982],[7.3519402,46.8973024],[7.3517592,46.8970029],[7.3515968,46.8966958],[7.3514489,46.8963926],[7.3513113,46.8960871],[7.3511079,46.8956167],[7.350893,46.8951402]]}},{"type":"Feature","properties":{"highway":"motorway","int_ref":"E 27","lanes":"2","lit":"no","maxspeed":"120","oneway":"yes","ref":"A12","surface":"asphalt","toll":"yes","carriage_ref":"A"},"geometry":{"type":"LineString","coordinates":[[7.1220634,46.8025342],[7.1197604,46.8023804],[7.1192881,46.8023449],[7.1188155,46.8023056],[7.1183531,46.8022611],[7.1181219,46.8022368],[7.117892,46.8022106],[7.117659,46.8021822],[7.1174264,46.802153],[7.1171943,46.8021219],[7.116963,46.8020881],[7.116733,46.8020521],[7.1165036,46.8020142],[7.1162754,46.8019742],[7.1160483,46.8019328],[7.1158247,46.8018878],[7.1156025,46.8018405],[7.1153826,46.8017914],[7.1151648,46.8017396],[7.114942,46.8016828],[7.1147203,46.8016242],[7.1145033,46.8015609],[7.1142892,46.8014949],[7.1140722,46.8014258],[7.1138579,46.8013542],[7.113649,46.8012808],[7.1134424,46.8012052],[7.1132398,46.8011261],[7.1130391,46.8010446],[7.1128342,46.8009577],[7.1126334,46.8008683],[7.1124395,46.8007782],[7.1122479,46.8006858],[7.1120598,46.8005913],[7.1118757,46.800494],[7.111692,46.8003936],[7.1115106,46.8002911],[7.1113319,46.8001848],[7.111155,46.800078],[7.1109848,46.7999675],[7.1108176,46.7998551],[7.1106509,46.7997396],[7.11049,46.7996207],[7.1103304,46.7995009],[7.1101762,46.7993797],[7.1100251,46.7992566],[7.1098786,46.7991312],[7.1097321,46.799004],[7.1095907,46.7988759],[7.1094555,46.7987456],[7.1093227,46.7986146],[7.1091938,46.7984826],[7.1090667,46.7983501],[7.1089369,46.7982089],[7.1088098,46.7980671],[7.1085744,46.7977951],[7.1083492,46.7975188],[7.1081279,46.7972359],[7.1079105,46.7969458],[7.1077022,46.796656],[7.1073979,46.7962216],[7.1071001,46.7957857],[7.106602,46.7950595],[7.1062989,46.7946248],[7.1060869,46.7943367],[7.105982,46.7941946],[7.1058727,46.7940536],[7.1057608,46.7939138],[7.1056473,46.7937743],[7.1055298,46.7936349],[7.1054097,46.7934968],[7.105286,46.7933601],[7.1051582,46.7932247],[7.1050275,46.7930908],[7.104894,46.7929573],[7.1047623,46.7928307],[7.1046262,46.7927049],[7.1042945,46.7924189]]}},{"type":"Feature","properties":{"bridge":"yes","highway":"motorway","int_ref":"E 27","lanes":"2","layer":"1","maxspeed":"120","oneway":"yes","ref":"A12","toll":"yes","carriage_ref":"B"},"geometry":{"type":"LineString","coordinates":[[7.0119515,46.6214188],[7.0122787,46.6214476]]}},{"type":"Feature","properties":{"highway":"motorway","int_ref":"E 27","lanes":"2","maxspeed":"120","oneway":"yes","ref":"A12","toll":"yes","carriage_ref":"A"},"geometry":{"type":"LineString","coordinates":[[6.9252783,46.5811826],[6.9245578,46.5801549],[6.9240308,46.5793761],[6.9237023,46.5788759],[6.9231951,46.5780924],[6.9222463,46.5765384],[6.9213689,46.5750472],[6.921179,46.5746777],[6.9206954,46.5737529],[6.9202064,46.5727721],[6.9197676,46.5718468],[6.9194538,46.5711767],[6.9191121,46.5704126],[6.9188757,46.5698459],[6.9186415,46.5692719],[6.9183123,46.5684236],[6.918004,46.5676115],[6.9177788,46.5669757],[6.9174785,46.5661031],[6.9172669,46.5654303],[6.9169428,46.564346],[6.9165674,46.562991],[6.9164242,46.5624422],[6.9162687,46.5617913],[6.916104,46.561052],[6.9159497,46.560336],[6.9157165,46.5590691]]}},{"type":"Feature","properties":{"highway":"motorway","int_ref":"E 27","lanes":"2","lit":"no","maxspeed":"100","oneway":"yes","ref":"A12","toll":"yes","carriage_ref":"A"},"geometry":{"type":"LineString","coordinates":[[7.0930162,46.6889699],[7.0929482,46.6886521],[7.092846,46.6882894],[7.0926695,46.6878318],[7.0923816,46.6872797],[7.0921465,46.6869226]]}},{"type":"Feature","properties":{"highway":"motorway","int_ref":"E 27","lanes":"2","maxspeed":"120","oneway":"yes","ref":"A12","toll":"yes","carriage_ref":"B"},"geometry":{"type":"LineString","coordinates":[[7.1542929,46.8327986],[7.1545934,46.8332967],[7.1547798,46.8335931],[7.1549681,46.83389],[7.1551574,46.8341867],[7.1553488,46.8344809],[7.1555465,46.8347726],[7.1557518,46.8350638],[7.1559665,46.8353529],[7.1561906,46.8356393],[7.1564213,46.8359243],[7.156653,46.8361987],[7.1568934,46.8364721],[7.1571412,46.8367438],[7.1573976,46.8370136],[7.1576649,46.8372833],[7.1579403,46.837552],[7.1582154,46.8378078],[7.1584972,46.8380627],[7.1587817,46.8383103],[7.1590734,46.8385546],[7.1593697,46.8387933],[7.1596733,46.8390301],[7.1600956,46.839349],[7.1605332,46.8396633],[7.1610243,46.8400061],[7.1615196,46.8403445],[7.1653397,46.8429428],[7.1673483,46.8443093],[7.1683568,46.8449924],[7.1688627,46.8453301],[7.1693726,46.8456647],[7.1697166,46.8458859],[7.1700629,46.8461055],[7.1704132,46.8463212],[7.170765,46.8465344],[7.1711238,46.8467446],[7.1714839,46.8469517],[7.1718496,46.8471534],[7.1722227,46.8473537],[7.1725991,46.8475493],[7.1729736,46.8477353],[7.1733514,46.8479185],[7.1737437,46.8481028]]}},{"type":"Feature","properties":{"highway":"motorway","int_ref":"E 27","lanes":"3","maxspeed":"120","oneway":"yes","ref":"A12","toll":"yes","turn:lanes":"through|through|slight_right","carriage_ref":"B"},"geometry":{"type":"LineString","coordinates":[[7.1855276,46.8528569],[7.1869703,46.8534292]]}},{"type":"Feature","properties":{"highway":"motorway","int_ref":"E 27","lanes":"2","maxspeed":"120","oneway":"yes","ref":"A12","toll":"yes","carriage_ref":"B"},"geometry":{"type":"LineString","coordinates":[[6.9061812,46.5096998],[6.9063429,46.5099389],[6.9067071,46.5105466]]}},{"type":"Feature","properties":{"highway":"motorway","int_ref":"E 27","lanes":"3","lit":"no","maxspeed":"120","oneway":"yes","ref":"A12","surface":"asphalt","toll":"yes","turn:lanes":"||merge_to_left","carriage_ref":"B"},"geometry":{"type":"LineString","coordinates":[[7.1300683,46.8045117],[7.1303795,46.8046841],[7.1307371,46.8048882],[7.1312598,46.8051981]]}},{"type":"Feature","properties":{"bridge":"yes","highway":"motorway","int_ref":"E 27","lanes":"2","layer":"1","lit":"no","maxspeed":"120","oneway":"yes","ref":"A12","toll":"yes","carriage_ref":"A"},"geometry":{"type":"LineString","coordinates":[[7.0920691,46.7775195],[7.0923382,46.7771653],[7.092574,46.7768377],[7.0928369,46.7764417],[7.0930914,46.7760224]]}},{"type":"Feature","properties":{"highway":"motorway","int_ref":"E 27","lanes":"2","maxspeed":"120","oneway":"yes","ref":"A12","toll":"yes","carriage_ref":"A"},"geometry":{"type":"LineString","coordinates":[[7.2745144,46.8756739],[7.274054,46.8755959],[7.2735949,46.8755301],[7.2731423,46.8754733],[7.2726687,46.8754249],[7.2722009,46.8753853],[7.2717345,46.8753539],[7.2712511,46.8753276],[7.2693687,46.8752454],[7.268374,46.8752006],[7.2673823,46.8751433],[7.2669203,46.8751114],[7.2664589,46.8750757],[7.2659993,46.8750353],[7.265541,46.8749888],[7.2650759,46.8749363],[7.2646136,46.8748785],[7.2641502,46.8748137],[7.2636902,46.874744],[7.2632262,46.8746677],[7.2627692,46.8745866],[7.2623216,46.874502],[7.2617152,46.8743761]]}},{"type":"Feature","properties":{"highway":"motorway","int_ref":"E 27","lanes":"3","lit":"no","maxspeed":"120","oneway":"yes","ref":"A12","surface":"asphalt","toll":"yes","turn:lanes":"||slight_right","carriage_ref":"A"},"geometry":{"type":"LineString","coordinates":[[7.1324233,46.8060295],[7.131324,46.8053534]]}},{"type":"Feature","properties":{"highway":"motorway","int_ref":"E 27","lanes":"2","lit":"no","maxspeed":"120","oneway":"yes","ref":"A12","toll":"yes","carriage_ref":"B"},"geometry":{"type":"LineString","coordinates":[[7.103966,46.7920349],[7.1042123,46.7922241]]}},{"type":"Feature","properties":{"bridge":"viaduct","highway":"motorway","int_ref":"E 27","lanes":"3","layer":"2","maxspeed":"80","oneway":"yes","ref":"A12","surface":"asphalt","toll":"yes","first":"true","carriage_ref":"A"},"geometry":{"type":"LineString","coordinates":[[7.4065824,46.9489036],[7.4066147,46.9467638],[7.4066402,46.9451039],[7.4066431,46.9450039]]}},{"type":"Feature","properties":{"bridge":"yes","highway":"motorway","int_ref":"E 27","lanes":"2","layer":"1","maxspeed":"100","oneway":"yes","ref":"A12","toll":"yes","carriage_ref":"A"},"geometry":{"type":"LineString","coordinates":[[7.3891942,46.9324528],[7.3883751,46.9324231],[7.3880568,46.9324075],[7.3877895,46.9323937],[7.3875594,46.9323793],[7.387335,46.9323627],[7.3871114,46.9323447],[7.386884,46.9323228],[7.3866488,46.9322965],[7.3864037,46.9322652],[7.386195,46.932235],[7.3859538,46.932195],[7.3857336,46.9321549],[7.385507,46.9321087],[7.3852825,46.9320596],[7.3852092,46.932042]]}},{"type":"Feature","properties":{"bridge":"yes","highway":"motorway","int_ref":"E 27","lanes":"2","layer":"1","maxspeed":"120","oneway":"yes","ref":"A12","toll":"yes","carriage_ref":"B"},"geometry":{"type":"LineString","coordinates":[[6.9990493,46.6193034],[6.9994922,46.6193953]]}},{"type":"Feature","properties":{"highway":"motorway","int_ref":"E 27","lanes":"2","lit":"no","maxspeed":"100","oneway":"yes","ref":"A12","toll":"yes","carriage_ref":"B"},"geometry":{"type":"LineString","coordinates":[[7.0752673,46.6698439],[7.0770046,46.6746092]]}},{"type":"Feature","properties":{"highway":"motorway","int_ref":"E 27","lanes":"2","maxspeed":"120","oneway":"yes","ref":"A12","toll":"yes","carriage_ref":"B"},"geometry":{"type":"LineString","coordinates":[[6.9994922,46.6193953],[7.0017534,46.6198806],[7.0027302,46.6200766],[7.0037547,46.6202718],[7.0044269,46.620404],[7.0052916,46.6205603],[7.0061281,46.6207047],[7.0069082,46.6208272],[7.0086877,46.621068],[7.0102906,46.6212577],[7.0119515,46.6214188]]}},{"type":"Feature","properties":{"highway":"motorway","int_ref":"E 27","lanes":"2","maxspeed":"120","oneway":"yes","ref":"A12","toll":"yes","carriage_ref":"A"},"geometry":{"type":"LineString","coordinates":[[7.1902982,46.8548441],[7.1872418,46.8536358]]}},{"type":"Feature","properties":{"highway":"motorway","int_ref":"E 27","lanes":"2","lit":"no","maxspeed":"120","oneway":"yes","ref":"A12","toll":"yes","carriage_ref":"A"},"geometry":{"type":"LineString","coordinates":[[7.1027603,46.7913703],[7.1024989,46.7912172],[7.1021451,46.7910205],[7.1017856,46.7908281],[7.1014038,46.7906306],[7.0979776,46.7889318],[7.0945386,46.7872367],[7.0941545,46.7870461],[7.0937731,46.7868531],[7.0935884,46.7867557],[7.0934035,46.7866565],[7.0932167,46.7865533],[7.0930325,46.7864486],[7.0928535,46.7863414],[7.0926787,46.7862327],[7.0925059,46.786121],[7.0923361,46.7860058],[7.092172,46.7858879],[7.0920117,46.7857679],[7.0918565,46.7856448],[7.0917091,46.7855195],[7.0915623,46.7853886],[7.0914163,46.7852502]]}},{"type":"Feature","properties":{"avz":"107","cs_dir:forward":"2","highway":"motorway","int_ref":"E 27","lanes":"2","maxspeed":"120","oneway":"yes","ref":"A12","ssvz":"959N","toll":"yes","carriage_ref":"A"},"geometry":{"type":"LineString","coordinates":[[7.2776168,46.8764725],[7.2771852,46.8763307],[7.2767563,46.8761991],[7.2763128,46.876074],[7.2758691,46.8759603],[7.2754234,46.8758552],[7.2749686,46.8757598],[7.2745144,46.8756739]]}},{"type":"Feature","properties":{"bridge":"yes","highway":"motorway","int_ref":"E 27","lanes":"3","layer":"1","maxspeed":"120","oneway":"yes","ref":"A12","toll":"yes","carriage_ref":"B"},"geometry":{"type":"LineString","coordinates":[[6.8859928,46.4830362],[6.8860134,46.4835944],[6.8860678,46.4840837],[6.8861613,46.484599],[6.8862987,46.4851123],[6.8864688,46.4855556],[6.8866635,46.485975],[6.8868042,46.4862659],[6.8869843,46.4865739],[6.8871432,46.486811]]}},{"type":"Feature","properties":{"highway":"motorway","int_ref":"E 27","lanes":"3","lit":"no","maxspeed":"120","oneway":"yes","ref":"A12","surface":"asphalt","toll":"yes","turn:lanes":"||slight_right","carriage_ref":"B"},"geometry":{"type":"LineString","coordinates":[[7.1223068,46.8024649],[7.1227827,46.8025016],[7.123185,46.8025393]]}},{"type":"Feature","properties":{"bridge":"yes","highway":"motorway","int_ref":"E 27","lanes":"2","layer":"1","maxspeed":"120","oneway":"yes","ref":"A12","toll":"yes","carriage_ref":"B"},"geometry":{"type":"LineString","coordinates":[[6.9746521,46.6152019],[6.9750239,46.6152622]]}},{"type":"Feature","properties":{"highway":"motorway","int_ref":"E 27","lanes":"2","lit":"no","maxspeed":"120","oneway":"yes","ref":"A12","toll":"yes","carriage_ref":"A"},"geometry":{"type":"LineString","coordinates":[[7.0728222,46.663526],[7.0706272,46.6574903],[7.070216,46.6564757],[7.069783,46.6555079],[7.0693253,46.654608],[7.0688623,46.6537655],[7.0684203,46.6530684],[7.0678955,46.6523274],[7.0673463,46.6516386],[7.0667696,46.6509679],[7.065852,46.6500415],[7.0648898,46.6491763],[7.0641694,46.6486065],[7.0634039,46.6480407],[7.0622445,46.6472691],[7.0610315,46.6465525],[7.0591077,46.6454732],[7.0572376,46.6444188],[7.0558544,46.6435515],[7.0545668,46.642673],[7.0533242,46.6417001],[7.0521086,46.6406211],[7.0507035,46.6392137],[7.0503297,46.6387906],[7.0499951,46.6384087],[7.0497434,46.6381158],[7.0494256,46.6377432],[7.049147,46.6374021],[7.0488208,46.6370049],[7.0485692,46.6366925]]}},{"type":"Feature","properties":{"highway":"motorway","int_ref":"E 27","lanes":"2","maxspeed":"120","oneway":"yes","ref":"A12","toll":"yes","carriage_ref":"A"},"geometry":{"type":"LineString","coordinates":[[7.3075807,46.889087],[7.3071117,46.889076],[7.3066385,46.8890641],[7.3061645,46.8890508],[7.3057282,46.8890365],[7.3052623,46.8890199],[7.3047796,46.8889978],[7.3043026,46.8889721],[7.303832,46.8889403],[7.3033549,46.8889028],[7.3028938,46.8888614],[7.3024102,46.8888118],[7.3019461,46.8887565],[7.3014718,46.8886952],[7.3010078,46.8886297],[7.300539,46.8885562],[7.3000776,46.8884793],[7.2996184,46.8883958],[7.2991669,46.8883072],[7.2987009,46.88821],[7.2982579,46.8881116],[7.2978112,46.8880069],[7.2973557,46.8878929],[7.2969131,46.887776],[7.2964667,46.8876512],[7.2959239,46.8874911],[7.2954941,46.8873562],[7.2950642,46.8872162],[7.294639,46.8870707],[7.2942178,46.8869206],[7.2938018,46.8867651],[7.2933821,46.8866015],[7.2929724,46.8864352],[7.2925687,46.8862639],[7.2921659,46.886087],[7.2917669,46.8859036],[7.2913963,46.8857269],[7.2910226,46.8855421],[7.290644,46.8853476],[7.2902615,46.8851429],[7.2898938,46.8849392],[7.2895259,46.8847299],[7.2891692,46.8845168],[7.2888132,46.8842968],[7.2884685,46.8840759],[7.288113,46.8838399],[7.2877792,46.8836098],[7.2874506,46.8833747],[7.2871321,46.8831391],[7.2868102,46.8828917],[7.2864956,46.8826411],[7.2861906,46.8823894],[7.2858976,46.8821387],[7.2856009,46.8818789],[7.2853102,46.8816187],[7.283891,46.8803163],[7.2833193,46.8797949],[7.2827329,46.8792864],[7.2824281,46.8790401],[7.2821139,46.8787982],[7.2817921,46.8785654],[7.2814518,46.8783351],[7.2811159,46.8781197],[7.2807589,46.8779041],[7.2803945,46.8776972],[7.2800266,46.8775002],[7.2796409,46.8773074],[7.2792511,46.8771234],[7.2788542,46.8769486],[7.2784464,46.8767802],[7.2780367,46.8766238],[7.2776168,46.8764725]]}},{"type":"Feature","properties":{"bridge":"yes","highway":"motorway","int_ref":"E 27","lanes":"2","layer":"1","lit":"no","maxspeed":"120","oneway":"yes","ref":"A12","toll":"yes","carriage_ref":"B"},"geometry":{"type":"LineString","coordinates":[[7.1028423,46.7913049],[7.103966,46.7920349]]}},{"type":"Feature","properties":{"highway":"motorway","int_ref":"E 27","lanes":"3","maxspeed":"120","oneway":"yes","ref":"A12","toll":"yes","turn:lanes":"through|through|slight_right","carriage_ref":"A"},"geometry":{"type":"LineString","coordinates":[[7.1951129,46.8569703],[7.1946616,46.8567477],[7.1939279,46.8563974]]}},{"type":"Feature","properties":{"bridge":"yes","destination":"Matran","highway":"motorway","int_ref":"E 27","lanes":"2","layer":"1","lit":"no","maxspeed":"120","oneway":"yes","ref":"A12","toll":"yes","carriage_ref":"B"},"geometry":{"type":"LineString","coordinates":[[7.0876046,46.7213102],[7.0871993,46.721802]]}},{"type":"Feature","properties":{"highway":"motorway","int_ref":"E 27","lanes":"2","lit":"no","maxspeed":"120","oneway":"yes","ref":"A12","toll":"yes","carriage_ref":"B"},"geometry":{"type":"LineString","coordinates":[[7.0931178,46.7715737],[7.0933448,46.7722983],[7.0933923,46.7724585],[7.0934389,46.7726186],[7.0934833,46.7727785],[7.0935243,46.7729382],[7.0935604,46.7730955],[7.0935929,46.7732534],[7.0936222,46.7734131],[7.0936455,46.7735737],[7.0936652,46.773736],[7.0936786,46.7738983],[7.0936851,46.7740962],[7.0936839,46.7742903],[7.093663,46.7745721],[7.093644,46.7747211],[7.0936198,46.77487],[7.0935864,46.7750322],[7.0935484,46.7751934],[7.0935011,46.7753652],[7.0934481,46.7755269],[7.0933885,46.775687],[7.09332,46.7758492],[7.0932065,46.776082]]}},{"type":"Feature","properties":{"highway":"motorway","int_ref":"E 27","lanes":"2","maxspeed":"100","oneway":"yes","ref":"A12","toll":"yes","carriage_ref":"A"},"geometry":{"type":"LineString","coordinates":[[7.3950309,46.9338076],[7.3949227,46.9337403],[7.3947454,46.9336394],[7.394559,46.9335381],[7.394376,46.9334456],[7.3941797,46.9333537],[7.3939839,46.9332674],[7.3937821,46.9331845],[7.3935732,46.9331057],[7.3933557,46.9330298],[7.393151,46.9329649],[7.3929343,46.9329012],[7.3927232,46.9328438],[7.392505,46.9327912],[7.3922883,46.9327428],[7.392064,46.9326999],[7.3918448,46.932663],[7.3916262,46.9326292],[7.3913765,46.9325963],[7.3911248,46.9325676],[7.3908926,46.9325463],[7.3906565,46.9325267],[7.3904244,46.9325101],[7.3901953,46.9324961],[7.3899709,46.9324851],[7.3897498,46.9324741],[7.3891942,46.9324528]]}},{"type":"Feature","properties":{"highway":"motorway","int_ref":"E 27","lanes":"2","lit":"no","maxspeed":"120","oneway":"yes","ref":"A12","toll":"yes","carriage_ref":"B"},"geometry":{"type":"LineString","coordinates":[[7.0911336,46.7091462],[7.0915702,46.7097243],[7.0919012,46.7102127],[7.0920879,46.7105369],[7.0923745,46.7111226],[7.0925295,46.7115691],[7.0926715,46.7120703],[7.0927615,46.7125002],[7.0928215,46.7129097],[7.0928507,46.7133587],[7.092846,46.7137797],[7.0928067,46.7142576],[7.0927245,46.7147479],[7.0925762,46.715299],[7.0924122,46.7157818],[7.092167,46.716302],[7.0920607,46.7165085],[7.0919432,46.7167164],[7.0917804,46.7169822],[7.0915834,46.7172774],[7.09142,46.7174933],[7.0912465,46.7177087],[7.0910832,46.7179052],[7.0909112,46.7181138],[7.0907788,46.7182575],[7.0906481,46.7183925],[7.0905323,46.718511],[7.0904145,46.7186277],[7.0901252,46.7189091],[7.0898603,46.7191572],[7.0895767,46.7194169],[7.0887357,46.7201814],[7.0884541,46.7204464],[7.0881725,46.7207196],[7.0879007,46.7209903],[7.0877735,46.7211236],[7.0876046,46.7213102]]}},{"type":"Feature","properties":{"bridge":"yes","highway":"motorway","int_ref":"E 27","lanes":"2","layer":"1","maxspeed":"120","oneway":"yes","ref":"A12","toll":"yes","carriage_ref":"A"},"geometry":{"type":"LineString","coordinates":[[6.9751197,46.6153714],[6.9746204,46.6152862]]}},{"type":"Feature","properties":{"highway":"motorway","int_ref":"E 27","lanes":"2","lit":"no","maxspeed":"120","oneway":"yes","ref":"A12","toll":"yes","carriage_ref":"B"},"geometry":{"type":"LineString","coordinates":[[7.0461613,46.6335488],[7.0468646,46.6343928],[7.0481415,46.6359821]]}},{"type":"Feature","properties":{"highway":"motorway","int_ref":"E 27","lanes":"2","lit":"no","maxspeed":"120","oneway":"yes","ref":"A12","surface":"asphalt","toll":"yes","carriage_ref":"B"},"geometry":{"type":"LineString","coordinates":[[7.1044835,46.7924376],[7.1047278,46.7926537],[7.1048662,46.792781],[7.1050001,46.7929088],[7.1051331,46.7930419],[7.1052626,46.7931755],[7.105391,46.793313],[7.1055155,46.7934514],[7.1056362,46.7935908],[7.105754,46.7937303],[7.1058681,46.7938705],[7.1059807,46.7940109],[7.1060892,46.7941516],[7.1061956,46.7942927],[7.1064102,46.7945848],[7.106714,46.7950166],[7.1072131,46.795747],[7.1075106,46.7961833],[7.1078163,46.796618],[7.1080238,46.7969066],[7.1082428,46.797199],[7.1084607,46.7974799],[7.1086852,46.7977554],[7.1089199,46.7980277],[7.1090428,46.798165],[7.1091689,46.7983018],[7.1092951,46.7984335],[7.1094238,46.7985645],[7.1095553,46.7986945],[7.1096899,46.7988234],[7.1098322,46.7989534],[7.1099785,46.7990818],[7.1101241,46.7992056],[7.1102736,46.7993271],[7.110427,46.7994473],[7.1105844,46.7995656],[7.110746,46.7996828],[7.1109106,46.7997981],[7.1110754,46.7999074],[7.1112425,46.8000152],[7.1114135,46.8001214],[7.1115907,46.8002245],[7.1117702,46.8003271],[7.1119541,46.8004276],[7.1121363,46.8005232],[7.1123211,46.8006169],[7.1125112,46.8007082],[7.1127039,46.8007972],[7.1129015,46.8008848],[7.1131022,46.8009704],[7.1133004,46.8010508],[7.1135016,46.801129],[7.1137048,46.801204],[7.1139102,46.8012766],[7.1141225,46.8013473],[7.1143369,46.801416],[7.1145499,46.8014809],[7.1147653,46.8015428],[7.1149825,46.8016007],[7.1152021,46.8016566],[7.1154205,46.8017092],[7.1156402,46.8017592],[7.1158613,46.8018055],[7.1160832,46.8018502],[7.1163099,46.8018925],[7.1165386,46.801932],[7.1167655,46.8019692],[7.1169933,46.8020045],[7.1172228,46.8020371],[7.1174521,46.8020685],[7.1176806,46.8020978],[7.1179098,46.8021256],[7.1181408,46.8021511],[7.1183728,46.8021753],[7.1188372,46.8022192],[7.1193006,46.8022588],[7.1197643,46.8022942],[7.1220695,46.8024485],[7.1223068,46.8024649]]}},{"type":"Feature","properties":{"bridge":"yes","highway":"motorway","int_ref":"E 27","lanes":"2","layer":"1","maxspeed":"120","oneway":"yes","ref":"A12","source":"Orthophoto 2005, Etat de Fribourg, 50 cm","toll":"yes","carriage_ref":"A"},"geometry":{"type":"LineString","coordinates":[[6.8929027,46.4965606],[6.8927834,46.4964064]]}},{"type":"Feature","properties":{"highway":"motorway","int_ref":"E 27","lanes":"2","lit":"no","maxspeed":"100","oneway":"yes","ref":"A12","toll":"yes","carriage_ref":"B"},"geometry":{"type":"LineString","coordinates":[[7.0782992,46.677588],[7.0786636,46.678178],[7.0788978,46.6784846],[7.07916,46.6788217],[7.0795356,46.6792474],[7.0801421,46.679843],[7.0806153,46.6802451],[7.0810643,46.6805894],[7.0816005,46.6809711],[7.0824844,46.6815189],[7.0833982,46.6819864],[7.0839825,46.6822532],[7.0849403,46.6826533],[7.0868469,46.6833967],[7.0875418,46.6836724],[7.0884519,46.6840663],[7.0891404,46.6843905],[7.0893981,46.6845186],[7.0898401,46.6847667],[7.090261,46.6850279],[7.0906534,46.6853001],[7.091131,46.6856742]]}},{"type":"Feature","properties":{"avz":"325","cs_dir:forward":"2","highway":"motorway","int_ref":"E 27","lanes":"2","maxspeed":"120","oneway":"yes","ref":"A12","toll":"yes","carriage_ref":"A"},"geometry":{"type":"LineString","coordinates":[[7.1836794,46.8522245],[7.1769372,46.8495503],[7.1760853,46.8492074],[7.1756851,46.8490436],[7.1752883,46.848879],[7.1748813,46.8487064],[7.1744766,46.8485312],[7.1740766,46.8483558],[7.1736811,46.8481763],[7.1732844,46.8479905],[7.1729042,46.847808],[7.1725297,46.847622]]}},{"type":"Feature","properties":{"bridge":"yes","highway":"motorway","int_ref":"E 27","lanes":"2","maxspeed":"120","oneway":"yes","ref":"A12","toll":"yes","carriage_ref":"B"},"geometry":{"type":"LineString","coordinates":[[6.9253991,46.5811627],[6.9255701,46.5813957]]}},{"type":"Feature","properties":{"bridge":"yes","highway":"motorway","int_ref":"E 27","lanes":"2","layer":"1","maxspeed":"120","oneway":"yes","ref":"A12","source":"Orthophoto 2005, Etat de Fribourg, 50 cm","toll":"yes","carriage_ref":"A"},"geometry":{"type":"LineString","coordinates":[[6.9088702,46.5149313],[6.9083209,46.5139172],[6.9075331,46.5124037],[6.9065897,46.5105765]]}},{"type":"Feature","properties":{"bridge":"yes","highway":"motorway","int_ref":"E 27","lanes":"2","layer":"1","maxspeed":"120","oneway":"yes","ref":"A12","toll":"yes","carriage_ref":"A"},"geometry":{"type":"LineString","coordinates":[[6.9523966,46.6048164],[6.9518672,46.6045711]]}},{"type":"Feature","properties":{"bridge":"yes","highway":"motorway","int_ref":"E 27","lanes":"2","layer":"1","lit":"no","maxspeed":"120","oneway":"yes","ref":"A12","toll":"yes","carriage_ref":"A"},"geometry":{"type":"LineString","coordinates":[[7.0911157,46.7589213],[7.0911763,46.7584411]]}},{"type":"Feature","properties":{"destination":"Fribourg-Sud","highway":"motorway","int_ref":"E 27","lanes":"2","lit":"no","maxspeed":"120","oneway":"yes","ref":"A12","toll":"yes","carriage_ref":"B"},"geometry":{"type":"LineString","coordinates":[[7.0908334,46.7793118],[7.0907079,46.7795069],[7.0906167,46.7796563],[7.0905324,46.7798045],[7.0904525,46.7799538],[7.0903799,46.7801041],[7.0903126,46.780259],[7.09025,46.7804123],[7.0901956,46.7805678],[7.0901465,46.7807232],[7.0901035,46.7808795],[7.0900676,46.7810399],[7.0900375,46.7811954],[7.090013,46.7813525],[7.0899947,46.7815133],[7.0899849,46.7816703],[7.0899806,46.7818308],[7.0899803,46.7819927],[7.0899864,46.7821123],[7.0899962,46.7822313]]}},{"type":"Feature","properties":{"destination":"Rossens","highway":"motorway","int_ref":"E 27","lanes":"2","lit":"no","maxspeed":"120","oneway":"yes","ref":"A12","toll":"yes","carriage_ref":"B"},"geometry":{"type":"LineString","coordinates":[[7.0435875,46.6308595],[7.0438013,46.6310541],[7.0447077,46.631924],[7.0456271,46.6329376],[7.0461613,46.6335488]]}},{"type":"Feature","properties":{"highway":"motorway","int_ref":"E 27","lanes":"3","maxspeed":"80","oneway":"yes","ref":"A12","surface":"asphalt","toll":"yes","turn:lanes":"||slight_right","carriage_ref":"B"},"geometry":{"type":"LineString","coordinates":[[7.4027093,46.9387537],[7.402932,46.9388155],[7.4031494,46.9388797],[7.4033682,46.9389463],[7.4035854,46.9390172],[7.4038049,46.9390934],[7.4040212,46.9391754],[7.4042169,46.9392549],[7.4043817,46.9393277]]}},{"type":"Feature","properties":{"highway":"motorway","int_ref":"E 27","lanes":"3","maxspeed":"100","oneway":"yes","ref":"A12","toll":"yes","carriage_ref":"A"},"geometry":{"type":"LineString","coordinates":[[7.3846497,46.9318976],[7.3844762,46.9318463],[7.3842613,46.9317788],[7.3840496,46.931708],[7.3838411,46.931633],[7.3836358,46.9315556],[7.3834326,46.9314738],[7.3832339,46.9313887],[7.3830392,46.9313009],[7.3828467,46.9312086],[7.3826024,46.9310847]]}},{"type":"Feature","properties":{"highway":"motorway","int_ref":"E 27","lanes":"3","maxspeed":"120","oneway":"yes","ref":"A12","toll":"yes","turn:lanes":"merge_to_right|none|none","carriage_ref":"B"},"geometry":{"type":"LineString","coordinates":[[6.9034604,46.5074714],[6.9043149,46.5080272],[6.9046166,46.5082347],[6.9048712,46.5084183],[6.9051733,46.5086542],[6.9054338,46.5088855],[6.9057387,46.5091822],[6.9059803,46.5094533],[6.9061812,46.5096998]]}},{"type":"Feature","properties":{"bridge":"yes","highway":"motorway","int_ref":"E 27","lanes":"2","layer":"1","maxspeed":"120","oneway":"yes","ref":"A12","source":"Orthophoto 2005, Etat de Fribourg, 50 cm","toll":"yes","carriage_ref":"B"},"geometry":{"type":"LineString","coordinates":[[6.9067071,46.5105466],[6.9076552,46.5123722],[6.9084605,46.5139139],[6.9089892,46.5148876]]}},{"type":"Feature","properties":{"bridge":"yes","highway":"motorway","int_ref":"E 27","lanes":"2","layer":"1","lit":"no","maxspeed":"120","oneway":"yes","ref":"A12","toll":"yes","carriage_ref":"A"},"geometry":{"type":"LineString","coordinates":[[7.0870023,46.7218688],[7.0873937,46.7213821]]}},{"type":"Feature","properties":{"bridge":"yes","highway":"motorway","int_ref":"E 27","lanes":"2","layer":"1","maxspeed":"120","oneway":"yes","ref":"A12","toll":"yes","carriage_ref":"B"},"geometry":{"type":"LineString","coordinates":[[6.9518524,46.6044811],[6.952421,46.6047412]]}},{"type":"Feature","properties":{"bridge":"yes","highway":"motorway","int_ref":"E 27","lanes":"2","layer":"1","lit":"no","maxspeed":"120","oneway":"yes","ref":"A12","toll":"yes","carriage_ref":"B"},"geometry":{"type":"LineString","coordinates":[[7.0932065,46.776082],[7.0929654,46.7764848],[7.0926967,46.7768799],[7.0924592,46.7772042],[7.0921873,46.7775753]]}},{"type":"Feature","properties":{"highway":"motorway","int_ref":"E 27","lanes":"2","lit":"no","maxspeed":"120","oneway":"yes","ref":"A12","toll":"yes","carriage_ref":"B"},"geometry":{"type":"LineString","coordinates":[[7.0921873,46.7775753],[7.0918989,46.7779392],[7.0915515,46.7783645],[7.091324,46.7786477],[7.091111,46.7789222],[7.090999,46.7790759],[7.0908334,46.7793118]]}},{"type":"Feature","properties":{"highway":"motorway","int_ref":"E 27","lanes":"2","maxspeed":"120","oneway":"yes","ref":"A12","toll":"yes","carriage_ref":"B"},"geometry":{"type":"LineString","coordinates":[[6.9089892,46.5148876],[6.9090399,46.5149786]]}},{"type":"Feature","properties":{"bridge":"yes","highway":"motorway","int_ref":"E 27","lanes":"2","layer":"1","lit":"no","maxspeed":"120","oneway":"yes","ref":"A12","toll":"yes","carriage_ref":"B"},"geometry":{"type":"LineString","coordinates":[[7.072966,46.6634908],[7.0752673,46.6698439]]}},{"type":"Feature","properties":{"highway":"motorway","int_ref":"E 27","lanes":"2","maxspeed":"120","oneway":"yes","ref":"A12","toll":"yes","carriage_ref":"A"},"geometry":{"type":"LineString","coordinates":[[6.9112117,46.5284057],[6.9112279,46.527949],[6.9112614,46.5274752],[6.9113313,46.5268391],[6.9114342,46.5261822],[6.9115254,46.5257319],[6.9117921,46.5246001],[6.9119502,46.5238107],[6.912039,46.5231846],[6.9120721,46.5226825],[6.9120698,46.5221532],[6.9120208,46.5217274],[6.9119563,46.5213087],[6.9118888,46.5209983],[6.9118137,46.5207387]]}},{"type":"Feature","properties":{"highway":"motorway","int_ref":"E 27","lanes":"2","layer":"-1","maxspeed":"120","oneway":"yes","ref":"A12","toll":"yes","tunnel":"yes","carriage_ref":"A"},"geometry":{"type":"LineString","coordinates":[[7.350893,46.8951402],[7.3504143,46.8942526]]}},{"type":"Feature","properties":{"highway":"motorway","int_ref":"E 27","lanes":"2","maxspeed":"120","oneway":"yes","ref":"A12","toll":"yes","carriage_ref":"B"},"geometry":{"type":"LineString","coordinates":[[7.3292438,46.8880625],[7.3297125,46.8880724],[7.3306659,46.8881021],[7.3316021,46.8881407],[7.3325353,46.8881892],[7.3334694,46.8882449],[7.3344133,46.888313],[7.3353558,46.8883893],[7.3363461,46.88848],[7.33684,46.8885287],[7.3373347,46.8885806]]}},{"type":"Feature","properties":{"highway":"motorway","int_ref":"E 27","lanes":"2","lit":"no","maxspeed":"120","oneway":"yes","ref":"A12","toll":"yes","carriage_ref":"A"},"geometry":{"type":"LineString","coordinates":[[7.0929937,46.7715892],[7.092268,46.7693142],[7.0916895,46.7675027],[7.0913894,46.7665627],[7.0912914,46.7662453],[7.0911967,46.7659274],[7.0911295,46.7656894],[7.0910641,46.7654521],[7.0909848,46.7651352],[7.0909132,46.7648168],[7.0908483,46.7644921],[7.0907954,46.764168],[7.0907538,46.7638477],[7.0907186,46.7635243],[7.0906955,46.7632023],[7.0906805,46.7628803],[7.090676,46.7625563],[7.0906804,46.7622391],[7.0906944,46.7619128],[7.0907246,46.7615487],[7.0907614,46.7611853],[7.0908017,46.7608629],[7.0908513,46.7605384],[7.0909011,46.760223],[7.091084,46.7591334],[7.0911157,46.7589213]]}},{"type":"Feature","properties":{"highway":"motorway","int_ref":"E 27","lanes":"2","lit":"no","maxspeed":"120","oneway":"yes","ref":"A12","toll":"yes","carriage_ref":"A"},"geometry":{"type":"LineString","coordinates":[[7.0480263,46.6360103],[7.0467553,46.6344313],[7.0460486,46.6335879]]}},{"type":"Feature","properties":{"bridge":"yes","highway":"motorway","int_ref":"E 27","lanes":"2","layer":"1","maxspeed":"100","oneway":"yes","ref":"A12","toll":"yes","carriage_ref":"B"},"geometry":{"type":"LineString","coordinates":[[7.3850406,46.9319099],[7.3853139,46.9319748],[7.3855363,46.9320253],[7.3857988,46.932078]]}},{"type":"Feature","properties":{"bridge":"yes","highway":"motorway","int_ref":"E 27","lanes":"2","layer":"1","maxspeed":"120","oneway":"yes","ref":"A12","toll":"yes","carriage_ref":"B"},"geometry":{"type":"LineString","coordinates":[[7.3441281,46.8898878],[7.3451685,46.8902523]]}},{"type":"Feature","properties":{"avz":"175","cs_dir:forward":"1","highway":"motorway","int_ref":"E 27","lanes":"2","lit":"no","maxspeed":"120","oneway":"yes","ref":"A12","ssvz":"958N","surface":"asphalt","toll":"yes","carriage_ref":"B"},"geometry":{"type":"LineString","coordinates":[[7.1378307,46.8192924],[7.1379121,46.8194576],[7.1379971,46.8196076],[7.1380867,46.8197564],[7.1381833,46.8199048],[7.1382857,46.8200522],[7.1383888,46.8201926],[7.1384985,46.820331],[7.1386164,46.8204704],[7.1387394,46.8206082],[7.1388669,46.8207446],[7.1390004,46.8208783],[7.1391385,46.8210091],[7.139273,46.8211302],[7.1394162,46.821252],[7.1395825,46.8213878],[7.1397296,46.8215008],[7.1398796,46.8216125],[7.1400398,46.8217248]]}},{"type":"Feature","properties":{"highway":"motorway","int_ref":"E 27","lanes":"2","lit":"no","maxspeed":"120","oneway":"yes","ref":"A12","toll":"yes","carriage_ref":"A"},"geometry":{"type":"LineString","coordinates":[[7.0929749,46.690703],[7.0930475,46.690243],[7.0930764,46.6896943],[7.0930564,46.6893238],[7.0930162,46.6889699]]}},{"type":"Feature","properties":{"highway":"motorway","int_ref":"E 27","lanes":"2","lit":"yes","maxspeed":"120","oneway":"yes","ref":"A12","toll":"yes","carriage_ref":"B"},"geometry":{"type":"LineString","coordinates":[[7.0195701,46.621918],[7.0209594,46.6220109],[7.0217116,46.6220736]]}},{"type":"Feature","properties":{"highway":"motorway","int_ref":"E 27","lanes":"2","lit":"no","maxspeed":"120","oneway":"yes","ref":"A12","toll":"yes","carriage_ref":"B"},"geometry":{"type":"LineString","coordinates":[[7.0931289,46.6889099],[7.0931773,46.6893254],[7.0931978,46.6896663],[7.0931761,46.6901878],[7.0931065,46.690679]]}},{"type":"Feature","properties":{"destination":"Vaulruz","highway":"motorway","int_ref":"E 27","lanes":"2","lit":"no","maxspeed":"120","oneway":"yes","ref":"A12","toll":"yes","carriage_ref":"A"},"geometry":{"type":"LineString","coordinates":[[7.0460486,46.6335879],[7.0455162,46.632975],[7.044973,46.6323768],[7.0444545,46.6318358],[7.0442336,46.6316186]]}},{"type":"Feature","properties":{"destination":"Düdingen","highway":"motorway","int_ref":"E 27","lanes":"2","maxspeed":"120","oneway":"yes","ref":"A12","toll":"yes","carriage_ref":"A"},"geometry":{"type":"LineString","coordinates":[[7.3275636,46.8881374],[7.3271537,46.8881496],[7.3267114,46.8881711],[7.3264788,46.8881874],[7.3262535,46.8882049],[7.3257853,46.8882517],[7.3255573,46.8882782],[7.3250953,46.8883412],[7.3246425,46.8884137],[7.3241968,46.8884928],[7.3226011,46.8887951]]}},{"type":"Feature","properties":{"highway":"motorway","int_ref":"E 27","lanes":"2","maxspeed":"100","oneway":"yes","ref":"A12","toll":"yes","carriage_ref":"B"},"geometry":{"type":"LineString","coordinates":[[7.3890237,46.9323613],[7.3897522,46.9323893],[7.3899756,46.9323994],[7.3901976,46.9324111],[7.3904358,46.9324254],[7.3906747,46.9324436],[7.3909097,46.9324622],[7.3911453,46.932484],[7.3913972,46.9325132],[7.3916465,46.9325454],[7.391868,46.9325786],[7.3920893,46.932617],[7.3923177,46.9326614],[7.3925431,46.93271],[7.3927689,46.9327643],[7.3929884,46.9328236],[7.3932019,46.9328863],[7.3934087,46.9329525],[7.3936274,46.9330285],[7.3938363,46.9331078],[7.3940457,46.933193],[7.3942429,46.9332794],[7.3944388,46.9333706],[7.3946269,46.9334651],[7.3948153,46.9335663],[7.3949969,46.9336712],[7.3951182,46.9337449]]}},{"type":"Feature","properties":{"highway":"motorway","int_ref":"E 27","lanes":"2","maxspeed":"120","oneway":"yes","ref":"A12","toll":"yes","carriage_ref":"B"},"geometry":{"type":"LineString","coordinates":[[6.9751622,46.6152847],[6.9781815,46.6157728],[6.9907049,46.6178084],[6.9926733,46.6181162]]}},{"type":"Feature","properties":{"highway":"motorway","int_ref":"E 27","lanes":"2","maxspeed":"120","oneway":"yes","ref":"A12","toll":"yes","carriage_ref":"A"},"geometry":{"type":"LineString","coordinates":[[7.261494,46.8743275],[7.260996,46.8742132],[7.2605449,46.8741035],[7.2601065,46.8739904],[7.2596706,46.8738731],[7.2592347,46.8737502],[7.2588006,46.8736249],[7.2552717,46.8725341],[7.2548443,46.872405],[7.2544145,46.8722792],[7.253982,46.8721568],[7.2535468,46.8720373],[7.2531049,46.8719244],[7.2526637,46.8718158],[7.2522184,46.8717144],[7.2517764,46.8716174],[7.2513279,46.871526],[7.2508798,46.8714406],[7.2504227,46.8713601],[7.2499722,46.8712851],[7.2495121,46.8712148],[7.249052,46.8711517],[7.2485887,46.8710933],[7.2481261,46.8710417],[7.247662,46.8709952],[7.2471988,46.8709531],[7.246734,46.8709193],[7.2462713,46.87089],[7.2458066,46.870865],[7.2453393,46.8708442],[7.2448668,46.8708272],[7.2443917,46.8708114],[7.2425182,46.8707616],[7.2411214,46.8707252],[7.2394511,46.8706794],[7.2386525,46.870659],[7.2375727,46.8706304],[7.2366221,46.870605],[7.2350118,46.8705624],[7.2340397,46.8705351],[7.2331077,46.8705051],[7.2321723,46.8704667]]}},{"type":"Feature","properties":{"highway":"motorway","int_ref":"E 27","lanes":"2","lit":"no","maxspeed":"120","oneway":"yes","ref":"A12","toll":"yes","carriage_ref":"A"},"geometry":{"type":"LineString","coordinates":[[7.0856787,46.7271951],[7.0856379,46.7269509],[7.0855994,46.7266531],[7.085574,46.7263263],[7.0855647,46.7261637],[7.0855612,46.7260017],[7.0855611,46.7258408],[7.08557,46.7256699],[7.0855807,46.7255095],[7.085595,46.7253488],[7.0856131,46.7251868],[7.0856361,46.7250264],[7.0856638,46.7248649],[7.0856939,46.724712]]}},{"type":"Feature","properties":{"avz":"325","cs_dir:forward":"1","highway":"motorway","int_ref":"E 27","lanes":"2","maxspeed":"120","oneway":"yes","ref":"A12","toll":"yes","carriage_ref":"B"},"geometry":{"type":"LineString","coordinates":[[7.1737437,46.8481028],[7.174142,46.8482817],[7.1745437,46.8484594],[7.1749452,46.848633],[7.1753494,46.8488043],[7.175752,46.848971],[7.1761571,46.8491375],[7.1769993,46.849478],[7.1837119,46.8521371]]}},{"type":"Feature","properties":{"highway":"motorway","int_ref":"E 27","lanes":"2","lit":"no","maxspeed":"120","oneway":"yes","ref":"A12","toll":"yes","carriage_ref":"A"},"geometry":{"type":"LineString","coordinates":[[7.1040223,46.7922055],[7.1038802,46.7920991]]}},{"type":"Feature","properties":{"destination":"Flamatt","highway":"motorway","int_ref":"E 27","lanes":"2","maxspeed":"100","oneway":"yes","ref":"A12","toll":"yes","carriage_ref":"A"},"geometry":{"type":"LineString","coordinates":[[7.3826024,46.9310847],[7.382458,46.9310063],[7.3822898,46.9309136],[7.3820931,46.9307974],[7.3819253,46.930693],[7.3817553,46.9305816],[7.3815903,46.9304684],[7.3814318,46.9303543],[7.3812456,46.930212],[7.3810957,46.9300917],[7.3809495,46.9299677],[7.3806814,46.9297311],[7.3805329,46.9295912],[7.3803839,46.9294471],[7.3802496,46.9293136],[7.3801177,46.9291798],[7.3799855,46.9290432],[7.3797269,46.9287715]]}},{"type":"Feature","properties":{"highway":"motorway","int_ref":"E 27","lanes":"2","maxspeed":"120","oneway":"yes","ref":"A12","toll":"yes","carriage_ref":"A"},"geometry":{"type":"LineString","coordinates":[[7.3504143,46.8942526],[7.350315,46.8941012],[7.3501111,46.8938142],[7.3498895,46.8935286],[7.3496652,46.8932668],[7.3494142,46.8929969],[7.3491311,46.8927185],[7.3488419,46.8924595],[7.3485344,46.8922044],[7.3482279,46.8919711],[7.3479006,46.8917396],[7.3475701,46.8915254],[7.3472225,46.891315],[7.3468391,46.8911016],[7.346484,46.8909182],[7.3461086,46.89074],[7.3457273,46.8905693],[7.345319,46.8904064],[7.3450082,46.8902889]]}},{"type":"Feature","properties":{"highway":"motorway","int_ref":"E 27","lanes":"2","lit":"no","maxspeed":"120","oneway":"yes","ref":"A12","surface":"asphalt","toll":"yes","carriage_ref":"B"},"geometry":{"type":"LineString","coordinates":[[7.1400398,46.8217248],[7.1402266,46.8218469],[7.1403923,46.8219508],[7.1405613,46.8220519],[7.1407455,46.822157],[7.1411164,46.8223499],[7.1413042,46.82244],[7.1414944,46.8225287],[7.141693,46.8226179],[7.1418946,46.8227043],[7.1420991,46.8227895],[7.1423054,46.8228736],[7.1427119,46.8230326],[7.1431229,46.823189],[7.1439625,46.823506],[7.144794,46.8238203],[7.1452503,46.8239916]]}},{"type":"Feature","properties":{"destination":"Bulle","highway":"motorway","int_ref":"E 27","lanes":"2","lit":"no","maxspeed":"120","oneway":"yes","ref":"A12","toll":"yes","carriage_ref":"A"},"geometry":{"type":"LineString","coordinates":[[7.0856939,46.724712],[7.0857307,46.7245456],[7.0857682,46.7243881],[7.0858155,46.7242194],[7.0858627,46.7240648],[7.0859146,46.723908],[7.0859696,46.7237531],[7.0860286,46.7235985],[7.0860935,46.7234428],[7.0861617,46.7232879],[7.0862348,46.7231313],[7.0863126,46.7229772],[7.0863922,46.7228239],[7.0864773,46.7226737],[7.0865648,46.7225239],[7.0866585,46.7223723],[7.0867546,46.7222244],[7.0868536,46.7220772],[7.0870023,46.7218688]]}},{"type":"Feature","properties":{"highway":"motorway","int_ref":"E 27","lanes":"3","maxspeed":"120","oneway":"yes","ref":"A12","toll":"yes","carriage_ref":"B"},"geometry":{"type":"LineString","coordinates":[[6.8930084,46.4964838],[6.8934668,46.4971364],[6.8938795,46.4977946],[6.8941827,46.4983309],[6.8943692,46.4986905],[6.8945089,46.4989601],[6.8948975,46.4997361],[6.8950881,46.5000435],[6.8952583,46.5002843],[6.8954398,46.5005208],[6.8956082,46.500734]]}},{"type":"Feature","properties":{"destination":"Flamatt","highway":"motorway","int_ref":"E 27","lanes":"2","maxspeed":"120","oneway":"yes","ref":"A12","toll":"yes","carriage_ref":"B"},"geometry":{"type":"LineString","coordinates":[[7.1869703,46.8534292],[7.190348,46.8547651],[7.1911673,46.8550928],[7.1915718,46.8552581],[7.1919744,46.8554268]]}},{"type":"Feature","properties":{"bridge":"yes","highway":"motorway","int_ref":"E 27","lanes":"3","layer":"1","maxspeed":"120","name":"Toggelilochbrücke","oneway":"yes","ref":"A12","toll":"yes","turn:lanes":"none|none|merge_to_left","carriage_ref":"A"},"geometry":{"type":"LineString","coordinates":[[7.1851991,46.8528257],[7.1843572,46.8524926]]}},{"type":"Feature","properties":{"highway":"motorway","int_ref":"E 27","lanes":"2","maxspeed":"80","oneway":"yes","ref":"A12","surface":"asphalt","toll":"yes","carriage_ref":"B"},"geometry":{"type":"LineString","coordinates":[[7.4001076,46.9379849],[7.4003218,46.938067],[7.4005392,46.938144],[7.4007798,46.9382235],[7.4009583,46.9382785],[7.4011413,46.9383323],[7.4014056,46.9384071],[7.4018361,46.9385225],[7.402283,46.9386398],[7.4027093,46.9387537]]}},{"type":"Feature","properties":{"bridge":"yes","highway":"motorway","int_ref":"E 27","lanes":"2","layer":"1","lit":"no","maxspeed":"120","oneway":"yes","ref":"A12","toll":"yes","carriage_ref":"B"},"geometry":{"type":"LineString","coordinates":[[7.0931065,46.690679],[7.0929477,46.691324],[7.0927744,46.6918667],[7.0925747,46.6924252],[7.0923306,46.6930259],[7.0920294,46.6936378],[7.0917211,46.694236],[7.0911879,46.6952269],[7.0905097,46.6965251],[7.0899987,46.6973422],[7.0889308,46.69897],[7.0885616,46.6995776],[7.0882011,46.7002618],[7.0879625,46.7007871],[7.0877779,46.7013291],[7.0876577,46.7018287],[7.0876028,46.7023484],[7.0875977,46.7027268],[7.0876499,46.703379],[7.0877132,46.7038752],[7.0878578,46.704489],[7.088054,46.7050899],[7.0883107,46.7056831],[7.0886012,46.7061799],[7.0889469,46.7066557],[7.0893459,46.7071321],[7.0904878,46.7083875],[7.0908271,46.7087708],[7.0911336,46.7091462]]}},{"type":"Feature","properties":{"avz":"324","cs_dir:forward":"2","highway":"motorway","int_ref":"E 27","lanes":"2","maxspeed":"120","oneway":"yes","ref":"A12","source":"Orthophoto 2005, Etat de Fribourg, 50 cm","toll":"yes","carriage_ref":"A"},"geometry":{"type":"LineString","coordinates":[[6.9154961,46.5577106],[6.9153714,46.5567356],[6.915283,46.5559874],[6.9152165,46.5552966],[6.9151564,46.5545509],[6.9151158,46.5539153],[6.9150624,46.5528877],[6.9150427,46.5520014],[6.9150375,46.5506653],[6.9151021,46.548799],[6.9151729,46.5464653],[6.9151774,46.545528],[6.915172,46.5452344],[6.9151606,46.5446164],[6.9151161,46.543971],[6.9150582,46.5432856],[6.9149771,46.5425759],[6.9148867,46.5419127],[6.9147643,46.5411742],[6.9146021,46.5403864],[6.9144185,46.5395774],[6.9142437,46.5389073],[6.9140416,46.5382182],[6.9137975,46.5374818],[6.9135168,46.5366765],[6.9131861,46.5358218],[6.9128044,46.5348978],[6.9122627,46.5335847],[6.9120229,46.5329468],[6.9118399,46.5324101],[6.9116105,46.5317274],[6.9114212,46.5310194]]}},{"type":"Feature","properties":{"highway":"motorway","int_ref":"E 27","lanes":"2","lit":"no","maxspeed":"100","oneway":"yes","ref":"A12","toll":"yes","carriage_ref":"A"},"geometry":{"type":"LineString","coordinates":[[7.0910039,46.6857012],[7.0909345,46.6856457],[7.090601,46.685384],[7.0901622,46.6850831],[7.0897781,46.6848434],[7.0893343,46.6846048],[7.0884133,46.6841416],[7.0874871,46.6837525],[7.0867815,46.6834671],[7.0848733,46.6827245],[7.0839109,46.6823222],[7.0833039,46.6820464],[7.0823652,46.6815594],[7.0815055,46.6810297],[7.0810215,46.6806873],[7.080593,46.6803611],[7.0800222,46.6798779],[7.0798633,46.6797333],[7.0794409,46.6793148],[7.0790436,46.6788688],[7.0787515,46.6784965],[7.0785293,46.6781718],[7.0783416,46.6779055],[7.078177,46.6776352]]}},{"type":"Feature","properties":{"highway":"motorway","int_ref":"E 27","lanes":"2","lit":"no","maxspeed":"120","oneway":"yes","ref":"A12","toll":"yes","carriage_ref":"A"},"geometry":{"type":"LineString","coordinates":[[7.076848,46.6746318],[7.0751078,46.6698588]]}},{"type":"Feature","properties":{"bridge":"yes","highway":"motorway","int_ref":"E 27","lanes":"2","layer":"1","maxspeed":"120","oneway":"yes","ref":"A12","toll":"yes","carriage_ref":"A"},"geometry":{"type":"LineString","coordinates":[[6.9928162,46.6182366],[6.9925326,46.6181919]]}},{"type":"Feature","properties":{"highway":"motorway","int_ref":"E 27","lanes":"2","lit":"no","maxspeed":"120","oneway":"yes","ref":"A12","toll":"yes","carriage_ref":"B"},"geometry":{"type":"LineString","coordinates":[[7.0912174,46.7590791],[7.0910254,46.7602324],[7.0909751,46.7605507],[7.0909251,46.7608746],[7.0908868,46.7611926],[7.0908483,46.7615542],[7.0908206,46.7619168],[7.0908071,46.7622419],[7.0908017,46.7625583],[7.0908063,46.7628822],[7.0908205,46.7632026],[7.0908462,46.7635237],[7.0908792,46.7638452],[7.0909224,46.7641644],[7.0909745,46.7644863],[7.0910376,46.7648113],[7.0911095,46.7651269],[7.09119,46.7654425],[7.0912545,46.7656786],[7.0913221,46.7659151],[7.0914173,46.7662301],[7.0915151,46.7665459],[7.0918137,46.7674874],[7.0923942,46.7693014],[7.0931178,46.7715737]]}},{"type":"Feature","properties":{"highway":"motorway","int_ref":"E 27","lanes":"3","lit":"no","maxspeed":"120","oneway":"yes","ref":"A12","surface":"asphalt","toll":"yes","turn:lanes":"||slight_right","carriage_ref":"B"},"geometry":{"type":"LineString","coordinates":[[7.1253072,46.8028283],[7.1256463,46.8028967],[7.1258759,46.802946],[7.1260993,46.8029982],[7.1263216,46.8030522],[7.1265467,46.8031107],[7.1267689,46.8031721],[7.1270199,46.8032449]]}},{"type":"Feature","properties":{"bridge":"viaduct","destination":"Vevey;Fribourg;Niederwangen","highway":"motorway","int_ref":"E 27","lanes":"2","layer":"2","maxspeed":"80","oneway":"yes","ref":"A12","surface":"asphalt","toll":"yes","carriage_ref":"A"},"geometry":{"type":"LineString","coordinates":[[7.4066431,46.9450039],[7.4066431,46.9449221],[7.4066526,46.9442261],[7.4066627,46.9436039],[7.4066708,46.9429979],[7.4066712,46.9426935],[7.4066603,46.9424472],[7.4066466,46.9422814],[7.4066282,46.9421259],[7.4066027,46.9419625],[7.4065689,46.9418018],[7.4065256,46.941644],[7.4064746,46.9414952],[7.4064366,46.9413951]]}},{"type":"Feature","properties":{"bridge":"yes","highway":"motorway","int_ref":"E 27","lanes":"3","layer":"2","maxspeed":"80","oneway":"yes","ref":"A12","surface":"asphalt","toll":"yes","turn:lanes":"||merge_to_left","carriage_ref":"B"},"geometry":{"type":"LineString","coordinates":[[7.406761,46.9449271],[7.4067579,46.9451041],[7.4067325,46.9467647]]}},{"type":"Feature","properties":{"destination":"Bern-Bümpliz","highway":"motorway","int_ref":"E 27","lanes":"2","maxspeed":"100","oneway":"yes","ref":"A12","toll":"yes","carriage_ref":"B"},"geometry":{"type":"LineString","coordinates":[[7.3807819,46.929679],[7.3810436,46.9299106],[7.3811895,46.9300331],[7.3813452,46.9301577],[7.3815258,46.9302954],[7.3816743,46.9304042],[7.3818418,46.9305196],[7.38201,46.930629],[7.3821816,46.9307359],[7.3823621,46.9308428],[7.3825354,46.9309401],[7.3826784,46.9310173],[7.3829156,46.9311367],[7.3831095,46.9312296],[7.383302,46.9313159],[7.383499,46.9314002],[7.3836992,46.9314817],[7.38391,46.9315609],[7.3841064,46.9316313],[7.3843184,46.9317025],[7.384528,46.9317684],[7.3846949,46.9318174],[7.3848627,46.9318635],[7.3850406,46.9319099]]}},{"type":"Feature","properties":{"highway":"motorway","int_ref":"E 27","lanes":"2","maxspeed":"120","oneway":"yes","ref":"A12","toll":"yes","carriage_ref":"A"},"geometry":{"type":"LineString","coordinates":[[6.8927834,46.4964064],[6.8922714,46.4957351],[6.891857,46.4951976],[6.8916303,46.4948391],[6.8914079,46.4944256],[6.8912984,46.4941514],[6.8911966,46.4938149],[6.8910952,46.4933776],[6.8909796,46.4927639]]}},{"type":"Feature","properties":{"bridge":"yes","highway":"motorway","int_ref":"E 27","lanes":"2","layer":"1","maxspeed":"100","oneway":"yes","ref":"A12","toll":"yes","carriage_ref":"A"},"geometry":{"type":"LineString","coordinates":[[6.8869659,46.4868328],[6.886687,46.4863575],[6.8865072,46.4860009],[6.8863114,46.4855734],[6.8861402,46.4851209],[6.885997,46.4845974],[6.8858956,46.4840464],[6.8858506,46.4835302],[6.8858341,46.4830536]]}},{"type":"Feature","properties":{"highway":"motorway","int_ref":"E 27","lanes":"2","lit":"no","maxspeed":"120","oneway":"yes","ref":"A12","surface":"asphalt","toll":"yes","carriage_ref":"A"},"geometry":{"type":"LineString","coordinates":[[7.1377104,46.8193174],[7.1376408,46.8191703],[7.1375785,46.8190236],[7.1375169,46.8188677],[7.1374593,46.8187077],[7.1374095,46.8185483],[7.1373658,46.8183889],[7.1373278,46.8182274],[7.1372964,46.8180655],[7.1372708,46.8179017],[7.1372499,46.8177379],[7.137236,46.8175747],[7.1372274,46.8174114],[7.1372258,46.8172466],[7.1372302,46.8170821],[7.1372412,46.8169176],[7.1372573,46.8167535],[7.1372834,46.8165898],[7.1373142,46.816426],[7.1373465,46.8162607],[7.1373894,46.8160954],[7.1374257,46.815959],[7.1374673,46.8158228],[7.1375571,46.815552],[7.1376725,46.815239],[7.1377933,46.8149267],[7.13798,46.8144569],[7.1381613,46.813986],[7.1382705,46.8136721],[7.1383661,46.8133566],[7.1384079,46.8131968],[7.1384441,46.8130366],[7.1384718,46.8128744],[7.1384971,46.8127125],[7.138513,46.812551],[7.1385241,46.8123896],[7.1385265,46.8122679],[7.138527,46.8121453],[7.1385192,46.8119876],[7.1385068,46.8118294],[7.1384859,46.8116747],[7.1384614,46.8115202],[7.1384265,46.8113652],[7.1383872,46.8112114],[7.1383355,46.8110445],[7.1382825,46.810891],[7.1382232,46.8107392],[7.1381544,46.810588],[7.1380806,46.8104377],[7.1379982,46.8102864],[7.1379095,46.8101358],[7.1378157,46.8099902],[7.1377148,46.809846],[7.1376081,46.8097037],[7.1374962,46.8095628],[7.1373734,46.8094233],[7.1372481,46.8092863],[7.1371153,46.8091523],[7.136976,46.8090208],[7.1368348,46.808894],[7.1366853,46.808769],[7.1365342,46.8086474],[7.1363785,46.8085274],[7.1362234,46.8084132],[7.136064,46.8083013],[7.1358989,46.8081886],[7.1357324,46.8080779],[7.1353931,46.8078597],[7.1324233,46.8060295]]}},{"type":"Feature","properties":{"bridge":"yes","highway":"motorway","int_ref":"E 27","lanes":"2","layer":"2","maxspeed":"60","oneway":"yes","ref":"A12","surface":"asphalt","toll":"yes","last":"true","carriage_ref":"B"},"geometry":{"type":"LineString","coordinates":[[7.4067121,46.9480958],[7.4067018,46.9487305],[7.4067005,46.948911],[7.4066978,46.9491259],[7.4067024,46.9492823],[7.4067164,46.9494502],[7.4067339,46.9495631]]}},{"type":"Feature","properties":{"bridge":"yes","highway":"motorway","int_ref":"E 27","lanes":"2","layer":"1","maxspeed":"120","oneway":"yes","ref":"A12","toll":"yes","carriage_ref":"A"},"geometry":{"type":"LineString","coordinates":[[7.0123762,46.6215527],[7.0120012,46.6215215]]}},{"type":"Feature","properties":{"highway":"motorway","int_ref":"E 27","lanes":"3","maxspeed":"80","oneway":"yes","ref":"A12","surface":"asphalt","toll":"yes","turn:lanes":"||merge_to_left","carriage_ref":"A"},"geometry":{"type":"LineString","coordinates":[[7.4033185,46.9390254],[7.4031068,46.9389595],[7.4028907,46.9388966],[7.4026708,46.9388349],[7.4022544,46.9387241],[7.4018009,46.9386058],[7.4013616,46.9384876],[7.4010977,46.9384133]]}},{"type":"Feature","properties":{"highway":"motorway","int_ref":"E 27","lanes":"2","maxspeed":"120","oneway":"yes","ref":"A12","toll":"yes","carriage_ref":"B"},"geometry":{"type":"LineString","coordinates":[[7.2005666,46.8599629],[7.2015911,46.8606439]]}},{"type":"Feature","properties":{"bridge":"yes","highway":"motorway","int_ref":"E 27","lanes":"2","maxspeed":"120","oneway":"yes","ref":"A12","toll":"yes","carriage_ref":"A"},"geometry":{"type":"LineString","coordinates":[[6.9254438,46.581408],[6.9252783,46.5811826]]}},{"type":"Feature","properties":{"highway":"motorway","int_ref":"E 27","lanes":"2","maxspeed":"120","oneway":"yes","ref":"A12","toll":"yes","carriage_ref":"A"},"geometry":{"type":"LineString","coordinates":[[6.9065897,46.5105765],[6.9062181,46.5099874],[6.9060603,46.5097658],[6.9058481,46.5095047],[6.9055861,46.5092039],[6.9053048,46.5089354],[6.9047957,46.5085024],[6.9045321,46.5083094],[6.9042484,46.5081181],[6.9038767,46.5078818],[6.9026035,46.5070473],[6.9020827,46.5066829],[6.9017032,46.5063858],[6.9014314,46.5061566],[6.9013441,46.5060694],[6.9010882,46.5058344],[6.9007933,46.5055059],[6.9000397,46.5046067],[6.8991594,46.5036291],[6.8988982,46.50337],[6.8984982,46.5030415],[6.8979108,46.5026269],[6.8966522,46.5017703]]}},{"type":"Feature","properties":{"avz":"324","cs_dir:forward":"1","highway":"motorway","int_ref":"E 27","lanes":"2","maxspeed":"120","oneway":"yes","ref":"A12","source":"Orthophoto 2005, Etat de Fribourg, 50 cm","toll":"yes","carriage_ref":"B"},"geometry":{"type":"LineString","coordinates":[[6.9115475,46.5309971],[6.9117291,46.5317031],[6.9119586,46.5323839],[6.9121411,46.5329326],[6.9123721,46.5335592],[6.9126302,46.5341586],[6.9129199,46.5348716],[6.9133001,46.5358028],[6.9136418,46.5366453],[6.9139272,46.5374575],[6.9141546,46.5381768],[6.9143609,46.5388782],[6.9145353,46.5395589],[6.9147236,46.5403809],[6.9148877,46.5411882],[6.915017,46.5419097],[6.9151013,46.5425884],[6.9151961,46.5432944],[6.9152512,46.5439777],[6.9152778,46.5446193],[6.9152859,46.5448401],[6.9153123,46.545557],[6.9152965,46.5464834],[6.9152248,46.5488012],[6.9151647,46.5506777],[6.9151639,46.5519919],[6.9151854,46.5528931],[6.9152377,46.553914],[6.9152774,46.554545],[6.915335,46.5552877],[6.915406,46.5559636],[6.9154906,46.5567232],[6.915623,46.5577146]]}},{"type":"Feature","properties":{"avz":"184","cs_dir:forward":"1","highway":"motorway","int_ref":"E 27","lanes":"2","maxspeed":"100","oneway":"yes","ref":"A12","ssvz":"950N","toll":"yes","carriage_ref":"B"},"geometry":{"type":"LineString","coordinates":[[7.3951182,46.9337449],[7.3953215,46.9338767],[7.3955139,46.934011],[7.3956762,46.9341321],[7.3958293,46.9342544],[7.3959785,46.9343824],[7.3961206,46.9345119],[7.3962598,46.9346481],[7.3963887,46.934784],[7.3965114,46.9349229],[7.3966307,46.935066],[7.3967449,46.9352099],[7.3969634,46.935498],[7.397176,46.9357858],[7.3972833,46.9359268],[7.3973955,46.9360673],[7.397512,46.9362072],[7.3976332,46.9363458],[7.3977608,46.9364795],[7.3978953,46.9366122],[7.3980349,46.9367405],[7.3981794,46.9368648],[7.3983372,46.9369911],[7.398493,46.9371077],[7.3986562,46.9372238],[7.3988259,46.9373351],[7.3989949,46.9374391],[7.3991758,46.9375445],[7.3993635,46.937646],[7.3995382,46.9377336],[7.3997343,46.9378259],[7.3999202,46.9379083],[7.4001076,46.9379849]]}},{"type":"Feature","properties":{"destination":"Fribourg-Nord;Fribourg-Centre;Avenches;Site historique","highway":"motorway","int_ref":"E 27","lanes":"2","lit":"no","maxspeed":"120","oneway":"yes","ref":"A12","surface":"asphalt","toll":"yes","carriage_ref":"B"},"geometry":{"type":"LineString","coordinates":[[7.123185,46.8025393],[7.123465,46.8025663],[7.1239488,46.8026203],[7.1241765,46.8026489],[7.1244031,46.8026785],[7.1246299,46.8027124],[7.124856,46.8027485],[7.1253072,46.8028283]]}},{"type":"Feature","properties":{"bridge":"yes","highway":"motorway","int_ref":"E 27","lanes":"2","layer":"1","maxspeed":"120","oneway":"yes","ref":"A12","toll":"yes","carriage_ref":"B"},"geometry":{"type":"LineString","coordinates":[[7.2614866,46.8742365],[7.2617067,46.8742842]]}},{"type":"Feature","properties":{"highway":"motorway","int_ref":"E 27","lanes":"2","maxspeed":"100","oneway":"yes","ref":"A12","toll":"yes","carriage_ref":"A"},"geometry":{"type":"LineString","coordinates":[[7.3852092,46.932042],[7.3850181,46.9319949],[7.3848242,46.9319451],[7.3846497,46.9318976]]}},{"type":"Feature","properties":{"highway":"motorway","int_ref":"E 27","lanes":"2","maxspeed":"120","oneway":"yes","ref":"A12","toll":"yes","carriage_ref":"B"},"geometry":{"type":"LineString","coordinates":[[6.910811,46.5182583],[6.9113809,46.5193417],[6.9116545,46.5199486],[6.9118609,46.5204815],[6.9119771,46.5208678],[6.9120776,46.5212852],[6.9121476,46.5217441],[6.9121927,46.5221652],[6.9121998,46.5226649],[6.9121623,46.5231935],[6.912072,46.5238355],[6.9119107,46.524612],[6.9116591,46.5257215],[6.9115603,46.5262012],[6.9114646,46.5268367],[6.9113914,46.5274906],[6.9113561,46.5279654],[6.9113402,46.5284027]]}},{"type":"Feature","properties":{"highway":"motorway","int_ref":"E 27","lanes":"2","maxspeed":"120","oneway":"yes","ref":"A12","toll":"yes","carriage_ref":"A"},"geometry":{"type":"LineString","coordinates":[[6.9518672,46.6045711],[6.9512563,46.6042662],[6.9506141,46.6039289],[6.9495744,46.6032883],[6.9484981,46.6025747],[6.9474283,46.6018582],[6.9463697,46.6011225],[6.9446079,46.5998513],[6.9433097,46.5989002],[6.9424207,46.5982204],[6.9412256,46.5972973],[6.9396525,46.5960274],[6.9381246,46.5947536],[6.9365014,46.5933359],[6.934786,46.5917893],[6.9330404,46.5901205],[6.9316195,46.5887015],[6.9308873,46.58794],[6.9303066,46.5873125],[6.9291132,46.5859854],[6.928335,46.5850825],[6.9270692,46.583539],[6.9259054,46.5820343],[6.9254438,46.581408]]}},{"type":"Feature","properties":{"destination":"Niederwangen","highway":"motorway","int_ref":"E 27","lanes":"2","maxspeed":"120","oneway":"yes","ref":"A12","toll":"yes","carriage_ref":"B"},"geometry":{"type":"LineString","coordinates":[[7.3191925,46.8891579],[7.3197233,46.8891151],[7.3201883,46.8890693],[7.32065,46.8890151],[7.3211309,46.8889506],[7.3214449,46.8889044],[7.3218888,46.8888321],[7.3225711,46.8887114]]}},{"type":"Feature","properties":{"avz":"107","cs_dir:forward":"1","highway":"motorway","int_ref":"E 27","lanes":"2","maxspeed":"120","oneway":"yes","ref":"A12","ssvz":"959N","toll":"yes","carriage_ref":"B"},"geometry":{"type":"LineString","coordinates":[[7.2745393,46.8755894],[7.2749988,46.8756761],[7.2754566,46.8757724],[7.2759074,46.875879],[7.2763537,46.8759924],[7.2767942,46.8761169],[7.2772298,46.8762498]]}},{"type":"Feature","properties":{"highway":"motorway","int_ref":"E 27","lanes":"3","maxspeed":"120","oneway":"yes","ref":"A12","toll":"yes","carriage_ref":"B"},"geometry":{"type":"LineString","coordinates":[[6.8911193,46.4927427],[6.8913206,46.4937384],[6.8914419,46.4941075],[6.891565,46.4944017],[6.8917507,46.4947994],[6.8919912,46.4951569],[6.8924178,46.4957198],[6.8928755,46.4963112]]}},{"type":"Feature","properties":{"destination":"Matran","highway":"motorway","int_ref":"E 27","lanes":"2","lit":"no","maxspeed":"120","oneway":"yes","ref":"A12","surface":"asphalt","toll":"yes","carriage_ref":"A"},"geometry":{"type":"LineString","coordinates":[[7.131324,46.8053534],[7.1306638,46.8049585],[7.130306,46.8047544],[7.1299379,46.8045524],[7.1295706,46.8043596],[7.1293751,46.8042623],[7.1291859,46.8041698],[7.1289925,46.8040767],[7.1287941,46.8039877],[7.1285908,46.8039016],[7.1283862,46.8038169],[7.1281912,46.8037397],[7.1279866,46.8036626],[7.1277792,46.8035864],[7.1275699,46.8035134],[7.1272606,46.8034124]]}},{"type":"Feature","properties":{"highway":"motorway","int_ref":"E 27","lanes":"2","maxspeed":"120","oneway":"yes","ref":"A12","surface":"asphalt","toll":"yes","carriage_ref":"A"},"geometry":{"type":"LineString","coordinates":[[6.9746204,46.6152862],[6.9730137,46.6150174],[6.9722892,46.6148869],[6.9716691,46.6147588],[6.9709566,46.6145974],[6.9705349,46.6144943],[6.9701449,46.6143868],[6.9698663,46.6143065],[6.9695023,46.6142015],[6.9691088,46.6140769],[6.968766,46.613961],[6.9682433,46.613772],[6.9676154,46.61353],[6.9669832,46.6132698],[6.9663303,46.612969],[6.9657653,46.6126863],[6.9651739,46.6123757],[6.9646435,46.6120723],[6.9638651,46.6115996],[6.963132,46.6110823],[6.9619921,46.6101936],[6.9612464,46.6095685],[6.960257,46.608757],[6.9600296,46.60858],[6.9598045,46.6084155],[6.9591316,46.6079434],[6.9587562,46.6077055],[6.9579796,46.607236],[6.9574586,46.6069604],[6.9570052,46.6067344],[6.9562285,46.6063736],[6.9553654,46.6060179],[6.9540341,46.6055001],[6.9529242,46.6050491],[6.9523966,46.6048164]]}},{"type":"Feature","properties":{"bridge":"yes","highway":"motorway","int_ref":"E 27","lanes":"2","layer":"1","maxspeed":"120","oneway":"yes","ref":"A12","toll":"yes","carriage_ref":"B"},"geometry":{"type":"LineString","coordinates":[[7.3075159,46.8890007],[7.3157503,46.889214],[7.316094,46.8892214],[7.316482,46.8892307],[7.3167735,46.8892331]]}},{"type":"Feature","properties":{"highway":"motorway","int_ref":"E 27","lanes":"2","maxspeed":"120","oneway":"yes","ref":"A12","toll":"yes","carriage_ref":"A"},"geometry":{"type":"LineString","coordinates":[[7.1725297,46.847622],[7.1721421,46.8474223],[7.1717659,46.8472203],[7.1713988,46.8470168],[7.171037,46.8468098],[7.1706813,46.8465999],[7.1703279,46.8463849],[7.169977,46.8461674],[7.1696305,46.845948],[7.1692859,46.8457278],[7.1687731,46.8453909],[7.1682653,46.8450528],[7.1672574,46.8443698],[7.1652485,46.8430039],[7.1614351,46.8404083],[7.1609382,46.8400685],[7.1604478,46.8397261],[7.1600041,46.8394073],[7.1595729,46.8390841],[7.1592675,46.8388458],[7.1589701,46.8386059],[7.1586791,46.8383622],[7.1583957,46.8381154],[7.1581114,46.8378587],[7.1578368,46.8375994],[7.1575596,46.8373308],[7.1572915,46.8370601],[7.1570335,46.8367888],[7.1567838,46.8365166],[7.1565413,46.8362397],[7.1563073,46.8359615],[7.1560753,46.8356769],[7.1558514,46.8353904],[7.1556358,46.8350996],[7.1554294,46.8348063],[7.1552294,46.8345151],[7.1550357,46.8342235],[7.154841,46.8339267],[7.1546504,46.8336289],[7.1544593,46.8333273],[7.1541612,46.8328367]]}},{"type":"Feature","properties":{"highway":"motorway","int_ref":"E 27","lanes":"2","maxspeed":"120","oneway":"yes","ref":"A12","toll":"yes","carriage_ref":"B"},"geometry":{"type":"LineString","coordinates":[[7.3510648,46.89523],[7.3512262,46.8955929],[7.351432,46.8960627],[7.3515683,46.8963658],[7.3517132,46.896669],[7.3518784,46.8969747],[7.35206,46.8972751],[7.3522588,46.8975686],[7.3524703,46.89785],[7.3526927,46.8981317],[7.3531508,46.8987022],[7.3533708,46.8989917],[7.3535766,46.899285],[7.3537685,46.8995829],[7.3539431,46.8998834],[7.3541074,46.9001883],[7.3542544,46.900497],[7.3543883,46.9008093],[7.3545076,46.9011207],[7.3546181,46.9014362],[7.3550897,46.902849],[7.3552001,46.9031631],[7.3552924,46.9034194],[7.3554093,46.903732],[7.3555306,46.9040416],[7.3556629,46.9043493],[7.3558021,46.9046587],[7.3559509,46.9049683],[7.3560711,46.9051991],[7.3561934,46.9054264],[7.3563687,46.9057233],[7.3565552,46.9060233],[7.356758,46.9063247],[7.3569732,46.906624],[7.3571925,46.906908],[7.3574211,46.9071899],[7.3576645,46.9074783],[7.3584314,46.9083687],[7.3586642,46.9086574],[7.3588865,46.9089477],[7.3590958,46.9092443],[7.3592886,46.9095395],[7.3594737,46.9098441],[7.3596513,46.9101473],[7.3598236,46.9104579],[7.3599904,46.9107606],[7.3601551,46.911065],[7.3603204,46.911373],[7.3621798,46.9148932],[7.3625089,46.915502],[7.3628428,46.9161049],[7.3630141,46.9164163],[7.3631836,46.9167212],[7.3633547,46.917025],[7.3635279,46.9173267],[7.3636902,46.917596],[7.3637724,46.9177279],[7.3638612,46.9178596],[7.3639606,46.9180048],[7.3640652,46.9181487],[7.3641746,46.9182883],[7.364288,46.9184258],[7.3644053,46.9185618],[7.3645269,46.9186972],[7.3646551,46.9188325],[7.3647882,46.9189662],[7.3649232,46.9190948],[7.3650636,46.9192229],[7.3652289,46.9193653],[7.3653996,46.9195075],[7.3655745,46.9196448],[7.3657552,46.9197783],[7.3660914,46.9200128],[7.3664393,46.9202373],[7.3667876,46.9204474],[7.3671042,46.9206302],[7.3674257,46.9208117],[7.3708344,46.9226655]]}},{"type":"Feature","properties":{"highway":"motorway","int_ref":"E 27","lanes":"3","maxspeed":"120","oneway":"yes","ref":"A12","toll":"yes","turn:lanes":"none|none|merge_to_left","carriage_ref":"A"},"geometry":{"type":"LineString","coordinates":[[7.1872418,46.8536358],[7.1851991,46.8528257]]}},{"type":"Feature","properties":{"highway":"motorway","int_ref":"E 27","lanes":"2","lit":"no","maxspeed":"120","oneway":"yes","ref":"A12","toll":"yes","carriage_ref":"B"},"geometry":{"type":"LineString","coordinates":[[7.0871993,46.721802],[7.0869639,46.7221198],[7.086865,46.7222668],[7.0867687,46.7224143],[7.0866776,46.7225609],[7.0865906,46.7227096],[7.0865074,46.7228597],[7.0864287,46.72301],[7.0863524,46.7231614],[7.0862797,46.7233151],[7.0862128,46.7234693],[7.0861491,46.723623],[7.0860891,46.7237774],[7.0860345,46.723932],[7.0859843,46.7240857],[7.0859373,46.7242398],[7.085892,46.7244028],[7.0858526,46.7245654],[7.0858181,46.7247237],[7.0857872,46.7248779],[7.0857605,46.7250369],[7.0857383,46.7251975],[7.0857187,46.7253597],[7.085705,46.7255172],[7.085695,46.7256752],[7.0856895,46.7258432],[7.0856878,46.7260005],[7.0856908,46.7261651],[7.0856986,46.7263301],[7.085724,46.7266492],[7.0857618,46.7269417],[7.0858037,46.7271836]]}},{"type":"Feature","properties":{"highway":"motorway","int_ref":"E 27","lanes":"2","maxspeed":"100","oneway":"yes","ref":"A12","toll":"yes","carriage_ref":"B"},"geometry":{"type":"LineString","coordinates":[[7.3708344,46.9226655],[7.3744972,46.9246582],[7.3752081,46.9250559],[7.3755727,46.925267],[7.3759321,46.925481],[7.3762839,46.9257008],[7.3766287,46.9259253],[7.3769616,46.9261523],[7.377125,46.9262691],[7.3772864,46.9263864],[7.3774461,46.9265059],[7.3776017,46.9266248],[7.3779162,46.9268746],[7.3780665,46.927],[7.3782129,46.9271247],[7.3783607,46.9272545],[7.3785045,46.9273829],[7.3786493,46.9275175],[7.3787874,46.9276484],[7.3789259,46.927783],[7.3790587,46.9279146],[7.3791926,46.9280515],[7.3793224,46.9281883],[7.3795786,46.9284569],[7.3798289,46.9287234],[7.3800914,46.9289975],[7.3802208,46.9291304],[7.3803532,46.9292641],[7.3804888,46.9293975],[7.3806316,46.9295361],[7.3807819,46.929679]]}},{"type":"Feature","properties":{"highway":"motorway","int_ref":"E 27","lanes":"2","lit":"no","maxspeed":"120","oneway":"yes","ref":"A12","toll":"yes","carriage_ref":"B"},"geometry":{"type":"LineString","coordinates":[[7.0866661,46.7300089],[7.0868513,46.7305461],[7.0869538,46.7308583],[7.087051,46.7311711],[7.0871391,46.7314838],[7.0872197,46.7318014],[7.0872912,46.7321198],[7.0873527,46.7324425],[7.0874021,46.7327592],[7.0874406,46.7330797],[7.0874702,46.7334],[7.0874889,46.7337203],[7.0874983,46.7340761],[7.0874941,46.7344336],[7.087478,46.7347602],[7.0874522,46.735084],[7.0874163,46.7354075],[7.0873952,46.7355685],[7.0873709,46.7357278],[7.0873181,46.7360511],[7.0872585,46.7363741],[7.0871916,46.7366953],[7.0870492,46.7373366],[7.0868994,46.737975],[7.0868209,46.7382946],[7.0867475,46.7386158],[7.0866781,46.7389314],[7.0866138,46.7392487],[7.0865536,46.7395659],[7.0864998,46.739884],[7.086453,46.7402074],[7.0864131,46.7405297],[7.0863788,46.740853],[7.0863536,46.7411703],[7.0863333,46.7414894],[7.0863204,46.7418122],[7.086314,46.742135],[7.0863132,46.7424584],[7.0863209,46.742781],[7.0863347,46.7431027],[7.0863542,46.7434242],[7.0863809,46.7437484],[7.086415,46.7440682],[7.086455,46.7443886],[7.0865019,46.7447083],[7.0865565,46.7450271],[7.0866166,46.7453426],[7.086683,46.7456572],[7.0867566,46.7459781],[7.086837,46.746298],[7.0869229,46.7466114],[7.0870161,46.7469247],[7.0871156,46.7472374],[7.0872213,46.7475498],[7.0873353,46.7478633],[7.0874551,46.748176],[7.0877111,46.7487882],[7.0878491,46.7490942],[7.0879939,46.7493996],[7.0882963,46.7500116],[7.0886059,46.750604],[7.088929,46.7511985],[7.0894185,46.7520817],[7.0900103,46.753143],[7.0901755,46.7534447],[7.0903377,46.7537462],[7.090492,46.7540489],[7.0905677,46.7542051],[7.0906404,46.7543613],[7.0907074,46.7545125],[7.0907714,46.7546638],[7.090838,46.7548351],[7.0909025,46.7550064],[7.0909504,46.7551486],[7.0909965,46.7552907],[7.0910442,46.7554465],[7.0910877,46.7556023],[7.091129,46.7557589],[7.0911667,46.7559153],[7.0911999,46.7560737],[7.0912305,46.7562317],[7.0912822,46.7565514],[7.0913193,46.7568678],[7.0913446,46.757187],[7.0913555,46.7575093],[7.0913514,46.7578262],[7.0913344,46.7581433],[7.0913147,46.7583777],[7.0912893,46.7585844]]}},{"type":"Feature","properties":{"bridge":"yes","highway":"motorway","int_ref":"E 27","lanes":"2","layer":"1","maxspeed":"120","name":"Toggelilochbrücke","oneway":"yes","ref":"A12","toll":"yes","carriage_ref":"B"},"geometry":{"type":"LineString","coordinates":[[7.1837119,46.8521371],[7.1852302,46.8527389]]}},{"type":"Feature","properties":{"bridge":"yes","highway":"motorway","int_ref":"E 27","lanes":"2","layer":"1","maxspeed":"120","oneway":"yes","ref":"A12","toll":"yes","carriage_ref":"B"},"geometry":{"type":"LineString","coordinates":[[7.2300652,46.8702626],[7.2308747,46.8703149],[7.2316909,46.8703578],[7.2321724,46.87038]]}},{"type":"Feature","properties":{"highway":"motorway","int_ref":"E 27","lanes":"2","layer":"-1","lit":"yes","maxspeed":"100","name":"Tunnel de Gumefens","oneway":"yes","ref":"A12","toll":"yes","tunnel":"yes","tunnel:name":"Gumefens","carriage_ref":"A"},"geometry":{"type":"LineString","coordinates":[[7.078177,46.6776352],[7.0776232,46.6766099],[7.076848,46.6746318]]}},{"type":"Feature","properties":{"highway":"motorway","int_ref":"E 27","lanes":"2","layer":"-1","lit":"no","maxspeed":"100","name":"Tunnel Avry","oneway":"yes","ref":"A12","toll":"yes","tunnel":"yes","tunnel:name":"Avry","carriage_ref":"B"},"geometry":{"type":"LineString","coordinates":[[7.091131,46.6856742],[7.0916908,46.6861376],[7.0920494,46.6865262],[7.0922716,46.6868853]]}},{"type":"Feature","properties":{"highway":"motorway","int_ref":"E 27","lanes":"2","lit":"no","maxspeed":"120","oneway":"yes","ref":"A12","toll":"yes","carriage_ref":"B"},"geometry":{"type":"LineString","coordinates":[[7.0486827,46.636663],[7.0489225,46.6369543],[7.0492542,46.6373638],[7.0495288,46.6376944],[7.0498495,46.6380751],[7.0501043,46.6383684],[7.0504454,46.6387537],[7.0508134,46.6391474],[7.0522386,46.6405676],[7.0534427,46.6416408],[7.0546728,46.6425982],[7.0559483,46.6434855],[7.0573468,46.6443546],[7.0591757,46.6453826],[7.0611083,46.6464632],[7.062309,46.6471785],[7.0634871,46.647955],[7.0642426,46.6485158],[7.0649783,46.6490961],[7.0659636,46.6499735],[7.0668673,46.6508909],[7.0674631,46.6515741],[7.0680228,46.6522733],[7.0685738,46.6530475],[7.0689998,46.6537591],[7.0694682,46.6545627],[7.0699084,46.6554714],[7.0703555,46.656437],[7.0707656,46.6574449],[7.072966,46.6634908]]}},{"type":"Feature","properties":{"bridge":"yes","destination":"Bulle","highway":"motorway","int_ref":"E 27","lanes":"2","layer":"1","maxspeed":"120","oneway":"yes","ref":"A12","toll":"yes","carriage_ref":"B"},"geometry":{"type":"LineString","coordinates":[[6.9750239,46.6152622],[6.9751622,46.6152847]]}},{"type":"Feature","properties":{"highway":"motorway","int_ref":"E 27","lanes":"3","maxspeed":"120","oneway":"yes","ref":"A12","toll":"yes","carriage_ref":"B"},"geometry":{"type":"LineString","coordinates":[[6.8967524,46.5017126],[6.8980221,46.5025634],[6.8984624,46.5028635],[6.8989672,46.5032605],[6.8992756,46.5035497],[6.8996037,46.5038804],[6.9001093,46.5044666],[6.9008807,46.505421],[6.9010874,46.5056514],[6.9015358,46.5060884],[6.9019071,46.5064034],[6.9022068,46.5066368],[6.9027185,46.5069934],[6.9030163,46.5071825],[6.9034604,46.5074714]]}},{"type":"Feature","properties":{"highway":"motorway","int_ref":"E 27","lanes":"2","maxspeed":"120","oneway":"yes","ref":"A12","toll":"yes","carriage_ref":"A"},"geometry":{"type":"LineString","coordinates":[[7.3226011,46.8887951],[7.321919,46.888916],[7.3214669,46.8889888],[7.3211529,46.8890353],[7.3206774,46.8890985],[7.3202054,46.8891542],[7.319736,46.889201],[7.3188051,46.8892693],[7.3185449,46.8892832],[7.318313,46.8892945],[7.3180771,46.8893022],[7.3178389,46.88931],[7.3176079,46.8893146],[7.3173697,46.8893204],[7.3167736,46.8893202]]}},{"type":"Feature","properties":{"highway":"motorway","int_ref":"E 27","lanes":"3","maxspeed":"120","oneway":"yes","ref":"A12","toll":"yes","first":"true","carriage_ref":"B"},"geometry":{"type":"LineString","coordinates":[[6.8654158,46.4775841],[6.8655456,46.477687],[6.8656321,46.4777593],[6.865765,46.4778753],[6.8660864,46.478179],[6.8669691,46.4790903],[6.8676761,46.4797796],[6.8685095,46.4805051],[6.8690579,46.4809511],[6.8695589,46.4813236],[6.8699897,46.4815968],[6.8703431,46.4817854],[6.8706643,46.4819183],[6.8709808,46.4820405],[6.8712432,46.4821176],[6.8715541,46.4821937],[6.8718968,46.4822511],[6.8723279,46.4822986],[6.8727304,46.4823148],[6.8731491,46.4822992],[6.8735658,46.4822637],[6.8740107,46.4821851],[6.8744234,46.4820822],[6.8748775,46.4819299],[6.8753075,46.4817303],[6.8756527,46.4815296],[6.8760008,46.4812827],[6.8763557,46.4809764],[6.8773821,46.4799576],[6.8779387,46.4795059],[6.8782669,46.4793035],[6.8785449,46.4791535],[6.8789094,46.4790013],[6.879332,46.4788581],[6.8797297,46.4787489],[6.8801682,46.4786579],[6.8806082,46.478602],[6.8811477,46.4785714],[6.8815865,46.4785759],[6.8820462,46.4786169],[6.8825176,46.4786986],[6.882906,46.4787925],[6.8833682,46.4789313],[6.8837299,46.4790784],[6.8840844,46.4792434],[6.8844138,46.4794384],[6.884694,46.4796401],[6.8848561,46.4797733],[6.8851294,46.4800212],[6.8853816,46.4803155],[6.8855828,46.4806268],[6.8857288,46.4809048],[6.8858117,46.4811511],[6.8858794,46.4814205],[6.8859388,46.4817171],[6.88597,46.4820583],[6.8859865,46.4824602],[6.8859928,46.4830362]]}},{"type":"Feature","properties":{"highway":"motorway","int_ref":"E 27","lanes":"2","maxspeed":"120","oneway":"yes","ref":"A12","toll":"yes","carriage_ref":"A"},"geometry":{"type":"LineString","coordinates":[[7.2015065,46.860706],[7.200484,46.8600269]]}},{"type":"Feature","properties":{"highway":"motorway","int_ref":"E 27","lanes":"2","lit":"no","maxspeed":"120","oneway":"yes","ref":"A12","toll":"yes","carriage_ref":"B"},"geometry":{"type":"LineString","coordinates":[[7.0899962,46.7822313],[7.0900159,46.7823903],[7.0900379,46.7825487],[7.0900876,46.7827861],[7.0901275,46.7829433],[7.0901748,46.7830999],[7.0902267,46.783257],[7.0902857,46.7834104],[7.0903501,46.7835614],[7.0904228,46.7837167],[7.0905,46.7838676],[7.0905843,46.7840183],[7.090673,46.7841654],[7.0907672,46.7843102],[7.0908675,46.7844542],[7.0909747,46.7845966],[7.0910854,46.7847333],[7.0912053,46.7848737],[7.091328,46.7850093],[7.0915205,46.785206],[7.0916666,46.7853423],[7.0918048,46.7854661],[7.0919527,46.7855901],[7.0921067,46.7857132],[7.092268,46.7858339],[7.0924314,46.7859515],[7.0925884,46.7860579],[7.0927599,46.7861675],[7.0929343,46.7862755],[7.0931104,46.7863812],[7.093295,46.786486],[7.0934817,46.7865891],[7.093664,46.786687],[7.0938481,46.7867834],[7.0942263,46.7869766],[7.0946097,46.7871664],[7.0980464,46.7888596],[7.1014753,46.7905605],[7.1018592,46.7907594],[7.1022223,46.7909514],[7.1025764,46.7911485],[7.1028423,46.7913049]]}},{"type":"Feature","properties":{"highway":"motorway","int_ref":"E 27","lanes":"2","lit":"no","maxspeed":"120","oneway":"yes","ref":"A12","surface":"asphalt","toll":"yes","carriage_ref":"A"},"geometry":{"type":"LineString","coordinates":[[7.1272606,46.8034124],[7.126972,46.8033257],[7.1267177,46.803252],[7.1264974,46.8031913],[7.1262759,46.8031338],[7.1260567,46.8030801],[7.1258366,46.8030294],[7.1256126,46.80298],[7.1252737,46.8029106],[7.1248302,46.802832],[7.1246085,46.8027971],[7.1243849,46.8027641],[7.1241609,46.8027344],[7.123936,46.8027064],[7.1234512,46.8026522]]}},{"type":"Feature","properties":{"bridge":"yes","highway":"motorway","int_ref":"E 27","lanes":"2","layer":"1","lit":"no","maxspeed":"120","oneway":"yes","ref":"A12","toll":"yes","carriage_ref":"B"},"geometry":{"type":"LineString","coordinates":[[7.1042123,46.7922241],[7.1044835,46.7924376]]}},{"type":"Feature","properties":{"highway":"motorway","int_ref":"E 27","lanes":"2","maxspeed":"120","oneway":"yes","ref":"A12","toll":"yes","carriage_ref":"A"},"geometry":{"type":"LineString","coordinates":[[6.9987571,46.6193419],[6.9968518,46.6189615],[6.9951389,46.6186381],[6.9928162,46.6182366]]}},{"type":"Feature","properties":{"bridge":"yes","highway":"motorway","int_ref":"E 27","lanes":"2","layer":"1","maxspeed":"120","oneway":"yes","ref":"A12","toll":"yes","carriage_ref":"A"},"geometry":{"type":"LineString","coordinates":[[6.9114212,46.5310194],[6.9113473,46.5306895],[6.9112837,46.5303102],[6.9112388,46.5298637],[6.9112172,46.5294281],[6.9112124,46.5289561],[6.9112117,46.5284057]]}},{"type":"Feature","properties":{"bridge":"yes","highway":"motorway","int_ref":"E 27","lanes":"2","layer":"1","lit":"no","maxspeed":"120","oneway":"yes","ref":"A12","toll":"yes","carriage_ref":"B"},"geometry":{"type":"LineString","coordinates":[[7.0481415,46.6359821],[7.0485707,46.6365221],[7.0486827,46.636663]]}},{"type":"Feature","properties":{"bridge":"yes","highway":"motorway","int_ref":"E 27","lanes":"2","layer":"1","maxspeed":"120","oneway":"yes","ref":"A12","toll":"yes","carriage_ref":"B"},"geometry":{"type":"LineString","coordinates":[[6.9926733,46.6181162],[6.9929113,46.6181567]]}},{"type":"Feature","properties":{"highway":"motorway","int_ref":"E 27","lanes":"2","lit":"no","maxspeed":"120","oneway":"yes","ref":"A12","toll":"yes","carriage_ref":"A"},"geometry":{"type":"LineString","coordinates":[[7.0911763,46.7584411],[7.0912081,46.7581361],[7.0912259,46.7578255],[7.0912277,46.7575067],[7.0912178,46.7571911],[7.0911941,46.7568715],[7.0911588,46.7565588],[7.0911069,46.7562419],[7.0910753,46.7560836],[7.0910415,46.7559252],[7.0910041,46.7557702],[7.0909637,46.7556151],[7.0909201,46.7554607],[7.0908741,46.7553063],[7.0908277,46.7551644],[7.0907792,46.7550223],[7.0907156,46.7548546],[7.0906497,46.7546869],[7.0905853,46.7545351],[7.0905188,46.7543835],[7.0904477,46.7542316],[7.0903741,46.7540793],[7.0902187,46.7537755],[7.0900574,46.7534752],[7.0898925,46.7531752],[7.0892996,46.7521105],[7.0888106,46.7512271],[7.0884886,46.7506327],[7.0881745,46.7500354],[7.0878741,46.7494267],[7.0877291,46.7491187],[7.0875892,46.7488098],[7.0873349,46.7481968],[7.087214,46.7478828],[7.0870996,46.7475684],[7.0869913,46.7472549],[7.0868931,46.7469422],[7.0868006,46.7466278],[7.0867137,46.7463127],[7.0866329,46.7459905],[7.0865573,46.7456671],[7.0864927,46.7453521],[7.0864321,46.7450368],[7.0863779,46.7447164],[7.0863301,46.7443959],[7.0862896,46.7440744],[7.0862553,46.7437529],[7.086229,46.7434282],[7.0862098,46.743104],[7.086195,46.7427791],[7.086188,46.7424578],[7.0861876,46.7421351],[7.0861944,46.7418121],[7.0862072,46.7414881],[7.0862279,46.7411657],[7.086254,46.7408443],[7.0862893,46.7405224],[7.0863278,46.7402016],[7.0863754,46.739875],[7.0864293,46.7395538],[7.0864899,46.7392338],[7.0865539,46.7389178],[7.0866237,46.7386025],[7.0866972,46.7382809],[7.0867749,46.7379601],[7.0869252,46.7373226],[7.0870684,46.7366816],[7.0871335,46.7363627],[7.0871935,46.7360433],[7.0872451,46.73572],[7.0872694,46.7355609],[7.0872924,46.7354017],[7.0873276,46.7350784],[7.0873531,46.7347542],[7.0873684,46.734431],[7.0873725,46.7340772],[7.0873641,46.7337224],[7.0873448,46.7333999],[7.087315,46.7330829],[7.0872783,46.7327662],[7.0872274,46.7324479],[7.0871657,46.7321297],[7.0870959,46.7318121],[7.0870161,46.7314948],[7.0869274,46.7311862],[7.0868292,46.7308731],[7.0867274,46.7305598],[7.0865422,46.7300291]]}},{"type":"Feature","properties":{"highway":"motorway","int_ref":"E 27","lanes":"3","maxspeed":"120","oneway":"yes","ref":"A12","toll":"yes","carriage_ref":"B"},"geometry":{"type":"LineString","coordinates":[[6.8871432,46.486811],[6.8874023,46.487218],[6.8878163,46.4877588],[6.8882766,46.488328],[6.8894554,46.4897966],[6.8901365,46.4906336],[6.8904019,46.4910047],[6.8906182,46.4913439],[6.8907912,46.4916675]]}},{"type":"Feature","properties":{"bridge":"yes","highway":"motorway","int_ref":"E 27","lanes":"2","layer":"1","maxspeed":"120","oneway":"yes","ref":"A12","toll":"yes","carriage_ref":"A"},"geometry":{"type":"LineString","coordinates":[[7.2617152,46.8743761],[7.261494,46.8743275]]}},{"type":"Feature","properties":{"highway":"motorway","int_ref":"E 27","lanes":"2","lit":"no","maxspeed":"120","oneway":"yes","ref":"A12","toll":"yes","carriage_ref":"A"},"geometry":{"type":"LineString","coordinates":[[7.0376316,46.626788],[7.0361487,46.6260286],[7.0352687,46.6256263],[7.0343611,46.6252296],[7.0333395,46.6248194],[7.0326619,46.6245649],[7.0312182,46.624075],[7.0301535,46.6237472],[7.0288587,46.6233909],[7.0275366,46.6230773],[7.0266357,46.6228824],[7.0257112,46.6227028],[7.0249616,46.6225773],[7.0242628,46.6224728],[7.0236461,46.6223842],[7.0229796,46.6222988],[7.0218952,46.6221913],[7.0216745,46.6221695]]}},{"type":"Feature","properties":{"highway":"motorway","int_ref":"E 27","lanes":"2","lit":"no","maxspeed":"120","oneway":"yes","ref":"A12","surface":"asphalt","toll":"yes","carriage_ref":"B"},"geometry":{"type":"LineString","coordinates":[[7.1481622,46.8252851],[7.1484326,46.8254479],[7.1486085,46.8255575],[7.1487844,46.8256721],[7.1489602,46.825791],[7.1491296,46.8259105],[7.1492923,46.8260304],[7.1494504,46.8261525],[7.1496084,46.826278],[7.1497572,46.8264026],[7.1499039,46.8265296],[7.1500493,46.8266609],[7.1501845,46.8267896],[7.150321,46.8269249],[7.1504526,46.8270607],[7.1505798,46.8271974],[7.1507055,46.827338],[7.1508261,46.8274788],[7.1509802,46.8276697]]}},{"type":"Feature","properties":{"highway":"motorway","int_ref":"E 27","lanes":"2","lit":"no","maxspeed":"120","oneway":"yes","ref":"A12","toll":"yes","carriage_ref":"A"},"geometry":{"type":"LineString","coordinates":[[7.0873937,46.7213821],[7.0876713,46.7210733],[7.0878009,46.7209356],[7.0880728,46.7206649],[7.088356,46.7203918],[7.0886353,46.7201304],[7.0894769,46.7193642],[7.0897547,46.7191094],[7.0900273,46.7188554],[7.0903155,46.718579],[7.0904327,46.7184619],[7.0905485,46.7183443],[7.0906725,46.7182137],[7.0908057,46.7180704],[7.0909705,46.7178657],[7.0911329,46.7176725],[7.0913021,46.7174615],[7.0914699,46.717237],[7.0916622,46.7169514],[7.0918247,46.7166902],[7.0919423,46.7164801],[7.092056,46.7162586],[7.092301,46.7157009],[7.0924743,46.7152283],[7.0925959,46.7147409],[7.092686,46.7142445],[7.0927216,46.7137892],[7.0927285,46.7133533],[7.0926989,46.7129423],[7.0926434,46.712519],[7.0925535,46.7120976],[7.0924112,46.7116013],[7.0922425,46.711155],[7.0919739,46.7105692],[7.091806,46.7102737],[7.0914482,46.7097433],[7.0910363,46.7092083]]}},{"type":"Feature","properties":{"highway":"motorway","int_ref":"E 27","lanes":"2","maxspeed":"120","oneway":"yes","ref":"A12","toll":"yes","carriage_ref":"B"},"geometry":{"type":"LineString","coordinates":[[6.952421,46.6047412],[6.9528878,46.6049461],[6.9531898,46.6050618],[6.9540972,46.6054228],[6.9554182,46.6059386],[6.9563144,46.6063091],[6.9570654,46.6066542],[6.9575261,46.6068905],[6.957954,46.6071209],[6.9584587,46.6074084],[6.9588595,46.607649],[6.9592451,46.6079011],[6.9598913,46.6083546],[6.9603987,46.6087363],[6.9620992,46.6101443],[6.9632015,46.6110167],[6.963936,46.6115211],[6.964716,46.6120066],[6.96527,46.6123102],[6.9658464,46.6126088],[6.9663551,46.6128621],[6.9670344,46.6131822],[6.967667,46.6134438],[6.9682836,46.6136831],[6.9688129,46.6138724],[6.9695113,46.6141065],[6.9701837,46.614302],[6.9705879,46.6144112],[6.9710807,46.6145344],[6.9717139,46.6146771],[6.9723352,46.6148037],[6.9730384,46.614929],[6.9734904,46.6150116],[6.9746521,46.6152019]]}},{"type":"Feature","properties":{"destination":"Weyermannshaus","highway":"motorway","int_ref":"E 27","lanes":"2","maxspeed":"80","oneway":"yes","ref":"A12","surface":"asphalt","toll":"yes","carriage_ref":"B"},"geometry":{"type":"LineString","coordinates":[[7.4043817,46.9393277],[7.4046158,46.9394406],[7.4048034,46.939541],[7.4049855,46.9396477],[7.4051608,46.9397597],[7.4053466,46.9398895],[7.405531,46.9400351],[7.4057035,46.9401872],[7.4058499,46.9403283],[7.4059811,46.940469],[7.4060981,46.9406071],[7.4062096,46.9407549],[7.4063081,46.9409016],[7.4064025,46.9410588],[7.4064794,46.9412073],[7.4065537,46.9413723]]}},{"type":"Feature","properties":{"highway":"motorway","int_ref":"E 27","lanes":"2","maxspeed":"120","oneway":"yes","ref":"A12","toll":"yes","carriage_ref":"A"},"geometry":{"type":"LineString","coordinates":[[6.9104674,46.517871],[6.9097038,46.5164372],[6.9088702,46.5149313]]}},{"type":"Feature","properties":{"highway":"motorway","int_ref":"E 27","lanes":"2","maxspeed":"120","oneway":"yes","ref":"A12","toll":"yes","carriage_ref":"B"},"geometry":{"type":"LineString","coordinates":[[7.3167735,46.8892331],[7.3173716,46.8892343],[7.3176136,46.8892281],[7.3178427,46.8892239],[7.3180732,46.8892163],[7.3183078,46.889207],[7.3185418,46.8891978],[7.3187996,46.8891845],[7.3191925,46.8891579]]}},{"type":"Feature","properties":{"avz":"331","bridge":"yes","cs_dir:forward":"1","highway":"motorway","int_ref":"E 27","lanes":"3","layer":"1","maxspeed":"120","oneway":"yes","ref":"A12","toll":"yes","carriage_ref":"B"},"geometry":{"type":"LineString","coordinates":[[6.8956082,46.500734],[6.895782,46.5009066],[6.8960845,46.501179],[6.8963439,46.5013861],[6.8967524,46.5017126]]}},{"type":"Feature","properties":{"destination":"Rossens","highway":"motorway","int_ref":"E 27","lanes":"2","lit":"no","maxspeed":"120","oneway":"yes","ref":"A12","toll":"yes","carriage_ref":"A"},"geometry":{"type":"LineString","coordinates":[[7.0914163,46.7852502],[7.0912265,46.7850582],[7.0910976,46.7849175],[7.0909757,46.7847739],[7.0908638,46.7846354],[7.090757,46.7844931],[7.0906556,46.7843488],[7.0905608,46.7842037],[7.0904664,46.7840485],[7.0903835,46.7838998],[7.090306,46.7837494],[7.0902301,46.783588],[7.0901637,46.7834315],[7.0901033,46.7832735],[7.0900501,46.7831146],[7.0900035,46.7829553],[7.0899619,46.7827955],[7.0899142,46.7825549],[7.0898898,46.782393],[7.0898709,46.7822315],[7.0898613,46.7821111],[7.0898563,46.7819911],[7.0898547,46.7818295]]}},{"type":"Feature","properties":{"bridge":"yes","highway":"motorway","int_ref":"E 27","lanes":"2","layer":"1","maxspeed":"100","oneway":"yes","ref":"A12","toll":"yes","carriage_ref":"B"},"geometry":{"type":"LineString","coordinates":[[7.3883718,46.9323374],[7.3890237,46.9323613]]}},{"type":"Feature","properties":{"highway":"motorway","int_ref":"E 27","lanes":"2","maxspeed":"120","oneway":"yes","ref":"A12","toll":"yes","carriage_ref":"B"},"geometry":{"type":"LineString","coordinates":[[7.3451685,46.8902523],[7.3453736,46.8903288],[7.345785,46.8904956],[7.3461743,46.8906666],[7.3465574,46.8908523],[7.3469188,46.8910377],[7.3473045,46.8912492],[7.3476534,46.8914611],[7.3479881,46.8916791],[7.3483121,46.8919076],[7.3486317,46.8921515],[7.348938,46.892406],[7.3492245,46.8926633],[7.3495139,46.8929474],[7.3497754,46.8932262],[7.35,46.8934899],[7.3502226,46.8937768],[7.3504295,46.8940691],[7.3505283,46.8942195]]}},{"type":"Feature","properties":{"avz":"147","cs_dir:forward":"2","highway":"motorway","int_ref":"E 27","lanes":"2","lit":"no","maxspeed":"120","oneway":"yes","ref":"A12","ssvz":"808N","toll":"yes","carriage_ref":"A"},"geometry":{"type":"LineString","coordinates":[[7.0442336,46.6316186],[7.043691,46.6310916],[7.0433054,46.6307384],[7.0428709,46.6303587],[7.0422873,46.6298844],[7.041731,46.6294385],[7.0411837,46.6290283],[7.039979,46.6281911],[7.0389363,46.6275261],[7.0376316,46.626788]]}},{"type":"Feature","properties":{"bridge":"yes","highway":"motorway","int_ref":"E 27","lanes":"2","layer":"1","maxspeed":"120","oneway":"yes","ref":"A12","toll":"yes","carriage_ref":"A"},"geometry":{"type":"LineString","coordinates":[[7.2321723,46.8704667],[7.2316834,46.8704435],[7.230868,46.8704011],[7.2300453,46.8703488]]}},{"type":"Feature","properties":{"highway":"motorway","int_ref":"E 27","lanes":"2","maxspeed":"80","oneway":"yes","ref":"A12","toll":"yes","carriage_ref":"A"},"geometry":{"type":"LineString","coordinates":[[7.4010977,46.9384133],[7.4009141,46.9383596],[7.4007292,46.9383019],[7.4004869,46.9382226],[7.4002648,46.9381446],[7.4000474,46.9380609]]}},{"type":"Feature","properties":{"highway":"motorway","int_ref":"E 27","lanes":"2","layer":"-1","lit":"no","maxspeed":"100","name":"Tunnel Avry","oneway":"yes","ref":"A12","toll":"yes","tunnel":"yes","tunnel:name":"Avry","carriage_ref":"A"},"geometry":{"type":"LineString","coordinates":[[7.0921465,46.6869226],[7.0919195,46.6865787],[7.0915837,46.6862173],[7.0910039,46.6857012]]}},{"type":"Feature","properties":{"highway":"motorway","int_ref":"E 27","lanes":"2","maxspeed":"120","oneway":"yes","ref":"A12","toll":"yes","carriage_ref":"A"},"geometry":{"type":"LineString","coordinates":[[7.3353487,46.8884737],[7.3344056,46.8883984],[7.3334642,46.8883308],[7.3325313,46.8882749],[7.3315966,46.8882276],[7.3306672,46.8881896],[7.3297121,46.8881574],[7.3292448,46.8881474],[7.328783,46.8881378],[7.3283154,46.8881331],[7.3278535,46.888133],[7.3275636,46.8881374]]}},{"type":"Feature","properties":{"highway":"motorway","int_ref":"E 27","lanes":"2","maxspeed":"100","oneway":"yes","ref":"A12","toll":"yes","carriage_ref":"A"},"geometry":{"type":"LineString","coordinates":[[7.3797269,46.9287715],[7.379479,46.9285085],[7.3792225,46.9282371],[7.3790956,46.928105],[7.3789623,46.927969],[7.3788266,46.9278343],[7.3786884,46.9276994],[7.3785537,46.9275713],[7.3784128,46.9274414],[7.3782685,46.9273116],[7.3781197,46.9271814],[7.3779752,46.9270565],[7.3778239,46.9269313],[7.3775136,46.9266842],[7.3773615,46.9265676],[7.3772037,46.9264497],[7.3770447,46.9263335],[7.3768813,46.9262169],[7.3765558,46.9259943],[7.3762121,46.9257709],[7.375857,46.9255508],[7.3754995,46.9253368],[7.3751343,46.9251243],[7.3744176,46.9247228],[7.3707559,46.9227309]]}},{"type":"Feature","properties":{"highway":"motorway","int_ref":"E 27","lanes":"2","maxspeed":"100","oneway":"yes","ref":"A12","toll":"yes","carriage_ref":"A"},"geometry":{"type":"LineString","coordinates":[[6.8858341,46.4830536],[6.8858355,46.4826888],[6.8858334,46.4824061],[6.8858097,46.4819563],[6.8857763,46.4816545],[6.8857034,46.4813082],[6.8856391,46.4810985],[6.8855087,46.4807691],[6.8853365,46.4804713],[6.8851603,46.4802393],[6.8849323,46.4799937],[6.884718,46.4797963],[6.8844019,46.4795659],[6.8840655,46.4793573],[6.8837529,46.4792023],[6.8834321,46.4790689],[6.8831028,46.4789504],[6.8827518,46.478851],[6.8823347,46.4787662],[6.8818785,46.4787018],[6.8814692,46.4786743],[6.881035,46.4786731],[6.8805182,46.4787151],[6.8800969,46.4787729],[6.8797001,46.4788611],[6.8793762,46.4789563],[6.8790258,46.4790679],[6.8786691,46.4792182],[6.8783241,46.4793993],[6.8780683,46.4795649],[6.8777633,46.4797911],[6.8775069,46.4800215],[6.8772207,46.4802838],[6.8762999,46.4811946],[6.8760254,46.4814081],[6.8757735,46.4815898],[6.8755125,46.4817419],[6.8751935,46.4819058],[6.8749061,46.482031],[6.8745504,46.4821575],[6.8742106,46.4822449],[6.8738431,46.4823243],[6.8734927,46.4823753],[6.8731111,46.4824086],[6.8726486,46.482412],[6.8721978,46.4823855],[6.8717783,46.4823313],[6.871411,46.482259],[6.8710213,46.482161],[6.8708121,46.4820978]]}},{"type":"Feature","properties":{"avz":"175","cs_dir:forward":"2","highway":"motorway","int_ref":"E 27","lanes":"2","lit":"no","maxspeed":"120","oneway":"yes","ref":"A12","ssvz":"958N","surface":"asphalt","toll":"yes","carriage_ref":"A"},"geometry":{"type":"LineString","coordinates":[[7.1399573,46.8217889],[7.1397952,46.8216754],[7.1396371,46.8215589],[7.1394832,46.8214415],[7.1393217,46.8213098],[7.1391749,46.8211837],[7.1390376,46.8210598],[7.1388951,46.8209254],[7.1387606,46.8207907],[7.138633,46.8206532],[7.1385062,46.8205119],[7.138386,46.8203702],[7.1382742,46.8202276],[7.1381675,46.8200835],[7.1380643,46.8199358],[7.1379672,46.8197863],[7.137876,46.8196338],[7.1377894,46.8194806],[7.1377104,46.8193174]]}},{"type":"Feature","properties":{"bridge":"yes","highway":"motorway","int_ref":"E 27","lanes":"2","layer":"1","maxspeed":"120","oneway":"yes","ref":"A12","toll":"yes","carriage_ref":"A"},"geometry":{"type":"LineString","coordinates":[[7.3167736,46.8893202],[7.3164811,46.8893175],[7.3160932,46.8893096],[7.3157442,46.8893021],[7.3075807,46.889087]]}},{"type":"Feature","properties":{"highway":"motorway","int_ref":"E 27","lanes":"2","maxspeed":"120","oneway":"yes","ref":"A12","toll":"yes","carriage_ref":"B"},"geometry":{"type":"LineString","coordinates":[[6.915623,46.5577146],[6.9158396,46.5590826]]}},{"type":"Feature","properties":{"bridge":"yes","highway":"motorway","int_ref":"E 27","lanes":"3","layer":"1","maxspeed":"100","oneway":"yes","ref":"A12","toll":"yes","carriage_ref":"B"},"geometry":{"type":"LineString","coordinates":[[7.3857988,46.932078],[7.3859933,46.9321129],[7.3862219,46.9321506],[7.3864311,46.9321812],[7.3866739,46.9322127],[7.3868965,46.9322373],[7.3871214,46.9322589],[7.3873507,46.9322777],[7.3875751,46.9322942],[7.3877976,46.9323085],[7.3880638,46.9323233],[7.3883718,46.9323374]]}},{"type":"Feature","properties":{"highway":"motorway","int_ref":"E 27","lanes":"2","maxspeed":"120","oneway":"yes","ref":"A12","toll":"yes","carriage_ref":"B"},"geometry":{"type":"LineString","coordinates":[[7.1919744,46.8554268],[7.1923864,46.8556032],[7.1927782,46.8557745],[7.1931662,46.8559464],[7.1935844,46.8561363],[7.1941258,46.8563872]]}},{"type":"Feature","properties":{"destination":"Fribourg-Sud","highway":"motorway","int_ref":"E 27","lanes":"2","lit":"no","maxspeed":"120","oneway":"yes","ref":"A12","surface":"asphalt","toll":"yes","carriage_ref":"A"},"geometry":{"type":"LineString","coordinates":[[7.1480853,46.8253583],[7.1479087,46.8252556],[7.1477261,46.8251555],[7.1475453,46.8250615],[7.1473573,46.8249675],[7.1471625,46.8248735],[7.146972,46.8247853],[7.1467749,46.8246986],[7.1465782,46.8246134],[7.1463768,46.8245296],[7.1461736,46.8244477],[7.1459686,46.8243672],[7.1452703,46.8240977]]}},{"type":"Feature","properties":{"highway":"motorway","int_ref":"E 27","lanes":"2","maxspeed":"120","oneway":"yes","ref":"A12","toll":"yes","carriage_ref":"B"},"geometry":{"type":"LineString","coordinates":[[7.2772298,46.8762498],[7.2776606,46.8763932],[7.2780863,46.8765448],[7.2784998,46.8767035],[7.2789108,46.8768721],[7.2793141,46.8770506],[7.2797063,46.8772342],[7.2800936,46.8774278],[7.2804655,46.8776268],[7.280831,46.8778346],[7.281188,46.8780491],[7.2815303,46.8782677],[7.2818716,46.8784994],[7.2821983,46.8787358],[7.282512,46.8789757],[7.2828171,46.8792227],[7.2834085,46.8797344],[7.2839788,46.8802544],[7.2853994,46.8815582],[7.2856873,46.8818159],[7.2859807,46.882074],[7.2862744,46.8823247],[7.2865784,46.882576],[7.2868887,46.8828229],[7.2872069,46.8830674],[7.287531,46.8833087],[7.2878616,46.8835452],[7.2881928,46.8837736],[7.2885375,46.884004],[7.2888926,46.8842304],[7.2892403,46.8844472],[7.289593,46.8846557],[7.2899645,46.88487],[7.290334,46.8850728],[7.2907123,46.8852752],[7.2910856,46.8854683],[7.2914646,46.8856548],[7.29184,46.8858326],[7.2922303,46.8860127],[7.2926367,46.8861918],[7.2930308,46.8863588],[7.2934415,46.8865258],[7.2938538,46.8866863],[7.294273,46.8868432],[7.2946946,46.8869943],[7.2951206,46.8871403],[7.2955441,46.8872786],[7.2959781,46.8874134],[7.2965057,46.8875693],[7.2969492,46.8876925],[7.2973937,46.8878107],[7.2978422,46.8879228],[7.2982959,46.8880294],[7.2987352,46.8881275],[7.2991888,46.8882217],[7.2996455,46.8883114],[7.3001018,46.8883939],[7.3005639,46.8884715],[7.3010288,46.8885436],[7.3014982,46.8886111],[7.3019656,46.8886718],[7.302428,46.8887257],[7.3029128,46.8887753],[7.303368,46.8888175],[7.3038431,46.888855],[7.3043109,46.8888856],[7.3047903,46.8889119],[7.3052675,46.8889332],[7.3057291,46.8889507],[7.3061674,46.8889653],[7.3066404,46.888978],[7.3071156,46.8889904],[7.3075159,46.8890007]]}},{"type":"Feature","properties":{"highway":"motorway","int_ref":"E 27","lanes":"2","maxspeed":"120","oneway":"yes","ref":"A12","toll":"yes","carriage_ref":"B"},"geometry":{"type":"LineString","coordinates":[[7.1962755,46.8574595],[7.1966427,46.8576503],[7.1970174,46.8578508],[7.1973845,46.858052],[7.1977488,46.8582556],[7.1981102,46.8584608],[7.198468,46.8586683],[7.1988234,46.8588781],[7.1991771,46.8590892],[7.1995237,46.8593029],[7.1998687,46.8595165],[7.2002199,46.8597392],[7.2005666,46.8599629]]}},{"type":"Feature","properties":{"highway":"motorway","int_ref":"E 27","lanes":"2","maxspeed":"120","oneway":"yes","ref":"A12","toll":"yes","carriage_ref":"B"},"geometry":{"type":"LineString","coordinates":[[7.2321724,46.87038],[7.2331023,46.8704194],[7.2340377,46.8704497],[7.2350811,46.8704785],[7.2366214,46.870519],[7.2375736,46.8705442],[7.2386492,46.870573],[7.2394569,46.870594],[7.2411269,46.8706395],[7.2425232,46.8706748],[7.2443964,46.8707266],[7.2448705,46.8707408],[7.2453463,46.8707592],[7.2458133,46.8707802],[7.2462797,46.8708043],[7.2467471,46.8708338],[7.2472112,46.8708686],[7.2476774,46.870909],[7.2481377,46.8709556],[7.2486062,46.8710099],[7.2490714,46.8710673],[7.2495355,46.8711318],[7.2499937,46.8712007],[7.2504529,46.8712762],[7.2509089,46.8713575],[7.2513594,46.8714435],[7.2518071,46.8715339],[7.2522553,46.8716315],[7.2527046,46.8717355],[7.2531458,46.8718433],[7.2535883,46.8719578],[7.2540256,46.8720757],[7.2544567,46.872199],[7.2548882,46.8723253],[7.2553178,46.8724551],[7.2588385,46.8735426],[7.259273,46.8736684],[7.2597103,46.8737918],[7.260145,46.8739097],[7.2605832,46.8740213],[7.2610328,46.8741321],[7.2614866,46.8742365]]}},{"type":"Feature","properties":{"highway":"motorway","int_ref":"E 27","lanes":"2","maxspeed":"80","oneway":"yes","ref":"A12","toll":"yes","carriage_ref":"A"},"geometry":{"type":"LineString","coordinates":[[6.8708121,46.4820978],[6.8706765,46.482045],[6.8704069,46.4819294],[6.8700674,46.4817666],[6.8697281,46.4815635],[6.8694109,46.4813528],[6.8689844,46.4810341],[6.8685023,46.480655],[6.8679542,46.4801911],[6.8673481,46.4796332]]}},{"type":"Feature","properties":{"highway":"motorway","int_ref":"E 27","lanes":"2","maxspeed":"120","oneway":"yes","ref":"A12","toll":"yes","carriage_ref":"A"},"geometry":{"type":"LineString","coordinates":[[6.9157165,46.5590691],[6.9154961,46.5577106]]}},{"type":"Feature","properties":{"highway":"motorway","int_ref":"E 27","lanes":"2","lit":"no","maxspeed":"100","oneway":"yes","ref":"A12","toll":"yes","carriage_ref":"B"},"geometry":{"type":"LineString","coordinates":[[7.0922716,46.6868853],[7.0924987,46.6872484],[7.0927768,46.6877993],[7.0929744,46.6882894],[7.0930708,46.6886374],[7.0931289,46.6889099]]}},{"type":"Feature","properties":{"highway":"motorway","int_ref":"E 27","lanes":"2","layer":"-1","lit":"yes","maxspeed":"100","name":"Tunnel de Gumefens","oneway":"yes","ref":"A12","toll":"yes","tunnel":"yes","tunnel:name":"Gumefens","carriage_ref":"B"},"geometry":{"type":"LineString","coordinates":[[7.0770046,46.6746092],[7.0777696,46.676529],[7.0782992,46.677588]]}},{"type":"Feature","properties":{"bridge":"yes","highway":"motorway","int_ref":"E 27","lanes":"2","layer":"1","maxspeed":"120","name":"Toggelilochbrücke","oneway":"yes","ref":"A12","toll":"yes","carriage_ref":"A"},"geometry":{"type":"LineString","coordinates":[[7.1843572,46.8524926],[7.1836794,46.8522245]]}},{"type":"Feature","properties":{"highway":"motorway","int_ref":"E 27","lanes":"2","maxspeed":"120","oneway":"yes","ref":"A12","toll":"yes","carriage_ref":"A"},"geometry":{"type":"LineString","coordinates":[[6.9925326,46.6181919],[6.9906346,46.6178868],[6.9805458,46.616246]]}},{"type":"Feature","properties":{"highway":"motorway","int_ref":"E 27","lanes":"2","maxspeed":"120","oneway":"yes","ref":"A12","toll":"yes","carriage_ref":"A"},"geometry":{"type":"LineString","coordinates":[[6.8906474,46.4917096],[6.8905039,46.4914293],[6.890285,46.4910671],[6.8900764,46.4907711],[6.8892878,46.4898091],[6.8881213,46.488339],[6.8880773,46.4882855]]}},{"type":"Feature","properties":{"highway":"motorway","int_ref":"E 27","lanes":"2","lit":"no","maxspeed":"120","oneway":"yes","ref":"A12","surface":"asphalt","toll":"yes","carriage_ref":"B"},"geometry":{"type":"LineString","coordinates":[[7.1270199,46.8032449],[7.1273126,46.803334],[7.1276254,46.8034359],[7.1278343,46.8035083],[7.1280404,46.8035833],[7.1282529,46.8036636],[7.1284505,46.8037418],[7.1286548,46.8038265],[7.1288574,46.8039127],[7.1290561,46.8040028],[7.1292512,46.8040966],[7.1294452,46.8041909],[7.1296365,46.8042869],[7.1300683,46.8045117]]}},{"type":"Feature","properties":{"highway":"motorway","int_ref":"E 27","lanes":"2","lit":"no","maxspeed":"120","oneway":"yes","ref":"A12","toll":"yes","carriage_ref":"A"},"geometry":{"type":"LineString","coordinates":[[7.0930914,46.7760224],[7.0931896,46.7758191],[7.0932564,46.7756628],[7.0933161,46.7755039],[7.0933667,46.7753445],[7.0934121,46.7751749],[7.0934521,46.7750155],[7.0934855,46.774856],[7.0935079,46.7747085],[7.0935272,46.7745587],[7.0935477,46.7742837],[7.0935486,46.7742554],[7.0935467,46.774077],[7.0935409,46.7738977],[7.093528,46.7737391],[7.0935103,46.7735801],[7.0934859,46.7734205],[7.0934581,46.7732606],[7.0934275,46.7731064],[7.0933933,46.7729526],[7.0933544,46.772794],[7.0933126,46.7726348],[7.0932675,46.7724762],[7.093221,46.7723178],[7.0929937,46.7715892]]}},{"type":"Feature","properties":{"highway":"motorway","int_ref":"E 27","lanes":"2","maxspeed":"120","oneway":"yes","ref":"A12","toll":"yes","carriage_ref":"B"},"geometry":{"type":"LineString","coordinates":[[7.1852302,46.8527389],[7.1855276,46.8528569]]}},{"type":"Feature","properties":{"highway":"motorway","int_ref":"E 27","lanes":"2","lit":"no","maxspeed":"120","oneway":"yes","ref":"A12","toll":"yes","carriage_ref":"B"},"geometry":{"type":"LineString","coordinates":[[7.0122787,46.6214476],[7.0137287,46.6215641],[7.0151937,46.6216609],[7.0166439,46.6217479],[7.0195701,46.621918]]}},{"type":"Feature","properties":{"avz":"184","cs_dir:forward":"2","highway":"motorway","int_ref":"E 27","lanes":"2","maxspeed":"100","oneway":"yes","ref":"A12","ssvz":"950N","toll":"yes","carriage_ref":"A"},"geometry":{"type":"LineString","coordinates":[[7.4000474,46.9380609],[7.3998612,46.9379846],[7.3996739,46.9379015],[7.3994741,46.9378077],[7.3992875,46.9377132],[7.3991021,46.9376133],[7.3989168,46.9375069],[7.3987403,46.9373974],[7.3985668,46.9372825],[7.3983988,46.9371659],[7.3982412,46.9370469],[7.39809,46.9369245],[7.3979754,46.936828],[7.3979455,46.9368028],[7.3977993,46.9366693],[7.3976601,46.9365324],[7.3975292,46.9363937],[7.3974074,46.9362559],[7.397291,46.936115],[7.3971797,46.9359754],[7.3970719,46.9358334],[7.3968598,46.9355463],[7.3966433,46.9352589],[7.3965309,46.9351172],[7.3964147,46.9349732],[7.396292,46.9348391],[7.3961648,46.934705],[7.3960308,46.9345719],[7.3958915,46.9344444],[7.3957419,46.9343157],[7.3955958,46.9341993],[7.3954358,46.9340788],[7.3952402,46.9339412],[7.3950309,46.9338076]]}},{"type":"Feature","properties":{"avz":"326","cs_dir:forward":"2","highway":"motorway","int_ref":"E 27","lanes":"2","maxspeed":"120","oneway":"yes","ref":"A12","toll":"yes","carriage_ref":"B"},"geometry":{"type":"LineString","coordinates":[[7.3373347,46.8885806],[7.3377916,46.8886304],[7.3382518,46.8886859],[7.3387119,46.8887434],[7.3391724,46.8888065],[7.3396275,46.8888727],[7.3401,46.8889465],[7.3405654,46.8890254],[7.3410227,46.8891083],[7.3414643,46.8891954],[7.3419084,46.8892893],[7.3423615,46.8893924],[7.3427967,46.8895],[7.343245,46.8896167],[7.3436718,46.8897424],[7.3441281,46.8898878]]}},{"type":"Feature","properties":{"highway":"motorway","int_ref":"E 27","lanes":"2","maxspeed":"120","oneway":"yes","ref":"A12","toll":"yes","carriage_ref":"A"},"geometry":{"type":"LineString","coordinates":[[7.0120012,46.6215215],[7.0102882,46.621357],[7.0086721,46.6211554],[7.0068638,46.6209046],[7.0060199,46.6207664],[7.0052826,46.6206461],[7.0044953,46.6205077],[7.0037626,46.6203656],[7.0026788,46.6201567],[7.0016769,46.6199532],[6.999138,46.6194187]]}},{"type":"Feature","properties":{"highway":"motorway","int_ref":"E 27","lanes":"2","lit":"no","maxspeed":"120","oneway":"yes","ref":"A12","toll":"yes","carriage_ref":"A"},"geometry":{"type":"LineString","coordinates":[[7.0898547,46.7818295],[7.0898579,46.7816655],[7.08987,46.7815048],[7.0898879,46.7813453],[7.0899126,46.7811846],[7.0899428,46.7810256],[7.0899802,46.7808623],[7.0900227,46.7807035],[7.0900729,46.7805443],[7.0901293,46.7803872],[7.0901911,46.780231],[7.0902596,46.7800761],[7.0903356,46.7799206],[7.0904163,46.7797695],[7.0905013,46.7796182],[7.0905919,46.7794689],[7.09072,46.7792712],[7.090886,46.7790329],[7.0909971,46.778878],[7.0912081,46.7785996],[7.0914323,46.7783171],[7.0917779,46.7778924],[7.0920691,46.7775195]]}},{"type":"Feature","properties":{"highway":"motorway","int_ref":"E 27","lanes":"2","maxspeed":"120","oneway":"yes","ref":"A12","toll":"yes","carriage_ref":"B"},"geometry":{"type":"LineString","coordinates":[[7.2015911,46.8606439],[7.2030975,46.8616393],[7.2034356,46.8618566],[7.2037762,46.8620728],[7.2041241,46.8622907],[7.2044719,46.8625056],[7.2048238,46.8627192],[7.2051805,46.8629315],[7.2055415,46.8631378],[7.2059038,46.8633426],[7.2062623,46.8635422],[7.2066241,46.8637395],[7.2069945,46.8639358],[7.2073672,46.8641299],[7.2077464,46.8643246],[7.208129,46.864516],[7.2085078,46.864701],[7.2088881,46.8648832],[7.2092778,46.8650647],[7.2096705,46.8652443],[7.2100598,46.8654182],[7.2104504,46.8655895],[7.2108551,46.8657626],[7.2112631,46.8659324],[7.2116711,46.8660986],[7.2120823,46.8662628],[7.2124885,46.8664199],[7.2128971,46.8665759],[7.2133157,46.8667313],[7.213738,46.8668839],[7.2141195,46.8670183],[7.2145042,46.8671508],[7.2149344,46.8672961],[7.2153687,46.8674389],[7.2157799,46.8675699],[7.2161947,46.8676989],[7.2166096,46.8678246],[7.2170246,46.8679475],[7.2174821,46.8680777],[7.2179422,46.8682052],[7.2183787,46.8683228],[7.2188193,46.8684377],[7.2192544,46.8685476],[7.2196913,46.8686553],[7.2201443,46.8687625],[7.2206427,46.8688766],[7.2215791,46.8690796],[7.2221421,46.869194],[7.2226624,46.8692959],[7.2235785,46.8694623],[7.2244916,46.8696156],[7.2254292,46.8697588],[7.226376,46.8698897],[7.2267016,46.869929],[7.2272769,46.869999],[7.2282104,46.870099],[7.2291514,46.8701879],[7.2300652,46.8702626]]}},{"type":"Feature","properties":{"highway":"motorway","int_ref":"E 27","lanes":"2","maxspeed":"120","oneway":"yes","ref":"A12","toll":"yes","carriage_ref":"B"},"geometry":{"type":"LineString","coordinates":[[6.9255701,46.5813957],[6.9260391,46.5820222],[6.9271563,46.5834731],[6.9284241,46.5850103],[6.9292134,46.5859329],[6.9304359,46.5872967],[6.9309417,46.5878369],[6.9318408,46.588773],[6.9331611,46.5900961],[6.9348837,46.5917358],[6.9365914,46.5932802],[6.9381553,46.5946415],[6.9397403,46.595966],[6.9413515,46.5972647],[6.9424976,46.5981529],[6.9434584,46.5988867],[6.9447185,46.5998195],[6.9464573,46.601067],[6.9474908,46.6017846],[6.9486203,46.6025456],[6.9496711,46.6032373],[6.9506953,46.60387],[6.9512988,46.604197],[6.9518524,46.6044811]]}},{"type":"Feature","properties":{"highway":"motorway","int_ref":"E 27","lanes":"2","lit":"no","maxspeed":"120","oneway":"yes","ref":"A12","surface":"asphalt","toll":"yes","carriage_ref":"B"},"geometry":{"type":"LineString","coordinates":[[7.1509802,46.8276697],[7.1511631,46.827914],[7.1513679,46.8282012],[7.151567,46.8285012],[7.1517621,46.8288001],[7.152829,46.8304849]]}},{"type":"Feature","properties":{"highway":"motorway","int_ref":"E 27","lanes":"3","lit":"no","maxspeed":"120","oneway":"yes","ref":"A12","surface":"asphalt","toll":"yes","turn:lanes":"||merge_to_left","carriage_ref":"A"},"geometry":{"type":"LineString","coordinates":[[7.1234512,46.8026522],[7.1231687,46.8026243],[7.1227837,46.8025872],[7.1220634,46.8025342]]}},{"type":"Feature","properties":{"highway":"motorway","int_ref":"E 27","lanes":"2","maxspeed":"120","oneway":"yes","ref":"A12","toll":"yes","carriage_ref":"A"},"geometry":{"type":"LineString","coordinates":[[7.200484,46.8600269],[7.2001391,46.8598045],[7.1997903,46.8595837],[7.1994438,46.8593686],[7.1990949,46.859155],[7.1987434,46.8589441],[7.1983893,46.8587349],[7.1980321,46.8585285],[7.1976729,46.8583243],[7.1973072,46.8581199],[7.1969399,46.857918],[7.1965716,46.8577198],[7.1961973,46.8575221],[7.1958206,46.8573262],[7.1954423,46.8571337],[7.1951129,46.8569703]]}},{"type":"Feature","properties":{"avz":"326","cs_dir:forward":"1","highway":"motorway","int_ref":"E 27","lanes":"2","maxspeed":"120","oneway":"yes","ref":"A12","toll":"yes","carriage_ref":"A"},"geometry":{"type":"LineString","coordinates":[[7.3439553,46.8899278],[7.3436214,46.889823],[7.3432031,46.8896982],[7.3427642,46.8895829],[7.3423252,46.8894755],[7.3418792,46.8893737],[7.3414309,46.8892789],[7.3409894,46.8891916],[7.3405354,46.8891089],[7.3400743,46.8890306],[7.3396061,46.8889578],[7.3391517,46.8888922],[7.3386948,46.8888299],[7.338237,46.8887717],[7.3377797,46.8887171],[7.3373206,46.8886663],[7.3368281,46.8886148],[7.3363361,46.8885664],[7.3353487,46.8884737]]}},{"type":"Feature","properties":{"highway":"motorway","int_ref":"E 27","lanes":"2","maxspeed":"80","oneway":"yes","ref":"A12","toll":"yes","turn:lanes":"through|slight_right","last":"true","carriage_ref":"A"},"geometry":{"type":"LineString","coordinates":[[6.8673481,46.4796332],[6.8666436,46.4789187],[6.8662961,46.4785618],[6.8660229,46.4782812],[6.8659185,46.4781821],[6.8658298,46.4780954],[6.8656938,46.4779696]]}},{"type":"Feature","properties":{"highway":"motorway","int_ref":"E 27","lanes":"2","maxspeed":"120","oneway":"yes","ref":"A12","toll":"yes","carriage_ref":"A"},"geometry":{"type":"LineString","coordinates":[[7.2300453,46.8703488],[7.2291467,46.8702745],[7.2282003,46.8701849],[7.2272632,46.8700838],[7.2266764,46.8700132],[7.2263115,46.8699661],[7.2254148,46.8698431],[7.2244686,46.8696999],[7.2235523,46.8695458],[7.2226377,46.8693793],[7.2221086,46.8692766],[7.2215506,46.8691625],[7.2206092,46.8689589],[7.220112,46.8688454],[7.2196591,46.8687375],[7.2192199,46.8686299],[7.2187823,46.868519],[7.2183411,46.8684037],[7.2179003,46.8682857],[7.2174426,46.8681593],[7.2169817,46.8680269],[7.216566,46.8679046],[7.2161534,46.8677795],[7.2157394,46.867651],[7.2153276,46.8675203],[7.2148898,46.8673763],[7.2144556,46.86723],[7.2140665,46.8670956],[7.2136805,46.8669599],[7.2132588,46.8668075],[7.2128403,46.8666524],[7.2124292,46.8664959],[7.2120218,46.8663379],[7.2116128,46.8661749],[7.2112068,46.8660092],[7.2107981,46.8658382],[7.2103923,46.865665],[7.2099963,46.8654915],[7.2096028,46.8653164],[7.2092104,46.8651366],[7.2088205,46.8649539],[7.2084414,46.8647727],[7.2080657,46.8645891],[7.207681,46.8643975],[7.2073012,46.864204],[7.2069236,46.8640067],[7.2065489,46.8638076],[7.206182,46.863608],[7.2058192,46.8634066],[7.2054615,46.8632036],[7.2051068,46.8629987],[7.2047433,46.8627847],[7.2043898,46.8625711],[7.2040397,46.8623554],[7.2036917,46.8621372],[7.2033492,46.8619196],[7.2030094,46.8617005],[7.2015065,46.860706]]}},{"type":"Feature","properties":{"highway":"motorway","int_ref":"E 27","lanes":"2","lit":"no","maxspeed":"120","oneway":"yes","ref":"A12","toll":"yes","carriage_ref":"B"},"geometry":{"type":"LineString","coordinates":[[7.0217116,46.6220736],[7.023051,46.6222161],[7.0236678,46.6222907],[7.024257,46.6223757],[7.0250273,46.6224919],[7.0258037,46.6226352],[7.0261961,46.6227065],[7.0267089,46.6227997],[7.0275705,46.622994],[7.0279241,46.6230708],[7.028932,46.6233121],[7.0302179,46.623664],[7.0314962,46.6240634],[7.0327098,46.6244808],[7.0335617,46.6247937],[7.0344717,46.6251633],[7.035383,46.6255585],[7.0362231,46.6259393],[7.037691,46.6267063]]}},{"type":"Feature","properties":{"highway":"motorway","int_ref":"E 27","lanes":"2","maxspeed":"120","oneway":"yes","ref":"A12","toll":"yes","carriage_ref":"A"},"geometry":{"type":"LineString","coordinates":[[6.895481,46.5007623],[6.8953355,46.5005922],[6.895137,46.5003504],[6.8949408,46.500065],[6.8947709,46.499784],[6.8945991,46.4994467],[6.8943059,46.4988656],[6.8940412,46.4983611],[6.8937312,46.497814],[6.8935548,46.4975237],[6.8933362,46.497186],[6.8929027,46.4965606]]}},{"type":"Feature","properties":{"destination":"Simplon;Gd-St-Bernard;Lausanne;Vevey","highway":"motorway","int_ref":"E 27","lanes":"2","maxspeed":"120","oneway":"yes","ref":"A12","toll":"yes","carriage_ref":"A"},"geometry":{"type":"LineString","coordinates":[[6.9118137,46.5207387],[6.9116702,46.5202997],[6.9115002,46.5198787],[6.9112505,46.5193412],[6.9104674,46.517871]]}},{"type":"Feature","properties":{"highway":"motorway","int_ref":"E 27","lanes":"2","maxspeed":"120","oneway":"yes","ref":"A12","toll":"yes","carriage_ref":"B"},"geometry":{"type":"LineString","coordinates":[[7.3225711,46.8887114],[7.3241631,46.88841],[7.3246111,46.8883297],[7.3250672,46.8882582],[7.325524,46.8881949],[7.3257643,46.8881663],[7.3262346,46.8881202],[7.3264643,46.8881015],[7.3266986,46.8880861],[7.3271419,46.8880646],[7.3274574,46.8880534]]}},{"type":"Feature","properties":{"highway":"motorway","int_ref":"E 27","lanes":"2","maxspeed":"120","oneway":"yes","ref":"A12","toll":"yes","carriage_ref":"B"},"geometry":{"type":"LineString","coordinates":[[6.9158396,46.5590826],[6.9160687,46.5603028],[6.9162411,46.5611338],[6.9163955,46.5617846],[6.916556,46.5624381],[6.9166985,46.5630004],[6.9170635,46.5643322],[6.9173914,46.5654374],[6.9176027,46.5660809],[6.9178991,46.5669619],[6.9181295,46.5676039],[6.9184423,46.5684434],[6.9187252,46.5691481],[6.9190015,46.5698307],[6.919289,46.5705099],[6.9195822,46.5711714],[6.9198942,46.5718228],[6.9202753,46.5726518],[6.9208121,46.5737213],[6.9213026,46.5746611],[6.9214847,46.5750069],[6.9218395,46.575617],[6.9223694,46.5765156],[6.9232957,46.5780403],[6.9238087,46.5788406],[6.9241588,46.5793637],[6.9246343,46.5800606],[6.9253991,46.5811627]]}},{"type":"Feature","properties":{"bridge":"yes","highway":"motorway","int_ref":"E 27","lanes":"2","layer":"1","maxspeed":"120","oneway":"yes","ref":"A12","toll":"yes","carriage_ref":"B"},"geometry":{"type":"LineString","coordinates":[[7.152829,46.8304849],[7.1542929,46.8327986]]}},{"type":"Feature","properties":{"highway":"motorway","int_ref":"E 27","lanes":"3","maxspeed":"120","oneway":"yes","ref":"A12","toll":"yes","turn:lanes":"none|none|merge_to_left","carriage_ref":"B"},"geometry":{"type":"LineString","coordinates":[[7.1941258,46.8563872],[7.1947313,46.8566762],[7.195132,46.8568724],[7.1955148,46.8570639],[7.1958951,46.8572572],[7.1962755,46.8574595]]}},{"type":"Feature","properties":{"highway":"motorway","int_ref":"E 27","lanes":"2","lit":"no","maxspeed":"120","oneway":"yes","ref":"A12","toll":"yes","carriage_ref":"A"},"geometry":{"type":"LineString","coordinates":[[7.0195573,46.6220121],[7.0166202,46.6218427],[7.015151,46.6217529],[7.0137289,46.6216542],[7.0123762,46.6215527]]}},{"type":"Feature","properties":{"highway":"motorway","int_ref":"E 27","lanes":"3","maxspeed":"120","oneway":"yes","ref":"A12","toll":"yes","turn:lanes":"through|through|merge_to_left","carriage_ref":"B"},"geometry":{"type":"LineString","coordinates":[[7.3274574,46.8880534],[7.3278477,46.888046],[7.328317,46.8880475],[7.3287854,46.888051],[7.3292438,46.8880625]]}},{"type":"Feature","properties":{"avz":"331","bridge":"yes","cs_dir:forward":"2","highway":"motorway","int_ref":"E 27","lanes":"2","layer":"1","maxspeed":"120","oneway":"yes","ref":"A12","toll":"yes","carriage_ref":"A"},"geometry":{"type":"LineString","coordinates":[[6.8966522,46.5017703],[6.8963349,46.5015355],[6.8959937,46.5012647],[6.8956925,46.5009941],[6.895481,46.5007623]]}}],"ref":"A12","generator":"Quandopasso Path Importer","created":"2021-01-04T14:46:46.096Z","format":"1.0.0"}