{"type":"FeatureCollection","features":[{"type":"Feature","properties":{"bicycle":"no","foot":"no","highway":"motorway","horse":"no","lanes":"2","lit":"no","maxspeed":"120","oneway":"yes","ref":"A5","sidewalk":"no","toll":"yes","carriage_ref":"b","opposite_carriage_ref":"a"},"geometry":{"type":"LineString","coordinates":[[6.6192059,46.7927539],[6.619108,46.7920456]]}},{"type":"Feature","properties":{"bridge":"yes","highway":"motorway","lanes":"2","layer":"1","lit":"no","maxspeed":"120","oneway":"yes","ref":"A5","source":"Orthophotos 2006 SITN 50cm","toll":"yes","carriage_ref":"b","opposite_carriage_ref":"a"},"geometry":{"type":"LineString","coordinates":[[7.0191934,47.0145607],[7.0189402,47.0144693]]}},{"type":"Feature","properties":{"highway":"motorway","lanes":"2","maxspeed":"80","oneway":"yes","ref":"A5","toll":"yes","carriage_ref":"a","opposite_carriage_ref":"b"},"geometry":{"type":"LineString","coordinates":[[6.953175,46.9972374],[6.95339,46.9972551],[6.953568,46.9972753]]}},{"type":"Feature","properties":{"highway":"motorway","lanes":"2","lit":"no","maxspeed":"120","oneway":"yes","ref":"A5","source":"Orthophotos 2006 SITN 50cm","toll":"yes","carriage_ref":"b","opposite_carriage_ref":"a"},"geometry":{"type":"LineString","coordinates":[[7.0189402,47.0144693],[7.0185052,47.0143201],[7.0180053,47.01417],[7.0174893,47.0140355],[7.016915,47.0139117],[7.0163725,47.0138155],[7.015954,47.0137566],[7.0155614,47.0137119],[7.0146322,47.0136433],[7.0141166,47.0136177],[7.0123753,47.0135608]]}},{"type":"Feature","properties":{"highway":"motorway","int_ref":"E 27","lanes":"3","maxspeed":"80","maxspeed:variable":"yes","oneway":"yes","ref":"A5","surface":"asphalt","toll":"yes","turn:lanes":"through|through|through","carriage_ref":"d","opposite_carriage_ref":"c"},"geometry":{"type":"LineString","coordinates":[[7.2882973,47.1400657],[7.2882631,47.1399622]]}},{"type":"Feature","properties":{"highway":"motorway","lanes":"2","lit":"yes","maxspeed":"120","oneway":"yes","ref":"A5","toll":"yes","carriage_ref":"a","opposite_carriage_ref":"b"},"geometry":{"type":"LineString","coordinates":[[6.7459243,46.8629246],[6.7469038,46.8633813],[6.7478768,46.863895],[6.7483348,46.8641721]]}},{"type":"Feature","properties":{"highway":"motorway","lanes":"2","layer":"-1","maxspeed":"120","oneway":"yes","ref":"A5","toll":"yes","tunnel":"yes","carriage_ref":"a","opposite_carriage_ref":"b"},"geometry":{"type":"LineString","coordinates":[[6.7546001,46.8710577],[6.754878,46.8715759]]}},{"type":"Feature","properties":{"highway":"motorway","lanes":"2","layer":"-2","lit":"yes","maxspeed":"100","oneway":"yes","ref":"A5","toll":"yes","tunnel":"yes","tunnel:name":"Lüsslingen","carriage_ref":"d","opposite_carriage_ref":"c"},"geometry":{"type":"LineString","coordinates":[[7.5134291,47.194772],[7.5106584,47.1947358],[7.5072807,47.1946181],[7.5049929,47.1944568],[7.5031838,47.1942628],[7.5017345,47.1940409],[7.4977623,47.1932847]]}},{"type":"Feature","properties":{"highway":"motorway","maxspeed":"100","oneway":"yes","ref":"A5","toll":"yes","carriage_ref":"c","opposite_carriage_ref":"d"},"geometry":{"type":"LineString","coordinates":[[7.325951,47.1681452],[7.3279687,47.1686798],[7.329311,47.1689926]]}},{"type":"Feature","properties":{"highway":"motorway","lanes":"2","lit":"no","maxspeed":"100","oneway":"yes","ref":"A5","toll":"yes","carriage_ref":"a","opposite_carriage_ref":"b"},"geometry":{"type":"LineString","coordinates":[[6.8617661,46.9601623],[6.8621022,46.9604292],[6.8626944,46.9608438],[6.8631411,46.961124],[6.8635353,46.9613505],[6.8638759,46.9615356],[6.8644042,46.9617956],[6.8652697,46.9621797],[6.8667029,46.9628075]]}},{"type":"Feature","properties":{"bicycle":"no","foot":"no","highway":"motorway","horse":"no","lanes":"2","lit":"no","maxspeed":"120","oneway":"yes","ref":"A5","sidewalk":"no","toll":"yes","carriage_ref":"a","opposite_carriage_ref":"b"},"geometry":{"type":"LineString","coordinates":[[6.6199533,46.7953207],[6.6200889,46.7956532],[6.6203747,46.7964409],[6.6207036,46.7972032],[6.6211183,46.7980528],[6.6215459,46.7988749],[6.6223727,46.8001849],[6.6233263,46.8014643],[6.6245461,46.8028628],[6.6252196,46.8035582],[6.6259203,46.8042281],[6.6270279,46.8051808],[6.6277752,46.8057791],[6.6281452,46.8060604],[6.6285425,46.8063419]]}},{"type":"Feature","properties":{"highway":"motorway","lanes":"3","lit":"no","maxspeed":"80","oneway":"yes","ref":"A5","surface":"asphalt","toll":"yes","carriage_ref":"c","opposite_carriage_ref":"d"},"geometry":{"type":"LineString","coordinates":[[7.2890853,47.1596574],[7.2914751,47.1602678]]}},{"type":"Feature","properties":{"highway":"trunk","lanes":"2","lit":"no","maxspeed":"100","motorroad":"yes","oneway":"yes","ref":"A5","toll":"yes","carriage_ref":"b","opposite_carriage_ref":"a"},"geometry":{"type":"LineString","coordinates":[[7.0482067,47.0544404],[7.0477511,47.054297],[7.0474148,47.0541808],[7.047046,47.0540388],[7.0465498,47.0538216],[7.0460635,47.0535916],[7.0457505,47.0534323],[7.0453663,47.0532253],[7.0450152,47.0530101],[7.0448481,47.0529029],[7.0440661,47.0523817]]}},{"type":"Feature","properties":{"highway":"motorway","lanes":"2","lit":"no","maxspeed":"120","oneway":"yes","ref":"A5","source":"Orthophotos 2006 SITN 50cm","toll":"yes","carriage_ref":"a","opposite_carriage_ref":"b"},"geometry":{"type":"LineString","coordinates":[[7.0259558,47.0205297],[7.0274362,47.0223753]]}},{"type":"Feature","properties":{"highway":"motorway","lanes":"1","layer":"-1","length":"2.48 km","lit":"yes","maxspeed":"100","oneway":"yes","ref":"A5","toll":"yes","tunnel":"yes","carriage_ref":"c","opposite_carriage_ref":"d"},"geometry":{"type":"LineString","coordinates":[[7.2626243,47.1244539],[7.263072,47.1248696]]}},{"type":"Feature","properties":{"highway":"motorway","lanes":"2","lit":"no","maxspeed":"120","oneway":"yes","ref":"A5","source":"Orthophotos 2006 SITN 50cm","toll":"yes","carriage_ref":"a","opposite_carriage_ref":"b"},"geometry":{"type":"LineString","coordinates":[[7.0073701,47.0133145],[7.0099742,47.0134045],[7.0139541,47.0135327],[7.0145875,47.0135588],[7.0151981,47.0136001],[7.0157622,47.0136513],[7.0164022,47.0137378],[7.016921,47.0138272],[7.0174852,47.0139468],[7.0180291,47.0140876],[7.018525,47.0142337],[7.018993,47.0143973]]}},{"type":"Feature","properties":{"bicycle":"no","bridge":"yes","foot":"no","highway":"motorway","horse":"no","lanes":"2","layer":"1","lit":"no","maxspeed":"120","oneway":"yes","ref":"A5","toll":"yes","carriage_ref":"a","opposite_carriage_ref":"b"},"geometry":{"type":"LineString","coordinates":[[6.6192449,46.7884031],[6.6191992,46.7887963]]}},{"type":"Feature","properties":{"destination:lanes":"Zürich;Solothurn|Delémont","highway":"motorway","int_ref":"E 27","lanes":"2","oneway":"yes","ref":"A5","surface":"asphalt","toll":"yes","turn:lanes":"slight_left|slight_right","carriage_ref":"c","opposite_carriage_ref":"d"},"geometry":{"type":"LineString","coordinates":[[7.2869218,47.154412],[7.2866532,47.1546599]]}},{"type":"Feature","properties":{"highway":"motorway","int_ref":"E 27","lanes":"2","maxspeed":"100","maxspeed:type":"sign","oneway":"yes","ref":"A5","surface":"asphalt","toll":"yes","carriage_ref":"c","opposite_carriage_ref":"d"},"geometry":{"type":"LineString","coordinates":[[7.2878931,47.1389066],[7.2881842,47.1394061],[7.2883892,47.139869]]}},{"type":"Feature","properties":{"highway":"motorway","layer":"-1","length":"1460","lit":"yes","maxspeed":"100","oneway":"yes","ref":"A5","start_date":"2001","toll":"yes","tunnel":"yes","tunnel:name":"Pieterlen","carriage_ref":"c","opposite_carriage_ref":"d"},"geometry":{"type":"LineString","coordinates":[[7.329311,47.1689926],[7.331319,47.1691902],[7.3319764,47.1692397],[7.3329957,47.1692686],[7.3340646,47.1691531],[7.3364783,47.1687946],[7.3375224,47.1685757],[7.3386054,47.1683543],[7.3399467,47.1681089],[7.341281,47.1678827],[7.3431755,47.1677626],[7.3443401,47.1677019],[7.3481793,47.1678406]]}},{"type":"Feature","properties":{"highway":"motorway","lanes":"2","layer":"-1","lit":"yes","maxspeed":"120","oneway":"yes","ref":"A5","toll":"yes","tunnel":"yes","tunnel:name":"Areuse","carriage_ref":"a","opposite_carriage_ref":"b"},"geometry":{"type":"LineString","coordinates":[[6.854456,46.9550628],[6.8550424,46.9552074],[6.8558876,46.9554778],[6.8566187,46.9557974],[6.8572989,46.95614],[6.8578224,46.956468],[6.8582376,46.95677],[6.8586307,46.95708],[6.8593252,46.9577381]]}},{"type":"Feature","properties":{"bicycle":"no","bridge":"viaduct","foot":"no","highway":"motorway","horse":"no","lanes":"2","layer":"1","lit":"no","maxspeed":"120","oneway":"yes","ref":"A5","sidewalk":"no","toll":"yes","carriage_ref":"b","opposite_carriage_ref":"a"},"geometry":{"type":"LineString","coordinates":[[6.61928,46.7871561],[6.6195862,46.7858948],[6.6198242,46.7850561],[6.6203525,46.7834646],[6.6206266,46.7827202],[6.6207886,46.7823064]]}},{"type":"Feature","properties":{"highway":"motorway","lanes":"2","layer":"-1","maxspeed":"100","oneway":"yes","ref":"A5","toll":"yes","tunnel":"yes","carriage_ref":"a","opposite_carriage_ref":"b"},"geometry":{"type":"LineString","coordinates":[[6.9563256,46.9992672],[6.9564058,46.9995149]]}},{"type":"Feature","properties":{"bicycle":"no","foot":"no","highway":"motorway","horse":"no","lanes":"2","lit":"no","maxspeed":"120","oneway":"yes","ref":"A5","sidewalk":"no","surface":"asphalt","toll":"yes","carriage_ref":"a","opposite_carriage_ref":"b"},"geometry":{"type":"LineString","coordinates":[[6.6365708,46.7581382],[6.6365562,46.7582601],[6.6365275,46.75841],[6.6364902,46.7585588],[6.6364455,46.7587115],[6.6364068,46.7588232],[6.6363683,46.7589298],[6.6363306,46.7590268],[6.6362885,46.7591244],[6.636172,46.7593607],[6.6360749,46.759543],[6.6359728,46.759725],[6.6358964,46.7598528],[6.6358167,46.7599779],[6.6357313,46.7601045],[6.6356452,46.7602278],[6.6353829,46.760596]]}},{"type":"Feature","properties":{"highway":"motorway","lanes":"2","lit":"no","maxspeed":"120","oneway":"yes","ref":"A5","toll":"yes","carriage_ref":"b","opposite_carriage_ref":"a"},"geometry":{"type":"LineString","coordinates":[[6.8302724,46.9426504],[6.8288997,46.9417497],[6.8278537,46.941053],[6.8266944,46.9402675],[6.8261883,46.9399107],[6.8256071,46.9394844],[6.8251468,46.9391097],[6.8247294,46.9387316],[6.8244384,46.938427],[6.8241695,46.9381355],[6.8238489,46.937728]]}},{"type":"Feature","properties":{"highway":"motorway","lanes":"2","lit":"no","maxspeed":"120","oneway":"yes","ref":"A5","toll":"yes","carriage_ref":"a","opposite_carriage_ref":"b"},"geometry":{"type":"LineString","coordinates":[[6.8225243,46.9339825],[6.8225947,46.9344706],[6.8227051,46.9350557],[6.822795,46.9353954],[6.8229016,46.9357426],[6.8230865,46.9362035],[6.8232978,46.9366439],[6.8235502,46.9370857],[6.8237161,46.9373384]]}},{"type":"Feature","properties":{"highway":"motorway","lanes":"2","lit":"no","maxspeed":"100","oneway":"yes","ref":"A5","toll":"yes","carriage_ref":"b","opposite_carriage_ref":"a"},"geometry":{"type":"LineString","coordinates":[[6.6870172,46.8449675],[6.6863505,46.8443778],[6.6857129,46.8437811],[6.6855052,46.8435573],[6.6852812,46.8433169]]}},{"type":"Feature","properties":{"highway":"motorway","lanes":"3","maxspeed":"100","oneway":"yes","ref":"A5","toll":"yes","turn:lanes":"through|through|slight_right","carriage_ref":"d","opposite_carriage_ref":"c"},"geometry":{"type":"LineString","coordinates":[[7.5737605,47.2056026],[7.572423,47.2048083]]}},{"type":"Feature","properties":{"bicycle":"no","foot":"no","highway":"motorway","horse":"no","lanes":"2","lit":"no","maxspeed":"80","oneway":"yes","ref":"A5","sidewalk":"no","surface":"asphalt","toll":"yes","carriage_ref":"a","opposite_carriage_ref":"b"},"geometry":{"type":"LineString","coordinates":[[6.6324752,46.7545037],[6.6326644,46.7544949],[6.6328704,46.7544896],[6.6331274,46.754488],[6.633354,46.7544924],[6.6335803,46.7545075],[6.6338057,46.7545315],[6.634032,46.7545687],[6.634255,46.7546204],[6.6344556,46.7546779],[6.6346765,46.7547582],[6.6348664,46.754844],[6.6350491,46.754942],[6.635218,46.755049],[6.6353782,46.7551721],[6.6355207,46.7552976],[6.6356518,46.7554336],[6.6357685,46.755572],[6.6358787,46.7557141],[6.6359803,46.75586],[6.6360769,46.7560059],[6.636165,46.7561559],[6.6362457,46.7563071],[6.6363169,46.7564626],[6.6363816,46.7566174],[6.6364352,46.7567725],[6.6364815,46.7569305],[6.6365211,46.7570872],[6.6365521,46.7572428],[6.6365722,46.7573785]]}},{"type":"Feature","properties":{"bridge":"yes","highway":"motorway","lanes":"2","layer":"1","lit":"no","maxspeed":"120","oneway":"yes","ref":"A5","source":"Orthophotos 2006 SITN 50cm","toll":"yes","carriage_ref":"a","opposite_carriage_ref":"b"},"geometry":{"type":"LineString","coordinates":[[7.0274362,47.0223753],[7.0277854,47.0228486]]}},{"type":"Feature","properties":{"bridge":"yes","highway":"motorway","lanes":"2","layer":"1","lit":"yes","maxspeed":"120","oneway":"yes","ref":"A5","toll":"yes","carriage_ref":"a","opposite_carriage_ref":"b"},"geometry":{"type":"LineString","coordinates":[[6.7483348,46.8641721],[6.7495182,46.8649134]]}},{"type":"Feature","properties":{"highway":"motorway","lanes":"2","lit":"no","maxspeed":"100","oneway":"yes","ref":"A5","toll":"yes","carriage_ref":"c","opposite_carriage_ref":"d"},"geometry":{"type":"LineString","coordinates":[[7.4957718,47.1926509],[7.4965144,47.192839],[7.4975448,47.1930932]]}},{"type":"Feature","properties":{"destination:lanes":"Lausanne|Lausanne;Neuchâtel Serrières","highway":"motorway","lanes":"2","layer":"-2","maxspeed":"100","oneway":"yes","ref":"A5","toll":"yes","tunnel":"yes","tunnel:name":"Neuchâtel","carriage_ref":"b","opposite_carriage_ref":"a"},"geometry":{"type":"LineString","coordinates":[[6.9199001,46.9917693],[6.9190329,46.9914482],[6.918645,46.9913103],[6.9182976,46.9911642],[6.9178008,46.9909261]]}},{"type":"Feature","properties":{"highway":"motorway","lanes":"2","layer":"-2","maxspeed":"100","oneway":"yes","opening_date":"2013","ref":"A5","tunnel":"yes","tunnel:name":"Tunnel de Serrières","carriage_ref":"b","opposite_carriage_ref":"a"},"geometry":{"type":"LineString","coordinates":[[6.9042467,46.9811547],[6.9024226,46.9814889],[6.9015796,46.9816376],[6.9006778,46.9817852],[6.8993146,46.9818217],[6.8980683,46.9817412],[6.8974591,46.9816605],[6.8967965,46.9815287],[6.8962359,46.9813958],[6.8956872,46.9812089],[6.8949494,46.9809325],[6.8942554,46.9805846],[6.8927623,46.979753],[6.8919749,46.9793583],[6.8913605,46.9791019],[6.890877,46.9789081]]}},{"type":"Feature","properties":{"avz":"139","cs_dir:forward":"1","destination:lanes":"Zürich;Luzern;Basel|Lausanne;Interlaken;Bern","highway":"motorway","lanes":"2","maxspeed":"80","oneway":"yes","ref":"A5","ssvz":"764N","surface":"asphalt","toll":"yes","carriage_ref":"c","opposite_carriage_ref":"d"},"geometry":{"type":"LineString","coordinates":[[7.5929924,47.2100947],[7.5935436,47.2101047],[7.5937637,47.2101056]]}},{"type":"Feature","properties":{"highway":"motorway","lanes":"2","lit":"no","maxspeed":"120","oneway":"yes","ref":"A5","source":"Orthophotos 2006 SITN 50cm","toll":"yes","carriage_ref":"b","opposite_carriage_ref":"a"},"geometry":{"type":"LineString","coordinates":[[7.0240025,47.0182783],[7.0236906,47.0178898],[7.0232813,47.0173964],[7.0228859,47.0169591],[7.0225082,47.0165763],[7.0221317,47.0162424],[7.0217223,47.0159295],[7.0214189,47.0157116],[7.0210031,47.0154488],[7.0205584,47.0151899],[7.0200708,47.0149401],[7.0195693,47.0147153],[7.0191934,47.0145607]]}},{"type":"Feature","properties":{"highway":"motorway","lanes":"2","lit":"no","maxspeed":"120","oneway":"yes","ref":"A5","toll":"yes","carriage_ref":"a","opposite_carriage_ref":"b"},"geometry":{"type":"LineString","coordinates":[[6.6624522,46.8249148],[6.6637406,46.8257327],[6.6658471,46.8270776],[6.6671854,46.8278943],[6.6680173,46.8283776],[6.6697001,46.8293538],[6.6714159,46.8303052],[6.6731738,46.8312443],[6.674956,46.8321607]]}},{"type":"Feature","properties":{"highway":"motorway","lanes":"2","lit":"no","maxspeed":"120","oneway":"yes","ref":"A5","source":"Orthophotos 2006 SITN 50cm","toll":"yes","carriage_ref":"a","opposite_carriage_ref":"b"},"geometry":{"type":"LineString","coordinates":[[7.0277854,47.0228486],[7.028043,47.0232454],[7.0282802,47.0236383],[7.0284767,47.024033],[7.0285865,47.0242861],[7.0287598,47.0247963],[7.0288298,47.0250621],[7.0288891,47.0253729],[7.0289366,47.0257372],[7.0289546,47.026173],[7.0289367,47.0266187],[7.0288767,47.027058],[7.028785,47.0274841],[7.0286431,47.027936],[7.0285387,47.0281962],[7.0284166,47.0284657],[7.0282625,47.0287714],[7.0281156,47.0290139],[7.0279489,47.0292646],[7.0274359,47.0299816]]}},{"type":"Feature","properties":{"highway":"motorway","lanes":"2","lit":"yes","maxspeed":"100","oneway":"yes","ref":"A5","toll":"yes","carriage_ref":"b","opposite_carriage_ref":"a"},"geometry":{"type":"LineString","coordinates":[[6.7704866,46.8971049],[6.7697718,46.8966645],[6.7691122,46.8962244]]}},{"type":"Feature","properties":{"highway":"motorway","lanes":"2","lit":"no","maxspeed":"120","oneway":"yes","ref":"A5","toll":"yes","carriage_ref":"a","opposite_carriage_ref":"b"},"geometry":{"type":"LineString","coordinates":[[6.7564861,46.8745662],[6.7568951,46.8750834],[6.7575422,46.8757305],[6.7582492,46.8763799],[6.7586204,46.8767585],[6.7587928,46.8769463],[6.7589954,46.8771923],[6.7592023,46.8774606],[6.7593746,46.8777229]]}},{"type":"Feature","properties":{"alt_name":"Wititunnel","highway":"motorway","layer":"-1","length":"1760","lit":"yes","maxspeed":"100","oneway":"yes","ref":"A5","start_date":"2000-12","toll":"yes","tunnel":"yes","tunnel:alt_name":"Wititunnel","tunnel:name":"Grenchner Witi","carriage_ref":"d","opposite_carriage_ref":"c"},"geometry":{"type":"LineString","coordinates":[[7.4102324,47.173627],[7.4061726,47.1728977],[7.3985938,47.1716724],[7.3927487,47.1705871],[7.3897043,47.1698867],[7.3883347,47.1694988],[7.3878128,47.1693308]]}},{"type":"Feature","properties":{"destination":"Vaumarcus","highway":"motorway","lanes":"2","lit":"no","maxspeed":"120","oneway":"yes","ref":"A5","toll":"yes","carriage_ref":"a","opposite_carriage_ref":"b"},"geometry":{"type":"LineString","coordinates":[[6.6561452,46.8203403],[6.6592678,46.8226543]]}},{"type":"Feature","properties":{"highway":"motorway","lanes":"2","lit":"no","maxspeed":"120","oneway":"yes","ref":"A5","toll":"yes","carriage_ref":"a","opposite_carriage_ref":"b"},"geometry":{"type":"LineString","coordinates":[[6.8248383,46.9386764],[6.8252571,46.9390539],[6.8258051,46.9395]]}},{"type":"Feature","properties":{"highway":"motorway","lanes":"2","lit":"no","maxspeed":"80","oneway":"yes","ref":"A5","toll":"yes","carriage_ref":"d","opposite_carriage_ref":"c"},"geometry":{"type":"LineString","coordinates":[[7.2943242,47.1611069],[7.2916323,47.1603958]]}},{"type":"Feature","properties":{"destination":"Yverdon-Ouest","highway":"motorway","lanes":"2","lit":"no","maxspeed":"120","oneway":"yes","ref":"A5","toll":"yes","carriage_ref":"b","opposite_carriage_ref":"a"},"geometry":{"type":"LineString","coordinates":[[6.6615941,46.8244645],[6.6595688,46.8230145]]}},{"type":"Feature","properties":{"highway":"motorway","lanes":"2","maxspeed":"100","oneway":"yes","ref":"A5","toll":"yes","carriage_ref":"b","opposite_carriage_ref":"a"},"geometry":{"type":"LineString","coordinates":[[6.7686147,46.8958714],[6.7683565,46.8956861]]}},{"type":"Feature","properties":{"highway":"motorway","lanes":"2","lit":"yes","maxspeed":"120","oneway":"yes","ref":"A5","toll":"yes","carriage_ref":"b","opposite_carriage_ref":"a"},"geometry":{"type":"LineString","coordinates":[[6.754374,46.8709039],[6.7541248,46.8704229],[6.753623,46.8695257],[6.7531615,46.8687764],[6.7524983,46.867886],[6.752078,46.8674033],[6.7515337,46.8668059],[6.7508052,46.8661056],[6.7500462,46.8655071],[6.7494354,46.8650403]]}},{"type":"Feature","properties":{"highway":"motorway","lit":"no","maxspeed":"120","oneway":"yes","ref":"A5","toll":"yes","carriage_ref":"c","opposite_carriage_ref":"d"},"geometry":{"type":"LineString","coordinates":[[7.4618891,47.1832487],[7.468323,47.1857431],[7.4708504,47.1866542],[7.4731279,47.1873933],[7.4745042,47.187789],[7.4764791,47.1883098],[7.4795567,47.1890189],[7.4822687,47.1896088],[7.48443,47.1900716]]}},{"type":"Feature","properties":{"highway":"motorway","lanes":"2","layer":"-1","lit":"yes","maxspeed":"120","name":"Tranchée de Bevaix","oneway":"yes","ref":"A5","toll":"yes","tunnel":"yes","tunnel:alt_name":"Tranchée de Bevaix","tunnel:name":"Bevaix","carriage_ref":"b","opposite_carriage_ref":"a"},"geometry":{"type":"LineString","coordinates":[[6.8223873,46.9339923],[6.8222964,46.9332961],[6.8222265,46.9328543],[6.8221312,46.9323827],[6.822,46.9319235],[6.8218146,46.9314545],[6.821645,46.9310833],[6.8214313,46.9307046],[6.821222,46.9304035],[6.8209584,46.9300379],[6.8206839,46.9297162],[6.8203571,46.9293634],[6.8200174,46.9290535],[6.819656,46.9287497],[6.8192773,46.9284531],[6.8188657,46.9281718],[6.8180849,46.9277018],[6.817191,46.9272141],[6.8150452,46.9261483],[6.8141612,46.9257074],[6.8131254,46.9251495]]}},{"type":"Feature","properties":{"highway":"motorway","lanes":"2","maxspeed":"60","oneway":"yes","ref":"A5","toll":"yes","carriage_ref":"b","opposite_carriage_ref":"a"},"geometry":{"type":"LineString","coordinates":[[6.9085161,46.9823965],[6.908195,46.9821206],[6.9080047,46.9819687],[6.9077926,46.9818186],[6.9076767,46.9817489],[6.9074917,46.9816487],[6.9071763,46.9814953],[6.9068258,46.9813606],[6.906429,46.9812446],[6.9059133,46.9811495]]}},{"type":"Feature","properties":{"avz":"992N","cs_dir:forward":"1","highway":"motorway","lanes":"2","layer":"-2","maxspeed":"100","name:tunnel":"Neuchâtel Tunnel Est","oneway":"yes","ref":"A5","toll":"yes","tunnel":"yes","tunnel:name":"Neuchâtel","carriage_ref":"a","opposite_carriage_ref":"b"},"geometry":{"type":"LineString","coordinates":[[6.9437535,46.9992095],[6.9446615,46.9991037],[6.9455497,46.9989732],[6.9465057,46.9987765],[6.947875,46.9983988]]}},{"type":"Feature","properties":{"destination":"Grandson","highway":"motorway","lanes":"2","lit":"no","maxspeed":"120","oneway":"yes","ref":"A5","toll":"yes","carriage_ref":"b","opposite_carriage_ref":"a"},"geometry":{"type":"LineString","coordinates":[[6.7560715,46.8742023],[6.7557696,46.8736782],[6.7548346,46.8718147]]}},{"type":"Feature","properties":{"highway":"motorway","lanes":"2","layer":"-1","lit":"yes","maxspeed":"100","oneway":"yes","ref":"A5","toll":"yes","carriage_ref":"b","opposite_carriage_ref":"a"},"geometry":{"type":"LineString","coordinates":[[6.9613394,47.0037325],[6.959131,47.0027408],[6.9590166,47.0026838]]}},{"type":"Feature","properties":{"highway":"motorway","lanes":"2","lit":"no","maxspeed":"120","oneway":"yes","ref":"A5","toll":"yes","carriage_ref":"b","opposite_carriage_ref":"a"},"geometry":{"type":"LineString","coordinates":[[6.6805962,46.8350693],[6.6801615,46.8348262],[6.6797382,46.834615],[6.6780676,46.8337926],[6.6749048,46.83224],[6.6731273,46.8313265],[6.671362,46.8303846],[6.6696458,46.8294325],[6.6679551,46.8284521],[6.665785,46.8271526],[6.6636693,46.8258109],[6.6623852,46.8249985]]}},{"type":"Feature","properties":{"highway":"motorway","lanes":"2","maxspeed":"100","oneway":"yes","ref":"A5","toll":"yes","carriage_ref":"c","opposite_carriage_ref":"d"},"geometry":{"type":"LineString","coordinates":[[7.5772977,47.2072294],[7.5778305,47.2074524],[7.5785629,47.2077223]]}},{"type":"Feature","properties":{"highway":"motorway","lanes":"3","lit":"no","maxspeed":"120","oneway":"yes","ref":"A5","source":"Orthophotos 2006 SITN 50cm","toll":"yes","carriage_ref":"b","opposite_carriage_ref":"a"},"geometry":{"type":"LineString","coordinates":[[7.0035711,47.0133748],[7.002183,47.0133579],[6.9989751,47.0132152]]}},{"type":"Feature","properties":{"highway":"motorway","lanes":"1","maxspeed":"60","oneway":"yes","ref":"A5","surface":"asphalt","carriage_ref":"c","opposite_carriage_ref":"d"},"geometry":{"type":"LineString","coordinates":[[7.2601674,47.1225628],[7.2602521,47.1225332],[7.2604524,47.122487],[7.2606781,47.1224283],[7.260962,47.1224102],[7.2611236,47.1224172],[7.2612835,47.1224451],[7.2613938,47.1224755],[7.2615458,47.1225135],[7.2616684,47.1225746],[7.2618168,47.1226418],[7.261927,47.1227086],[7.2619999,47.1227673],[7.2620511,47.1228245],[7.2621178,47.1229046],[7.2621708,47.122984],[7.2622588,47.1231292]]}},{"type":"Feature","properties":{"highway":"motorway","lanes":"2","lit":"no","maxspeed":"100","oneway":"yes","ref":"A5","toll":"yes","carriage_ref":"a","opposite_carriage_ref":"b"},"geometry":{"type":"LineString","coordinates":[[6.7118916,46.8578082],[6.7133508,46.8586468],[6.7149174,46.8595205]]}},{"type":"Feature","properties":{"highway":"motorway","lanes":"2","layer":"-1","lit":"no","maxspeed":"120","oneway":"yes","ref":"A5","toll":"yes","tunnel":"yes","tunnel:name":"Riemberg","carriage_ref":"d","opposite_carriage_ref":"c"},"geometry":{"type":"LineString","coordinates":[[7.4856376,47.1904797],[7.4844355,47.190214]]}},{"type":"Feature","properties":{"highway":"motorway","lanes":"2","lit":"no","maxspeed":"120","oneway":"yes","ref":"A5","toll":"yes","carriage_ref":"a","opposite_carriage_ref":"b"},"geometry":{"type":"LineString","coordinates":[[6.8499074,46.9543711],[6.8505366,46.9544973],[6.8510288,46.9545794]]}},{"type":"Feature","properties":{"highway":"motorway","lanes":"2","maxspeed":"100","oneway":"yes","ref":"A5","toll":"yes","carriage_ref":"d","opposite_carriage_ref":"c"},"geometry":{"type":"LineString","coordinates":[[7.5666364,47.2011973],[7.5662793,47.2009942]]}},{"type":"Feature","properties":{"highway":"motorway","int_ref":"E 27","lanes":"2","maxspeed":"80","maxspeed:variable":"yes","oneway":"yes","ref":"A5","surface":"asphalt","toll":"yes","carriage_ref":"c","opposite_carriage_ref":"d"},"geometry":{"type":"LineString","coordinates":[[7.2887101,47.1413058],[7.2887604,47.1416746]]}},{"type":"Feature","properties":{"bridge":"yes","highway":"motorway","lanes":"2","layer":"1","lit":"no","maxspeed":"120","oneway":"yes","ref":"A5","source":"Orthophotos 2006 SITN 50cm","toll":"yes","carriage_ref":"a","opposite_carriage_ref":"b"},"geometry":{"type":"LineString","coordinates":[[7.0274359,47.0299816],[7.0271202,47.0304143]]}},{"type":"Feature","properties":{"highway":"motorway","lanes":"2","lit":"no","maxspeed":"100","oneway":"yes","ref":"A5","toll":"yes","carriage_ref":"b","opposite_carriage_ref":"a"},"geometry":{"type":"LineString","coordinates":[[6.7148005,46.8596227],[6.7118171,46.8578988]]}},{"type":"Feature","properties":{"highway":"motorway","lanes":"2","oneway":"yes","opening_date":"2013","ref":"A5","carriage_ref":"b","opposite_carriage_ref":"a"},"geometry":{"type":"LineString","coordinates":[[6.9056134,46.9811161],[6.9051784,46.9811048],[6.9048903,46.9811014],[6.9046066,46.9811204],[6.9042467,46.9811547]]}},{"type":"Feature","properties":{"highway":"motorway","lanes":"2","maxspeed":"120","oneway":"yes","ref":"A5","toll":"yes","carriage_ref":"b","opposite_carriage_ref":"a"},"geometry":{"type":"LineString","coordinates":[[6.8609977,46.9596359],[6.8604879,46.9591392],[6.8599172,46.9585533],[6.859192,46.9577943]]}},{"type":"Feature","properties":{"highway":"motorway","lanes":"2","lit":"no","maxspeed":"60","oneway":"yes","ref":"A5","toll":"yes","carriage_ref":"b","opposite_carriage_ref":"a"},"geometry":{"type":"LineString","coordinates":[[6.8875488,46.97817],[6.8855513,46.9777605],[6.8847633,46.9775777],[6.8842746,46.977448],[6.8838929,46.9773263],[6.8835598,46.9772117],[6.8830523,46.9770063],[6.8826195,46.9768027],[6.8824122,46.9766896],[6.8821805,46.9765586],[6.8818787,46.9763735],[6.8816559,46.9762215],[6.8814109,46.976043],[6.8811318,46.9758199]]}},{"type":"Feature","properties":{"bridge":"yes","highway":"motorway","lanes":"2","layer":"1","lit":"no","maxspeed":"120","oneway":"yes","ref":"A5","source":"Orthophotos 2006 SITN 50cm","toll":"yes","carriage_ref":"a","opposite_carriage_ref":"b"},"geometry":{"type":"LineString","coordinates":[[7.0257492,47.0202698],[7.0259558,47.0205297]]}},{"type":"Feature","properties":{"highway":"motorway","layer":"-1","oneway":"yes","ref":"A5","toll":"yes","carriage_ref":"c","opposite_carriage_ref":"d"},"geometry":{"type":"LineString","coordinates":[[7.2622588,47.1231292],[7.2622936,47.1232527],[7.2623137,47.1233641],[7.2623157,47.1234571],[7.26231,47.1235501],[7.2622968,47.1236681],[7.2622875,47.1237548],[7.2622917,47.1238686],[7.2623061,47.1239516],[7.2623276,47.1240285],[7.2623759,47.124139],[7.2624475,47.1242482],[7.262514,47.1243294],[7.2626243,47.1244539]]}},{"type":"Feature","properties":{"highway":"motorway","lanes":"2","lit":"no","maxspeed":"120","oneway":"yes","ref":"A5","toll":"yes","carriage_ref":"b","opposite_carriage_ref":"a"},"geometry":{"type":"LineString","coordinates":[[6.661708,46.8245348],[6.6615941,46.8244645]]}},{"type":"Feature","properties":{"highway":"motorway","lanes":"2","lit":"no","maxspeed":"120","oneway":"yes","ref":"A5","toll":"yes","carriage_ref":"a","opposite_carriage_ref":"b"},"geometry":{"type":"LineString","coordinates":[[7.0270827,47.0367351],[7.0273554,47.0372636],[7.0275845,47.0376664],[7.0278156,47.0380292],[7.0280988,47.0384584],[7.0283909,47.0388788],[7.0286656,47.0392293]]}},{"type":"Feature","properties":{"bicycle":"no","bridge":"yes","foot":"no","highway":"motorway","horse":"no","layer":"1","lit":"no","maxspeed":"120","oneway":"yes","ref":"A5","sidewalk":"no","toll":"yes","carriage_ref":"a","opposite_carriage_ref":"b"},"geometry":{"type":"LineString","coordinates":[[6.6285425,46.8063419],[6.6299818,46.8073036],[6.6313981,46.8081779]]}},{"type":"Feature","properties":{"highway":"motorway","lanes":"2","layer":"-1","lit":"yes","maxspeed":"120","oneway":"yes","ref":"A5","toll":"yes","tunnel":"yes","tunnel:name":"Chanélaz","carriage_ref":"a","opposite_carriage_ref":"b"},"geometry":{"type":"LineString","coordinates":[[6.8371269,46.9466847],[6.8373824,46.9468059],[6.8376903,46.9469297],[6.8382089,46.9471254],[6.8394096,46.9475829],[6.8406925,46.9480484],[6.8413191,46.9483168],[6.8417232,46.9485224],[6.842099,46.9487466],[6.8425558,46.9490337],[6.8430839,46.9494343],[6.8434484,46.949718],[6.8438225,46.950053],[6.8440775,46.9503144],[6.8443502,46.9506356]]}},{"type":"Feature","properties":{"highway":"motorway","int_ref":"E 27","lanes":"3","maxspeed":"80","maxspeed:variable":"yes","oneway":"yes","ref":"A5","surface":"asphalt","toll":"yes","turn:lanes":"through|through|through","carriage_ref":"c","opposite_carriage_ref":"d"},"geometry":{"type":"LineString","coordinates":[[7.2884135,47.1399561],[7.2884708,47.1402093]]}},{"type":"Feature","properties":{"highway":"motorway","lit":"no","maxspeed":"120","oneway":"yes","ref":"A5","toll":"yes","carriage_ref":"d","opposite_carriage_ref":"c"},"geometry":{"type":"LineString","coordinates":[[7.4443871,47.1771341],[7.4437873,47.1770334],[7.4432018,47.1769535],[7.4422047,47.1768454],[7.4411914,47.1767794],[7.4399384,47.1767612],[7.438951,47.1767676],[7.43724,47.1768184],[7.4353546,47.1768906],[7.4342161,47.17689]]}},{"type":"Feature","properties":{"highway":"motorway","lanes":"2","lit":"yes","maxspeed":"120","oneway":"yes","ref":"A5","toll":"yes","carriage_ref":"a","opposite_carriage_ref":"b"},"geometry":{"type":"LineString","coordinates":[[6.7495182,46.8649134],[6.7501634,46.8654049],[6.7509175,46.8660417],[6.7516034,46.8666957],[6.7522288,46.8673656],[6.7526486,46.8678572],[6.7528048,46.8680603]]}},{"type":"Feature","properties":{"highway":"motorway","lit":"no","maxspeed":"100","oneway":"yes","ref":"A5","toll":"yes","carriage_ref":"a","opposite_carriage_ref":"b"},"geometry":{"type":"LineString","coordinates":[[6.674956,46.8321607],[6.6765452,46.8329431],[6.678163,46.8337348],[6.6797938,46.8345353],[6.6802282,46.8347569],[6.6806674,46.8349987],[6.6810408,46.8352289],[6.6814073,46.8354869],[6.6820162,46.8359889],[6.6825564,46.8365345],[6.6828404,46.8368788],[6.6830784,46.8372131],[6.6834936,46.8379275]]}},{"type":"Feature","properties":{"avz":"247","cs_dir:forward":"2","highway":"motorway","lanes":"2","layer":"-1","lit":"yes","maxspeed":"100","name":"Tunnel d'Onnens","oneway":"yes","ref":"A5","ssvz":"861N","toll":"yes","tunnel":"yes","tunnel:name":"Onnens","carriage_ref":"b","opposite_carriage_ref":"a"},"geometry":{"type":"LineString","coordinates":[[6.6852812,46.8433169],[6.6841646,46.8421113],[6.6837853,46.841225],[6.6834971,46.8387259],[6.6833709,46.8380313]]}},{"type":"Feature","properties":{"highway":"motorway","lanes":"2","lit":"no","maxspeed":"120","oneway":"yes","ref":"A5","toll":"yes","carriage_ref":"b","opposite_carriage_ref":"a"},"geometry":{"type":"LineString","coordinates":[[6.7037201,46.8533988],[6.7024544,46.8528175],[6.7019265,46.8525883],[6.7013971,46.852366],[6.7008782,46.8521545],[6.7003477,46.8519509],[6.6961881,46.850348],[6.6948242,46.84977],[6.6935119,46.8491674],[6.6921036,46.8484338],[6.6912987,46.8479846],[6.690507,46.8475066],[6.6896631,46.8469643],[6.6888603,46.8464077],[6.6879214,46.8457048],[6.6870172,46.8449675]]}},{"type":"Feature","properties":{"destination":"Bevaix","highway":"motorway","lanes":"2","lit":"yes","maxspeed":"120","oneway":"yes","ref":"A5","toll":"yes","carriage_ref":"a","opposite_carriage_ref":"b"},"geometry":{"type":"LineString","coordinates":[[6.7528048,46.8680603],[6.7532752,46.8687206],[6.753757,46.8694821],[6.7542698,46.8704086],[6.7546001,46.8710577]]}},{"type":"Feature","properties":{"destination:lanes":"Bern;Biel-Bienne|Bern;Biel-Bienne;Marin|Neuchâtel Monruz;La Chaux-de-Fonds;Hauterive;St-Blaise","highway":"motorway","lanes":"3","layer":"-1","lit":"yes","maxspeed":"100","name:tunnel":"Hauterive","oneway":"yes","ref":"A5","toll":"yes","tunnel":"yes","tunnel:name":"Hauterive","carriage_ref":"a","opposite_carriage_ref":"b"},"geometry":{"type":"LineString","coordinates":[[6.9568397,47.0008684],[6.9569455,47.0010833],[6.9570756,47.0012851],[6.9572211,47.0014501],[6.9574365,47.0016461],[6.9576579,47.001801],[6.9579714,47.0020087],[6.9590903,47.002571],[6.9609867,47.003449]]}},{"type":"Feature","properties":{"highway":"trunk","lanes":"1","lit":"no","maxspeed":"100","motorroad":"yes","oneway":"yes","ref":"A5","toll":"yes","carriage_ref":"a","opposite_carriage_ref":"b"},"geometry":{"type":"LineString","coordinates":[[7.062074,47.0568078],[7.0625509,47.0567719],[7.0632182,47.0567439],[7.0639013,47.0567478],[7.0645485,47.0567775],[7.065058,47.0568065],[7.0660392,47.0569353],[7.0671164,47.0571194],[7.0677092,47.0572552],[7.0683248,47.0574233],[7.0689369,47.0576131],[7.0696135,47.0578534],[7.0729443,47.0590258],[7.0734822,47.0592],[7.0740029,47.0593464],[7.0746888,47.0595121],[7.0754333,47.0596584],[7.0762666,47.059776],[7.0772116,47.0598636]]}},{"type":"Feature","properties":{"destination:lanes":"Brügg|Biel/Bienne|Biel-Süd","highway":"motorway","int_ref":"E 27","lanes":"3","layer":"-1","length":"2.49 km","lit":"yes","maxspeed":"80","maxspeed:variable":"yes","name":"Tunnel du Längholz / Längholztunnel","name:de":"Längholztunnel","name:fr":"Tunnel du Längholz","oneway":"yes","ref":"A5","toll":"yes","tunnel":"yes","tunnel:name":"Längholz","turn:lanes":"slight_left|through|slight_right","carriage_ref":"d","opposite_carriage_ref":"c"},"geometry":{"type":"LineString","coordinates":[[7.2628135,47.1249865],[7.2624155,47.1245418]]}},{"type":"Feature","properties":{"highway":"motorway","lanes":"2","lit":"no","maxspeed":"120","oneway":"yes","ref":"A5","toll":"yes","carriage_ref":"b","opposite_carriage_ref":"a"},"geometry":{"type":"LineString","coordinates":[[6.8370238,46.9467584],[6.8366807,46.9465929],[6.8362968,46.9463944],[6.8356872,46.9460414],[6.8344048,46.9452626],[6.8331361,46.9444786]]}},{"type":"Feature","properties":{"bridge":"yes","highway":"motorway","lanes":"2","layer":"1","lit":"no","maxspeed":"120","oneway":"yes","ref":"A5","toll":"yes","carriage_ref":"b","opposite_carriage_ref":"a"},"geometry":{"type":"LineString","coordinates":[[6.7058617,46.8544892],[6.7045156,46.8537815],[6.7037201,46.8533988]]}},{"type":"Feature","properties":{"bridge":"yes","destination":"Le Landeron","highway":"motorway","lanes":"2","layer":"1","lit":"no","maxspeed":"120","oneway":"yes","ref":"A5","toll":"yes","carriage_ref":"a","opposite_carriage_ref":"b"},"geometry":{"type":"LineString","coordinates":[[7.0267345,47.0359401],[7.0268974,47.0363388],[7.0270827,47.0367351]]}},{"type":"Feature","properties":{"destination:lanes":"Bern;Brügg|Neuchâtel;Biel/Bienne","highway":"motorway","int_ref":"E 27","lanes":"2","layer":"-1","length":"2.49 km","lit":"yes","maxspeed":"100","maxspeed:variable":"yes","name":"Tunnel du Längholz / Längholztunnel","name:de":"Längholztunnel","name:fr":"Tunnel du Längholz","oneway":"yes","ref":"A5","toll":"yes","tunnel":"yes","tunnel:name":"Längholz","carriage_ref":"d","opposite_carriage_ref":"c"},"geometry":{"type":"LineString","coordinates":[[7.2662597,47.128537],[7.2650545,47.1273502],[7.2632278,47.1254466],[7.2628135,47.1249865]]}},{"type":"Feature","properties":{"destination":"Thielle","highway":"motorway","lanes":"2","lit":"no","maxspeed":"120","oneway":"yes","ref":"A5","toll":"yes","carriage_ref":"b","opposite_carriage_ref":"a"},"geometry":{"type":"LineString","coordinates":[[7.0283376,47.0390139],[7.0278997,47.038381],[7.0274446,47.0376557],[7.0271828,47.0372017],[7.0269594,47.0367547]]}},{"type":"Feature","properties":{"highway":"motorway","layer":"-1","length":"1460","lit":"yes","maxspeed":"100","oneway":"yes","ref":"A5","start_date":"2001","toll":"yes","tunnel":"yes","tunnel:name":"Pieterlen","carriage_ref":"d","opposite_carriage_ref":"c"},"geometry":{"type":"LineString","coordinates":[[7.3481957,47.1679326],[7.3443271,47.1678038],[7.3432523,47.1678514],[7.3413164,47.1679741],[7.3385917,47.1684525],[7.3365212,47.168884],[7.3340933,47.1692526],[7.3329804,47.1693586],[7.3319407,47.1693289],[7.3292966,47.1690872]]}},{"type":"Feature","properties":{"highway":"motorway","int_ref":"E 27","lanes":"2","layer":"-1","length":"2.49 km","lit":"yes","maxspeed":"100","name":"Tunnel du Längholz / Längholztunnel","name:de":"Längholztunnel","name:fr":"Tunnel du Längholz","oneway":"yes","ref":"A5","toll":"yes","tunnel":"yes","tunnel:name":"Längholz","carriage_ref":"c","opposite_carriage_ref":"d"},"geometry":{"type":"LineString","coordinates":[[7.263072,47.1248696],[7.2635399,47.1253397],[7.2648277,47.1265379],[7.266213,47.1278564],[7.2670031,47.1285265],[7.2678924,47.129187],[7.2686824,47.1296666],[7.2694481,47.1300753],[7.2704576,47.1305116],[7.2710131,47.1307452],[7.2714361,47.1308965],[7.2735443,47.131681],[7.2768956,47.1328991],[7.2812037,47.1344776],[7.2835498,47.1353869],[7.2857345,47.1364896],[7.2867048,47.137245],[7.2871063,47.1378033],[7.2873883,47.1381879],[7.2874878,47.1383308]]}},{"type":"Feature","properties":{"avz":"121","bridge":"yes","cs_dir:forward":"2","highway":"motorway","lanes":"2","layer":"1","maxspeed":"100","oneway":"yes","ref":"A5","ssvz":"109N","toll":"yes","carriage_ref":"b","opposite_carriage_ref":"a"},"geometry":{"type":"LineString","coordinates":[[6.8707593,46.9663559],[6.8705892,46.9660613],[6.8704063,46.9657868],[6.8701896,46.9654867],[6.8698249,46.9650601],[6.8694839,46.9647233],[6.869219,46.9644737],[6.8688021,46.96414],[6.8684619,46.96389],[6.8680369,46.9636122]]}},{"type":"Feature","properties":{"highway":"motorway","lanes":"2","lit":"yes","maxspeed":"100","oneway":"yes","ref":"A5","toll":"yes","carriage_ref":"b","opposite_carriage_ref":"a"},"geometry":{"type":"LineString","coordinates":[[6.7458457,46.8630584],[6.7449934,46.8627109],[6.7440953,46.8623817],[6.7425457,46.8619472],[6.7414111,46.8616619],[6.7405732,46.8615011],[6.739557,46.8613438]]}},{"type":"Feature","properties":{"highway":"motorway","lanes":"2","maxspeed":"100","oneway":"yes","ref":"A5","toll":"yes","carriage_ref":"d","opposite_carriage_ref":"c"},"geometry":{"type":"LineString","coordinates":[[7.572423,47.2048083],[7.5706411,47.2036873],[7.569225,47.2027634]]}},{"type":"Feature","properties":{"highway":"motorway","lanes":"2","lit":"no","maxspeed":"120","oneway":"yes","ref":"A5","toll":"yes","carriage_ref":"a","opposite_carriage_ref":"b"},"geometry":{"type":"LineString","coordinates":[[7.0331514,47.0434341],[7.0359228,47.0456762],[7.0425974,47.0511068],[7.0435852,47.0518967],[7.0441295,47.0523018]]}},{"type":"Feature","properties":{"highway":"motorway","lanes":"2","lit":"no","maxspeed":"120","oneway":"yes","ref":"A5","toll":"yes","carriage_ref":"b","opposite_carriage_ref":"a"},"geometry":{"type":"LineString","coordinates":[[6.7118171,46.8578988],[6.7099905,46.8568507],[6.7081543,46.8558121],[6.7063473,46.8547618],[6.7058617,46.8544892]]}},{"type":"Feature","properties":{"highway":"motorway","lanes":"2","lit":"no","maxspeed":"120","oneway":"yes","ref":"A5","toll":"yes","carriage_ref":"a","opposite_carriage_ref":"b"},"geometry":{"type":"LineString","coordinates":[[6.7059655,46.8544126],[6.7064244,46.8546731],[6.7082229,46.8557322],[6.7100772,46.8567652],[6.7118916,46.8578082]]}},{"type":"Feature","properties":{"highway":"motorway","int_ref":"E 27","lanes":"3","maxspeed":"80","maxspeed:variable":"yes","oneway":"yes","ref":"A5","surface":"asphalt","toll":"yes","carriage_ref":"d","opposite_carriage_ref":"c"},"geometry":{"type":"LineString","coordinates":[[7.2885562,47.141695],[7.2885509,47.1416667]]}},{"type":"Feature","properties":{"highway":"motorway","lanes":"2","layer":"-1","lit":"yes","maxspeed":"120","oneway":"yes","ref":"A5","toll":"yes","tunnel":"yes","tunnel:name":"Areuse","carriage_ref":"b","opposite_carriage_ref":"a"},"geometry":{"type":"LineString","coordinates":[[6.859192,46.9577943],[6.8585639,46.9571874],[6.8581419,46.9568558],[6.8577245,46.9565644],[6.8572334,46.9562554],[6.8565684,46.9559267],[6.8558275,46.9555976],[6.8550062,46.9553199],[6.8544086,46.9551623]]}},{"type":"Feature","properties":{"avz":"237","cs_dir:forward":"2","highway":"motorway","lit":"no","maxspeed":"120","oneway":"yes","ref":"A5","ssvz":"1104N","toll":"yes","carriage_ref":"d","opposite_carriage_ref":"c"},"geometry":{"type":"LineString","coordinates":[[7.4291202,47.1767299],[7.427705,47.1766147],[7.4260081,47.176445],[7.4241436,47.1762143],[7.4225875,47.1760004],[7.4217955,47.1758749]]}},{"type":"Feature","properties":{"highway":"motorway","lanes":"3","maxspeed":"100","oneway":"yes","ref":"A5","toll":"yes","turn:lanes":"none|none|merge_to_left","carriage_ref":"d","opposite_carriage_ref":"c"},"geometry":{"type":"LineString","coordinates":[[7.569225,47.2027634],[7.5683811,47.2022288],[7.5677562,47.2018388],[7.5666364,47.2011973]]}},{"type":"Feature","properties":{"highway":"motorway","lanes":"2","lit":"yes","maxspeed":"100","oneway":"yes","ref":"A5","toll":"yes","carriage_ref":"a","opposite_carriage_ref":"b"},"geometry":{"type":"LineString","coordinates":[[6.9564058,46.9995149],[6.9564619,46.9996703]]}},{"type":"Feature","properties":{"highway":"motorway","lanes":"2","lit":"no","maxspeed":"100","oneway":"yes","ref":"A5","toll":"yes","carriage_ref":"c","opposite_carriage_ref":"d"},"geometry":{"type":"LineString","coordinates":[[7.5419318,47.1952049],[7.5433252,47.1953729],[7.544168,47.1954579],[7.5451106,47.1954932],[7.546433,47.195472]]}},{"type":"Feature","properties":{"bridge":"yes","highway":"motorway","lanes":"2","layer":"1","lit":"yes","maxspeed":"100","oneway":"yes","ref":"A5","toll":"yes","carriage_ref":"b","opposite_carriage_ref":"a"},"geometry":{"type":"LineString","coordinates":[[6.7494354,46.8650403],[6.748243,46.8642854]]}},{"type":"Feature","properties":{"highway":"motorway","lanes":"2","layer":"-2","lit":"yes","maxspeed":"100","oneway":"yes","ref":"A5","toll":"yes","tunnel":"yes","tunnel:name":"Lüsslingen","carriage_ref":"c","opposite_carriage_ref":"d"},"geometry":{"type":"LineString","coordinates":[[7.4975448,47.1930932],[7.5017737,47.1939475],[7.5032174,47.1941645],[7.5050105,47.1943512],[7.5072977,47.1945043],[7.5106572,47.1946082],[7.5137249,47.1946535]]}},{"type":"Feature","properties":{"highway":"motorway","lanes":"2","lit":"no","maxspeed":"100","oneway":"yes","ref":"A5","toll":"yes","carriage_ref":"b","opposite_carriage_ref":"a"},"geometry":{"type":"LineString","coordinates":[[6.6833709,46.8380313],[6.6832176,46.8376962],[6.6829489,46.8372308],[6.6827228,46.8369142],[6.6824431,46.8365704],[6.681927,46.836049],[6.6813452,46.8355644],[6.6809698,46.8353013],[6.6805962,46.8350693]]}},{"type":"Feature","properties":{"highway":"motorway","lanes":"2","lit":"no","maxspeed":"120","oneway":"yes","ref":"A5","toll":"yes","carriage_ref":"b","opposite_carriage_ref":"a"},"geometry":{"type":"LineString","coordinates":[[6.8544086,46.9551623],[6.853917,46.9550693],[6.8534561,46.9549962],[6.8529659,46.9549286],[6.8515043,46.954764],[6.8509715,46.9546881],[6.8504993,46.9546163],[6.8498506,46.9544881]]}},{"type":"Feature","properties":{"highway":"motorway","lanes":"2","lit":"no","maxspeed":"120","oneway":"yes","ref":"A5","source":"Orthophotos 2006 SITN 50cm","toll":"yes","carriage_ref":"a","opposite_carriage_ref":"b"},"geometry":{"type":"LineString","coordinates":[[6.9970707,47.013025],[7.002183,47.0132335],[7.0032881,47.0132536]]}},{"type":"Feature","properties":{"highway":"motorway","lit":"no","maxspeed":"120","oneway":"yes","ref":"A5","toll":"yes","carriage_ref":"d","opposite_carriage_ref":"c"},"geometry":{"type":"LineString","coordinates":[[7.3767326,47.1667606],[7.3763383,47.1667797],[7.375947,47.1668085],[7.3755241,47.1668398],[7.3751049,47.1668866],[7.3746204,47.1669521],[7.373576,47.167134],[7.3725997,47.1673392],[7.3716327,47.1675407]]}},{"type":"Feature","properties":{"bridge":"yes","highway":"motorway","lanes":"2","layer":"1","lit":"no","maxspeed":"120","oneway":"yes","ref":"A5","toll":"yes","carriage_ref":"b","opposite_carriage_ref":"a"},"geometry":{"type":"LineString","coordinates":[[6.6623852,46.8249985],[6.661708,46.8245348]]}},{"type":"Feature","properties":{"highway":"motorway","lanes":"2","lit":"no","maxspeed":"120","oneway":"yes","ref":"A5","toll":"yes","carriage_ref":"d","opposite_carriage_ref":"c"},"geometry":{"type":"LineString","coordinates":[[7.4898623,47.1913839],[7.4856376,47.1904797]]}},{"type":"Feature","properties":{"bicycle":"no","bridge":"viaduct","foot":"no","highway":"motorway","horse":"no","lanes":"2","layer":"1","lit":"no","maxspeed":"120","oneway":"yes","ref":"A5","sidewalk":"no","surface":"asphalt","toll":"yes","carriage_ref":"a","opposite_carriage_ref":"b"},"geometry":{"type":"LineString","coordinates":[[6.6365722,46.7573785],[6.6365877,46.757525],[6.6365958,46.7576899],[6.6365938,46.7578512],[6.6365879,46.7579834],[6.6365708,46.7581382]]}},{"type":"Feature","properties":{"highway":"motorway","int_ref":"E 27","lanes":"2","layer":"-1","length":"2.49 km","lit":"yes","maxspeed":"100","maxspeed:variable":"yes","name":"Tunnel du Längholz / Längholztunnel","name:de":"Längholztunnel","name:fr":"Tunnel du Längholz","oneway":"yes","ref":"A5","toll":"yes","tunnel":"yes","tunnel:name":"Längholz","carriage_ref":"d","opposite_carriage_ref":"c"},"geometry":{"type":"LineString","coordinates":[[7.2873006,47.1383877],[7.2871549,47.1381381],[7.2869684,47.137878],[7.2864953,47.1374082],[7.2856037,47.1367582],[7.2840454,47.1359676],[7.280434,47.1345699],[7.277118,47.1333571],[7.2754343,47.132754],[7.272857,47.1318032],[7.2719649,47.1314762],[7.271099,47.1311527],[7.2702919,47.1308555],[7.2691382,47.1303541],[7.2675522,47.1295244],[7.2662597,47.128537]]}},{"type":"Feature","properties":{"highway":"motorway","lit":"no","maxspeed":"120","oneway":"yes","ref":"A5","toll":"yes","carriage_ref":"d","opposite_carriage_ref":"c"},"geometry":{"type":"LineString","coordinates":[[7.3259013,47.1682303],[7.3219307,47.1671987],[7.31796,47.1662079],[7.3103345,47.1643368],[7.3083336,47.163839]]}},{"type":"Feature","properties":{"highway":"motorway","lanes":"2","layer":"-1","lit":"yes","maxspeed":"100","oneway":"yes","ref":"A5","toll":"yes","tunnel":"yes","carriage_ref":"a","opposite_carriage_ref":"b"},"geometry":{"type":"LineString","coordinates":[[6.8797465,46.9744621],[6.8812378,46.9757672]]}},{"type":"Feature","properties":{"highway":"motorway","layer":"-1","lit":"yes","maxspeed":"100","oneway":"yes","ref":"A5","toll":"yes","tunnel":"yes","tunnel:name":"Birchitunnel","carriage_ref":"c","opposite_carriage_ref":"d"},"geometry":{"type":"LineString","coordinates":[[7.546433,47.195472],[7.5532549,47.1955379],[7.5542129,47.1955882],[7.5551592,47.1956986],[7.556054,47.1959082],[7.5592519,47.1972143],[7.5622793,47.1986481],[7.5635889,47.1992686]]}},{"type":"Feature","properties":{"highway":"motorway","lanes":"2","layer":"-1","lit":"yes","maxspeed":"100","oneway":"yes","ref":"A5","toll":"yes","tunnel":"yes","tunnel:name":"Tunnel de Gorgier","carriage_ref":"a","opposite_carriage_ref":"b"},"geometry":{"type":"LineString","coordinates":[[6.7706773,46.896972],[6.7716661,46.8975037],[6.7725493,46.8979586],[6.7733725,46.8983377],[6.7742732,46.898733],[6.7751978,46.8990795],[6.7765936,46.8996093],[6.7779835,46.900078],[6.7795821,46.900616],[6.7811927,46.9012029],[6.7826899,46.901851],[6.7841573,46.9025805],[6.7854875,46.9034771],[6.7867902,46.9044591],[6.7899195,46.9069208],[6.7912378,46.9077603],[6.7926754,46.9084572],[6.7954074,46.9096389],[6.797018,46.9103276],[6.7984459,46.9109843],[6.7988417,46.9112023],[6.7992032,46.9114262],[6.7995743,46.9116726],[6.800182,46.912101]]}},{"type":"Feature","properties":{"bridge":"yes","highway":"motorway","lanes":"2","layer":"1","lit":"no","maxspeed":"120","oneway":"yes","ref":"A5","toll":"yes","carriage_ref":"a","opposite_carriage_ref":"b"},"geometry":{"type":"LineString","coordinates":[[7.032326,47.0427607],[7.0331514,47.0434341]]}},{"type":"Feature","properties":{"bridge":"yes","highway":"motorway","lanes":"2","layer":"1","lit":"no","maxspeed":"100","oneway":"yes","ref":"A5","toll":"yes","carriage_ref":"a","opposite_carriage_ref":"b"},"geometry":{"type":"LineString","coordinates":[[6.7316627,46.8610505],[6.7335433,46.8609104],[6.7353083,46.8608469]]}},{"type":"Feature","properties":{"highway":"motorway","lanes":"2","lit":"no","maxspeed":"80","oneway":"yes","ref":"A5","toll":"yes","carriage_ref":"a","opposite_carriage_ref":"b"},"geometry":{"type":"LineString","coordinates":[[6.8812378,46.9757672],[6.8814644,46.9759533],[6.8816835,46.9761166],[6.8818949,46.9762685],[6.8822369,46.9764779],[6.8824685,46.9766145],[6.8826948,46.9767348],[6.8831265,46.9769389],[6.8835985,46.9771341],[6.8840509,46.9772879],[6.8844236,46.9774006],[6.8848231,46.9775045],[6.885566,46.9776751],[6.8876892,46.9780851]]}},{"type":"Feature","properties":{"avz":"237","cs_dir:forward":"2","highway":"motorway","lanes":"3","lit":"no","maxspeed":"120","oneway":"yes","ref":"A5","ssvz":"1104N","toll":"yes","carriage_ref":"d","opposite_carriage_ref":"c"},"geometry":{"type":"LineString","coordinates":[[7.4217955,47.1758749],[7.4209739,47.1757447]]}},{"type":"Feature","properties":{"highway":"motorway","lanes":"2","maxspeed":"80","oneway":"yes","ref":"A5","source":"Orthophotos2006sitn50cm","toll":"yes","carriage_ref":"b","opposite_carriage_ref":"a"},"geometry":{"type":"LineString","coordinates":[[6.9551503,46.9979932],[6.954936,46.9978634],[6.9546719,46.9977308],[6.9544429,46.9976369],[6.9541423,46.9975378],[6.9538791,46.9974714],[6.9537182,46.9974397],[6.9535347,46.9974104],[6.9533222,46.9973821],[6.953088,46.9973649]]}},{"type":"Feature","properties":{"bridge":"yes","highway":"motorway","lanes":"2","layer":"1","lit":"no","maxspeed":"120","oneway":"yes","ref":"A5","toll":"yes","carriage_ref":"a","opposite_carriage_ref":"b"},"geometry":{"type":"LineString","coordinates":[[6.8237161,46.9373384],[6.8239464,46.9376638]]}},{"type":"Feature","properties":{"highway":"trunk","lanes":"2","lit":"no","maxspeed":"100","motorroad":"yes","oneway":"yes","ref":"A5","toll":"yes","carriage_ref":"a","opposite_carriage_ref":"b"},"geometry":{"type":"LineString","coordinates":[[7.0441295,47.0523018],[7.0446673,47.0526727],[7.0450279,47.0529049]]}},{"type":"Feature","properties":{"highway":"motorway","lanes":"2","layer":"-1","maxspeed":"100","oneway":"yes","ref":"A5","toll":"yes","tunnel":"yes","tunnel:name":"Neuchâtel","carriage_ref":"b","opposite_carriage_ref":"a"},"geometry":{"type":"LineString","coordinates":[[6.9178008,46.9909261],[6.9173146,46.9906592],[6.916166,46.989941],[6.9154763,46.9895279],[6.9143868,46.988769],[6.9138743,46.9883939],[6.9134929,46.9880855],[6.9130831,46.9877018],[6.9126457,46.9871885],[6.9116496,46.9857159],[6.9114198,46.9853407],[6.9111833,46.9849725],[6.910935,46.9846713]]}},{"type":"Feature","properties":{"bridge":"yes","highway":"motorway","lanes":"2","layer":"1","maxspeed":"100","oneway":"yes","ref":"A5","toll":"yes","carriage_ref":"c","opposite_carriage_ref":"d"},"geometry":{"type":"LineString","coordinates":[[7.5785629,47.2077223],[7.5791281,47.2079299]]}},{"type":"Feature","properties":{"destination":"St-Blaise","highway":"motorway","lanes":"2","lit":"no","maxspeed":"120","oneway":"yes","ref":"A5","source":"Orthophotos 2006 SITN 50cm","toll":"yes","carriage_ref":"b","opposite_carriage_ref":"a"},"geometry":{"type":"LineString","coordinates":[[7.0123753,47.0135608],[7.0099669,47.0134857],[7.007358,47.0133983]]}},{"type":"Feature","properties":{"bridge":"yes","highway":"motorway","lanes":"2","layer":"1","lit":"yes","maxspeed":"120","oneway":"yes","ref":"A5","toll":"yes","carriage_ref":"b","opposite_carriage_ref":"a"},"geometry":{"type":"LineString","coordinates":[[6.8498506,46.9544881],[6.8495101,46.9543964],[6.8491355,46.954291],[6.8487574,46.9541696],[6.8483594,46.9540246],[6.8478611,46.9538166],[6.8473668,46.9535747],[6.8469594,46.9533421],[6.8465375,46.9530716],[6.8462749,46.952884],[6.8460158,46.9526851],[6.8457761,46.9524767],[6.8455166,46.9522312],[6.8452667,46.9519672],[6.8449307,46.9515869],[6.8445654,46.951142]]}},{"type":"Feature","properties":{"destination":"Biel/Bienne","destination:ref":"5","highway":"motorway","lanes":"1","last":"true","maxspeed":"80","oneway":"yes","ref":"A5","toll":"yes","carriage_ref":"d","opposite_carriage_ref":"c"},"geometry":{"type":"LineString","coordinates":[[7.2624155,47.1245418],[7.262003,47.1241323],[7.2618367,47.1239962],[7.2615627,47.123802],[7.261138,47.1235806],[7.2607852,47.1234335],[7.2604193,47.1233109]]}},{"type":"Feature","properties":{"highway":"trunk","lanes":"1","lit":"no","maxspeed":"80","motorroad":"yes","oneway":"yes","ref":"A5","toll":"yes","carriage_ref":"b","opposite_carriage_ref":"a"},"geometry":{"type":"LineString","coordinates":[[7.087309,47.061406],[7.0869137,47.0613905],[7.086527,47.0613526],[7.0861163,47.0612926],[7.0855318,47.0611898],[7.0851197,47.0610919],[7.0847472,47.0609849],[7.0844113,47.0608748]]}},{"type":"Feature","properties":{"highway":"motorway","lanes":"2","lit":"no","maxspeed":"100","oneway":"yes","ref":"A5","toll":"yes","carriage_ref":"d","opposite_carriage_ref":"c"},"geometry":{"type":"LineString","coordinates":[[7.4977623,47.1932847],[7.4964487,47.1929415],[7.4949864,47.1925559],[7.4936492,47.1922297]]}},{"type":"Feature","properties":{"highway":"motorway","int_ref":"E 27","lanes":"3","layer":"-1","length":"1.45 km","lit":"yes","maxspeed":"80","maxspeed:variable":"yes","name":"Tunnel du Büttenberg / Büttenbergtunnel","name:de":"Büttenbergtunnel","name:fr":"Tunnel du Büttenberg","oneway":"yes","ref":"A5","surface":"asphalt","toll":"yes","tunnel":"yes","turn:lanes":"through|through|slight_right","carriage_ref":"d","opposite_carriage_ref":"c"},"geometry":{"type":"LineString","coordinates":[[7.2886021,47.1422403],[7.2885562,47.141695]]}},{"type":"Feature","properties":{"bicycle":"no","bridge":"viaduct","foot":"no","highway":"motorway","horse":"no","lanes":"3","layer":"1","lit":"no","maxspeed":"80","oneway":"yes","ref":"A5","sidewalk":"no","surface":"asphalt","toll":"yes","turn:lanes":"through|slight_right|slight_right","carriage_ref":"b","opposite_carriage_ref":"a"},"geometry":{"type":"LineString","coordinates":[[6.6339839,46.7622709],[6.6341471,46.7620475],[6.6345531,46.7614935],[6.6348887,46.7610289]]}},{"type":"Feature","properties":{"highway":"motorway","lanes":"2","layer":"-2","maxspeed":"100","oneway":"yes","opening_date":"2013","ref":"A5","tunnel":"yes","tunnel:name":"Tunnel de Serrières","carriage_ref":"a","opposite_carriage_ref":"b"},"geometry":{"type":"LineString","coordinates":[[6.8909399,46.9787949],[6.8915216,46.978992],[6.8921419,46.979224],[6.8930328,46.9796159],[6.8944881,46.9803933],[6.8951223,46.9807138],[6.8958187,46.9809781],[6.8963793,46.9811771],[6.8969278,46.981309],[6.8975645,46.9814332],[6.8981365,46.981524],[6.8992821,46.9815842],[6.9006334,46.9815599],[6.9015153,46.9814629],[6.9023629,46.9813473],[6.9042507,46.9810953]]}},{"type":"Feature","properties":{"highway":"motorway","lanes":"2","maxspeed":"100","oneway":"yes","ref":"A5","toll":"yes","carriage_ref":"a","opposite_carriage_ref":"b"},"geometry":{"type":"LineString","coordinates":[[6.9556985,46.9982134],[6.9558565,46.9983793],[6.9559541,46.9985012],[6.9560354,46.9986101],[6.9561144,46.9987335],[6.9561939,46.9988837],[6.9562528,46.9990425],[6.9563256,46.9992672]]}},{"type":"Feature","properties":{"cutting":"yes","highway":"motorway","lit":"no","maxspeed":"100","oneway":"yes","ref":"A5","toll":"yes","carriage_ref":"c","opposite_carriage_ref":"d"},"geometry":{"type":"LineString","coordinates":[[7.3856554,47.1685057],[7.3863909,47.1687495],[7.387413,47.1690813],[7.3881739,47.169315]]}},{"type":"Feature","properties":{"highway":"motorway","lanes":"2","lit":"no","maxspeed":"100","oneway":"yes","ref":"A5","toll":"yes","carriage_ref":"d","opposite_carriage_ref":"c"},"geometry":{"type":"LineString","coordinates":[[7.5286006,47.1957356],[7.5270019,47.1957774]]}},{"type":"Feature","properties":{"highway":"trunk","lanes":"1","lit":"no","maxspeed":"80","motorroad":"yes","oneway":"yes","ref":"A5","toll":"yes","carriage_ref":"a","opposite_carriage_ref":"b"},"geometry":{"type":"LineString","coordinates":[[7.084094,47.06069],[7.0847561,47.0609227],[7.0851424,47.0610463],[7.085558,47.0611456],[7.0861318,47.0612487],[7.086516,47.0613102],[7.0869226,47.0613398],[7.0873339,47.0613614]]}},{"type":"Feature","properties":{"bicycle":"no","destination":"Lausanne;Besançon;Vallorbe","foot":"no","highway":"motorway","horse":"no","lanes":"2","lit":"no","maxspeed":"80","oneway":"yes","ref":"A5","sidewalk":"no","surface":"asphalt","toll":"yes","carriage_ref":"b","opposite_carriage_ref":"a"},"geometry":{"type":"LineString","coordinates":[[6.6348887,46.7610289],[6.635082,46.7607453],[6.6352545,46.7604543],[6.6353628,46.7602694],[6.6354394,46.7601349],[6.6355645,46.7598951],[6.6356773,46.7596551],[6.6357357,46.7595115],[6.6357878,46.7593676],[6.6358319,46.7592139],[6.6358562,46.7590999],[6.6358775,46.7589727],[6.6358867,46.7588379],[6.6358852,46.7587036],[6.6358752,46.7585717],[6.6358513,46.7584383],[6.6358153,46.758305],[6.6357682,46.7581749],[6.6357094,46.7580459],[6.6356397,46.7579217],[6.6355567,46.7577965],[6.6354623,46.7576797],[6.6353606,46.7575654],[6.6352508,46.7574582],[6.6351349,46.7573534],[6.6350159,46.757253],[6.6348777,46.7571465]]}},{"type":"Feature","properties":{"avz":"315","cs_dir:forward":"1","highway":"motorway","lanes":"3","maxspeed":"100","oneway":"yes","ref":"A5","toll":"yes","turn:lanes":"none|none|slight_right","carriage_ref":"c","opposite_carriage_ref":"d"},"geometry":{"type":"LineString","coordinates":[[7.5658894,47.2006205],[7.5668927,47.2012119]]}},{"type":"Feature","properties":{"bridge":"yes","highway":"trunk","lanes":"2","layer":"1","lit":"no","maxspeed":"100","motorroad":"yes","oneway":"yes","ref":"A5","toll":"yes","carriage_ref":"b","opposite_carriage_ref":"a"},"geometry":{"type":"LineString","coordinates":[[7.0840454,47.0607504],[7.0827725,47.0603392],[7.0824216,47.0602344],[7.0820932,47.0601527],[7.0817505,47.0600794],[7.0813872,47.0600165],[7.0810003,47.059965],[7.0804895,47.0599377],[7.0797049,47.0599399],[7.0784437,47.059966],[7.0778281,47.0599662],[7.0777429,47.0599627],[7.0772118,47.0599408]]}},{"type":"Feature","properties":{"highway":"motorway","lit":"no","maxspeed":"120","oneway":"yes","ref":"A5","toll":"yes","carriage_ref":"c","opposite_carriage_ref":"d"},"geometry":{"type":"LineString","coordinates":[[7.3800649,47.1668723],[7.3803615,47.1669206],[7.3807835,47.1669932],[7.3811992,47.1670817],[7.3818314,47.1672364],[7.3824442,47.1674092]]}},{"type":"Feature","properties":{"highway":"motorway","lanes":"2","lit":"no","maxspeed":"120","oneway":"yes","ref":"A5","toll":"yes","carriage_ref":"a","opposite_carriage_ref":"b"},"geometry":{"type":"LineString","coordinates":[[6.8289732,46.9416675],[6.8303441,46.9425654],[6.831835,46.9435238],[6.8332271,46.9444066],[6.8344722,46.9451839],[6.8357653,46.945963],[6.8363967,46.9463159],[6.836795,46.9465204],[6.8371269,46.9466847]]}},{"type":"Feature","properties":{"highway":"motorway","lanes":"2","lit":"no","maxspeed":"120","oneway":"yes","ref":"A5","toll":"yes","carriage_ref":"d","opposite_carriage_ref":"c"},"geometry":{"type":"LineString","coordinates":[[7.3693548,47.1679454],[7.3679908,47.1681011],[7.367257,47.1681591],[7.3665527,47.1681985],[7.3660256,47.1682272],[7.3631633,47.1682918],[7.3602873,47.168306]]}},{"type":"Feature","properties":{"highway":"motorway","lanes":"3","lit":"no","maxspeed":"100","oneway":"yes","ref":"A5","toll":"yes","carriage_ref":"d","opposite_carriage_ref":"c"},"geometry":{"type":"LineString","coordinates":[[7.3568196,47.1682624],[7.3559114,47.1682438]]}},{"type":"Feature","properties":{"highway":"motorway","lanes":"2","lit":"no","maxspeed":"120","oneway":"yes","ref":"A5","toll":"yes","carriage_ref":"a","opposite_carriage_ref":"b"},"geometry":{"type":"LineString","coordinates":[[6.6596252,46.8229323],[6.6617482,46.8244195],[6.6618397,46.8244822]]}},{"type":"Feature","properties":{"bridge":"yes","highway":"motorway","lanes":"2","layer":"1","maxspeed":"100","oneway":"yes","ref":"A5","toll":"yes","carriage_ref":"d","opposite_carriage_ref":"c"},"geometry":{"type":"LineString","coordinates":[[7.5772487,47.2073325],[7.5761102,47.2068323]]}},{"type":"Feature","properties":{"highway":"motorway","lanes":"2","maxspeed":"100","oneway":"yes","ref":"A5","toll":"yes","carriage_ref":"c","opposite_carriage_ref":"d"},"geometry":{"type":"LineString","coordinates":[[7.4135416,47.1741511],[7.4148579,47.1744191],[7.4159075,47.1746299],[7.4171332,47.1748905]]}},{"type":"Feature","properties":{"destination":"Neuchâtel Monruz","highway":"motorway","lanes":"2","maxspeed":"100","oneway":"yes","ref":"A5","toll":"yes","carriage_ref":"a","opposite_carriage_ref":"b"},"geometry":{"type":"LineString","coordinates":[[6.953568,46.9972753],[6.953771,46.9973089],[6.9539542,46.9973481],[6.9541361,46.9973921],[6.9542802,46.9974319],[6.9546018,46.9975478],[6.9549088,46.9976803],[6.9550339,46.9977468],[6.9552183,46.9978532],[6.9554168,46.997987]]}},{"type":"Feature","properties":{"bridge":"yes","highway":"trunk","lanes":"1","layer":"1","lit":"no","maxspeed":"100","motorroad":"yes","oneway":"yes","ref":"A5","toll":"yes","carriage_ref":"a","opposite_carriage_ref":"b"},"geometry":{"type":"LineString","coordinates":[[7.0772116,47.0598636],[7.0778416,47.0598877],[7.0784413,47.0598919],[7.0796996,47.0598671],[7.08048,47.0598726]]}},{"type":"Feature","properties":{"highway":"motorway","maxspeed":"100","oneway":"yes","ref":"A5","toll":"yes","carriage_ref":"d","opposite_carriage_ref":"c"},"geometry":{"type":"LineString","coordinates":[[7.3292966,47.1690872],[7.3279249,47.1687733],[7.3259013,47.1682303]]}},{"type":"Feature","properties":{"destination":"Lausanne;Neuchâtel;Le Landeron","highway":"trunk","lanes":"1","lit":"no","maxspeed":"60","motorroad":"yes","oneway":"yes","ref":"A5","toll":"yes","first":"true","carriage_ref":"b","opposite_carriage_ref":"a"},"geometry":{"type":"LineString","coordinates":[[7.1056555,47.0664858],[7.1050709,47.0662977],[7.1044123,47.0661377],[7.1035777,47.0659328]]}},{"type":"Feature","properties":{"highway":"motorway","lanes":"2","maxspeed":"120","oneway":"yes","ref":"A5","toll":"yes","carriage_ref":"a","opposite_carriage_ref":"b"},"geometry":{"type":"LineString","coordinates":[[6.8593252,46.9577381],[6.8601959,46.9586704],[6.8605908,46.9590877],[6.8609806,46.9594698],[6.8612858,46.9597523],[6.8617661,46.9601623]]}},{"type":"Feature","properties":{"highway":"motorway","lanes":"3","lit":"no","maxspeed":"120","oneway":"yes","ref":"A5","toll":"yes","carriage_ref":"c","opposite_carriage_ref":"d"},"geometry":{"type":"LineString","coordinates":[[7.3481793,47.1678406],[7.3486876,47.1678605],[7.3494148,47.1678916]]}},{"type":"Feature","properties":{"bridge":"yes","highway":"motorway","lanes":"2","layer":"1","lit":"no","maxspeed":"120","oneway":"yes","ref":"A5","source":"Orthophotos 2006 SITN 50cm","toll":"yes","carriage_ref":"b","opposite_carriage_ref":"a"},"geometry":{"type":"LineString","coordinates":[[7.026976,47.0304354],[7.0272284,47.0300726]]}},{"type":"Feature","properties":{"highway":"motorway","lanes":"2","layer":"-2","lit":"yes","maxspeed":"100","name:tunnel":"Vignier","oneway":"yes","ref":"A5","toll":"yes","tunnel":"yes","tunnel:name":"Vignier","carriage_ref":"b","opposite_carriage_ref":"a"},"geometry":{"type":"LineString","coordinates":[[6.9778781,47.0112363],[6.9772276,47.0109754],[6.9765972,47.0106804],[6.9741511,47.0093554],[6.9720795,47.0082485]]}},{"type":"Feature","properties":{"bridge":"yes","highway":"motorway","lanes":"2","layer":"1","lit":"no","maxspeed":"120","oneway":"yes","ref":"A5","toll":"yes","carriage_ref":"a","opposite_carriage_ref":"b"},"geometry":{"type":"LineString","coordinates":[[6.6618397,46.8244822],[6.6624522,46.8249148]]}},{"type":"Feature","properties":{"highway":"motorway","lanes":"2","lit":"yes","maxspeed":"100","oneway":"yes","ref":"A5","toll":"yes","carriage_ref":"a","opposite_carriage_ref":"b"},"geometry":{"type":"LineString","coordinates":[[6.9661881,47.0053629],[6.9667145,47.005536],[6.9672751,47.0057432],[6.9678937,47.0059994],[6.9685127,47.0062773],[6.96925,47.0066496],[6.9721645,47.008172]]}},{"type":"Feature","properties":{"highway":"motorway","lanes":"2","lit":"no","maxspeed":"120","oneway":"yes","ref":"A5","source":"Orthophotos 2006 SITN 50cm","toll":"yes","carriage_ref":"a","opposite_carriage_ref":"b"},"geometry":{"type":"LineString","coordinates":[[7.0271202,47.0304143],[7.0269049,47.0307663],[7.0267102,47.0311309],[7.0265651,47.0314447],[7.026404,47.0318849],[7.0262795,47.032343],[7.026204,47.0327823],[7.0261687,47.033255],[7.0261757,47.0337028],[7.0262135,47.0341352],[7.0263084,47.0346072],[7.0263721,47.0348975],[7.0264408,47.0351295],[7.026535,47.0354232],[7.0267345,47.0359401]]}},{"type":"Feature","properties":{"highway":"motorway","lanes":"2","layer":"-1","maxspeed":"80","oneway":"yes","ref":"A5","toll":"yes","tunnel":"yes","tunnel:name":"Nid-duCrô","carriage_ref":"a","opposite_carriage_ref":"b"},"geometry":{"type":"LineString","coordinates":[[6.9554168,46.997987],[6.9555827,46.9981141],[6.9556985,46.9982134]]}},{"type":"Feature","properties":{"highway":"motorway","lanes":"2","lit":"no","maxspeed":"100","oneway":"yes","ref":"A5","surface":"asphalt","toll":"yes","carriage_ref":"a","opposite_carriage_ref":"b"},"geometry":{"type":"LineString","coordinates":[[6.6299324,46.7543716],[6.6301424,46.7544132],[6.6303598,46.7544528],[6.6305684,46.754483],[6.6307352,46.7545018],[6.6309206,46.7545172],[6.6310844,46.7545273],[6.6312453,46.7545345],[6.6314611,46.7545373],[6.6316784,46.7545356],[6.6319262,46.7545275],[6.6324752,46.7545037]]}},{"type":"Feature","properties":{"highway":"motorway","lanes":"2","layer":"-1","lit":"yes","maxspeed":"100","oneway":"yes","ref":"A5","toll":"yes","carriage_ref":"a","opposite_carriage_ref":"b"},"geometry":{"type":"LineString","coordinates":[[6.9876183,47.011082],[6.988008,47.0111165],[6.9883625,47.0111677],[6.9888637,47.0112699]]}},{"type":"Feature","properties":{"avz":"59","cs_dir:forward":"2","highway":"motorway","lanes":"2","layer":"-2","maxspeed":"100","name:tunnel":"Neuchâtel Tunnel Est","oneway":"yes","ref":"A5","ssvz":"992N","toll":"yes","tunnel":"yes","tunnel:name":"Neuchâtel","carriage_ref":"b","opposite_carriage_ref":"a"},"geometry":{"type":"LineString","coordinates":[[6.953088,46.9973649],[6.9526421,46.9973871],[6.9521491,46.997432],[6.9517337,46.9974949],[6.951398,46.9975737],[6.9508269,46.9977653],[6.9502247,46.9979803],[6.9480797,46.9987448],[6.9467904,46.9990546],[6.9456718,46.9992818],[6.9448968,46.9994048],[6.9441941,46.9994843],[6.9439152,46.9995209],[6.9435731,46.9995252]]}},{"type":"Feature","properties":{"highway":"motorway","lanes":"2","layer":"-1","lit":"yes","maxspeed":"100","oneway":"yes","ref":"A5","toll":"yes","tunnel":"yes","carriage_ref":"b","opposite_carriage_ref":"a"},"geometry":{"type":"LineString","coordinates":[[6.8811318,46.9758199],[6.8796566,46.9745161]]}},{"type":"Feature","properties":{"highway":"motorway","lanes":"2","lit":"no","maxspeed":"100","oneway":"yes","ref":"A5","toll":"yes","carriage_ref":"b","opposite_carriage_ref":"a"},"geometry":{"type":"LineString","coordinates":[[6.8680369,46.9636122],[6.8677044,46.9634147],[6.8672715,46.9631864],[6.8666256,46.9628719]]}},{"type":"Feature","properties":{"highway":"motorway","lanes":"1","maxspeed":"80","oneway":"yes","ref":"A5","surface":"asphalt","toll":"yes","carriage_ref":"c","opposite_carriage_ref":"d"},"geometry":{"type":"LineString","coordinates":[[7.2866532,47.1546599],[7.2855951,47.1556363],[7.2850935,47.1561956],[7.2849353,47.1564931],[7.2848509,47.1568219],[7.284829,47.1570167],[7.2848339,47.1572358],[7.2848815,47.1574983],[7.2849635,47.1577141],[7.2851253,47.1579783],[7.2853229,47.1582316],[7.2855266,47.1584318],[7.2857362,47.1585932],[7.2860385,47.1587699],[7.2864044,47.1589245],[7.2867761,47.1590621],[7.2872855,47.1592118]]}},{"type":"Feature","properties":{"destination":"La Neuveville","highway":"trunk","lanes":"2","lit":"no","maxspeed":"100","oneway":"yes","ref":"A5","toll":"yes","carriage_ref":"a","opposite_carriage_ref":"b"},"geometry":{"type":"LineString","coordinates":[[7.0450279,47.0529049],[7.045528,47.0531935],[7.0460088,47.0534541],[7.0464792,47.0536816],[7.0466395,47.0537525]]}},{"type":"Feature","properties":{"highway":"motorway","lanes":"2","maxspeed":"100","oneway":"yes","ref":"A5","toll":"yes","carriage_ref":"a","opposite_carriage_ref":"b"},"geometry":{"type":"LineString","coordinates":[[6.7683744,46.8954048],[6.768805,46.8957315]]}},{"type":"Feature","properties":{"highway":"motorway","int_ref":"E 27","lanes":"3","maxspeed":"80","maxspeed:variable":"yes","oneway":"yes","ref":"A5","surface":"asphalt","toll":"yes","turn:lanes":"through|through|through","carriage_ref":"d","opposite_carriage_ref":"c"},"geometry":{"type":"LineString","coordinates":[[7.2882341,47.1398827],[7.2881406,47.1396541]]}},{"type":"Feature","properties":{"cutting":"yes","highway":"motorway","lanes":"2","layer":"-1","lit":"yes","maxspeed":"100","oneway":"yes","ref":"A5","toll":"yes","carriage_ref":"b","opposite_carriage_ref":"a"},"geometry":{"type":"LineString","coordinates":[[6.9837299,47.0116017],[6.9831175,47.0117351],[6.9826822,47.0118129],[6.9822942,47.0118552],[6.9818694,47.0118978],[6.981344,47.0119088],[6.9809522,47.0119051],[6.9805907,47.0118857],[6.9801513,47.0118386],[6.9797536,47.0117813],[6.9794236,47.0117182],[6.9789991,47.0116181],[6.9786739,47.0115266],[6.9782906,47.0113931],[6.9778781,47.0112363]]}},{"type":"Feature","properties":{"destination":"Pontarlier;La Chaux-de-Fonds;Lausanne;Neuchâtel Serrières","highway":"motorway","lanes":"2","layer":"-1","lit":"yes","maxspeed":"80","oneway":"yes","ref":"A5","toll":"yes","tunnel":"yes","tunnel:name":"Hauterive","carriage_ref":"b","opposite_carriage_ref":"a"},"geometry":{"type":"LineString","coordinates":[[6.9562391,46.9994481],[6.9561465,46.9991426],[6.9560309,46.9988768],[6.9558363,46.9985742],[6.9554782,46.998231],[6.9551503,46.9979932]]}},{"type":"Feature","properties":{"bicycle":"no","bridge":"viaduct","destination":"Grandson","foot":"no","highway":"motorway","horse":"no","lanes":"2","layer":"1","lit":"no","maxspeed":"120","oneway":"yes","ref":"A5","sidewalk":"no","toll":"yes","carriage_ref":"a","opposite_carriage_ref":"b"},"geometry":{"type":"LineString","coordinates":[[6.6197484,46.7859208],[6.6194498,46.7871716]]}},{"type":"Feature","properties":{"bicycle":"no","bridge":"yes","foot":"no","highway":"motorway","horse":"no","lanes":"2","layer":"2","lit":"no","maxspeed":"120","oneway":"yes","ref":"A5","sidewalk":"no","toll":"yes","carriage_ref":"a","opposite_carriage_ref":"b"},"geometry":{"type":"LineString","coordinates":[[6.6193749,46.7927374],[6.6194749,46.7934405],[6.6196691,46.7943933],[6.6199533,46.7953207]]}},{"type":"Feature","properties":{"bicycle":"no","bridge":"yes","foot":"no","highway":"motorway","horse":"no","lanes":"2","layer":"2","lit":"no","maxspeed":"120","oneway":"yes","ref":"A5","sidewalk":"no","toll":"yes","carriage_ref":"b","opposite_carriage_ref":"a"},"geometry":{"type":"LineString","coordinates":[[6.6198225,46.79534],[6.619534,46.7944206],[6.6193361,46.7934556],[6.6192059,46.7927539]]}},{"type":"Feature","properties":{"bridge":"yes","highway":"trunk","lanes":"1","layer":"1","lit":"no","maxspeed":"80","motorroad":"yes","oneway":"yes","ref":"A5","toll":"yes","carriage_ref":"a","opposite_carriage_ref":"b"},"geometry":{"type":"LineString","coordinates":[[7.08048,47.0598726],[7.081015,47.0598967],[7.0813951,47.0599452],[7.0817737,47.0600146],[7.0821095,47.0600862],[7.082454,47.0601743],[7.0828213,47.0602761],[7.084094,47.06069]]}},{"type":"Feature","properties":{"destination":"Saint-Aubin","highway":"motorway","lanes":"2","layer":"-1","lit":"yes","maxspeed":"120","name":"Tranchée de Bevaix","oneway":"yes","ref":"A5","toll":"yes","tunnel":"yes","tunnel:alt_name":"Tranchée de Bevaix","tunnel:name":"Bevaix","carriage_ref":"b","opposite_carriage_ref":"a"},"geometry":{"type":"LineString","coordinates":[[6.8131254,46.9251495],[6.8126885,46.9249023],[6.8121749,46.924582],[6.811693,46.9242648],[6.8112593,46.9239687],[6.810829,46.9236501],[6.8102534,46.9232168],[6.8098547,46.9228759]]}},{"type":"Feature","properties":{"highway":"motorway","lanes":"2","lit":"no","maxspeed":"120","oneway":"yes","ref":"A5","toll":"yes","carriage_ref":"a","opposite_carriage_ref":"b"},"geometry":{"type":"LineString","coordinates":[[6.8078304,46.9203676],[6.8081699,46.9208412]]}},{"type":"Feature","properties":{"bicycle":"no","foot":"no","highway":"motorway","horse":"no","lanes":"2","lit":"no","maxspeed":"120","oneway":"yes","ref":"A5","sidewalk":"no","toll":"yes","carriage_ref":"a","opposite_carriage_ref":"b"},"geometry":{"type":"LineString","coordinates":[[6.6191992,46.7887963],[6.6191359,46.7900686],[6.619235,46.7918523],[6.6193749,46.7927374]]}},{"type":"Feature","properties":{"highway":"motorway","lanes":"2","oneway":"yes","opening_date":"2013","ref":"A5","carriage_ref":"b","opposite_carriage_ref":"a"},"geometry":{"type":"LineString","coordinates":[[6.890877,46.9789081],[6.890055,46.9786881],[6.8890926,46.9784754],[6.8880041,46.9782558],[6.8875488,46.97817]]}},{"type":"Feature","properties":{"highway":"motorway","lanes":"2","maxspeed":"100","oneway":"yes","ref":"A5","toll":"yes","carriage_ref":"d","opposite_carriage_ref":"c"},"geometry":{"type":"LineString","coordinates":[[7.5784967,47.2078292],[7.5777593,47.2075385],[7.5772487,47.2073325]]}},{"type":"Feature","properties":{"bicycle":"no","bridge":"viaduct","foot":"no","highway":"motorway","horse":"no","lanes":"2","layer":"1","lit":"no","maxspeed":"120","oneway":"yes","ref":"A5","sidewalk":"no","toll":"yes","carriage_ref":"b","opposite_carriage_ref":"a"},"geometry":{"type":"LineString","coordinates":[[6.6212708,46.7811408],[6.6216187,46.7803807],[6.6223577,46.7788894],[6.6224733,46.778672],[6.6234377,46.7769823],[6.6238962,46.7762386],[6.6239539,46.7761505],[6.6243188,46.7755715],[6.6254594,46.7739248],[6.6264416,46.7725835],[6.6265328,46.7724522],[6.6278416,46.770669],[6.6285074,46.7697619],[6.6302603,46.7673736]]}},{"type":"Feature","properties":{"destination:lanes":"Zürich;Luzern;Basel|Lausanne;Interlaken;Bern","highway":"motorway","lanes":"2","maxspeed":"100","oneway":"yes","ref":"A5","toll":"yes","carriage_ref":"c","opposite_carriage_ref":"d"},"geometry":{"type":"LineString","coordinates":[[7.5851638,47.2094261],[7.5857711,47.2095185],[7.5868654,47.2096667],[7.588181,47.2098059],[7.5901376,47.209963],[7.5915988,47.2100439],[7.5929924,47.2100947]]}},{"type":"Feature","properties":{"destination:lanes":"Bern;Biel-Bienne|Bern;Biel-Bienne;Marin|Neuchâtel Monruz;La Chaux-de-Fonds;Hauterive;St-Blaise","highway":"motorway","lanes":"3","lit":"yes","maxspeed":"100","oneway":"yes","ref":"A5","toll":"yes","carriage_ref":"a","opposite_carriage_ref":"b"},"geometry":{"type":"LineString","coordinates":[[6.9564619,46.9996703],[6.9566759,47.0004467],[6.9567811,47.0007236],[6.9568397,47.0008684]]}},{"type":"Feature","properties":{"highway":"motorway","lanes":"2","lit":"no","maxspeed":"120","oneway":"yes","ref":"A5","source":"Orthophotos 2006 SITN 50cm","toll":"yes","carriage_ref":"b","opposite_carriage_ref":"a"},"geometry":{"type":"LineString","coordinates":[[7.0272284,47.0300726],[7.0278684,47.0291815],[7.0280271,47.0289307],[7.0281652,47.0286918],[7.0282997,47.0284369],[7.02842,47.0281664],[7.0285334,47.0278776],[7.0286614,47.02747],[7.0287581,47.0270492],[7.0288187,47.0265765],[7.0288325,47.0261712],[7.0288156,47.0257575],[7.0287617,47.0253694],[7.0286919,47.0250043],[7.0285935,47.0246755],[7.0285068,47.0244277],[7.0284083,47.0241784],[7.0282855,47.0239091],[7.0281669,47.0236756],[7.0279298,47.023279],[7.0276564,47.0228554]]}},{"type":"Feature","properties":{"highway":"motorway","lanes":"2","lit":"no","maxspeed":"120","oneway":"yes","ref":"A5","surface":"asphalt","toll":"yes","carriage_ref":"d","opposite_carriage_ref":"c"},"geometry":{"type":"LineString","coordinates":[[7.3006196,47.162318],[7.2993263,47.1621578],[7.2987031,47.1620616],[7.2980842,47.1619568],[7.2965077,47.1616473]]}},{"type":"Feature","properties":{"bridge":"yes","highway":"motorway","layer":"1","lit":"no","maxspeed":"120","oneway":"yes","ref":"A5","toll":"yes","carriage_ref":"c","opposite_carriage_ref":"d"},"geometry":{"type":"LineString","coordinates":[[7.3706712,47.1676446],[7.3716755,47.167442]]}},{"type":"Feature","properties":{"highway":"motorway","lanes":"2","layer":"-1","lit":"yes","maxspeed":"120","oneway":"yes","ref":"A5","toll":"yes","tunnel":"yes","tunnel:name":"Chanélaz","carriage_ref":"b","opposite_carriage_ref":"a"},"geometry":{"type":"LineString","coordinates":[[6.8442078,46.9506921],[6.8439434,46.9503958],[6.8436921,46.9501299],[6.8433218,46.9498074],[6.8429635,46.9495329],[6.8424558,46.9491434],[6.8419996,46.9488451],[6.8416626,46.9486269],[6.841206,46.9483885],[6.8406191,46.9481277],[6.8393552,46.9476798],[6.8381536,46.9472244],[6.8376608,46.947042],[6.8373233,46.946898],[6.8370238,46.9467584]]}},{"type":"Feature","properties":{"bridge":"yes","highway":"motorway","layer":"1","lit":"no","maxspeed":"120","oneway":"yes","ref":"A5","toll":"yes","carriage_ref":"d","opposite_carriage_ref":"c"},"geometry":{"type":"LineString","coordinates":[[7.3716327,47.1675407],[7.3707154,47.1677258]]}},{"type":"Feature","properties":{"highway":"motorway","lanes":"2","lit":"no","maxspeed":"120","oneway":"yes","ref":"A5","toll":"yes","carriage_ref":"a","opposite_carriage_ref":"b"},"geometry":{"type":"LineString","coordinates":[[6.8239464,46.9376638],[6.8242798,46.9380766],[6.8245472,46.9383696],[6.8248383,46.9386764]]}},{"type":"Feature","properties":{"highway":"motorway","lanes":"2","lit":"no","maxspeed":"100","oneway":"yes","ref":"A5","toll":"yes","carriage_ref":"c","opposite_carriage_ref":"d"},"geometry":{"type":"LineString","coordinates":[[7.5274795,47.1956611],[7.5282064,47.1956637]]}},{"type":"Feature","properties":{"highway":"motorway","lanes":"2","lit":"no","maxspeed":"100","oneway":"yes","ref":"A5","toll":"yes","carriage_ref":"a","opposite_carriage_ref":"b"},"geometry":{"type":"LineString","coordinates":[[6.8713723,46.9676607],[6.8716627,46.968618],[6.8717367,46.9688322],[6.8718151,46.969025],[6.8719007,46.9692234],[6.8720032,46.969422],[6.8721468,46.9696902],[6.8723231,46.9699618],[6.8724918,46.9701842],[6.87265,46.970382],[6.8728592,46.9706143],[6.8730255,46.9707792],[6.8732247,46.9709704],[6.8734435,46.9711587],[6.8736031,46.9712874],[6.8737811,46.971423],[6.8740311,46.9715967],[6.8742736,46.9717507],[6.8745634,46.9719289],[6.8748305,46.9720768],[6.8751522,46.9722394],[6.8755226,46.9724062],[6.8758339,46.972533],[6.8761408,46.9726574],[6.8767598,46.9729024],[6.8773671,46.9731401],[6.8777366,46.9732907],[6.8780778,46.9734415],[6.8783901,46.9735955],[6.8787246,46.9737804],[6.8790358,46.9739674],[6.8793184,46.9741512],[6.879514,46.9742883],[6.8797465,46.9744621]]}},{"type":"Feature","properties":{"highway":"motorway","lanes":"2","layer":"-2","maxspeed":"100","oneway":"yes","ref":"A5","toll":"yes","tunnel":"yes","tunnel:name":"Neuchâtel","carriage_ref":"a","opposite_carriage_ref":"b"},"geometry":{"type":"LineString","coordinates":[[6.9111129,46.9845897],[6.9113888,46.9849079],[6.911643,46.9852453],[6.9119997,46.9857389],[6.9129274,46.9870693],[6.9134014,46.9876085],[6.9137166,46.9879003],[6.914024,46.9881502],[6.914654,46.9886059],[6.9157418,46.9894221],[6.916355,46.9898133],[6.9171269,46.9902766],[6.9175007,46.9905604],[6.9176941,46.990688],[6.9178782,46.9907967],[6.9181299,46.9909369],[6.9183627,46.9910441],[6.9186863,46.9911851],[6.9190756,46.9913336],[6.9199143,46.9916203],[6.9203477,46.9917858],[6.9205922,46.9918909],[6.9208696,46.9920107],[6.9210941,46.9921234],[6.9215602,46.9923921],[6.9224632,46.9929185],[6.9227782,46.993086],[6.9231133,46.993248],[6.9234374,46.993381],[6.9237536,46.9934892],[6.9243799,46.9937024],[6.9250062,46.9938937],[6.926229,46.9942273],[6.9273176,46.9945263],[6.9284364,46.9948087],[6.9295413,46.995145],[6.9306461,46.9955024],[6.9328284,46.9962384],[6.9349394,46.996952],[6.9366708,46.9975177],[6.9394488,46.998464],[6.9398933,46.9986067],[6.9403017,46.9987221],[6.9407158,46.9988383],[6.9411618,46.9989487],[6.9417233,46.9990711],[6.9421499,46.9991403],[6.9425472,46.9991916],[6.9430913,46.9992258],[6.9433935,46.9992266],[6.9437535,46.9992095]]}},{"type":"Feature","properties":{"highway":"motorway","lit":"no","maxspeed":"120","oneway":"yes","ref":"A5","toll":"yes","carriage_ref":"d","opposite_carriage_ref":"c"},"geometry":{"type":"LineString","coordinates":[[7.3071346,47.1635563],[7.3058292,47.1632379],[7.3045152,47.162931],[7.3030605,47.1626652],[7.3022925,47.1625399],[7.3015245,47.1624321],[7.3006196,47.162318]]}},{"type":"Feature","properties":{"avz":"237","cs_dir:forward":"2","cutting":"yes","highway":"motorway","lit":"no","maxspeed":"100","oneway":"yes","ref":"A5","ssvz":"1104N","toll":"yes","carriage_ref":"d","opposite_carriage_ref":"c"},"geometry":{"type":"LineString","coordinates":[[7.4135025,47.1742522],[7.4126313,47.1740829],[7.4107313,47.1737165],[7.4102324,47.173627]]}},{"type":"Feature","properties":{"highway":"trunk","lanes":"1","lit":"no","maxspeed":"80","motorroad":"yes","oneway":"yes","ref":"A5","toll":"yes","carriage_ref":"a","opposite_carriage_ref":"b"},"geometry":{"type":"LineString","coordinates":[[7.087721,47.0613694],[7.0880229,47.0613688],[7.0884606,47.0613551],[7.0892629,47.0613153],[7.0897797,47.0612969],[7.0901351,47.0612909],[7.090458,47.0612988],[7.0911893,47.06137],[7.0915694,47.0614225],[7.0919933,47.0614973],[7.0923472,47.0615783],[7.0936056,47.0619518],[7.0949026,47.0624146],[7.0981648,47.06363],[7.0993165,47.0640174]]}},{"type":"Feature","properties":{"highway":"trunk","lanes":"1","lit":"no","maxspeed":"80","motorroad":"yes","oneway":"yes","ref":"A5","toll":"yes","carriage_ref":"b","opposite_carriage_ref":"a"},"geometry":{"type":"LineString","coordinates":[[7.0993058,47.0640691],[7.0981583,47.0636821],[7.0948901,47.06248],[7.0935797,47.0619924],[7.0923237,47.0616171],[7.091954,47.0615367],[7.0915657,47.0614619],[7.0911787,47.0614101],[7.0904506,47.0613426],[7.0901307,47.0613294],[7.0897708,47.0613354],[7.0892613,47.0613544],[7.0884518,47.0613983],[7.0880239,47.0614158],[7.0877033,47.0614139]]}},{"type":"Feature","properties":{"bridge":"yes","highway":"motorway","int_ref":"E 27","lanes":"3","layer":"1","maxspeed":"100","maxspeed:type":"sign","oneway":"yes","ref":"A5","surface":"asphalt","toll":"yes","carriage_ref":"c","opposite_carriage_ref":"d"},"geometry":{"type":"LineString","coordinates":[[7.2883892,47.139869],[7.2884135,47.1399561]]}},{"type":"Feature","properties":{"avz":"235","cs_dir:forward":"1","highway":"motorway","lanes":"2","lit":"no","maxspeed":"120","oneway":"yes","ref":"A5","ssvz":"1102N","surface":"asphalt","toll":"yes","carriage_ref":"c","opposite_carriage_ref":"d"},"geometry":{"type":"LineString","coordinates":[[7.2921392,47.1604374],[7.2954654,47.1613039],[7.2965707,47.1615652],[7.2981109,47.1618698],[7.2993415,47.1620686],[7.3006233,47.1622354],[7.3015757,47.1623556],[7.3023336,47.1624582],[7.3030744,47.1625783],[7.3045296,47.1628456],[7.3058633,47.1631435],[7.3071627,47.1634705]]}},{"type":"Feature","properties":{"avz":"237","cs_dir:forward":"2","highway":"motorway","lit":"no","maxspeed":"100","oneway":"yes","ref":"A5","ssvz":"1104N","toll":"yes","carriage_ref":"d","opposite_carriage_ref":"c"},"geometry":{"type":"LineString","coordinates":[[7.4173306,47.1750311],[7.4155191,47.1746601],[7.4143268,47.1744159],[7.4135025,47.1742522]]}},{"type":"Feature","properties":{"highway":"motorway","lanes":"2","lit":"no","maxspeed":"100","oneway":"yes","ref":"A5","toll":"yes","carriage_ref":"d","opposite_carriage_ref":"c"},"geometry":{"type":"LineString","coordinates":[[7.3559114,47.1682438],[7.3540517,47.1681776],[7.3500964,47.1680181],[7.3486958,47.1679542]]}},{"type":"Feature","properties":{"highway":"motorway","lanes":"2","lit":"no","maxspeed":"120","oneway":"yes","ref":"A5","toll":"yes","carriage_ref":"b","opposite_carriage_ref":"a"},"geometry":{"type":"LineString","coordinates":[[7.0440661,47.0523817],[7.0435292,47.0519827],[7.0425425,47.0511974],[7.0358301,47.0457522],[7.0330544,47.0435007]]}},{"type":"Feature","properties":{"highway":"motorway","lit":"no","maxspeed":"120","oneway":"yes","ref":"A5","toll":"yes","carriage_ref":"c","opposite_carriage_ref":"d"},"geometry":{"type":"LineString","coordinates":[[7.3716755,47.167442],[7.3724589,47.1672841],[7.3734634,47.167072],[7.3742777,47.1669227],[7.3747534,47.1668467],[7.3751049,47.1668017],[7.375503,47.1667564],[7.3759106,47.166725],[7.3764812,47.1666836],[7.3770595,47.1666664],[7.3776182,47.1666732],[7.3780201,47.1666813],[7.3784234,47.1667037],[7.3787309,47.1667223],[7.3792183,47.1667638],[7.3797214,47.1668253]]}},{"type":"Feature","properties":{"highway":"motorway","layer":"-1","lit":"no","maxspeed":"120","oneway":"yes","ref":"A5","toll":"yes","tunnel":"yes","tunnel:name":"Möösli","carriage_ref":"d","opposite_carriage_ref":"c"},"geometry":{"type":"LineString","coordinates":[[7.3083336,47.163839],[7.3071346,47.1635563]]}},{"type":"Feature","properties":{"bridge":"yes","highway":"trunk","lanes":"1","layer":"1","lit":"no","maxspeed":"80","motorroad":"yes","oneway":"yes","ref":"A5","toll":"yes","carriage_ref":"a","opposite_carriage_ref":"b"},"geometry":{"type":"LineString","coordinates":[[7.0993165,47.0640174],[7.1001684,47.0642762],[7.1006704,47.0644921],[7.1010814,47.064699],[7.1017442,47.0650832],[7.1021996,47.0653451],[7.102511,47.0654884],[7.102871,47.0656439],[7.1032075,47.0657615],[7.103595,47.0658801]]}},{"type":"Feature","properties":{"destination":"Areuse","highway":"motorway","lanes":"2","lit":"no","maxspeed":"120","oneway":"yes","ref":"A5","toll":"yes","carriage_ref":"a","opposite_carriage_ref":"b"},"geometry":{"type":"LineString","coordinates":[[6.8258051,46.9395],[6.826296,46.939854],[6.8267623,46.9401788],[6.8279416,46.9409803],[6.8289732,46.9416675]]}},{"type":"Feature","properties":{"highway":"motorway","lanes":"2","lit":"no","maxspeed":"100","oneway":"yes","ref":"A5","toll":"yes","carriage_ref":"a","opposite_carriage_ref":"b"},"geometry":{"type":"LineString","coordinates":[[6.871048,46.9666836],[6.8711329,46.9669088],[6.8712044,46.9671081],[6.8712626,46.9673008],[6.8713723,46.9676607]]}},{"type":"Feature","properties":{"bridge":"yes","highway":"motorway","int_ref":"E 27","lanes":"3","layer":"1","maxspeed":"80","maxspeed:variable":"yes","oneway":"yes","ref":"A5","surface":"asphalt","toll":"yes","turn:lanes":"through|through|through","carriage_ref":"d","opposite_carriage_ref":"c"},"geometry":{"type":"LineString","coordinates":[[7.2882631,47.1399622],[7.2882341,47.1398827]]}},{"type":"Feature","properties":{"bridge":"yes","highway":"motorway","lanes":"2","layer":"1","lit":"no","maxspeed":"120","oneway":"yes","ref":"A5","source":"Orthophotos 2006 SITN 50cm","toll":"yes","carriage_ref":"b","opposite_carriage_ref":"a"},"geometry":{"type":"LineString","coordinates":[[7.0258093,47.020523],[7.0255544,47.0202115]]}},{"type":"Feature","properties":{"destination":"Bevaix","highway":"motorway","lanes":"2","lit":"no","maxspeed":"120","oneway":"yes","ref":"A5","toll":"yes","carriage_ref":"b","opposite_carriage_ref":"a"},"geometry":{"type":"LineString","coordinates":[[6.8331361,46.9444786],[6.8317328,46.9435928],[6.8302724,46.9426504]]}},{"type":"Feature","properties":{"highway":"motorway","int_ref":"E 27","lanes":"2","layer":"-1","length":"1.45 km","lit":"yes","maxspeed":"100","name":"Tunnel du Büttenberg / Büttenbergtunnel","name:de":"Büttenbergtunnel","name:fr":"Tunnel du Büttenberg","oneway":"yes","ref":"A5","surface":"asphalt","toll":"yes","tunnel":"yes","tunnel:name":"Büttenberg","carriage_ref":"d","opposite_carriage_ref":"c"},"geometry":{"type":"LineString","coordinates":[[7.2867202,47.1542511],[7.2870585,47.1538111],[7.2876672,47.1531093],[7.2880758,47.1524387],[7.2885344,47.1515045],[7.2887864,47.150683],[7.2888988,47.1496427],[7.2888359,47.148002],[7.28875,47.1462215],[7.2886991,47.144971],[7.2886458,47.1432697],[7.2886021,47.1422403]]}},{"type":"Feature","properties":{"highway":"motorway","int_ref":"E 27","lanes":"2","layer":"-1","length":"1.45 km","lit":"yes","maxspeed":"100","maxspeed:variable":"yes","name":"Tunnel du Büttenberg / Büttenbergtunnel","name:de":"Büttenbergtunnel","name:fr":"Tunnel du Büttenberg","oneway":"yes","ref":"A5","surface":"asphalt","toll":"yes","tunnel":"yes","tunnel:name":"Büttenberg","carriage_ref":"c","opposite_carriage_ref":"d"},"geometry":{"type":"LineString","coordinates":[[7.2887604,47.1416746],[7.2888743,47.1432447],[7.2891716,47.1460774],[7.2892309,47.1466383],[7.2893717,47.1478859],[7.2894322,47.1489641],[7.289373,47.1502644],[7.289022,47.1514205],[7.2886071,47.152222],[7.2878146,47.1533952]]}},{"type":"Feature","properties":{"destination":"Cornaux","highway":"trunk","lanes":"2","lit":"no","maxspeed":"100","motorroad":"yes","oneway":"yes","ref":"A5","toll":"yes","carriage_ref":"b","opposite_carriage_ref":"a"},"geometry":{"type":"LineString","coordinates":[[7.0525102,47.055636],[7.048813,47.054607],[7.0482067,47.0544404]]}},{"type":"Feature","properties":{"highway":"motorway","lanes":"2","layer":"-1","lit":"yes","maxspeed":"100","oneway":"yes","ref":"A5","toll":"yes","carriage_ref":"b","opposite_carriage_ref":"a"},"geometry":{"type":"LineString","coordinates":[[6.9888099,47.011377],[6.9885146,47.0113153],[6.9882045,47.0112645],[6.9878746,47.0112208],[6.9875837,47.0111946]]}},{"type":"Feature","properties":{"highway":"motorway","lanes":"1","layer":"-1","maxspeed":"60","oneway":"yes","ref":"A5","surface":"asphalt","tunnel":"yes","carriage_ref":"c","opposite_carriage_ref":"d"},"geometry":{"type":"LineString","coordinates":[[7.2591979,47.122995],[7.2595056,47.1228997],[7.2598678,47.122692],[7.2601674,47.1225628]]}},{"type":"Feature","properties":{"highway":"motorway","lanes":"2","lit":"no","maxspeed":"100","oneway":"yes","ref":"A5","toll":"yes","carriage_ref":"d","opposite_carriage_ref":"c"},"geometry":{"type":"LineString","coordinates":[[7.4936492,47.1922297],[7.4910528,47.191637],[7.4898623,47.1913839]]}},{"type":"Feature","properties":{"bridge":"yes","highway":"motorway","lanes":"2","layer":"1","lit":"no","maxspeed":"100","oneway":"yes","ref":"A5","toll":"yes","carriage_ref":"b","opposite_carriage_ref":"a"},"geometry":{"type":"LineString","coordinates":[[6.7351613,46.8610947],[6.7336171,46.8611825],[6.7330164,46.8612088],[6.7323534,46.8612637]]}},{"type":"Feature","properties":{"bridge":"yes","highway":"motorway","lanes":"2","layer":"1","maxspeed":"100","oneway":"yes","ref":"A5","toll":"yes","carriage_ref":"a","opposite_carriage_ref":"b"},"geometry":{"type":"LineString","coordinates":[[6.768805,46.8957315],[6.7692664,46.8960599]]}},{"type":"Feature","properties":{"highway":"motorway","lanes":"2","lit":"no","maxspeed":"120","oneway":"yes","ref":"A5","toll":"yes","carriage_ref":"a","opposite_carriage_ref":"b"},"geometry":{"type":"LineString","coordinates":[[6.8443502,46.9506356],[6.844705,46.9510691]]}},{"type":"Feature","properties":{"highway":"motorway","lanes":"2","layer":"-1","lit":"yes","maxspeed":"100","oneway":"yes","ref":"A5","toll":"yes","tunnel":"yes","carriage_ref":"c","opposite_carriage_ref":"d"},"geometry":{"type":"LineString","coordinates":[[7.5282064,47.1956637],[7.5296483,47.1955587],[7.5314078,47.1953254],[7.5325947,47.1951728],[7.5340447,47.1949906],[7.5361272,47.1948464]]}},{"type":"Feature","properties":{"highway":"motorway","lanes":"2","lit":"no","maxspeed":"120","oneway":"yes","ref":"A5","toll":"yes","carriage_ref":"b","opposite_carriage_ref":"a"},"geometry":{"type":"LineString","coordinates":[[6.659161,46.8227221],[6.6572079,46.8212743],[6.6550173,46.8196182],[6.6535255,46.8185763],[6.6527066,46.8180344],[6.652071,46.8176288],[6.6508334,46.8168788],[6.6501876,46.8165067],[6.6495607,46.8161521],[6.6488804,46.8157881],[6.6480724,46.8153859],[6.6461153,46.8144133],[6.6440757,46.8135209],[6.6416301,46.8125617],[6.639,46.811608],[6.6363063,46.8106084],[6.634775,46.809978],[6.633121,46.8092051],[6.6313164,46.8082653]]}},{"type":"Feature","properties":{"highway":"motorway","int_ref":"E 27","lanes":"3","maxspeed":"80","maxspeed:variable":"yes","oneway":"yes","ref":"A5","surface":"asphalt","toll":"yes","turn:lanes":"through|through|merge_to_left","carriage_ref":"d","opposite_carriage_ref":"c"},"geometry":{"type":"LineString","coordinates":[[7.2881406,47.1396541],[7.2880854,47.1395193],[7.287995,47.1393626],[7.2878723,47.1391568],[7.2877424,47.1389748],[7.2875805,47.1387604],[7.2873687,47.138513]]}},{"type":"Feature","properties":{"highway":"motorway","lanes":"2","layer":"-1","lit":"yes","maxspeed":"120","oneway":"yes","ref":"A5","toll":"yes","tunnel":"yes","tunnel:name":"Treytel","carriage_ref":"b","opposite_carriage_ref":"a"},"geometry":{"type":"LineString","coordinates":[[6.8078807,46.9206528],[6.8058518,46.9178895],[6.8055878,46.917559],[6.8053379,46.9172697],[6.8048975,46.9168274],[6.8045313,46.9165079],[6.8035766,46.9157228],[6.8030618,46.9152565],[6.8028282,46.915012],[6.8025384,46.9146713],[6.8019652,46.9139849],[6.8016423,46.9136195],[6.8012548,46.9132178],[6.8011092,46.9130817],[6.8006204,46.9126483],[6.8000711,46.912204]]}},{"type":"Feature","properties":{"highway":"trunk","lanes":"1","lit":"no","maxspeed":"100","motorroad":"yes","oneway":"yes","ref":"A5","toll":"yes","carriage_ref":"a","opposite_carriage_ref":"b"},"geometry":{"type":"LineString","coordinates":[[7.0466395,47.0537525],[7.0471941,47.0539872],[7.0474674,47.0540969],[7.047823,47.0542268],[7.0482449,47.0543665],[7.0488593,47.0545366],[7.0512331,47.0552176],[7.0525499,47.0555686],[7.0536796,47.0558771]]}},{"type":"Feature","properties":{"highway":"motorway","lanes":"3","lit":"no","maxspeed":"100","oneway":"yes","ref":"A5","toll":"yes","carriage_ref":"c","opposite_carriage_ref":"d"},"geometry":{"type":"LineString","coordinates":[[7.5378899,47.1948085],[7.5394637,47.1949022],[7.5419318,47.1952049]]}},{"type":"Feature","properties":{"bridge":"yes","highway":"motorway","lanes":"2","layer":"1","lit":"no","maxspeed":"120","oneway":"yes","ref":"A5","toll":"yes","carriage_ref":"a","opposite_carriage_ref":"b"},"geometry":{"type":"LineString","coordinates":[[6.6592678,46.8226543],[6.6596252,46.8229323]]}},{"type":"Feature","properties":{"alt_name":"Wititunnel","highway":"motorway","layer":"-1","length":"1760","lit":"yes","maxspeed":"100","oneway":"yes","ref":"A5","start_date":"2000-12","toll":"yes","tunnel":"yes","tunnel:alt_name":"Wititunnel","tunnel:name":"Grenchner Witi","carriage_ref":"c","opposite_carriage_ref":"d"},"geometry":{"type":"LineString","coordinates":[[7.3881739,47.169315],[7.3883992,47.1693851],[7.389761,47.1697785],[7.3928032,47.1704655],[7.3986882,47.171544],[7.4063185,47.1727985],[7.4105242,47.173557]]}},{"type":"Feature","properties":{"destination":"Bern;Biel - Bienne;Marin","highway":"motorway","lanes":"2","layer":"-1","lit":"yes","maxspeed":"100","name:tunnel":"Hauterive","oneway":"yes","ref":"A5","toll":"yes","tunnel":"yes","tunnel:name":"Monruz","carriage_ref":"a","opposite_carriage_ref":"b"},"geometry":{"type":"LineString","coordinates":[[6.9609867,47.003449],[6.9615387,47.0036871],[6.9629341,47.004274],[6.9644737,47.0048374],[6.9661881,47.0053629]]}},{"type":"Feature","properties":{"destination":"Zürich;Delémont;Solothurn;Orpund","destination:ref":"E27;5;16","highway":"motorway","lanes":"1","maxspeed":"80","oneway":"yes","ref":"A5","surface":"asphalt","first":"true","carriage_ref":"c","opposite_carriage_ref":"d"},"geometry":{"type":"LineString","coordinates":[[7.2581774,47.1232738],[7.2585571,47.123168],[7.2589621,47.1230508],[7.2591979,47.122995]]}},{"type":"Feature","properties":{"destination":"Vaumarcus","highway":"motorway","lanes":"2","layer":"-1","lit":"yes","maxspeed":"100","name":"Tunnel de Gorgier","oneway":"yes","ref":"A5","toll":"yes","tunnel":"yes","tunnel:name":"Gorgier","carriage_ref":"b","opposite_carriage_ref":"a"},"geometry":{"type":"LineString","coordinates":[[6.7714479,46.8977094],[6.7704866,46.8971049]]}},{"type":"Feature","properties":{"bridge":"yes","highway":"trunk","lanes":"1","layer":"1","lit":"no","maxspeed":"80","oneway":"yes","ref":"A5","toll":"yes","carriage_ref":"a","opposite_carriage_ref":"b"},"geometry":{"type":"LineString","coordinates":[[7.0873339,47.0613614],[7.087721,47.0613694]]}},{"type":"Feature","properties":{"bridge":"yes","highway":"motorway","lanes":"2","layer":"1","lit":"no","maxspeed":"120","oneway":"yes","ref":"A5","source":"Orthophotos 2006 SITN 50cm","toll":"yes","carriage_ref":"a","opposite_carriage_ref":"b"},"geometry":{"type":"LineString","coordinates":[[7.018993,47.0143973],[7.0192346,47.0144844]]}},{"type":"Feature","properties":{"highway":"motorway","lit":"no","maxspeed":"120","oneway":"yes","ref":"A5","toll":"yes","carriage_ref":"d","opposite_carriage_ref":"c"},"geometry":{"type":"LineString","coordinates":[[7.4534194,47.1801254],[7.4494721,47.1786006],[7.4482876,47.1781674],[7.4475142,47.1779204],[7.446252,47.1775474],[7.4454812,47.1773591],[7.4453492,47.1773268],[7.4443871,47.1771341]]}},{"type":"Feature","properties":{"highway":"motorway","lit":"no","maxspeed":"120","oneway":"yes","ref":"A5","toll":"yes","carriage_ref":"c","opposite_carriage_ref":"d"},"geometry":{"type":"LineString","coordinates":[[7.3083694,47.1637633],[7.3103404,47.1642385],[7.3182995,47.1662003],[7.3221381,47.1671524],[7.325951,47.1681452]]}},{"type":"Feature","properties":{"highway":"motorway","lanes":"2","lit":"no","maxspeed":"100","oneway":"yes","ref":"A5","toll":"yes","carriage_ref":"c","opposite_carriage_ref":"d"},"geometry":{"type":"LineString","coordinates":[[7.5137249,47.1946535],[7.5180452,47.1946937],[7.5187712,47.1947085],[7.5198462,47.1948003],[7.5206874,47.1949195],[7.522712,47.1952925],[7.5237458,47.1954581],[7.524925,47.1955883],[7.5262233,47.195658],[7.5274795,47.1956611]]}},{"type":"Feature","properties":{"highway":"trunk","lanes":"2","lit":"no","maxspeed":"100","oneway":"yes","ref":"A5","toll":"yes","carriage_ref":"b","opposite_carriage_ref":"a"},"geometry":{"type":"LineString","coordinates":[[7.0844113,47.0608748],[7.0840454,47.0607504]]}},{"type":"Feature","properties":{"highway":"motorway","int_ref":"E 27","lanes":"3","maxspeed":"100","maxspeed:type":"sign","oneway":"yes","ref":"A5","surface":"asphalt","toll":"yes","carriage_ref":"c","opposite_carriage_ref":"d"},"geometry":{"type":"LineString","coordinates":[[7.2874878,47.1383308],[7.2878931,47.1389066]]}},{"type":"Feature","properties":{"highway":"motorway","lanes":"2","layer":"-1","lit":"yes","maxspeed":"100","name":"Tunnel de la Lance","oneway":"yes","ref":"A5","toll":"yes","tunnel":"yes","tunnel:name":"Lance","carriage_ref":"a","opposite_carriage_ref":"b"},"geometry":{"type":"LineString","coordinates":[[6.7353083,46.8608469],[6.7360922,46.8608587],[6.73703,46.8608906],[6.7383281,46.8610138],[6.7396051,46.8611549]]}},{"type":"Feature","properties":{"destination":"Cornaux","highway":"motorway","lanes":"2","lit":"no","maxspeed":"120","oneway":"yes","ref":"A5","source":"Orthophotos 2006 SITN 50cm","toll":"yes","carriage_ref":"a","opposite_carriage_ref":"b"},"geometry":{"type":"LineString","coordinates":[[7.0242273,47.0183865],[7.0257492,47.0202698]]}},{"type":"Feature","properties":{"bridge":"yes","highway":"motorway","lanes":"2","layer":"1","lit":"no","maxspeed":"120","oneway":"yes","ref":"A5","toll":"yes","carriage_ref":"a","opposite_carriage_ref":"b"},"geometry":{"type":"LineString","coordinates":[[6.703804,46.8533042],[6.7045895,46.8536889],[6.7059655,46.8544126]]}},{"type":"Feature","properties":{"highway":"motorway","lanes":"2","layer":"-1","oneway":"yes","ref":"A5","toll":"yes","tunnel":"yes","tunnel:name":"Neuchâtel Est","carriage_ref":"a","opposite_carriage_ref":"b"},"geometry":{"type":"LineString","coordinates":[[6.9086518,46.9823682],[6.9091348,46.9827877]]}},{"type":"Feature","properties":{"highway":"motorway","lanes":"2","lit":"no","maxspeed":"120","oneway":"yes","ref":"A5","toll":"yes","carriage_ref":"c","opposite_carriage_ref":"d"},"geometry":{"type":"LineString","coordinates":[[7.4171332,47.1748905],[7.4188225,47.1752359],[7.4207297,47.1756031],[7.4224198,47.1758795]]}},{"type":"Feature","properties":{"highway":"motorway","lanes":"2","lit":"no","maxspeed":"120","oneway":"yes","ref":"A5","toll":"yes","carriage_ref":"a","opposite_carriage_ref":"b"},"geometry":{"type":"LineString","coordinates":[[6.6871006,46.844901],[6.6879906,46.8456348],[6.6889424,46.8463399],[6.6897154,46.8468805],[6.690537,46.8474101],[6.691365,46.8479111],[6.6921613,46.8483636],[6.6935633,46.8490892],[6.694899,46.8497034],[6.6962329,46.8502639],[6.7004009,46.8518722],[6.7009254,46.8520755],[6.701447,46.8522827],[6.7019749,46.8525029],[6.7024982,46.8527247],[6.703804,46.8533042]]}},{"type":"Feature","properties":{"highway":"motorway","lanes":"2","layer":"-1","lit":"yes","maxspeed":"100","name":"Tunnel de Concise","oneway":"yes","ref":"A5","toll":"yes","tunnel":"yes","tunnel:name":"Concise","carriage_ref":"a","opposite_carriage_ref":"b"},"geometry":{"type":"LineString","coordinates":[[6.7149174,46.8595205],[6.7166271,46.8603371],[6.7177323,46.8607436],[6.7189075,46.8610344],[6.7196402,46.8612238],[6.720457,46.8613506],[6.7214178,46.8614728],[6.7224882,46.8615728],[6.7233221,46.8615876],[6.723998,46.861586],[6.7252294,46.8615442],[6.7269204,46.8614643],[6.7292416,46.8612594],[6.7306163,46.8611328],[6.7316627,46.8610505]]}},{"type":"Feature","properties":{"highway":"motorway","lanes":"2","layer":"-1","lit":"yes","maxspeed":"100","name":"Tunnel de la Lance","oneway":"yes","ref":"A5","toll":"yes","tunnel":"yes","tunnel:name":"Lance","carriage_ref":"b","opposite_carriage_ref":"a"},"geometry":{"type":"LineString","coordinates":[[6.739557,46.8613438],[6.7383111,46.8612108],[6.7369668,46.8611039],[6.7359733,46.8610893],[6.7351613,46.8610947]]}},{"type":"Feature","properties":{"highway":"motorway","lanes":"2","maxspeed":"100","oneway":"yes","ref":"A5","toll":"yes","carriage_ref":"c","opposite_carriage_ref":"d"},"geometry":{"type":"LineString","coordinates":[[7.5668927,47.2012119],[7.569006,47.2024961],[7.5724053,47.2046604]]}},{"type":"Feature","properties":{"bicycle":"no","foot":"no","highway":"motorway","horse":"no","lanes":"2","lit":"no","maxspeed":"120","oneway":"yes","ref":"A5","sidewalk":"no","toll":"yes","carriage_ref":"b","opposite_carriage_ref":"a"},"geometry":{"type":"LineString","coordinates":[[6.6191079,46.7883838],[6.6191981,46.787628],[6.61928,46.7871561]]}},{"type":"Feature","properties":{"highway":"trunk","lanes":"2","lit":"no","maxspeed":"100","motorroad":"yes","oneway":"yes","ref":"A5","toll":"yes","carriage_ref":"b","opposite_carriage_ref":"a"},"geometry":{"type":"LineString","coordinates":[[7.0772118,47.0599408],[7.0762462,47.059852],[7.0754195,47.0597343],[7.0746494,47.0595878],[7.0739717,47.0594187],[7.073459,47.0592787],[7.0729058,47.0590983],[7.0695226,47.0578988],[7.0688955,47.0576812],[7.068276,47.05749],[7.0676669,47.0573194],[7.067089,47.0571849],[7.0660237,47.0569943],[7.0652888,47.0569052],[7.0648196,47.0568652],[7.0643328,47.0568306],[7.063893,47.0568149],[7.0632164,47.0568143],[7.0625895,47.0568425],[7.0621114,47.0568785]]}},{"type":"Feature","properties":{"highway":"motorway","lit":"no","maxspeed":"120","oneway":"yes","ref":"A5","toll":"yes","carriage_ref":"d","opposite_carriage_ref":"c"},"geometry":{"type":"LineString","coordinates":[[7.4844355,47.190214],[7.479531,47.18913],[7.4764358,47.1883784],[7.4752637,47.1880966],[7.4728628,47.1874153],[7.4707466,47.1867245],[7.4682245,47.1858152],[7.461803,47.18337]]}},{"type":"Feature","properties":{"highway":"motorway","lanes":"2","lit":"no","maxspeed":"100","oneway":"yes","ref":"A5","toll":"yes","carriage_ref":"d","opposite_carriage_ref":"c"},"geometry":{"type":"LineString","coordinates":[[7.5270019,47.1957774],[7.5252968,47.1957016],[7.5237151,47.1955441],[7.522666,47.1953684],[7.5206348,47.1949955],[7.5197576,47.1948796],[7.5187456,47.1947919],[7.5180428,47.1947698],[7.5134291,47.194772]]}},{"type":"Feature","properties":{"highway":"motorway","lanes":"2","lit":"no","maxspeed":"120","oneway":"yes","ref":"A5","toll":"yes","carriage_ref":"b","opposite_carriage_ref":"a"},"geometry":{"type":"LineString","coordinates":[[6.8098547,46.9228759],[6.8094401,46.9224945],[6.809043,46.9220914],[6.8087717,46.9217959],[6.8084583,46.921424],[6.8078807,46.9206528]]}},{"type":"Feature","properties":{"highway":"motorway","lanes":"2","lit":"no","maxspeed":"120","oneway":"yes","ref":"A5","toll":"yes","carriage_ref":"a","opposite_carriage_ref":"b"},"geometry":{"type":"LineString","coordinates":[[6.754878,46.8715759],[6.7559496,46.8737277],[6.7562329,46.8741973],[6.7564454,46.8744987]]}},{"type":"Feature","properties":{"highway":"motorway","lanes":"2","oneway":"yes","opening_date":"2013","ref":"A5","carriage_ref":"b","opposite_carriage_ref":"a"},"geometry":{"type":"LineString","coordinates":[[6.9059133,46.9811495],[6.9056134,46.9811161]]}},{"type":"Feature","properties":{"highway":"motorway","lanes":"2","layer":"-1","lit":"no","maxspeed":"120","name":"Tranchée de Bevaix","oneway":"yes","ref":"A5","toll":"yes","tunnel":"yes","tunnel:name":"Tranchée de Bevaix","carriage_ref":"a","opposite_carriage_ref":"b"},"geometry":{"type":"LineString","coordinates":[[6.8099555,46.9228122],[6.810354,46.9231519]]}},{"type":"Feature","properties":{"highway":"motorway","lanes":"2","lit":"no","maxspeed":"120","oneway":"yes","ref":"A5","toll":"yes","carriage_ref":"b","opposite_carriage_ref":"a"},"geometry":{"type":"LineString","coordinates":[[6.8445654,46.951142],[6.8442078,46.9506921]]}},{"type":"Feature","properties":{"highway":"motorway","lanes":"2","layer":"-1","lit":"yes","maxspeed":"100","oneway":"yes","ref":"A5","toll":"yes","tunnel":"yes","carriage_ref":"d","opposite_carriage_ref":"c"},"geometry":{"type":"LineString","coordinates":[[7.5357855,47.1949631],[7.5348634,47.1950236],[7.5340514,47.1951213],[7.5297427,47.1956695],[7.5286006,47.1957356]]}},{"type":"Feature","properties":{"bridge":"yes","highway":"motorway","layer":"1","lit":"no","maxspeed":"120","oneway":"yes","ref":"A5","toll":"yes","carriage_ref":"d","opposite_carriage_ref":"c"},"geometry":{"type":"LineString","coordinates":[[7.3800519,47.1669584],[7.3797085,47.1669101]]}},{"type":"Feature","properties":{"highway":"motorway","lanes":"2","maxspeed":"80","oneway":"yes","ref":"A5","surface":"asphalt","toll":"yes","carriage_ref":"c","opposite_carriage_ref":"d"},"geometry":{"type":"LineString","coordinates":[[7.2872855,47.1592118],[7.2880123,47.1594069],[7.2890853,47.1596574]]}},{"type":"Feature","properties":{"bridge":"yes","highway":"trunk","lanes":"1","layer":"1","lit":"no","maxspeed":"100","motorroad":"yes","oneway":"yes","ref":"A5","toll":"yes","carriage_ref":"a","opposite_carriage_ref":"b"},"geometry":{"type":"LineString","coordinates":[[7.0536796,47.0558771],[7.056284,47.0566006],[7.0568769,47.056764],[7.0572155,47.0568455],[7.0576543,47.0569311],[7.058043,47.0569876],[7.0583753,47.057021],[7.0587848,47.057044],[7.0592855,47.0570482],[7.0596341,47.0570377],[7.060001,47.0570126],[7.062074,47.0568078]]}},{"type":"Feature","properties":{"highway":"trunk","lanes":"2","lit":"no","maxspeed":"100","motorroad":"yes","oneway":"yes","ref":"A5","toll":"yes","carriage_ref":"b","opposite_carriage_ref":"a"},"geometry":{"type":"LineString","coordinates":[[7.0536692,47.0559513],[7.0525102,47.055636]]}},{"type":"Feature","properties":{"highway":"motorway","lanes":"2","layer":"-2","lit":"yes","maxspeed":"100","name:tunnel":"St. Blaise Ouest","oneway":"yes","ref":"A5","toll":"yes","tunnel":"yes","tunnel:name":"St-Blaise","carriage_ref":"b","opposite_carriage_ref":"a"},"geometry":{"type":"LineString","coordinates":[[6.9930671,47.0127318],[6.9922884,47.0125442],[6.9914038,47.0122772],[6.9907965,47.0120582],[6.9901508,47.0117897],[6.9895301,47.0115719],[6.9888099,47.011377]]}},{"type":"Feature","properties":{"cutting":"yes","highway":"motorway","lanes":"3","maxspeed":"100","oneway":"yes","ref":"A5","toll":"yes","carriage_ref":"c","opposite_carriage_ref":"d"},"geometry":{"type":"LineString","coordinates":[[7.4105242,47.173557],[7.4135416,47.1741511]]}},{"type":"Feature","properties":{"bridge":"yes","highway":"motorway","layer":"1","lit":"no","maxspeed":"120","oneway":"yes","ref":"A5","toll":"yes","carriage_ref":"c","opposite_carriage_ref":"d"},"geometry":{"type":"LineString","coordinates":[[7.3797214,47.1668253],[7.3800649,47.1668723]]}},{"type":"Feature","properties":{"highway":"motorway","lanes":"2","layer":"-2","maxspeed":"100","oneway":"yes","ref":"A5","toll":"yes","tunnel":"yes","tunnel:name":"Neuchâtel","carriage_ref":"b","opposite_carriage_ref":"a"},"geometry":{"type":"LineString","coordinates":[[6.9435731,46.9995252],[6.9432002,46.999511],[6.9427246,46.9994618],[6.9420723,46.9993779],[6.9416543,46.9992913],[6.9410667,46.9991418],[6.9402624,46.998926],[6.9393567,46.9986686],[6.9366144,46.997721],[6.9348564,46.9971496],[6.9327182,46.9964296],[6.9305027,46.9957023],[6.9293937,46.9953464],[6.9282634,46.9950121],[6.9271506,46.9947297],[6.9260411,46.9944287],[6.9248213,46.9941012],[6.9242069,46.9939303],[6.9235879,46.9937182],[6.9229969,46.9934254],[6.9224947,46.993131],[6.9215099,46.9925217],[6.9210014,46.9922389],[6.9207846,46.9921281],[6.920528,46.9920174],[6.9202647,46.991904],[6.9199001,46.9917693]]}},{"type":"Feature","properties":{"destination":"Neuchâtel-Serrières;Biel - Bienne;La Chaux-de-Fonds","highway":"motorway","lanes":"2","oneway":"yes","opening_date":"2013","ref":"A5","carriage_ref":"a","opposite_carriage_ref":"b"},"geometry":{"type":"LineString","coordinates":[[6.8876892,46.9780851],[6.8901972,46.9785989],[6.8909399,46.9787949]]}},{"type":"Feature","properties":{"highway":"motorway","lanes":"2","lit":"no","maxspeed":"100","oneway":"yes","ref":"A5","toll":"yes","carriage_ref":"b","opposite_carriage_ref":"a"},"geometry":{"type":"LineString","coordinates":[[6.8666256,46.9628719],[6.8652629,46.9622767],[6.8643555,46.9618702],[6.8638008,46.9616007],[6.8634636,46.9614166],[6.8630945,46.9612044],[6.8625957,46.9608902],[6.8620225,46.9604964],[6.8615513,46.9601156],[6.8612405,46.9598488],[6.8609977,46.9596359]]}},{"type":"Feature","properties":{"highway":"motorway","lanes":"2","layer":"-1","lit":"yes","maxspeed":"80","oneway":"yes","ref":"A5","toll":"yes","tunnel":"yes","tunnel:name":"Hauterive","carriage_ref":"b","opposite_carriage_ref":"a"},"geometry":{"type":"LineString","coordinates":[[6.9590166,47.0026838],[6.9578864,47.0021196],[6.9575297,47.0019042],[6.9573201,47.0017509],[6.9570891,47.0015432],[6.9569261,47.0013608],[6.9567825,47.0011512],[6.9566442,47.0008863],[6.9565497,47.0006508],[6.9564615,47.0003646],[6.9562391,46.9994481]]}},{"type":"Feature","properties":{"avz":"218","cs_dir:forward":"1","highway":"motorway","lanes":"2","lit":"no","maxspeed":"120","oneway":"yes","ref":"A5","ssvz":"1011N","toll":"yes","carriage_ref":"a","opposite_carriage_ref":"b"},"geometry":{"type":"LineString","coordinates":[[7.0286656,47.0392293],[7.0290568,47.039693],[7.0294606,47.0401554],[7.0297958,47.0405161],[7.0301122,47.0408325],[7.0305061,47.0412064],[7.0309437,47.0415961],[7.0317252,47.0422574],[7.032326,47.0427607]]}},{"type":"Feature","properties":{"highway":"motorway","lanes":"2","lit":"no","maxspeed":"120","oneway":"yes","ref":"A5","toll":"yes","carriage_ref":"c","opposite_carriage_ref":"d"},"geometry":{"type":"LineString","coordinates":[[7.3494148,47.1678916],[7.3518906,47.1679998],[7.3529883,47.168055],[7.354086,47.1680979],[7.3554862,47.1681456],[7.3566242,47.1681733],[7.357923,47.1681963],[7.3605666,47.1682252],[7.3633455,47.1682004],[7.3646246,47.1681778],[7.3651096,47.1681656],[7.3660435,47.1681349],[7.3672285,47.1680762],[7.3681193,47.1680016],[7.3689786,47.1679103],[7.3694783,47.1678421],[7.3701905,47.167727],[7.3706712,47.1676446]]}},{"type":"Feature","properties":{"avz":"121","bridge":"yes","cs_dir:forward":"1","highway":"motorway","lanes":"2","layer":"1","lit":"no","maxspeed":"100","oneway":"yes","ref":"A5","ssvz":"109N","toll":"yes","carriage_ref":"a","opposite_carriage_ref":"b"},"geometry":{"type":"LineString","coordinates":[[6.8681327,46.9635381],[6.8685511,46.9638023],[6.8689048,46.9640543],[6.8693236,46.9643904],[6.8696116,46.964652],[6.8699726,46.9650168],[6.870303,46.9654116],[6.8705088,46.9656887],[6.8707151,46.9660112],[6.8708845,46.9663195],[6.871048,46.9666836]]}},{"type":"Feature","properties":{"highway":"motorway","lanes":"2","layer":"-2","lit":"yes","maxspeed":"100","name:tunnel":"Vignier","oneway":"yes","ref":"A5","toll":"yes","tunnel":"yes","tunnel:name":"Vignier","carriage_ref":"a","opposite_carriage_ref":"b"},"geometry":{"type":"LineString","coordinates":[[6.9721645,47.008172],[6.9767153,47.0106106],[6.9773637,47.0108981],[6.977992,47.0111471],[6.9785235,47.0113422],[6.9790599,47.0115023],[6.97949,47.0116092],[6.979816,47.0116701],[6.9801791,47.0117193],[6.9806317,47.0117546],[6.9809599,47.0117767],[6.9813483,47.0117875],[6.9818691,47.0117787],[6.9822631,47.0117442],[6.9826452,47.0116879],[6.9830754,47.0116201],[6.9837017,47.0114955],[6.9852122,47.0112393],[6.9862629,47.0111247],[6.9870788,47.0110721],[6.9876183,47.011082]]}},{"type":"Feature","properties":{"bridge":"yes","highway":"motorway","lanes":"2","layer":"1","lit":"no","maxspeed":"120","oneway":"yes","ref":"A5","toll":"yes","carriage_ref":"b","opposite_carriage_ref":"a"},"geometry":{"type":"LineString","coordinates":[[7.0330544,47.0435007],[7.0322262,47.04283]]}},{"type":"Feature","properties":{"highway":"motorway","lanes":"3","lit":"no","maxspeed":"100","oneway":"yes","ref":"A5","toll":"yes","carriage_ref":"d","opposite_carriage_ref":"c"},"geometry":{"type":"LineString","coordinates":[[7.5459816,47.1955884],[7.5451101,47.1955852],[7.5441932,47.1955317],[7.5426907,47.1954178],[7.5399173,47.1950735],[7.5388445,47.1949809],[7.5377787,47.194926]]}},{"type":"Feature","properties":{"bridge":"yes","highway":"trunk","lanes":"1","layer":"1","lit":"no","maxspeed":"80","motorroad":"yes","oneway":"yes","ref":"A5","toll":"yes","carriage_ref":"b","opposite_carriage_ref":"a"},"geometry":{"type":"LineString","coordinates":[[7.1035777,47.0659328],[7.1032742,47.0658437],[7.1028676,47.0657029],[7.1022069,47.0654128],[7.1016971,47.0651338],[7.1010354,47.0647435],[7.1006712,47.0645568],[7.1001345,47.0643311],[7.0993058,47.0640691]]}},{"type":"Feature","properties":{"highway":"motorway","lanes":"2","layer":"-1","maxspeed":"120","oneway":"yes","ref":"A5","toll":"yes","tunnel":"yes","carriage_ref":"b","opposite_carriage_ref":"a"},"geometry":{"type":"LineString","coordinates":[[6.7548346,46.8718147],[6.754374,46.8709039]]}},{"type":"Feature","properties":{"highway":"motorway","lanes":"2","lit":"no","maxspeed":"100","oneway":"yes","ref":"A5","toll":"yes","carriage_ref":"c","opposite_carriage_ref":"d"},"geometry":{"type":"LineString","coordinates":[[7.5361272,47.1948464],[7.5374265,47.1948098],[7.5378899,47.1948085]]}},{"type":"Feature","properties":{"bicycle":"no","bridge":"viaduct","foot":"no","highway":"motorway","horse":"no","lanes":"2","layer":"1","lit":"no","maxspeed":"120","oneway":"yes","ref":"A5","sidewalk":"no","surface":"asphalt","toll":"yes","carriage_ref":"a","opposite_carriage_ref":"b"},"geometry":{"type":"LineString","coordinates":[[6.6350384,46.7610793],[6.6303642,46.7674343],[6.625557,46.773981],[6.6244078,46.7756355],[6.6235346,46.7770337],[6.6224405,46.7789584],[6.6217268,46.7804249],[6.6213779,46.7812002]]}},{"type":"Feature","properties":{"highway":"motorway","lanes":"2","layer":"-1","lit":"yes","maxspeed":"100","oneway":"yes","ref":"A5","toll":"yes","tunnel":"yes","tunnel:name":"Tunnel de Gorgier","carriage_ref":"b","opposite_carriage_ref":"a"},"geometry":{"type":"LineString","coordinates":[[6.8000711,46.912204],[6.799499,46.9118229],[6.7991296,46.9115868],[6.7987406,46.9113597],[6.7983158,46.9111153],[6.7968987,46.9105232],[6.7951211,46.909859],[6.7925143,46.9087506],[6.7910171,46.9080089],[6.7896511,46.9071083],[6.7863964,46.9045559],[6.7851654,46.9036279],[6.7838769,46.902768],[6.7829423,46.9023123],[6.7825646,46.9021281],[6.7814249,46.9016574],[6.7812225,46.9015738],[6.7794807,46.9009299],[6.7778582,46.9003756],[6.7765101,46.8999313],[6.7751739,46.8994178],[6.7741599,46.8990224],[6.7731935,46.8985863],[6.7723226,46.8981706],[6.7714479,46.8977094]]}},{"type":"Feature","properties":{"highway":"motorway","lanes":"2","layer":"-1","maxspeed":"80","oneway":"yes","ref":"A5","toll":"yes","tunnel":"yes","tunnel:name":"Neuchâtel","carriage_ref":"b","opposite_carriage_ref":"a"},"geometry":{"type":"LineString","coordinates":[[6.910935,46.9846713],[6.9101359,46.9838906]]}},{"type":"Feature","properties":{"highway":"motorway","lanes":"2","maxspeed":"120","oneway":"yes","ref":"A5","toll":"yes","carriage_ref":"a","opposite_carriage_ref":"b"},"geometry":{"type":"LineString","coordinates":[[6.905953,46.9810672],[6.9064568,46.9811564],[6.9068537,46.9812725],[6.9071693,46.9813862],[6.9075146,46.9815379],[6.9077076,46.9816447],[6.9079045,46.9817666],[6.9081036,46.9819052],[6.9083525,46.9821034],[6.9086518,46.9823682]]}},{"type":"Feature","properties":{"highway":"motorway","lanes":"2","layer":"-1","lit":"no","maxspeed":"120","name":"Tranchée de Bevaix","oneway":"yes","ref":"A5","toll":"yes","carriage_ref":"a","opposite_carriage_ref":"b"},"geometry":{"type":"LineString","coordinates":[[6.810354,46.9231519],[6.8108985,46.9235685],[6.8113264,46.9238758],[6.811767,46.9241772],[6.8122429,46.9244854],[6.81277,46.9248071],[6.8133747,46.9251572],[6.8142201,46.9256137],[6.8151086,46.9260647],[6.8172457,46.9271286],[6.818145,46.9276163],[6.8189223,46.9280868],[6.8193377,46.9283681],[6.8197273,46.9286649],[6.8201024,46.928978],[6.8204343,46.9292841],[6.8207859,46.9296539],[6.8210613,46.9299777],[6.8213372,46.9303507],[6.8215464,46.9306559],[6.821762,46.9310323],[6.8219387,46.9314074],[6.8221246,46.9318819],[6.8222633,46.9323674],[6.8223606,46.932826],[6.8224323,46.9332848],[6.8225243,46.9339825]]}},{"type":"Feature","properties":{"highway":"motorway","lanes":"2","lit":"no","maxspeed":"120","oneway":"yes","ref":"A5","toll":"yes","carriage_ref":"b","opposite_carriage_ref":"a"},"geometry":{"type":"LineString","coordinates":[[6.8236016,46.9373875],[6.8234264,46.9371189],[6.8231775,46.9366878],[6.8229475,46.9362202],[6.822777,46.9358004],[6.822659,46.9354286],[6.8225656,46.9350647],[6.8224644,46.9345215],[6.8223873,46.9339923]]}},{"type":"Feature","properties":{"highway":"motorway","lanes":"2","lit":"no","maxspeed":"100","oneway":"yes","ref":"A5","source":"Orthophotos 2006 SITN 50cm","toll":"yes","carriage_ref":"a","opposite_carriage_ref":"b"},"geometry":{"type":"LineString","coordinates":[[6.9931165,47.0126235],[6.9935912,47.0127128],[6.99403,47.0127841],[6.9944938,47.0128429],[6.994985,47.0128886],[6.9958208,47.0129592],[6.9970707,47.013025]]}},{"type":"Feature","properties":{"highway":"motorway","lanes":"2","lit":"no","maxspeed":"120","oneway":"yes","ref":"A5","source":"Orthophotos 2006 SITN 50cm","toll":"yes","carriage_ref":"a","opposite_carriage_ref":"b"},"geometry":{"type":"LineString","coordinates":[[7.0192346,47.0144844],[7.0196242,47.0146409],[7.0201003,47.014854],[7.0204265,47.0150137],[7.020717,47.0151724],[7.0211799,47.0154397],[7.0215763,47.0157036],[7.0218646,47.0159062],[7.0222552,47.0162141],[7.0226167,47.016538],[7.0229711,47.0168927],[7.0234433,47.0174163],[7.0242273,47.0183865]]}},{"type":"Feature","properties":{"destination:lanes":"Zürich;Solothurn|Delémont","highway":"motorway","int_ref":"E 27","lanes":"2","layer":"-1","length":"1.45 km","lit":"yes","maxspeed":"100","maxspeed:variable":"yes","name":"Tunnel du Büttenberg / Büttenbergtunnel","name:de":"Büttenbergtunnel","name:fr":"Tunnel du Büttenberg","oneway":"yes","ref":"A5","surface":"asphalt","toll":"yes","tunnel":"yes","tunnel:name":"Büttenberg","turn:lanes":"slight_left|slight_right","carriage_ref":"c","opposite_carriage_ref":"d"},"geometry":{"type":"LineString","coordinates":[[7.2878146,47.1533952],[7.2869218,47.154412]]}},{"type":"Feature","properties":{"highway":"motorway","lit":"no","maxspeed":"100","oneway":"yes","ref":"A5","toll":"yes","carriage_ref":"d","opposite_carriage_ref":"c"},"geometry":{"type":"LineString","coordinates":[[7.3486958,47.1679542],[7.3481957,47.1679326]]}},{"type":"Feature","properties":{"highway":"motorway","lanes":"1","last":"true","maxspeed":"80","oneway":"yes","ref":"A5","surface":"asphalt","toll":"yes","carriage_ref":"c","opposite_carriage_ref":"d"},"geometry":{"type":"LineString","coordinates":[[7.5937637,47.2101056],[7.5947043,47.2101307],[7.5960482,47.2101217],[7.5970162,47.2101168]]}},{"type":"Feature","properties":{"bridge":"yes","highway":"motorway","lanes":"2","layer":"1","lit":"yes","maxspeed":"120","oneway":"yes","ref":"A5","toll":"yes","carriage_ref":"a","opposite_carriage_ref":"b"},"geometry":{"type":"LineString","coordinates":[[6.844705,46.9510691],[6.8450678,46.9515133],[6.8453329,46.951823],[6.8455461,46.952054],[6.8457512,46.9522576],[6.8461125,46.9525883],[6.8463747,46.9527883],[6.8466179,46.9529642],[6.8470636,46.9532511],[6.8474618,46.9534745],[6.847925,46.9536988],[6.8482095,46.9538207],[6.8484457,46.953922],[6.8488278,46.9540588],[6.8491902,46.9541793],[6.8494967,46.9542634],[6.8495716,46.9542839],[6.8499074,46.9543711]]}},{"type":"Feature","properties":{"highway":"motorway","lanes":"2","lit":"no","maxspeed":"120","oneway":"yes","ref":"A5","toll":"yes","carriage_ref":"a","opposite_carriage_ref":"b"},"geometry":{"type":"LineString","coordinates":[[6.800182,46.912101],[6.8007331,46.9125468],[6.8012376,46.9129913],[6.8017616,46.9135248],[6.8021128,46.9139231],[6.802674,46.9145889],[6.802914,46.9148833],[6.8031545,46.9151363],[6.8036828,46.915635],[6.8046354,46.9164117],[6.8049944,46.9167333],[6.8054746,46.9172107],[6.8057186,46.9174923],[6.8059873,46.9178114],[6.8078304,46.9203676]]}},{"type":"Feature","properties":{"highway":"motorway","int_ref":"E 27","lanes":"2","maxspeed":"80","oneway":"yes","ref":"A5","surface":"asphalt","toll":"yes","carriage_ref":"d","opposite_carriage_ref":"c"},"geometry":{"type":"LineString","coordinates":[[7.2864318,47.1545724],[7.2867202,47.1542511]]}},{"type":"Feature","properties":{"bridge":"yes","highway":"motorway","lanes":"2","layer":"1","lit":"no","maxspeed":"120","oneway":"yes","ref":"A5","toll":"yes","carriage_ref":"b","opposite_carriage_ref":"a"},"geometry":{"type":"LineString","coordinates":[[6.6595688,46.8230145],[6.659161,46.8227221]]}},{"type":"Feature","properties":{"highway":"motorway","lanes":"2","layer":"-2","lit":"yes","maxspeed":"120","name":"Tunnel de Sauges","oneway":"yes","ref":"A5","toll":"yes","tunnel":"yes","tunnel:alt_name":"Sauges","tunnel:name":"De Sauges","carriage_ref":"b","opposite_carriage_ref":"a"},"geometry":{"type":"LineString","coordinates":[[6.759252,46.8777828],[6.7590745,46.877513],[6.7588873,46.8772662],[6.7587076,46.8770462],[6.7585067,46.8768314],[6.7581501,46.8764737],[6.7574299,46.8758254],[6.7567735,46.8751604],[6.7563054,46.8745679],[6.7560971,46.874238]]}},{"type":"Feature","properties":{"avz":"247","cs_dir:forward":"1","highway":"motorway","lanes":"2","layer":"-1","lit":"yes","maxspeed":"100","name":"Tunnel d'Onnens","oneway":"yes","ref":"A5","ssvz":"861N","toll":"yes","tunnel":"yes","tunnel:name":"Onnens","carriage_ref":"a","opposite_carriage_ref":"b"},"geometry":{"type":"LineString","coordinates":[[6.6834936,46.8379275],[6.6836071,46.8386415],[6.6839408,46.8412113],[6.6842761,46.8420293],[6.6854014,46.8432659]]}},{"type":"Feature","properties":{"highway":"trunk","lanes":"1","last":"true","lit":"no","maxspeed":"60","motorroad":"yes","oneway":"yes","ref":"A5","toll":"yes","carriage_ref":"a","opposite_carriage_ref":"b"},"geometry":{"type":"LineString","coordinates":[[7.103595,47.0658801],[7.1043988,47.0660737],[7.1051939,47.0662655]]}},{"type":"Feature","properties":{"highway":"motorway","lanes":"2","lit":"no","maxspeed":"120","oneway":"yes","ref":"A5","toll":"yes","carriage_ref":"a","opposite_carriage_ref":"b"},"geometry":{"type":"LineString","coordinates":[[6.6313981,46.8081779],[6.6331665,46.8091141],[6.6347932,46.809895],[6.6355582,46.8102177],[6.6363493,46.8105387],[6.639025,46.8115159],[6.6417223,46.8124775],[6.6441381,46.8134254],[6.6461442,46.8143245],[6.6481231,46.8152971],[6.6490238,46.8157446],[6.6496501,46.8160929],[6.6502868,46.8164506],[6.6509152,46.8168156],[6.6521469,46.8175632],[6.6525167,46.817792],[6.6528781,46.8180299],[6.6536219,46.8185297],[6.6550903,46.8195444],[6.6559506,46.8201854],[6.6561452,46.8203403]]}},{"type":"Feature","properties":{"highway":"motorway","lanes":"2","lit":"no","maxspeed":"120","oneway":"yes","ref":"A5","source":"Orthophotos 2006 SITN 50cm","toll":"yes","carriage_ref":"b","opposite_carriage_ref":"a"},"geometry":{"type":"LineString","coordinates":[[7.0272954,47.0223929],[7.0258093,47.020523]]}},{"type":"Feature","properties":{"highway":"motorway","lanes":"2","lit":"no","maxspeed":"100","oneway":"yes","ref":"A5","toll":"yes","carriage_ref":"a","opposite_carriage_ref":"b"},"geometry":{"type":"LineString","coordinates":[[6.6854014,46.8432659],[6.6858015,46.843712],[6.6864327,46.8443144],[6.6871006,46.844901]]}},{"type":"Feature","properties":{"bicycle":"no","foot":"no","highway":"motorway","horse":"no","lanes":"2","lit":"no","maxspeed":"120","oneway":"yes","ref":"A5","sidewalk":"no","toll":"yes","carriage_ref":"b","opposite_carriage_ref":"a"},"geometry":{"type":"LineString","coordinates":[[6.6284321,46.8064383],[6.6270253,46.8053135],[6.625832,46.8042913],[6.6251382,46.8036281],[6.6244663,46.8029445],[6.623217,46.8015095],[6.622268,46.8002449],[6.6214484,46.7989277],[6.6209963,46.7980705],[6.620578,46.7972168],[6.6202606,46.7964716],[6.6199556,46.7956578],[6.6198225,46.79534]]}},{"type":"Feature","properties":{"bridge":"yes","highway":"motorway","lanes":"2","layer":"1","lit":"no","oneway":"yes","ref":"A5","toll":"yes","carriage_ref":"b","opposite_carriage_ref":"a"},"geometry":{"type":"LineString","coordinates":[[6.8238489,46.937728],[6.8236016,46.9373875]]}},{"type":"Feature","properties":{"bridge":"yes","highway":"trunk","lanes":"2","layer":"1","lit":"no","maxspeed":"100","motorroad":"yes","oneway":"yes","ref":"A5","toll":"yes","carriage_ref":"b","opposite_carriage_ref":"a"},"geometry":{"type":"LineString","coordinates":[[7.0621114,47.0568785],[7.0600749,47.0570724],[7.0596388,47.0571089],[7.0593999,47.0571204],[7.0590675,47.0571196],[7.0587811,47.0571168],[7.0583711,47.0570912],[7.0580334,47.0570574],[7.0576299,47.0569983],[7.0572094,47.0569158],[7.056832,47.0568225],[7.0562705,47.0566728],[7.0536692,47.0559513]]}},{"type":"Feature","properties":{"highway":"motorway","lanes":"2","layer":"-2","maxspeed":"80","name:tunnel":"Neuchâtel Tunnel Est","oneway":"yes","ref":"A5","toll":"yes","tunnel":"yes","tunnel:name":"Neuchâtel","carriage_ref":"a","opposite_carriage_ref":"b"},"geometry":{"type":"LineString","coordinates":[[6.947875,46.9983988],[6.950081,46.9976598],[6.9503483,46.9975744],[6.9507105,46.997476],[6.9510253,46.9974157],[6.9514002,46.9973538],[6.9517561,46.9973099],[6.9521735,46.9972683],[6.9526896,46.9972387],[6.953175,46.9972374]]}},{"type":"Feature","properties":{"highway":"motorway","lit":"no","maxspeed":"120","oneway":"yes","ref":"A5","toll":"yes","carriage_ref":"c","opposite_carriage_ref":"d"},"geometry":{"type":"LineString","coordinates":[[7.4342135,47.1767666],[7.4353581,47.1767717],[7.4372352,47.1767222],[7.4389539,47.1766735],[7.4399414,47.1766645],[7.4412042,47.1766898],[7.4425141,47.1767833],[7.4436683,47.1769261],[7.4444175,47.1770491]]}},{"type":"Feature","properties":{"highway":"motorway","lanes":"2","maxspeed":"120","oneway":"yes","ref":"A5","toll":"yes","carriage_ref":"a","opposite_carriage_ref":"b"},"geometry":{"type":"LineString","coordinates":[[6.9091348,46.9827877],[6.9108604,46.9843329],[6.9111129,46.9845897]]}},{"type":"Feature","properties":{"highway":"motorway","lanes":"2","layer":"-1","lit":"yes","maxspeed":"100","name:tunnel":"Vignier","oneway":"yes","ref":"A5","toll":"yes","tunnel":"yes","tunnel:name":"Vignier","carriage_ref":"b","opposite_carriage_ref":"a"},"geometry":{"type":"LineString","coordinates":[[6.9875837,47.0111946],[6.9870948,47.0111922],[6.9864789,47.0112304],[6.9862714,47.0112433],[6.9852339,47.0113456],[6.9837299,47.0116017]]}},{"type":"Feature","properties":{"highway":"motorway","lanes":"3","maxspeed":"100","oneway":"yes","ref":"A5","toll":"yes","turn:lanes":"through|through|merge_to_left","carriage_ref":"c","opposite_carriage_ref":"d"},"geometry":{"type":"LineString","coordinates":[[7.5724053,47.2046604],[7.5742506,47.2057228]]}},{"type":"Feature","properties":{"destination":"Lausanne","highway":"motorway","lanes":"2","layer":"-1","maxspeed":"80","oneway":"yes","ref":"A5","toll":"yes","tunnel":"yes","tunnel:name":"Neuchâtel","carriage_ref":"b","opposite_carriage_ref":"a"},"geometry":{"type":"LineString","coordinates":[[6.9101359,46.9838906],[6.9085161,46.9823965]]}},{"type":"Feature","properties":{"highway":"motorway","lanes":"2","lit":"no","maxspeed":"120","oneway":"yes","ref":"A5","toll":"yes","carriage_ref":"b","opposite_carriage_ref":"a"},"geometry":{"type":"LineString","coordinates":[[6.7560971,46.874238],[6.7560715,46.8742023]]}},{"type":"Feature","properties":{"highway":"motorway","lanes":"2","lit":"no","maxspeed":"100","oneway":"yes","ref":"A5","toll":"yes","carriage_ref":"b","opposite_carriage_ref":"a"},"geometry":{"type":"LineString","coordinates":[[6.8796566,46.9745161],[6.8794342,46.9743469],[6.8792253,46.974199],[6.8789664,46.9740287],[6.8786495,46.9738398],[6.8783099,46.9736574],[6.8780123,46.97351],[6.8776799,46.9733591],[6.8773147,46.9732084],[6.876701,46.9729691],[6.8760835,46.9727279],[6.8757734,46.9726015],[6.8756649,46.9725572]]}},{"type":"Feature","properties":{"highway":"motorway","lanes":"2","lit":"no","maxspeed":"100","oneway":"yes","ref":"A5","toll":"yes","carriage_ref":"b","opposite_carriage_ref":"a"},"geometry":{"type":"LineString","coordinates":[[6.8727602,46.9706516],[6.8725482,46.9704127],[6.8723879,46.9702142],[6.8722139,46.9699826],[6.8720409,46.9697139],[6.8718898,46.969443],[6.8717978,46.9692515],[6.8717079,46.9690508],[6.871629,46.9688494],[6.8715505,46.9686331],[6.8712595,46.9676753],[6.8711544,46.967321],[6.8710904,46.9671189],[6.8710204,46.9669296],[6.8709331,46.9667175]]}},{"type":"Feature","properties":{"avz":"235","cs_dir:forward":"2","highway":"motorway","lit":"no","maxspeed":"120","oneway":"yes","ref":"A5","ssvz":"1102N","toll":"yes","carriage_ref":"d","opposite_carriage_ref":"c"},"geometry":{"type":"LineString","coordinates":[[7.2965077,47.1616473],[7.2954702,47.161397],[7.2943242,47.1611069]]}},{"type":"Feature","properties":{"highway":"motorway","lanes":"2","lit":"yes","maxspeed":"120","oneway":"yes","ref":"A5","toll":"yes","carriage_ref":"b","opposite_carriage_ref":"a"},"geometry":{"type":"LineString","coordinates":[[6.748243,46.8642854],[6.7477532,46.8639945],[6.7468284,46.8634944],[6.7458457,46.8630584]]}},{"type":"Feature","properties":{"destination":"Boudry","highway":"motorway","lanes":"2","lit":"no","maxspeed":"120","oneway":"yes","ref":"A5","toll":"yes","carriage_ref":"a","opposite_carriage_ref":"b"},"geometry":{"type":"LineString","coordinates":[[6.8081699,46.9208412],[6.8084564,46.9212238],[6.8088236,46.9216737],[6.8091682,46.9220489],[6.8095459,46.9224398],[6.8099555,46.9228122]]}},{"type":"Feature","properties":{"highway":"motorway","lit":"no","maxspeed":"120","oneway":"yes","ref":"A5","toll":"yes","carriage_ref":"d","opposite_carriage_ref":"c"},"geometry":{"type":"LineString","coordinates":[[7.3797085,47.1669101],[7.3792003,47.1668499],[7.3787939,47.1668107],[7.3783875,47.1667843],[7.3779812,47.1667615],[7.3775896,47.1667533],[7.3771631,47.1667515],[7.3767326,47.1667606]]}},{"type":"Feature","properties":{"highway":"motorway","lanes":"2","layer":"-2","lit":"yes","maxspeed":"100","name:tunnel":"St. Blaise Ouest","oneway":"yes","ref":"A5","toll":"yes","tunnel":"yes","tunnel:name":"St-Blaise","carriage_ref":"a","opposite_carriage_ref":"b"},"geometry":{"type":"LineString","coordinates":[[6.9888637,47.0112699],[6.9895645,47.0114538],[6.9902182,47.0116832],[6.9908533,47.0119566],[6.9914928,47.0121813],[6.9923339,47.012429],[6.9931165,47.0126235]]}},{"type":"Feature","properties":{"avz":"237","cs_dir:forward":"2","highway":"motorway","lanes":"2","lit":"no","maxspeed":"120","oneway":"yes","ref":"A5","ssvz":"1104N","toll":"yes","carriage_ref":"d","opposite_carriage_ref":"c"},"geometry":{"type":"LineString","coordinates":[[7.4209739,47.1757447],[7.4195102,47.1754584],[7.4187327,47.175306],[7.4173306,47.1750311]]}},{"type":"Feature","properties":{"highway":"motorway","lanes":"2","lit":"no","maxspeed":"120","oneway":"yes","ref":"A5","toll":"yes","carriage_ref":"c","opposite_carriage_ref":"d"},"geometry":{"type":"LineString","coordinates":[[7.4899123,47.1912835],[7.4910738,47.1915465],[7.4936832,47.192145],[7.4957718,47.1926509]]}},{"type":"Feature","properties":{"bridge":"yes","highway":"motorway","lanes":"2","layer":"1","maxspeed":"100","oneway":"yes","ref":"A5","toll":"yes","carriage_ref":"b","opposite_carriage_ref":"a"},"geometry":{"type":"LineString","coordinates":[[6.8709331,46.9667175],[6.8707593,46.9663559]]}},{"type":"Feature","properties":{"bicycle":"no","bridge":"viaduct","foot":"no","highway":"motorway","horse":"no","lanes":"2","layer":"1","lit":"no","maxspeed":"120","oneway":"yes","ref":"A5","sidewalk":"no","toll":"yes","carriage_ref":"a","opposite_carriage_ref":"b"},"geometry":{"type":"LineString","coordinates":[[6.6209098,46.7823535],[6.6204652,46.7835139],[6.6199714,46.7850979],[6.6197484,46.7859208]]}},{"type":"Feature","properties":{"destination":"Lausanne;Neuchâtel;Bern","highway":"motorway","lanes":"1","maxspeed":"80","note":"Destinations incomplete","oneway":"yes","ref":"A5","surface":"asphalt","toll":"yes","carriage_ref":"d","opposite_carriage_ref":"c"},"geometry":{"type":"LineString","coordinates":[[7.2916323,47.1603958],[7.2872652,47.1592551],[7.2867443,47.159107],[7.2862532,47.1589442],[7.2859641,47.1588227],[7.2856785,47.1586627],[7.2854578,47.1584934],[7.2852205,47.1582825],[7.2850127,47.1580161],[7.2848417,47.1577414],[7.2847632,47.1575072],[7.2847171,47.1572518],[7.2847108,47.1570293],[7.2847283,47.1568126],[7.2848113,47.1564751],[7.2849658,47.1561701],[7.2852895,47.1558262],[7.2855424,47.1555631],[7.2864318,47.1545724]]}},{"type":"Feature","properties":{"destination":"Neuchâtel","highway":"motorway","lanes":"2","lit":"no","maxspeed":"100","oneway":"yes","ref":"A5","source":"Orthophotos 2006 SITN 50cm","toll":"yes","carriage_ref":"b","opposite_carriage_ref":"a"},"geometry":{"type":"LineString","coordinates":[[6.9970667,47.0131261],[6.9967422,47.0131041],[6.9953528,47.0130291],[6.9948673,47.0129907],[6.9944052,47.0129435],[6.9939367,47.0128856],[6.993564,47.0128273],[6.9930671,47.0127318]]}},{"type":"Feature","properties":{"bicycle":"no","foot":"no","highway":"motorway","horse":"no","lanes":"2","lit":"no","maxspeed":"120","oneway":"yes","ref":"A5","sidewalk":"no","toll":"yes","carriage_ref":"a","opposite_carriage_ref":"b"},"geometry":{"type":"LineString","coordinates":[[6.6194498,46.7871716],[6.6193603,46.7876447],[6.6192449,46.7884031]]}},{"type":"Feature","properties":{"highway":"motorway","lanes":"2","lit":"no","maxspeed":"80","oneway":"yes","ref":"A5","toll":"yes","carriage_ref":"c","opposite_carriage_ref":"d"},"geometry":{"type":"LineString","coordinates":[[7.2914751,47.1602678],[7.2921392,47.1604374]]}},{"type":"Feature","properties":{"highway":"motorway","int_ref":"E 27","lanes":"2","maxspeed":"80","maxspeed:variable":"yes","oneway":"yes","ref":"A5","surface":"asphalt","toll":"yes","carriage_ref":"d","opposite_carriage_ref":"c"},"geometry":{"type":"LineString","coordinates":[[7.2873687,47.138513],[7.2873006,47.1383877]]}},{"type":"Feature","properties":{"avz":"139","cs_dir:forward":"2","highway":"motorway","lanes":"2","maxspeed":"100","oneway":"yes","ref":"A5","ssvz":"764N","surface":"asphalt","toll":"yes","first":"true","carriage_ref":"d","opposite_carriage_ref":"c"},"geometry":{"type":"LineString","coordinates":[[7.5951845,47.210227],[7.594754,47.2102286],[7.5929202,47.210194],[7.5915558,47.2101472],[7.5901044,47.2100676],[7.5881446,47.2099114],[7.5868257,47.20977],[7.5857221,47.2096243],[7.5847091,47.2094646],[7.5835566,47.2092535],[7.5814809,47.2087754],[7.5799677,47.2083251],[7.5790673,47.2080258]]}},{"type":"Feature","properties":{"bridge":"yes","highway":"motorway","lanes":"2","layer":"1","maxspeed":"100","oneway":"yes","ref":"A5","toll":"yes","carriage_ref":"b","opposite_carriage_ref":"a"},"geometry":{"type":"LineString","coordinates":[[6.7691122,46.8962244],[6.7686147,46.8958714]]}},{"type":"Feature","properties":{"highway":"motorway","layer":"-1","lit":"no","maxspeed":"120","oneway":"yes","ref":"A5","toll":"yes","tunnel":"yes","tunnel:name":"Möösli","carriage_ref":"c","opposite_carriage_ref":"d"},"geometry":{"type":"LineString","coordinates":[[7.3071627,47.1634705],[7.3083694,47.1637633]]}},{"type":"Feature","properties":{"bicycle":"no","bridge":"viaduct","foot":"no","highway":"motorway","horse":"no","lanes":"2","lit":"no","maxspeed":"120","oneway":"yes","ref":"A5","sidewalk":"no","toll":"yes","carriage_ref":"b","opposite_carriage_ref":"a"},"geometry":{"type":"LineString","coordinates":[[6.6207886,46.7823064],[6.6212708,46.7811408]]}},{"type":"Feature","properties":{"highway":"motorway","lanes":"2","oneway":"yes","opening_date":"2013","ref":"A5","carriage_ref":"a","opposite_carriage_ref":"b"},"geometry":{"type":"LineString","coordinates":[[6.9042507,46.9810953],[6.9045772,46.9810546],[6.9048564,46.9810346],[6.9051856,46.9810261],[6.9056516,46.9810378],[6.905953,46.9810672]]}},{"type":"Feature","properties":{"highway":"motorway","lanes":"2","lit":"no","maxspeed":"120","oneway":"yes","ref":"A5","source":"Orthophotos 2006 SITN 50cm","toll":"yes","carriage_ref":"b","opposite_carriage_ref":"a"},"geometry":{"type":"LineString","coordinates":[[7.0265806,47.0359034],[7.0263916,47.0353825],[7.0262898,47.0350409],[7.026188,47.0346338],[7.026092,47.0341386],[7.02605,47.0336992],[7.0260464,47.0332573],[7.0260872,47.0327363],[7.0261672,47.0323055],[7.0262783,47.0318867],[7.0264449,47.0314293],[7.026581,47.0311273],[7.0267509,47.0307981],[7.026976,47.0304354]]}},{"type":"Feature","properties":{"bridge":"yes","highway":"motorway","layer":"1","lit":"no","maxspeed":"120","oneway":"yes","ref":"A5","toll":"yes","carriage_ref":"c","opposite_carriage_ref":"d"},"geometry":{"type":"LineString","coordinates":[[7.429146,47.1766015],[7.4302136,47.1766651],[7.4319314,47.1767303],[7.4342135,47.1767666]]}},{"type":"Feature","properties":{"bridge":"yes","highway":"motorway","lanes":"2","layer":"1","maxspeed":"100","oneway":"yes","ref":"A5","toll":"yes","carriage_ref":"d","opposite_carriage_ref":"c"},"geometry":{"type":"LineString","coordinates":[[7.5790673,47.2080258],[7.5784967,47.2078292]]}},{"type":"Feature","properties":{"highway":"motorway","lanes":"2","lit":"no","maxspeed":"100","oneway":"yes","ref":"A5","toll":"yes","carriage_ref":"d","opposite_carriage_ref":"c"},"geometry":{"type":"LineString","coordinates":[[7.3602873,47.168306],[7.3580143,47.1682868],[7.3568196,47.1682624]]}},{"type":"Feature","properties":{"highway":"motorway","lanes":"3","lit":"no","maxspeed":"120","oneway":"yes","ref":"A5","toll":"yes","carriage_ref":"d","opposite_carriage_ref":"c"},"geometry":{"type":"LineString","coordinates":[[7.3707154,47.1677258],[7.3701978,47.1678188],[7.3693548,47.1679454]]}},{"type":"Feature","properties":{"highway":"motorway","int_ref":"E 27","lanes":"2","maxspeed":"80","maxspeed:variable":"yes","oneway":"yes","ref":"A5","surface":"asphalt","toll":"yes","carriage_ref":"d","opposite_carriage_ref":"c"},"geometry":{"type":"LineString","coordinates":[[7.2885509,47.1416667],[7.2883628,47.1403438],[7.2882973,47.1400657]]}},{"type":"Feature","properties":{"bridge":"yes","highway":"trunk","lanes":"1","layer":"1","lit":"no","maxspeed":"80","oneway":"yes","ref":"A5","toll":"yes","carriage_ref":"b","opposite_carriage_ref":"a"},"geometry":{"type":"LineString","coordinates":[[7.0877033,47.0614139],[7.087309,47.061406]]}},{"type":"Feature","properties":{"avz":"315","cs_dir:forward":"2","highway":"motorway","lanes":"2","layer":"-1","lit":"yes","maxspeed":"100","oneway":"yes","ref":"A5","toll":"yes","tunnel":"yes","tunnel:name":"Birchitunnel","carriage_ref":"d","opposite_carriage_ref":"c"},"geometry":{"type":"LineString","coordinates":[[7.5662793,47.2009942],[7.5647734,47.2001851],[7.5634318,47.1994596],[7.5620843,47.1987715],[7.5591918,47.1973368],[7.555863,47.1959765],[7.555097,47.1957924],[7.55417,47.1956841],[7.5532892,47.1956408],[7.5462626,47.1955897]]}},{"type":"Feature","properties":{"destination":"Areuse","highway":"motorway","lanes":"2","lit":"no","maxspeed":"100","oneway":"yes","ref":"A5","toll":"yes","carriage_ref":"b","opposite_carriage_ref":"a"},"geometry":{"type":"LineString","coordinates":[[6.8756649,46.9725572],[6.8754622,46.9724743],[6.8750921,46.9723072],[6.8747656,46.9721405],[6.8744943,46.9719891],[6.874202,46.9718148],[6.8739611,46.9716597],[6.8737046,46.9714821],[6.8735091,46.971333],[6.8733457,46.9712036],[6.873131,46.9710137],[6.8729257,46.9708184],[6.8727602,46.9706516]]}},{"type":"Feature","properties":{"highway":"motorway","lanes":"2","lit":"yes","maxspeed":"100","oneway":"yes","ref":"A5","toll":"yes","carriage_ref":"a","opposite_carriage_ref":"b"},"geometry":{"type":"LineString","coordinates":[[6.7692664,46.8960599],[6.7699263,46.8965057],[6.7706773,46.896972]]}},{"type":"Feature","properties":{"destination":"Auvernier","highway":"motorway","lanes":"2","lit":"no","maxspeed":"120","oneway":"yes","ref":"A5","toll":"yes","carriage_ref":"a","opposite_carriage_ref":"b"},"geometry":{"type":"LineString","coordinates":[[6.8510288,46.9545794],[6.8517125,46.9546697],[6.8529842,46.9548188],[6.85353,46.9548948],[6.8540042,46.9549708],[6.854456,46.9550628]]}},{"type":"Feature","properties":{"avz":"315","cs_dir:forward":"1","highway":"motorway","lanes":"2","maxspeed":"100","oneway":"yes","ref":"A5","toll":"yes","carriage_ref":"c","opposite_carriage_ref":"d"},"geometry":{"type":"LineString","coordinates":[[7.5635889,47.1992686],[7.5658894,47.2006205]]}},{"type":"Feature","properties":{"bridge":"yes","highway":"motorway","lanes":"2","layer":"1","maxspeed":"100","oneway":"yes","ref":"A5","toll":"yes","carriage_ref":"c","opposite_carriage_ref":"d"},"geometry":{"type":"LineString","coordinates":[[7.5761685,47.2067245],[7.5772977,47.2072294]]}},{"type":"Feature","properties":{"bridge":"yes","highway":"motorway","lanes":"2","layer":"1","lit":"no","maxspeed":"120","oneway":"yes","ref":"A5","source":"Orthophotos 2006 SITN 50cm","toll":"yes","carriage_ref":"b","opposite_carriage_ref":"a"},"geometry":{"type":"LineString","coordinates":[[7.0276564,47.0228554],[7.0272954,47.0223929]]}},{"type":"Feature","properties":{"bicycle":"no","bridge":"yes","foot":"no","highway":"motorway","horse":"no","layer":"1","lit":"no","maxspeed":"120","oneway":"yes","ref":"A5","sidewalk":"no","toll":"yes","carriage_ref":"b","opposite_carriage_ref":"a"},"geometry":{"type":"LineString","coordinates":[[6.6313164,46.8082653],[6.6299097,46.8073812],[6.6284321,46.8064383]]}},{"type":"Feature","properties":{"highway":"motorway","lanes":"2","maxspeed":"100","oneway":"yes","ref":"A5","toll":"yes","carriage_ref":"d","opposite_carriage_ref":"c"},"geometry":{"type":"LineString","coordinates":[[7.5761102,47.2068323],[7.5745296,47.2060354],[7.5737605,47.2056026]]}},{"type":"Feature","properties":{"highway":"motorway","lit":"no","maxspeed":"100","oneway":"yes","ref":"A5","toll":"yes","carriage_ref":"d","opposite_carriage_ref":"c"},"geometry":{"type":"LineString","coordinates":[[7.3856106,47.1686085],[7.3849481,47.1683606],[7.3841315,47.1680653],[7.3837466,47.1679286],[7.3831136,47.1677152],[7.3823371,47.1674663],[7.3819173,47.1673541],[7.3813488,47.1672087]]}},{"type":"Feature","properties":{"avz":"237","cs_dir:forward":"1","highway":"motorway","lit":"no","maxspeed":"120","oneway":"yes","ref":"A5","ssvz":"1104N","toll":"yes","carriage_ref":"c","opposite_carriage_ref":"d"},"geometry":{"type":"LineString","coordinates":[[7.4224198,47.1758795],[7.4236951,47.1760712],[7.4242639,47.1761487],[7.4260866,47.1763573],[7.427735,47.1765054],[7.429146,47.1766015]]}},{"type":"Feature","properties":{"highway":"motorway","int_ref":"E 27","lanes":"3","maxspeed":"80","maxspeed:variable":"yes","oneway":"yes","ref":"A5","surface":"asphalt","toll":"yes","turn:lanes":"through|through|merge_to_left","carriage_ref":"c","opposite_carriage_ref":"d"},"geometry":{"type":"LineString","coordinates":[[7.2884708,47.1402093],[7.2884929,47.1403067],[7.2885864,47.1407009],[7.2886867,47.1411348],[7.2887101,47.1413058]]}},{"type":"Feature","properties":{"highway":"motorway","lit":"no","maxspeed":"120","oneway":"yes","ref":"A5","toll":"yes","carriage_ref":"d","opposite_carriage_ref":"c"},"geometry":{"type":"LineString","coordinates":[[7.3813488,47.1672087],[7.3807734,47.1670834],[7.3803321,47.1670022],[7.3800519,47.1669584]]}},{"type":"Feature","properties":{"highway":"motorway","lanes":"2","layer":"-1","maxspeed":"120","oneway":"yes","ref":"A5","toll":"yes","carriage_ref":"a","opposite_carriage_ref":"b"},"geometry":{"type":"LineString","coordinates":[[6.7564454,46.8744987],[6.7564861,46.8745662]]}},{"type":"Feature","properties":{"bridge":"yes","highway":"motorway","lanes":"2","layer":"1","lit":"no","maxspeed":"120","oneway":"yes","ref":"A5","toll":"yes","carriage_ref":"b","opposite_carriage_ref":"a"},"geometry":{"type":"LineString","coordinates":[[7.0269594,47.0367547],[7.0267558,47.0363277],[7.0265806,47.0359034]]}},{"type":"Feature","properties":{"highway":"motorway","lanes":"2","lit":"no","maxspeed":"120","oneway":"yes","ref":"A5","source":"Orthophotos 2006 SITN 50cm","toll":"yes","carriage_ref":"b","opposite_carriage_ref":"a"},"geometry":{"type":"LineString","coordinates":[[7.007358,47.0133983],[7.0067629,47.0133912],[7.0043114,47.0133857],[7.0035711,47.0133748]]}},{"type":"Feature","properties":{"highway":"motorway","lanes":"2","lit":"no","maxspeed":"100","oneway":"yes","ref":"A5","toll":"yes","carriage_ref":"d","opposite_carriage_ref":"c"},"geometry":{"type":"LineString","coordinates":[[7.5377787,47.194926],[7.5373068,47.1949192],[7.5357855,47.1949631]]}},{"type":"Feature","properties":{"highway":"motorway","lit":"no","maxspeed":"100","oneway":"yes","ref":"A5","toll":"yes","carriage_ref":"c","opposite_carriage_ref":"d"},"geometry":{"type":"LineString","coordinates":[[7.3824442,47.1674092],[7.3830774,47.1676013],[7.3836913,47.1678086],[7.3843825,47.168047],[7.3851148,47.1683154],[7.3856554,47.1685057]]}},{"type":"Feature","properties":{"destination":"Neuchâtel;Yverdon-Ouest;Ste-Croix","highway":"motorway","lanes":"2","lit":"no","maxspeed":"120","oneway":"yes","ref":"A5","surface":"asphalt","toll":"yes","first":"true","carriage_ref":"a","opposite_carriage_ref":"b"},"geometry":{"type":"LineString","coordinates":[[6.6287107,46.7540702],[6.6295856,46.7542837],[6.6297631,46.7543312],[6.6299324,46.7543716]]}},{"type":"Feature","properties":{"highway":"motorway","layer":"-1","lit":"no","maxspeed":"120","oneway":"yes","ref":"A5","toll":"yes","tunnel":"yes","tunnel:alt_name":"Leuzigen","tunnel:name":"Lärmschutzgalerie Leuzigen","carriage_ref":"c","opposite_carriage_ref":"d"},"geometry":{"type":"LineString","coordinates":[[7.4444175,47.1770491],[7.4454273,47.1772383],[7.4463179,47.1774587],[7.4476178,47.1778309],[7.4483539,47.1780865],[7.4495588,47.1784988],[7.4520883,47.1794829]]}},{"type":"Feature","properties":{"destination":"Marin","highway":"motorway","lanes":"2","lit":"no","maxspeed":"120","oneway":"yes","ref":"A5","source":"Orthophotos 2006 SITN 50cm","toll":"yes","carriage_ref":"b","opposite_carriage_ref":"a"},"geometry":{"type":"LineString","coordinates":[[7.0252461,47.0198275],[7.0240025,47.0182783]]}},{"type":"Feature","properties":{"highway":"motorway","lanes":"2","layer":"-2","lit":"yes","maxspeed":"100","name":"Tunnel de Sauges","oneway":"yes","ref":"A5","toll":"yes","tunnel":"yes","tunnel:alt_name":"Sauges","tunnel:name":"De Sauges","carriage_ref":"b","opposite_carriage_ref":"a"},"geometry":{"type":"LineString","coordinates":[[6.7683565,46.8956861],[6.7676149,46.8951256],[6.7671939,46.894784],[6.7667516,46.8943686],[6.7657274,46.893314],[6.7651777,46.8927491],[6.7646292,46.8921118],[6.7640694,46.8914711],[6.7634695,46.8906865],[6.7630178,46.8900059],[6.7626047,46.8893391],[6.7622461,46.8886167],[6.762049,46.8881423],[6.7616852,46.887105],[6.7616093,46.8869408],[6.7610736,46.8857819],[6.7605759,46.8847181],[6.7604283,46.8843001],[6.7603018,46.8838533],[6.760209,46.8834151],[6.7601373,46.8829393],[6.760085,46.8822791],[6.7600125,46.8806188],[6.7599643,46.8801256],[6.7598845,46.8795821],[6.759779,46.8791026],[6.7596762,46.8787664],[6.7595158,46.8783203],[6.7593775,46.878011],[6.759252,46.8777828]]}},{"type":"Feature","properties":{"highway":"motorway","lanes":"2","lit":"no","maxspeed":"120","oneway":"yes","ref":"A5","source":"Orthophotos 2006 SITN 50cm","toll":"yes","carriage_ref":"b","opposite_carriage_ref":"a"},"geometry":{"type":"LineString","coordinates":[[7.0255544,47.0202115],[7.0252461,47.0198275]]}},{"type":"Feature","properties":{"bicycle":"no","bridge":"viaduct","foot":"no","highway":"motorway","horse":"no","lanes":"2","lit":"no","maxspeed":"120","oneway":"yes","ref":"A5","sidewalk":"no","toll":"yes","carriage_ref":"a","opposite_carriage_ref":"b"},"geometry":{"type":"LineString","coordinates":[[6.6213779,46.7812002],[6.6209098,46.7823535]]}},{"type":"Feature","properties":{"highway":"motorway","lit":"no","maxspeed":"120","oneway":"yes","ref":"A5","toll":"yes","carriage_ref":"c","opposite_carriage_ref":"d"},"geometry":{"type":"LineString","coordinates":[[7.4520883,47.1794829],[7.4534937,47.1800416],[7.4542378,47.1803206],[7.4618891,47.1832487]]}},{"type":"Feature","properties":{"highway":"motorway","lanes":"2","layer":"-1","lit":"no","maxspeed":"120","oneway":"yes","ref":"A5","toll":"yes","tunnel":"yes","tunnel:name":"Riemberg","carriage_ref":"c","opposite_carriage_ref":"d"},"geometry":{"type":"LineString","coordinates":[[7.48443,47.1900716],[7.4857944,47.1903614]]}},{"type":"Feature","properties":{"highway":"motorway","lanes":"2","layer":"-1","lit":"yes","maxspeed":"100","name:tunnel":"Hauterive","oneway":"yes","ref":"A5","toll":"yes","tunnel":"yes","tunnel:name":"Monruz","carriage_ref":"b","opposite_carriage_ref":"a"},"geometry":{"type":"LineString","coordinates":[[6.9661333,47.0054503],[6.9644201,47.0049435],[6.9628268,47.0043765],[6.9613394,47.0037325]]}},{"type":"Feature","properties":{"avz":"218","cs_dir:forward":"2","highway":"motorway","lanes":"2","lit":"no","maxspeed":"120","oneway":"yes","ref":"A5","ssvz":"1011N","toll":"yes","carriage_ref":"b","opposite_carriage_ref":"a"},"geometry":{"type":"LineString","coordinates":[[7.0322262,47.04283],[7.0316212,47.0423259],[7.0307957,47.0416357],[7.0303954,47.0412728],[7.0299817,47.0408834],[7.0296343,47.0405338],[7.0292532,47.040123],[7.0287592,47.0395407],[7.0283376,47.0390139]]}},{"type":"Feature","properties":{"bicycle":"no","foot":"no","highway":"motorway","horse":"no","lanes":"2","lit":"no","oneway":"yes","ref":"A5","sidewalk":"no","surface":"asphalt","toll":"yes","carriage_ref":"a","opposite_carriage_ref":"b"},"geometry":{"type":"LineString","coordinates":[[6.6353829,46.760596],[6.6350384,46.7610793]]}},{"type":"Feature","properties":{"bicycle":"no","destination":"Yverdon-Sud","foot":"no","highway":"motorway","horse":"no","lanes":"2","lit":"no","maxspeed":"120","oneway":"yes","ref":"A5","sidewalk":"no","toll":"yes","carriage_ref":"b","opposite_carriage_ref":"a"},"geometry":{"type":"LineString","coordinates":[[6.619108,46.7920456],[6.6189997,46.7900719],[6.6190785,46.7887847]]}},{"type":"Feature","properties":{"cutting":"yes","highway":"motorway","lit":"no","maxspeed":"100","oneway":"yes","ref":"A5","toll":"yes","carriage_ref":"d","opposite_carriage_ref":"c"},"geometry":{"type":"LineString","coordinates":[[7.3878128,47.1693308],[7.3872675,47.1691638],[7.3863243,47.16885],[7.3856106,47.1686085]]}},{"type":"Feature","properties":{"highway":"motorway","lanes":"2","maxspeed":"100","oneway":"yes","ref":"A5","toll":"yes","carriage_ref":"c","opposite_carriage_ref":"d"},"geometry":{"type":"LineString","coordinates":[[7.5791281,47.2079299],[7.5800431,47.2082347],[7.5808219,47.2084728],[7.581616,47.2086891],[7.5825858,47.2089295],[7.5836095,47.2091547],[7.5847335,47.2093606],[7.5851638,47.2094261]]}},{"type":"Feature","properties":{"bicycle":"no","foot":"no","highway":"motorway","horse":"no","lanes":"2","last":"true","lit":"no","maxspeed":"80","oneway":"yes","ref":"A5","sidewalk":"no","surface":"asphalt","toll":"yes","carriage_ref":"b","opposite_carriage_ref":"a"},"geometry":{"type":"LineString","coordinates":[[6.6348777,46.7571465],[6.6341839,46.7566417]]}},{"type":"Feature","properties":{"highway":"motorway","lanes":"2","layer":"-2","lit":"yes","maxspeed":"100","name":"Tunnel de Sauges","oneway":"yes","ref":"A5","toll":"yes","tunnel":"yes","tunnel:alt_name":"Sauges","tunnel:name":"De Sauges","carriage_ref":"a","opposite_carriage_ref":"b"},"geometry":{"type":"LineString","coordinates":[[6.7593746,46.8777229],[6.7595086,46.8779815],[6.7596421,46.8782869],[6.7598085,46.8787215],[6.7599272,46.879102],[6.760038,46.8795455],[6.760488,46.8823837],[6.7605633,46.8829019],[6.7606603,46.8833776],[6.7607309,46.8838622],[6.7608374,46.8843059],[6.7610019,46.8846922],[6.7614912,46.885802],[6.7620691,46.8870531],[6.7624545,46.8880712],[6.7626731,46.8885973],[6.763035,46.8893045],[6.7634609,46.8899988],[6.7637966,46.8905076],[6.7638365,46.8905657],[6.7643833,46.8913615],[6.7648606,46.8920159],[6.7654139,46.892628],[6.7659917,46.8932476],[6.7669454,46.894155],[6.7674385,46.8946399],[6.7678806,46.8950248],[6.7683744,46.8954048]]}},{"type":"Feature","properties":{"highway":"motorway","lanes":"2","lit":"no","maxspeed":"120","oneway":"yes","ref":"A5","toll":"yes","carriage_ref":"c","opposite_carriage_ref":"d"},"geometry":{"type":"LineString","coordinates":[[7.4857944,47.1903614],[7.4883056,47.1909196],[7.4899123,47.1912835]]}},{"type":"Feature","properties":{"highway":"motorway","lanes":"3","layer":"-1","lit":"yes","maxspeed":"100","oneway":"yes","ref":"A5","toll":"yes","tunnel":"yes","tunnel:name":"Birchitunnel","carriage_ref":"d","opposite_carriage_ref":"c"},"geometry":{"type":"LineString","coordinates":[[7.5462626,47.1955897],[7.5459816,47.1955884]]}},{"type":"Feature","properties":{"bicycle":"no","bridge":"viaduct","foot":"no","highway":"motorway","horse":"no","lanes":"2","layer":"1","lit":"no","maxspeed":"100","oneway":"yes","ref":"A5","sidewalk":"no","surface":"asphalt","toll":"yes","carriage_ref":"b","opposite_carriage_ref":"a"},"geometry":{"type":"LineString","coordinates":[[6.6302603,46.7673736],[6.6329207,46.7637504],[6.6329862,46.7636612],[6.6333349,46.7631863],[6.6339839,46.7622709]]}},{"type":"Feature","properties":{"highway":"motorway","lanes":"3","lit":"no","maxspeed":"100","oneway":"yes","ref":"A5","source":"Orthophotos 2006 SITN 50cm","toll":"yes","carriage_ref":"b","opposite_carriage_ref":"a"},"geometry":{"type":"LineString","coordinates":[[6.9989751,47.0132152],[6.9970667,47.0131261]]}},{"type":"Feature","properties":{"highway":"motorway","lanes":"2","lit":"yes","maxspeed":"100","oneway":"yes","ref":"A5","toll":"yes","carriage_ref":"b","opposite_carriage_ref":"a"},"geometry":{"type":"LineString","coordinates":[[6.9720795,47.0082485],[6.9697395,47.0070163],[6.9691409,47.0067127],[6.9683947,47.0063457],[6.9677991,47.006077],[6.9672067,47.0058368],[6.9667097,47.0056476],[6.9661333,47.0054503]]}},{"type":"Feature","properties":{"highway":"motorway","lanes":"2","lit":"no","maxspeed":"100","oneway":"yes","ref":"A5","toll":"yes","carriage_ref":"a","opposite_carriage_ref":"b"},"geometry":{"type":"LineString","coordinates":[[6.8667029,46.9628075],[6.8673402,46.9631117],[6.867792,46.9633463],[6.8681327,46.9635381]]}},{"type":"Feature","properties":{"highway":"motorway","lanes":"2","maxspeed":"100","oneway":"yes","ref":"A5","toll":"yes","carriage_ref":"c","opposite_carriage_ref":"d"},"geometry":{"type":"LineString","coordinates":[[7.5742506,47.2057228],[7.5761685,47.2067245]]}},{"type":"Feature","properties":{"destination":"Bienne","highway":"motorway","lanes":"2","lit":"no","maxspeed":"120","oneway":"yes","ref":"A5","source":"Orthophotos 2006 SITN 50cm","toll":"yes","carriage_ref":"a","opposite_carriage_ref":"b"},"geometry":{"type":"LineString","coordinates":[[7.0032881,47.0132536],[7.004243,47.013281],[7.0073701,47.0133145]]}},{"type":"Feature","properties":{"highway":"motorway","lanes":"2","layer":"-1","lit":"yes","maxspeed":"100","name":"Tunnel de Concise","oneway":"yes","ref":"A5","toll":"yes","tunnel":"yes","tunnel:name":"Concise","carriage_ref":"b","opposite_carriage_ref":"a"},"geometry":{"type":"LineString","coordinates":[[6.7323534,46.8612637],[6.7306019,46.8614473],[6.7289625,46.8616037],[6.7268614,46.861754],[6.7252373,46.8618807],[6.7237606,46.8619205],[6.7226375,46.8618951],[6.7216484,46.8618289],[6.7206365,46.8616854],[6.71962,46.8615306],[6.7188137,46.8613369],[6.7182517,46.8611889],[6.7176719,46.8609931],[6.7164663,46.8604998],[6.7148005,46.8596227]]}},{"type":"Feature","properties":{"bridge":"yes","highway":"motorway","layer":"1","lit":"no","maxspeed":"120","oneway":"yes","ref":"A5","toll":"yes","carriage_ref":"d","opposite_carriage_ref":"c"},"geometry":{"type":"LineString","coordinates":[[7.4342161,47.17689],[7.4319321,47.176862],[7.4301839,47.1768002],[7.4291202,47.1767299]]}},{"type":"Feature","properties":{"highway":"motorway","lit":"no","maxspeed":"120","oneway":"yes","ref":"A5","toll":"yes","carriage_ref":"d","opposite_carriage_ref":"c"},"geometry":{"type":"LineString","coordinates":[[7.461803,47.18337],[7.4541702,47.1804088],[7.4534194,47.1801254]]}},{"type":"Feature","properties":{"bicycle":"no","bridge":"yes","foot":"no","highway":"motorway","horse":"no","lanes":"2","layer":"1","lit":"no","maxspeed":"120","oneway":"yes","ref":"A5","toll":"yes","carriage_ref":"b","opposite_carriage_ref":"a"},"geometry":{"type":"LineString","coordinates":[[6.6190785,46.7887847],[6.6191079,46.7883838]]}},{"type":"Feature","properties":{"highway":"motorway","lanes":"2","maxspeed":"100","oneway":"yes","ref":"A5","toll":"yes","carriage_ref":"a","opposite_carriage_ref":"b"},"geometry":{"type":"LineString","coordinates":[[6.7396051,46.8611549],[6.7406432,46.86133],[6.7414525,46.861497],[6.7425826,46.8618052],[6.7441706,46.86226],[6.7450185,46.8625601],[6.7459243,46.8629246]]}}],"ref":"A5","generator":"Quandopasso Path Importer","created":"2021-01-04T14:40:42.453Z","format":"1.0.0"}