{"type":"FeatureCollection","features":[{"type":"Feature","properties":{"carriage_ref":"B","highway":"trunk","int_ref":"E 43","lanes":"1","maxspeed":"80","motorroad":"yes","oneway":"yes","ref":"A13","shoulder:right":"yes","source:maxspeed":"sign","surface":"asphalt","toll":"yes"},"geometry":{"type":"LineString","coordinates":[[9.1402457,46.2380977],[9.1404015,46.2383889],[9.1406993,46.2390415]]}},{"type":"Feature","properties":{"carriage_ref":"B","change:lanes:backward":"not_left|not_right","change:lanes:forward":"no","highway":"trunk","int_ref":"E 43","lanes":"3","lanes:backward":"2","maxspeed":"80","mindistance:hgv":"150","motorroad":"yes","oneway":"no","placement:backward":"left_of:1","ref":"A13","shoulder":"none","source:maxspeed":"sign","surface":"asphalt","toll":"yes","turn:lanes:backward":"|slight_right"},"geometry":{"type":"LineString","coordinates":[[9.45012486341,46.66964089928],[9.45006276341,46.66992069956]]}},{"type":"Feature","properties":{"carriage_ref":"B","highway":"motorway","int_ref":"E 43","lanes":"2","maxspeed":"120","oneway":"yes","ref":"A13","shoulder":"none","source:maxspeed":"CH:motorway","surface":"asphalt","toll":"yes"},"geometry":{"type":"LineString","coordinates":[[9.1599886,46.253772],[9.1602285,46.2541012],[9.1651763,46.2615208],[9.1655941,46.2621401],[9.1666967,46.2637447],[9.1679249,46.2656195],[9.1682088,46.2660479],[9.168507,46.2665213],[9.16896,46.2671091],[9.1693036,46.2675238]]}},{"type":"Feature","properties":{"avz":"539","carriage_ref":"B","change:lanes:backward":"not_left|not_right","change:lanes:forward":"no","cs_dir:backward":"1","highway":"trunk","int_ref":"E 43","lanes":"3","lanes:backward":"2","maxspeed":"80","mindistance:hgv":"150","motorroad":"yes","oneway":"no","overtaking":"no","placement:forward":"left_of:1","ref":"A13","shoulder":"none","source:maxspeed":"sign","surface":"asphalt","toll":"yes","turn:lanes:backward":"|merge_to_left"},"geometry":{"type":"LineString","coordinates":[[9.23942986341,46.53802856745],[9.23993426341,46.53810136752]]}},{"type":"Feature","properties":{"carriage_ref":"B","highway":"motorway","int_ref":"E 43","lanes":"2","maxspeed":"120","mindistance:hgv":"150","oneway":"yes","ref":"A13","shoulder":"none","source:maxspeed":"CH:motorway","surface":"asphalt","toll":"yes"},"geometry":{"type":"LineString","coordinates":[[9.2218328,46.3585452],[9.2220193,46.3588259],[9.2222244,46.3590893],[9.2224726,46.3593572],[9.2227234,46.3596015],[9.2230626,46.3598835],[9.2233309,46.3600884],[9.2236528,46.3602966],[9.2239812,46.3604994],[9.2244333,46.3607779],[9.2249926,46.3611292]]}},{"type":"Feature","properties":{"carriage_ref":"B","change:lanes:backward":"no","change:lanes:forward":"no|not_right","highway":"trunk","int_ref":"E 43","lanes":"3","lanes:forward":"2","maxspeed":"80","mindistance:hgv":"150","motorroad":"yes","oneway":"no","overtaking":"no","placement:forward":"left_of:1","ref":"A13","shoulder":"none","source:maxspeed":"sign","surface":"asphalt","toll":"yes","turn:lanes:forward":"|merge_to_left"},"geometry":{"type":"LineString","coordinates":[[9.32245826341,46.55124668068],[9.32301586341,46.55138578081]]}},{"type":"Feature","properties":{"bridge":"yes","carriage_ref":"A","highway":"trunk","incline":"-8%","int_ref":"E 43","lanes":"2","layer":"1","maxspeed:backward":"80","maxspeed:forward":"100","mindistance:hgv":"150","motorroad":"yes","oneway":"no","ref":"A13","shoulder":"none","source:incline":"signpost","source:maxspeed":"sign","surface":"asphalt","toll":"yes"},"geometry":{"type":"LineString","coordinates":[[9.2291727,46.3990382],[9.2290875,46.3985201]]}},{"type":"Feature","properties":{"carriage_ref":"A","highway":"motorway","int_ref":"E 43","lanes":"2","maxspeed":"120","oneway":"yes","ref":"A13","smoothness":"excellent","surface":"asphalt","toll":"yes"},"geometry":{"type":"LineString","coordinates":[[9.5135264,47.1195188],[9.5141566,47.1175475],[9.5151264,47.1139963],[9.5164087,47.108979],[9.517121,47.1058886],[9.5174644,47.1042587],[9.5177907,47.1019784],[9.5179279,47.099982],[9.5179021,47.0981357],[9.5176618,47.0966282],[9.5173185,47.0952785],[9.5167262,47.0936832],[9.5158851,47.0920974],[9.5153534,47.0912267],[9.5147918,47.0904145]]}},{"type":"Feature","properties":{"carriage_ref":"B","highway":"motorway","int_ref":"E 43","lanes":"2","maxspeed":"120","oneway":"yes","ref":"A13","shoulder:right":"yes","source:maxspeed":"CH:motorway","surface":"asphalt","toll":"yes"},"geometry":{"type":"LineString","coordinates":[[9.4710649,47.0512564],[9.4710855,47.0517823],[9.4710803,47.0522869],[9.4710179,47.0529058],[9.4709616,47.0534017],[9.4708635,47.0539384],[9.4707467,47.0545033],[9.4705404,47.0551812],[9.4703167,47.0558847],[9.470048,47.0566133],[9.4694984,47.0581985],[9.4691971,47.0592178],[9.4690844,47.0597442],[9.4689982,47.0602582],[9.4689308,47.0608067],[9.4689118,47.0613787],[9.4689244,47.0617334],[9.4689597,47.0621377],[9.4690491,47.0626233],[9.4691457,47.0630053],[9.4692632,47.0633637],[9.4695281,47.0639185]]}},{"type":"Feature","properties":{"carriage_ref":"B","destination":"Sevelen","highway":"motorway","int_ref":"E 43","lanes":"3","maxspeed":"120","oneway":"yes","placement":"right_of:1","ref":"A13","shoulder:right":"yes","source:maxspeed":"CH:motorway","surface":"asphalt","toll":"yes","turn:lanes":"none|none|merge_to_left"},"geometry":{"type":"LineString","coordinates":[[9.4921345,47.0766426],[9.4933116,47.0772656]]}},{"type":"Feature","properties":{"carriage_ref":"B","destination":"Oberriet","highway":"motorway","int_ref":"E 43","lanes":"2","maxspeed":"120","oneway":"yes","ref":"A13","shoulder:right":"yes","source:maxspeed":"CH:motorway","surface":"asphalt","toll":"yes"},"geometry":{"type":"LineString","coordinates":[[9.5175872,47.2438752],[9.5177157,47.2441165],[9.5184943,47.2455258]]}},{"type":"Feature","properties":{"bridge":"yes","carriage_ref":"B","change:lanes:backward":"not_left|not_right","change:lanes:forward":"no","highway":"trunk","int_ref":"E 43","lanes":"3","lanes:backward":"2","layer":"1","maxspeed":"80","mindistance:hgv":"150","motorroad":"yes","oneway":"no","placement:backward":"left_of:1","ref":"A13","shoulder":"none","source:maxspeed":"sign","surface":"asphalt","toll":"yes","turn:lanes:backward":"|slight_right"},"geometry":{"type":"LineString","coordinates":[[9.40798286341,46.82231945258],[9.40819646341,46.82246265272]]}},{"type":"Feature","properties":{"bridge":"yes","carriage_ref":"A","highway":"trunk","int_ref":"E 43","lanes":"2","layer":"1","maxspeed":"100","maxwidth:lanes":"2|","mindistance:hgv":"150","motorroad":"yes","oneway":"yes","ref":"A13","shoulder":"none","source:maxspeed":"sign","surface":"asphalt","toll":"yes"},"geometry":{"type":"LineString","coordinates":[[9.4404041,46.72806],[9.4402137,46.7267716],[9.4399836,46.7251644]]}},{"type":"Feature","properties":{"carriage_ref":"A","change:lanes:backward":"not_left|not_right","change:lanes:forward":"not_left|not_right","highway":"trunk","int_ref":"E 43","lanes":"4","lanes:backward":"2","maxspeed":"100","mindistance:hgv":"150","motorroad":"yes","oneway":"no","ref":"A13","shoulder:left":"yes","shoulder:right":"yes","source:maxspeed":"sign","surface":"asphalt","toll":"yes","turn:lanes:backward":"merge_to_right|"},"geometry":{"type":"LineString","coordinates":[[9.434433,46.6230323],[9.4343872,46.6227787]]}},{"type":"Feature","properties":{"bridge":"yes","carriage_ref":"A","change:lanes:backward":"no","change:lanes:forward":"no","destination:forward":"San Bernardino;Sufers","highway":"trunk","int_ref":"E 43","lanes":"2","layer":"1","lit":"yes","maxspeed":"80","mindistance:hgv":"150","motorroad":"yes","oneway":"no","ref":"A13","shoulder":"none","source:maxspeed":"sign","surface":"asphalt","toll":"yes"},"geometry":{"type":"LineString","coordinates":[[9.4280824,46.5793073],[9.4280278,46.5791943]]}},{"type":"Feature","properties":{"carriage_ref":"A","destination":"Sevelen","highway":"motorway","int_ref":"E 43","lanes":"3","maxspeed":"120","oneway":"yes","placement":"right_of:1","ref":"A13","surface":"asphalt","toll":"yes","turn:lanes":"none|none|merge_to_left"},"geometry":{"type":"LineString","coordinates":[[9.4886712,47.1645495],[9.4891814,47.1634463],[9.489349,47.1631085]]}},{"type":"Feature","properties":{"carriage_ref":"B","change:lanes:forward":"no","highway":"trunk","int_ref":"E 43","lanes":"2","maxspeed":"100","mindistance:hgv":"150","motorroad":"yes","oneway":"no","ref":"A13","shoulder:left":"yes","shoulder:right":"yes","source:maxspeed":"sign","surface":"asphalt","toll":"yes"},"geometry":{"type":"LineString","coordinates":[[9.44092306341,46.6400322696],[9.44098676341,46.6402285698],[9.44107466341,46.64043557],[9.44117916341,46.64063927021],[9.44131736341,46.64086377043],[9.44146276341,46.64107727065]]}},{"type":"Feature","properties":{"carriage_ref":"A","destination:backward":"Chur","highway":"trunk","incline":"8%","int_ref":"E 43","lanes":"2","maxspeed":"100","mindistance:hgv":"150","motorroad":"yes","oneway":"no","ref":"A13","shoulder":"none","source:incline":"signpost","source:maxspeed":"sign","surface":"asphalt","toll":"yes"},"geometry":{"type":"LineString","coordinates":[[9.431018,46.5992083],[9.4309272,46.5989832],[9.4308471,46.5988357],[9.4305934,46.598427]]}},{"type":"Feature","properties":{"carriage_ref":"B","highway":"trunk","incline":"8%","int_ref":"E 43","lanes":"2","maxspeed:backward":"100","maxspeed:forward":"80","mindistance:hgv":"150","motorroad":"yes","oneway":"no","ref":"A13","shoulder":"none","source:incline":"signpost","source:maxspeed":"sign","surface":"asphalt","toll":"yes"},"geometry":{"type":"LineString","coordinates":[[9.23007896341,46.39240462191],[9.22967106341,46.3933979229],[9.22950046341,46.39386352337],[9.22931806341,46.39453302404],[9.22919406341,46.39516702467],[9.22911146341,46.39563942514],[9.22907016341,46.39608812559],[9.22903576341,46.39672682623],[9.22903226341,46.39718502668],[9.22904616341,46.39766072716],[9.22912436341,46.39846562796]]}},{"type":"Feature","properties":{"carriage_ref":"A","destination":"Buchs","highway":"motorway","int_ref":"E 43","lanes":"3","maxspeed":"120","oneway":"yes","placement":"right_of:1","ref":"A13","surface":"asphalt","toll":"yes","turn:lanes":"none|none|merge_to_left"},"geometry":{"type":"LineString","coordinates":[[9.4953954,47.2081732],[9.4945428,47.2066343]]}},{"type":"Feature","properties":{"avz":"539","carriage_ref":"A","change:lanes:backward":"not_left|no","change:lanes:forward":"no|no","cs_dir:forward":"1","highway":"trunk","int_ref":"E 43","lanes":"4","lanes:backward":"2","maxspeed":"80","mindistance:hgv":"150","motorroad":"yes","oneway":"no","overtaking":"no","placement:backward":"left_of:1","ref":"A13","source:maxspeed":"sign","surface":"asphalt","toll":"yes","turn:lanes:backward":"|slight_right"},"geometry":{"type":"LineString","coordinates":[[9.2412186,46.5383874],[9.2407022,46.5382951]]}},{"type":"Feature","properties":{"carriage_ref":"B","highway":"motorway","int_ref":"E 43","lanes":"2","maxspeed":"120","oneway":"yes","ref":"A13","shoulder:right":"yes","smoothness":"excellent","source:maxspeed":"CH:motorway","surface":"asphalt","toll":"yes"},"geometry":{"type":"LineString","coordinates":[[9.5149312,47.090364],[9.5154902,47.0911756],[9.5160278,47.0920498],[9.5168807,47.0936599],[9.5174901,47.0952492],[9.5178334,47.09671],[9.5180652,47.0981299],[9.5181253,47.0999762],[9.5179928,47.1020166],[9.517636,47.1042587],[9.517298,47.1058764],[9.516546,47.1090374],[9.5153067,47.1140488],[9.5143025,47.1175417],[9.5136824,47.1195444]]}},{"type":"Feature","properties":{"avz":"539","carriage_ref":"B","change:lanes:backward":"no","change:lanes:forward":"no","cs_dir:backward":"1","highway":"trunk","int_ref":"E 43","lanes":"2","maxspeed":"80","mindistance:hgv":"150","motorroad":"yes","oneway":"no","overtaking":"no","ref":"A13","shoulder":"none","source:maxspeed":"sign","surface":"asphalt","toll":"yes"},"geometry":{"type":"LineString","coordinates":[[9.23921196341,46.53799936742],[9.23942986341,46.53802856745]]}},{"type":"Feature","properties":{"carriage_ref":"A","destination:colour:lanes":"green|green|blue;blue;blue","destination:lanes":"Maienfeld|Maienfeld|Bad Ragaz;Pfälers;Valens","highway":"motorway","int_ref":"E 43","lanes":"3","maxspeed":"120","oneway":"yes","placement":"right_of:1","ref":"A13","shoulder:right":"yes","source:maxspeed":"CH:motorway","surface":"asphalt","toll":"yes","turn:lanes":"none|none|slight_right"},"geometry":{"type":"LineString","coordinates":[[9.4890415,47.019077],[9.4902609,47.0183678]]}},{"type":"Feature","properties":{"carriage_ref":"A","highway":"motorway","int_ref":"E 43","lanes":"2","maxspeed":"100","oneway":"yes","ref":"A13","shoulder":"none","source:maxspeed":"sign","surface":"asphalt","toll":"yes"},"geometry":{"type":"LineString","coordinates":[[9.1445537,46.2431419],[9.1442627,46.2429636],[9.1438436,46.2426962],[9.1434256,46.2424104],[9.1429907,46.2420729],[9.1427574,46.2418745],[9.1424674,46.2415943]]}},{"type":"Feature","properties":{"bridge":"yes","carriage_ref":"B","change:lanes:backward":"not_left|no","change:lanes:forward":"no","highway":"trunk","int_ref":"E 43","lanes":"3","lanes:backward":"2","layer":"1","maxspeed":"80","mindistance:hgv":"150","motorroad":"yes","oneway":"no","placement:backward":"left_of:1","ref":"A13","shoulder":"none","source:maxspeed":"sign","surface":"asphalt","toll":"yes","turn:lanes:backward":"|slight_right"},"geometry":{"type":"LineString","coordinates":[[9.40754956341,46.82198875225],[9.40779176341,46.82218015244],[9.40798286341,46.82231945258]]}},{"type":"Feature","properties":{"carriage_ref":"A","change:forward":"no","change:lanes:backward":"not_left|yes","highway":"trunk","int_ref":"E 43","lanes":"3","lanes:backward":"2","lanes:forward":"1","maxspeed":"80","mindistance:hgv":"150","motorroad":"yes","oneway":"no","placement:forward":"left_of:1","ref":"A13","shoulder":"none","source:maxspeed":"sign","surface":"asphalt","toll":"yes","turn:lanes:backward":"through|right"},"geometry":{"type":"LineString","coordinates":[[9.1901893,46.5282416],[9.1899629,46.5280497],[9.1897417,46.5278347]]}},{"type":"Feature","properties":{"carriage_ref":"A","change:lanes:backward":"no","change:lanes:forward":"no|not_right","highway":"trunk","int_ref":"E 43","lanes":"3","lanes:forward":"2","maxspeed":"80","mindistance:hgv":"150","motorroad":"yes","oneway":"no","overtaking":"no","placement:backward":"left_of:1","ref":"A13","shoulder":"none","source:maxspeed":"sign","surface":"asphalt","toll":"yes","turn:lanes:forward":"|merge_to_left"},"geometry":{"type":"LineString","coordinates":[[9.2942458,46.5443898],[9.2936638,46.5444137]]}},{"type":"Feature","properties":{"carriage_ref":"A","change:lanes:backward":"no","change:lanes:forward":"no","highway":"trunk","incline":"-8%","int_ref":"E 43","lanes":"2","maxspeed":"80","mindistance:hgv":"150","motorroad":"yes","oneway":"no","overtaking":"no","ref":"A13","shoulder":"none","source:incline":"signpost","source:maxspeed":"sign","surface":"asphalt","toll":"yes"},"geometry":{"type":"LineString","coordinates":[[9.1999125,46.4332264],[9.2003284,46.4331483],[9.2009745,46.4330584]]}},{"type":"Feature","properties":{"carriage_ref":"B","change:lanes:backward":"no","change:lanes:forward":"no","highway":"trunk","int_ref":"E 43","lanes":"2","lit":"24/7","maxheight":"default","maxspeed":"80","mindistance:hgv":"150","motorroad":"yes","oneway":"no","ref":"A13","shoulder":"none","source:maxspeed":"sign","surface":"asphalt","toll":"yes","tunnel":"yes","tunnel:name":"Wegerhaus"},"geometry":{"type":"LineString","coordinates":[[9.44775626341,46.64524127482],[9.44808726341,46.64570417529],[9.44831706341,46.64614277572],[9.44841446341,46.64654977613],[9.44843306341,46.64693677652]]}},{"type":"Feature","properties":{"carriage_ref":"A","destination:backward":"San Bernardino","destination:forward":"Lugano;Mesocco","highway":"trunk","incline":"-8%","int_ref":"E 43","lanes":"2","maxspeed":"100","mindistance:hgv":"150","motorroad":"yes","oneway":"no","ref":"A13","shoulder":"none","source:incline":"signpost","source:maxspeed":"sign","surface":"asphalt","toll":"yes"},"geometry":{"type":"LineString","coordinates":[[9.2267677,46.4209563],[9.2267593,46.4205295]]}},{"type":"Feature","properties":{"avz":"539","carriage_ref":"A","change:lanes:backward":"not_left|not_right","change:lanes:forward":"no|not_right","cs_dir:forward":"1","highway":"trunk","int_ref":"E 43","lanes":"4","lanes:backward":"2","maxspeed":"80","mindistance:hgv":"150","motorroad":"yes","oneway":"no","overtaking":"no","placement:backward":"left_of:1","ref":"A13","source:maxspeed":"sign","surface":"asphalt","toll":"yes","turn:lanes:backward":"|slight_right","turn:lanes:forward":"|merge_to_left"},"geometry":{"type":"LineString","coordinates":[[9.2407022,46.5382951],[9.2401028,46.5381909]]}},{"type":"Feature","properties":{"carriage_ref":"B","change:lanes:backward":"not_left|not_right","change:lanes:forward":"no","highway":"trunk","int_ref":"E 43","lanes":"3","lanes:backward":"2","maxspeed":"80","mindistance:hgv":"150","motorroad":"yes","oneway":"no","placement:backward":"left_of:1","ref":"A13","shoulder":"none","source:maxspeed":"sign","surface":"asphalt","toll":"yes","turn:lanes:backward":"|slight_right"},"geometry":{"type":"LineString","coordinates":[[9.40819646341,46.82246265272],[9.40858056341,46.82270605297]]}},{"type":"Feature","properties":{"carriage_ref":"A","highway":"motorway","int_ref":"E 43","lanes":"3","maxspeed":"120","oneway":"yes","placement":"right_of:1","ref":"A13","shoulder":"no","surface":"asphalt","toll":"yes","turn:lanes":"||merge_to_left"},"geometry":{"type":"LineString","coordinates":[[9.6184053,47.3649734],[9.6173397,47.3642366],[9.6167608,47.363845]]}},{"type":"Feature","properties":{"carriage_ref":"B","destination":"Buchs","highway":"motorway","int_ref":"E 43","lanes":"2","maxspeed":"120","oneway":"yes","ref":"A13","shoulder:right":"yes","source:maxspeed":"CH:motorway","surface":"asphalt","toll":"yes"},"geometry":{"type":"LineString","coordinates":[[9.5113667,47.1264918],[9.5108915,47.1277801],[9.5100665,47.1298959],[9.5090193,47.1324003],[9.5084358,47.1336751],[9.5082052,47.1341574]]}},{"type":"Feature","properties":{"carriage_ref":"A","change:lanes:backward":"not_left|no","change:lanes:forward":"no|not_right","highway":"trunk","int_ref":"E 43","lanes":"4","lanes:forward":"2","maxspeed":"100","maxspeed:lanes:backward":"100|80","mindistance:hgv":"150","motorroad":"yes","oneway":"no","ref":"A13","shoulder:left":"no","shoulder:right":"no","source:maxspeed":"sign","source:maxspeed:forward":"CH:motorroad","surface":"asphalt","toll":"yes","turn:lanes:backward":"|slight_right","turn:lanes:forward":"|merge_to_left"},"geometry":{"type":"LineString","coordinates":[[9.4170592,46.828366],[9.4168778,46.8282462]]}},{"type":"Feature","properties":{"carriage_ref":"B","highway":"trunk","int_ref":"E 43","lanes":"2","maxspeed":"100","maxwidth:lanes":"2|","mindistance:hgv":"150","motorroad":"yes","oneway":"yes","ref":"A13","shoulder":"none","source:maxspeed":"sign","surface":"asphalt","toll":"yes"},"geometry":{"type":"LineString","coordinates":[[9.44006856341,46.72461155443],[9.44011306341,46.72510425493]]}},{"type":"Feature","properties":{"carriage_ref":"B","highway":"motorway","int_ref":"E 43","lanes":"2","maxspeed":"120","oneway":"yes","ref":"A13","shoulder:right":"yes","source:maxspeed":"CH:motorway","surface":"asphalt","toll":"yes"},"geometry":{"type":"LineString","coordinates":[[9.5491411,46.9597919],[9.5498373,46.9613015],[9.5503685,46.9624221]]}},{"type":"Feature","properties":{"carriage_ref":"A","change:lanes:backward":"no","change:lanes:forward":"no","highway":"trunk","int_ref":"E 43","lanes":"2","maxspeed":"100","mindistance:hgv":"150","motorroad":"yes","oneway":"no","overtaking":"no","ref":"A13","shoulder":"none","source:maxspeed":"sign","surface":"asphalt","toll":"yes"},"geometry":{"type":"LineString","coordinates":[[9.1917519,46.4476517],[9.1917932,46.4474433],[9.1918351,46.4471527],[9.1918569,46.4469085],[9.1918659,46.4464005],[9.1918632,46.4461668]]}},{"type":"Feature","properties":{"carriage_ref":"B","change:lanes:backward":"no","change:lanes:forward":"no","highway":"trunk","int_ref":"E 43","lanes":"2","maxspeed":"80","mindistance:hgv":"150","motorroad":"yes","oneway":"no","overtaking":"no","ref":"A13","shoulder:left":"yes","shoulder:right":"yes","source:maxspeed":"sign","surface":"asphalt","toll":"yes"},"geometry":{"type":"LineString","coordinates":[[9.32809636341,46.55306178249],[9.32833466341,46.5532681827],[9.32857006341,46.55348968292],[9.32888256341,46.55378708322],[9.32915576341,46.55403178346],[9.32942786341,46.55424568368],[9.32970256341,46.55443018386],[9.32997376341,46.55458328402]]}},{"type":"Feature","properties":{"carriage_ref":"A","destination:colour:lanes":"green|green|blue;blue","destination:country:lanes":"||FL","destination:lanes":"Haag|Haag|Sennwald;RuggelL","highway":"motorway","int_ref":"E 43","lanes":"3","maxspeed":"120","oneway":"yes","placement":"right_of:1","ref":"A13","surface":"asphalt","toll":"yes","turn:lanes":"none|none|slight_right"},"geometry":{"type":"LineString","coordinates":[[9.5174015,47.2438487],[9.5170215,47.2431832],[9.5168838,47.2429503]]}},{"type":"Feature","properties":{"bridge":"yes","carriage_ref":"A","change:lanes:backward":"no","change:lanes:forward":"no","highway":"trunk","int_ref":"E 43","lanes":"2","layer":"1","maxspeed":"100","mindistance:hgv":"150","motorroad":"yes","oneway":"no","overtaking":"no","ref":"A13","shoulder":"none","source:maxspeed":"sign","surface":"asphalt","toll":"yes"},"geometry":{"type":"LineString","coordinates":[[9.1904213,46.4560925],[9.1902056,46.4554566],[9.1901487,46.4552064],[9.1901078,46.454967]]}},{"type":"Feature","properties":{"carriage_ref":"A","highway":"motorway","int_ref":"E 43","lanes":"2","maxspeed":"120","oneway":"yes","ref":"A13","shoulder":"none","source:maxspeed":"CH:motorway","surface":"asphalt","toll":"yes"},"geometry":{"type":"LineString","coordinates":[[9.1780546,46.2797007],[9.177449,46.2790502],[9.1768981,46.2784784],[9.1765855,46.2781127],[9.1762678,46.277684],[9.1760462,46.2773131],[9.1758597,46.2769015],[9.1757244,46.2764845],[9.175658,46.2761437],[9.1756035,46.2756888],[9.175593,46.2752034],[9.1756109,46.2745615],[9.175576,46.273907],[9.1754884,46.2733736],[9.175357,46.2729318],[9.1751102,46.2722695],[9.1748527,46.2717365],[9.1746064,46.2713405],[9.1743726,46.2709967],[9.174119,46.2707109],[9.1738173,46.2704126],[9.1735308,46.2701817],[9.1732112,46.269964],[9.172871,46.2697571],[9.1722375,46.2694374],[9.1715781,46.2691359],[9.1708928,46.2688243],[9.1704919,46.2686001],[9.1700247,46.2682897],[9.1696526,46.2680008]]}},{"type":"Feature","properties":{"carriage_ref":"B","highway":"motorway","int_ref":"E 43","lanes":"2","maxspeed":"120","oneway":"yes","ref":"A13","shoulder:right":"yes","source:maxspeed":"CH:motorway","surface":"asphalt","toll":"yes"},"geometry":{"type":"LineString","coordinates":[[9.1413411,46.2400639],[9.1416335,46.2404553]]}},{"type":"Feature","properties":{"bridge":"yes","carriage_ref":"B","change:lanes:backward":"no","change:lanes:forward":"no","highway":"trunk","incline":"8%","int_ref":"E 43","lanes":"2","layer":"1","maxspeed":"100","mindistance:hgv":"150","motorroad":"yes","oneway":"no","overtaking":"no","ref":"A13","shoulder":"none","source:incline":"signpost","source:maxspeed":"sign","surface":"asphalt","toll":"yes"},"geometry":{"type":"LineString","coordinates":[[9.23069536341,46.40524003472],[9.23090336341,46.40549973498],[9.23107506341,46.40575493524],[9.23116356341,46.40595653544]]}},{"type":"Feature","properties":{"carriage_ref":"A","highway":"motorway","int_ref":"E 43","lanes":"2","maxspeed":"120","oneway":"yes","ref":"A13","shoulder:right":"yes","source:maxspeed":"CH:motorway","surface":"asphalt","toll":"yes"},"geometry":{"type":"LineString","coordinates":[[9.0442321,46.2214503],[9.0435939,46.2213961],[9.0428077,46.2212996]]}},{"type":"Feature","properties":{"carriage_ref":"B","change:lanes:backward":"no","change:lanes:forward":"no","destination:backward":"San Bernardino;Rofla","highway":"trunk","int_ref":"E 43","lanes":"2","maxspeed":"100","mindistance:hgv":"150","motorroad":"yes","oneway":"no","overtaking":"no","ref":"A13","shoulder:left":"yes","shoulder:right":"yes","source:maxspeed":"sign","surface":"asphalt","toll":"yes"},"geometry":{"type":"LineString","coordinates":[[9.44414846341,46.64275217233],[9.44458486341,46.64293237251]]}},{"type":"Feature","properties":{"bridge":"yes","carriage_ref":"A","destination:lanes":"Lugano;Locarno;Bellinzona Sud|San Gottardo;Airolo","highway":"motorway","int_ref":"E 43","lanes":"2","last":"true","layer":"1","maxspeed:lanes":"120|100","oneway":"yes","ref":"A13","shoulder:right":"yes","source:maxspeed":"CH:motorway","surface":"asphalt","toll":"yes"},"geometry":{"type":"LineString","coordinates":[[9.0428077,46.2212996],[9.0426782,46.2212832],[9.0421094,46.2211969]]}},{"type":"Feature","properties":{"bridge":"yes","carriage_ref":"A","highway":"trunk","incline":"-8%","int_ref":"E 43","lanes":"2","layer":"1","maxspeed":"100","mindistance:hgv":"150","motorroad":"yes","oneway":"no","ref":"A13","shoulder":"none","source:incline":"signpost","source:maxspeed":"sign","surface":"asphalt","toll":"yes"},"geometry":{"type":"LineString","coordinates":[[9.2334656,46.4100002],[9.2332188,46.4100409],[9.2329505,46.4100654]]}},{"type":"Feature","properties":{"carriage_ref":"B","change:lanes:backward":"no","change:lanes:forward":"not_left|not_right","highway":"trunk","incline":"8%","int_ref":"E 43","lanes":"3","lanes:forward":"2","maxspeed":"100","mindistance:hgv":"150","motorroad":"yes","oneway":"no","overtaking:backward":"no","overtaking:hgv:forward":"no","placement:forward":"middle_of:1","ref":"A13","shoulder":"none","source:incline":"signpost","source:maxspeed":"sign","surface":"asphalt","toll":"yes"},"geometry":{"type":"LineString","coordinates":[[9.19994936341,46.43317196262],[9.19915776341,46.43334776279],[9.19843276341,46.43354066299],[9.19783906341,46.43376846321],[9.19740236341,46.43398636343],[9.19717596341,46.43412216357],[9.19701616341,46.43424436369],[9.19684236341,46.43438936383],[9.19658716341,46.43464036409],[9.19642626341,46.4348550643],[9.19619976341,46.43520986465],[9.19597706341,46.43567856512],[9.19580846341,46.43595096539],[9.19563956341,46.43614146558],[9.19540486341,46.43635146579],[9.19512226341,46.43654936599],[9.19485416341,46.43670156614],[9.19447696341,46.43689176633],[9.19412746341,46.4370598665],[9.19380136341,46.4372613667],[9.19346126341,46.43753656698],[9.19325666341,46.43779866724],[9.19312716341,46.43801696746],[9.19303026341,46.43827336771],[9.19297286341,46.43849046793],[9.19292836341,46.43878956823],[9.19288406341,46.43921746866],[9.19280816341,46.43943326887],[9.19270686341,46.43962676907],[9.19252506341,46.4398614693],[9.19224676341,46.44015226959],[9.19204486341,46.44034946979],[9.19193496341,46.44048256992],[9.19186116341,46.44065347009],[9.19181926341,46.44082177026],[9.19183226341,46.44099457043],[9.19187326341,46.44113707058],[9.19192556341,46.4412607707],[9.19205806341,46.4414670709],[9.19218046341,46.44166917111],[9.19227906341,46.44181877126],[9.19235206341,46.44199727143],[9.19240996341,46.4421635716],[9.19243576341,46.44233837178],[9.19244596341,46.44252317196],[9.19242856341,46.44269297213],[9.19236416341,46.44289617233],[9.19223456341,46.44317237261],[9.19207006341,46.44351187295]]}},{"type":"Feature","properties":{"carriage_ref":"A","destination":"Sevelen","highway":"motorway","int_ref":"E 43","lanes":"2","maxspeed":"120","oneway":"yes","ref":"A13","surface":"asphalt","toll":"yes"},"geometry":{"type":"LineString","coordinates":[[9.4854524,47.1736438],[9.4855312,47.1733114],[9.4855978,47.1730584],[9.4862257,47.1709183],[9.4869307,47.1688337],[9.4873856,47.1676375],[9.4877898,47.1666089],[9.4884418,47.1650777],[9.4886712,47.1645495]]}},{"type":"Feature","properties":{"carriage_ref":"A","highway":"trunk","int_ref":"E 43","lanes":"1","maxspeed":"80","mindistance:hgv":"150","motorroad":"yes","oneway":"yes","ref":"A13","shoulder:right":"yes","source:maxspeed":"sign","surface":"asphalt","toll":"yes"},"geometry":{"type":"LineString","coordinates":[[9.2271754,46.3648505],[9.2271303,46.3645733],[9.2270712,46.3642836],[9.2270002,46.3640208],[9.2269093,46.3637347]]}},{"type":"Feature","properties":{"carriage_ref":"B","destination":"Kriessern","highway":"motorway","int_ref":"E 43","lanes":"3","maxspeed":"120","oneway":"yes","placement":"right_of:1","ref":"A13","shoulder:right":"yes","source:maxspeed":"CH:motorway","surface":"asphalt","toll":"yes","turn:lanes":"none|none|merge_to_left"},"geometry":{"type":"LineString","coordinates":[[9.573867,47.3102321],[9.5750185,47.310752]]}},{"type":"Feature","properties":{"carriage_ref":"B","highway":"trunk","int_ref":"E 43","lanes":"2","motorroad":"yes","oneway":"yes","placement":"middle_of:1","ref":"A13","surface":"asphalt","toll":"yes","turn:lanes":"|slight_right"},"geometry":{"type":"LineString","coordinates":[[9.1397104,46.2370418],[9.1402457,46.2380977]]}},{"type":"Feature","properties":{"carriage_ref":"A","change:lanes:backward":"not_left|not_right","change:lanes:forward":"no","highway":"trunk","int_ref":"E 43","lanes":"3","lanes:backward":"2","lanes:forward":"1","maxspeed":"80","mindistance:hgv":"150","motorroad":"yes","oneway":"no","overtaking":"no","ref":"A13","shoulder":"none","source:maxspeed":"sign","surface":"asphalt","toll":"yes","turn:lanes:backward":"none|merge_to_left"},"geometry":{"type":"LineString","coordinates":[[9.1937991,46.5300135],[9.1935477,46.5299301],[9.1933267,46.5298414]]}},{"type":"Feature","properties":{"bridge":"yes","carriage_ref":"B","highway":"motorway","int_ref":"E 43","lanes":"2","layer":"1","maxspeed":"120","oneway":"yes","ref":"A13","shoulder:right":"yes","source:maxspeed":"CH:motorway","surface":"asphalt","toll":"yes"},"geometry":{"type":"LineString","coordinates":[[9.501516,47.0147993],[9.5013402,47.014819]]}},{"type":"Feature","properties":{"carriage_ref":"B","highway":"trunk","int_ref":"E 43","lanes":"3","maxspeed":"100","maxwidth:lanes":"2||","mindistance:hgv":"150","motorroad":"yes","oneway":"yes","placement":"right_of:1","ref":"A13","shoulder":"none","source:maxspeed":"sign","surface":"asphalt","toll":"yes","turn:lanes":"||slight_right"},"geometry":{"type":"LineString","coordinates":[[9.44772646341,46.71143814121],[9.44753676341,46.71171094149],[9.44733671003,46.7120111854],[9.44683906341,46.71264604242]]}},{"type":"Feature","properties":{"avz":"539","carriage_ref":"A","change:lanes:backward":"no","change:lanes:forward":"no","cs_dir:forward":"1","destination:backward":"Chur;Medels","destination:forward":"San Bernardino;Hinterrhein","highway":"trunk","int_ref":"E 43","lanes":"2","maxspeed":"80","mindistance:hgv":"150","motorroad":"yes","oneway":"no","overtaking":"no","ref":"A13","source:maxspeed":"sign","surface":"asphalt","toll":"yes"},"geometry":{"type":"LineString","coordinates":[[9.2459076,46.5385199],[9.24563013794,46.53849297298],[9.2455418,46.5384844],[9.2452171,46.538467],[9.2448677,46.538463],[9.2443862,46.538473],[9.2435081,46.5385099],[9.2430706,46.538523],[9.2427444,46.538524],[9.2424604,46.5385202],[9.2421564,46.5385018],[9.2418896,46.5384784],[9.2416009,46.538444]]}},{"type":"Feature","properties":{"bridge":"yes","carriage_ref":"B","highway":"motorway","int_ref":"E 43","lanes":"2","layer":"1","maxspeed":"120","oneway":"yes","ref":"A13","shoulder":"none","source:maxspeed":"CH:motorway","surface":"asphalt","toll":"yes"},"geometry":{"type":"LineString","coordinates":[[9.1781923,46.2796502],[9.1783648,46.2798558]]}},{"type":"Feature","properties":{"bridge":"yes","carriage_ref":"B","change:lanes:backward":"not_left|no","change:lanes:forward":"no","destination:lanes:backward":"San Bernardino;Medels|Splügen;Splügenpass","highway":"trunk","int_ref":"E 43","lanes":"3","lanes:forward":"1","layer":"1","maxspeed":"80","mindistance:hgv":"150","motorroad":"yes","oneway":"no","overtaking":"no","placement:forward":"left_of:1","ref":"A13","shoulder":"none","source:maxspeed":"sign","surface":"asphalt","toll":"yes","turn:lanes:backward":"|slight_right"},"geometry":{"type":"LineString","coordinates":[[9.32069706341,46.55079518022],[9.32107486341,46.55089818033]]}},{"type":"Feature","properties":{"avz":"539","carriage_ref":"B","change:lanes:backward":"no","change:lanes:forward":"no","cs_dir:backward":"1","highway":"trunk","int_ref":"E 43","lanes":"2","maxspeed":"80","mindistance:hgv":"150","motorroad":"yes","oneway":"no","overtaking":"no","ref":"A13","shoulder":"none","source:maxspeed":"sign","surface":"asphalt","toll":"yes"},"geometry":{"type":"LineString","coordinates":[[9.23170886341,46.53862676805],[9.23221776341,46.53855146797],[9.23245916341,46.53850826793],[9.23282126341,46.53843356785],[9.23322356341,46.53835516777],[9.23421106341,46.53815496757],[9.23474286341,46.53806766749],[9.23520166341,46.53800736743],[9.23561346341,46.53796106738],[9.23605086341,46.53792686735],[9.23655216341,46.53789856732],[9.23706366341,46.5378854673],[9.23771006341,46.53788576731],[9.23833146341,46.53791996734],[9.23883606341,46.53795916738]]}},{"type":"Feature","properties":{"carriage_ref":"A","highway":"motorway","int_ref":"E 43","lanes":"1","lit":"yes","maxspeed":"120","oneway":"yes","ref":"A13","shoulder":"none","source:maxspeed":"CH:motorway","surface":"asphalt","toll":"yes"},"geometry":{"type":"LineString","coordinates":[[9.0457821,46.2215504],[9.0451918,46.2215055],[9.0448862,46.2214892],[9.044691,46.2214807]]}},{"type":"Feature","properties":{"carriage_ref":"A","change:lanes:backward":"no","change:lanes:forward":"no","highway":"trunk","int_ref":"E 43","lanes":"2","maxspeed":"100","mindistance:hgv":"150","motorroad":"yes","oneway":"no","ref":"A13","shoulder":"none","source:maxspeed":"sign","surface":"asphalt","toll":"yes"},"geometry":{"type":"LineString","coordinates":[[9.190553,46.4500098],[9.1906204,46.4498233],[9.1907206,46.4496288],[9.1908735,46.4493408]]}},{"type":"Feature","properties":{"bridge":"yes","carriage_ref":"A","change:lanes:backward":"no","change:lanes:forward":"no","highway":"trunk","int_ref":"E 43","lanes":"2","layer":"1","maxspeed":"80","mindistance:hgv":"150","motorroad":"yes","oneway":"no","ref":"A13","shoulder":"none","source:maxspeed":"sign","surface":"asphalt","toll":"yes"},"geometry":{"type":"LineString","coordinates":[[9.4271685,46.5785561],[9.4269375,46.5784949]]}},{"type":"Feature","properties":{"carriage_ref":"B","destination":"Maienfeld","highway":"motorway","int_ref":"E 43","lanes":"3","maxspeed":"120","oneway":"yes","placement":"right_of:1","ref":"A13","shoulder:right":"yes","source:maxspeed":"CH:motorway","surface":"asphalt","toll":"yes","turn:lanes":"none|none|merge_to_left"},"geometry":{"type":"LineString","coordinates":[[9.5513332,46.9737452],[9.5510538,46.9742411],[9.5506507,46.9748759],[9.5503587,46.9752919],[9.5498295,46.9759638]]}},{"type":"Feature","properties":{"carriage_ref":"A","change:lanes:backward":"no","change:lanes:forward":"no","highway":"trunk","incline":"8%","int_ref":"E 43","lanes":"2","maxspeed":"100","mindistance:hgv":"150","motorroad":"yes","oneway":"no","ref":"A13","shoulder:left":"yes","shoulder:right":"yes","source:incline":"signpost","source:maxspeed":"sign","surface":"asphalt","toll":"yes"},"geometry":{"type":"LineString","coordinates":[[9.4311361,46.6002396],[9.4311494,46.6000237],[9.4311481,46.599822],[9.4311225,46.599593],[9.4310734,46.5993804],[9.431018,46.5992083]]}},{"type":"Feature","properties":{"carriage_ref":"B","change:lanes:backward":"no|not_right","change:lanes:forward":"not_left|not_right","highway":"trunk","int_ref":"E 43","lanes":"4","lanes:forward":"2","maxspeed":"80","mindistance:hgv":"150","motorroad":"yes","oneway":"no","overtaking":"no","ref":"A13","shoulder":"none","source:maxspeed":"sign","surface":"asphalt","toll":"yes","turn:lanes:backward":"|merge_to_left","turn:lanes:forward":"|slight_right"},"geometry":{"type":"LineString","coordinates":[[9.31828716341,46.54989167932],[9.31885976341,46.55014997958]]}},{"type":"Feature","properties":{"carriage_ref":"A","change:lanes:backward":"no","change:lanes:forward":"no","highway":"trunk","incline":"-8%","int_ref":"E 43","lanes":"2","maxspeed":"80","mindistance:hgv":"150","motorroad":"yes","oneway":"no","overtaking":"no","ref":"A13","shoulder":"none","source:incline":"signpost","source:maxspeed":"sign","surface":"asphalt","toll":"yes"},"geometry":{"type":"LineString","coordinates":[[9.2064113,46.4341614],[9.2067942,46.434354],[9.2073995,46.4346772],[9.2077169,46.4348349],[9.2079771,46.4349482],[9.2083603,46.4350883],[9.2087885,46.4352202],[9.209085,46.4352885],[9.2095356,46.4354013],[9.2097556,46.435474],[9.2099499,46.4355685],[9.2101237,46.4356887],[9.2102796,46.4358451],[9.210392,46.436022],[9.2104405,46.436187],[9.2104464,46.4363732],[9.2104213,46.4365502],[9.2103023,46.4368836],[9.2100759,46.4373677]]}},{"type":"Feature","properties":{"carriage_ref":"A","change:lanes:backward":"no","change:lanes:forward":"no","hazmat:E":"no","highway":"trunk","int_ref":"E 43","lanes":"2","maxspeed":"80","mindistance:hgv":"150","motorroad":"yes","oneway":"no","overtaking":"no","ref":"A13","shoulder:left":"yes","shoulder:right":"yes","source:maxspeed":"sign","surface":"asphalt","toll":"yes"},"geometry":{"type":"LineString","coordinates":[[9.1869216,46.5243849],[9.1866445,46.524043],[9.1865466,46.5239148]]}},{"type":"Feature","properties":{"bridge":"yes","carriage_ref":"B","change:lanes:backward":"no","change:lanes:forward":"no","highway":"trunk","int_ref":"E 43","lanes":"2","layer":"1","maxspeed":"80","mindistance:hgv":"150","motorroad":"yes","oneway":"no","overtaking":"no","ref":"A13","shoulder":"none","source:maxspeed":"sign","surface":"asphalt","toll":"yes"},"geometry":{"type":"LineString","coordinates":[[9.41641976341,46.57530820476],[9.41656726341,46.57553130499],[9.41670946341,46.57570100516],[9.41711446341,46.57610100556],[9.41736386341,46.57638680584],[9.41753426341,46.57660990607]]}},{"type":"Feature","properties":{"avz":"320","carriage_ref":"B","cs_dir:forward":"2","highway":"motorway","int_ref":"E 43","lanes":"2","maxspeed":"120","oneway":"yes","ref":"A13","shoulder:right":"yes","source:maxspeed":"sign","surface":"asphalt","toll":"yes"},"geometry":{"type":"LineString","coordinates":[[9.5362269,46.8840171],[9.5372512,46.8854126],[9.537921,46.8863998],[9.5383561,46.8870743]]}},{"type":"Feature","properties":{"carriage_ref":"A","first":"true","highway":"motorway","int_ref":"E 60","lanes":"3","maxspeed":"120","oneway":"yes","placement":"right_of:1","ref":"A1","surface":"asphalt","toll":"yes","turn:lanes":"||slight_right"},"geometry":{"type":"LineString","coordinates":[[9.6490723,47.4542419],[9.6497938,47.4539415],[9.6502543,47.4537156],[9.6506897,47.4534792],[9.6511496,47.4531958],[9.6513664,47.4530541]]}},{"type":"Feature","properties":{"carriage_ref":"B","highway":"motorway","int_ref":"E 43","lanes":"2","maxspeed":"120","oneway":"yes","ref":"A13","source:maxspeed":"sign","start_date":"2017","surface":"asphalt","toll":"yes"},"geometry":{"type":"LineString","coordinates":[[9.5564243,46.9105555],[9.5575259,46.911408],[9.5582444,46.9119996],[9.5589572,46.9126682],[9.5595852,46.9133601]]}},{"type":"Feature","properties":{"carriage_ref":"A","highway":"motorway","int_ref":"E 43","lanes":"2","maxspeed":"120","oneway":"yes","ref":"A13","surface":"asphalt","toll":"yes"},"geometry":{"type":"LineString","coordinates":[[9.6450469,47.3943453],[9.6448898,47.3939761],[9.6445458,47.3931939],[9.6442367,47.3925293]]}},{"type":"Feature","properties":{"carriage_ref":"A","change:lanes:backward":"no","change:lanes:forward":"no","highway":"trunk","incline":"-8%","int_ref":"E 43","lanes":"2","maxspeed":"80","mindistance:hgv":"150","motorroad":"yes","oneway":"no","overtaking":"no","ref":"A13","shoulder":"none","source:incline":"signpost","source:maxspeed":"sign","surface":"asphalt","toll":"yes"},"geometry":{"type":"LineString","coordinates":[[9.2099506,46.4377208],[9.209925,46.4378051],[9.2098979,46.4379598]]}},{"type":"Feature","properties":{"bridge":"yes","carriage_ref":"A","change:lanes:backward":"not_left|not_right","change:lanes:forward":"no","highway":"trunk","int_ref":"E 43","lanes":"3","lanes:backward":"2","layer":"1","maxspeed":"80","mindistance:hgv":"150","motorroad":"yes","oneway":"no","overtaking":"no","placement:backward":"left_of:1","ref":"A13","source:maxspeed":"sign","surface":"asphalt","toll":"yes","turn:lanes:backward":"|merge_to_left"},"geometry":{"type":"LineString","coordinates":[[9.2477037,46.5387639],[9.2474627,46.5387471]]}},{"type":"Feature","properties":{"carriage_ref":"A","change:lanes:backward":"no","change:lanes:forward":"no","hazard":"curve","highway":"trunk","incline":"-8%","int_ref":"E 43","lanes":"2","maxspeed:backward":"100","maxspeed:forward":"80","mindistance:hgv":"150","motorroad":"yes","oneway":"no","overtaking":"no","ref":"A13","shoulder":"none","source:incline":"signpost","source:maxspeed":"sign","surface":"asphalt","toll":"yes"},"geometry":{"type":"LineString","coordinates":[[9.2316011,46.4212141],[9.2316543,46.4211009],[9.2317652,46.4209104],[9.2319114,46.4207324],[9.2320431,46.4206036],[9.232378,46.4203532],[9.2325698,46.4201968],[9.2326811,46.4200833],[9.23274,46.4199734],[9.2327597,46.4198461]]}},{"type":"Feature","properties":{"carriage_ref":"B","change:lanes:backward":"not_left|not_right","change:lanes:forward":"no","highway":"trunk","int_ref":"E 43","lanes":"3","lanes:backward":"2","lanes:forward":"1","maxspeed":"80","mindistance:hgv":"150","motorroad":"yes","oneway":"no","overtaking:forward":"no","placement:backward":"middle_of:1","ref":"A13","shoulder":"none","source:maxspeed":"sign","surface":"asphalt","toll":"yes","turn:lanes:backward":"merge_to_right|none"},"geometry":{"type":"LineString","coordinates":[[9.24917296341,46.53864776807],[9.24977676341,46.53860696803],[9.25008676341,46.53860016802],[9.25041006341,46.53861616804],[9.25067666341,46.53864116806],[9.25097386341,46.5386824681],[9.25131876341,46.53875146817]]}},{"type":"Feature","properties":{"avz":"25","carriage_ref":"B","highway":"motorway","int_ref":"E 43","lanes":"2","maxspeed":"120","oneway":"yes","ref":"A13","shoulder:right":"yes","source:maxspeed":"CH:motorway","ssvz":"83N","surface":"asphalt","toll":"yes"},"geometry":{"type":"LineString","coordinates":[[9.5064993,47.0143261],[9.5057165,47.0144411],[9.5052364,47.0145033],[9.5049302,47.0145338],[9.501516,47.0147993]]}},{"type":"Feature","properties":{"carriage_ref":"B","change:lanes:backward":"no","change:lanes:forward":"no","highway":"trunk","int_ref":"E 43","lanes":"2","maxspeed":"80","mindistance:hgv":"150","motorroad":"yes","oneway":"no","overtaking":"no","ref":"A13","source:maxspeed":"sign","surface":"asphalt","toll":"yes"},"geometry":{"type":"LineString","coordinates":[[9.25758606341,46.53950196892],[9.25791416341,46.53955946898],[9.25822846341,46.53962546905],[9.25854946341,46.53970916913],[9.25880776341,46.5397840692]]}},{"type":"Feature","properties":{"carriage_ref":"A","destination":"Chiasso;San Bernardino;Chur;Bad Ragaz","destination:country":"I;;;","destination:int_ref":"E 43","highway":"motorway","int_ref":"E 43","lanes":"1","maxspeed":"120","oneway":"yes","ref":"A13","surface":"asphalt","toll":"yes"},"geometry":{"type":"LineString","coordinates":[[9.4650773,47.0348157],[9.4654787,47.0344744],[9.4655816,47.0343672]]}},{"type":"Feature","properties":{"carriage_ref":"B","highway":"motorway","int_ref":"E 43","lanes":"2","maxspeed":"80","oneway":"yes","ref":"A13","shoulder:right":"yes","source:maxspeed":"sign","surface":"asphalt","toll":"yes"},"geometry":{"type":"LineString","coordinates":[[9.1065582,46.2317875],[9.1069173,46.2317474],[9.107308,46.2316908],[9.1077117,46.2316244]]}},{"type":"Feature","properties":{"carriage_ref":"A","highway":"motorway","int_ref":"E 43","lanes":"2","maxspeed":"120","note":"Überholverbot für LKW 800 m ab Schil.t","oneway":"yes","overtaking:hgv":"no","ref":"A13","surface":"asphalt","toll":"yes"},"geometry":{"type":"LineString","coordinates":[[9.591757,47.3337294],[9.5912563,47.3324462]]}},{"type":"Feature","properties":{"carriage_ref":"B","change:lanes:backward":"no","change:lanes:forward":"no","destination:forward":"Chur;Rofla","highway":"trunk","int_ref":"E 43","lanes":"2","maxspeed":"80","mindistance:hgv":"150","motorroad":"yes","oneway":"no","overtaking":"no","ref":"A13","shoulder":"none","source:maxspeed":"sign","surface":"asphalt","toll":"yes"},"geometry":{"type":"LineString","coordinates":[[9.36671046341,46.56806089751],[9.36691156341,46.5681546976],[9.36710696341,46.5682546977],[9.36729646341,46.56836699781],[9.36751466341,46.56850869795],[9.36775726341,46.56868429813],[9.36828616341,46.56911929857],[9.36863166341,46.56938049883],[9.36890396341,46.56957479902],[9.36914336341,46.56972369917],[9.36943936341,46.56989639934]]}},{"type":"Feature","properties":{"bridge":"yes","carriage_ref":"A","destination":"San Gottardo;Lugano;Bellinzona Sud","highway":"motorway","int_ref":"E 43","layer":"1","maxspeed":"100","oneway":"yes","ref":"A13","shoulder":"none","source:maxspeed":"sign","surface":"asphalt","toll":"yes"},"geometry":{"type":"LineString","coordinates":[[9.0476019,46.221719],[9.0474102,46.2216803],[9.0470829,46.221647]]}},{"type":"Feature","properties":{"carriage_ref":"B","highway":"motorway","int_ref":"E 43","lanes":"2","maxspeed":"80","oneway":"yes","ref":"A13","shoulder:right":"yes","source:maxspeed":"sign","surface":"asphalt","toll":"yes","turn:lanes":"merge_to_right|none"},"geometry":{"type":"LineString","coordinates":[[9.1089267,46.2314036],[9.1099566,46.2311976]]}},{"type":"Feature","properties":{"carriage_ref":"A","highway":"motorway","int_ref":"E 43","lanes":"2","maxspeed":"120","oneway":"yes","ref":"A13","surface":"asphalt","toll":"yes"},"geometry":{"type":"LineString","coordinates":[[9.6483135,47.4043366],[9.6482817,47.4040086],[9.6482104,47.4034963],[9.6481109,47.4029948],[9.6479683,47.4023664],[9.6477555,47.4016582],[9.6474375,47.4007127],[9.6470588,47.3996739],[9.6463765,47.3977787],[9.646103,47.3970508],[9.6456525,47.3958449]]}},{"type":"Feature","properties":{"bridge":"yes","carriage_ref":"A","highway":"trunk","incline":"-8%","int_ref":"E 43","lanes":"2","layer":"1","maxspeed:backward":"80","maxspeed:forward":"100","mindistance:hgv":"150","motorroad":"yes","oneway":"no","ref":"A13","shoulder":"none","source:incline":"signpost","source:maxspeed":"sign","surface":"asphalt","toll":"yes"},"geometry":{"type":"LineString","coordinates":[[9.2300421,46.3924591],[9.230289,46.3918692]]}},{"type":"Feature","properties":{"carriage_ref":"B","highway":"trunk","incline":"8%","int_ref":"E 43","lanes":"2","maxspeed":"100","mindistance:hgv":"150","motorroad":"yes","oneway":"no","ref":"A13","shoulder":"none","source:incline":"signpost","source:maxspeed":"sign","surface":"asphalt","toll":"yes"},"geometry":{"type":"LineString","coordinates":[[9.23411936341,46.41318574266],[9.23375996341,46.41324124271],[9.23340856341,46.41325974273],[9.23309766341,46.41324554272],[9.23274476341,46.41319994267],[9.23241616341,46.41313964261],[9.23208496341,46.41305754253],[9.23159406341,46.41291514239],[9.23115287875,46.41272346557]]}},{"type":"Feature","properties":{"carriage_ref":"A","highway":"trunk","int_ref":"E 43","lanes":"2","maxspeed":"100","mindistance:hgv":"150","motorroad":"yes","oneway":"no","ref":"A13","shoulder:left":"yes","shoulder:right":"yes","source:maxspeed":"sign","surface":"asphalt","toll":"yes"},"geometry":{"type":"LineString","coordinates":[[9.4408862,46.6400865],[9.4408366,46.6398867],[9.4407924,46.6396231],[9.4407427,46.63886],[9.4407076,46.638549],[9.4406408,46.6381896],[9.44048644907,46.6378647],[9.44036718466,46.6376307],[9.44017171349,46.63729134986],[9.43990591349,46.63693278331],[9.4395384,46.6364742],[9.4392353,46.6361436],[9.4390006,46.6358667],[9.4388008,46.6355957],[9.4386278,46.6353024],[9.4384816,46.6349972],[9.4383703,46.634711],[9.4382805,46.6343783],[9.4382335,46.6340729],[9.4382107,46.6338055],[9.4382027,46.6336225]]}},{"type":"Feature","properties":{"carriage_ref":"A","change:lanes:backward":"no","change:lanes:forward":"not_left|not_right","highway":"trunk","int_ref":"E 43","lanes":"3","lanes:forward":"2","maxspeed":"80","mindistance:hgv":"150","motorroad":"yes","oneway":"no","overtaking":"no","placement:backward":"left_of:1","ref":"A13","shoulder":"none","source:maxspeed":"sign","surface":"asphalt","toll":"yes","turn:lanes:forward":"|slight_right"},"geometry":{"type":"LineString","coordinates":[[9.3721439,46.5708101],[9.3717934,46.5707504]]}},{"type":"Feature","properties":{"carriage_ref":"A","highway":"trunk","int_ref":"E 43","lanes":"2","maxspeed":"100","maxwidth:lanes":"2|","mindistance:hgv":"150","motorroad":"yes","oneway":"yes","ref":"A13","shoulder":"none","source:maxspeed":"sign","surface":"asphalt","toll":"yes"},"geometry":{"type":"LineString","coordinates":[[9.4237346,46.76059555023],[9.4239707,46.7601465],[9.424936,46.7581991],[9.4255158,46.7571032]]}},{"type":"Feature","properties":{"carriage_ref":"A","change:lanes:backward":"not_left|not_right","change:lanes:forward":"not_left|not_right","highway":"trunk","int_ref":"E 43","lanes":"4","lanes:forward":"2","maxspeed":"100","mindistance:hgv":"150","motorroad":"yes","oneway":"no","ref":"A13","shoulder:left":"yes","shoulder:right":"yes","source:maxspeed":"sign","surface":"asphalt","toll":"yes","turn:lanes:forward":"merge_to_right|"},"geometry":{"type":"LineString","coordinates":[[9.433832,46.6091802],[9.4337726,46.6090062],[9.433651,46.608702],[9.4335018,46.6084387],[9.4333011,46.6081585]]}},{"type":"Feature","properties":{"carriage_ref":"A","highway":"motorway","int_ref":"E 43","lanes":"2","maxspeed":"120","oneway":"yes","ref":"A13","surface":"asphalt","toll":"yes"},"geometry":{"type":"LineString","coordinates":[[9.6167608,47.363845],[9.6136629,47.3617352]]}},{"type":"Feature","properties":{"carriage_ref":"B","highway":"trunk","incline":"8%","int_ref":"E 43","lanes":"3","lanes:forward":"2","maxspeed:backward":"100","maxspeed:forward":"80","mindistance:hgv":"150","motorroad":"yes","placement:forward":"left_of:1","ref":"A13","shoulder":"none","source:incline":"signpost","surface":"asphalt","toll":"yes","turn:lanes:forward":"|merge_to_left"},"geometry":{"type":"LineString","coordinates":[[9.22929026341,46.39943852893],[9.22932226341,46.39974132923]]}},{"type":"Feature","properties":{"avz":"25","carriage_ref":"A","highway":"motorway","int_ref":"E 43","lanes":"2","maxspeed":"120","oneway":"yes","ref":"A13","shoulder:right":"yes","source:maxspeed":"CH:motorway","ssvz":"83N","surface":"asphalt","toll":"yes"},"geometry":{"type":"LineString","coordinates":[[9.5014477,47.0147015],[9.5049263,47.014418],[9.5052257,47.0143863],[9.505685,47.0143322],[9.5064678,47.0142218]]}},{"type":"Feature","properties":{"carriage_ref":"B","change:lanes:backward":"no","change:lanes:forward":"not_left|not_right","highway":"trunk","int_ref":"E 43","lanes":"3","lanes:backward":"1","lanes:forward":"2","maxspeed":"80","mindistance:hgv":"150","motorroad":"yes","oneway":"no","overtaking":"no","ref":"A13","shoulder":"none","source:maxspeed":"sign","surface":"asphalt","toll":"yes","turn:lanes:forward":"none|merge_to_left"},"geometry":{"type":"LineString","coordinates":[[9.19336356341,46.5297870592],[9.19358456341,46.52987575929],[9.19383596341,46.52995915937]]}},{"type":"Feature","properties":{"bridge":"yes","carriage_ref":"A","change:lanes:backward":"not_left|not_right","change:lanes:forward":"not_left|not_right","highway":"trunk","int_ref":"E 43","lanes":"4","lanes:backward":"2","layer":"1","maxspeed":"100","mindistance:hgv":"150","motorroad":"yes","oneway":"no","ref":"A13","shoulder:left":"yes","shoulder:right":"yes","source:maxspeed":"sign","surface":"asphalt","toll":"yes","turn:lanes:backward":"merge_to_right|"},"geometry":{"type":"LineString","coordinates":[[9.4345146,46.6236067],[9.4344704,46.6232614],[9.434433,46.6230323]]}},{"type":"Feature","properties":{"carriage_ref":"B","change:lanes":"not_left|not_right|yes","destination":"Wildnau","highway":"motorway","int_ref":"E 43","lanes":"3","maxspeed":"120","oneway":"yes","placement":"right_of:1","ref":"A13","shoulder:right":"yes","source:maxspeed":"CH:motorway","surface":"asphalt","toll":"yes","turn:lanes":"none|none|merge_to_left"},"geometry":{"type":"LineString","coordinates":[[9.6128677,47.361061],[9.6137774,47.3616635]]}},{"type":"Feature","properties":{"carriage_ref":"B","highway":"trunk","int_ref":"E 43","lanes":"2","maxspeed":"100","maxwidth:lanes":"2|","mindistance:hgv":"150","motorroad":"yes","oneway":"yes","ref":"A13","shoulder":"none","source:maxspeed":"sign","surface":"asphalt","toll":"yes","turn:lanes":"merge_to_right|"},"geometry":{"type":"LineString","coordinates":[[9.4180479,46.7771252],[9.4169861,46.7785988]]}},{"type":"Feature","properties":{"avalanche_protector:right":"open","carriage_ref":"A","change:lanes:backward":"no","change:lanes:forward":"no","highway":"trunk","int_ref":"E 43","lanes":"2","maxheight":"default","maxspeed":"80","mindistance:hgv":"150","motorroad":"yes","oneway":"no","ref":"A13","shoulder":"none","source:maxspeed":"sign","surface":"asphalt","toll":"yes","tunnel":"avalanche_protector","tunnel:name":"Wegerhaus"},"geometry":{"type":"LineString","coordinates":[[9.4487534,46.6489232],[9.4485072,46.6484592],[9.4484106,46.6480744],[9.448383,46.6477676],[9.4483729,46.6474187],[9.4483962,46.646991]]}},{"type":"Feature","properties":{"carriage_ref":"B","highway":"motorway","int_ref":"E 43","lanes":"2","maxspeed":"120","oneway":"yes","ref":"A13","shoulder:right":"yes","source:maxspeed":"CH:motorway","surface":"asphalt","toll":"yes"},"geometry":{"type":"LineString","coordinates":[[9.4652377,46.839719],[9.4664297,46.8401564],[9.4695139,46.8412377],[9.4705707,46.8415973],[9.4715149,46.8418835],[9.4723356,46.8421],[9.4731886,46.8422834],[9.4739775,46.8424241],[9.4755975,46.8426516],[9.4777217,46.8429411],[9.4795434,46.8432005],[9.4811055,46.8434433],[9.4825954,46.8437192],[9.4867821,46.844613],[9.4888205,46.8450643],[9.4906958,46.8454422],[9.4915541,46.8456183],[9.4924414,46.8457728],[9.4933802,46.8458939],[9.4942577,46.845971],[9.4947518,46.8460041]]}},{"type":"Feature","properties":{"carriage_ref":"A","change:lanes:backward":"no","change:lanes:forward":"not_left|not_right","highway":"trunk","int_ref":"E 43","lanes":"3","lanes:forward":"2","maxspeed":"100","mindistance:hgv":"150","motorroad":"yes","oneway":"no","overtaking:hgv:forward":"no","placement:forward":"middle_of:1","ref":"A13","shoulder":"none","source:maxspeed":"sign","surface":"asphalt","toll":"yes"},"geometry":{"type":"LineString","coordinates":[[9.4269675,46.5941131],[9.4269374,46.593936],[9.4269404,46.5937559],[9.4269579,46.5935949],[9.4269951,46.5934338],[9.4270556,46.5932883],[9.4271443,46.5931296]]}},{"type":"Feature","properties":{"carriage_ref":"A","destination:int_ref:lanes":"E 43|","destination:lanes":"Italien;San Bernardino;Sankt Moritz;Thusis;Bonaduz|Reichenau;Disentis/Mustér;Flims","destination:ref:lanes":"A13|","highway":"motorway","int_ref":"E 43","lanes":"2","maxspeed":"100","oneway":"yes","ref":"A13","shoulder:right":"yes","source:maxspeed":"sign","surface":"asphalt","toll":"yes","turn:lanes":"|slight_right"},"geometry":{"type":"LineString","coordinates":[[9.4230699,46.8307107],[9.4224258,46.8305479],[9.4217828,46.8303681],[9.4211097,46.8301568],[9.4204113,46.8299204],[9.4195016,46.8295976]]}},{"type":"Feature","properties":{"carriage_ref":"B","highway":"trunk","incline":"8%","int_ref":"E 43","lanes":"2","maxspeed:backward":"100","maxspeed:forward":"80","mindistance:hgv":"150","motorroad":"yes","oneway":"no","ref":"A13","shoulder":"none","source:incline":"signpost","source:maxspeed":"sign","surface":"asphalt","toll":"yes"},"geometry":{"type":"LineString","coordinates":[[9.23098866341,46.38973601925],[9.23082766341,46.39041871993],[9.23063356341,46.39103702055],[9.23048366341,46.39142802094],[9.23032586341,46.39181472132]]}},{"type":"Feature","properties":{"carriage_ref":"B","highway":"trunk","int_ref":"E 43","lanes":"2","maxspeed":"100","maxwidth:lanes":"2|","mindistance:hgv":"150","motorroad":"yes","oneway":"yes","ref":"A13","shoulder":"none","source:maxspeed":"sign","surface":"asphalt","toll":"yes"},"geometry":{"type":"LineString","coordinates":[[9.44052756341,46.72800405784],[9.44058586341,46.7286593585],[9.44062116341,46.72929165913],[9.44058946341,46.72981885966],[9.44055406341,46.73013915998],[9.44051516341,46.73054916039],[9.44041456341,46.73109716094],[9.44027916341,46.73159156144],[9.44010129469,46.73204510824],[9.43998440574,46.73234759413]]}},{"type":"Feature","properties":{"carriage_ref":"A","hazmat:water":"permissive","highway":"motorway","int_ref":"E 43","lanes":"2","maxspeed":"120","oneway":"yes","ref":"A13","surface":"asphalt","toll":"yes"},"geometry":{"type":"LineString","coordinates":[[9.6534151,47.4468138],[9.6533455,47.4466839],[9.6531077,47.4463267]]}},{"type":"Feature","properties":{"carriage_ref":"B","change:lanes:backward":"no","change:lanes:forward":"no","highway":"trunk","int_ref":"E 43","lanes":"2","maxspeed":"80","mindistance:hgv":"150","motorroad":"yes","oneway":"no","ref":"A13","shoulder":"none","source:maxspeed":"sign","surface":"asphalt","toll":"yes"},"geometry":{"type":"LineString","coordinates":[[9.44723136341,46.64462847421],[9.44750096341,46.64492817451],[9.44763936341,46.64509537468],[9.44775626341,46.64524127482]]}},{"type":"Feature","properties":{"carriage_ref":"A","change:lanes:backward":"not_left|not_right","change:lanes:forward":"no|not_right","highway":"trunk","int_ref":"E 43","lanes":"4","lanes:backward":"2","maxspeed":"80","mindistance:hgv":"150","motorroad":"yes","oneway":"no","overtaking":"no","ref":"A13","shoulder":"none","source:maxspeed":"sign","surface":"asphalt","toll":"yes","turn:lanes:backward":"|slight_right","turn:lanes:forward":"|merge_to_left"},"geometry":{"type":"LineString","coordinates":[[9.3188229,46.5502043],[9.3182503,46.549946]]}},{"type":"Feature","properties":{"carriage_ref":"A","change:lanes:backward":"not_left|no","change:lanes:forward":"no","highway":"trunk","int_ref":"E 43","lanes":"3","lanes:backward":"2","maxspeed":"80","mindistance:hgv":"150","motorroad":"yes","oneway":"no","overtaking":"no","placement:backward":"left_of:1","ref":"A13","shoulder":"none","source:maxspeed":"sign","surface":"asphalt","toll":"yes","turn:lanes:backward":"|slight_right"},"geometry":{"type":"LineString","coordinates":[[9.319399,46.5504333],[9.3190728,46.5503078]]}},{"type":"Feature","properties":{"carriage_ref":"B","highway":"motorway","int_ref":"E 43","lanes":"2","maxspeed":"120","oneway":"yes","overtaking:hgv":"no","ref":"A13","shoulder:right":"yes","source:maxspeed":"CH:motorway","surface":"asphalt","toll":"yes"},"geometry":{"type":"LineString","coordinates":[[9.5930091,47.3364229],[9.5934273,47.3374665]]}},{"type":"Feature","properties":{"carriage_ref":"A","change:lanes:forward":"no","highway":"trunk","incline":"8%","int_ref":"E 43","lanes":"2","maxspeed":"100","mindistance:hgv":"150","motorroad":"yes","oneway":"no","ref":"A13","shoulder":"none","source:incline":"signpost","source:maxspeed":"sign","surface":"asphalt","toll":"yes"},"geometry":{"type":"LineString","coordinates":[[9.4278328,46.5952449],[9.427443,46.5948576],[9.4273169,46.5947129],[9.4272322,46.5946005],[9.427148,46.5944844]]}},{"type":"Feature","properties":{"carriage_ref":"A","change:lanes:backward":"no|no","change:lanes:forward":"no|no","destination:lanes:forward":"San Bernardino;Hinterrhein|Nufenen","highway":"trunk","int_ref":"E 43","lanes":"4","lanes:backward":"2","maxspeed":"80","mindistance:hgv":"150","motorroad":"yes","oneway":"no","overtaking":"no","placement:backward":"left_of:1","ref":"A13","source:maxspeed":"sign","surface":"asphalt","toll":"yes","turn:lanes:forward":"|slight_right"},"geometry":{"type":"LineString","coordinates":[[9.2460868,46.5385469],[9.2459076,46.5385199]]}},{"type":"Feature","properties":{"carriage_ref":"B","highway":"trunk","int_ref":"E 43","lanes":"2","maxspeed":"80","maxwidth:lanes":"2|","mindistance:hgv":"150","motorroad":"yes","oneway":"yes","ref":"A13","shoulder":"none","source:maxspeed":"sign","surface":"asphalt","toll":"yes"},"geometry":{"type":"LineString","coordinates":[[9.2255732,46.370048],[9.2253814,46.3702986],[9.2251701,46.3706483],[9.2250425,46.3709324],[9.224932,46.3712952]]}},{"type":"Feature","properties":{"carriage_ref":"A","change:lanes:backward":"no","change:lanes:forward":"no","highway":"trunk","int_ref":"E 43","lanes":"2","maxspeed":"80","mindistance:hgv":"150","motorroad":"yes","oneway":"no","ref":"A13","shoulder":"none","source:maxspeed":"sign","surface":"asphalt","toll":"yes"},"geometry":{"type":"LineString","coordinates":[[9.4481499,46.659487],[9.4482216,46.6593091]]}},{"type":"Feature","properties":{"carriage_ref":"B","destination":"Zürich;St. Margrethen;Chur-Nord","highway":"motorway","int_ref":"E 43","lanes":"2","maxspeed":"120","oneway":"yes","ref":"A13","shoulder:right":"yes","source:maxspeed":"CH:motorway","surface":"asphalt","toll":"yes"},"geometry":{"type":"LineString","coordinates":[[9.5056982,46.8487505],[9.5058426,46.8490064],[9.5060178,46.8494507],[9.5062197,46.8500873]]}},{"type":"Feature","properties":{"carriage_ref":"B","change:lanes:backward":"not_left|not_right","change:lanes:forward":"not_left|not_right","highway":"trunk","int_ref":"E 43","lanes":"4","lanes:backward":"2","maxspeed:backward":"100","maxspeed:forward":"80","mindistance:hgv":"150","motorroad":"yes","oneway":"no","ref":"A13","shoulder:left":"yes","shoulder:right":"no","source:maxspeed":"sign","source:maxspeed:backward":"CH:motorroad","surface":"asphalt","toll":"yes","turn:lanes:backward":"|merge_to_left","turn:lanes:forward":"|slight_right"},"geometry":{"type":"LineString","coordinates":[[9.41640226341,46.82779835809],[9.41651376341,46.82789565819]]}},{"type":"Feature","properties":{"bridge":"yes","carriage_ref":"B","highway":"trunk","int_ref":"E 43","lanes":"1","layer":"1","motorroad":"yes","oneway":"yes","ref":"A13","surface":"asphalt","toll":"yes"},"geometry":{"type":"LineString","coordinates":[[9.13961114848,46.23679504477],[9.1397104,46.2370418]]}},{"type":"Feature","properties":{"bridge":"yes","carriage_ref":"B","highway":"trunk","int_ref":"E 43","lanes":"2","layer":"1","maxspeed":"80","maxwidth:lanes":"2|","mindistance:hgv":"150","motorroad":"yes","oneway":"yes","ref":"A13","shoulder":"none","source:maxspeed":"sign","surface":"asphalt","toll":"yes"},"geometry":{"type":"LineString","coordinates":[[9.227595,46.3754999],[9.2278133,46.3757912],[9.2280862,46.3760773],[9.2284246,46.3763736],[9.2291342,46.3769355],[9.2294349,46.3771914],[9.2296902,46.3774489],[9.2298822,46.3776604],[9.230048,46.3778927],[9.2302401,46.3781608],[9.2305403,46.3786548],[9.2310315,46.379484],[9.2314739,46.3802366]]}},{"type":"Feature","properties":{"carriage_ref":"B","hazard":"crosswinds","highway":"motorway","int_ref":"E 43","lanes":"2","maxspeed":"120","oneway":"yes","ref":"A13","shoulder:right":"yes","source:maxspeed":"CH:motorway","surface":"asphalt","toll":"yes"},"geometry":{"type":"LineString","coordinates":[[9.465888,47.0421732],[9.4665617,47.0429294],[9.4670827,47.0434984],[9.4678928,47.0444433],[9.4683668,47.0450386],[9.4688355,47.0456593],[9.4692627,47.0462723],[9.4696735,47.0469152],[9.470044,47.0476351],[9.4703419,47.0482485],[9.470567,47.0488877],[9.4707637,47.0495233],[9.4709383,47.0503295],[9.4710585,47.0510946]]}},{"type":"Feature","properties":{"carriage_ref":"A","highway":"motorway","int_ref":"E 43","lanes":"2","maxspeed":"120","oneway":"yes","ref":"A13","source:maxspeed":"CH:motorway","surface":"asphalt","toll":"yes"},"geometry":{"type":"LineString","coordinates":[[9.169191,46.267558],[9.1688287,46.2671524],[9.1683696,46.2665558],[9.1677903,46.2656783],[9.1665397,46.2638279],[9.165476,46.2621753],[9.165057,46.2615538],[9.1600809,46.2541327],[9.1598491,46.2538424]]}},{"type":"Feature","properties":{"carriage_ref":"A","destination:lanes":"||Thusis-Süd;St. Moritz;Tiefencastel","highway":"trunk","int_ref":"E 43","lanes":"3","maxspeed":"100","maxwidth:lanes":"2||","mindistance:hgv":"150","motorroad":"yes","oneway":"yes","placement":"right_of:1","ref":"A13","shoulder":"none","source:maxspeed":"sign","surface":"asphalt","toll":"yes","turn:lanes":"||slight_right"},"geometry":{"type":"LineString","coordinates":[[9.4472887,46.700943],[9.4471385,46.7004731]]}},{"type":"Feature","properties":{"bridge":"yes","carriage_ref":"B","highway":"motorway","int_ref":"E 43","lanes":"2","layer":"1","maxspeed":"120","oneway":"yes","ref":"A13","shoulder":"none","source:maxspeed":"CH:motorway","surface":"asphalt","toll":"yes"},"geometry":{"type":"LineString","coordinates":[[9.1588534,46.2524668],[9.1593675,46.2529865],[9.1599886,46.253772]]}},{"type":"Feature","properties":{"carriage_ref":"B","destination":"St. Margrethen","hazmat:water":"permissive","highway":"motorway","int_ref":"E 43","lanes":"2","maxspeed":"120","oneway":"yes","ref":"A13","shoulder:right":"yes","source:maxspeed":"CH:motorway","surface":"asphalt","toll":"yes"},"geometry":{"type":"LineString","coordinates":[[9.642348,47.4353273],[9.6424655,47.4360261],[9.6425977,47.4364833],[9.6427214,47.436829],[9.6428458,47.4371362],[9.6430192,47.4375091],[9.6432389,47.4379043],[9.6435967,47.4384625],[9.6439221,47.438878],[9.6442693,47.43929],[9.6446326,47.439677],[9.6449851,47.4400288],[9.6454636,47.440441],[9.6459344,47.4408457],[9.6467386,47.4414359],[9.64744,47.4419179],[9.6495045,47.4432386],[9.6502454,47.4437109],[9.6508454,47.4441111],[9.6512493,47.4444001],[9.6517153,47.444746],[9.6519471,47.4449485],[9.6522008,47.4451543],[9.6524057,47.4453496],[9.6525348,47.4454617]]}},{"type":"Feature","properties":{"carriage_ref":"A","highway":"motorway","int_ref":"E 43","lanes":"2","maxspeed":"120","oneway":"yes","ref":"A13","shoulder:right":"yes","source:maxspeed":"CH:motorway","surface":"asphalt","toll":"yes"},"geometry":{"type":"LineString","coordinates":[[9.5478117,46.9403801],[9.5482971,46.9398556],[9.5487705,46.9394101],[9.5492184,46.9390072],[9.5500002,46.9383801],[9.5506228,46.9379204],[9.5518774,46.9370707],[9.5532799,46.9361627],[9.5551851,46.9349198],[9.5569016,46.9337591],[9.5576523,46.9332069],[9.5583468,46.932645],[9.5588321,46.9321976],[9.5591846,46.9318409]]}},{"type":"Feature","properties":{"carriage_ref":"A","change:lanes:backward":"not_left|not_right","change:lanes:forward":"no","highway":"trunk","int_ref":"E 43","lanes":"3","lanes:backward":"2","lanes:forward":"1","maxspeed":"80","mindistance:hgv":"150","motorroad":"yes","oneway":"no","overtaking":"no","placement:backward":"left_of:1","ref":"A13","shoulder":"none","source:maxspeed":"sign","surface":"asphalt","toll":"yes","turn:lanes:backward":"through|merge_to_left"},"geometry":{"type":"LineString","coordinates":[[9.186004,46.4642779],[9.1862684,46.4639405]]}},{"type":"Feature","properties":{"avz":"228","carriage_ref":"A","cs_dir:forward":"1","highway":"motorway","int_ref":"E 43","lanes":"2","maxspeed":"120","oneway":"yes","ref":"A13","shoulder:right":"yes","source:maxspeed":"CH:motorway","ssvz":"1005N","surface":"asphalt","toll":"yes"},"geometry":{"type":"LineString","coordinates":[[9.5610104,46.9290248],[9.5613492,46.9284091],[9.5615553,46.928011],[9.5617283,46.9276065],[9.561881,46.9271843],[9.5619654,46.9268351],[9.5620193,46.9265199],[9.5620711,46.9261132],[9.5621358,46.9245721]]}},{"type":"Feature","properties":{"bridge":"yes","carriage_ref":"B","change:lanes:backward":"no","change:lanes:forward":"no","highway":"trunk","int_ref":"E 43","lanes":"2","layer":"1","maxspeed":"80","mindistance:hgv":"150","motorroad":"yes","oneway":"no","overtaking":"no","ref":"A13","shoulder":"none","source:maxspeed":"sign","surface":"asphalt","toll":"yes"},"geometry":{"type":"LineString","coordinates":[[9.35548806341,46.56554769499],[9.35577506341,46.56558799503],[9.35613486341,46.56562679507]]}},{"type":"Feature","properties":{"avz":"96","carriage_ref":"A","cs_dir:forward":"1","highway":"motorway","int_ref":"E 43","lanes":"2","maxspeed":"120","oneway":"yes","ref":"A13","shoulder:right":"yes","source:maxspeed":"CH:motorway","ssvz":"250N","surface":"asphalt","toll":"yes"},"geometry":{"type":"LineString","coordinates":[[9.458101,46.8376428],[9.4575046,46.8375845],[9.4569124,46.8375556],[9.4563002,46.837556],[9.4556466,46.8375899],[9.4549591,46.8376386],[9.4541411,46.8377322],[9.4524805,46.837933]]}},{"type":"Feature","properties":{"carriage_ref":"B","change:backward":"no","change:lanes:forward":"not_left|no","highway":"trunk","int_ref":"E 43","lanes":"3","lanes:backward":"1","lanes:forward":"2","maxspeed":"80","mindistance:hgv":"150","motorroad":"yes","oneway":"no","placement:backward":"left_of:1","ref":"A13","shoulder":"none","source:maxspeed":"sign","surface":"asphalt","toll":"yes","turn:lanes:forward":"through|right"},"geometry":{"type":"LineString","coordinates":[[9.19022616341,46.5281872576],[9.19047336341,46.52836425778]]}},{"type":"Feature","properties":{"carriage_ref":"A","change:lanes:backward":"no","change:lanes:forward":"no","highway":"trunk","int_ref":"E 43","lanes":"2","lit":"24/7","maxheight":"default","maxspeed":"80","mindistance:hgv":"150","motorroad":"yes","oneway":"no","ref":"A13","shoulder":"none","source:maxspeed":"sign","surface":"asphalt","toll":"yes","tunnel":"yes","tunnel:name":"Wegerhaus"},"geometry":{"type":"LineString","coordinates":[[9.4483962,46.646991],[9.4483776,46.646604],[9.4482802,46.646197],[9.4480504,46.6457584],[9.4477194,46.6452955]]}},{"type":"Feature","properties":{"carriage_ref":"A","change:lanes:backward":"no","change:lanes:forward":"not_left|not_right","highway":"trunk","int_ref":"E 43","lanes":"3","lanes:forward":"2","maxspeed":"100","mindistance:hgv":"150","motorroad":"yes","oneway":"no","overtaking:hgv:forward":"no","placement:forward":"middle_of:1","ref":"A13","shoulder":"none","source:maxspeed":"sign","surface":"asphalt","toll":"yes"},"geometry":{"type":"LineString","coordinates":[[9.4273761,46.5927786],[9.4275892,46.5924781],[9.427721,46.5922734],[9.4278185,46.5920846],[9.4278838,46.5919051],[9.4279281,46.5916268]]}},{"type":"Feature","properties":{"carriage_ref":"A","change:lanes:backward":"no","change:lanes:forward":"not_left|not_right","highway":"trunk","int_ref":"E 43","lanes":"3","lanes:forward":"2","maxspeed":"80","mindistance:hgv":"150","motorroad":"yes","oneway":"no","overtaking:hgv:forward":"no","placement:forward":"middle_of:1","ref":"A13","shoulder":"none","source:maxspeed":"sign","surface":"asphalt","toll":"yes","turn:lanes:forward":"merge_to_right|"},"geometry":{"type":"LineString","coordinates":[[9.4233367,46.5797586],[9.422965,46.5798372],[9.4226716,46.5798735],[9.4223847,46.5798883],[9.4221161,46.5798777],[9.4218231,46.579852],[9.4215582,46.5798086],[9.4212345,46.579739]]}},{"type":"Feature","properties":{"carriage_ref":"A","highway":"trunk","int_ref":"E 43","lanes":"1","maxspeed":"100","mindistance:hgv":"150","motorroad":"yes","oneway":"yes","ref":"A13","shoulder":"none","source:maxspeed":"sign","surface":"asphalt","toll":"yes"},"geometry":{"type":"LineString","coordinates":[[9.4162729,46.7795519],[9.4165155,46.7791276]]}},{"type":"Feature","properties":{"carriage_ref":"A","change:lanes:backward":"no","change:lanes:forward":"no","highway":"trunk","incline":"-8%","int_ref":"E 43","lanes":"2","layer":"-1","maxspeed":"80","mindistance:hgv":"150","motorroad":"yes","oneway":"no","overtaking":"no","ref":"A13","shoulder":"none","source:incline":"signpost","source:maxspeed":"sign","surface":"asphalt","toll":"yes","tunnel":"yes","tunnel:name":"Brusei"},"geometry":{"type":"LineString","coordinates":[[9.2268021,46.4307221],[9.2272276,46.4304905],[9.2279309,46.4300412],[9.22836,46.4296922],[9.2288415,46.4290441],[9.2292004,46.4284225],[9.2293233,46.4277611],[9.2294349,46.42616]]}},{"type":"Feature","properties":{"carriage_ref":"B","highway":"motorway","int_ref":"E 43","lanes":"2","maxspeed":"120","oneway":"yes","ref":"A13","shoulder":"none","source:maxspeed":"CH:motorway","surface":"asphalt","toll":"yes"},"geometry":{"type":"LineString","coordinates":[[9.1697521,46.2679511],[9.1701052,46.2682378],[9.1705642,46.2685477],[9.1709603,46.268756],[9.1716289,46.2690723],[9.1722992,46.2693836],[9.1729324,46.2697064],[9.1732836,46.269912],[9.1736139,46.2701382],[9.1739032,46.2703737],[9.174235,46.2706755],[9.1744959,46.2709633],[9.1747607,46.2713096],[9.1749895,46.2716845],[9.1752635,46.2722323],[9.1755278,46.2728892],[9.1756278,46.2733365],[9.1757129,46.2738978],[9.1757531,46.2745671],[9.1757485,46.2751775],[9.1757531,46.2756771],[9.1757919,46.2761274],[9.1758478,46.2764567],[9.1759846,46.2768611],[9.1761616,46.2772724],[9.176382,46.277642],[9.1766804,46.2780518],[9.1770152,46.2784384],[9.1775402,46.2789964],[9.1781923,46.2796502]]}},{"type":"Feature","properties":{"avz":"539","bridge":"yes","carriage_ref":"B","change:lanes:backward":"no","change:lanes:forward":"no","cs_dir:backward":"1","highway":"trunk","int_ref":"E 43","lanes":"2","layer":"1","maxspeed":"80","mindistance:hgv":"150","motorroad":"yes","oneway":"no","overtaking":"no","ref":"A13","shoulder":"none","source:maxspeed":"sign","surface":"asphalt","toll":"yes"},"geometry":{"type":"LineString","coordinates":[[9.23883606341,46.53795916738],[9.23921196341,46.53799936742]]}},{"type":"Feature","properties":{"bridge":"yes","carriage_ref":"A","highway":"trunk","incline":"-8%","int_ref":"E 43","lanes":"2","layer":"1","maxspeed":"100","mindistance:hgv":"150","motorroad":"yes","oneway":"no","ref":"A13","shoulder":"none","source:incline":"signpost","source:maxspeed":"sign","surface":"asphalt","toll":"yes"},"geometry":{"type":"LineString","coordinates":[[9.2354853,46.4125893],[9.2356677,46.4124007],[9.2358823,46.4121159]]}},{"type":"Feature","properties":{"carriage_ref":"A","change:lanes:backward":"not_left|no","change:lanes:forward":"no|not_right","highway":"trunk","int_ref":"E 43","lanes":"4","lanes:backward":"2","maxspeed":"80","mindistance:hgv":"150","motorroad":"yes","oneway":"no","overtaking":"no","ref":"A13","shoulder":"none","source:maxspeed":"sign","surface":"asphalt","toll":"yes","turn:lanes:backward":"|slight_right","turn:lanes:forward":"|merge_to_left"},"geometry":{"type":"LineString","coordinates":[[9.3190728,46.5503078],[9.3188229,46.5502043]]}},{"type":"Feature","properties":{"bridge":"yes","carriage_ref":"A","highway":"motorway","int_ref":"E 43","lanes":"2","layer":"1","maxspeed":"120","oneway":"yes","ref":"A13","shoulder:right":"yes","source:maxspeed":"CH:motorway","surface":"asphalt","toll":"yes"},"geometry":{"type":"LineString","coordinates":[[9.5591846,46.9318409],[9.559612,46.9313424],[9.5599303,46.9308984],[9.5602209,46.9304358]]}},{"type":"Feature","properties":{"carriage_ref":"A","change:lanes:backward":"no","change:lanes:forward":"no","highway":"trunk","int_ref":"E 43","lanes":"2","maxspeed":"80","mindistance:hgv":"150","motorroad":"yes","oneway":"no","overtaking":"no","ref":"A13","shoulder":"none","source:maxspeed":"sign","surface":"asphalt","toll":"yes"},"geometry":{"type":"LineString","coordinates":[[9.2179692,46.533336],[9.2172446,46.5330371]]}},{"type":"Feature","properties":{"carriage_ref":"A","change:lanes:backward":"not_left|no","change:lanes:forward":"no|not_right","highway":"trunk","int_ref":"E 43","lanes":"4","lanes:forward":"2","maxspeed:backward":"80","maxspeed:forward":"100","mindistance:hgv":"150","motorroad":"yes","oneway":"no","ref":"A13","shoulder:left":"no","shoulder:right":"no","source:maxspeed":"sign","source:maxspeed:forward":"CH:motorroad","surface":"asphalt","toll":"yes","turn:lanes:backward":"|slight_right","turn:lanes:forward":"|merge_to_left"},"geometry":{"type":"LineString","coordinates":[[9.4168778,46.8282462],[9.4164769,46.8279497]]}},{"type":"Feature","properties":{"bridge":"yes","carriage_ref":"A","highway":"motorway","int_ref":"E 43","lanes":"2","layer":"1","maxspeed":"120","oneway":"yes","ref":"A13","shoulder":"none","source:maxspeed":"CH:motorway","surface":"asphalt","toll":"yes"},"geometry":{"type":"LineString","coordinates":[[9.1782407,46.2799072],[9.1780546,46.2797007]]}},{"type":"Feature","properties":{"carriage_ref":"B","highway":"trunk","int_ref":"E 43","lanes":"1","maxspeed":"80","mindistance:hgv":"150","motorroad":"yes","oneway":"yes","ref":"A13","shoulder":"none","source:maxspeed":"sign","surface":"asphalt","toll":"yes"},"geometry":{"type":"LineString","coordinates":[[9.2272335,46.366376],[9.2271978,46.3665859]]}},{"type":"Feature","properties":{"bridge":"yes","carriage_ref":"B","change:lanes:backward":"no","change:lanes:forward":"no","highway":"trunk","incline":"8%","int_ref":"E 43","lanes":"2","layer":"1","maxspeed:backward":"100","maxspeed:forward":"80","mindistance:hgv":"150","motorroad":"yes","oneway":"no","overtaking":"no","ref":"A13","shoulder":"none","source:incline":"signpost","source:maxspeed":"sign","surface":"asphalt","toll":"yes"},"geometry":{"type":"LineString","coordinates":[[9.22932226341,46.39974132923],[9.22938126341,46.40029062978],[9.22940006341,46.4008104303],[9.22940716341,46.4013045308]]}},{"type":"Feature","properties":{"carriage_ref":"B","highway":"trunk","int_ref":"E 43","lanes":"2","maxspeed:backward":"100","maxspeed:forward":"80","mindistance:hgv":"150","motorroad":"yes","oneway":"no","ref":"A13","shoulder:left":"yes","shoulder:right":"yes","source:maxspeed":"sign","surface":"asphalt","toll":"yes"},"geometry":{"type":"LineString","coordinates":[[9.30829296341,46.5470748765],[9.30860306341,46.54704537647],[9.30893296341,46.54700477643],[9.30931696341,46.54694627637],[9.31018556341,46.54682307625],[9.31064246341,46.54676487619],[9.31102366341,46.54672917615],[9.31138846341,46.54672057615]]}},{"type":"Feature","properties":{"carriage_ref":"A","change:lanes:backward":"no","change:lanes:forward":"not_left|not_right","highway":"trunk","int_ref":"E 43","lanes":"3","lanes:forward":"2","maxspeed":"80","mindistance:hgv":"150","motorroad":"yes","oneway":"no","placement:forward":"left_of:1","ref":"A13","shoulder":"none","source:maxspeed":"sign","surface":"asphalt","toll":"yes","turn:lanes:forward":"|slight_right"},"geometry":{"type":"LineString","coordinates":[[9.4500259,46.6699749],[9.450088,46.6696951]]}},{"type":"Feature","properties":{"carriage_ref":"B","destination:colour:lanes":"green|green|brown;blue;blue","destination:lanes":"Bad Ragaz-Nord|Bad Ragaz-Nord|Heididorf;Maienfeld;Bad Ragaz","highway":"motorway","int_ref":"E 43","lanes":"3","maxspeed":"120","oneway":"yes","placement":"right_of:1","ref":"A13","shoulder:right":"yes","source:maxspeed":"CH:motorway","surface":"asphalt","toll":"yes","turn:lanes":"none|none|slight_right"},"geometry":{"type":"LineString","coordinates":[[9.5243612,46.9981195],[9.523367,46.9990994]]}},{"type":"Feature","properties":{"bridge":"yes","carriage_ref":"A","change:lanes:backward":"no","change:lanes:forward":"no|no","highway":"trunk","int_ref":"E 43","lanes":"3","lanes:forward":"2","layer":"1","maxspeed":"80","mindistance:hgv":"150","motorroad":"yes","oneway":"no","placement:forward":"left_of:1","ref":"A13","shoulder":"none","source:maxspeed":"sign","surface":"asphalt","toll":"yes","turn:lanes:forward":"|slight_right"},"geometry":{"type":"LineString","coordinates":[[9.4075127,46.8220428],[9.4072979,46.8218702]]}},{"type":"Feature","properties":{"carriage_ref":"A","change:lanes:backward":"no","change:lanes:forward":"not_left|not_right","highway":"trunk","int_ref":"E 43","lanes":"3","lanes:forward":"2","maxspeed":"80","mindistance:hgv":"150","motorroad":"yes","oneway":"no","overtaking":"no","placement:backward":"left_of:1","ref":"A13","shoulder":"none","source:maxspeed":"sign","surface":"asphalt","toll":"yes","turn:lanes:forward":"|merge_to_left"},"geometry":{"type":"LineString","coordinates":[[9.2936638,46.5444137],[9.2933044,46.5444303],[9.292953,46.5444663],[9.2925628,46.544518],[9.292253,46.5445733]]}},{"type":"Feature","properties":{"carriage_ref":"B","change:lanes:backward":"no|no","change:lanes:forward":"no|not_right","highway":"trunk","int_ref":"E 43","lanes":"4","lanes:backward":"2","maxspeed":"80","mindistance:hgv":"150","motorroad":"yes","oneway":"no","overtaking":"no","placement:forward":"left_of:1","ref":"A13","shoulder":"none","source:maxspeed":"sign","surface":"asphalt","toll":"yes","turn:lanes:backward":"|slight_right","turn:lanes:forward":"|merge_to_left"},"geometry":{"type":"LineString","coordinates":[[9.37040296341,46.57032309977],[9.37062776341,46.57039809985]]}},{"type":"Feature","properties":{"carriage_ref":"A","hazmat:water":"permissive","highway":"motorway","int_ref":"E 43","lanes":"3","maxspeed":"120","oneway":"yes","placement":"right_of:1","ref":"A13","surface":"asphalt","toll":"yes","turn:lanes":"||slight_right"},"geometry":{"type":"LineString","coordinates":[[9.64219,47.4346447],[9.6421965,47.4343548],[9.6422034,47.4340895]]}},{"type":"Feature","properties":{"bridge":"yes","carriage_ref":"B","highway":"trunk","int_ref":"E 43","lanes":"2","layer":"1","maxspeed":"80","maxwidth:lanes":"2|","mindistance:hgv":"150","motorroad":"yes","oneway":"yes","ref":"A13","shoulder":"none","source:maxspeed":"sign","surface":"asphalt","toll":"yes"},"geometry":{"type":"LineString","coordinates":[[9.2259461,46.3737178],[9.2263051,46.3740233]]}},{"type":"Feature","properties":{"carriage_ref":"B","change:lanes:backward":"no","change:lanes:forward":"no","highway":"trunk","int_ref":"E 43","lanes":"2","maxspeed":"80","mindistance:hgv":"150","motorroad":"yes","oneway":"no","overtaking":"no","ref":"A13","source:maxspeed":"sign","surface":"asphalt","toll":"yes"},"geometry":{"type":"LineString","coordinates":[[9.24774056341,46.53870956813],[9.24800656341,46.53871866814],[9.24830696341,46.53871306813],[9.24857426341,46.53869666812],[9.24917296341,46.53864776807]]}},{"type":"Feature","properties":{"carriage_ref":"A","destination":"San Bernardino;St. Moritz;Thusis-Süd","highway":"trunk","int_ref":"E 43","lanes":"3","maxspeed":"100","maxwidth:lanes":"2||","mindistance:hgv":"150","motorroad":"yes","oneway":"yes","placement":"right_of:1","ref":"A13","shoulder":"none","source:maxspeed":"sign","surface":"asphalt","toll":"yes","turn:lanes":"||merge_to_left"},"geometry":{"type":"LineString","coordinates":[[9.4477234,46.7112562],[9.4478731,46.7110028],[9.44813851534,46.71049221232]]}},{"type":"Feature","properties":{"carriage_ref":"A","highway":"motorway","int_ref":"E 43","lanes":"3","maxspeed":"120","oneway":"yes","placement":"right_of:1","ref":"A13","surface":"asphalt","toll":"yes","turn:lanes":"none|none|merge_to_left"},"geometry":{"type":"LineString","coordinates":[[9.5016758,47.1447085],[9.5027156,47.1432511]]}},{"type":"Feature","properties":{"carriage_ref":"B","highway":"trunk","int_ref":"E 43","lanes":"2","maxspeed":"100","maxwidth:lanes":"2|","mindistance:hgv":"150","motorroad":"yes","oneway":"yes","ref":"A13","shoulder":"none","source:maxspeed":"sign","surface":"asphalt","toll":"yes"},"geometry":{"type":"LineString","coordinates":[[9.4256029,46.75713],[9.4250347,46.7582137],[9.4240712,46.7601588],[9.4236126,46.7611419],[9.4234824,46.7614389]]}},{"type":"Feature","properties":{"carriage_ref":"A","change:lanes:backward":"no","change:lanes:forward":"no","highway":"trunk","int_ref":"E 43","lanes":"2","maxspeed":"80","mindistance:hgv":"150","motorroad":"yes","oneway":"no","overtaking":"no","ref":"A13","shoulder":"none","source:maxspeed":"sign","surface":"asphalt","toll":"yes"},"geometry":{"type":"LineString","coordinates":[[9.2025729,46.5304964],[9.2018994,46.5304332],[9.201141,46.5303665],[9.200424,46.5302992],[9.1993393,46.5302411],[9.19877,46.5302303],[9.1979885,46.5302396],[9.1971324,46.5302761],[9.1964941,46.5303093],[9.1961445,46.5303168],[9.1958208,46.5303195],[9.1955364,46.5303153],[9.1952576,46.530301],[9.1949833,46.5302715],[9.1946591,46.5302231],[9.1943292,46.5301592],[9.1940519,46.5300906],[9.1937991,46.5300135]]}},{"type":"Feature","properties":{"carriage_ref":"A","highway":"motorway","int_ref":"E 43","lanes":"2","maxspeed":"120","oneway":"yes","ref":"A13","surface":"asphalt","toll":"yes"},"geometry":{"type":"LineString","coordinates":[[9.489349,47.1631085],[9.4896775,47.162428],[9.4899614,47.161867],[9.4911251,47.1596609],[9.4917985,47.1585492],[9.4923782,47.1575482],[9.4942064,47.1547233],[9.4958029,47.1525112],[9.498311,47.1491701]]}},{"type":"Feature","properties":{"bridge":"yes","carriage_ref":"A","change:lanes:backward":"no","change:lanes:forward":"not_left|not_right","highway":"trunk","int_ref":"E 43","lanes":"3","lanes:forward":"2","layer":"1","maxspeed":"80","mindistance:hgv":"150","motorroad":"yes","oneway":"no","overtaking:hgv:forward":"no","placement:forward":"middle_of:1","ref":"A13","shoulder":"none","source:maxspeed":"sign","surface":"asphalt","toll":"yes"},"geometry":{"type":"LineString","coordinates":[[9.4428563,46.6935147],[9.4424969,46.6932553],[9.4421649,46.693016],[9.4413817,46.6924641],[9.4406031,46.6919492]]}},{"type":"Feature","properties":{"carriage_ref":"B","change:lanes:backward":"not_left|not_right","change:lanes:forward":"no","highway":"trunk","int_ref":"E 43","lanes":"3","lanes:backward":"2","maxspeed:backward":"100","maxspeed:forward":"80","mindistance:hgv":"150","motorroad":"yes","oneway":"no","overtaking:hgv:backward":"no","placement:backward":"middle_of:1","ref":"A13","shoulder":"none","source:maxspeed":"sign","surface":"asphalt","toll":"yes"},"geometry":{"type":"LineString","coordinates":[[9.44500526341,46.69522912495],[9.44529506341,46.69558632531],[9.44553776341,46.69592622565],[9.44572746341,46.69622522595],[9.44589996341,46.69652912625],[9.44601256341,46.69675812648],[9.44611266341,46.69699832672],[9.44624276341,46.69735872709],[9.44672813457,46.69891950774]]}},{"type":"Feature","properties":{"bridge":"yes","carriage_ref":"A","highway":"motorway","int_ref":"E 43","lanes":"2","layer":"1","maxspeed":"120","oneway":"yes","ref":"A13","toll":"yes"},"geometry":{"type":"LineString","coordinates":[[9.5134863,47.1196603],[9.5135264,47.1195188]]}},{"type":"Feature","properties":{"carriage_ref":"B","highway":"motorway","int_ref":"E 43","lanes":"2","maxspeed":"120","oneway":"yes","ref":"A13","shoulder":"none","source:maxspeed":"CH:motorway","surface":"asphalt","toll":"yes"},"geometry":{"type":"LineString","coordinates":[[9.1783648,46.2798558],[9.1786618,46.280229],[9.1789864,46.2807286],[9.1792492,46.2812105],[9.1794884,46.281722],[9.1796216,46.2821052],[9.1797489,46.2825825],[9.1798851,46.2832052],[9.1800615,46.2841776],[9.1802456,46.2851495],[9.1803914,46.285858],[9.1806972,46.2873638],[9.1809889,46.2888164],[9.1812685,46.290259],[9.181591,46.2916868],[9.1817317,46.29212],[9.181909,46.2925419],[9.182143,46.2930335],[9.1824305,46.2935209],[9.1828215,46.2940449],[9.1832215,46.2945007],[9.183586,46.2948539],[9.1844878,46.2956939]]}},{"type":"Feature","properties":{"bridge":"yes","carriage_ref":"B","destination":"Zürich;St. Margrethen;Chur-Nord","highway":"motorway","int_ref":"E 43","lanes":"2","layer":"1","maxspeed":"120","oneway":"yes","ref":"A13","shoulder:right":"yes","source:maxspeed":"CH:motorway","surface":"asphalt","toll":"yes"},"geometry":{"type":"LineString","coordinates":[[9.5054976,46.8484506],[9.5056982,46.8487505]]}},{"type":"Feature","properties":{"bridge":"yes","carriage_ref":"B","highway":"trunk","int_ref":"E 43","lanes":"2","layer":"1","maxspeed":"100","mindistance:hgv":"150","motorroad":"yes","oneway":"no","ref":"A13","shoulder:left":"yes","shoulder:right":"yes","source:maxspeed":"sign","surface":"asphalt","toll":"yes"},"geometry":{"type":"LineString","coordinates":[[9.43829216341,46.63309766265],[9.43824756341,46.63333136288],[9.43823956341,46.63356826312]]}},{"type":"Feature","properties":{"carriage_ref":"A","destination:colour:lanes":"green|green|blue;blue","destination:country:lanes":"||;FL","destination:lanes":"Sevelen|Sevelen|Buchs;Schaan","highway":"motorway","int_ref":"E 43","lanes":"3","maxspeed":"120","oneway":"yes","placement":"right_of:1","ref":"A13","surface":"asphalt","toll":"yes","turn:lanes":"none|none|slight_right"},"geometry":{"type":"LineString","coordinates":[[9.485158,47.1747444],[9.4853352,47.1740542],[9.4854524,47.1736438]]}},{"type":"Feature","properties":{"bridge":"yes","carriage_ref":"B","change:lanes:backward":"not_left|not_right","change:lanes:forward":"not_left|not_right","highway":"trunk","int_ref":"E 43","lanes":"4","lanes:forward":"2","layer":"1","maxspeed":"100","mindistance:hgv":"150","motorroad":"yes","oneway":"no","ref":"A13","shoulder:left":"yes","shoulder:right":"yes","source:maxspeed":"sign","surface":"asphalt","toll":"yes"},"geometry":{"type":"LineString","coordinates":[[9.43301596341,46.61971734924],[9.43307626341,46.62003214956],[9.43319826341,46.62038234991]]}},{"type":"Feature","properties":{"carriage_ref":"A","highway":"motorway","int_ref":"E 43","lanes":"3","maxspeed":"120","oneway":"yes","placement":"right_of:1","ref":"A13","shoulder:right":"yes","source:maxspeed":"CH:motorway","surface":"asphalt","toll":"yes","turn:lanes":"||slight_right"},"geometry":{"type":"LineString","coordinates":[[9.5343564,46.8800648],[9.5342848,46.8797047],[9.5342303,46.8793851]]}},{"type":"Feature","properties":{"carriage_ref":"A","highway":"trunk","int_ref":"E 43","lanes":"2","maxspeed":"100","maxwidth:lanes":"2|","mindistance:hgv":"150","motorroad":"yes","oneway":"yes","ref":"A13","shoulder":"none","source:maxspeed":"sign","surface":"asphalt","toll":"yes"},"geometry":{"type":"LineString","coordinates":[[9.4165155,46.7791276],[9.4177734,46.7772928],[9.4186405,46.7760638],[9.4190032,46.7754788],[9.4193563,46.7748736],[9.4197792,46.7741232],[9.4199106,46.7738504]]}},{"type":"Feature","properties":{"carriage_ref":"B","highway":"trunk","int_ref":"E 43","lanes":"2","maxspeed":"100","maxwidth:lanes":"2|","mindistance:hgv":"150","motorroad":"yes","oneway":"yes","ref":"A13","shoulder":"none","source:maxspeed":"sign","surface":"asphalt","toll":"yes","width":"6.5"},"geometry":{"type":"LineString","coordinates":[[9.44723297505,46.70061389087],[9.44732152167,46.7008649306],[9.4475159683,46.70145269174],[9.44787809714,46.70256649289],[9.44810077935,46.70325909361],[9.44853864806,46.70451739492],[9.44875394806,46.70534909578],[9.44886044806,46.70585709631]]}},{"type":"Feature","properties":{"carriage_ref":"B","destination":"San Bernardino;Mesocco","highway":"motorway","int_ref":"E 43","lanes":"2","maxspeed":"120","oneway":"yes","ref":"A13","shoulder":"none","source:maxspeed":"CH:motorway","surface":"asphalt","toll":"yes"},"geometry":{"type":"LineString","coordinates":[[9.2010562,46.314926],[9.2012826,46.3152152],[9.2030373,46.3175205]]}},{"type":"Feature","properties":{"carriage_ref":"B","change:lanes:backward":"no","change:lanes:forward":"no","highway":"trunk","incline":"8%","int_ref":"E 43","lanes":"2","layer":"-1","lit":"24/7","maxspeed":"80","mindistance:hgv":"150","motorroad":"yes","oneway":"no","overtaking":"no","ref":"A13","shoulder":"none","source:incline":"signpost","source:maxspeed":"sign","surface":"asphalt","toll":"yes","tunnel":"yes","tunnel:name":"Gei"},"geometry":{"type":"LineString","coordinates":[[9.20644816341,46.43410696355],[9.20574566341,46.43377086322],[9.20512126341,46.43349336294],[9.20475596341,46.43337346282],[9.20435896341,46.4332551627],[9.20387616341,46.43314426259],[9.20332336341,46.43304066249],[9.20284346341,46.43299076244],[9.20217296341,46.4329482624],[9.20178676341,46.4329482624],[9.20136776341,46.43296546241]]}},{"type":"Feature","properties":{"carriage_ref":"A","highway":"motorway","int_ref":"E 43","lanes":"2","maxspeed":"120","oneway":"yes","ref":"A13","shoulder:right":"yes","source:maxspeed":"CH:motorway","surface":"asphalt","toll":"yes"},"geometry":{"type":"LineString","coordinates":[[9.5083961,46.86104],[9.5081173,46.8606176],[9.5078768,46.8601761],[9.507588,46.8595637],[9.5074074,46.8589647],[9.5072677,46.8583845],[9.50712,46.8573333],[9.5068691,46.8555245],[9.5065122,46.8530733],[9.506226,46.8510227]]}},{"type":"Feature","properties":{"carriage_ref":"A","highway":"motorway","int_ref":"E 43","lanes":"2","maxspeed":"120","oneway":"yes","ref":"A13","shoulder:right":"yes","source:maxspeed":"CH:motorway","surface":"asphalt","toll":"yes"},"geometry":{"type":"LineString","coordinates":[[9.5006078,47.0147951],[9.5013007,47.0147199]]}},{"type":"Feature","properties":{"carriage_ref":"B","destination":"San Bernardino;Pian San Giacomo","highway":"trunk","int_ref":"E 43","lanes":"1","maxspeed":"80","mindistance:hgv":"150","motorroad":"yes","oneway":"yes","ref":"A13","shoulder":"none","source:maxspeed":"sign","surface":"asphalt","toll":"yes"},"geometry":{"type":"LineString","coordinates":[[9.2327046,46.3823452],[9.23279636872,46.38251944793]]}},{"type":"Feature","properties":{"bridge":"yes","carriage_ref":"B","highway":"trunk","int_ref":"E 43","lanes":"2","layer":"1","maxspeed":"100","maxwidth:lanes":"2|","mindistance:hgv":"150","motorroad":"yes","oneway":"yes","ref":"A13","shoulder":"none","source:maxspeed":"sign","surface":"asphalt","toll":"yes"},"geometry":{"type":"LineString","coordinates":[[9.4200756,46.7737081],[9.4200045,46.7738697]]}},{"type":"Feature","properties":{"bridge":"yes","carriage_ref":"B","highway":"motorway","int_ref":"E 43","lanes":"2","layer":"1","maxspeed":"120","oneway":"yes","ref":"A13","shoulder:right":"yes","source:maxspeed":"CH:motorway","surface":"asphalt","toll":"yes"},"geometry":{"type":"LineString","coordinates":[[9.4695281,47.0639185],[9.4697226,47.0642644]]}},{"type":"Feature","properties":{"carriage_ref":"B","change:lanes:backward":"not_left|not_right","change:lanes:forward":"no","highway":"trunk","int_ref":"E 43","lanes":"3","lanes:backward":"2","lanes:forward":"1","maxspeed":"80","mindistance:hgv":"150","motorroad":"yes","oneway":"no","overtaking":"no","placement:backward":"middle_of:1","ref":"A13","source:maxspeed":"sign","surface":"asphalt","toll":"yes","turn:lanes:backward":"merge_to_right|none"},"geometry":{"type":"LineString","coordinates":[[9.20288996341,46.53046665988],[9.20333566341,46.53051235993],[9.20373296341,46.53057195999],[9.20405636341,46.53063726005],[9.20430956341,46.53071036013]]}},{"type":"Feature","properties":{"carriage_ref":"B","highway":"trunk","incline":"8%","int_ref":"E 43","lanes":"2","maxspeed":"100","mindistance:hgv":"150","motorroad":"yes","oneway":"no","ref":"A13","shoulder":"none","source:incline":"signpost","source:maxspeed":"sign","surface":"asphalt","toll":"yes"},"geometry":{"type":"LineString","coordinates":[[9.22924302478,46.41213727005],[9.22883532108,46.41209097278],[9.22858856341,46.41210755577],[9.22839956341,46.41214084161],[9.22820646341,46.41216624164],[9.22801736341,46.41220934168],[9.22786316341,46.41226794174],[9.22775806341,46.41233714181],[9.22764276341,46.4124258419],[9.22756226341,46.41255534203],[9.22750376341,46.41268404216],[9.22748986341,46.41280874228],[9.22750596341,46.41294554242],[9.22755416341,46.41305454253],[9.22766144992,46.41317294265],[9.2278255941,46.41329794277],[9.22802362293,46.41340974891],[9.2283802806,46.41354836122]]}},{"type":"Feature","properties":{"carriage_ref":"B","highway":"motorway","int_ref":"E 43","lanes":"2","maxspeed":"120","oneway":"yes","ref":"A13","shoulder":"none","source:maxspeed":"CH:motorway","surface":"asphalt","toll":"yes"},"geometry":{"type":"LineString","coordinates":[[9.2042604,46.3191054],[9.2044964,46.3194352],[9.2048746,46.3199483],[9.2064437,46.3220507],[9.2068401,46.3226026],[9.2072771,46.3233038],[9.2076249,46.323941],[9.2078752,46.3245026],[9.208045,46.3249477],[9.2082123,46.3254382],[9.2083926,46.3260907],[9.2084876,46.3265091],[9.2085798,46.3270531],[9.2086444,46.3276377],[9.20867,46.3279761],[9.208685,46.3290937],[9.2086834,46.3296374],[9.2087005,46.3301422],[9.2087451,46.3304986],[9.2088212,46.3308802],[9.2089309,46.33126],[9.2090481,46.3315691],[9.209238,46.3319691],[9.2094636,46.3323302],[9.209708,46.3327007],[9.2099834,46.3330601],[9.2103766,46.3334869],[9.2110062,46.3340896],[9.2119226,46.3348799],[9.2129937,46.3357693],[9.2140451,46.3366267],[9.2145735,46.3370508],[9.2151261,46.3375018]]}},{"type":"Feature","properties":{"carriage_ref":"A","change:lanes:backward":"not_left|not_right","change:lanes:forward":"no","highway":"trunk","incline":"-8%","int_ref":"E 43","lanes":"3","lanes:backward":"2","maxspeed":"100","mindistance:hgv":"150","motorroad":"yes","oneway":"no","overtaking:forward":"no","overtaking:hgv:backward":"no","placement:backward":"middle_of:1","ref":"A13","shoulder":"none","source:incline":"signpost","source:maxspeed":"sign","surface":"asphalt","toll":"yes","turn:lanes:backward":"merge_to_right|"},"geometry":{"type":"LineString","coordinates":[[9.1918793,46.4449923],[9.1918823,46.4446477],[9.1918914,46.4442797],[9.1919164,46.4440045],[9.1919665,46.4437706],[9.1920332,46.4435663]]}},{"type":"Feature","properties":{"carriage_ref":"B","highway":"motorway","int_ref":"E 43","lanes":"2","maxspeed":"120","oneway":"yes","ref":"A13","shoulder:right":"yes","source:maxspeed":"CH:motorway","surface":"asphalt","toll":"yes"},"geometry":{"type":"LineString","coordinates":[[9.4933116,47.0772656],[9.4942562,47.0777684],[9.4957171,47.0784883],[9.4974904,47.0793004],[9.5016063,47.0810868],[9.5049348,47.0825704],[9.5062569,47.0832494],[9.5074994,47.0839239],[9.5085155,47.0845359],[9.5094341,47.0851404],[9.5103186,47.0857811],[9.511159,47.0864295],[9.5119163,47.0870831],[9.5127246,47.0878129],[9.5132214,47.0883124],[9.5136738,47.0888067],[9.5143104,47.0895469],[9.5149312,47.090364]]}},{"type":"Feature","properties":{"carriage_ref":"B","destination:lanes":"||Heidiland","destination:symbol:lanes":"||fuel;restaurants:toilets","highway":"motorway","int_ref":"E 43","lanes":"3","maxspeed":"120","oneway":"yes","placement":"right_of:1","ref":"A13","shoulder:right":"yes","source:maxspeed":"CH:motorway","surface":"asphalt","toll":"yes","turn:lanes":"none|none|slight_right"},"geometry":{"type":"LineString","coordinates":[[9.5166578,47.0076638],[9.5163051,47.0081535],[9.5158734,47.0087791]]}},{"type":"Feature","properties":{"carriage_ref":"B","destination:colour:lanes":"green|green|blue;blue","destination:country:lanes":"||FL","destination:lanes":"Sevelen|Sevelen|Trübbach;Balzers","highway":"motorway","int_ref":"E 43","lanes":"3","maxspeed":"120","oneway":"yes","placement":"right_of:1","ref":"A13","shoulder:right":"yes","source:maxspeed":"CH:motorway","surface":"asphalt","toll":"yes","turn:lanes":"none|none|slight_right"},"geometry":{"type":"LineString","coordinates":[[9.4836972,47.0715211],[9.4846977,47.0720921]]}},{"type":"Feature","properties":{"carriage_ref":"B","change:lanes:backward":"no","change:lanes:forward":"not_left|not_right","highway":"trunk","incline":"8%","int_ref":"E 43","lanes":"3","lanes:forward":"2","maxspeed":"100","mindistance:hgv":"150","motorroad":"yes","oneway":"no","overtaking":"no","placement:forward":"middle_of:1","ref":"A13","shoulder":"none","source:incline":"signpost","source:maxspeed":"sign","surface":"asphalt","toll":"yes","turn:lanes:forward":"merge_to_right|"},"geometry":{"type":"LineString","coordinates":[[9.19191616341,46.44493787437],[9.19191336341,46.44559707503],[9.19190006341,46.44611237555]]}},{"type":"Feature","properties":{"carriage_ref":"A","change:lanes:backward":"no","change:lanes:forward":"no","highway":"trunk","int_ref":"E 43","lanes":"2","maxspeed":"80","mindistance:hgv":"150","motorroad":"yes","oneway":"no","overtaking":"no","ref":"A13","shoulder":"none","source:maxspeed":"sign","surface":"asphalt","toll":"yes"},"geometry":{"type":"LineString","coordinates":[[9.3994993,46.5659145],[9.3982976,46.5660105],[9.397546,46.5660663],[9.3969196,46.5661129],[9.3965113,46.5661543],[9.396075,46.5662209],[9.3954974,46.5663608],[9.3946659,46.5666411],[9.3937754,46.5669841],[9.3926972,46.5674045],[9.3919784,46.5676479],[9.3915009,46.5677881],[9.3910342,46.567884],[9.3905793,46.5679441],[9.3901276,46.5679465],[9.3896931,46.5679245],[9.3893176,46.5678581],[9.3889421,46.5677696],[9.3885934,46.5676295],[9.3881509,46.5673956],[9.3877566,46.5671242],[9.3867105,46.5662022],[9.3863404,46.5659551],[9.3859072,46.5657609],[9.3855142,46.5656564],[9.3851176,46.5655898],[9.3847149,46.5655937],[9.3843475,46.5656361],[9.3839425,46.5657338],[9.3836011,46.5658594],[9.3833423,46.5659983],[9.3831053,46.5661725],[9.3829009,46.5663624],[9.3827294,46.5665944],[9.3826098,46.5668209],[9.382523,46.5670713]]}},{"type":"Feature","properties":{"carriage_ref":"A","change:lanes:backward":"no","change:lanes:forward":"no","highway":"trunk","int_ref":"E 43","lanes":"2","maxspeed":"80","mindistance:hgv":"150","motorroad":"yes","oneway":"no","overtaking":"no","ref":"A13","shoulder":"none","source:maxspeed":"sign","surface":"asphalt","toll":"yes"},"geometry":{"type":"LineString","coordinates":[[9.3554512,46.565602],[9.3551856,46.5655584],[9.354862,46.5654922],[9.3544534,46.5653906],[9.354186,46.5653124],[9.3538561,46.5652018]]}},{"type":"Feature","properties":{"avalanche_protector:left":"open","carriage_ref":"B","change:lanes:backward":"no","change:lanes:forward":"no","highway":"trunk","incline":"8%","int_ref":"E 43","lanes":"2","layer":"-1","maxspeed":"80","mindistance:hgv":"150","motorroad":"yes","oneway":"no","overtaking":"no","ref":"A13","shoulder":"none","source:incline":"signpost","source:maxspeed":"sign","surface":"asphalt","toll":"yes","tunnel":"avalanche_protector","tunnel:name":"Cozz"},"geometry":{"type":"LineString","coordinates":[[9.21919846341,46.43553736498],[9.21872216341,46.43567596512],[9.21781676341,46.4359545654],[9.21730306341,46.43613736558],[9.21667046341,46.43637506582],[9.21624006341,46.43656876601],[9.21568796341,46.43683916628],[9.21535646341,46.43701306646],[9.21506896341,46.43720296665],[9.21448706341,46.43762956707]]}},{"type":"Feature","properties":{"bridge":"yes","carriage_ref":"A","change:lanes:backward":"no","change:lanes:forward":"no","highway":"trunk","incline":"-8%","int_ref":"E 43","lanes":"2","layer":"1","maxspeed:backward":"80","maxspeed:forward":"100","mindistance:hgv":"150","motorroad":"yes","oneway":"no","overtaking":"no","ref":"A13","shoulder":"none","source:incline":"signpost","source:maxspeed":"sign","surface":"asphalt","toll":"yes"},"geometry":{"type":"LineString","coordinates":[[9.2341188,46.3847759],[9.233784,46.3842373],[9.2334486,46.3836835]]}},{"type":"Feature","properties":{"bridge":"yes","carriage_ref":"A","change:lanes:backward":"no","change:lanes:forward":"no","highway":"trunk","int_ref":"E 43","lanes":"2","layer":"1","maxspeed":"100","mindistance:hgv":"150","motorroad":"yes","oneway":"no","overtaking":"no","ref":"A13","shoulder":"none","source:maxspeed":"sign","surface":"asphalt","toll":"yes"},"geometry":{"type":"LineString","coordinates":[[9.1905373,46.4531364],[9.1905848,46.4529176],[9.1906006,46.4527251],[9.1905884,46.4525069]]}},{"type":"Feature","properties":{"carriage_ref":"B","highway":"motorway","int_ref":"E 43","lanes":"2","maxspeed":"100","oneway":"yes","ref":"A13","shoulder:right":"yes","source:maxspeed":"sign","surface":"asphalt","toll":"yes"},"geometry":{"type":"LineString","coordinates":[[9.0988007,46.2315182],[9.0997972,46.2316236],[9.100697,46.2317328],[9.1014359,46.231787]]}},{"type":"Feature","properties":{"carriage_ref":"B","change:lanes:backward":"no","change:lanes:forward":"no","destination:backward":"San Bernardino","highway":"trunk","int_ref":"E 43","lanes":"2","maxspeed":"80","mindistance:hgv":"150","motorroad":"yes","oneway":"no","ref":"A13","shoulder":"none","source:maxspeed":"sign","surface":"asphalt","toll":"yes"},"geometry":{"type":"LineString","coordinates":[[9.45011846341,46.66803649768],[9.45017466341,46.66834819799],[9.45017886341,46.66928989893],[9.45015796341,46.66947889912],[9.45012486341,46.66964089928]]}},{"type":"Feature","properties":{"carriage_ref":"A","highway":"trunk","int_ref":"E 43","lanes":"2","maxspeed":"80","motorroad":"yes","oneway":"yes","ref":"A13","shoulder:right":"yes","source:maxspeed":"sign","surface":"asphalt","toll":"yes"},"geometry":{"type":"LineString","coordinates":[[9.1121285,46.2308442],[9.1106057,46.2311512]]}},{"type":"Feature","properties":{"carriage_ref":"B","highway":"motorway","int_ref":"E 43","lanes":"2","maxspeed":"100","mindistance:hgv":"150","oneway":"yes","overtaking":"no","ref":"A13","shoulder":"none","source:maxspeed":"sign","surface":"asphalt","toll":"yes","turn:lanes":"merge_to_right|"},"geometry":{"type":"LineString","coordinates":[[9.2256001,46.3615673],[9.2257623,46.3617163],[9.225988,46.3619463],[9.2262044,46.3621936]]}},{"type":"Feature","properties":{"carriage_ref":"B","change:lanes:backward":"no|not_right","change:lanes:forward":"not_left|no","highway":"trunk","int_ref":"E 43","lanes":"4","lanes:backward":"2","maxspeed":"100","maxspeed:lanes:forward":"100|80","mindistance:hgv":"150","motorroad":"yes","oneway":"no","ref":"A13","shoulder:left":"no","shoulder:right":"no","source:maxspeed":"sign","source:maxspeed:backward":"CH:motorroad","surface":"asphalt","toll":"yes","turn:lanes:backward":"|merge_to_left","turn:lanes:forward":"|slight_right"},"geometry":{"type":"LineString","coordinates":[[9.41691466341,46.82819215848],[9.41709606341,46.8283119586]]}},{"type":"Feature","properties":{"carriage_ref":"B","change:lanes:backward":"no","change:lanes:forward":"no","hazard":"curve","highway":"trunk","incline":"8%","int_ref":"E 43","lanes":"2","maxspeed:backward":"80","maxspeed:forward":"100","mindistance:hgv":"150","motorroad":"yes","oneway":"no","overtaking":"no","ref":"A13","shoulder":"none","source:incline":"signpost","source:maxspeed":"sign","surface":"asphalt","toll":"yes"},"geometry":{"type":"LineString","coordinates":[[9.23263926341,46.41954624901],[9.23269186341,46.41958654905],[9.23274146341,46.4196377491],[9.23277876341,46.41970594917],[9.23279656341,46.41979164925]]}},{"type":"Feature","properties":{"carriage_ref":"B","highway":"motorway","int_ref":"E 43","lanes":"2","last":"true","maxspeed":"120","oneway":"yes","ref":"A13","shoulder:right":"yes","source:maxspeed":"CH:motorway","surface":"asphalt","toll":"yes"},"geometry":{"type":"LineString","coordinates":[[9.6540671,47.4484688],[9.654079,47.4487899],[9.6540785,47.4490931],[9.6540542,47.449361],[9.6540231,47.4495559],[9.6539726,47.4497969],[9.6538912,47.4501128],[9.653786,47.4504123],[9.6535616,47.4508939],[9.6533704,47.4512228],[9.6531102,47.4516078],[9.6528706,47.4518997],[9.6525268,47.4522568]]}},{"type":"Feature","properties":{"carriage_ref":"A","highway":"motorway","int_ref":"E 43","lanes":"2","maxspeed":"120","oneway":"yes","ref":"A13","toll":"yes"},"geometry":{"type":"LineString","coordinates":[[9.4984714,47.2164982],[9.4984303,47.2163633]]}},{"type":"Feature","properties":{"carriage_ref":"B","highway":"motorway","int_ref":"E 43","lanes":"2","maxspeed":"120","oneway":"yes","ref":"A13","shoulder:right":"yes","source:maxspeed":"CH:motorway","surface":"asphalt","toll":"yes"},"geometry":{"type":"LineString","coordinates":[[9.4981775,47.2150643],[9.4985292,47.2161737],[9.4986195,47.2164864]]}},{"type":"Feature","properties":{"carriage_ref":"B","change:lanes:backward":"no","change:lanes:forward":"no","highway":"trunk","int_ref":"E 43","lanes":"2","maxspeed":"80","mindistance:hgv":"150","motorroad":"yes","oneway":"no","overtaking":"no","ref":"A13","shoulder":"none","source:maxspeed":"sign","surface":"asphalt","toll":"yes"},"geometry":{"type":"LineString","coordinates":[[9.41631386341,46.57506850452],[9.41635676341,46.57518380464],[9.41641976341,46.57530820476]]}},{"type":"Feature","properties":{"avalanche_protector:right":"open","carriage_ref":"A","change:lanes:backward":"no","change:lanes:forward":"no","highway":"trunk","int_ref":"E 43","lanes":"2","layer":"-1","lit":"no","maxspeed":"80","mindistance:hgv":"150","motorroad":"yes","oneway":"no","overtaking":"no","ref":"A13","shoulder":"none","source:maxspeed":"sign","surface":"asphalt","toll":"yes","tunnel":"avalanche_protector"},"geometry":{"type":"LineString","coordinates":[[9.4200457,46.5793605],[9.4193336,46.5790682],[9.4184474,46.5786087],[9.4181639,46.578412],[9.4180217,46.5782682],[9.4179064,46.5780931],[9.4177562,46.5777962],[9.4177052,46.5773639]]}},{"type":"Feature","properties":{"avalanche_protector:left":"open","carriage_ref":"B","change:lanes:backward":"no","change:lanes:forward":"no","highway":"trunk","incline":"8%","int_ref":"E 43","lanes":"2","layer":"-1","maxspeed":"80","mindistance:hgv":"150","motorroad":"yes","oneway":"no","overtaking":"no","ref":"A13","shoulder":"none","source:incline":"signpost","source:maxspeed":"sign","surface":"asphalt","toll":"yes","tunnel":"avalanche_protector","tunnel:name":"Gei"},"geometry":{"type":"LineString","coordinates":[[9.20136776341,46.43296546241],[9.20101136341,46.43300396245]]}},{"type":"Feature","properties":{"carriage_ref":"B","highway":"motorway","int_ref":"E 43","lanes":"3","maxspeed":"120","oneway":"yes","placement":"right_of:1","ref":"A13","shoulder:right":"yes","source:maxspeed":"CH:motorway","surface":"asphalt","toll":"yes","turn:lanes":"||merge_to_left"},"geometry":{"type":"LineString","coordinates":[[9.5485428,46.9585188],[9.5491411,46.9597919]]}},{"type":"Feature","properties":{"carriage_ref":"B","highway":"trunk","incline":"-8%","int_ref":"E 43","lanes":"2","maxspeed":"100","mindistance:hgv":"150","motorroad":"yes","oneway":"no","ref":"A13","shoulder":"none","source:incline":"signpost","source:maxspeed":"sign","surface":"asphalt","toll":"yes"},"geometry":{"type":"LineString","coordinates":[[9.42786966341,46.59519062467],[9.42815716341,46.59547602496],[9.42842266341,46.59573042521],[9.42900446341,46.59629312578],[9.42937756341,46.59668782617],[9.42963316341,46.59698782647]]}},{"type":"Feature","properties":{"carriage_ref":"B","highway":"trunk","int_ref":"E 43","lanes":"2","maxspeed":"100","maxwidth:lanes":"2|","mindistance:hgv":"150","motorroad":"yes","oneway":"yes","ref":"A13","shoulder":"none","source:maxspeed":"sign","surface":"asphalt","toll":"yes"},"geometry":{"type":"LineString","coordinates":[[9.43978473457,46.73285941822],[9.4394107,46.7335991],[9.4390616,46.734138],[9.43870398221,46.73464000175],[9.4381593,46.7353421],[9.4374657,46.7361068],[9.4367576,46.7368734],[9.4365162,46.7371473],[9.4361582,46.7375604],[9.4359395,46.7378274],[9.4354858,46.7383943],[9.4351166,46.7389541],[9.4347838,46.7395098],[9.4339347,46.7410364],[9.4325623,46.7438029],[9.4322638,46.744389],[9.4305408,46.7477041]]}},{"type":"Feature","properties":{"carriage_ref":"A","change:lanes:backward":"no","change:lanes:forward":"no","highway":"trunk","int_ref":"E 43","lanes":"2","maxspeed":"100","mindistance:hgv":"150","motorroad":"yes","oneway":"no","overtaking":"no","ref":"A13","shoulder:left":"yes","shoulder:right":"yes","source:maxspeed":"sign","surface":"asphalt","toll":"yes"},"geometry":{"type":"LineString","coordinates":[[9.435554,46.6256183],[9.435448,46.6254847],[9.4353056,46.6252998],[9.4351235,46.6250611],[9.4349787,46.6248345],[9.4348472,46.6246052],[9.4347212,46.6243077]]}},{"type":"Feature","properties":{"carriage_ref":"A","highway":"motorway","int_ref":"E 43","lanes":"2","maxspeed":"120","oneway":"yes","ref":"A13","shoulder":"none","source:maxspeed":"CH:motorway","surface":"asphalt","toll":"yes"},"geometry":{"type":"LineString","coordinates":[[9.1993515,46.3129812],[9.1983256,46.311709],[9.1973913,46.3105316],[9.1952321,46.3078433],[9.1925338,46.3045007],[9.1899364,46.3012244],[9.1892588,46.3003907],[9.1886106,46.2996389],[9.1878802,46.2988415],[9.1872539,46.2982151],[9.1861716,46.2972089],[9.1855064,46.2966455],[9.1848143,46.2960877]]}},{"type":"Feature","properties":{"carriage_ref":"A","destination:colour:lanes":"green|green|blue;blue;white","destination:lanes":"Zizers|Zizers|Landquart;Davos;Vereina","destination:symbol:lanes":"||;;railroad_terminal","highway":"motorway","int_ref":"E 43","lanes":"3","maxspeed":"120","oneway":"yes","placement":"right_of:1","ref":"A13","shoulder:right":"yes","source:maxspeed":"CH:motorway","surface":"asphalt","toll":"yes","turn:lanes":"none|none|slight_right"},"geometry":{"type":"LineString","coordinates":[[9.5499599,46.9755797],[9.5505192,46.9748026],[9.5507643,46.9744365],[9.5510243,46.9740196]]}},{"type":"Feature","properties":{"bridge":"yes","carriage_ref":"B","highway":"trunk","int_ref":"E 43","lanes":"2","layer":"1","maxspeed":"80","maxwidth:lanes":"2|","mindistance:hgv":"150","motorroad":"yes","oneway":"yes","ref":"A13","shoulder":"none","source:maxspeed":"sign","surface":"asphalt","toll":"yes"},"geometry":{"type":"LineString","coordinates":[[9.224932,46.3712952],[9.2248923,46.3715476],[9.2248824,46.3717738],[9.2248977,46.3719483],[9.224932,46.372189],[9.2250172,46.3724644]]}},{"type":"Feature","properties":{"carriage_ref":"B","change:lanes:backward":"no","change:lanes:forward":"no","highway":"trunk","int_ref":"E 43","lanes":"2","maxspeed":"100","mindistance:hgv":"150","motorroad":"yes","oneway":"no","ref":"A13","shoulder":"none","source:maxspeed":"sign","surface":"asphalt","toll":"yes"},"geometry":{"type":"LineString","coordinates":[[9.19091036341,46.44928637872],[9.19075746341,46.449574379],[9.19065726341,46.4497688792],[9.19058986341,46.44995537939]]}},{"type":"Feature","properties":{"carriage_ref":"B","change:lanes:backward":"no","change:lanes:forward":"no","highway":"trunk","int_ref":"E 43","lanes":"2","maxspeed":"80","mindistance:hgv":"150","motorroad":"yes","oneway":"no","overtaking":"no","ref":"A13","shoulder":"none","source:maxspeed":"sign","surface":"asphalt","toll":"yes"},"geometry":{"type":"LineString","coordinates":[[9.34393976341,46.55993838938],[9.34437966341,46.56002603216],[9.34477403457,46.56010660929]]}},{"type":"Feature","properties":{"bridge":"yes","carriage_ref":"A","highway":"motorway","int_ref":"E 43","lanes":"3","layer":"1","maxspeed":"120","oneway":"yes","placement":"right_of:1","ref":"A13","shoulder:right":"yes","source:maxspeed":"CH:motorway","surface":"asphalt","toll":"yes","turn:lanes":"none|none|slight_right"},"geometry":{"type":"LineString","coordinates":[[9.5100731,47.0132232],[9.5106745,47.0129502]]}},{"type":"Feature","properties":{"bridge":"yes","carriage_ref":"B","highway":"trunk","int_ref":"E 43","lanes":"2","layer":"1","maxspeed":"100","maxwidth:lanes":"2|","mindistance:hgv":"150","motorroad":"yes","oneway":"yes","ref":"A13","shoulder":"none","source:maxspeed":"sign","surface":"asphalt","toll":"yes"},"geometry":{"type":"LineString","coordinates":[[9.43998440574,46.73234759413],[9.43978473457,46.73285941822]]}},{"type":"Feature","properties":{"carriage_ref":"A","change:lanes:backward":"no|not_right","change:lanes:forward":"not_left|not_right","highway":"trunk","int_ref":"E 43","lanes":"4","lanes:backward":"2","lanes:forward":"2","maxspeed":"80","mindistance:hgv":"150","motorroad":"yes","oneway":"no","overtaking:backward":"no","placement:forward":"middle_of:1","ref":"A13","shoulder":"none","source:maxspeed":"sign","surface":"asphalt","toll":"yes","turn:lanes:backward":"|merge_to_left"},"geometry":{"type":"LineString","coordinates":[[9.2058443,46.5314672],[9.2056163,46.5313805],[9.2052957,46.5312384],[9.2049606,46.5310847]]}},{"type":"Feature","properties":{"carriage_ref":"A","change:lanes:backward":"no|no","change:lanes:forward":"not_left|not_right","destination:lanes:forward":"San Bernardino;Nufenen|Medels","highway":"trunk","int_ref":"E 43","lanes":"4","lanes:backward":"2","maxspeed":"80","mindistance:hgv":"150","motorroad":"yes","oneway":"no","overtaking":"no","placement:backward":"left_of:1","ref":"A13","shoulder":"none","source:maxspeed":"sign","surface":"asphalt","toll":"yes","turn:lanes:forward":"|slight_right"},"geometry":{"type":"LineString","coordinates":[[9.2985132,46.5452227],[9.2982866,46.5451275]]}},{"type":"Feature","properties":{"carriage_ref":"B","destination":"Oberriet","highway":"motorway","int_ref":"E 43","lanes":"3","maxspeed":"120","oneway":"yes","placement":"right_of:1","ref":"A13","shoulder:right":"yes","source:maxspeed":"CH:motorway","surface":"asphalt","toll":"yes","turn:lanes":"none|none|merge_to_left"},"geometry":{"type":"LineString","coordinates":[[9.5191257,47.2467663],[9.5195771,47.2476351]]}},{"type":"Feature","properties":{"carriage_ref":"B","highway":"motorway","int_ref":"E 43","lanes":"3","maxspeed":"120","oneway":"yes","placement":"right_of:1","ref":"A13","shoulder:right":"yes","source:maxspeed":"CH:motorway","surface":"asphalt","toll":"yes","turn:lanes":"none|none|merge_to_left"},"geometry":{"type":"LineString","coordinates":[[9.5113627,47.0127711],[9.5106448,47.0131126]]}},{"type":"Feature","properties":{"bridge":"yes","carriage_ref":"B","change:lanes:backward":"not_left|not_right","change:lanes:forward":"no","highway":"trunk","int_ref":"E 43","lanes":"3","lanes:backward":"2","lanes:forward":"1","layer":"1","maxspeed":"80","mindistance:hgv":"150","motorroad":"yes","oneway":"no","overtaking:forward":"no","placement:backward":"middle_of:1","ref":"A13","shoulder":"none","source:maxspeed":"sign","surface":"asphalt","toll":"yes"},"geometry":{"type":"LineString","coordinates":[[9.25314416341,46.53941016883],[9.25341176341,46.53950666893]]}},{"type":"Feature","properties":{"carriage_ref":"A","highway":"motorway","int_ref":"E 43","lanes":"2","layer":"-1","maxspeed":"120","oneway":"yes","ref":"A13","surface":"asphalt","toll":"yes","tunnel":"yes"},"geometry":{"type":"LineString","coordinates":[[9.5611676,47.3027371],[9.5606717,47.3024222]]}},{"type":"Feature","properties":{"carriage_ref":"A","highway":"motorway","int_ref":"E 43","lanes":"3","maxspeed":"120","oneway":"yes","placement":"right_of:1","ref":"A13","shoulder:right":"yes","source:maxspeed":"CH:motorway","surface":"asphalt","toll":"yes","turn:lanes":"||merge_to_left"},"geometry":{"type":"LineString","coordinates":[[9.5326674,46.8748218],[9.5322289,46.8742432],[9.5318963,46.8738623],[9.531529,46.8734715],[9.5311426,46.8730904],[9.5307843,46.8727682]]}},{"type":"Feature","properties":{"carriage_ref":"B","change:lanes:backward":"no","change:lanes:forward":"no","highway":"trunk","int_ref":"E 43","lanes":"2","maxspeed:backward":"100","maxspeed:forward":"80","mindistance:hgv":"150","motorroad":"yes","oneway":"no","ref":"A13","shoulder":"none","source:maxspeed":"sign","surface":"asphalt","toll":"yes"},"geometry":{"type":"LineString","coordinates":[[9.41622893069,46.77983098145],[9.41601826341,46.78019081024],[9.41589086341,46.78048931054],[9.41574086341,46.78090861096],[9.41562256341,46.7813465114],[9.41553166341,46.78180311186],[9.41548846341,46.78217231223],[9.41545926341,46.78271591278],[9.41546436341,46.7832302133],[9.41552366341,46.78375181382]]}},{"type":"Feature","properties":{"carriage_ref":"B","highway":"motorway","int_ref":"E 43","lanes":"2","maxspeed":"120","oneway":"yes","ref":"A13","shoulder:right":"yes","source:maxspeed":"CH:motorway","surface":"asphalt","toll":"yes"},"geometry":{"type":"LineString","coordinates":[[9.5075636,47.1354746],[9.5069039,47.1367368],[9.5058991,47.1385256],[9.5048013,47.1403605],[9.5038676,47.1418137],[9.5028647,47.1432832]]}},{"type":"Feature","properties":{"carriage_ref":"A","change:lanes:backward":"no","change:lanes:forward":"not_left|not_right","highway":"trunk","int_ref":"E 43","lanes":"3","lanes:forward":"2","maxspeed:backward":"80","maxspeed:forward":"100","mindistance:hgv":"150","motorroad":"yes","oneway":"no","placement:forward":"left_of:1","ref":"A13","shoulder:left":"no","shoulder:right":"yes","source:maxspeed":"sign","source:maxspeed:forward":"CH:motorroad","surface":"asphalt","toll":"yes","turn:lanes:forward":"none|merge_to_left"},"geometry":{"type":"LineString","coordinates":[[9.4163654,46.8278524],[9.4161942,46.8277099],[9.4161007,46.8276236]]}},{"type":"Feature","properties":{"carriage_ref":"B","change:lanes:backward":"not_left|not_right","change:lanes:forward":"no","highway":"trunk","int_ref":"E 43","lanes":"3","lanes:backward":"2","layer":"-1","lit":"24/7","maxspeed":"80","mindistance:hgv":"150","motorroad":"yes","oneway":"no","overtaking:hgv:backward":"no","placement:backward":"middle_of:1","ref":"A13","shoulder":"none","source:maxspeed":"sign","surface":"asphalt","toll":"yes","tunnel":"yes","tunnel:name":"Crapteig"},"geometry":{"type":"LineString","coordinates":[[9.44861436341,46.67714980681],[9.44854356341,46.67748860715],[9.44825166341,46.67836770804],[9.44773376341,46.67925720893],[9.44690136341,46.68021280989],[9.44569276341,46.68098511066],[9.44443586341,46.68158311126],[9.44153106341,46.68258691227],[9.44010616341,46.68327391296],[9.43912096341,46.68398891367],[9.43833726341,46.6848171145],[9.43780436341,46.68578511548],[9.43763606341,46.6862124159],[9.43753056341,46.68666641636],[9.43749736341,46.68745041715],[9.43751266341,46.6879052176],[9.43757946341,46.68833691803],[9.43775946341,46.68885461855],[9.43803226341,46.68936121906],[9.43850506341,46.68997691968],[9.43904266341,46.69055022026],[9.44043286341,46.69172652144]]}},{"type":"Feature","properties":{"carriage_ref":"A","highway":"motorway","int_ref":"E 43","lanes":"3","maxspeed":"120","oneway":"yes","placement":"right_of:1","ref":"A13","shoulder:right":"yes","source:maxspeed":"CH:motorway","surface":"asphalt","toll":"yes","turn:lanes":"none|none|merge_to_left"},"geometry":{"type":"LineString","coordinates":[[9.4657409,47.0343132],[9.4663721,47.0336315],[9.4670238,47.0329558],[9.4675144,47.0324877]]}},{"type":"Feature","properties":{"carriage_ref":"B","destination:lanes":"Zürich;St. Margrethen|Zürich;St. Margrethen|Bad Ragaz","highway":"motorway","int_ref":"E 43","lanes":"3","maxspeed":"120","oneway":"yes","placement":"right_of:1","ref":"A13","shoulder:right":"yes","source:maxspeed":"CH:motorway","surface":"asphalt","toll":"yes","turn:lanes":"none|none|slight_right"},"geometry":{"type":"LineString","coordinates":[[9.4992053,47.0151178],[9.4982934,47.0153017],[9.4971845,47.0155685]]}},{"type":"Feature","properties":{"carriage_ref":"A","hazmat:water":"permissive","highway":"motorway","int_ref":"E 43","lanes":"2","maxspeed":"120","oneway":"yes","ref":"A13","surface":"asphalt","toll":"yes"},"geometry":{"type":"LineString","coordinates":[[9.6520703,47.4451929],[9.6518378,47.444992],[9.6515,47.4447216],[9.6511354,47.4444387],[9.6507447,47.4441699],[9.6501408,47.4437662],[9.6493611,47.4432667],[9.6473585,47.441984],[9.6466013,47.4414651],[9.6458646,47.4409154],[9.6453639,47.4405128],[9.6449119,47.4401101],[9.6445144,47.4397115],[9.6441318,47.4393105],[9.6437976,47.4389118],[9.6435144,47.438523],[9.6433164,47.4382448],[9.6431136,47.4379327],[9.6428901,47.4375328],[9.64274,47.4371801],[9.6426065,47.4368583],[9.6424726,47.4365121],[9.6423306,47.4360558],[9.6422681,47.4357057],[9.6422221,47.4352785],[9.6421999,47.4349743],[9.64219,47.4346447]]}},{"type":"Feature","properties":{"carriage_ref":"B","highway":"motorway","int_ref":"E 43","lanes":"2","maxspeed":"120","oneway":"yes","ref":"A13","shoulder:right":"yes","source:maxspeed":"CH:motorway","surface":"asphalt","toll":"yes"},"geometry":{"type":"LineString","coordinates":[[9.5021002,47.1443669],[9.5004786,47.1465894],[9.4996006,47.1477089]]}},{"type":"Feature","properties":{"carriage_ref":"A","highway":"motorway","int_ref":"E 43","lanes":"3","maxspeed":"80","oneway":"yes","placement":"right_of:1","ref":"A13","shoulder:right":"yes","source:maxspeed":"sign","surface":"asphalt","toll":"yes","turn:lanes":"||slight_right"},"geometry":{"type":"LineString","coordinates":[[9.1069365,46.231834],[9.1059966,46.2319302]]}},{"type":"Feature","properties":{"avz":"539","carriage_ref":"B","change:lanes:backward":"not_left|not_right","change:lanes:forward":"not_left|not_right","cs_dir:backward":"1","highway":"trunk","int_ref":"E 43","lanes":"4","lanes:forward":"2","maxspeed":"80","mindistance:hgv":"150","motorroad":"yes","oneway":"no","overtaking":"no","placement:forward":"left_of:1","ref":"A13","source:maxspeed":"sign","surface":"asphalt","toll":"yes","turn:lanes:backward":"|merge_to_left","turn:lanes:forward":"|slight_right"},"geometry":{"type":"LineString","coordinates":[[9.23993426341,46.53810136752],[9.24013966341,46.53813656756]]}},{"type":"Feature","properties":{"carriage_ref":"B","highway":"trunk","incline":"8%","int_ref":"E 43","lanes":"3","lanes:backward":"2","maxspeed":"100","mindistance:hgv":"150","motorroad":"yes","oneway":"no","placement:backward":"left_of:1","ref":"A13","shoulder":"none","source:incline":"signpost","source:maxspeed":"sign","surface":"asphalt","toll":"yes","turn:lanes:backward":"|slight_right"},"geometry":{"type":"LineString","coordinates":[[9.22680456341,46.42090185036],[9.22684196341,46.42157125103]]}},{"type":"Feature","properties":{"carriage_ref":"A","highway":"trunk","incline":"-8%","int_ref":"E 43","lanes":"1","maxspeed":"80","mindistance:hgv":"150","motorroad":"yes","oneway":"yes","ref":"A13","shoulder:right":"yes","source:incline":"signpost","source:maxspeed":"sign","surface":"asphalt","toll":"yes"},"geometry":{"type":"LineString","coordinates":[[9.2271198,46.3665747],[9.2271772,46.3661928],[9.2271891,46.3658785],[9.2272064,46.3654027],[9.2271754,46.3648505]]}},{"type":"Feature","properties":{"carriage_ref":"A","change:lanes:backward":"no","change:lanes:forward":"no","highway":"trunk","int_ref":"E 43","lanes":"2","maxspeed":"80","mindistance:hgv":"150","motorroad":"yes","oneway":"no","overtaking":"no","ref":"A13","shoulder":"none","source:maxspeed":"sign","surface":"asphalt","toll":"yes"},"geometry":{"type":"LineString","coordinates":[[9.3534221,46.5650319],[9.3532115,46.5649379],[9.3530144,46.5648436],[9.3523546,46.5645147],[9.3520609,46.5643773],[9.3518163,46.5642677],[9.3515325,46.5641597],[9.3511589,46.5640303],[9.3507412,46.563895],[9.3500699,46.5636596]]}},{"type":"Feature","properties":{"carriage_ref":"B","highway":"trunk","int_ref":"E 43","lanes":"2","maxspeed":"100","maxwidth:lanes":"2|","mindistance:hgv":"150","motorroad":"yes","oneway":"yes","ref":"A13","shoulder":"none","source:maxspeed":"sign","surface":"asphalt","toll":"yes"},"geometry":{"type":"LineString","coordinates":[[9.4214198,46.769497],[9.4212046,46.7705456],[9.421013,46.7713052],[9.420867,46.7717562],[9.4207488,46.7720869],[9.4204873,46.7727877],[9.4202091,46.7734353],[9.4200756,46.7737081]]}},{"type":"Feature","properties":{"bridge":"yes","carriage_ref":"B","highway":"trunk","int_ref":"E 43","lanes":"2","layer":"1","maxspeed":"100","maxwidth:lanes":"2|","mindistance:hgv":"150","motorroad":"yes","oneway":"yes","ref":"A13","shoulder":"none","source:maxspeed":"sign","surface":"asphalt","toll":"yes","width":"6.5"},"geometry":{"type":"LineString","coordinates":[[9.44886044806,46.70585709631],[9.44893353027,46.70635179682],[9.44896851248,46.70683315804],[9.44900916341,46.70725823702],[9.44899106341,46.70772193748],[9.44895206341,46.70807333784],[9.44887226341,46.70851683828],[9.44876006341,46.70901713878],[9.44864636341,46.7094288392]]}},{"type":"Feature","properties":{"carriage_ref":"A","destination:colour:lanes":"green|green|blue;blue","destination:country:lanes":"||FL","destination:lanes":"Haag|Haag|Sennwald;RuggelL","highway":"motorway","int_ref":"E 43","lanes":"3","maxspeed":"120","oneway":"yes","placement":"right_of:1","ref":"A13","surface":"asphalt","toll":"yes","turn:lanes":"none|none|slight_right"},"geometry":{"type":"LineString","coordinates":[[9.5167912,47.2427994],[9.5165886,47.2424419]]}},{"type":"Feature","properties":{"avalanche_protector:left":"open","carriage_ref":"B","change:lanes:backward":"no","change:lanes:forward":"no","highway":"trunk","incline":"8%","int_ref":"E 43","lanes":"2","layer":"-1","maxspeed":"80","mindistance:hgv":"150","motorroad":"yes","oneway":"no","overtaking":"no","ref":"A13","shoulder":"none","source:incline":"signpost","source:maxspeed":"sign","surface":"asphalt","toll":"yes","tunnel":"avalanche_protector","tunnel:name":"Cozz"},"geometry":{"type":"LineString","coordinates":[[9.22683896341,46.43066766012],[9.22621126341,46.43095636041],[9.22540526341,46.43125766071],[9.22469176341,46.43156186101],[9.22404566341,46.43193126138],[9.22326766341,46.432548762],[9.22194606341,46.43379876324],[9.22151076341,46.43421436366]]}},{"type":"Feature","properties":{"carriage_ref":"A","change:lanes:backward":"no","change:lanes:forward":"no","highway":"trunk","int_ref":"E 43","lanes":"2","maxspeed":"80","mindistance:hgv":"150","motorroad":"yes","oneway":"no","overtaking":"no","ref":"A13","shoulder":"none","source:maxspeed":"sign","surface":"asphalt","toll":"yes"},"geometry":{"type":"LineString","coordinates":[[9.1897417,46.5278347],[9.189347,46.5273916]]}},{"type":"Feature","properties":{"carriage_ref":"A","change:backward":"no","change:lanes:forward":"not_left|yes","highway":"trunk","int_ref":"E 43","lanes":"3","lanes:backward":"1","lanes:forward":"2","maxspeed":"80","mindistance:hgv":"150","motorroad":"yes","oneway":"no","overtaking":"no","placement:forward":"left_of:1","ref":"A13","shoulder":"none","source:maxspeed":"sign","surface":"asphalt","toll":"yes","turn:lanes:forward":"through|right"},"geometry":{"type":"LineString","coordinates":[[9.189347,46.5273916],[9.1891461,46.5271528]]}},{"type":"Feature","properties":{"carriage_ref":"B","change:lanes:backward":"no","change:lanes:forward":"no","highway":"trunk","incline":"8%","int_ref":"E 43","lanes":"2","maxspeed":"80","mindistance:hgv":"150","motorroad":"yes","oneway":"no","overtaking":"no","ref":"A13","shoulder":"none","source:incline":"signpost","source:maxspeed":"sign","surface":"asphalt","toll":"yes"},"geometry":{"type":"LineString","coordinates":[[9.21448706341,46.43762956707],[9.21311336341,46.43872806817],[9.21290446341,46.43886526831],[9.21268546341,46.43898836843],[9.21240796341,46.43909046853],[9.21207506341,46.43918236862]]}},{"type":"Feature","properties":{"carriage_ref":"B","highway":"motorway","int_ref":"E 43","lanes":"3","maxspeed":"120","oneway":"yes","placement":"right_of:1","ref":"A13","shoulder:right":"yes","source:maxspeed":"CH:motorway","surface":"asphalt","toll":"yes","turn:lanes":"none|none|merge_to_left"},"geometry":{"type":"LineString","coordinates":[[9.4996006,47.1477089],[9.498563,47.1490736]]}},{"type":"Feature","properties":{"carriage_ref":"A","hazmat:water":"permissive","highway":"motorway","int_ref":"E 43","lanes":"3","maxspeed":"120","oneway":"yes","placement":"right_of:1","ref":"A13","surface":"asphalt","toll":"yes","turn:lanes":"||merge_to_left"},"geometry":{"type":"LineString","coordinates":[[9.6449688,47.4277806],[9.6452692,47.4272272]]}},{"type":"Feature","properties":{"carriage_ref":"B","highway":"motorway","int_ref":"E 43","lanes":"2","maxspeed":"120","oneway":"yes","ref":"A13","shoulder:right":"yes","source:maxspeed":"CH:motorway","surface":"asphalt","toll":"yes"},"geometry":{"type":"LineString","coordinates":[[9.6458368,47.3959025],[9.6462407,47.3970003],[9.6465187,47.3977518],[9.6471926,47.3996537],[9.6475713,47.4007159],[9.6478437,47.4015177],[9.6481089,47.4023772],[9.6482321,47.4029548],[9.6483339,47.4034689],[9.648372,47.4037174],[9.6484083,47.4040055],[9.6484396,47.4043294]]}},{"type":"Feature","properties":{"carriage_ref":"B","change:lanes:backward":"no","change:lanes:forward":"no","destination:forward":"Chur","highway":"trunk","int_ref":"E 43","lanes":"2","maxspeed":"80","mindistance:hgv":"150","motorroad":"yes","oneway":"no","ref":"A13","shoulder":"none","source:maxspeed":"sign","surface":"asphalt","toll":"yes"},"geometry":{"type":"LineString","coordinates":[[9.42616686341,46.5784404079],[9.42644896341,46.57841360787],[9.42672886341,46.57841300787],[9.42697436341,46.5784406079]]}},{"type":"Feature","properties":{"bridge":"yes","carriage_ref":"B","highway":"motorway","int_ref":"E 43","lanes":"2","layer":"1","maxspeed":"100","oneway":"yes","ref":"A13","shoulder":"none","source:maxspeed":"sign","surface":"asphalt","toll":"yes"},"geometry":{"type":"LineString","coordinates":[[9.0710905,46.2279499],[9.0714999,46.2280204]]}},{"type":"Feature","properties":{"carriage_ref":"B","change:lanes:backward":"no|not_right","change:lanes:forward":"no","highway":"trunk","int_ref":"E 43","lanes":"3","lanes:backward":"2","maxspeed":"80","mindistance:hgv":"150","motorroad":"yes","oneway":"no","overtaking":"no","placement:forward":"left_of:1","ref":"A13","shoulder":"none","source:maxspeed":"sign","surface":"asphalt","toll":"yes","turn:lanes:backward":"|merge_to_left"},"geometry":{"type":"LineString","coordinates":[[9.29370066341,46.54435937378],[9.29428266341,46.54433547376]]}},{"type":"Feature","properties":{"carriage_ref":"B","change:lanes:backward":"not_left|not_right","change:lanes:forward":"no","highway":"trunk","int_ref":"E 43","lanes":"3","lanes:backward":"2","maxspeed":"80","mindistance:hgv":"150","motorroad":"yes","oneway":"no","overtaking":"no","placement:forward":"left_of:1","ref":"A13","shoulder":"none","source:maxspeed":"sign","surface":"asphalt","toll":"yes","turn:lanes:backward":"|merge_to_left"},"geometry":{"type":"LineString","coordinates":[[9.36049566341,46.56677559622],[9.36071696341,46.5668576963],[9.36095976341,46.56693419638],[9.36127896341,46.56702549647]]}},{"type":"Feature","properties":{"bridge":"yes","carriage_ref":"A","change:lanes:backward":"no","change:lanes:forward":"not_left|not_right","destination:lanes:forward":"Lugano;Mesocco-Sud|Mesocco-Nord","highway":"trunk","incline":"-8%","int_ref":"E 43","lanes":"3","lanes:forward":"2","layer":"1","maxspeed":"100","mindistance:hgv":"150","motorroad":"yes","oneway":"no","overtaking":"no","placement:forward":"left_of:1","ref":"A13","shoulder":"none","source:incline":"signpost","source:maxspeed":"sign","surface":"asphalt","toll":"yes","turn:lanes:forward":"|slight_right"},"geometry":{"type":"LineString","coordinates":[[9.2293735,46.4024751],[9.2293639,46.4019134]]}},{"type":"Feature","properties":{"bridge":"yes","carriage_ref":"A","highway":"motorway","int_ref":"E 43","lanes":"2","layer":"1","maxspeed":"120","oneway":"yes","ref":"A13","shoulder:right":"yes","source:maxspeed":"CH:motorway","surface":"asphalt","toll":"yes"},"geometry":{"type":"LineString","coordinates":[[9.552306,46.9690074],[9.5522571,46.9683569]]}},{"type":"Feature","properties":{"carriage_ref":"B","highway":"motorway","int_ref":"E 43","lanes":"1","maxspeed":"100","oneway":"yes","ref":"A13","shoulder:right":"yes","source:maxspeed":"sign","surface":"asphalt","toll":"yes"},"geometry":{"type":"LineString","coordinates":[[9.4639755,47.0363959],[9.4637865,47.0365843],[9.4634464,47.0369923],[9.4632317,47.0373028],[9.463079,47.0375635],[9.4629843,47.0378584],[9.4629526,47.0380768],[9.4629539,47.0382514],[9.4629968,47.0386375],[9.4630655,47.0388481],[9.4632626,47.0391791]]}},{"type":"Feature","properties":{"carriage_ref":"B","highway":"motorway","int_ref":"E 43","lanes":"2","maxspeed":"120","oneway":"yes","ref":"A13","shoulder:right":"yes","source:maxspeed":"CH:motorway","surface":"asphalt","toll":"yes"},"geometry":{"type":"LineString","coordinates":[[9.513642,47.1196858],[9.5131312,47.1212755],[9.5124747,47.1232839],[9.5117533,47.1254089]]}},{"type":"Feature","properties":{"carriage_ref":"B","highway":"motorway","int_ref":"E 43","lanes":"3","maxspeed":"120","oneway":"yes","placement":"right_of:1","ref":"A13","shoulder:right":"yes","source:maxspeed":"CH:motorway","surface":"asphalt","toll":"yes","turn:lanes":"||slight_right"},"geometry":{"type":"LineString","coordinates":[[9.5467964,46.9546318],[9.5471761,46.9555493]]}},{"type":"Feature","properties":{"carriage_ref":"B","highway":"motorway","int_ref":"E 43","lanes":"3","maxspeed":"120","oneway":"yes","placement":"right_of:1","ref":"A13","shoulder":"none","source:maxspeed":"CH:motorway","surface":"asphalt","toll":"yes","turn:lanes":"||merge_to_left"},"geometry":{"type":"LineString","coordinates":[[9.2030373,46.3175205],[9.203563,46.3181718],[9.2038822,46.3185904],[9.2042604,46.3191054]]}},{"type":"Feature","properties":{"bridge":"yes","carriage_ref":"B","highway":"trunk","incline":"8%","int_ref":"E 43","lanes":"2","layer":"1","maxspeed:backward":"100","maxspeed:forward":"80","mindistance:hgv":"150","motorroad":"yes","oneway":"no","ref":"A13","shoulder":"none","source:incline":"signpost","source:maxspeed":"sign","surface":"asphalt","toll":"yes"},"geometry":{"type":"LineString","coordinates":[[9.22912436341,46.39846562796],[9.22920956341,46.39898372848]]}},{"type":"Feature","properties":{"carriage_ref":"A","highway":"motorway","int_ref":"E 43","lanes":"2","maxspeed":"120","oneway":"yes","ref":"A13","surface":"asphalt","toll":"yes"},"geometry":{"type":"LineString","coordinates":[[9.5147918,47.0904145],[9.5141602,47.0895999],[9.5135226,47.0888593],[9.5131007,47.0884037],[9.512585,47.0878819],[9.511804,47.0871552],[9.5109959,47.0864654],[9.5101646,47.0858248],[9.5093299,47.0852141],[9.5083808,47.0845993],[9.5073793,47.0839941],[9.5061117,47.0833112],[9.5047981,47.0826486],[9.5014748,47.0811485],[9.4974126,47.0793873],[9.4956355,47.0785687],[9.4942516,47.0778889],[9.4931689,47.077338]]}},{"type":"Feature","properties":{"bridge":"yes","carriage_ref":"B","change:lanes:backward":"no","change:lanes:forward":"no","highway":"trunk","int_ref":"E 43","lanes":"2","layer":"1","maxspeed":"100","mindistance:hgv":"150","motorroad":"yes","oneway":"no","ref":"A13","shoulder:left":"yes","shoulder:right":"yes","source:maxspeed":"sign","surface":"asphalt","toll":"yes"},"geometry":{"type":"LineString","coordinates":[[9.44146276341,46.64107727065],[9.44161586341,46.64126607084],[9.44180986341,46.64146077103],[9.44197566341,46.64159447117],[9.44226056341,46.64180497138]]}},{"type":"Feature","properties":{"carriage_ref":"A","highway":"motorway","int_ref":"E 43","lanes":"2","maxspeed":"120","oneway":"yes","ref":"A13","surface":"asphalt","toll":"yes"},"geometry":{"type":"LineString","coordinates":[[9.4831008,47.0713394],[9.4821154,47.0708278],[9.4807743,47.070228],[9.4795361,47.0697369],[9.4778774,47.0691384]]}},{"type":"Feature","properties":{"bridge":"yes","carriage_ref":"A","highway":"motorway","int_ref":"E 43","lanes":"2","layer":"1","maxspeed":"120","oneway":"yes","ref":"A13","shoulder":"none","source:maxspeed":"CH:motorway","surface":"asphalt","toll":"yes"},"geometry":{"type":"LineString","coordinates":[[9.2207707,46.3554355],[9.2205673,46.3548702]]}},{"type":"Feature","properties":{"carriage_ref":"A","change:lanes":"not_left|no","destination:lanes":"San Gottardo;Lugano;Bellinzona Sud|Bellinzona Nord","highway":"motorway","int_ref":"E 43","lanes":"2","maxspeed":"100","oneway":"yes","ref":"A13","shoulder:right":"yes","source:maxspeed":"sign","surface":"asphalt","toll":"yes","turn:lanes":"through|slight_right"},"geometry":{"type":"LineString","coordinates":[[9.0483853,46.2218114],[9.0479886,46.2217556],[9.0476019,46.221719]]}},{"type":"Feature","properties":{"carriage_ref":"A","change:lanes:forward":"no","highway":"trunk","incline":"-8%","int_ref":"E 43","lanes":"2","maxspeed":"100","mindistance:hgv":"150","motorroad":"yes","oneway":"no","overtaking:forward":"no","ref":"A13","shoulder":"none","source:incline":"signpost","source:maxspeed":"sign","surface":"asphalt","toll":"yes"},"geometry":{"type":"LineString","coordinates":[[9.230642,46.4078288],[9.2307459,46.4076238],[9.2308947,46.407342],[9.2310382,46.4071059]]}},{"type":"Feature","properties":{"bridge":"yes","carriage_ref":"B","change:lanes:backward":"no","change:lanes:forward":"no","highway":"trunk","incline":"8%","int_ref":"E 43","lanes":"2","layer":"1","maxspeed":"100","mindistance:hgv":"150","motorroad":"yes","oneway":"no","overtaking":"no","ref":"A13","shoulder":"none","source:incline":"signpost","source:maxspeed":"sign","surface":"asphalt","toll":"yes"},"geometry":{"type":"LineString","coordinates":[[9.22941036341,46.40242063191],[9.22941476341,46.40266653216],[9.22945816341,46.40299263248],[9.22952916341,46.40329093278],[9.22968536341,46.40375683324],[9.22982936341,46.40405703354],[9.22999516341,46.40433373382],[9.23017086341,46.40457843406],[9.23040126341,46.40489423438]]}},{"type":"Feature","properties":{"carriage_ref":"B","change:lanes:backward":"not_left|not_right","change:lanes:forward":"no|not_right","destination:lanes:backward":"San Bernardino;Medels|Splügen;Splügenpass","highway":"trunk","int_ref":"E 43","lanes":"4","lanes:forward":"2","maxspeed":"80","mindistance:hgv":"150","motorroad":"yes","oneway":"no","overtaking":"no","placement:forward":"left_of:1","ref":"A13","shoulder":"none","source:maxspeed":"sign","surface":"asphalt","toll":"yes","turn:lanes:backward":"|slight_right","turn:lanes:forward":"|merge_to_left"},"geometry":{"type":"LineString","coordinates":[[9.32205836341,46.55115068058],[9.32245826341,46.55124668068]]}},{"type":"Feature","properties":{"carriage_ref":"B","change:lanes:backward":"no","change:lanes:forward":"no","destination:backward":"Milano;Lugano","destination:forward":"Zürich;Chur;Hinterrhein","destination:symbol:forward":"tunnel","hazmat:E:forward":"no","highway":"trunk","int_ref":"E 43","lanes":"2","maxspeed:backward":"100","maxspeed:forward":"80","mindistance:hgv":"150","motorroad":"yes","oneway":"no","overtaking":"no","ref":"A13","shoulder":"none","source:maxspeed":"sign","surface":"asphalt","toll":"yes"},"geometry":{"type":"LineString","coordinates":[[9.18729236341,46.46259039201],[9.18676876341,46.46329139271],[9.18664936341,46.46344699287]]}},{"type":"Feature","properties":{"carriage_ref":"B","change:lanes:backward":"no","change:lanes:forward":"not_left|not_right","highway":"trunk","int_ref":"E 43","lanes":"3","lanes:forward":"2","maxspeed":"100","mindistance:hgv":"150","motorroad":"yes","oneway":"no","ref":"A13","shoulder:left":"yes","shoulder:right":"yes","source:maxspeed":"sign","surface":"asphalt","toll":"yes"},"geometry":{"type":"LineString","coordinates":[[9.43283216341,46.60753113703],[9.43308706341,46.60780573731],[9.43333796341,46.60810423761]]}},{"type":"Feature","properties":{"bridge":"yes","carriage_ref":"A","highway":"motorway","int_ref":"E 43","lanes":"2","layer":"1","maxspeed":"120","oneway":"yes","ref":"A13","shoulder:right":"yes","source:maxspeed":"CH:motorway","surface":"asphalt","toll":"yes"},"geometry":{"type":"LineString","coordinates":[[9.4949045,46.8460928],[9.4947295,46.8460862]]}},{"type":"Feature","properties":{"carriage_ref":"B","change:lanes:backward":"no","change:lanes:forward":"no","highway":"trunk","int_ref":"E 43","lanes":"2","lit":"yes","maxspeed":"80","mindistance:hgv":"150","motorroad":"yes","oneway":"no","ref":"A13","shoulder":"no","source:maxspeed":"sign","surface":"asphalt","toll":"yes"},"geometry":{"type":"LineString","coordinates":[[9.41442906341,46.80575383593],[9.41423596341,46.80600813618],[9.41418036341,46.80607633625]]}},{"type":"Feature","properties":{"carriage_ref":"B","change:lanes:backward":"no","change:lanes:forward":"no","highway":"trunk","incline":"8%","int_ref":"E 43","lanes":"2","maxspeed":"100","mindistance:hgv":"150","motorroad":"yes","oneway":"no","overtaking":"no","ref":"A13","shoulder":"none","source:incline":"signpost","source:maxspeed":"sign","surface":"asphalt","toll":"yes"},"geometry":{"type":"LineString","coordinates":[[9.23040126341,46.40489423438],[9.23069536341,46.40524003472]]}},{"type":"Feature","properties":{"carriage_ref":"B","change:lanes:backward":"not_left|not_right","change:lanes:forward":"no","highway":"trunk","incline":"8%","int_ref":"E 43","lanes":"3","lanes:backward":"2","maxspeed:backward":"80","maxspeed:forward":"100","mindistance:hgv":"150","motorroad":"yes","oneway":"no","overtaking":"no","placement:backward":"left_of:1","ref":"A13","shoulder":"none","source:incline":"signpost","source:maxspeed":"sign","surface":"asphalt","toll":"yes","turn:lanes:backward":"|slight_right"},"geometry":{"type":"LineString","coordinates":[[9.23163796341,46.42115965062],[9.23154846341,46.42139245085]]}},{"type":"Feature","properties":{"avz":"539","carriage_ref":"A","change:lanes:backward":"no","change:lanes:forward":"no","cs_dir:forward":"1","highway":"trunk","int_ref":"E 43","lanes":"2","maxspeed":"80","mindistance:hgv":"150","motorroad":"yes","oneway":"no","overtaking":"no","ref":"A13","shoulder":"none","source:maxspeed":"sign","surface":"asphalt","toll":"yes"},"geometry":{"type":"LineString","coordinates":[[9.2387992,46.5380135],[9.2382946,46.5379743],[9.2376732,46.5379401],[9.2370268,46.5379398],[9.2365153,46.5379529],[9.236014,46.5379812],[9.2355766,46.5380154],[9.2351648,46.5380617],[9.234706,46.538122],[9.2341742,46.5382093],[9.2331867,46.5384095],[9.2327844,46.5384879],[9.2324223,46.5385626],[9.2321809,46.5386058],[9.231672,46.5386811]]}},{"type":"Feature","properties":{"carriage_ref":"A","highway":"trunk","int_ref":"E 43","lanes":"2","maxspeed":"100","mindistance:hgv":"150","motorroad":"yes","oneway":"no","ref":"A13","shoulder":"none","source:maxspeed":"sign","surface":"asphalt","toll":"yes"},"geometry":{"type":"LineString","coordinates":[[9.1908735,46.4493408],[9.1910199,46.4491097],[9.1912262,46.4488021],[9.191363,46.4485758],[9.1914715,46.4483724],[9.191576,46.448158],[9.191677,46.4479186],[9.1917519,46.4476517]]}},{"type":"Feature","properties":{"carriage_ref":"A","highway":"trunk","int_ref":"E 43","lanes":"1","maxspeed":"80","mindistance:hgv":"150","motorroad":"yes","oneway":"yes","ref":"A13","shoulder:right":"yes","source:maxspeed":"sign","surface":"asphalt","toll":"yes"},"geometry":{"type":"LineString","coordinates":[[9.2268191,46.3635022],[9.2266649,46.3631758],[9.2264959,46.3628371],[9.226314,46.3625354]]}},{"type":"Feature","properties":{"carriage_ref":"B","highway":"motorway","int_ref":"E 43","lanes":"3","maxspeed":"120","oneway":"yes","placement":"right_of:1","ref":"A13","shoulder:right":"yes","source:maxspeed":"CH:motorway","surface":"asphalt","toll":"yes","turn:lanes":"none|none|merge_to_left"},"geometry":{"type":"LineString","coordinates":[[9.5122236,47.0122667],[9.511627,47.0126318]]}},{"type":"Feature","properties":{"carriage_ref":"B","change:lanes:backward":"no","change:lanes:forward":"no|not_right","destination:backward":"San Bernardino;Splügen","highway":"trunk","int_ref":"E 43","lanes":"3","lanes:forward":"2","maxspeed":"80","mindistance:hgv":"150","motorroad":"yes","oneway":"no","overtaking":"no","placement:forward":"left_of:1","ref":"A13","shoulder":"none","source:maxspeed":"sign","surface":"asphalt","toll":"yes","turn:lanes:forward":"|merge_to_left"},"geometry":{"type":"LineString","coordinates":[[9.36973996341,46.5700477995],[9.37007116341,46.57019619964],[9.37040296341,46.57032309977]]}},{"type":"Feature","properties":{"carriage_ref":"B","change:lanes:backward":"no","change:lanes:forward":"no","highway":"trunk","int_ref":"E 43","lanes":"2","layer":"-1","lit":"24/7","maxspeed":"80","mindistance:hgv":"150","motorroad":"yes","oneway":"no","ref":"A13","shoulder":"none","source:maxspeed":"sign","surface":"asphalt","toll":"yes","tunnel":"yes","tunnel:name":"Viamala"},"geometry":{"type":"LineString","coordinates":[[9.44818676341,46.65943278905],[9.44802376341,46.65985548947],[9.44776906341,46.66025488987],[9.44715936341,46.66080459042],[9.44646506341,46.66138469101],[9.44615066341,46.66180009142],[9.44593416341,46.66224459187],[9.44583116341,46.66274249237],[9.44586076341,46.66334909297],[9.44608366341,46.6638721935],[9.44619686341,46.66410969374],[9.44639416341,46.66438009401],[9.44665476341,46.66462079425],[9.44703566341,46.66484879448],[9.44742656341,46.66508209471],[9.44773956341,46.66528299491]]}},{"type":"Feature","properties":{"carriage_ref":"A","change:lanes:backward":"no","change:lanes:forward":"no","destination:backward":"Zürich;Chur;Hinterrhein","destination:forward":"Milano;Lugano","destination:symbol:backward":"tunnel","hazmat:E:backward":"no","highway":"trunk","int_ref":"E 43","lanes":"2","maxspeed:backward":"80","maxspeed:forward":"100","mindistance:hgv":"150","motorroad":"yes","oneway":"no","overtaking":"no","ref":"A13","shoulder":"none","source:maxspeed":"sign","surface":"asphalt","toll":"yes"},"geometry":{"type":"LineString","coordinates":[[9.1866125,46.4635014],[9.1867319,46.4633458],[9.1872555,46.4626448]]}},{"type":"Feature","properties":{"bridge":"yes","carriage_ref":"A","change:lanes:backward":"no","change:lanes:forward":"no","highway":"trunk","incline":"-8%","int_ref":"E 43","lanes":"2","layer":"1","maxspeed:backward":"80","maxspeed:forward":"100","mindistance:hgv":"150","motorroad":"yes","oneway":"no","overtaking":"no","ref":"A13","shoulder":"none","source:incline":"signpost","source:maxspeed":"sign","surface":"asphalt","toll":"yes"},"geometry":{"type":"LineString","coordinates":[[9.2293703,46.401359],[9.2293632,46.4008649],[9.2293444,46.4003451],[9.2292854,46.3997958]]}},{"type":"Feature","properties":{"carriage_ref":"B","change:lanes:backward":"no|not_right","change:lanes:forward":"not_left|no","highway":"trunk","int_ref":"E 43","lanes":"4","lanes:backward":"2","maxspeed:backward":"100","maxspeed:forward":"80","mindistance:hgv":"150","motorroad":"yes","oneway":"no","ref":"A13","shoulder:left":"no","shoulder:right":"no","source:maxspeed":"sign","source:maxspeed:backward":"CH:motorroad","surface":"asphalt","toll":"yes","turn:lanes:backward":"|merge_to_left","turn:lanes:forward":"|slight_right"},"geometry":{"type":"LineString","coordinates":[[9.41651376341,46.82789565819],[9.41691466341,46.82819215848]]}},{"type":"Feature","properties":{"carriage_ref":"B","change:lanes:backward":"no","change:lanes:forward":"no","highway":"trunk","int_ref":"E 43","lanes":"2","maxspeed":"80","mindistance:hgv":"150","motorroad":"yes","oneway":"no","ref":"A13","shoulder":"none","source:maxspeed":"sign","surface":"asphalt","toll":"yes"},"geometry":{"type":"LineString","coordinates":[[9.41552366341,46.78375181382],[9.41563706341,46.78441191448]]}},{"type":"Feature","properties":{"carriage_ref":"B","change:lanes":"not_left|not_right|no","highway":"trunk","int_ref":"E 43","lanes":"3","maxspeed":"100","maxwidth:lanes":"2||","mindistance:hgv":"150","motorroad":"yes","oneway":"yes","placement":"right_of:1","ref":"A13","shoulder":"none","source:maxspeed":"sign","surface":"asphalt","toll":"yes"},"geometry":{"type":"LineString","coordinates":[[9.4217682,46.7674095],[9.4217044,46.767785]]}},{"type":"Feature","properties":{"carriage_ref":"A","highway":"motorway","int_ref":"E 43","lanes":"2","maxspeed":"120","oneway":"yes","ref":"A13","shoulder:right":"yes","source:maxspeed":"CH:motorway","surface":"asphalt","toll":"yes"},"geometry":{"type":"LineString","coordinates":[[9.536087,46.8840694],[9.5356205,46.8833406],[9.535414,46.8829815],[9.5352048,46.8825813],[9.5350465,46.8822189],[9.5349068,46.8818511],[9.5347298,46.8813855],[9.5345473,46.8808703],[9.5344449,46.8804352],[9.5343564,46.8800648]]}},{"type":"Feature","properties":{"bridge":"yes","carriage_ref":"B","destination":"Chur;San Bernardino","first":"true","highway":"motorway","int_ref":"E 43","layer":"1","lit":"yes","maxspeed":"120","oneway":"yes","ref":"A13","shoulder:right":"yes","source:maxspeed":"CH:motorway","surface":"asphalt","toll":"yes"},"geometry":{"type":"LineString","coordinates":[[9.0415458,46.2209869],[9.0418837,46.2210672],[9.0423397,46.2211591],[9.0426928,46.2212142],[9.0428315,46.2212314]]}},{"type":"Feature","properties":{"bridge":"yes","carriage_ref":"B","change:lanes:backward":"not_left|not_right","change:lanes:forward":"no","highway":"trunk","int_ref":"E 43","lanes":"3","lanes:backward":"2","lanes:forward":"1","layer":"1","maxspeed":"80","mindistance:hgv":"150","motorroad":"yes","oneway":"no","overtaking":"no","placement:backward":"middle_of:1","ref":"A13","source:maxspeed":"sign","surface":"asphalt","toll":"yes","turn:lanes:backward":"merge_to_right|none"},"geometry":{"type":"LineString","coordinates":[[9.20260976341,46.53044205986],[9.20288996341,46.53046665988]]}},{"type":"Feature","properties":{"carriage_ref":"A","highway":"trunk","int_ref":"E 43","lanes":"2","maxspeed":"100","mindistance:hgv":"150","motorroad":"yes","oneway":"no","ref":"A13","source:maxspeed":"sign","surface":"asphalt","toll":"yes"},"geometry":{"type":"LineString","coordinates":[[9.2871584,46.5452099],[9.2868187,46.5451491],[9.2863494,46.5450465],[9.2855166,46.5448565],[9.2848554,46.544696],[9.2841804,46.5445436],[9.2832624,46.5443353],[9.2828559,46.5442375],[9.2823328,46.544078],[9.281979,46.5439442],[9.2816918,46.5438169],[9.2813152,46.5436324],[9.2808455,46.5434129],[9.2804509,46.5432492],[9.2798518,46.5430089],[9.2791989,46.5427469],[9.2787078,46.5425514],[9.2782888,46.5423872]]}},{"type":"Feature","properties":{"bridge":"yes","carriage_ref":"A","change:lanes:backward":"no","change:lanes:forward":"no","highway":"trunk","int_ref":"E 43","lanes":"2","layer":"1","maxspeed":"80","mindistance:hgv":"150","motorroad":"yes","oneway":"no","overtaking":"no","ref":"A13","shoulder":"none","source:maxspeed":"sign","surface":"asphalt","toll":"yes"},"geometry":{"type":"LineString","coordinates":[[9.3439029,46.5599927],[9.3434724,46.5599318]]}},{"type":"Feature","properties":{"avalanche_protector:left":"open","carriage_ref":"A","change:lanes:backward":"no","change:lanes:forward":"no","highway":"trunk","int_ref":"E 43","lanes":"2","layer":"-1","lit":"24/7","maxspeed":"80","mindistance:hgv":"150","motorroad":"yes","oneway":"no","overtaking":"no","ref":"A13","shoulder":"none","source:maxspeed":"sign","surface":"asphalt","toll":"yes","tunnel":"avalanche_protector","tunnel:name":"Cassanawald"},"geometry":{"type":"LineString","coordinates":[[9.231672,46.5386811],[9.2311546,46.5387332],[9.2306978,46.5387435],[9.2302201,46.5387373],[9.2298618,46.5387003],[9.2294438,46.5386202],[9.2289272,46.53846],[9.2284584,46.5382793],[9.2279359,46.5380102],[9.2273447,46.5376282]]}},{"type":"Feature","properties":{"carriage_ref":"A","highway":"motorway","int_ref":"E 43","lanes":"2","maxspeed":"100","oneway":"yes","ref":"A13","shoulder:right":"yes","source:maxspeed":"sign","surface":"asphalt","toll":"yes"},"geometry":{"type":"LineString","coordinates":[[9.1046485,46.2320084],[9.1042133,46.2320139],[9.1037974,46.2320042],[9.1027967,46.2319598],[9.1020345,46.2319152],[9.1010094,46.2318358],[9.1001987,46.2317616],[9.0995223,46.2316867],[9.0989526,46.2316315],[9.0981584,46.2315518]]}},{"type":"Feature","properties":{"carriage_ref":"A","change:lanes:backward":"no","change:lanes:forward":"no","highway":"trunk","int_ref":"E 43","lanes":"2","maxspeed:backward":"80","maxspeed:forward":"100","mindistance:hgv":"150","motorroad":"yes","oneway":"no","ref":"A13","shoulder":"none","source:maxspeed":"sign","surface":"asphalt","toll":"yes"},"geometry":{"type":"LineString","coordinates":[[9.4154868,46.7838059],[9.4154275,46.7832843],[9.4154224,46.78277],[9.4154516,46.7822264],[9.4154948,46.7818572],[9.4155857,46.7814006],[9.415704,46.7809627],[9.41575207606,46.78053605295],[9.41582046746,46.78021918518],[9.41603044722,46.77987139074]]}},{"type":"Feature","properties":{"carriage_ref":"B","highway":"motorway","int_ref":"E 43","lanes":"2","maxspeed":"120","oneway":"yes","ref":"A13","source:maxspeed":"sign","start_date":"2017","surface":"asphalt","toll":"yes"},"geometry":{"type":"LineString","coordinates":[[9.5383561,46.8870743],[9.5387184,46.8877985],[9.5395657,46.8897737],[9.5405157,46.8919083]]}},{"type":"Feature","properties":{"avalanche_protector:right":"open","carriage_ref":"B","change:lanes:backward":"no","change:lanes:forward":"no","highway":"trunk","int_ref":"E 43","lanes":"2","layer":"-1","lit":"24/7","maxspeed":"80","mindistance:hgv":"150","motorroad":"yes","oneway":"no","ref":"A13","shoulder":"none","source:maxspeed":"sign","surface":"asphalt","toll":"yes","tunnel":"avalanche_protector"},"geometry":{"type":"LineString","coordinates":[[9.44858346341,46.66597899561],[9.44891626341,46.66633639597],[9.44916416341,46.66664519628],[9.44930056341,46.66682989647],[9.44962816341,46.66725399689],[9.44989876341,46.66761489725]]}},{"type":"Feature","properties":{"bridge":"yes","carriage_ref":"A","highway":"trunk","incline":"-8%","int_ref":"E 43","lanes":"1","layer":"1","maxspeed":"80","mindistance:hgv":"150","motorroad":"yes","oneway":"yes","ref":"A13","shoulder:right":"yes","source:incline":"signpost","source:maxspeed":"sign","surface":"asphalt","toll":"yes"},"geometry":{"type":"LineString","coordinates":[[9.2262171,46.3740623],[9.2258656,46.3737567]]}},{"type":"Feature","properties":{"carriage_ref":"A","change:lanes:backward":"no","change:lanes:forward":"no","highway":"trunk","incline":"-8%","int_ref":"E 43","lanes":"2","layer":"-1","lit":"24/7","maxspeed":"80","mindistance:hgv":"150","motorroad":"yes","oneway":"no","overtaking":"no","ref":"A13","shoulder":"none","source:incline":"signpost","source:maxspeed":"sign","surface":"asphalt","toll":"yes","tunnel":"yes","tunnel:name":"Gorda"},"geometry":{"type":"LineString","coordinates":[[9.2352773,46.388099],[9.2353735,46.3878485],[9.2353735,46.3876399],[9.2353159,46.3874213],[9.2351896,46.3870741],[9.2349982,46.386656]]}},{"type":"Feature","properties":{"carriage_ref":"A","change:lanes:backward":"no","change:lanes:forward":"no","highway":"trunk","incline":"-8%","int_ref":"E 43","lanes":"2","maxspeed":"80","mindistance:hgv":"150","motorroad":"yes","oneway":"no","overtaking":"no","ref":"A13","shoulder":"none","source:incline":"signpost","source:maxspeed":"sign","surface":"asphalt","toll":"yes"},"geometry":{"type":"LineString","coordinates":[[9.2098979,46.4379598],[9.2099202,46.438213],[9.2099814,46.438426],[9.2100808,46.4386252],[9.2102882,46.4388451],[9.2105911,46.4390444]]}},{"type":"Feature","properties":{"carriage_ref":"A","change:lanes:backward":"no","change:lanes:forward":"not_left|not_right","highway":"trunk","int_ref":"E 43","lanes":"3","lanes:backward":"1","lanes:forward":"2","maxspeed":"80","mindistance:hgv":"150","motorroad":"yes","oneway":"no","overtaking:backward":"no","placement:forward":"middle_of:1","ref":"A13","source:maxspeed":"sign","surface":"asphalt","toll":"yes"},"geometry":{"type":"LineString","coordinates":[[9.2047623,46.5309851],[9.2045203,46.530865],[9.2042727,46.5307647]]}},{"type":"Feature","properties":{"bridge":"yes","carriage_ref":"A","destination":"San Bernardino;Reichenau","highway":"motorway","int_ref":"E 43","lanes":"2","layer":"1","maxspeed":"120","oneway":"yes","ref":"A13","shoulder:right":"yes","source:maxspeed":"CH:motorway","surface":"asphalt","toll":"yes"},"geometry":{"type":"LineString","coordinates":[[9.5055051,46.8487094],[9.5052931,46.8484169]]}},{"type":"Feature","properties":{"carriage_ref":"B","highway":"trunk","int_ref":"E 43","lanes":"2","maxspeed:backward":"100","maxspeed:forward":"80","mindistance:hgv":"150","motorroad":"yes","oneway":"no","ref":"A13","shoulder:left":"yes","shoulder:right":"yes","source:maxspeed":"sign","surface":"asphalt","toll":"yes"},"geometry":{"type":"LineString","coordinates":[[9.30070906341,46.54604707547],[9.30111966341,46.54621797564],[9.30157206341,46.54640527583],[9.30194846341,46.54655657598],[9.30237786341,46.54671607614],[9.30267536341,46.54680557623],[9.30298596341,46.54688477631],[9.30334056341,46.54695687638],[9.30370966341,46.54701527644],[9.30411166341,46.54705827648],[9.30453146341,46.54708587651],[9.30502146341,46.54710377653],[9.30552516341,46.54711087654],[9.30625746341,46.54711177654],[9.30713286341,46.54711167654],[9.30746306341,46.54710997654],[9.30782016341,46.54710597653]]}},{"type":"Feature","properties":{"bridge":"yes","carriage_ref":"A","change:lanes:backward":"no","change:lanes:forward":"no","highway":"trunk","incline":"8%","int_ref":"E 43","lanes":"2","layer":"1","maxspeed":"100","mindistance:hgv":"150","motorroad":"yes","oneway":"no","ref":"A13","shoulder:left":"yes","shoulder:right":"yes","source:incline":"signpost","source:maxspeed":"sign","surface":"asphalt","toll":"yes"},"geometry":{"type":"LineString","coordinates":[[9.4308456,46.601149],[9.4309607,46.6009017],[9.4310465,46.6006851],[9.4310935,46.6004787],[9.4311361,46.6002396]]}},{"type":"Feature","properties":{"carriage_ref":"B","change:lanes:backward":"no","change:lanes:forward":"no","highway":"trunk","int_ref":"E 43","lanes":"2","maxspeed":"100","mindistance:hgv":"150","motorroad":"yes","oneway":"no","overtaking":"no","ref":"A13","shoulder":"none","source:maxspeed":"sign","surface":"asphalt","toll":"yes"},"geometry":{"type":"LineString","coordinates":[[9.19044966341,46.45105998049],[9.19045816341,46.45113288056],[9.19047856341,46.45133958077],[9.19053176341,46.45171228114]]}},{"type":"Feature","properties":{"bridge":"yes","carriage_ref":"A","change:lanes:backward":"no","change:lanes:forward":"no","highway":"trunk","int_ref":"E 43","lanes":"2","layer":"1","maxspeed":"60","mindistance:hgv":"150","motorroad":"yes","oneway":"no","overtaking":"no","ref":"A13","shoulder":"none","source:maxspeed":"sign","surface":"asphalt","toll":"yes"},"geometry":{"type":"LineString","coordinates":[[9.348957,46.5627271],[9.34864725397,46.56181575369]]}},{"type":"Feature","properties":{"carriage_ref":"B","change:lanes":"not_left|not_right|yes","destination":"St. Margrethen","hazmat:water":"permissive","highway":"motorway","int_ref":"E 43","lanes":"3","maxspeed":"120","oneway":"yes","placement":"right_of:1","ref":"A13","shoulder:right":"yes","source:maxspeed":"CH:motorway","surface":"asphalt","toll":"yes","turn:lanes":"||merge_to_left"},"geometry":{"type":"LineString","coordinates":[[9.6423382,47.4340862],[9.6423227,47.4345665]]}},{"type":"Feature","properties":{"carriage_ref":"B","change:lanes:backward":"no","change:lanes:forward":"no","highway":"trunk","incline":"8%","int_ref":"E 43","lanes":"2","layer":"-1","lit":"24/7","maxspeed":"80","mindistance:hgv":"150","motorroad":"yes","oneway":"no","overtaking":"no","ref":"A13","shoulder":"none","source:incline":"signpost","source:maxspeed":"sign","surface":"asphalt","toll":"yes","tunnel":"yes","tunnel:name":"Gorda"},"geometry":{"type":"LineString","coordinates":[[9.23503506341,46.38660151612],[9.23522646341,46.38701961654],[9.23535276341,46.38736681688],[9.23541036341,46.3875854171],[9.23541036341,46.38779401731],[9.23531416341,46.38804451756]]}},{"type":"Feature","properties":{"carriage_ref":"A","highway":"trunk","incline":"-8%","int_ref":"E 43","lanes":"2","maxspeed:backward":"80","maxspeed:forward":"100","mindistance:hgv":"150","motorroad":"yes","oneway":"no","ref":"A13","shoulder:left":"no","shoulder:right":"yes","source:incline":"signpost","source:maxspeed":"sign","surface":"asphalt","toll":"yes"},"geometry":{"type":"LineString","coordinates":[[9.2311844,46.3878971],[9.2311874,46.3876437],[9.2311753,46.3873875]]}},{"type":"Feature","properties":{"carriage_ref":"A","highway":"trunk","int_ref":"E 43","lanes":"2","maxspeed":"100","maxwidth:lanes":"2|","mindistance:hgv":"150","motorroad":"yes","oneway":"yes","ref":"A13","shoulder":"none","source:maxspeed":"sign","surface":"asphalt","toll":"yes"},"geometry":{"type":"LineString","coordinates":[[9.44683067116,46.69951920238],[9.4467321,46.6991939],[9.44666176686,46.69896448137]]}},{"type":"Feature","properties":{"carriage_ref":"B","change:lanes:backward":"no","change:lanes:forward":"no","highway":"trunk","int_ref":"E 43","lanes":"2","maxspeed":"80","mindistance:hgv":"150","motorroad":"yes","oneway":"no","overtaking":"no","ref":"A13","shoulder":"none","source:maxspeed":"sign","surface":"asphalt","toll":"yes"},"geometry":{"type":"LineString","coordinates":[[9.35010676341,46.56360529305],[9.35077806341,46.56384069328],[9.35119576341,46.56397599342],[9.35156936341,46.56410539355],[9.35185316341,46.56421339365],[9.35209776341,46.56432299376],[9.35239146341,46.5644603939],[9.35305126341,46.56478929423],[9.35324836341,46.56488359433],[9.35345896341,46.56497759442]]}},{"type":"Feature","properties":{"carriage_ref":"B","change:lanes:backward":"no","change:lanes:forward":"not_left|no","highway":"trunk","int_ref":"E 43","lanes":"3","lanes:forward":"2","maxspeed":"80","mindistance:hgv":"150","motorroad":"yes","oneway":"no","overtaking":"no","placement:forward":"left_of:1","ref":"A13","shoulder":"none","source:maxspeed":"sign","surface":"asphalt","toll":"yes","turn:lanes:forward":"|slight_right"},"geometry":{"type":"LineString","coordinates":[[9.31910966341,46.55025347968],[9.31943586341,46.55037897981]]}},{"type":"Feature","properties":{"carriage_ref":"A","destination":"Chiasso;San Bernardino;Chur;Bad Ragaz","destination:country":"I;;;","destination:int_ref":"E 43","highway":"motorway","int_ref":"E 43","lanes":"1","maxspeed":"120","oneway":"yes","placement":"transition","ref":"A13","surface":"asphalt","toll":"yes"},"geometry":{"type":"LineString","coordinates":[[9.4655816,47.0343672],[9.4657409,47.0343132]]}},{"type":"Feature","properties":{"bridge":"yes","carriage_ref":"A","change:lanes:backward":"no","change:lanes:forward":"not_left|no","highway":"trunk","int_ref":"E 43","lanes":"3","lanes:forward":"2","layer":"1","maxspeed":"80","mindistance:hgv":"150","motorroad":"yes","oneway":"no","placement:forward":"left_of:1","ref":"A13","shoulder":"none","source:maxspeed":"sign","surface":"asphalt","toll":"yes","turn:lanes:forward":"|slight_right"},"geometry":{"type":"LineString","coordinates":[[9.407946,46.8223735],[9.4077549,46.8222342],[9.4075127,46.8220428]]}},{"type":"Feature","properties":{"carriage_ref":"B","change:lanes":"yes|not_right|yes","highway":"motorway","int_ref":"E 43","lanes":"3","maxspeed":"120","oneway":"yes","placement":"right_of:1","ref":"A13","shoulder:right":"yes","source:maxspeed":"CH:motorway","surface":"asphalt","toll":"yes","turn:lanes":"none|none|merge_to_left"},"geometry":{"type":"LineString","coordinates":[[9.506278,46.8503323],[9.5063566,46.8507156],[9.5064722,46.8514888]]}},{"type":"Feature","properties":{"carriage_ref":"A","highway":"trunk","incline":"-8%","int_ref":"E 43","lanes":"2","maxspeed:backward":"80","maxspeed:forward":"60","mindistance:hgv":"150","motorroad":"yes","oneway":"no","ref":"A13","shoulder:left":"no","shoulder:right":"yes","source:incline":"signpost","source:maxspeed":"sign","surface":"asphalt","toll":"yes"},"geometry":{"type":"LineString","coordinates":[[9.2311753,46.3873875],[9.2311569,46.3869958]]}},{"type":"Feature","properties":{"bridge":"yes","bridge:name":"Cascellabrücke","carriage_ref":"B","highway":"trunk","incline":"8%","int_ref":"E 43","lanes":"2","layer":"1","maxspeed":"100","mindistance:hgv":"150","motorroad":"yes","oneway":"no","ref":"A13","shoulder":"none","source:incline":"signpost","source:maxspeed":"sign","surface":"asphalt","toll":"yes","wikidata":"Q36943556","wikipedia":"de:Cascellabrücke"},"geometry":{"type":"LineString","coordinates":[[9.2283802806,46.41354836122],[9.22889314013,46.41368997676],[9.22966832478,46.41396189294],[9.23034276897,46.41430824691]]}},{"type":"Feature","properties":{"carriage_ref":"B","destination:country:lanes":"||D;A;FL","destination:int_ref:lanes":"||E 43","destination:lanes":"Zürich;Sargans|Zürich;Sargans|St. Gallen;St. Margrethen;München;Feldkirch;Vaduz","destination:ref:lanes":"A3|A3|A13","highway":"motorway","int_ref":"E 43","lanes":"3","maxspeed":"120","oneway":"yes","placement":"right_of:1","ref":"A13","shoulder:right":"yes","source:maxspeed":"CH:motorway","surface":"asphalt","toll":"yes","turn:lanes":"||slight_right"},"geometry":{"type":"LineString","coordinates":[[9.4656688,47.0345872],[9.4654052,47.0348639],[9.4652703,47.034999]]}},{"type":"Feature","properties":{"carriage_ref":"B","change:lanes:backward":"no|no","change:lanes:forward":"no|no","highway":"trunk","int_ref":"E 43","lanes":"4","lanes:backward":"2","maxspeed":"100","maxspeed:lanes:forward":"100|80","mindistance:hgv":"150","motorroad":"yes","oneway":"no","ref":"A13","shoulder:left":"yes","shoulder:right":"no","source:maxspeed":"sign","source:maxspeed:backward":"CH:motorroad","surface":"asphalt","toll":"yes","turn:lanes:forward":"|slight_right"},"geometry":{"type":"LineString","coordinates":[[9.41709606341,46.8283119586],[9.4173216812,46.82846777489]]}},{"type":"Feature","properties":{"bridge":"yes","carriage_ref":"B","highway":"trunk","incline":"-8%","int_ref":"E 43","lanes":"2","layer":"1","maxspeed":"100","mindistance:hgv":"150","motorroad":"yes","oneway":"no","ref":"A13","shoulder":"none","source:incline":"signpost","source:maxspeed":"sign","surface":"asphalt","toll":"yes"},"geometry":{"type":"LineString","coordinates":[[9.42963316341,46.59698782647],[9.42986206341,46.59728512677]]}},{"type":"Feature","properties":{"carriage_ref":"B","highway":"trunk","incline":"8%","int_ref":"E 43","lanes":"4","lanes:backward":"2","maxspeed":"100","mindistance:hgv":"150","motorroad":"yes","oneway":"no","ref":"A13","shoulder":"none","source:incline":"signpost","source:maxspeed":"sign","surface":"asphalt","toll":"yes","turn:lanes:backward":"|merge_to_left","turn:lanes:forward":"|slight_right"},"geometry":{"type":"LineString","coordinates":[[9.22675806341,46.42006394953],[9.22679616341,46.42047504994]]}},{"type":"Feature","properties":{"carriage_ref":"A","change:lanes:backward":"no","change:lanes:forward":"not_left|not_right","highway":"trunk","int_ref":"E 43","lanes":"3","lanes:backward":"1","lanes:forward":"2","maxspeed":"80","mindistance:hgv":"150","motorroad":"yes","oneway":"no","overtaking":"no","placement:forward":"middle_of:1","ref":"A13","source:maxspeed":"sign","surface":"asphalt","toll":"yes","turn:lanes:forward":"merge_to_right|none"},"geometry":{"type":"LineString","coordinates":[[9.2042727,46.5307647],[9.2040195,46.5306916],[9.2036961,46.5306263],[9.2032988,46.5305667],[9.2028531,46.530521]]}},{"type":"Feature","properties":{"bridge":"yes","carriage_ref":"A","change:lanes:backward":"no","change:lanes:forward":"not_left|not_right","highway":"trunk","int_ref":"E 43","lanes":"3","lanes:forward":"2","layer":"1","maxspeed":"80","mindistance:hgv":"150","motorroad":"yes","oneway":"no","placement:forward":"left_of:1","ref":"A13","shoulder":"none","source:maxspeed":"sign","surface":"asphalt","toll":"yes","turn:lanes:forward":"|slight_right"},"geometry":{"type":"LineString","coordinates":[[9.4081596,46.8225167],[9.407946,46.8223735]]}},{"type":"Feature","properties":{"carriage_ref":"B","change:lanes:backward":"no","change:lanes:forward":"no","highway":"trunk","int_ref":"E 43","lanes":"2","maxspeed":"80","mindistance:hgv":"150","motorroad":"yes","oneway":"no","overtaking":"no","ref":"A13","shoulder":"none","source:maxspeed":"sign","surface":"asphalt","toll":"yes"},"geometry":{"type":"LineString","coordinates":[[9.18938386341,46.52733725675],[9.18977856341,46.52778035719]]}},{"type":"Feature","properties":{"carriage_ref":"A","change:lanes:backward":"no","change:lanes:forward":"no","highway":"trunk","int_ref":"E 43","lanes":"2","maxspeed":"80","mindistance:hgv":"150","motorroad":"yes","oneway":"no","overtaking":"no","ref":"A13","shoulder":"none","source:maxspeed":"sign","surface":"asphalt","toll":"yes"},"geometry":{"type":"LineString","coordinates":[[9.38233638836,46.56838017976],[9.38212844418,46.5689938],[9.3820343,46.56918832753]]}},{"type":"Feature","properties":{"carriage_ref":"A","destination":"Oberriet","highway":"motorway","int_ref":"E 43","lanes":"3","maxspeed":"120","oneway":"yes","placement":"right_of:1","ref":"A13","surface":"asphalt","toll":"yes","turn:lanes":"none|none|merge_to_left"},"geometry":{"type":"LineString","coordinates":[[9.6070006,47.3572945],[9.6068912,47.3572143],[9.606335,47.3568114],[9.6057593,47.3563512],[9.6051006,47.3557819]]}},{"type":"Feature","properties":{"carriage_ref":"B","change:lanes:backward":"no","change:lanes:forward":"no","highway":"trunk","int_ref":"E 43","lanes":"2","maxspeed":"80","mindistance:hgv":"150","motorroad":"yes","oneway":"no","overtaking":"no","ref":"A13","shoulder":"none","source:maxspeed":"sign","surface":"asphalt","toll":"yes"},"geometry":{"type":"LineString","coordinates":[[9.35613486341,46.56562679507],[9.35668256341,46.56566939511],[9.35709836341,46.56570219514],[9.35743526341,46.56573829518],[9.35774196341,46.56578559523],[9.35800396341,46.56583789528],[9.35821276341,46.56588419533],[9.35854666341,46.56597269542],[9.35880186341,46.5660563955],[9.35910056341,46.56616639561],[9.35930346341,46.5662536957],[9.35952026341,46.56634889579],[9.35990026341,46.56652209597],[9.36024176341,46.56667349612],[9.36049566341,46.56677559622]]}},{"type":"Feature","properties":{"carriage_ref":"A","highway":"motorway","int_ref":"E 43","lanes":"2","maxspeed":"120","oneway":"yes","ref":"A13","shoulder":"none","source:maxspeed":"CH:motorway","surface":"asphalt","toll":"yes"},"geometry":{"type":"LineString","coordinates":[[9.1587187,46.2525382],[9.1579181,46.2517298],[9.1577385,46.2515485],[9.1567389,46.2505995],[9.1556558,46.2495929],[9.1551317,46.2491235],[9.1545605,46.2486099],[9.1539073,46.248096],[9.1533816,46.2476879],[9.1527796,46.2472725],[9.1521773,46.2468866],[9.1515092,46.246495],[9.1509166,46.2461929],[9.1503479,46.2459051],[9.1495085,46.2455195]]}},{"type":"Feature","properties":{"carriage_ref":"A","destination":"Italien;San Bernardino;St. Moritz;Thusis","destination:colour":"green","destination:country":"I;;;","highway":"motorway","int_ref":"E 43","lanes":"1","maxspeed":"100","oneway":"yes","ref":"A13","shoulder:right":"yes","source:destination":"survey 08.2018","surface":"asphalt","toll":"yes"},"geometry":{"type":"LineString","coordinates":[[9.4195016,46.8295976],[9.4192302,46.8294646],[9.4187513,46.8292679],[9.4182728,46.8290464]]}},{"type":"Feature","properties":{"carriage_ref":"A","change:backward":"no","change:lanes:forward":"not_left|yes","hazmat:E":"no","highway":"trunk","int_ref":"E 43","lanes":"3","lanes:backward":"1","lanes:forward":"2","lit":"yes","maxspeed":"80","mindistance:hgv":"150","motorroad":"yes","oneway":"no","overtaking":"no","placement:forward":"left_of:1","ref":"A13","shoulder":"none","source:maxspeed":"sign","surface":"asphalt","toll":"yes","turn:lanes:forward":"none|merge_to_left"},"geometry":{"type":"LineString","coordinates":[[9.1880089,46.5257467],[9.1876464,46.5252785]]}},{"type":"Feature","properties":{"carriage_ref":"A","change:lanes:backward":"no","change:lanes:forward":"not_left|not_right","highway":"trunk","int_ref":"E 43","lanes":"3","lanes:forward":"2","maxspeed":"80","mindistance:hgv":"150","motorroad":"yes","oneway":"no","overtaking:hgv:forward":"no","placement:forward":"middle_of:1","ref":"A13","shoulder":"none","source:maxspeed":"sign","surface":"asphalt","toll":"yes"},"geometry":{"type":"LineString","coordinates":[[9.4406031,46.6919492],[9.4405134,46.6918773],[9.440396,46.6917807]]}},{"type":"Feature","properties":{"avz":"25","bridge":"yes","carriage_ref":"A","highway":"motorway","int_ref":"E 43","lanes":"2","layer":"1","maxspeed":"120","oneway":"yes","ref":"A13","shoulder:right":"yes","source:maxspeed":"CH:motorway","ssvz":"83N","surface":"asphalt","toll":"yes"},"geometry":{"type":"LineString","coordinates":[[9.5064678,47.0142218],[9.5068102,47.0141642]]}},{"type":"Feature","properties":{"carriage_ref":"A","change:lanes:backward":"no|not_right","change:lanes:forward":"no","highway":"trunk","int_ref":"E 43","lanes":"3","lanes:backward":"2","maxspeed":"80","mindistance:hgv":"150","motorroad":"yes","oneway":"no","overtaking":"no","placement:backward":"left_of:1","ref":"A13","shoulder:left":"yes","shoulder:right":"yes","source:maxspeed":"sign","surface":"asphalt","toll":"yes","turn:lanes:backward":"|merge_to_left"},"geometry":{"type":"LineString","coordinates":[[9.299342,46.5455593],[9.2987573,46.5453214]]}},{"type":"Feature","properties":{"carriage_ref":"B","highway":"motorway","int_ref":"E 43","lanes":"1","lit":"yes","maxspeed":"100","oneway":"yes","ref":"A13","shoulder:right":"yes","source:maxspeed":"sign","surface":"asphalt","toll":"yes"},"geometry":{"type":"LineString","coordinates":[[9.0447043,46.2214179],[9.0451161,46.2214473],[9.0457759,46.2214932],[9.0467805,46.2215665],[9.0470903,46.2215946]]}},{"type":"Feature","properties":{"carriage_ref":"A","destination":"San Bernardino;Reichenau","highway":"motorway","int_ref":"E 43","lanes":"2","maxspeed":"120","oneway":"yes","ref":"A13","shoulder:right":"yes","source:maxspeed":"CH:motorway","surface":"asphalt","toll":"yes"},"geometry":{"type":"LineString","coordinates":[[9.5052931,46.8484169],[9.5048136,46.8478775],[9.5045391,46.8476437],[9.5041036,46.8473135],[9.5035606,46.8469736],[9.5029475,46.8466836],[9.5023639,46.8464626],[9.5017855,46.8462897],[9.5012114,46.8461756],[9.5006243,46.8460949]]}},{"type":"Feature","properties":{"carriage_ref":"A","highway":"trunk","incline":"-8%","int_ref":"E 43","lanes":"2","maxspeed":"100","mindistance:hgv":"150","motorroad":"yes","oneway":"no","ref":"A13","shoulder":"none","source:incline":"signpost","source:maxspeed":"sign","surface":"asphalt","toll":"yes"},"geometry":{"type":"LineString","coordinates":[[9.2308407,46.4209247],[9.2304817,46.4212278],[9.2298299,46.4217455],[9.2291191,46.4222836],[9.2286041,46.4226959],[9.2283057,46.4229277],[9.2279532,46.4232321],[9.2277324,46.4234466],[9.2275616,46.42365],[9.2274401,46.4238237],[9.2273658,46.4239753],[9.2273167,46.4241411],[9.2273038,46.424283],[9.2272765,46.4245824],[9.2272295,46.4247987],[9.2271877,46.4249505],[9.2270902,46.4250988],[9.2269457,46.42519],[9.2267458,46.4252503],[9.2265401,46.4252517],[9.2263631,46.4251943],[9.2262225,46.4250982],[9.2261374,46.4249721],[9.2261175,46.4248201],[9.226162,46.424629],[9.2263023,46.4243728],[9.2264847,46.4241399],[9.2266581,46.4238835],[9.2267585,46.4236482],[9.2268097,46.4233726],[9.2268415,46.4230402],[9.2268493,46.4225892],[9.2268419,46.4221282],[9.2268051,46.4216257]]}},{"type":"Feature","properties":{"carriage_ref":"A","change:lanes:backward":"no","change:lanes:forward":"no","highway":"trunk","int_ref":"E 43","lanes":"2","maxspeed":"80","mindistance:hgv":"150","motorroad":"yes","oneway":"no","overtaking":"no","ref":"A13","source:maxspeed":"sign","surface":"asphalt","toll":"yes"},"geometry":{"type":"LineString","coordinates":[[9.2587709,46.5398384],[9.2585126,46.5397635],[9.2581916,46.5396798],[9.2578773,46.5396138],[9.2575492,46.5395563]]}},{"type":"Feature","properties":{"bridge":"yes","bridge:name":"Naninbrücke","carriage_ref":"A","highway":"trunk","incline":"-8%","int_ref":"E 43","lanes":"2","layer":"1","maxspeed":"100","mindistance:hgv":"150","motorroad":"yes","oneway":"no","ref":"A13","shoulder":"none","source:incline":"signpost","source:maxspeed":"sign","surface":"asphalt","toll":"yes","wikidata":"Q36954278","wikipedia":"de:Naninbrücke"},"geometry":{"type":"LineString","coordinates":[[9.22920616138,46.41219172843],[9.22965151905,46.41224714853],[9.23111601534,46.41277792338]]}},{"type":"Feature","properties":{"carriage_ref":"B","highway":"motorway","int_ref":"E 43","lanes":"2","maxspeed":"100","oneway":"yes","ref":"A13","shoulder":"none","source:maxspeed":"sign","surface":"asphalt","toll":"yes"},"geometry":{"type":"LineString","coordinates":[[9.0490195,46.2218288],[9.0493395,46.2218881],[9.0501357,46.2220461],[9.05093,46.2222295],[9.0517128,46.2224446],[9.0525852,46.2227065],[9.0539932,46.2231536],[9.0561408,46.2238607],[9.0582745,46.2245735],[9.0602794,46.2252432],[9.0612366,46.2255654],[9.0626103,46.2260244],[9.0637872,46.226404],[9.0647426,46.2267277],[9.0656641,46.2270293],[9.066517,46.2272689],[9.0671384,46.2274141],[9.0677648,46.2275353],[9.0682907,46.2276183],[9.06874,46.2276794],[9.0692371,46.2277282],[9.0698978,46.2277983],[9.0705542,46.2278719],[9.0710905,46.2279499]]}},{"type":"Feature","properties":{"carriage_ref":"B","change:lanes:backward":"no|no","change:lanes:forward":"no|no","destination:lanes:backward":"San Bernardino;Hinterrhein|Nufenen","highway":"trunk","int_ref":"E 43","lanes":"4","lanes:forward":"2","maxspeed":"80","mindistance:hgv":"150","motorroad":"yes","oneway":"no","overtaking":"no","placement:forward":"left_of:1","ref":"A13","source:maxspeed":"sign","surface":"asphalt","toll":"yes","turn:lanes:backward":"|slight_right"},"geometry":{"type":"LineString","coordinates":[[9.24594446341,46.53846556789],[9.24612366341,46.53849256791]]}},{"type":"Feature","properties":{"carriage_ref":"A","change:lanes:backward":"no","change:lanes:forward":"no","destination:forward":"San Bernardino;Rofla","highway":"trunk","int_ref":"E 43","lanes":"2","maxspeed":"100","mindistance:hgv":"150","motorroad":"yes","oneway":"no","overtaking":"no","ref":"A13","shoulder:left":"yes","shoulder:right":"yes","source:maxspeed":"sign","surface":"asphalt","toll":"yes"},"geometry":{"type":"LineString","coordinates":[[9.444548,46.6429866],[9.4441116,46.6428064]]}},{"type":"Feature","properties":{"carriage_ref":"B","highway":"trunk","int_ref":"E 43","lanes":"3","maxspeed":"100","maxwidth:lanes":"2||","mindistance:hgv":"150","motorroad":"yes","oneway":"yes","placement":"right_of:1","ref":"A13","shoulder":"none","source:maxspeed":"sign","surface":"asphalt","toll":"yes","turn:lanes":"||merge_to_left"},"geometry":{"type":"LineString","coordinates":[[9.44345606341,46.71638734618],[9.44270066341,46.71725164705],[9.44200406341,46.7181016479]]}},{"type":"Feature","properties":{"bridge":"yes","carriage_ref":"A","change:lanes:backward":"no","change:lanes:forward":"no","highway":"trunk","int_ref":"E 43","lanes":"2","layer":"1","maxspeed":"80","motorroad":"yes","overtaking":"no","ref":"A13","shoulder":"none","source:maxspeed":"sign","surface":"asphalt","toll":"yes"},"geometry":{"type":"LineString","coordinates":[[9.139528,46.2367969],[9.1390879,46.2358279]]}},{"type":"Feature","properties":{"bridge":"viaduct","carriage_ref":"A","change:lanes:backward":"no","change:lanes:forward":"no","highway":"trunk","incline":"-8%","int_ref":"E 43","lanes":"2","layer":"1","maxspeed":"80","mindistance:hgv":"150","motorroad":"yes","oneway":"no","overtaking":"no","ref":"A13","shoulder":"none","source:incline":"signpost","source:maxspeed":"sign","surface":"asphalt","toll":"yes"},"geometry":{"type":"LineString","coordinates":[[9.2100759,46.4373677],[9.2100037,46.4375358]]}},{"type":"Feature","properties":{"carriage_ref":"A","destination":"Chiasso;San Bernardino;Chur;Bad Ragaz","destination:country":"I;;;","destination:int_ref":"E 43","highway":"motorway","int_ref":"E 43","lanes":"2","maxspeed":"80","oneway":"yes","ref":"A13","surface":"asphalt","toll":"yes"},"geometry":{"type":"LineString","coordinates":[[9.4632056,47.0393892],[9.4629159,47.0390743],[9.4624598,47.038571],[9.4616828,47.0377002]]}},{"type":"Feature","properties":{"carriage_ref":"B","highway":"trunk","int_ref":"E 43","lanes":"1","maxspeed":"100","mindistance:hgv":"150","motorroad":"yes","oneway":"yes","overtaking":"no","ref":"A13","shoulder":"none","source:maxspeed":"sign","surface":"asphalt","toll":"yes"},"geometry":{"type":"LineString","coordinates":[[9.2265266,46.3626083],[9.22674,46.362987],[9.2269559,46.36348]]}},{"type":"Feature","properties":{"bridge":"yes","carriage_ref":"B","change:lanes:backward":"not_left|not_right","change:lanes:forward":"not_left|not_right","highway":"trunk","int_ref":"E 43","lanes":"4","lanes:backward":"2","layer":"1","maxspeed":"100","mindistance:hgv":"150","motorroad":"yes","oneway":"no","ref":"A13","shoulder:left":"yes","shoulder:right":"yes","source:maxspeed":"sign","surface":"asphalt","toll":"yes"},"geometry":{"type":"LineString","coordinates":[[9.43358956341,46.61197214148],[9.43344746341,46.61231974183]]}},{"type":"Feature","properties":{"carriage_ref":"B","change:lanes:backward":"no","change:lanes:forward":"no","highway":"trunk","incline":"8%","int_ref":"E 43","lanes":"2","layer":"-1","maxspeed":"80","mindistance:hgv":"150","motorroad":"yes","oneway":"no","overtaking":"no","ref":"A13","shoulder":"none","source:incline":"signpost","source:maxspeed":"sign","surface":"asphalt","toll":"yes","tunnel":"yes","tunnel:alt_name":"Land","tunnel:name":"Cozz"},"geometry":{"type":"LineString","coordinates":[[9.22151076341,46.43421436366],[9.22116216341,46.43448316393],[9.22041466341,46.43504826449],[9.22011966341,46.43522196467],[9.21967016341,46.43539816484],[9.21919846341,46.43553736498]]}},{"type":"Feature","properties":{"carriage_ref":"A","change:lanes:backward":"no","change:lanes:forward":"not_left|not_right","highway":"trunk","int_ref":"E 43","lanes":"3","lanes:forward":"2","maxspeed":"80","mindistance:hgv":"150","motorroad":"yes","oneway":"no","placement:forward":"left_of:1","ref":"A13","shoulder":"none","source:maxspeed":"sign","surface":"asphalt","toll":"yes","turn:lanes:forward":"|slight_right"},"geometry":{"type":"LineString","coordinates":[[9.4085437,46.8227601],[9.4081596,46.8225167]]}},{"type":"Feature","properties":{"carriage_ref":"A","change:lanes:backward":"no|not_right","change:lanes:forward":"no","highway":"trunk","int_ref":"E 43","lanes":"3","lanes:backward":"2","lanes:forward":"1","maxspeed":"80","mindistance:hgv":"150","motorroad":"yes","oneway":"no","overtaking":"no","ref":"A13","shoulder":"none","source:maxspeed":"sign","surface":"asphalt","toll":"yes","turn:lanes:backward":"none|merge_to_left"},"geometry":{"type":"LineString","coordinates":[[9.1933267,46.5298414],[9.1930099,46.5297031],[9.192684,46.5295546],[9.1921512,46.5293088]]}},{"type":"Feature","properties":{"carriage_ref":"A","highway":"motorway","int_ref":"E 43","lanes":"2","maxspeed":"120","oneway":"yes","ref":"A13","surface":"asphalt","toll":"yes"},"geometry":{"type":"LineString","coordinates":[[9.4772474,47.0689275],[9.4758021,47.0684286],[9.4744206,47.0678905],[9.4736542,47.0675525],[9.4731027,47.0672798],[9.4722465,47.0668015],[9.4716485,47.0664208],[9.4710477,47.0659706],[9.4705123,47.0654636],[9.4700142,47.0649116],[9.4696735,47.064441]]}},{"type":"Feature","properties":{"carriage_ref":"A","destination":"Lugano;Roveredo","highway":"motorway","int_ref":"E 43","lanes":"2","maxspeed":"120","oneway":"yes","ref":"A13","shoulder":"none","source:maxspeed":"CH:motorway","surface":"asphalt","toll":"yes"},"geometry":{"type":"LineString","coordinates":[[9.2029653,46.3176021],[9.2010399,46.3150986],[9.2007003,46.3146627]]}},{"type":"Feature","properties":{"carriage_ref":"B","highway":"trunk","incline":"8%","int_ref":"E 43","lanes":"2","maxspeed:backward":"100","maxspeed:forward":"80","mindistance:hgv":"150","motorroad":"yes","oneway":"no","ref":"A13","shoulder":"none","source:incline":"signpost","source:maxspeed":"sign","surface":"asphalt","toll":"yes"},"geometry":{"type":"LineString","coordinates":[[9.23122126341,46.38784261736],[9.23120536341,46.38815581767],[9.23115266341,46.38884901836]]}},{"type":"Feature","properties":{"carriage_ref":"A","change:lanes:backward":"no","change:lanes:forward":"no","highway":"trunk","int_ref":"E 43","lanes":"2","maxspeed":"80","mindistance:hgv":"150","motorroad":"yes","oneway":"no","ref":"A13","shoulder":"none","source:maxspeed":"sign","surface":"asphalt","toll":"yes"},"geometry":{"type":"LineString","coordinates":[[9.4060469,46.8202452],[9.405962,46.8200606],[9.4058575,46.8197855],[9.4057619,46.8194777],[9.4057238,46.8192769],[9.4056903,46.819067],[9.4056706,46.8188457],[9.4056613,46.8186039],[9.4056709,46.8183725],[9.4057076,46.8180178],[9.4057667,46.8177216],[9.4058266,46.8174824],[9.4059418,46.817121],[9.4061323,46.81666],[9.4064061,46.8160924],[9.4066968,46.815578],[9.4070416,46.815019],[9.4074764,46.8143574],[9.4080138,46.8136414],[9.4086751,46.8128034],[9.4093751,46.8119367],[9.4095,46.8117733],[9.4095489,46.8117093]]}},{"type":"Feature","properties":{"carriage_ref":"B","change:lanes:backward":"no","change:lanes:forward":"no","highway":"trunk","int_ref":"E 43","lanes":"2","maxspeed":"80","mindistance:hgv":"150","motorroad":"yes","oneway":"no","ref":"A13","shoulder":"none","source:maxspeed":"sign","surface":"asphalt","toll":"yes"},"geometry":{"type":"LineString","coordinates":[[9.44773956341,46.66528299491],[9.44793366341,46.66542169505],[9.44847666341,46.66587239551]]}},{"type":"Feature","properties":{"bridge":"yes","carriage_ref":"B","change:lanes:backward":"no","change:lanes:forward":"no","destination:backward":"San Bernardino;Sufers","highway":"trunk","int_ref":"E 43","lanes":"2","layer":"1","lit":"yes","maxspeed":"80","mindistance:hgv":"150","motorroad":"yes","oneway":"no","ref":"A13","shoulder":"none","source:maxspeed":"sign","surface":"asphalt","toll":"yes"},"geometry":{"type":"LineString","coordinates":[[9.42806466341,46.5791400086],[9.42811926341,46.57925300871]]}},{"type":"Feature","properties":{"carriage_ref":"B","destination:colour:lanes":"green|green|blue;blue","destination:country:lanes":"||FL","destination:lanes":"Oberriet|Oberriet|Sennwald;Ruggell","highway":"motorway","int_ref":"E 43","lanes":"3","maxspeed":"120","oneway":"yes","placement":"right_of:1","ref":"A13","shoulder:right":"yes","source:maxspeed":"CH:motorway","surface":"asphalt","toll":"yes","turn:lanes":"none|none|slight_right"},"geometry":{"type":"LineString","coordinates":[[9.517024,47.2429115],[9.5173958,47.2435465]]}},{"type":"Feature","properties":{"carriage_ref":"B","change:lanes:backward":"not_left|not_right","change:lanes:forward":"no","highway":"trunk","int_ref":"E 43","lanes":"3","lanes:backward":"2","lanes:forward":"1","maxspeed":"80","mindistance:hgv":"150","motorroad":"yes","oneway":"no","overtaking:forward":"no","placement:backward":"middle_of:1","ref":"A13","source:maxspeed":"sign","surface":"asphalt","toll":"yes"},"geometry":{"type":"LineString","coordinates":[[9.20479916341,46.53093076035],[9.20499746341,46.53103036045]]}},{"type":"Feature","properties":{"carriage_ref":"B","change:lanes:backward":"no","change:lanes:forward":"no","highway":"trunk","incline":"8%","int_ref":"E 43","lanes":"2","maxspeed":"80","mindistance:hgv":"150","motorroad":"yes","oneway":"no","overtaking":"no","ref":"A13","shoulder":"none","source:incline":"signpost","source:maxspeed":"sign","surface":"asphalt","toll":"yes"},"geometry":{"type":"LineString","coordinates":[[9.20998746341,46.43766636711],[9.21000816341,46.43759406704],[9.21004056341,46.43748136692]]}},{"type":"Feature","properties":{"carriage_ref":"B","destination:colour:lanes":"green|green|blue;blue;blue","destination:country:lanes":"||FL","destination:lanes":"Haag|Haag|Buchs;Grabs;Schaan","highway":"motorway","int_ref":"E 43","lanes":"3","maxspeed":"120","oneway":"yes","placement":"right_of:1","ref":"A13","shoulder:right":"yes","source:maxspeed":"CH:motorway","surface":"asphalt","toll":"yes","turn:lanes":"none|none|slight_right"},"geometry":{"type":"LineString","coordinates":[[9.4900777,47.1619697],[9.4895231,47.1630534]]}},{"type":"Feature","properties":{"bridge":"yes","carriage_ref":"A","highway":"trunk","incline":"-8%","int_ref":"E 43","lanes":"2","layer":"1","maxspeed":"100","mindistance:hgv":"150","motorroad":"yes","oneway":"no","ref":"A13","shoulder":"none","source:incline":"signpost","source:maxspeed":"sign","surface":"asphalt","toll":"yes"},"geometry":{"type":"LineString","coordinates":[[9.2315827,46.409782],[9.2313842,46.4096822],[9.2311643,46.4095268]]}},{"type":"Feature","properties":{"carriage_ref":"B","change:lanes:backward":"not_left|not_right","change:lanes:forward":"no","highway":"trunk","int_ref":"E 43","lanes":"3","lanes:backward":"2","lanes:forward":"1","maxspeed":"80","mindistance:hgv":"150","motorroad":"yes","oneway":"no","overtaking:forward":"no","placement:backward":"middle_of:1","ref":"A13","shoulder":"none","source:maxspeed":"sign","surface":"asphalt","toll":"yes"},"geometry":{"type":"LineString","coordinates":[[9.20649536341,46.531587261],[9.20680876341,46.53163796105],[9.20706936341,46.53165646107],[9.20732296341,46.53165786107],[9.20756196341,46.53164636106],[9.20783926341,46.53160896102],[9.20808806341,46.53156116098],[9.20832726341,46.53150886092],[9.20862636341,46.53142856084],[9.20914166341,46.53129756071],[9.20948186341,46.53122686064],[9.20977756341,46.53119116061],[9.21015636341,46.53117316059]]}},{"type":"Feature","properties":{"bridge":"yes","carriage_ref":"B","change:lanes:backward":"no|not_right","change:lanes:forward":"no","highway":"trunk","int_ref":"E 43","lanes":"3","lanes:backward":"2","lanes:forward":"1","layer":"1","maxspeed:backward":"100","maxspeed:forward":"80","mindistance:hgv":"150","motorroad":"yes","oneway":"no","overtaking":"no","placement:backward":"left_of:1","ref":"A13","shoulder":"none","source:maxspeed":"sign","surface":"asphalt","toll":"yes","turn:lanes:backward":"|merge_to_left"},"geometry":{"type":"LineString","coordinates":[[9.18805936341,46.46160649103],[9.18782496341,46.46191419134],[9.18747316341,46.46235699178]]}},{"type":"Feature","properties":{"carriage_ref":"B","change:lanes:backward":"no","change:lanes:forward":"no","highway":"trunk","incline":"8%","int_ref":"E 43","lanes":"2","maxspeed:backward":"100","maxspeed:forward":"80","mindistance:hgv":"150","motorroad":"yes","oneway":"no","overtaking":"no","ref":"A13","shoulder":"none","source:incline":"signpost","source:maxspeed":"sign","surface":"asphalt","toll":"yes"},"geometry":{"type":"LineString","coordinates":[[9.22940716341,46.4013045308],[9.22940356341,46.40158743108]]}},{"type":"Feature","properties":{"carriage_ref":"B","change:lanes:backward":"not_left|not_right","change:lanes:forward":"no","highway":"trunk","int_ref":"E 43","lanes":"3","lanes:backward":"2","maxspeed":"80","mindistance:hgv":"150","motorroad":"yes","oneway":"no","overtaking:hgv:backward":"no","placement:backward":"middle_of:1","ref":"A13","shoulder":"none","source:maxspeed":"sign","surface":"asphalt","toll":"yes"},"geometry":{"type":"LineString","coordinates":[[9.42337356341,46.57970430916],[9.42361156341,46.57963510909],[9.42387496341,46.57953490899],[9.42410276341,46.57942570888],[9.42435256341,46.57928890875],[9.42502676341,46.57891760838],[9.42535556341,46.57873380819],[9.42562986341,46.57860200806],[9.42591746341,46.57849510795]]}},{"type":"Feature","properties":{"carriage_ref":"B","change:lanes:backward":"no","change:lanes:forward":"not_left|not_right","highway":"trunk","int_ref":"E 43","lanes":"3","lanes:forward":"2","maxspeed":"80","mindistance:hgv":"150","motorroad":"yes","oneway":"no","overtaking":"no","placement:forward":"left_of:1","ref":"A13","shoulder":"none","source:maxspeed":"sign","surface":"asphalt","toll":"yes","turn:lanes:forward":"|slight_right"},"geometry":{"type":"LineString","coordinates":[[9.36545616341,46.56767639712],[9.36577026341,46.56774559719],[9.36606936341,46.56782579727]]}},{"type":"Feature","properties":{"carriage_ref":"A","change:lanes:backward":"no","change:lanes:forward":"no","highway":"trunk","incline":"-8%","int_ref":"E 43","lanes":"2","maxspeed":"100","mindistance:hgv":"150","motorroad":"yes","oneway":"no","overtaking":"no","ref":"A13","shoulder":"none","source:incline":"signpost","source:maxspeed":"sign","surface":"asphalt","toll":"yes"},"geometry":{"type":"LineString","coordinates":[[9.226445,46.4184746],[9.2263618,46.4181196],[9.2263187,46.4178647],[9.2263084,46.4176622],[9.2263314,46.417469],[9.2263953,46.4172641],[9.2264798,46.4170859],[9.2265991,46.4169182],[9.2267252,46.4167833],[9.2269102,46.416628],[9.227098,46.4164967],[9.2274494,46.416345],[9.2276975,46.4162631],[9.2280958,46.4161379],[9.2286578,46.4160023],[9.2292131,46.4158907],[9.2298728,46.4157657],[9.2303113,46.4156923],[9.23066,46.4156516],[9.2309842,46.4156353],[9.2313856,46.4156455],[9.2317302,46.4156682],[9.2322997,46.4157272],[9.233003,46.4158156],[9.2336803,46.415906],[9.2338974,46.4159179],[9.2340919,46.4158988],[9.2342564,46.4158495],[9.2343923,46.4157712],[9.2344767,46.4156923],[9.2345254,46.4155929],[9.2345438,46.4154926],[9.2345199,46.4153871],[9.234454,46.4152849],[9.2343427,46.4152022],[9.2342005,46.4151486],[9.2340369,46.4151172],[9.2338479,46.4151129],[9.2336522,46.4151265],[9.2332739,46.4151813]]}},{"type":"Feature","properties":{"carriage_ref":"A","highway":"trunk","incline":"-8%","int_ref":"E 43","lanes":"1","maxspeed":"80","mindistance:hgv":"150","motorroad":"yes","oneway":"yes","ref":"A13","shoulder:right":"yes","source:incline":"signpost","source:maxspeed":"sign","surface":"asphalt","toll":"yes"},"geometry":{"type":"LineString","coordinates":[[9.2275021,46.3755315],[9.2271564,46.3750018],[9.2269585,46.3747252],[9.2266355,46.3744004],[9.2262171,46.3740623]]}},{"type":"Feature","properties":{"carriage_ref":"A","change:lanes:backward":"no","change:lanes:forward":"no","highway":"trunk","int_ref":"E 43","lanes":"2","layer":"-1","lit":"24/7","maxspeed":"80","mindistance:hgv":"150","motorroad":"yes","oneway":"no","overtaking":"no","ref":"A13","shoulder":"none","source:maxspeed":"sign","surface":"asphalt","toll":"yes","tunnel":"yes","tunnel:name":"Traversa"},"geometry":{"type":"LineString","coordinates":[[9.4033844,46.5661692],[9.4029701,46.5660178],[9.4022888,46.5658518],[9.401527,46.5658039],[9.4007867,46.5658113],[9.3994993,46.5659145]]}},{"type":"Feature","properties":{"carriage_ref":"A","change:lanes:backward":"no","change:lanes:forward":"not_left|not_right","highway":"trunk","int_ref":"E 43","lanes":"3","lanes:forward":"2","maxspeed:backward":"80","maxspeed:forward":"100","mindistance:hgv":"150","motorroad":"yes","oneway":"no","overtaking:hgv:forward":"no","placement:forward":"middle_of:1","ref":"A13","shoulder":"none","source:maxspeed":"sign","surface":"asphalt","toll":"yes"},"geometry":{"type":"LineString","coordinates":[[9.44666176686,46.69896448137],[9.4462059,46.6974129],[9.4460758,46.6970525],[9.4459757,46.6968123],[9.4458631,46.6965833],[9.4456906,46.6962794],[9.4455009,46.6959804],[9.4452582,46.6956405],[9.4449684,46.6952833]]}},{"type":"Feature","properties":{"carriage_ref":"B","change:lanes:backward":"no","change:lanes:forward":"no","highway":"trunk","int_ref":"E 43","lanes":"2","maxspeed":"80","mindistance:hgv":"150","motorroad":"yes","oneway":"no","ref":"A13","shoulder":"none","source:maxspeed":"sign","surface":"asphalt","toll":"yes"},"geometry":{"type":"LineString","coordinates":[[9.44867680388,46.65758667769],[9.44855746156,46.65775312358],[9.44848661248,46.65791147813],[9.44842436341,46.65817438779],[9.44830316341,46.6590881887]]}},{"type":"Feature","properties":{"bridge":"yes","carriage_ref":"A","highway":"motorway","int_ref":"E 43","lanes":"2","layer":"1","maxspeed":"120","oneway":"yes","ref":"A13","shoulder:right":"yes","source:maxspeed":"CH:motorway","surface":"asphalt","toll":"yes"},"geometry":{"type":"LineString","coordinates":[[9.5013007,47.0147199],[9.5014477,47.0147015]]}},{"type":"Feature","properties":{"carriage_ref":"B","highway":"trunk","int_ref":"E 43","lanes":"2","maxspeed":"80","motorroad":"yes","oneway":"yes","ref":"A13","shoulder:right":"yes","source:maxspeed":"sign","surface":"asphalt","toll":"yes"},"geometry":{"type":"LineString","coordinates":[[9.1406993,46.2390415],[9.1408422,46.2392989]]}},{"type":"Feature","properties":{"carriage_ref":"B","change:lanes:backward":"no","highway":"trunk","incline":"-8%","int_ref":"E 43","lanes":"2","maxspeed":"100","mindistance:hgv":"150","motorroad":"yes","oneway":"no","ref":"A13","shoulder":"none","source:incline":"signpost","source:maxspeed":"sign","surface":"asphalt","toll":"yes"},"geometry":{"type":"LineString","coordinates":[[9.42718486341,46.59443012391],[9.42726906341,46.59454622403],[9.42735376341,46.59465862414],[9.42747986341,46.59480332428],[9.42786966341,46.59519062467]]}},{"type":"Feature","properties":{"carriage_ref":"A","highway":"motorway","int_ref":"E 43","lanes":"2","maxspeed":"120","oneway":"yes","ref":"A13","shoulder":"none","source:maxspeed":"CH:motorway","surface":"asphalt","toll":"yes"},"geometry":{"type":"LineString","coordinates":[[9.2150356,46.3375568],[9.2144689,46.3371101],[9.2139137,46.3366749],[9.2128971,46.3358082],[9.2118312,46.3349282],[9.2109123,46.3341248],[9.2102787,46.333533],[9.2098796,46.3330883],[9.2096221,46.3327414],[9.209356,46.3323615],[9.2091342,46.3319899],[9.2089355,46.3315913],[9.2088201,46.3312771],[9.2086992,46.3308979],[9.2086217,46.3305134],[9.2085691,46.3301429],[9.2085385,46.3296467],[9.2085259,46.3290894],[9.2085171,46.3279983],[9.2084978,46.3276403],[9.2084529,46.3270631],[9.2083535,46.3265165],[9.2082665,46.3260996],[9.208081,46.3254625],[9.2079136,46.3249681],[9.2077422,46.3245271],[9.2075029,46.3239801],[9.2071588,46.3233551],[9.2067178,46.322632],[9.2063284,46.3220915],[9.2047298,46.3199798],[9.2043543,46.3194833],[9.2037427,46.3186479]]}},{"type":"Feature","properties":{"bridge":"yes","carriage_ref":"A","change:lanes:backward":"no","change:lanes:forward":"no","highway":"trunk","int_ref":"E 43","lanes":"2","layer":"1","maxspeed":"80","mindistance:hgv":"150","motorroad":"yes","oneway":"no","overtaking":"no","ref":"A13","shoulder:left":"yes","shoulder:right":"yes","source:maxspeed":"sign","surface":"asphalt","toll":"yes"},"geometry":{"type":"LineString","coordinates":[[9.3130791,46.5470328],[9.3128858,46.5469761],[9.3126619,46.546918],[9.3124098,46.5468645],[9.3121613,46.5468238],[9.3118516,46.5467931],[9.3115877,46.5467796],[9.3113516,46.5467749]]}},{"type":"Feature","properties":{"carriage_ref":"B","destination:colour:lanes":"green|green|blue;blue;blue;brown","destination:country:lanes":"||;;A;","destination:lanes":"Widnau|Widnau|Kriesern;Altstätten;Götzis;Appenzellerland","highway":"motorway","int_ref":"E 43","lanes":"3","maxspeed":"120","oneway":"yes","placement":"right_of:1","ref":"A13","shoulder:right":"yes","source:maxspeed":"CH:motorway","surface":"asphalt","toll":"yes","turn:lanes":"none|none|slight_right"},"geometry":{"type":"LineString","coordinates":[[9.6063164,47.3566383],[9.6069682,47.357122],[9.6075726,47.3575401]]}},{"type":"Feature","properties":{"avz":"35","carriage_ref":"A","cs_dir:forward":"1","destination:lanes":"|Zürich;Sargans;Mels","fixme":"check maxspeed","highway":"motorway","int_ref":"E 43","lanes":"2","maxspeed":"120","oneway":"yes","ref":"A13","ssvz":"218N","surface":"asphalt","toll":"yes"},"geometry":{"type":"LineString","coordinates":[[9.4708954,47.0510938],[9.4707755,47.0503582],[9.47061,47.0495455],[9.4704273,47.0489318],[9.4701533,47.0482624],[9.4698968,47.0476592],[9.4695074,47.0469677],[9.4691098,47.0463235],[9.4686781,47.0456979],[9.46823,47.0450843],[9.4677617,47.0444967],[9.4669403,47.043544],[9.4664302,47.0429751],[9.4657917,47.0422679],[9.4652236,47.0416435]]}},{"type":"Feature","properties":{"bridge":"yes","carriage_ref":"B","highway":"motorway","int_ref":"E 43","lanes":"2","layer":"1","maxspeed":"120","oneway":"yes","ref":"A13","shoulder:right":"yes","source:maxspeed":"CH:motorway","surface":"asphalt","toll":"yes"},"geometry":{"type":"LineString","coordinates":[[9.1416335,46.2404553],[9.1419419,46.2408357],[9.1423094,46.2412456],[9.1425025,46.2414571]]}},{"type":"Feature","properties":{"carriage_ref":"B","highway":"motorway","int_ref":"E 43","lanes":"2","maxspeed":"80","oneway":"yes","ref":"A13","shoulder:right":"yes","source:maxspeed":"sign","surface":"asphalt","toll":"yes"},"geometry":{"type":"LineString","coordinates":[[9.1014359,46.231787],[9.1027962,46.2318816],[9.1035524,46.2319084],[9.1041926,46.2319286]]}},{"type":"Feature","properties":{"carriage_ref":"A","highway":"motorway","int_ref":"E 43","lanes":"2","maxspeed":"120","oneway":"yes","ref":"A13","shoulder:right":"yes","source:maxspeed":"CH:motorway","surface":"asphalt","toll":"yes"},"geometry":{"type":"LineString","coordinates":[[9.5522571,46.9683569],[9.5522051,46.9679476],[9.5520862,46.9673098],[9.5519106,46.9665763],[9.5516463,46.9658491],[9.5512768,46.9648688],[9.5507657,46.9636566],[9.5497078,46.9613507],[9.5489507,46.9597406]]}},{"type":"Feature","properties":{"carriage_ref":"A","change:lanes:backward":"no","change:lanes:forward":"no|not_right","highway":"trunk","int_ref":"E 43","lanes:backward":"1","lanes:forward":"2","maxspeed":"80","mindistance:hgv":"150","motorroad":"yes","oneway":"no","overtaking":"no","placement:forward":"left_of:1","ref":"A13","shoulder":"none","source:maxspeed":"sign","surface":"asphalt","toll":"yes","turn:lanes:forward":"through|right"},"geometry":{"type":"LineString","coordinates":[[9.1916741,46.5291016],[9.1912664,46.5289011]]}},{"type":"Feature","properties":{"carriage_ref":"A","change:lanes:backward":"no","change:lanes:forward":"no","destination:backward":"Chur;Splügen","highway":"trunk","int_ref":"E 43","lanes":"2","maxspeed":"80","mindistance:hgv":"150","motorroad":"yes","oneway":"no","overtaking":"no","ref":"A13","shoulder:left":"yes","shoulder:right":"yes","source:maxspeed":"sign","surface":"asphalt","toll":"yes"},"geometry":{"type":"LineString","coordinates":[[9.2982866,46.5451275],[9.2979312,46.5449833],[9.2976817,46.5448798],[9.2974135,46.5447781],[9.2972086,46.5447024],[9.2969535,46.5446167],[9.2966962,46.5445392],[9.2963923,46.5444703],[9.2961341,46.5444276],[9.2958895,46.5443948],[9.2956205,46.5443778],[9.2953657,46.5443687],[9.2951819,46.5443654]]}},{"type":"Feature","properties":{"carriage_ref":"B","destination:forward":"Chur","highway":"trunk","incline":"-8%","int_ref":"E 43","lanes":"2","maxspeed":"100","mindistance:hgv":"150","motorroad":"yes","oneway":"no","ref":"A13","shoulder":"none","source:incline":"signpost","source:maxspeed":"sign","surface":"asphalt","toll":"yes"},"geometry":{"type":"LineString","coordinates":[[9.43063026341,46.59837272786],[9.43088396341,46.59878142827],[9.43096406341,46.59892892842],[9.43105486341,46.59915402864]]}},{"type":"Feature","properties":{"bridge":"yes","carriage_ref":"A","highway":"motorway","int_ref":"E 43","lanes":"2","layer":"1","maxspeed":"120","oneway":"yes","ref":"A13","source:maxspeed":"CH:motorway","surface":"asphalt","toll":"yes"},"geometry":{"type":"LineString","coordinates":[[9.1598491,46.2538424],[9.1592709,46.2531032],[9.1590273,46.2528466],[9.1587187,46.2525382]]}},{"type":"Feature","properties":{"bridge":"yes","carriage_ref":"A","highway":"trunk","int_ref":"E 43","lanes":"1","layer":"1","maxspeed":"80","motorroad":"yes","oneway":"yes","ref":"A13","shoulder":"none","source:maxspeed":"sign","surface":"asphalt","toll":"yes"},"geometry":{"type":"LineString","coordinates":[[9.1396301,46.2370343],[9.139528,46.2367969]]}},{"type":"Feature","properties":{"carriage_ref":"A","highway":"trunk","incline":"-8%","int_ref":"E 43","lanes":"1","maxspeed":"80","mindistance:hgv":"150","motorroad":"yes","oneway":"yes","ref":"A13","shoulder":"none","source:incline":"signpost","source:maxspeed":"sign","surface":"asphalt","toll":"yes"},"geometry":{"type":"LineString","coordinates":[[9.23272126686,46.38254720236],[9.2326315,46.3823705],[9.2324726,46.3821102],[9.2321452,46.3815423],[9.2319427,46.3811865],[9.2317022,46.3807714]]}},{"type":"Feature","properties":{"carriage_ref":"B","change:lanes:backward":"no","change:lanes:forward":"no","highway":"trunk","incline":"8%","int_ref":"E 43","lanes":"2","maxspeed":"100","mindistance:hgv":"150","motorroad":"yes","oneway":"no","overtaking":"no","ref":"A13","shoulder":"none","source:incline":"signpost","source:maxspeed":"sign","surface":"asphalt","toll":"yes"},"geometry":{"type":"LineString","coordinates":[[9.23331076341,46.4151268446],[9.23368906341,46.41507204454],[9.23388476341,46.41505844453],[9.23407376341,46.41506274453],[9.23423736341,46.41509414456],[9.23437956341,46.41514774462],[9.23449086341,46.4152304447],[9.23455676341,46.4153326448],[9.23458066341,46.41543814491],[9.23456226341,46.41553844501],[9.23451356341,46.41563784511],[9.23442916341,46.41571674519],[9.23429326341,46.41579504526],[9.23412876341,46.41584434531],[9.23393426341,46.41586344533],[9.23371716341,46.41585154532],[9.23303986341,46.41576114523],[9.23233656341,46.41567274514],[9.23176706341,46.41561374508],[9.23142246341,46.41559104506],[9.23102106341,46.41558084505],[9.23069686341,46.41559714507],[9.23034816341,46.41563784511],[9.22990966341,46.41571124518],[9.22924996341,46.4158362453],[9.22869466341,46.41594784542],[9.22813266341,46.41608344555],[9.22773436341,46.41620864568],[9.22748626341,46.41629054576],[9.22713486341,46.41644224591],[9.22694706341,46.41657354604],[9.22676206341,46.4167288462],[9.22663596341,46.41686374633],[9.22651666341,46.4170314465],[9.22643216341,46.41720964668],[9.22636826341,46.41741454688],[9.22634526341,46.41760774707],[9.22635556341,46.41781024728],[9.22639866341,46.41806514753],[9.22648186341,46.41842014789]]}},{"type":"Feature","properties":{"bridge":"yes","carriage_ref":"A","highway":"trunk","incline":"-8%","int_ref":"E 43","lanes":"1","layer":"1","maxspeed":"80","mindistance:hgv":"150","motorroad":"yes","oneway":"yes","ref":"A13","shoulder:right":"yes","source:incline":"signpost","source:maxspeed":"sign","surface":"asphalt","toll":"yes"},"geometry":{"type":"LineString","coordinates":[[9.2249292,46.3725033],[9.2248483,46.3722022],[9.2248073,46.3719505],[9.2247961,46.371776],[9.2248033,46.3715433],[9.2248416,46.3712891]]}},{"type":"Feature","properties":{"carriage_ref":"A","highway":"motorway","int_ref":"E 43","lanes":"2","maxspeed":"100","oneway":"yes","ref":"A13","shoulder:right":"yes","source:maxspeed":"sign","surface":"asphalt","toll":"yes"},"geometry":{"type":"LineString","coordinates":[[9.0947618,46.2312198],[9.0935639,46.2311055],[9.0927667,46.2310375],[9.0921656,46.2309961],[9.0915077,46.2309766],[9.0908316,46.2309804],[9.0902015,46.2310061],[9.0895701,46.2310524],[9.0888348,46.2311367],[9.0882109,46.2312147],[9.0871635,46.2313453],[9.0862514,46.2314554],[9.0854627,46.2315519],[9.0848058,46.2316364],[9.0843818,46.2316763],[9.0840416,46.2317066],[9.083371,46.23174],[9.0828566,46.231746],[9.0823806,46.2317316],[9.0819013,46.2316982],[9.0814221,46.2316408],[9.0810149,46.2315806],[9.080559,46.2314953],[9.0801436,46.2314005],[9.0797257,46.2312852],[9.0792619,46.2311485],[9.0788393,46.2309985],[9.0784,46.2308236],[9.077757,46.2305249],[9.0771325,46.2302504],[9.0743774,46.2290126],[9.0738428,46.2287887],[9.0732605,46.2285746],[9.0727045,46.2283976],[9.0721805,46.2282595],[9.0714856,46.228103]]}},{"type":"Feature","properties":{"carriage_ref":"A","highway":"trunk","incline":"-8%","int_ref":"E 43","lanes":"2","maxspeed:backward":"80","maxspeed:forward":"100","mindistance:hgv":"150","motorroad":"yes","oneway":"no","ref":"A13","shoulder":"none","source:incline":"signpost","source:maxspeed":"sign","surface":"asphalt","toll":"yes"},"geometry":{"type":"LineString","coordinates":[[9.2311158,46.3889035],[9.2311685,46.3882103],[9.2311844,46.3878971]]}},{"type":"Feature","properties":{"avz":"22","carriage_ref":"B","cs_dir:forward":"2","highway":"motorway","int_ref":"E 43","lanes":"3","maxspeed":"120","oneway":"yes","placement":"right_of:1","ref":"A13","shoulder":"no","source:maxspeed":"CH:motorway","ssvz":"216N","surface":"asphalt","toll":"yes","turn:lanes":"||merge_to_left"},"geometry":{"type":"LineString","coordinates":[[9.6224651,47.3676479],[9.6233139,47.3682547]]}},{"type":"Feature","properties":{"avalanche_protector:left":"open","carriage_ref":"A","change:lanes:backward":"no","change:lanes:forward":"no","highway":"trunk","int_ref":"E 43","lanes":"2","layer":"-1","lit":"24/7","maxspeed":"80","mindistance:hgv":"150","motorroad":"yes","oneway":"no","overtaking":"no","ref":"A13","shoulder":"none","source:maxspeed":"sign","surface":"asphalt","toll":"yes","tunnel":"avalanche_protector"},"geometry":{"type":"LineString","coordinates":[[9.4161227,46.5734662],[9.4158607,46.5729547]]}},{"type":"Feature","properties":{"carriage_ref":"B","highway":"motorway","int_ref":"E 43","lanes":"2","maxspeed":"120","oneway":"yes","ref":"A13","shoulder":"none","source:maxspeed":"CH:motorway","surface":"asphalt","toll":"yes"},"geometry":{"type":"LineString","coordinates":[[9.1425025,46.2414571],[9.1428333,46.2418031],[9.1430873,46.2420247],[9.1435298,46.2423587],[9.1439214,46.2426239],[9.144356,46.242917],[9.1449836,46.2432973],[9.145646,46.2436719],[9.1462442,46.2439651],[9.1470202,46.2442981],[9.1478535,46.2446736],[9.1485751,46.2449983],[9.1495246,46.2454472],[9.1503864,46.2458526],[9.1509783,46.2461502],[9.1515711,46.2464562],[9.1522416,46.2468384],[9.1528513,46.247227],[9.1534696,46.2476337],[9.1540092,46.248057],[9.1546485,46.2485569],[9.1552457,46.249066],[9.1558045,46.2495382],[9.1568546,46.2505214],[9.1578575,46.2514785],[9.1588534,46.2524668]]}},{"type":"Feature","properties":{"carriage_ref":"A","change:lanes:backward":"no","change:lanes:forward":"no","highway":"trunk","int_ref":"E 43","lanes":"2","maxspeed":"80","mindistance:hgv":"150","motorroad":"yes","oneway":"no","overtaking":"no","ref":"A13","shoulder":"none","source:maxspeed":"sign","surface":"asphalt","toll":"yes"},"geometry":{"type":"LineString","coordinates":[[9.33881788466,46.5575827968],[9.33847148095,46.55743920976],[9.33805435397,46.55718378738],[9.33749356931,46.55688539766],[9.33706861164,46.55670330808],[9.33666691164,46.55653558595],[9.33633775397,46.55637592069],[9.33602861164,46.55624178802],[9.33579321349,46.55617582091],[9.33555149815,46.55611216573],[9.33519678466,46.5560258658],[9.33466134233,46.5559010106],[9.33358887116,46.55566395536],[9.3330614,46.55555703309],[9.3324955,46.555404],[9.3315658,46.5551732],[9.3308685,46.5549946],[9.3305884,46.5549069],[9.330288,46.5547927],[9.3299369,46.5546376]]}},{"type":"Feature","properties":{"carriage_ref":"B","highway":"motorway","int_ref":"E 43","lanes":"2","maxspeed":"120","oneway":"yes","ref":"A13","shoulder:right":"yes","source:maxspeed":"CH:motorway","surface":"asphalt","toll":"yes"},"geometry":{"type":"LineString","coordinates":[[9.5606851,46.9299601],[9.5602546,46.9306657]]}},{"type":"Feature","properties":{"carriage_ref":"B","highway":"motorway","int_ref":"E 43","lanes":"3","maxspeed":"100","oneway":"yes","placement":"right_of:1","ref":"A13","shoulder":"none","source:maxspeed":"sign","surface":"asphalt","toll":"yes","turn:lanes":"||slight_right"},"geometry":{"type":"LineString","coordinates":[[9.0946466,46.2311252],[9.0955478,46.2312087]]}},{"type":"Feature","properties":{"carriage_ref":"A","change:lanes:forward":"no","highway":"trunk","int_ref":"E 43","lanes":"3","lanes:backward":"2","maxspeed":"80","mindistance:hgv":"150","motorroad":"yes","oneway":"no","placement:backward":"left_of:1","ref":"A13","shoulder:left":"yes","shoulder:right":"yes","source:maxspeed":"sign","surface":"asphalt","toll":"yes","turn:lanes:backward":"|merge_to_left"},"geometry":{"type":"LineString","coordinates":[[9.406996,46.8215922],[9.4068203,46.8213967],[9.4066312,46.8211618]]}},{"type":"Feature","properties":{"carriage_ref":"A","highway":"trunk","incline":"-8%","int_ref":"E 43","lanes":"2","maxspeed":"100","mindistance:hgv":"150","motorroad":"yes","oneway":"no","ref":"A13","shoulder":"none","source:incline":"signpost","source:maxspeed":"sign","surface":"asphalt","toll":"yes"},"geometry":{"type":"LineString","coordinates":[[9.2283434172,46.4136028182],[9.22798675952,46.41346420602],[9.22778873069,46.4133524],[9.22762458651,46.4132274],[9.2275173,46.413109],[9.2274691,46.413],[9.227453,46.4128632],[9.2274669,46.4127385],[9.2275254,46.4126098],[9.2276059,46.4124803],[9.2277212,46.4123916],[9.2278263,46.4123224],[9.2279805,46.4122638],[9.2281696,46.4122207],[9.2283627,46.4121953],[9.2285517,46.41216201418],[9.22879845767,46.41214543121],[9.22920616138,46.41219172843]]}},{"type":"Feature","properties":{"carriage_ref":"A","highway":"trunk","int_ref":"E 43","lanes":"2","maxspeed":"100","maxwidth:lanes":"2|","mindistance:hgv":"150","motorroad":"yes","oneway":"yes","ref":"A13","shoulder":"none","source:maxspeed":"sign","surface":"asphalt","toll":"yes"},"geometry":{"type":"LineString","coordinates":[[9.43987172884,46.73241363118],[9.4399965,46.7320858],[9.440135,46.7316476],[9.4402644,46.7311411],[9.4403764,46.7305978],[9.4404279,46.7301396],[9.4404529,46.7298624],[9.4404824,46.729355],[9.4404601,46.72871],[9.4404041,46.72806]]}},{"type":"Feature","properties":{"carriage_ref":"A","highway":"trunk","incline":"8%","int_ref":"E 43","lanes":"2","maxspeed":"100","mindistance:hgv":"150","motorroad":"yes","oneway":"no","ref":"A13","shoulder":"none","source:incline":"signpost","source:maxspeed":"sign","surface":"asphalt","toll":"yes"},"geometry":{"type":"LineString","coordinates":[[9.4295963,46.5970421],[9.4293407,46.5967421],[9.4289676,46.5963474],[9.4283858,46.5957847],[9.4281203,46.5955303],[9.4278328,46.5952449]]}},{"type":"Feature","properties":{"carriage_ref":"B","highway":"trunk","incline":"8%","int_ref":"E 43","lanes":"2","maxspeed:backward":"60","maxspeed:forward":"80","mindistance:hgv":"150","motorroad":"yes","oneway":"no","ref":"A13","shoulder:left":"yes","shoulder:right":"no","source:incline":"signpost","source:maxspeed":"sign","surface":"asphalt","toll":"yes"},"geometry":{"type":"LineString","coordinates":[[9.23119376341,46.38694131646],[9.23121216341,46.38733301685]]}},{"type":"Feature","properties":{"carriage_ref":"A","destination:lanes":"San Gottardo;Lugano;Bellinzona Sud|Bellinzona Nord","highway":"motorway","int_ref":"E 43","lanes":"2","maxspeed":"100","oneway":"yes","ref":"A13","shoulder:right":"yes","source:maxspeed":"sign","surface":"asphalt","toll":"yes","turn:lanes":"through|slight_right"},"geometry":{"type":"LineString","coordinates":[[9.0501028,46.2221219],[9.049309,46.2219699],[9.0487298,46.2218659],[9.0483853,46.2218114]]}},{"type":"Feature","properties":{"carriage_ref":"B","destination":"Roveredo","highway":"motorway","int_ref":"E 43","lanes":"2","maxspeed":"100","oneway":"yes","ref":"A13","shoulder":"none","source:maxspeed":"sign","surface":"asphalt","toll":"yes"},"geometry":{"type":"LineString","coordinates":[[9.0966798,46.231315],[9.0977123,46.2314202],[9.0988007,46.2315182]]}},{"type":"Feature","properties":{"carriage_ref":"B","change:lanes:backward":"no","change:lanes:forward":"no","highway":"trunk","int_ref":"E 43","lanes":"2","layer":"-1","lit":"24/7","maxspeed":"80","mindistance:hgv":"150","motorroad":"yes","oneway":"no","ref":"A13","shoulder":"none","source:maxspeed":"sign","surface":"asphalt","toll":"yes","tunnel":"yes","tunnel:length":"250","tunnel:name":"Plazzas"},"geometry":{"type":"LineString","coordinates":[[9.41129156341,46.8096093398],[9.41045516341,46.81060984081],[9.40958576341,46.81165524186]]}},{"type":"Feature","properties":{"bridge":"yes","carriage_ref":"A","change:lanes:backward":"no|no","change:lanes:forward":"not_left|not_right","destination:lanes:forward":"San Bernardino;Medels|Splügen;Splügenpass","highway":"trunk","int_ref":"E 43","lanes":"4","lanes:backward":"2","layer":"1","maxspeed":"80","mindistance:hgv":"150","motorroad":"yes","oneway":"no","overtaking":"no","placement:backward":"left_of:1","ref":"A13","shoulder":"none","source:maxspeed":"sign","surface":"asphalt","toll":"yes","turn:lanes:forward":"|slight_right"},"geometry":{"type":"LineString","coordinates":[[9.3220215,46.551205],[9.321762,46.5511408]]}},{"type":"Feature","properties":{"carriage_ref":"A","destination":"Trübbach","highway":"motorway","int_ref":"E 43","lanes":"2","maxspeed":"120","oneway":"yes","ref":"A13","surface":"asphalt","toll":"yes"},"geometry":{"type":"LineString","coordinates":[[9.5077226,47.1348077],[9.5080919,47.1340505],[9.5082886,47.1336526],[9.5088684,47.1323698],[9.5099281,47.1298489],[9.5104866,47.1283877]]}},{"type":"Feature","properties":{"carriage_ref":"B","highway":"trunk","incline":"8%","int_ref":"E 43","lanes":"2","maxspeed":"100","mindistance:hgv":"150","motorroad":"yes","oneway":"no","ref":"A13","shoulder":"none","source:incline":"signpost","source:maxspeed":"sign","surface":"asphalt","toll":"yes"},"geometry":{"type":"LineString","coordinates":[[9.22684196341,46.42157125103],[9.22687876341,46.42207375153],[9.22688616341,46.42253475199],[9.22687836341,46.42298575244],[9.22684656341,46.42331815278],[9.22679536341,46.42359375305],[9.22669496341,46.42382905329],[9.22652156341,46.42408545354],[9.22633916341,46.42431835378],[9.22619886341,46.42457455403],[9.22615436341,46.42476565422],[9.22617426341,46.42491765437],[9.22625936341,46.4250437545],[9.22639996341,46.4251398546],[9.22657696341,46.42519725465],[9.22678266341,46.42519585465],[9.22698256341,46.42513555459],[9.22712706341,46.4250443545],[9.22722456341,46.42489605435],[9.22726636341,46.4247442542],[9.22731336341,46.42452795398],[9.22734066341,46.42422855369],[9.22735356341,46.42408665354],[9.22740266341,46.42392085338],[9.22747696341,46.42376925323],[9.22759846341,46.42359555305],[9.22776926341,46.42339215285],[9.22799006341,46.42317765264],[9.22834256341,46.42287325233],[9.22864096341,46.4226414521],[9.22915596341,46.42222915169],[9.22986676341,46.42169105115],[9.23051856341,46.42117335063],[9.23087756341,46.42087025033]]}},{"type":"Feature","properties":{"bridge":"yes","carriage_ref":"A","destination":"Zizers","highway":"motorway","int_ref":"E 43","lanes":"3","layer":"1","maxspeed":"120","oneway":"yes","placement":"right_of:1","ref":"A13","shoulder:right":"yes","source:maxspeed":"CH:motorway","surface":"asphalt","toll":"yes","turn:lanes":"none|none|merge_to_left"},"geometry":{"type":"LineString","coordinates":[[9.5519722,46.9717688],[9.5520564,46.9714515]]}},{"type":"Feature","properties":{"carriage_ref":"A","change:lanes:backward":"no","change:lanes:forward":"no","highway":"trunk","int_ref":"E 43","lanes":"2","maxspeed":"80","mindistance:hgv":"150","motorroad":"yes","oneway":"no","overtaking":"no","ref":"A13","shoulder":"none","source:maxspeed":"sign","surface":"asphalt","toll":"yes"},"geometry":{"type":"LineString","coordinates":[[9.3819495,46.5694395],[9.381869,46.5696774],[9.3817998,46.5698411],[9.3816803,46.5700355],[9.3815209,46.5702222],[9.3812925,46.5704184],[9.3810768,46.5705582],[9.380813,46.570687],[9.3805809,46.5707717],[9.3803097,46.5708488],[9.3799208,46.5709326],[9.3792001,46.5710695],[9.3785869,46.5711903],[9.3781319,46.5712545],[9.377815,46.5712904],[9.377456,46.57132],[9.3771207,46.5713375],[9.3767697,46.5713407],[9.3763121,46.5713295],[9.375852,46.5712997],[9.3752828,46.5712335],[9.3738551,46.5710461],[9.3727335,46.5708905],[9.3721439,46.5708101]]}},{"type":"Feature","properties":{"carriage_ref":"A","change:lanes:backward":"no","change:lanes:forward":"no","highway":"trunk","int_ref":"E 43","lanes":"2","maxspeed":"80","mindistance:hgv":"150","motorroad":"yes","oneway":"no","overtaking":"no","ref":"A13","shoulder:left":"yes","shoulder:right":"yes","source:maxspeed":"sign","surface":"asphalt","toll":"yes"},"geometry":{"type":"LineString","coordinates":[[9.3175301,46.5495854],[9.3172351,46.5494248],[9.3168005,46.5491768],[9.3162527,46.5488487],[9.3156029,46.5484389],[9.3151121,46.5481281],[9.3145582,46.5477684],[9.3142658,46.5475849],[9.3139674,46.5474178],[9.3137495,46.5473057],[9.3134893,46.5471827],[9.3133143,46.5471125],[9.3130791,46.5470328]]}},{"type":"Feature","properties":{"bridge":"yes","carriage_ref":"B","change:lanes:backward":"no","change:lanes:forward":"no","highway":"trunk","int_ref":"E 43","lanes":"2","layer":"1","maxspeed":"60","mindistance:hgv":"150","motorroad":"yes","oneway":"no","overtaking":"no","ref":"A13","shoulder":"none","source:maxspeed":"sign","surface":"asphalt","toll":"yes"},"geometry":{"type":"LineString","coordinates":[[9.34868411738,46.56176144489],[9.34899386341,46.56267279211]]}},{"type":"Feature","properties":{"carriage_ref":"B","change:lanes:backward":"not_left|not_right","change:lanes:forward":"not_left|not_right","highway":"trunk","int_ref":"E 43","lanes":"4","lanes:forward":"2","maxspeed":"100","mindistance:hgv":"150","motorroad":"yes","oneway":"no","ref":"A13","shoulder:left":"yes","shoulder:right":"yes","source:maxspeed":"sign","surface":"asphalt","toll":"yes"},"geometry":{"type":"LineString","coordinates":[[9.43319826341,46.62038234991],[9.43330966341,46.62061975015],[9.43351076341,46.62096795049],[9.43371876341,46.62127765081],[9.43402306341,46.62175275128],[9.43420016341,46.6220695516],[9.43431836341,46.62232895186],[9.43438786341,46.62255495209],[9.43442406341,46.62272445225]]}},{"type":"Feature","properties":{"carriage_ref":"A","highway":"trunk","int_ref":"E 43","lanes":"2","maxspeed:backward":"80","maxspeed:forward":"100","mindistance:hgv":"150","motorroad":"yes","oneway":"no","ref":"A13","shoulder:left":"yes","shoulder:right":"yes","source:maxspeed":"sign","surface":"asphalt","toll":"yes"},"geometry":{"type":"LineString","coordinates":[[9.3077833,46.5471603],[9.3074262,46.5471643],[9.307096,46.547166],[9.3062206,46.5471661],[9.3054883,46.5471652],[9.3049846,46.5471581],[9.3044946,46.5471402],[9.3040748,46.5471126],[9.3036728,46.5470696],[9.3033037,46.5470112],[9.3029491,46.5469391],[9.3026385,46.5468599],[9.302341,46.5467704],[9.3019116,46.5466109],[9.3015352,46.5464596],[9.3010828,46.5462723],[9.3006722,46.5461014]]}},{"type":"Feature","properties":{"carriage_ref":"B","change:lanes:backward":"not_left|not_right","change:lanes:forward":"no|not_right","destination:lanes:backward":"San Bernardino;Nufenen|Medels","highway":"trunk","int_ref":"E 43","lanes":"4","lanes:forward":"2","maxspeed":"80","mindistance:hgv":"150","motorroad":"yes","oneway":"no","overtaking":"no","placement:forward":"left_of:1","ref":"A13","shoulder":"none","source:maxspeed":"sign","surface":"asphalt","toll":"yes","turn:lanes:backward":"|slight_right","turn:lanes:forward":"|merge_to_left"},"geometry":{"type":"LineString","coordinates":[[9.29855006341,46.54516837459],[9.29879416341,46.54526707469]]}},{"type":"Feature","properties":{"carriage_ref":"A","highway":"motorway","int_ref":"E 43","lanes":"2","maxspeed":"120","oneway":"yes","ref":"A13","shoulder:right":"yes","source:maxspeed":"CH:motorway","surface":"asphalt","toll":"yes"},"geometry":{"type":"LineString","coordinates":[[9.5610817,46.9164885],[9.5609745,46.9161481],[9.5606815,46.9154247],[9.5603076,46.9146835],[9.5598602,46.9139727],[9.5593944,46.9133766],[9.5588482,46.9127664],[9.5581562,46.9120701],[9.5575343,46.9115705],[9.5567185,46.9109524],[9.5562904,46.9106383]]}},{"type":"Feature","properties":{"avz":"35","carriage_ref":"B","change:lanes":"no|no","cs_dir:forward":"2","highway":"motorway","int_ref":"E 43","lanes":"2","maxspeed":"120","oneway":"yes","ref":"A13","shoulder:right":"yes","source:maxspeed":"CH:motorway","ssvz":"218N","surface":"asphalt","toll":"yes"},"geometry":{"type":"LineString","coordinates":[[9.4634061,47.0394101],[9.4645601,47.0406946]]}},{"type":"Feature","properties":{"carriage_ref":"B","change:lanes:backward":"no","change:lanes:forward":"no","highway":"trunk","int_ref":"E 43","lanes":"2","layer":"-1","lit":"24/7","maxspeed":"80","mindistance:hgv":"150","motorroad":"yes","oneway":"no","ref":"A13","shoulder":"none","source:maxspeed":"sign","surface":"asphalt","toll":"yes","tunnel":"yes","tunnel:name":"Bärenburg"},"geometry":{"type":"LineString","coordinates":[[9.42817456341,46.57974690921],[9.42812596341,46.58008910955],[9.42807396341,46.58041890988],[9.42628576341,46.58726771674],[9.42617596341,46.58776711724],[9.42617116341,46.58814851762],[9.42620446341,46.58841571789],[9.42631276341,46.58873661821]]}},{"type":"Feature","properties":{"carriage_ref":"B","change:lanes":"not_left|yes|no","destination:colour:lanes":"green|green|blue;blue;blue;blue;blue","destination:country:lanes":"||A;FL","destination:lanes":"Sennwald|Sennwald|Haag;Gams;Feldkirch;Wildhaus;Bendern","highway":"motorway","int_ref":"E 43","lanes":"3","maxspeed":"120","oneway":"yes","placement":"right_of:1","ref":"A13","shoulder:right":"yes","source:maxspeed":"CH:motorway","surface":"asphalt","toll":"yes","turn:lanes":"none|none|slight_right"},"geometry":{"type":"LineString","coordinates":[[9.4949636,47.2070933],[9.4952665,47.2076201]]}},{"type":"Feature","properties":{"carriage_ref":"A","highway":"trunk","int_ref":"E 43","lanes":"2","maxspeed":"100","mindistance:hgv":"150","motorroad":"yes","oneway":"no","ref":"A13","shoulder:left":"yes","shoulder:right":"yes","source:maxspeed":"sign","surface":"asphalt","toll":"yes"},"geometry":{"type":"LineString","coordinates":[[9.4382553,46.6331519],[9.438434,46.6324336],[9.4385232,46.6320761],[9.4385884,46.6317613],[9.4386251,46.6314793],[9.438637,46.6312088],[9.4386265,46.630836],[9.4385956,46.630552],[9.4385498,46.6302553],[9.4384783,46.6299509],[9.4383958,46.6296863],[9.4382885,46.6294072]]}},{"type":"Feature","properties":{"carriage_ref":"B","destination":"Landquart","highway":"motorway","int_ref":"E 43","lanes":"2","maxspeed":"120","oneway":"yes","ref":"A13","shoulder:right":"yes","source:maxspeed":"sign","surface":"asphalt","toll":"yes"},"geometry":{"type":"LineString","coordinates":[[9.5620485,46.9199594],[9.562201,46.9206243]]}},{"type":"Feature","properties":{"carriage_ref":"A","destination":"San Bernardino;Reichenau","highway":"motorway","int_ref":"E 43","lanes":"2","maxspeed":"120","oneway":"yes","ref":"A13","shoulder:right":"yes","source:maxspeed":"CH:motorway","surface":"asphalt","toll":"yes"},"geometry":{"type":"LineString","coordinates":[[9.5059368,46.8497451],[9.5057193,46.849163],[9.5055051,46.8487094]]}},{"type":"Feature","properties":{"carriage_ref":"A","change:lanes":"yes|not_right|no","destination":"Sennwald","highway":"motorway","int_ref":"E 43","lanes":"3","maxspeed":"120","oneway":"yes","placement":"right_of:1","ref":"A13","surface":"asphalt","toll":"yes","turn:lanes":"none|none|merge_to_left"},"geometry":{"type":"LineString","coordinates":[[9.564697,47.3051047],[9.5629787,47.3039383]]}},{"type":"Feature","properties":{"carriage_ref":"B","change:lanes":"not_left|not_right|yes","highway":"motorway","int_ref":"E 43","lanes":"3","lit":"yes","maxspeed":"120","oneway":"yes","placement":"right_of:1","ref":"A13","shoulder:right":"yes","source:maxspeed":"CH:motorway","surface":"asphalt","toll":"yes","turn:lanes":"none|none|merge_to_left"},"geometry":{"type":"LineString","coordinates":[[9.5129867,47.0117646],[9.5125401,47.0120655],[9.5122236,47.0122667]]}},{"type":"Feature","properties":{"carriage_ref":"B","change:lanes:backward":"no","change:lanes:forward":"no","highway":"trunk","int_ref":"E 43","lanes":"2","maxspeed":"100","mindistance:hgv":"150","motorroad":"yes","oneway":"no","ref":"A13","shoulder:left":"yes","shoulder:right":"yes","source:maxspeed":"sign","surface":"asphalt","toll":"yes"},"geometry":{"type":"LineString","coordinates":[[9.44556866341,46.64339267297],[9.44605106341,46.64367337325],[9.44637586341,46.64388957347],[9.44669656341,46.64413237371],[9.44698176341,46.64437587395],[9.44723136341,46.64462847421]]}},{"type":"Feature","properties":{"avz":"539","carriage_ref":"B","change:lanes:backward":"no|no","change:lanes:forward":"not_left|no","cs_dir:backward":"1","highway":"trunk","int_ref":"E 43","lanes":"4","lanes:forward":"2","maxspeed":"80","mindistance:hgv":"150","motorroad":"yes","oneway":"no","overtaking":"no","placement:forward":"left_of:1","ref":"A13","source:maxspeed":"sign","surface":"asphalt","toll":"yes","turn:lanes:forward":"|slight_right"},"geometry":{"type":"LineString","coordinates":[[9.24073906341,46.53824076766],[9.24125546341,46.53833306775]]}},{"type":"Feature","properties":{"carriage_ref":"A","highway":"trunk","incline":"-8%","int_ref":"E 43","lanes":"1","maxspeed":"80","mindistance:hgv":"150","motorroad":"yes","oneway":"yes","ref":"A13","shoulder:right":"yes","source:incline":"signpost","source:maxspeed":"sign","surface":"asphalt","toll":"yes"},"geometry":{"type":"LineString","coordinates":[[9.2258656,46.3737567],[9.2256015,46.3735245],[9.2253742,46.3732761],[9.2251996,46.3730304],[9.225049,46.3727829],[9.2249292,46.3725033]]}},{"type":"Feature","properties":{"bridge":"yes","carriage_ref":"A","highway":"trunk","int_ref":"E 43","lanes":"2","layer":"1","maxspeed":"100","maxwidth:lanes":"2|","mindistance:hgv":"150","motorroad":"yes","oneway":"yes","ref":"A13","shoulder":"none","source:maxspeed":"sign","surface":"asphalt","toll":"yes"},"geometry":{"type":"LineString","coordinates":[[9.4396487,46.7329391],[9.43987172884,46.73241363118]]}},{"type":"Feature","properties":{"carriage_ref":"A","change:lanes:backward":"no|not_right","change:lanes:forward":"not_left|not_right","destination:lanes:forward":"San Bernardino;Hinterrhein|Nufenen","highway":"trunk","int_ref":"E 43","lanes":"4","lanes:backward":"2","maxspeed":"80","mindistance:hgv":"150","motorroad":"yes","oneway":"no","overtaking":"no","placement:backward":"left_of:1","ref":"A13","source:maxspeed":"sign","surface":"asphalt","toll":"yes","turn:lanes:backward":"|merge_to_left","turn:lanes:forward":"|slight_right"},"geometry":{"type":"LineString","coordinates":[[9.2471154,46.538713],[9.2468365,46.5386761],[9.2463322,46.5385848]]}},{"type":"Feature","properties":{"carriage_ref":"A","highway":"motorway","int_ref":"E 43","lanes":"2","maxspeed":"120","oneway":"yes","ref":"A13","shoulder:right":"yes","source:maxspeed":"CH:motorway","surface":"asphalt","toll":"yes"},"geometry":{"type":"LineString","coordinates":[[9.4947295,46.8460862],[9.4938286,46.8460293],[9.4928545,46.8459416],[9.4910017,46.8456334],[9.4887374,46.8451615],[9.4867499,46.8447285],[9.4825626,46.8438207],[9.481316,46.8435909],[9.4800363,46.8433747],[9.4784192,46.8431396],[9.4755224,46.8427544],[9.4744087,46.8425996],[9.4731525,46.8424095],[9.4722296,46.8422161],[9.4711849,46.841939],[9.4699124,46.8415418],[9.4663149,46.8402641],[9.4652689,46.8398908]]}},{"type":"Feature","properties":{"carriage_ref":"A","change:lanes:backward":"no","change:lanes:forward":"no","highway":"trunk","int_ref":"E 43","lanes":"2","maxspeed":"80","mindistance:hgv":"150","motorroad":"yes","oneway":"no","overtaking":"no","ref":"A13","shoulder":"none","source:maxspeed":"sign","surface":"asphalt","toll":"yes"},"geometry":{"type":"LineString","coordinates":[[9.3649538,46.5676516],[9.3640217,46.5675151],[9.3626337,46.5673234]]}},{"type":"Feature","properties":{"bridge":"yes","carriage_ref":"A","change:lanes:backward":"no","change:lanes:forward":"no","highway":"trunk","int_ref":"E 43","lanes":"2","layer":"1","maxspeed":"80","mindistance:hgv":"150","motorroad":"yes","oneway":"no","overtaking":"no","ref":"A13","shoulder":"none","source:maxspeed":"sign","surface":"asphalt","toll":"yes"},"geometry":{"type":"LineString","coordinates":[[9.3654193,46.5677307],[9.3649538,46.5676516]]}},{"type":"Feature","properties":{"carriage_ref":"B","change:lanes:backward":"no","change:lanes:forward":"no","highway":"trunk","incline":"8%","int_ref":"E 43","lanes":"2","maxspeed":"100","mindistance:hgv":"150","motorroad":"yes","oneway":"no","overtaking":"no","ref":"A13","shoulder":"none","source:incline":"signpost","source:maxspeed":"sign","surface":"asphalt","toll":"yes"},"geometry":{"type":"LineString","coordinates":[[9.23463436341,46.40937613885],[9.23495496341,46.40907043855],[9.23509976341,46.40894283842],[9.23524586341,46.40882873831],[9.23542966341,46.40870793819],[9.23565536341,46.40857953806],[9.23593786341,46.40846623795],[9.23631336341,46.40835163783],[9.23701876341,46.40817033765],[9.23718916341,46.40811423759],[9.23738506341,46.40803473751],[9.23783296341,46.40783873732],[9.23800636341,46.40777943726],[9.23814796341,46.40774873723],[9.23834166341,46.40774733723],[9.23849516341,46.40777343725],[9.23863626341,46.40784853733],[9.23872736341,46.40793913742],[9.23877836341,46.40805203753],[9.23878366341,46.40821103769],[9.23871126341,46.40830353778],[9.23855796341,46.4084176379],[9.23842426341,46.40847433795],[9.23819096341,46.40850693799],[9.23796146341,46.40851243799],[9.23771486341,46.40850083798],[9.23744716341,46.40850403798],[9.23714356341,46.40854333802],[9.23690266341,46.40860373808],[9.23666346341,46.40870423818],[9.23647116341,46.40882703831],[9.23631726341,46.40896843845],[9.23619676341,46.4091203386],[9.23610416341,46.40928773877],[9.23605996341,46.40944033892],[9.23604786341,46.40960923909],[9.23608006341,46.40981443929],[9.23613776341,46.41001543949]]}},{"type":"Feature","properties":{"carriage_ref":"A","change:lanes:backward":"no","change:lanes:forward":"no","highway":"trunk","int_ref":"E 43","lanes":"2","maxspeed":"80","mindistance:hgv":"150","motorroad":"yes","oneway":"no","overtaking":"no","ref":"A13","shoulder":"none","source:maxspeed":"sign","surface":"asphalt","toll":"yes"},"geometry":{"type":"LineString","coordinates":[[9.3604588,46.5668299],[9.3602049,46.5667278],[9.3598634,46.5665764],[9.3594834,46.5664032],[9.3592666,46.566308],[9.3590637,46.5662207],[9.358765,46.5661107],[9.3585098,46.566027],[9.3581759,46.5659385],[9.3579671,46.5658922],[9.3577051,46.5658399],[9.3573984,46.5657926],[9.3570615,46.5657565],[9.3566457,46.5657237],[9.356098,46.5656811]]}},{"type":"Feature","properties":{"avalanche_protector:left":"open","carriage_ref":"A","change:lanes:backward":"no","change:lanes:forward":"no","highway":"trunk","int_ref":"E 43","lanes":"2","layer":"-1","lit":"24/7","maxspeed":"80","mindistance:hgv":"150","motorroad":"yes","oneway":"no","ref":"A13","shoulder":"none","source:maxspeed":"sign","surface":"asphalt","toll":"yes","tunnel":"avalanche_protector"},"geometry":{"type":"LineString","coordinates":[[9.4498619,46.6676691],[9.4495913,46.6673082],[9.4492637,46.6668841],[9.4491273,46.6666994],[9.4488794,46.6663906],[9.4485466,46.6660332]]}},{"type":"Feature","properties":{"bridge":"yes","carriage_ref":"A","highway":"trunk","int_ref":"E 43","lanes":"2","layer":"1","maxspeed:backward":"80","maxspeed:forward":"100","mindistance:hgv":"150","motorroad":"yes","oneway":"no","ref":"A13","shoulder:left":"yes","shoulder:right":"yes","source:maxspeed":"sign","surface":"asphalt","toll":"yes"},"geometry":{"type":"LineString","coordinates":[[9.3082561,46.5471292],[9.3077833,46.5471603]]}},{"type":"Feature","properties":{"carriage_ref":"A","change:lanes:backward":"no","change:lanes:forward":"not_left|not_right","highway":"trunk","int_ref":"E 43","lanes":"3","lanes:backward":"1","lanes:forward":"2","maxspeed":"80","mindistance:hgv":"150","motorroad":"yes","oneway":"no","overtaking:backward":"no","placement:forward":"middle_of:1","ref":"A13","shoulder":"none","source:maxspeed":"sign","surface":"asphalt","toll":"yes","turn:lanes:forward":"merge_to_right|none"},"geometry":{"type":"LineString","coordinates":[[9.2512819,46.5388058],[9.250937,46.5387368],[9.2506398,46.5386955],[9.2503732,46.5386705],[9.2500499,46.5386545],[9.2497399,46.5386613],[9.2491361,46.5387021]]}},{"type":"Feature","properties":{"bridge":"yes","carriage_ref":"A","change:lanes:backward":"no","change:lanes:forward":"no","highway":"trunk","int_ref":"E 43","lanes":"2","layer":"1","maxspeed":"80","mindistance:hgv":"150","motorroad":"yes","oneway":"no","overtaking":"no","ref":"A13","shoulder":"none","source:maxspeed":"sign","surface":"asphalt","toll":"yes"},"geometry":{"type":"LineString","coordinates":[[9.33970904048,46.55803213208],[9.33881788466,46.5575827968]]}},{"type":"Feature","properties":{"carriage_ref":"A","change:lanes:backward":"no|not_right","change:lanes:forward":"not_left|not_right","destination:lanes:forward":"Milano;Lugano|San Bernardino","highway":"trunk","int_ref":"E 43","lanes":"4","lanes:forward":"2","lit":"yes","maxspeed:backward":"80","maxspeed:forward":"100","mindistance:hgv":"150","motorroad":"yes","oneway":"no","overtaking":"no","ref":"A13","shoulder":"none","source:maxspeed":"sign","surface":"asphalt","toll":"yes","turn:lanes:backward":"|merge_to_left","turn:lanes:forward":"through|right"},"geometry":{"type":"LineString","coordinates":[[9.1862684,46.4639405],[9.1866125,46.4635014]]}},{"type":"Feature","properties":{"carriage_ref":"B","change:lanes:backward":"no","change:lanes:forward":"no","highway":"trunk","incline":"8%","int_ref":"E 43","lanes":"2","maxspeed:backward":"100","maxspeed:forward":"80","mindistance:hgv":"150","motorroad":"yes","oneway":"no","overtaking":"no","ref":"A13","shoulder":"none","source:incline":"signpost","source:maxspeed":"sign","surface":"asphalt","toll":"yes"},"geometry":{"type":"LineString","coordinates":[[9.23415566341,46.38472141424],[9.23440856341,46.3851818147],[9.23463736341,46.38563471515],[9.23485376341,46.38616071568],[9.23503506341,46.38660151612]]}},{"type":"Feature","properties":{"carriage_ref":"A","highway":"motorway","int_ref":"E 43","lanes":"2","maxspeed":"80","oneway":"yes","ref":"A13","shoulder:right":"yes","source:maxspeed":"sign","surface":"asphalt","toll":"yes"},"geometry":{"type":"LineString","coordinates":[[9.1059966,46.2319302],[9.1052106,46.2319918],[9.1046485,46.2320084]]}},{"type":"Feature","properties":{"bridge":"yes","carriage_ref":"A","change:lanes":"no|not_right","highway":"motorway","int_ref":"E 43","lanes":"2","layer":"1","lit":"yes","maxspeed":"120","oneway":"yes","ref":"A13","shoulder:right":"yes","source:maxspeed":"CH:motorway","surface":"asphalt","toll":"yes"},"geometry":{"type":"LineString","coordinates":[[9.044691,46.2214807],[9.0442321,46.2214503]]}},{"type":"Feature","properties":{"bridge":"yes","carriage_ref":"A","change:lanes:backward":"no","change:lanes:forward":"no|not_right","highway":"trunk","int_ref":"E 43","lanes":"3","lanes:backward":"1","lanes:forward":"2","layer":"1","maxspeed:backward":"80","maxspeed:forward":"100","mindistance:hgv":"150","motorroad":"yes","oneway":"no","overtaking":"no","placement:forward":"left_of:1","ref":"A13","shoulder":"none","source:maxspeed":"sign","surface":"asphalt","toll":"yes","turn:lanes:forward":"|merge_to_left"},"geometry":{"type":"LineString","coordinates":[[9.1874363,46.4624114],[9.1877881,46.4619686],[9.1880225,46.4616609]]}},{"type":"Feature","properties":{"bridge":"yes","carriage_ref":"A","highway":"motorway","int_ref":"E 43","lanes":"2","layer":"1","maxspeed":"120","oneway":"yes","ref":"A13","shoulder:right":"yes","source:maxspeed":"CH:motorway","surface":"asphalt","toll":"yes"},"geometry":{"type":"LineString","coordinates":[[9.5605318,46.929901],[9.560631,46.9297258]]}},{"type":"Feature","properties":{"carriage_ref":"A","change:lanes:backward":"no","change:lanes:forward":"no","highway":"trunk","int_ref":"E 43","lanes":"2","maxspeed":"100","mindistance:hgv":"150","motorroad":"yes","oneway":"no","overtaking":"no","ref":"A13","shoulder":"none","source:maxspeed":"sign","surface":"asphalt","toll":"yes"},"geometry":{"type":"LineString","coordinates":[[9.1904949,46.4517667],[9.1904417,46.451394],[9.1904213,46.4511873],[9.1904128,46.4511144]]}},{"type":"Feature","properties":{"carriage_ref":"B","change:lanes:backward":"no","change:lanes:forward":"not_left|not_right","highway":"trunk","int_ref":"E 43","lanes":"3","lanes:backward":"1","lanes:forward":"2","maxspeed":"80","mindistance:hgv":"150","motorroad":"yes","oneway":"no","overtaking":"no","placement:forward":"left_of:1","ref":"A13","shoulder":"none","source:maxspeed":"sign","surface":"asphalt","toll":"yes","turn:lanes:forward":"through|merge_to_left"},"geometry":{"type":"LineString","coordinates":[[9.18630526341,46.46388609331],[9.18604086341,46.46422349364]]}},{"type":"Feature","properties":{"avz":"322","bridge":"yes","bridge:name":"Viamala-Brücke","carriage_ref":"B","change:lanes:backward":"no","change:lanes:forward":"no","cs_dir:backward":"1","cs_dir:forward":"2","highway":"trunk","int_ref":"E 43","lanes":"2","layer":"1","maxspeed":"80","mindistance:hgv":"150","motorroad":"yes","oneway":"no","ref":"A13","shoulder":"none","source:maxspeed":"sign","surface":"asphalt","toll":"yes","wikidata":"Q56612053"},"geometry":{"type":"LineString","coordinates":[[9.45049789899,46.6568176669],[9.44972753457,46.65700786591],[9.44940487015,46.65710251071],[9.44917969714,46.65720132061],[9.4489908769,46.65731409326],[9.4488073683,46.65744467651],[9.44867680388,46.65758667769]]}},{"type":"Feature","properties":{"carriage_ref":"B","change:lanes:backward":"not_left|not_right","change:lanes:forward":"no","highway":"trunk","int_ref":"E 43","lanes":"3","lanes:backward":"2","maxspeed":"100","mindistance:hgv":"150","motorroad":"yes","oneway":"no","overtaking:hgv:backward":"no","placement:backward":"middle_of:1","ref":"A13","shoulder":"none","source:maxspeed":"sign","surface":"asphalt","toll":"yes","turn:lanes:backward":"merge_to_right|"},"geometry":{"type":"LineString","coordinates":[[9.42742586341,46.59023431971],[9.42760996341,46.59047461995],[9.42775216341,46.59068032015],[9.42783526341,46.5908295203],[9.42789146341,46.59097062045],[9.42794386341,46.59116122064],[9.42796756341,46.59136782084],[9.42796496341,46.59157252105]]}},{"type":"Feature","properties":{"carriage_ref":"A","change:lanes:backward":"not_left|not_right","change:lanes:forward":"not_left|not_right","highway":"trunk","int_ref":"E 43","lanes":"4","lanes:forward":"2","maxspeed":"100","mindistance:hgv":"150","motorroad":"yes","oneway":"no","ref":"A13","shoulder:left":"yes","shoulder:right":"yes","source:maxspeed":"sign","surface":"asphalt","toll":"yes"},"geometry":{"type":"LineString","coordinates":[[9.4335527,46.6120264],[9.4337422,46.6115691],[9.4338881,46.6111328],[9.4339702,46.6107584],[9.4340141,46.6104047],[9.4340157,46.6100416],[9.4339689,46.6097218],[9.4338816,46.6093433],[9.433832,46.6091802]]}},{"type":"Feature","properties":{"carriage_ref":"B","change:lanes:backward":"not_left|not_right","change:lanes:forward":"not_left|not_right","highway":"trunk","int_ref":"E 43","lanes":"4","lanes:forward":"2","maxspeed":"100","mindistance:hgv":"150","motorroad":"yes","oneway":"no","ref":"A13","shoulder:left":"yes","shoulder:right":"yes","source:maxspeed":"sign","surface":"asphalt","toll":"yes","turn:lanes:forward":"merge_to_right|"},"geometry":{"type":"LineString","coordinates":[[9.43442406341,46.62272445225],[9.43446986341,46.62297805251]]}},{"type":"Feature","properties":{"carriage_ref":"A","destination:lanes":"||Heidiland","destination:symbol:lanes":"||fuel;restaurants:toilets","highway":"motorway","int_ref":"E 43","lanes":"3","maxspeed":"120","oneway":"yes","placement":"right_of:1","ref":"A13","shoulder:right":"yes","source:maxspeed":"CH:motorway","surface":"asphalt","toll":"yes","turn:lanes":"none|none|slight_right"},"geometry":{"type":"LineString","coordinates":[[9.5106745,47.0129502],[9.511267,47.0126593]]}},{"type":"Feature","properties":{"bridge":"yes","carriage_ref":"A","highway":"trunk","int_ref":"E 43","lanes":"2","layer":"1","maxspeed":"100","mindistance:hgv":"150","motorroad":"yes","oneway":"no","ref":"A13","source:maxspeed":"sign","surface":"asphalt","toll":"yes"},"geometry":{"type":"LineString","coordinates":[[9.2875503,46.5452639],[9.2871584,46.5452099]]}},{"type":"Feature","properties":{"carriage_ref":"A","highway":"trunk","int_ref":"E 43","lanes":"2","maxspeed":"100","maxwidth:lanes":"2|","mindistance:hgv":"150","motorroad":"yes","oneway":"yes","ref":"A13","shoulder":"none","source:maxspeed":"sign","surface":"asphalt","toll":"yes"},"geometry":{"type":"LineString","coordinates":[[9.4199844,46.7736934],[9.4201159,46.7734105],[9.4203988,46.7727639],[9.4206876,46.7719989],[9.4209138,46.7712942],[9.4211084,46.7705382],[9.4213313,46.7694144]]}},{"type":"Feature","properties":{"carriage_ref":"A","highway":"trunk","incline":"-8%","int_ref":"E 43","lanes":"1","maxspeed":"80","mindistance:hgv":"150","motorroad":"yes","oneway":"yes","ref":"A13","shoulder:right":"yes","source:incline":"signpost","source:maxspeed":"sign","surface":"asphalt","toll":"yes"},"geometry":{"type":"LineString","coordinates":[[9.2248416,46.3712891],[9.2249487,46.3709169],[9.2250695,46.3706272],[9.2252956,46.3702599],[9.2254579,46.3700369],[9.2257214,46.3696881]]}},{"type":"Feature","properties":{"carriage_ref":"B","change:lanes:backward":"no","change:lanes:forward":"no","highway":"trunk","int_ref":"E 43","lanes":"2","maxspeed":"100","mindistance:hgv":"150","motorroad":"yes","oneway":"no","overtaking":"no","ref":"A13","shoulder":"none","source:maxspeed":"sign","surface":"asphalt","toll":"yes"},"geometry":{"type":"LineString","coordinates":[[9.19053176341,46.45171228114],[9.19060586341,46.45223108166],[9.19062526341,46.45245248188]]}},{"type":"Feature","properties":{"carriage_ref":"B","change:lanes:backward":"no","change:lanes:forward":"no","highway":"trunk","int_ref":"E 43","lanes":"2","maxspeed":"80","mindistance:hgv":"150","motorroad":"yes","oneway":"no","overtaking":"no","ref":"A13","shoulder":"none","source:maxspeed":"sign","surface":"asphalt","toll":"yes"},"geometry":{"type":"LineString","coordinates":[[9.38208859777,46.56913402611],[9.38216530759,46.56893949839],[9.38237325177,46.56832587753]]}},{"type":"Feature","properties":{"bridge":"yes","carriage_ref":"A","change:lanes:backward":"no","change:lanes:forward":"no","highway":"trunk","int_ref":"E 43","lanes":"2","layer":"1","maxspeed":"80","mindistance:hgv":"150","motorroad":"yes","oneway":"no","ref":"A13","shoulder":"none","source:maxspeed":"sign","surface":"asphalt","toll":"yes"},"geometry":{"type":"LineString","coordinates":[[9.4482216,46.6593091],[9.4482663,46.6591424]]}},{"type":"Feature","properties":{"carriage_ref":"B","highway":"motorway","int_ref":"E 43","lanes":"2","maxspeed":"120","oneway":"yes","ref":"A13","shoulder:right":"yes","source:maxspeed":"CH:motorway","surface":"asphalt","toll":"yes"},"geometry":{"type":"LineString","coordinates":[[9.5282365,47.2626052],[9.5284141,47.2634964],[9.5285488,47.2643149],[9.528603,47.2655642],[9.5285723,47.268366],[9.5286234,47.2689728],[9.5286798,47.2694667],[9.5288036,47.2700709],[9.5289753,47.2706387],[9.5293185,47.2714231],[9.5296388,47.2719854]]}},{"type":"Feature","properties":{"carriage_ref":"A","destination:lanes":"San Bernardino;St. Moritz;Thusis-Süd|San Bernardino;St. Moritz;Thusis-Süd|Thusis-Nord;Fürstenau;Cazis","highway":"trunk","int_ref":"E 43","lanes":"3","maxspeed":"100","maxwidth:lanes":"2||","mindistance:hgv":"150","motorroad":"yes","oneway":"yes","placement":"right_of:1","ref":"A13","shoulder":"none","source:maxspeed":"sign","surface":"asphalt","toll":"yes","turn:lanes":"||slight_right"},"geometry":{"type":"LineString","coordinates":[[9.44228058651,46.71762564405],[9.4425755,46.7172566],[9.4429766,46.7168108],[9.44342595767,46.71630396516]]}},{"type":"Feature","properties":{"carriage_ref":"A","change:lanes:backward":"no","change:lanes:forward":"not_left|not_right","highway":"trunk","int_ref":"E 43","lanes":"3","lanes:forward":"2","maxspeed":"100","mindistance:hgv":"150","motorroad":"yes","oneway":"no","overtaking:backward":"no","placement:backward":"left_of:1","ref":"A13","shoulder:left":"yes","shoulder:right":"yes","source:maxspeed":"sign","surface":"asphalt","toll":"yes"},"geometry":{"type":"LineString","coordinates":[[9.4347212,46.6243077],[9.4345904,46.6239398]]}},{"type":"Feature","properties":{"carriage_ref":"A","change:lanes:backward":"no","change:lanes:forward":"no","highway":"trunk","int_ref":"E 43","lanes":"2","maxspeed":"80","mindistance:hgv":"150","motorroad":"yes","oneway":"no","ref":"A13","shoulder":"none","source:maxspeed":"sign","surface":"asphalt","toll":"yes"},"geometry":{"type":"LineString","coordinates":[[9.4518125,46.6537006],[9.4517653,46.6535733],[9.4515205,46.6529182],[9.4513108,46.652369],[9.4512157,46.6521478],[9.4511289,46.651962],[9.4510035,46.651755],[9.4508506,46.6515468],[9.4507566,46.6514381],[9.4506358,46.651317],[9.4504449,46.6511458],[9.4501454,46.6509025],[9.4499551,46.6507384],[9.4498298,46.6506061],[9.449704,46.6504617],[9.4495258,46.6502101],[9.4493722,46.6499801],[9.4492072,46.6497136],[9.4487534,46.6489232]]}},{"type":"Feature","properties":{"avz":"25","bridge":"yes","carriage_ref":"B","highway":"motorway","int_ref":"E 43","lanes":"2","layer":"1","maxspeed":"120","oneway":"yes","ref":"A13","shoulder:right":"yes","source:maxspeed":"CH:motorway","ssvz":"83N","surface":"asphalt","toll":"yes"},"geometry":{"type":"LineString","coordinates":[[9.5068385,47.0142701],[9.5064993,47.0143261]]}},{"type":"Feature","properties":{"carriage_ref":"A","highway":"motorway","int_ref":"E 43","lanes":"2","maxspeed":"80","oneway":"yes","ref":"A13","shoulder:right":"yes","source:maxspeed":"sign","surface":"asphalt","toll":"yes"},"geometry":{"type":"LineString","coordinates":[[9.1106057,46.2311512],[9.1090301,46.231484]]}},{"type":"Feature","properties":{"avz":"310","carriage_ref":"A","cs_dir:forward":"1","highway":"motorway","int_ref":"E 43","lanes":"2","maxspeed":"120","oneway":"yes","ref":"A13","surface":"asphalt","toll":"yes"},"geometry":{"type":"LineString","coordinates":[[9.5280916,47.2626587],[9.5278003,47.2616547],[9.5276144,47.2611408],[9.5274447,47.2607016],[9.5270842,47.2599014],[9.5265896,47.2589464]]}},{"type":"Feature","properties":{"carriage_ref":"B","change:lanes:backward":"not_left|not_right","change:lanes:forward":"no","highway":"trunk","int_ref":"E 43","lanes":"3","lanes:backward":"2","lanes:forward":"1","maxspeed":"80","mindistance:hgv":"150","motorroad":"yes","oneway":"no","overtaking:forward":"no","placement:backward":"middle_of:1","ref":"A13","source:maxspeed":"sign","surface":"asphalt","toll":"yes"},"geometry":{"type":"LineString","coordinates":[[9.20430956341,46.53071036013],[9.20455716341,46.53081066023],[9.20479916341,46.53093076035]]}},{"type":"Feature","properties":{"bridge":"yes","carriage_ref":"B","highway":"motorway","int_ref":"E 43","lanes":"2","layer":"1","maxspeed":"120","oneway":"yes","ref":"A13","shoulder:right":"yes","source:maxspeed":"CH:motorway","surface":"asphalt","toll":"yes"},"geometry":{"type":"LineString","coordinates":[[9.5106448,47.0131126],[9.5099767,47.0133888],[9.509305,47.0136298],[9.508507,47.0138773],[9.5077033,47.0140888]]}},{"type":"Feature","properties":{"bridge":"yes","carriage_ref":"A","change:lanes:backward":"no","change:lanes:forward":"not_left|not_right","highway":"trunk","int_ref":"E 43","lanes":"3","lanes:forward":"2","layer":"1","maxspeed":"100","mindistance:hgv":"150","motorroad":"yes","oneway":"no","overtaking:backward":"no","placement:backward":"left_of:1","ref":"A13","shoulder:left":"yes","shoulder:right":"yes","source:maxspeed":"sign","surface":"asphalt","toll":"yes"},"geometry":{"type":"LineString","coordinates":[[9.4345904,46.6239398],[9.4345146,46.6236067]]}},{"type":"Feature","properties":{"carriage_ref":"A","highway":"motorway","int_ref":"E 43","lanes":"2","maxspeed":"120","oneway":"yes","ref":"A13","surface":"asphalt","toll":"yes"},"geometry":{"type":"LineString","coordinates":[[9.5140282,47.2385953],[9.513501,47.2378609],[9.5126657,47.2367606],[9.5117876,47.2356602],[9.5106081,47.2342531],[9.5085369,47.2318993],[9.5070943,47.2302793],[9.5056731,47.2286353],[9.5034501,47.2259366],[9.502262,47.2243074],[9.5017187,47.2234894],[9.5014978,47.223124],[9.5010572,47.2223902],[9.5008814,47.2220651],[9.5004251,47.2212293],[9.5000084,47.2204186],[9.4996665,47.2196768],[9.499362,47.2189928],[9.4989158,47.2178534],[9.4985513,47.2167549]]}},{"type":"Feature","properties":{"carriage_ref":"A","highway":"trunk","int_ref":"E 43","lanes":"2","maxspeed":"100","mindistance:hgv":"150","motorroad":"yes","oneway":"no","ref":"A13","shoulder:left":"yes","shoulder:right":"yes","source:maxspeed":"sign","surface":"asphalt","toll":"yes"},"geometry":{"type":"LineString","coordinates":[[9.4381746,46.6291401],[9.4380404,46.6288722],[9.437887,46.6286136],[9.4376917,46.6283159],[9.437456,46.6279994],[9.4368897,46.6272881],[9.4364177,46.6267005],[9.4360341,46.6262243],[9.435554,46.6256183]]}},{"type":"Feature","properties":{"carriage_ref":"B","change:lanes:backward":"no","change:lanes:forward":"no","highway":"trunk","int_ref":"E 43","lanes":"2","maxspeed":"100","mindistance:hgv":"150","motorroad":"yes","oneway":"no","overtaking":"no","ref":"A13","shoulder":"none","source:maxspeed":"sign","surface":"asphalt","toll":"yes"},"geometry":{"type":"LineString","coordinates":[[9.19057416341,46.45308198251],[9.19053486341,46.45322448265],[9.19048386341,46.45338338281],[9.19039406341,46.45361988305],[9.19025386341,46.4539709834],[9.19019126341,46.45421148364],[9.19015816341,46.45439948383],[9.19013886341,46.45456858399],[9.19013196341,46.45475108418],[9.19014466341,46.45491258434]]}},{"type":"Feature","properties":{"bridge":"yes","carriage_ref":"B","change:lanes:backward":"not_left|not_right","change:lanes:forward":"not_left|not_right","highway":"trunk","int_ref":"E 43","lanes":"4","lanes:forward":"2","layer":"1","maxspeed":"100","mindistance:hgv":"150","motorroad":"yes","oneway":"no","ref":"A13","shoulder:left":"yes","shoulder:right":"yes","source:maxspeed":"sign","surface":"asphalt","toll":"yes","turn:lanes:forward":"merge_to_right|"},"geometry":{"type":"LineString","coordinates":[[9.43446986341,46.62297805251],[9.43450726341,46.62320715274],[9.43455146341,46.62355245308]]}},{"type":"Feature","properties":{"carriage_ref":"B","change:lanes:backward":"not_left|not_right","change:lanes:forward":"no","highway":"trunk","int_ref":"E 43","lanes":"3","lanes:backward":"2","maxspeed":"80","mindistance:hgv":"150","motorroad":"yes","oneway":"no","overtaking:hgv:backward":"no","placement:backward":"middle_of:1","ref":"A13","shoulder":"none","source:maxspeed":"sign","surface":"asphalt","toll":"yes","turn:lanes:backward":"merge_to_right|"},"geometry":{"type":"LineString","coordinates":[[9.42127136341,46.57968470914],[9.42159506341,46.57975430921],[9.42185996341,46.57979770926],[9.42215296341,46.57982340928],[9.42242156341,46.57983400929],[9.42270846341,46.57981920928],[9.42300186341,46.57978290924],[9.42337356341,46.57970430916]]}},{"type":"Feature","properties":{"carriage_ref":"B","highway":"motorway","int_ref":"E 43","lanes":"2","maxspeed":"120","oneway":"yes","ref":"A13","shoulder:right":"yes","source:maxspeed":"CH:motorway","surface":"asphalt","toll":"yes"},"geometry":{"type":"LineString","coordinates":[[9.5089498,46.8615296],[9.5094325,46.8620399],[9.5099258,46.8624872],[9.5106525,46.8630665],[9.5112081,46.863422],[9.5118578,46.8638041],[9.5124728,46.8641238],[9.5136868,46.8646495],[9.5157706,46.8655257],[9.518289,46.8665881],[9.5241511,46.8690612],[9.5258919,46.8698031],[9.5272004,46.870377],[9.5281407,46.8708431],[9.528712,46.8711474]]}},{"type":"Feature","properties":{"carriage_ref":"B","change:lanes:backward":"no","change:lanes:forward":"no","highway":"trunk","int_ref":"E 43","lanes":"2","maxspeed":"80","mindistance:hgv":"150","motorroad":"yes","oneway":"no","overtaking":"no","ref":"A13","source:maxspeed":"sign","surface":"asphalt","toll":"yes"},"geometry":{"type":"LineString","coordinates":[[9.28991036341,46.54502927445],[9.29117936341,46.54475787418],[9.29196256341,46.54458727401],[9.29228986341,46.54451897394]]}},{"type":"Feature","properties":{"bridge":"yes","carriage_ref":"B","change:lanes:backward":"no","change:lanes:forward":"no","highway":"trunk","incline":"8%","int_ref":"E 43","lanes":"2","layer":"1","maxspeed:backward":"100","maxspeed:forward":"80","mindistance:hgv":"150","motorroad":"yes","oneway":"no","overtaking":"no","ref":"A13","shoulder":"none","source:incline":"signpost","source:maxspeed":"sign","surface":"asphalt","toll":"yes"},"geometry":{"type":"LineString","coordinates":[[9.23348546341,46.38362901315],[9.23382086341,46.3841828137],[9.23415566341,46.38472141424]]}},{"type":"Feature","properties":{"carriage_ref":"B","change:lanes:backward":"no","change:lanes:forward":"no","highway":"trunk","int_ref":"E 43","lanes":"2","maxspeed":"80","mindistance:hgv":"150","motorroad":"yes","oneway":"no","overtaking":"no","ref":"A13","shoulder":"none","source:maxspeed":"sign","surface":"asphalt","toll":"yes"},"geometry":{"type":"LineString","coordinates":[[9.35389296341,46.56514749459],[9.35422286341,46.5652580947],[9.35449026341,46.56533629478],[9.35489886341,46.56543789488],[9.35522246341,46.56550409495],[9.35548806341,46.56554769499]]}},{"type":"Feature","properties":{"carriage_ref":"B","destination":"Chur;Rothenbrunnen","highway":"trunk","int_ref":"E 43","lanes":"2","maxspeed":"100","maxwidth:lanes":"2|","mindistance:hgv":"150","motorroad":"yes","oneway":"yes","ref":"A13","shoulder":"none","source:maxspeed":"sign","surface":"asphalt","toll":"yes","width":"6.5"},"geometry":{"type":"LineString","coordinates":[[9.44683906341,46.71264604242],[9.44631086341,46.713218043],[9.44570676341,46.71392464371],[9.44530656341,46.71438464417],[9.44345606341,46.71638734618]]}},{"type":"Feature","properties":{"carriage_ref":"A","change:lanes":"not_left|not_right|no","destination:lanes":"Thusis|Thusis|Rothenbrunnen;Cazis","highway":"trunk","int_ref":"E 43","lanes":"3","maxspeed":"100","maxwidth:lanes":"2||","mindistance:hgv":"150","motorroad":"yes","oneway":"yes","placement":"right_of:1","ref":"A13","shoulder":"none","source:maxspeed":"sign","surface":"asphalt","toll":"yes","turn:lanes":"||slight_right"},"geometry":{"type":"LineString","coordinates":[[9.42157026442,46.76802102562],[9.4216421,46.7675712]]}},{"type":"Feature","properties":{"avalanche_protector:right":"open","carriage_ref":"B","change:lanes:backward":"no","change:lanes:forward":"no","highway":"trunk","int_ref":"E 43","lanes":"2","layer":"-1","lit":"24/7","maxspeed":"80","mindistance:hgv":"150","motorroad":"yes","oneway":"no","overtaking":"no","ref":"A13","shoulder":"none","source:maxspeed":"sign","surface":"asphalt","toll":"yes","tunnel":"avalanche_protector"},"geometry":{"type":"LineString","coordinates":[[9.41589756341,46.57290040235],[9.41615956341,46.57341190286]]}},{"type":"Feature","properties":{"carriage_ref":"B","highway":"trunk","incline":"8%","int_ref":"E 43","lanes":"2","maxspeed":"100","mindistance:hgv":"150","motorroad":"yes","oneway":"no","ref":"A13","shoulder":"none","source:incline":"signpost","source:maxspeed":"sign","surface":"asphalt","toll":"yes"},"geometry":{"type":"LineString","coordinates":[[9.22648186341,46.41842014789],[9.22662106341,46.41908964855],[9.22672586341,46.41975144921],[9.22675806341,46.42006394953]]}},{"type":"Feature","properties":{"carriage_ref":"A","destination":"Landquart","highway":"motorway","int_ref":"E 43","lanes":"3","maxspeed":"120","oneway":"yes","placement":"right_of:1","ref":"A13","shoulder:right":"yes","source:maxspeed":"CH:motorway","surface":"asphalt","toll":"yes","turn:lanes":"none|none|merge_to_left"},"geometry":{"type":"LineString","coordinates":[[9.520705,47.0018682],[9.5208912,47.0016355],[9.5213217,47.0011224],[9.5218671,47.0004726]]}},{"type":"Feature","properties":{"carriage_ref":"B","change:lanes:backward":"no|no","change:lanes:forward":"not_left|not_right","highway":"trunk","int_ref":"E 43","lanes":"4","lit":"yes","maxspeed:backward":"100","maxspeed:forward":"80","mindistance:hgv":"150","motorroad":"yes","oneway":"no","overtaking":"no","ref":"A13","shoulder":"none","source:maxspeed":"sign","surface":"asphalt","toll":"yes","turn:lanes:forward":"through|right"},"geometry":{"type":"LineString","coordinates":[[9.18747316341,46.46235699178],[9.18729236341,46.46259039201]]}},{"type":"Feature","properties":{"carriage_ref":"B","destination":"St. Margrethen","hazmat:water":"permissive","highway":"motorway","int_ref":"E 43","lanes":"2","maxspeed":"120","oneway":"yes","ref":"A13","shoulder:right":"yes","source:maxspeed":"CH:motorway","surface":"asphalt","toll":"yes"},"geometry":{"type":"LineString","coordinates":[[9.6451647,47.4276286],[9.6447337,47.4284456],[9.6445034,47.4288704],[9.6441411,47.4295367],[9.6436318,47.4305008],[9.6433642,47.4309988],[9.6430451,47.4316458],[9.6428143,47.4321763],[9.6425812,47.4328339],[9.6424703,47.4332362],[9.6423765,47.4337127]]}},{"type":"Feature","properties":{"carriage_ref":"A","hazmat:water":"permissive","highway":"motorway","int_ref":"E 43","lanes":"2","maxspeed":"120","oneway":"yes","ref":"A13","surface":"asphalt","toll":"yes"},"geometry":{"type":"LineString","coordinates":[[9.6452692,47.4272272],[9.6454828,47.4267741],[9.6456379,47.4264269],[9.6457725,47.4260777],[9.6458909,47.425735],[9.6460783,47.4250764],[9.6461622,47.4245708],[9.6463193,47.4233356]]}},{"type":"Feature","properties":{"carriage_ref":"A","highway":"motorway","int_ref":"E 43","lanes":"2","maxspeed":"120","oneway":"yes","ref":"A13","surface":"asphalt","toll":"yes"},"geometry":{"type":"LineString","coordinates":[[9.5188745,47.2465709],[9.5179277,47.2447848],[9.5174015,47.2438487]]}},{"type":"Feature","properties":{"carriage_ref":"B","highway":"motorway","int_ref":"E 43","lanes":"2","layer":"-1","maxspeed":"120","oneway":"yes","ref":"A13","shoulder:right":"yes","source:maxspeed":"CH:motorway","surface":"asphalt","toll":"yes","tunnel":"yes"},"geometry":{"type":"LineString","coordinates":[[9.560779,47.3023474],[9.5612779,47.302666]]}},{"type":"Feature","properties":{"carriage_ref":"B","highway":"trunk","incline":"8%","int_ref":"E 43","lanes":"2","maxspeed":"100","mindistance:hgv":"150","motorroad":"yes","oneway":"no","ref":"A13","shoulder":"none","source:incline":"signpost","source:maxspeed":"sign","surface":"asphalt","toll":"yes"},"geometry":{"type":"LineString","coordinates":[[9.23034276897,46.41430824691],[9.23114616341,46.41471074418],[9.23154846341,46.41486614434],[9.23181406341,46.41496414443],[9.23208286341,46.41504404451],[9.23231296341,46.41509914457],[9.23252436341,46.41513994461],[9.23271256341,46.41516564464],[9.23292176341,46.41516564464],[9.23313476341,46.41515064462],[9.23331076341,46.4151268446]]}},{"type":"Feature","properties":{"carriage_ref":"B","change:lanes:backward":"no","change:lanes:forward":"no","highway":"trunk","incline":"8%","int_ref":"E 43","lanes":"2","maxspeed":"80","mindistance:hgv":"150","motorroad":"yes","oneway":"no","overtaking":"no","ref":"A13","shoulder":"none","source:incline":"signpost","source:maxspeed":"sign","surface":"asphalt","toll":"yes"},"geometry":{"type":"LineString","coordinates":[[9.20993476341,46.43790536735],[9.20996186341,46.43775066719],[9.20998746341,46.43766636711]]}},{"type":"Feature","properties":{"carriage_ref":"B","change:lanes:backward":"no","change:lanes:forward":"no","highway":"trunk","int_ref":"E 43","lanes":"2","maxspeed":"80","mindistance:hgv":"150","motorroad":"yes","oneway":"no","overtaking":"no","ref":"A13","shoulder":"none","source:maxspeed":"sign","surface":"asphalt","toll":"yes"},"geometry":{"type":"LineString","coordinates":[[9.36267056341,46.56726909671],[9.36405856341,46.56746079691],[9.36499066341,46.56759729704]]}},{"type":"Feature","properties":{"carriage_ref":"B","change:lanes:backward":"not_left|not_right","change:lanes:forward":"no","highway":"trunk","int_ref":"E 43","lanes":"3","lanes:backward":"2","maxspeed":"80","mindistance:hgv":"150","motorroad":"yes","oneway":"no","overtaking:hgv:backward":"no","placement:backward":"middle_of:1","ref":"A13","shoulder":"none","source:maxspeed":"sign","surface":"asphalt","toll":"yes"},"geometry":{"type":"LineString","coordinates":[[9.44043286341,46.69172652144],[9.44055026341,46.69182312153],[9.44063996341,46.6918950216]]}},{"type":"Feature","properties":{"bridge":"yes","carriage_ref":"A","change:lanes:backward":"no","change:lanes:forward":"no","highway":"trunk","incline":"-8%","int_ref":"E 43","lanes":"2","layer":"1","maxspeed":"100","mindistance:hgv":"150","motorroad":"yes","oneway":"no","overtaking":"no","ref":"A13","shoulder":"none","source:incline":"signpost","source:maxspeed":"sign","surface":"asphalt","toll":"yes"},"geometry":{"type":"LineString","coordinates":[[9.2311267,46.406011],[9.2310382,46.4058094],[9.2308665,46.4055542],[9.2306585,46.4052945]]}},{"type":"Feature","properties":{"carriage_ref":"A","highway":"trunk","incline":"-8%","int_ref":"E 43","lanes":"2","maxspeed":"100","mindistance:hgv":"150","motorroad":"yes","oneway":"no","ref":"A13","shoulder":"none","source:incline":"signpost","source:maxspeed":"sign","surface":"asphalt","toll":"yes"},"geometry":{"type":"LineString","coordinates":[[9.2267212,46.4201184],[9.226689,46.4198059],[9.2265842,46.4191441],[9.226445,46.4184746]]}},{"type":"Feature","properties":{"carriage_ref":"B","change:lanes:backward":"no","change:lanes:forward":"no","highway":"trunk","int_ref":"E 43","lanes":"2","maxspeed":"80","mindistance:hgv":"150","motorroad":"yes","oneway":"no","ref":"A13","shoulder":"none","source:maxspeed":"sign","surface":"asphalt","toll":"yes"},"geometry":{"type":"LineString","coordinates":[[9.42631276341,46.58873661821],[9.42646466341,46.58905991853],[9.42660916341,46.58929521877],[9.42675166341,46.58949681897],[9.42695756341,46.5897232192],[9.42719256341,46.58997791945],[9.42742586341,46.59023431971]]}},{"type":"Feature","properties":{"bridge":"yes","carriage_ref":"A","destination:lanes":"||Heidiland","destination:symbol:lanes":"||fuel;restaurants:toilets","highway":"motorway","int_ref":"E 43","lanes":"3","layer":"1","maxspeed":"120","oneway":"yes","placement":"right_of:1","ref":"A13","shoulder:right":"yes","source:maxspeed":"CH:motorway","surface":"asphalt","toll":"yes","turn:lanes":"none|none|slight_right"},"geometry":{"type":"LineString","coordinates":[[9.511267,47.0126593],[9.5115104,47.0125317]]}},{"type":"Feature","properties":{"carriage_ref":"B","change:lanes:backward":"no","change:lanes:forward":"no|not_right","highway":"trunk","int_ref":"E 43","lanes":"3","lanes:forward":"2","maxspeed":"80","mindistance:hgv":"150","motorroad":"yes","oneway":"no","placement:forward":"left_of:1","ref":"A13","shoulder:left":"yes","shoulder:right":"yes","source:maxspeed":"sign","surface":"asphalt","toll":"yes","turn:lanes:forward":"|merge_to_left"},"geometry":{"type":"LineString","coordinates":[[9.40608376341,46.82019115044],[9.40619516341,46.82040335065],[9.40630496341,46.82058895084]]}},{"type":"Feature","properties":{"carriage_ref":"A","change:lanes":"not_left|yes|no","destination:lanes":"||Thusis-Süd;St. Moritz;Tiefencastel","highway":"trunk","int_ref":"E 43","lanes":"3","maxspeed":"100","maxwidth:lanes":"2||","mindistance:hgv":"150","motorroad":"yes","oneway":"yes","placement":"right_of:1","ref":"A13","shoulder":"none","source:maxspeed":"sign","surface":"asphalt","toll":"yes","turn:lanes":"||slight_right"},"geometry":{"type":"LineString","coordinates":[[9.4471385,46.7004731],[9.4469561,46.6999047]]}},{"type":"Feature","properties":{"bridge":"yes","carriage_ref":"B","change:lanes:backward":"not_left|not_right","change:lanes:forward":"no","destination:lanes:backward":"San Bernardino;Medels|Splügen;Splügenpass","highway":"trunk","int_ref":"E 43","lanes":"3","lanes:forward":"1","layer":"1","maxspeed":"80","mindistance:hgv":"150","motorroad":"yes","oneway":"no","overtaking":"no","placement:forward":"left_of:1","ref":"A13","shoulder":"none","source:maxspeed":"sign","surface":"asphalt","toll":"yes","turn:lanes:backward":"|slight_right"},"geometry":{"type":"LineString","coordinates":[[9.32154756341,46.55102178045],[9.32179886341,46.55108648052]]}},{"type":"Feature","properties":{"carriage_ref":"B","change:lanes:backward":"not_left|not_right","change:lanes:forward":"not_left|not_right","highway":"trunk","int_ref":"E 43","lanes":"4","lanes:backward":"2","maxspeed":"80","mindistance:hgv":"150","motorroad":"yes","oneway":"no","overtaking":"no","placement:forward":"left_of:1","ref":"A13","shoulder":"none","source:maxspeed":"sign","surface":"asphalt","toll":"yes","turn:lanes:backward":"|slight_right","turn:lanes:forward":"|merge_to_left"},"geometry":{"type":"LineString","coordinates":[[9.37149146341,46.57063320008],[9.37183026341,46.57069610014]]}},{"type":"Feature","properties":{"carriage_ref":"B","change:lanes:backward":"no","change:lanes:forward":"no","highway":"trunk","int_ref":"E 43","lanes":"2","layer":"-1","lit":"24/7","maxheight":"default","maxspeed":"80","mindistance:hgv":"150","motorroad":"yes","oneway":"no","ref":"A13","shoulder":"none","source:maxspeed":"sign","surface":"asphalt","toll":"yes","tunnel":"yes","tunnel:name":"Bargias"},"geometry":{"type":"LineString","coordinates":[[9.45184936341,46.65364638325],[9.45206896341,46.65420948381],[9.45222676341,46.65474268435],[9.45227016341,46.65503788464],[9.45224426341,46.65538318499],[9.45213066341,46.65573748534],[9.45193706341,46.65610358571],[9.45171416341,46.65633638594],[9.45146286341,46.65652358613],[9.45119966341,46.65665218626],[9.45081789224,46.65675647658]]}},{"type":"Feature","properties":{"carriage_ref":"A","change:lanes:backward":"no","change:lanes:forward":"no","highway":"trunk","int_ref":"E 43","lanes":"2","layer":"-1","lit":"24/7","maxspeed":"80","mindistance:hgv":"150","motorroad":"yes","oneway":"no","ref":"A13","shoulder":"none","source:maxspeed":"sign","surface":"asphalt","toll":"yes","tunnel":"yes","tunnel:name":"Viamala"},"geometry":{"type":"LineString","coordinates":[[9.4477027,46.6653372],[9.4473897,46.6651363],[9.4469988,46.664903],[9.4466179,46.664675],[9.4463573,46.6644343],[9.44616,46.6641639],[9.4460468,46.6639264],[9.4458239,46.6634033],[9.4457943,46.6627967],[9.4458973,46.6622988],[9.4461138,46.6618543],[9.4464282,46.6614389],[9.4471225,46.6608588],[9.4477322,46.6603091],[9.4479869,46.6599097],[9.4481499,46.659487]]}},{"type":"Feature","properties":{"bridge":"yes","carriage_ref":"A","highway":"motorway","int_ref":"E 43","lanes":"2","layer":"1","maxspeed":"120","oneway":"yes","ref":"A13","shoulder":"none","source:maxspeed":"CH:motorway","surface":"asphalt","toll":"yes"},"geometry":{"type":"LineString","coordinates":[[9.1848143,46.2960877],[9.1843794,46.2957336]]}},{"type":"Feature","properties":{"carriage_ref":"B","destination":"St. Gallen;St. Margrethen;München;Feldkirch;Vaduz","destination:country":"D;A;FL","destination:int_ref":"E 43","destination:ref":"A13","highway":"motorway","int_ref":"E 43","lanes":"1","maxspeed":"120","oneway":"yes","ref":"A13","shoulder:right":"yes","source:maxspeed":"CH:motorway","surface":"asphalt","toll":"yes"},"geometry":{"type":"LineString","coordinates":[[9.4647462,47.035617],[9.4645917,47.0357663],[9.4639755,47.0363959]]}},{"type":"Feature","properties":{"avz":"35","carriage_ref":"A","cs_dir:forward":"1","destination:country:lanes":"I;;;|","destination:int_ref:lanes":"E 43|","destination:lanes":"Chiasso;San Bernardino;Chur;Bad Ragaz|Zürich;Sargans;Mels","highway":"motorway","int_ref":"E 43","lanes":"2","maxspeed":"100","note":"Schilder für Geschwindigkeitsbegrenzung sind an der Brücke angebracht","oneway":"yes","ref":"A13","ssvz":"218N","surface":"asphalt","toll":"yes"},"geometry":{"type":"LineString","coordinates":[[9.4652236,47.0416435],[9.463575,47.0398088]]}},{"type":"Feature","properties":{"carriage_ref":"B","change:forward":"no","change:lanes:backward":"not_left|no","highway":"trunk","int_ref":"E 43","lanes":"3","lanes:backward":"2","lanes:forward":"1","maxspeed":"80","mindistance:hgv":"150","motorroad":"yes","oneway":"no","overtaking":"no","placement:backward":"left_of:1","ref":"A13","shoulder":"none","source:maxspeed":"sign","surface":"asphalt","toll":"yes","turn:lanes:backward":"through|right"},"geometry":{"type":"LineString","coordinates":[[9.18831406341,46.52604165545],[9.18918296341,46.52709845651]]}},{"type":"Feature","properties":{"carriage_ref":"B","destination":"Zizers","highway":"motorway","int_ref":"E 43","lanes":"2","maxspeed":"120","oneway":"yes","ref":"A13","shoulder:right":"yes","source:maxspeed":"sign","surface":"asphalt","toll":"yes"},"geometry":{"type":"LineString","coordinates":[[9.534887,46.8813241],[9.535065,46.8818346],[9.5351913,46.8821455],[9.5354353,46.8826652],[9.5355829,46.8829577],[9.5357785,46.8832921],[9.5362269,46.8840171]]}},{"type":"Feature","properties":{"carriage_ref":"A","change:lanes:backward":"no|not_right","change:lanes:forward":"no","highway":"trunk","int_ref":"E 43","lanes":"3","lanes:backward":"2","maxspeed":"80","mindistance:hgv":"150","motorroad":"yes","oneway":"no","overtaking":"no","placement:backward":"left_of:1","ref":"A13","shoulder":"none","source:maxspeed":"sign","surface":"asphalt","toll":"yes","turn:lanes:backward":"|merge_to_left"},"geometry":{"type":"LineString","coordinates":[[9.322979,46.5514401],[9.3224214,46.551301]]}},{"type":"Feature","properties":{"carriage_ref":"A","destination:lanes":"||Heidiland","destination:symbol:lanes":"||fuel;restaurants:toilets","highway":"motorway","int_ref":"E 43","lanes":"3","maxspeed":"120","oneway":"yes","placement":"right_of:1","ref":"A13","shoulder:right":"yes","source:maxspeed":"CH:motorway","surface":"asphalt","toll":"yes","turn:lanes":"none|none|slight_right"},"geometry":{"type":"LineString","coordinates":[[9.5115104,47.0125317],[9.5116296,47.0124694]]}},{"type":"Feature","properties":{"bridge":"yes","carriage_ref":"B","change:lanes:backward":"no","change:lanes:forward":"no","highway":"trunk","int_ref":"E 43","lanes":"2","layer":"1","lit":"yes","maxspeed":"80","mindistance:hgv":"150","motorroad":"yes","oneway":"no","overtaking":"no","ref":"A13","shoulder":"none","source:maxspeed":"sign","surface":"asphalt","toll":"yes"},"geometry":{"type":"LineString","coordinates":[[9.40342126341,46.56611489556],[9.40405836341,46.56651669596],[9.40442846341,46.56680069624],[9.40476646341,46.5671583966],[9.40499176341,46.56748669693],[9.40522246341,46.5679550974]]}},{"type":"Feature","properties":{"bridge":"yes","carriage_ref":"A","highway":"trunk","incline":"-8%","int_ref":"E 43","lanes":"2","layer":"1","maxspeed":"100","mindistance:hgv":"150","motorroad":"yes","oneway":"no","ref":"A13","shoulder":"none","source:incline":"signpost","source:maxspeed":"sign","surface":"asphalt","toll":"yes"},"geometry":{"type":"LineString","coordinates":[[9.2340825,46.4132402],[9.2344607,46.4131589]]}},{"type":"Feature","properties":{"carriage_ref":"B","change:lanes:backward":"no","change:lanes:forward":"no","highway":"trunk","int_ref":"E 43","lanes":"2","maxspeed:backward":"100","maxspeed:forward":"80","mindistance:hgv":"150","motorroad":"yes","oneway":"no","ref":"A13","shoulder:left":"yes","shoulder:right":"yes","source:maxspeed":"sign","source:maxspeed:backward":"CH:motorroad","surface":"asphalt","toll":"yes","width":"7.5"},"geometry":{"type":"LineString","coordinates":[[9.41562426341,46.82700905729],[9.41587526341,46.8273094576],[9.41613756341,46.82756955786]]}},{"type":"Feature","properties":{"carriage_ref":"B","highway":"trunk","int_ref":"E 43","lanes":"2","maxspeed":"100","mindistance:hgv":"150","motorroad":"yes","oneway":"no","ref":"A13","source:maxspeed":"sign","surface":"asphalt","toll":"yes"},"geometry":{"type":"LineString","coordinates":[[9.28758716341,46.54520957463],[9.28779576341,46.54522827465],[9.28807616341,46.54524397467],[9.28829466341,46.54524767467],[9.28854356341,46.54523777466],[9.28882436341,46.54521627464],[9.28916266341,46.5451734746],[9.28952716341,46.54511397454],[9.28991036341,46.54502927445]]}},{"type":"Feature","properties":{"carriage_ref":"A","destination:colour:lanes":"green|green|blue;blue","destination:country:lanes":"||;FL","destination:lanes":"Trübbach|Trübbach|Sevelen;Vaduz","highway":"motorway","int_ref":"E 43","lanes":"3","maxspeed":"120","oneway":"yes","placement":"right_of:1","ref":"A13","surface":"asphalt","toll":"yes","turn:lanes":"none|none|slight_right"},"geometry":{"type":"LineString","coordinates":[[9.507079,47.1360931],[9.5077226,47.1348077]]}},{"type":"Feature","properties":{"carriage_ref":"B","change:lanes":"yes|yes|not_left","destination:country:lanes":"||D;A;FL","destination:int_ref:lanes":"||E 43","destination:lanes":"Zürich;Sargans|Zürich;Sargans|St. Gallen;St. Margrethen;München;Feldkirch;Vaduz","destination:ref:lanes":"A3|A3|A13","highway":"motorway","int_ref":"E 43","lanes":"3","maxspeed":"120","oneway":"yes","placement":"right_of:1","ref":"A13","shoulder:right":"yes","source:maxspeed":"CH:motorway","surface":"asphalt","toll":"yes","turn:lanes":"through|through|slight_right"},"geometry":{"type":"LineString","coordinates":[[9.4652703,47.034999],[9.4647769,47.0354819]]}},{"type":"Feature","properties":{"carriage_ref":"A","change:lanes:backward":"no","change:lanes:forward":"no","highway":"trunk","int_ref":"E 43","lanes":"2","maxspeed":"100","mindistance:hgv":"150","motorroad":"yes","oneway":"no","overtaking":"no","ref":"A13","shoulder:left":"yes","shoulder:right":"yes","source:maxspeed":"sign","surface":"asphalt","toll":"yes"},"geometry":{"type":"LineString","coordinates":[[9.4427564,46.6421935],[9.4424808,46.6420358],[9.4422237,46.6418592]]}},{"type":"Feature","properties":{"carriage_ref":"A","change:lanes:backward":"not_left|not_right","change:lanes:forward":"no","highway":"trunk","int_ref":"E 43","lanes":"3","lanes:backward":"2","maxspeed":"100","mindistance:hgv":"150","motorroad":"yes","oneway":"no","ref":"A13","shoulder:left":"yes","shoulder:right":"yes","source:maxspeed":"sign","surface":"asphalt","toll":"yes"},"geometry":{"type":"LineString","coordinates":[[9.4333011,46.6081585],[9.4330502,46.60786],[9.4327953,46.6075854]]}},{"type":"Feature","properties":{"carriage_ref":"A","change:lanes:backward":"no","change:lanes:forward":"no","highway":"trunk","int_ref":"E 43","lanes":"2","maxspeed:backward":"80","maxspeed:forward":"100","mindistance:hgv":"150","motorroad":"yes","oneway":"no","ref":"A13","shoulder:left":"yes","shoulder:right":"yes","source:maxspeed":"sign","source:maxspeed:forward":"CH:motorroad","surface":"asphalt","toll":"yes","width":"7.5"},"geometry":{"type":"LineString","coordinates":[[9.4161007,46.8276236],[9.4158384,46.8273635],[9.4155874,46.8270631]]}},{"type":"Feature","properties":{"carriage_ref":"A","highway":"trunk","incline":"-8%","int_ref":"E 43","lanes":"4","lanes:forward":"2","maxspeed":"100","mindistance:hgv":"150","motorroad":"yes","oneway":"no","ref":"A13","shoulder":"none","source:incline":"signpost","source:maxspeed":"sign","surface":"asphalt","toll":"yes","turn:lanes:backward":"|slight_right","turn:lanes:forward":"|merge_to_left"},"geometry":{"type":"LineString","coordinates":[[9.2267593,46.4205295],[9.2267212,46.4201184]]}},{"type":"Feature","properties":{"carriage_ref":"B","change:lanes:backward":"no","change:lanes:forward":"no","highway":"trunk","int_ref":"E 43","lanes":"2","maxspeed":"80","mindistance:hgv":"150","motorroad":"yes","oneway":"no","overtaking":"no","ref":"A13","shoulder":"none","source:maxspeed":"sign","surface":"asphalt","toll":"yes"},"geometry":{"type":"LineString","coordinates":[[9.38255986341,46.56701699646],[9.38264666341,46.56676659621],[9.38276626341,46.56654009598],[9.38293776341,46.56630809575],[9.38314216341,46.56611819556],[9.38337916341,46.56594399539],[9.38363796341,46.56580509525],[9.38397936341,46.56567949512],[9.38438436341,46.56558179502],[9.38475176341,46.56553939498],[9.38515446341,46.56553549498],[9.38555106341,46.56560209504],[9.38594406341,46.56570659515],[9.38637726341,46.56590079534],[9.38674736341,46.56614789559],[9.38779346341,46.56706989651],[9.38818776341,46.56734129679],[9.38863026341,46.56757519702],[9.38897896341,46.56771529716],[9.38935446341,46.56780379725],[9.38972996341,46.56787019732],[9.39016446341,46.56789219734],[9.39061616341,46.56788979733],[9.39107106341,46.56782969727],[9.39153776341,46.56773379718],[9.39201526341,46.56759359704],[9.39273406341,46.56735019679],[9.39381226341,46.56692979637],[9.39470276341,46.56658679603],[9.39553426341,46.56630649575],[9.39611186341,46.56616659561],[9.39654816341,46.56609999554],[9.39695646341,46.5660585955],[9.39758286341,46.56601199546],[9.39833446341,46.5659561954],[9.39953616341,46.5658601953]]}},{"type":"Feature","properties":{"carriage_ref":"A","highway":"motorway","int_ref":"E 43","lanes":"2","maxspeed":"100","oneway":"yes","ref":"A13","shoulder:right":"yes","source:maxspeed":"sign","surface":"asphalt","toll":"yes","turn:lanes":"merge_to_right|"},"geometry":{"type":"LineString","coordinates":[[9.1416087,46.2406139],[9.1413894,46.2403273],[9.1411695,46.2400064]]}},{"type":"Feature","properties":{"carriage_ref":"B","change:lanes":"no|no","highway":"trunk","int_ref":"E 43","lanes":"2","maxspeed":"100","maxwidth:lanes":"2|","mindistance:hgv":"150","motorroad":"yes","oneway":"yes","ref":"A13","shoulder":"none","source:maxspeed":"sign","surface":"asphalt","toll":"yes","width":"6.5"},"geometry":{"type":"LineString","coordinates":[[9.44704923272,46.69996479019],[9.44723297505,46.70061389087]]}},{"type":"Feature","properties":{"carriage_ref":"B","highway":"trunk","int_ref":"E 43","lanes":"1","maxspeed":"100","mindistance:hgv":"150","motorroad":"yes","oneway":"yes","ref":"A13","shoulder":"none","source:maxspeed":"sign","surface":"asphalt","toll":"yes"},"geometry":{"type":"LineString","coordinates":[[9.2272612,46.3648486],[9.2272875,46.3654007],[9.2272702,46.3658857],[9.227255,46.3661872],[9.2272335,46.366376]]}},{"type":"Feature","properties":{"carriage_ref":"B","change:lanes:backward":"no","change:lanes:forward":"no","highway":"trunk","int_ref":"E 43","lanes":"2","maxspeed":"80","mindistance:hgv":"150","motorroad":"yes","oneway":"no","ref":"A13","shoulder":"none","source:maxspeed":"sign","surface":"asphalt","toll":"yes"},"geometry":{"type":"LineString","coordinates":[[9.44825846341,46.65925488887],[9.44818676341,46.65943278905]]}},{"type":"Feature","properties":{"carriage_ref":"B","destination":"Zürich;St. Margrethen","highway":"motorway","int_ref":"E 43","lanes":"3","maxspeed":"120","oneway":"yes","placement":"right_of:1","ref":"A13","shoulder:right":"yes","source:maxspeed":"CH:motorway","surface":"asphalt","toll":"yes","turn:lanes":"none|none|merge_to_left"},"geometry":{"type":"LineString","coordinates":[[9.4906582,47.018286],[9.4889282,47.0192721]]}},{"type":"Feature","properties":{"carriage_ref":"B","highway":"trunk","int_ref":"E 43","lanes":"2","maxspeed":"80","maxwidth:lanes":"2|","mindistance:hgv":"150","motorroad":"yes","oneway":"yes","overtaking":"no","ref":"A13","shoulder":"none","source:maxspeed":"sign","surface":"asphalt","toll":"yes","turn:lanes":"merge_to_right|"},"geometry":{"type":"LineString","coordinates":[[9.2314739,46.3802366],[9.23181,46.3808025]]}},{"type":"Feature","properties":{"carriage_ref":"A","change:lanes:backward":"no|not_right","change:lanes:forward":"no","destination:forward":"Lostallo","highway":"trunk","incline":"-8%","int_ref":"E 43","lanes":"3","lanes:backward":"2","maxspeed":"80","mindistance:hgv":"150","motorroad":"yes","oneway":"no","overtaking":"no","placement:backward":"left_of:1","ref":"A13","shoulder":"none","source:incline":"signpost","surface":"asphalt","toll":"yes","turn:lanes:backward":"|merge_to_left"},"geometry":{"type":"LineString","coordinates":[[9.2332772,46.383407],[9.2331404,46.3831739]]}},{"type":"Feature","properties":{"carriage_ref":"A","hazard":"curve","highway":"trunk","incline":"-8%","int_ref":"E 43","lanes":"2","maxspeed:backward":"100","maxspeed:forward":"80","mindistance:hgv":"150","motorroad":"yes","oneway":"no","ref":"A13","shoulder":"none","source:incline":"signpost","source:maxspeed":"sign","surface":"asphalt","toll":"yes"},"geometry":{"type":"LineString","coordinates":[[9.2313032,46.4204385],[9.2311697,46.420589],[9.2309886,46.4207804],[9.2308407,46.4209247]]}},{"type":"Feature","properties":{"carriage_ref":"B","change:lanes:backward":"not_left|not_right","change:lanes:forward":"not_left|not_right","destination:lanes:backward":"Mesocco-Sud;Cabbiolo;Soazza|Lostallo","highway":"trunk","incline":"8%","int_ref":"E 43","lanes":"4","maxspeed":"80","mindistance:hgv":"150","motorroad":"yes","oneway":"no","overtaking":"no","ref":"A13","shoulder":"none","source:incline":"signpost","surface":"asphalt","toll":"yes","turn:lanes:backward":"|slight_right","turn:lanes:forward":"|merge_to_left"},"geometry":{"type":"LineString","coordinates":[[9.23331406341,46.38335251288],[9.23348546341,46.38362901315]]}},{"type":"Feature","properties":{"carriage_ref":"A","change:lanes:backward":"no","change:lanes:forward":"no","highway":"trunk","int_ref":"E 43","lanes":"2","maxspeed":"80","mindistance:hgv":"150","motorroad":"yes","oneway":"no","overtaking":"no","ref":"A13","shoulder":"none","source:maxspeed":"sign","surface":"asphalt","toll":"yes"},"geometry":{"type":"LineString","coordinates":[[9.416277,46.5751228],[9.4162501,46.575003],[9.4162367,46.5748868],[9.4162247,46.5747227],[9.4162307,46.5745233],[9.4162581,46.5742422],[9.4162569,46.5740928],[9.4162467,46.5739202]]}},{"type":"Feature","properties":{"bridge":"yes","carriage_ref":"B","change:lanes:backward":"no","change:lanes:forward":"no","highway":"trunk","int_ref":"E 43","lanes":"2","layer":"1","maxspeed":"80","mindistance:hgv":"150","motorroad":"yes","oneway":"no","ref":"A13","shoulder":"none","source:maxspeed":"sign","surface":"asphalt","toll":"yes"},"geometry":{"type":"LineString","coordinates":[[9.44830316341,46.6590881887],[9.44825846341,46.65925488887]]}},{"type":"Feature","properties":{"avz":"22","carriage_ref":"A","cs_dir:forward":"1","highway":"motorway","int_ref":"E 43","lanes":"2","maxspeed":"120","oneway":"yes","ref":"A13","ssvz":"216N","surface":"asphalt","toll":"yes"},"geometry":{"type":"LineString","coordinates":[[9.6237512,47.3687248],[9.6220362,47.3675107]]}},{"type":"Feature","properties":{"carriage_ref":"A","highway":"motorway","int_ref":"E 43","lanes":"2","maxspeed":"80","oneway":"yes","ref":"A13","shoulder:right":"yes","source:maxspeed":"sign","surface":"asphalt","toll":"yes"},"geometry":{"type":"LineString","coordinates":[[9.1077744,46.2317103],[9.1073601,46.2317764],[9.1069365,46.231834]]}},{"type":"Feature","properties":{"bridge":"yes","carriage_ref":"A","change:lanes:backward":"no","change:lanes:forward":"no","highway":"trunk","int_ref":"E 43","lanes":"2","layer":"1","lit":"yes","maxspeed":"80","mindistance:hgv":"150","motorroad":"yes","oneway":"no","ref":"A13","shoulder":"none","source:maxspeed":"sign","surface":"asphalt","toll":"yes"},"geometry":{"type":"LineString","coordinates":[[9.4116777,46.8091504],[9.4138075,46.8065405],[9.4141435,46.8061304]]}},{"type":"Feature","properties":{"carriage_ref":"A","change:lanes:backward":"no","change:lanes:forward":"no","highway":"trunk","incline":"-8%","int_ref":"E 43","lanes":"2","layer":"-1","maxspeed":"80","mindistance:hgv":"150","motorroad":"yes","oneway":"no","overtaking":"no","ref":"A13","shoulder":"none","source:incline":"signpost","source:maxspeed":"sign","surface":"asphalt","toll":"yes","tunnel":"yes","tunnel:alt_name":"Land","tunnel:name":"Cozz"},"geometry":{"type":"LineString","coordinates":[[9.2191616,46.4355918],[9.2196333,46.4354526],[9.2200828,46.4352764],[9.2203778,46.4351027],[9.2211253,46.4345376],[9.2214739,46.4342688]]}},{"type":"Feature","properties":{"carriage_ref":"A","highway":"trunk","incline":"-8%","int_ref":"E 43","lanes":"2","maxspeed":"100","mindistance:hgv":"150","motorroad":"yes","oneway":"no","ref":"A13","shoulder":"none","source:incline":"signpost","source:maxspeed":"sign","surface":"asphalt","toll":"yes"},"geometry":{"type":"LineString","coordinates":[[9.2358823,46.4121159],[9.2360512,46.4118385],[9.2361585,46.4115796],[9.2362323,46.4112886],[9.2362738,46.4110581],[9.2362819,46.4108233],[9.2362604,46.4106087],[9.236188,46.4103201],[9.2361009,46.4100699]]}},{"type":"Feature","properties":{"carriage_ref":"A","change:lanes:backward":"no","change:lanes:forward":"no","highway":"trunk","int_ref":"E 43","lanes":"2","maxspeed":"80","mindistance:hgv":"150","motorroad":"yes","oneway":"no","overtaking":"no","ref":"A13","shoulder":"none","source:maxspeed":"sign","surface":"asphalt","toll":"yes"},"geometry":{"type":"LineString","coordinates":[[9.2172446,46.5330371],[9.2168774,46.5329042],[9.2164031,46.5327625],[9.2161133,46.5326923],[9.2157403,46.5326103],[9.2154133,46.5325503],[9.2148323,46.5324544],[9.2142465,46.5323686],[9.2138654,46.5323105],[9.2134878,46.53224],[9.213037,46.5321354],[9.2126017,46.5320067],[9.2123268,46.5319119],[9.211953,46.5317551],[9.2114661,46.5315419],[9.2112548,46.5314523],[9.2110135,46.5313676],[9.2107473,46.5312984],[9.2104864,46.5312533],[9.2101195,46.5312275]]}},{"type":"Feature","properties":{"bridge":"yes","carriage_ref":"B","highway":"trunk","int_ref":"E 43","lanes":"2","layer":"1","maxspeed":"100","mindistance:hgv":"150","motorroad":"yes","oneway":"no","ref":"A13","source:maxspeed":"sign","surface":"asphalt","toll":"yes"},"geometry":{"type":"LineString","coordinates":[[9.28719526341,46.54515557458],[9.28758716341,46.54520957463]]}},{"type":"Feature","properties":{"carriage_ref":"A","change:backward":"no","change:lanes:forward":"not_left|no","highway":"trunk","int_ref":"E 43","lanes":"3","lanes:backward":"1","lanes:forward":"2","maxspeed":"80","mindistance:hgv":"150","motorroad":"yes","oneway":"no","overtaking":"no","placement:forward":"left_of:1","ref":"A13","shoulder":"none","source:maxspeed":"sign","surface":"asphalt","toll":"yes","turn:lanes:forward":"through|right"},"geometry":{"type":"LineString","coordinates":[[9.1891461,46.5271528],[9.1882772,46.526096]]}},{"type":"Feature","properties":{"carriage_ref":"A","highway":"trunk","incline":"-8%","int_ref":"E 43","lanes":"2","maxspeed:backward":"80","maxspeed:forward":"100","mindistance:hgv":"150","motorroad":"yes","oneway":"no","ref":"A13","shoulder":"none","source:incline":"signpost","source:maxspeed":"sign","surface":"asphalt","toll":"yes"},"geometry":{"type":"LineString","coordinates":[[9.2290875,46.3985201],[9.2290093,46.3977152],[9.2289954,46.3972395],[9.2289989,46.3967813],[9.2290333,46.3961426],[9.2290746,46.3956939],[9.2291572,46.3952215],[9.2292812,46.3945875],[9.2294636,46.393918],[9.2296342,46.3934524],[9.2300421,46.3924591]]}},{"type":"Feature","properties":{"carriage_ref":"B","destination":"St. Gallen;St. Margrethen;München;Feldkirch;Vaduz","destination:country":"D;A;FL","destination:int_ref":"E 43","destination:ref":"A13","highway":"motorway","int_ref":"E 43","lanes":"1","maxspeed":"120","oneway":"yes","placement":"transition","ref":"A13","shoulder:right":"yes","source:maxspeed":"CH:motorway","surface":"asphalt","toll":"yes"},"geometry":{"type":"LineString","coordinates":[[9.4647769,47.0354819],[9.4647462,47.035617]]}},{"type":"Feature","properties":{"carriage_ref":"A","highway":"motorway","int_ref":"E 43","lanes":"2","maxspeed":"120","oneway":"yes","ref":"A13","shoulder:right":"yes","source:maxspeed":"CH:motorway","surface":"asphalt","toll":"yes"},"geometry":{"type":"LineString","coordinates":[[9.5307843,46.8727682],[9.5304554,46.872497],[9.5298991,46.8720514],[9.5295033,46.8717672],[9.5290446,46.8714745],[9.5286165,46.8712071],[9.5280372,46.8708846],[9.5270789,46.8704385],[9.5258054,46.8698842],[9.5240593,46.8691727],[9.5180069,46.8665969],[9.5137381,46.8648015],[9.5125617,46.8642845],[9.51147,46.8637316],[9.5108273,46.8633432],[9.510226,46.8629072],[9.5097258,46.8624981],[9.5093016,46.8621033],[9.5088423,46.8616181]]}},{"type":"Feature","properties":{"carriage_ref":"A","change:lanes:backward":"no","change:lanes:forward":"no","highway":"trunk","int_ref":"E 43","lanes":"2","maxspeed":"80","mindistance:hgv":"150","motorroad":"yes","oneway":"no","ref":"A13","shoulder":"none","source:maxspeed":"sign","surface":"asphalt","toll":"yes"},"geometry":{"type":"LineString","coordinates":[[9.4115414,46.8238559],[9.4107471,46.8236377],[9.4101953,46.8234661],[9.4098432,46.8233262],[9.4095245,46.8231837],[9.4091986,46.823048],[9.4085437,46.8227601]]}},{"type":"Feature","properties":{"carriage_ref":"A","change:lanes":"not_left|not_right|yes","highway":"motorway","int_ref":"E 43","lanes":"2","maxspeed":"100","oneway":"yes","placement":"right_of:1","ref":"A13","shoulder:right":"yes","source:maxspeed":"sign","surface":"asphalt","toll":"yes","turn:lanes":"||merge_to_left"},"geometry":{"type":"LineString","coordinates":[[9.0977016,46.2315074],[9.0969719,46.2314362],[9.0954454,46.2312893]]}},{"type":"Feature","properties":{"carriage_ref":"A","change:lanes:backward":"no","change:lanes:forward":"no","highway":"trunk","int_ref":"E 43","lanes":"2","lit":"24/7","maxspeed":"80","motorroad":"yes","overtaking":"no","ref":"A13","shoulder":"none","source:maxspeed":"sign","surface":"asphalt","toll":"yes","tunnel":"yes","tunnel:name":"San Fedele"},"geometry":{"type":"LineString","coordinates":[[9.1390879,46.2358279],[9.137427,46.2331813],[9.136689,46.2321866],[9.1361214,46.2315426],[9.1348143,46.2304866],[9.1336858,46.2297837],[9.1325481,46.2292291],[9.1314201,46.228803],[9.1297825,46.2282505],[9.1289975,46.2280815],[9.1274659,46.2278699],[9.1259376,46.2277859],[9.1246632,46.2278937],[9.1230292,46.2282009],[9.1188631,46.2292438],[9.11406045767,46.23041644356]]}},{"type":"Feature","properties":{"carriage_ref":"A","change:lanes:backward":"no","change:lanes:forward":"no","destination:forward":"Lugano;Mesocco-Sud","highway":"trunk","incline":"-8%","int_ref":"E 43","lanes":"2","maxspeed":"100","mindistance:hgv":"150","motorroad":"yes","oneway":"no","overtaking":"no","ref":"A13","shoulder":"none","source:incline":"signpost","source:maxspeed":"sign","surface":"asphalt","toll":"yes"},"geometry":{"type":"LineString","coordinates":[[9.2293639,46.4019134],[9.2293667,46.4016419]]}},{"type":"Feature","properties":{"carriage_ref":"A","change:lanes:backward":"no|not_right","change:lanes:forward":"no","highway":"trunk","int_ref":"E 43","lanes":"3","lanes:backward":"2","maxspeed":"80","mindistance:hgv":"150","motorroad":"yes","oneway":"no","placement:backward":"left_of:1","ref":"A13","shoulder:left":"yes","shoulder:right":"yes","source:maxspeed":"sign","surface":"asphalt","toll":"yes","turn:lanes:backward":"|merge_to_left"},"geometry":{"type":"LineString","coordinates":[[9.4062681,46.820643],[9.4061583,46.8204574],[9.4060469,46.8202452]]}},{"type":"Feature","properties":{"carriage_ref":"B","change:lanes:backward":"no","change:lanes:forward":"no","highway":"trunk","int_ref":"E 43","lanes":"2","maxspeed":"80","mindistance:hgv":"150","motorroad":"yes","oneway":"no","ref":"A13","shoulder":"none","source:maxspeed":"sign","surface":"asphalt","toll":"yes"},"geometry":{"type":"LineString","coordinates":[[9.45081789224,46.65675647658],[9.45049789899,46.6568176669]]}},{"type":"Feature","properties":{"carriage_ref":"A","change:lanes:backward":"not_left|not_right","change:lanes:forward":"no|no","highway":"trunk","int_ref":"E 43","lanes":"4","lit":"yes","maxspeed:backward":"80","maxspeed:forward":"100","mindistance:hgv":"150","motorroad":"yes","oneway":"no","overtaking":"no","ref":"A13","shoulder":"none","source:maxspeed":"sign","surface":"asphalt","toll":"yes","turn:lanes:backward":"through|right"},"geometry":{"type":"LineString","coordinates":[[9.1872555,46.4626448],[9.1874363,46.4624114]]}},{"type":"Feature","properties":{"carriage_ref":"B","highway":"motorway","int_ref":"E 43","lanes":"2","maxspeed":"120","oneway":"yes","ref":"A13","shoulder:right":"yes","source:maxspeed":"CH:motorway","surface":"asphalt","toll":"yes"},"geometry":{"type":"LineString","coordinates":[[9.5195771,47.2476351],[9.5201351,47.2486472],[9.5214006,47.2509145],[9.5225902,47.2527318],[9.5248328,47.2559434],[9.5253692,47.2567349],[9.5258547,47.2574718],[9.5263321,47.2582288],[9.526729,47.2588983]]}},{"type":"Feature","properties":{"bridge":"yes","carriage_ref":"A","highway":"motorway","int_ref":"E 43","lanes":"2","layer":"1","maxspeed":"120","oneway":"yes","ref":"A13","surface":"asphalt","toll":"yes"},"geometry":{"type":"LineString","coordinates":[[9.4696735,47.064441],[9.469461,47.0640819]]}},{"type":"Feature","properties":{"carriage_ref":"A","highway":"trunk","incline":"-8%","int_ref":"E 43","lanes":"3","lanes:forward":"2","maxspeed":"100","mindistance:hgv":"150","motorroad":"yes","oneway":"no","placement:forward":"left_of:1","ref":"A13","shoulder":"none","source:incline":"signpost","source:maxspeed":"sign","surface":"asphalt","toll":"yes","turn:lanes:forward":"|slight_right"},"geometry":{"type":"LineString","coordinates":[[9.2268051,46.4216257],[9.2267677,46.4209563]]}},{"type":"Feature","properties":{"carriage_ref":"B","change:lanes:backward":"no","change:lanes:forward":"no","highway":"trunk","incline":"-8%","int_ref":"E 43","lanes":"2","maxspeed":"100","mindistance:hgv":"150","motorroad":"yes","oneway":"no","ref":"A13","shoulder:left":"yes","shoulder:right":"yes","source:incline":"signpost","source:maxspeed":"sign","surface":"asphalt","toll":"yes"},"geometry":{"type":"LineString","coordinates":[[9.43105486341,46.59915402864],[9.43111026341,46.59932612881],[9.43115936341,46.59953872903],[9.43118496341,46.59976772926],[9.43118626341,46.59996942946],[9.43117296341,46.60018532967]]}},{"type":"Feature","properties":{"carriage_ref":"A","change:lanes:backward":"no","change:lanes:forward":"no|not_right","highway":"trunk","int_ref":"E 43","lanes":"3","lanes:forward":"2","maxspeed":"80","mindistance:hgv":"150","motorroad":"yes","oneway":"no","overtaking":"no","placement:backward":"left_of:1","ref":"A13","shoulder":"none","source:maxspeed":"sign","surface":"asphalt","toll":"yes","turn:lanes:forward":"|merge_to_left"},"geometry":{"type":"LineString","coordinates":[[9.3623498,46.5672845],[9.3620494,46.5672393],[9.3618241,46.5672033],[9.3615639,46.5671526],[9.3614097,46.5671203],[9.3612421,46.5670798]]}},{"type":"Feature","properties":{"carriage_ref":"A","destination":"Chur;Zürich","highway":"motorway","int_ref":"E 43","lanes":"2","maxspeed":"120","oneway":"yes","ref":"A13","surface":"asphalt","toll":"yes"},"geometry":{"type":"LineString","coordinates":[[9.4919832,47.0766961],[9.4916836,47.0765294],[9.4906316,47.0759093],[9.4879307,47.0742872],[9.4859816,47.0730149],[9.4855824,47.0727691],[9.4841088,47.0719069]]}},{"type":"Feature","properties":{"carriage_ref":"A","change:lanes:backward":"no","change:lanes:forward":"no","highway":"trunk","int_ref":"E 43","lanes":"2","layer":"-1","lit":"24/7","maxspeed":"80","mindistance:hgv":"150","motorroad":"yes","oneway":"no","ref":"A13","shoulder":"none","source:maxspeed":"sign","surface":"asphalt","toll":"yes","tunnel":"yes","tunnel:name":"Bärenburg"},"geometry":{"type":"LineString","coordinates":[[9.4262759,46.5887909],[9.4261676,46.58847],[9.4261343,46.5882028],[9.4261391,46.5878214],[9.4262489,46.587322],[9.4280371,46.5804732],[9.4280891,46.5801434],[9.4281377,46.5798012]]}},{"type":"Feature","properties":{"bridge":"yes","carriage_ref":"B","destination":"Maienfeld","highway":"motorway","int_ref":"E 43","lanes":"2","layer":"1","maxspeed":"120","oneway":"yes","ref":"A13","shoulder:right":"yes","source:maxspeed":"CH:motorway","surface":"asphalt","toll":"yes"},"geometry":{"type":"LineString","coordinates":[[9.5524237,46.9683574],[9.5524743,46.9690063]]}},{"type":"Feature","properties":{"carriage_ref":"A","change:lanes:backward":"no","change:lanes:forward":"no","highway":"trunk","incline":"-8%","int_ref":"E 43","lanes":"2","layer":"-1","lit":"24/7","maxspeed":"80","mindistance:hgv":"150","motorroad":"yes","oneway":"no","overtaking":"no","ref":"A13","shoulder":"none","source:incline":"signpost","source:maxspeed":"sign","surface":"asphalt","toll":"yes","tunnel":"yes","tunnel:name":"Gei"},"geometry":{"type":"LineString","coordinates":[[9.2013309,46.4330199],[9.2017499,46.4330027],[9.2021361,46.4330027],[9.2028066,46.4330452],[9.2032865,46.4330951],[9.2038393,46.4331987],[9.2043221,46.4333096],[9.2047191,46.4334279],[9.2050844,46.4335478],[9.2057088,46.4338253],[9.2064113,46.4341614]]}},{"type":"Feature","properties":{"bridge":"yes","carriage_ref":"A","highway":"motorway","int_ref":"E 43","lanes":"2","layer":"1","maxspeed":"120","oneway":"yes","ref":"A13","surface":"asphalt","toll":"yes"},"geometry":{"type":"LineString","coordinates":[[9.4709051,47.0512621],[9.4708954,47.0510938]]}},{"type":"Feature","properties":{"bridge":"yes","carriage_ref":"B","highway":"trunk","int_ref":"E 43","lanes":"2","layer":"1","maxspeed:backward":"100","maxspeed:forward":"80","mindistance:hgv":"150","motorroad":"yes","oneway":"no","ref":"A13","shoulder:left":"yes","shoulder:right":"yes","source:maxspeed":"sign","surface":"asphalt","toll":"yes"},"geometry":{"type":"LineString","coordinates":[[9.30782016341,46.54710597653],[9.30829296341,46.5470748765]]}},{"type":"Feature","properties":{"carriage_ref":"B","highway":"motorway","int_ref":"E 43","lanes":"2","maxspeed":"120","oneway":"yes","ref":"A13","shoulder:right":"yes","source:maxspeed":"CH:motorway","surface":"asphalt","toll":"yes"},"geometry":{"type":"LineString","coordinates":[[9.5065412,46.8519868],[9.5066149,46.8525005],[9.5072775,46.8573019],[9.5074082,46.8582021],[9.5075725,46.8589481],[9.5077789,46.8595555],[9.5079852,46.86006],[9.5082176,46.8604877],[9.5085012,46.8609429]]}},{"type":"Feature","properties":{"carriage_ref":"B","change:lanes:backward":"not_left|no","change:lanes:forward":"no|not_right","destination:lanes:backward":"San Bernardino;Hinterrhein|Nufenen","highway":"trunk","int_ref":"E 43","lanes":"4","lanes:forward":"2","maxspeed":"80","mindistance:hgv":"150","motorroad":"yes","oneway":"no","overtaking":"no","placement:forward":"left_of:1","ref":"A13","source:maxspeed":"sign","surface":"asphalt","toll":"yes","turn:lanes:backward":"|slight_right","turn:lanes:forward":"|merge_to_left"},"geometry":{"type":"LineString","coordinates":[[9.24612366341,46.53849256791],[9.24636906341,46.53853046795]]}},{"type":"Feature","properties":{"carriage_ref":"B","highway":"trunk","int_ref":"E 43","lanes":"2","maxspeed":"100","mindistance:hgv":"150","motorroad":"yes","oneway":"no","ref":"A13","shoulder":"none","source:maxspeed":"sign","surface":"asphalt","toll":"yes"},"geometry":{"type":"LineString","coordinates":[[9.19178876341,46.44759727703],[9.19171386341,46.4478641773],[9.19161286341,46.44810357754],[9.19150836341,46.44831797775],[9.19139986341,46.44852137795],[9.19126306341,46.44874767818],[9.19105676341,46.44905527849],[9.19091036341,46.44928637872]]}},{"type":"Feature","properties":{"carriage_ref":"A","highway":"motorway","int_ref":"E 43","lanes":"3","maxspeed":"120","oneway":"yes","placement":"right_of:1","ref":"A13","surface":"asphalt","toll":"yes","turn:lanes":"none|none|merge_to_left"},"geometry":{"type":"LineString","coordinates":[[9.5629787,47.3039383],[9.561802,47.3031595]]}},{"type":"Feature","properties":{"carriage_ref":"A","change:lanes:backward":"no","change:lanes:forward":"not_left|not_right","highway":"trunk","int_ref":"E 43","lanes:backward":"1","lanes:forward":"2","maxspeed":"80","mindistance:hgv":"150","motorroad":"yes","oneway":"no","overtaking":"no","placement:forward":"left_of:1","ref":"A13","shoulder":"none","source:maxspeed":"sign","surface":"asphalt","toll":"yes","turn:lanes:forward":"through|right"},"geometry":{"type":"LineString","coordinates":[[9.1921512,46.5293088],[9.1916741,46.5291016]]}},{"type":"Feature","properties":{"avz":"307","carriage_ref":"A","cs_dir:forward":"1","hazmat:water":"permissive","highway":"motorway","int_ref":"E 43","lanes":"2","maxspeed":"120","oneway":"yes","ref":"A13","surface":"asphalt","toll":"yes"},"geometry":{"type":"LineString","coordinates":[[9.6463193,47.4233356],[9.6468139,47.4191895],[9.6472489,47.4156537],[9.6473369,47.4150325]]}},{"type":"Feature","properties":{"carriage_ref":"A","highway":"motorway","int_ref":"E 43","lanes":"2","maxspeed":"120","oneway":"yes","ref":"A13","surface":"asphalt","toll":"yes"},"geometry":{"type":"LineString","coordinates":[[9.469461,47.0640819],[9.4691399,47.0633909],[9.4690238,47.0630381],[9.4689116,47.0626327],[9.4688377,47.0621661],[9.468796,47.0617312],[9.4687818,47.0613985],[9.4687928,47.0608045],[9.4688442,47.0602625],[9.4689416,47.0597566],[9.4690591,47.0592069],[9.4693703,47.0581625],[9.4698998,47.0565754],[9.4701531,47.0558628],[9.4703827,47.055158],[9.4705702,47.0545033],[9.47071,47.0539121],[9.470798,47.0534104],[9.4708675,47.0529226],[9.4709006,47.0522847],[9.4709158,47.0517908],[9.4709051,47.0512621]]}},{"type":"Feature","properties":{"carriage_ref":"B","change:lanes:backward":"not_left|not_right","change:lanes:forward":"no","highway":"trunk","int_ref":"E 43","lanes":"3","lanes:backward":"2","maxspeed":"100","mindistance:hgv":"150","motorroad":"yes","oneway":"no","overtaking:forward":"no","placement:forward":"left_of:1","ref":"A13","shoulder:left":"yes","shoulder:right":"yes","source:maxspeed":"sign","surface":"asphalt","toll":"yes"},"geometry":{"type":"LineString","coordinates":[[9.43462726341,46.62388555342],[9.43475806341,46.62425345379]]}},{"type":"Feature","properties":{"carriage_ref":"A","change:lanes":"yes|not_right|no","highway":"motorway","int_ref":"E 43","lanes":"3","maxspeed":"120","oneway":"yes","placement":"right_of:1","ref":"A13","shoulder:right":"yes","source:maxspeed":"CH:motorway","surface":"asphalt","toll":"yes"},"geometry":{"type":"LineString","coordinates":[[9.5006243,46.8460949],[9.5003274,46.8460642]]}},{"type":"Feature","properties":{"bridge":"yes","carriage_ref":"B","highway":"motorway","int_ref":"E 43","lanes":"2","layer":"1","maxspeed":"120","oneway":"yes","ref":"A13","source:maxspeed":"sign","start_date":"2017","surface":"asphalt","toll":"yes"},"geometry":{"type":"LineString","coordinates":[[9.5405157,46.8919083],[9.5406121,46.892136]]}},{"type":"Feature","properties":{"avz":"539","carriage_ref":"A","change:lanes:backward":"no","change:lanes:forward":"not_left|not_right","cs_dir:forward":"1","highway":"trunk","int_ref":"E 43","lanes":"3","lanes:forward":"2","maxspeed":"80","mindistance:hgv":"150","motorroad":"yes","oneway":"no","overtaking":"no","placement:backward":"left_of:1","ref":"A13","shoulder":"none","source:maxspeed":"sign","surface":"asphalt","toll":"yes","turn:lanes:forward":"|merge_to_left"},"geometry":{"type":"LineString","coordinates":[[9.2398974,46.5381557],[9.239393,46.5380829]]}},{"type":"Feature","properties":{"carriage_ref":"B","change:lanes:backward":"no","change:lanes:forward":"no","highway":"trunk","int_ref":"E 43","lanes":"2","maxspeed":"100","mindistance:hgv":"150","motorroad":"yes","oneway":"no","overtaking:backward":"no","ref":"A13","source:maxspeed":"sign","surface":"asphalt","toll":"yes"},"geometry":{"type":"LineString","coordinates":[[9.25880776341,46.5397840692],[9.25979306341,46.54010146952],[9.26090586341,46.54043656986],[9.26148096341,46.54059507002],[9.26251216341,46.54083377026],[9.26357386341,46.54102317044],[9.26451576341,46.54114187056],[9.26488586341,46.5411743706],[9.26524876341,46.54119047061],[9.26575226341,46.54121757064],[9.26619596341,46.54122867065],[9.26725976341,46.54121947064],[9.26882796341,46.5411736706],[9.27067256341,46.54113187055],[9.27147976341,46.54111747054],[9.27229396341,46.54111157053],[9.27288606341,46.54113277055],[9.27350796341,46.54120377063],[9.27407356341,46.54128657071],[9.27470526341,46.54142237084],[9.27529666341,46.54155337098],[9.27655936341,46.54184817127],[9.27716886341,46.54199157141],[9.27787026341,46.5421824716],[9.27832566341,46.54233287176]]}},{"type":"Feature","properties":{"carriage_ref":"A","destination":"Zizers","highway":"motorway","int_ref":"E 43","lanes":"3","maxspeed":"120","oneway":"yes","placement":"right_of:1","ref":"A13","shoulder:right":"yes","source:maxspeed":"CH:motorway","surface":"asphalt","toll":"yes","turn:lanes":"none|none|merge_to_left"},"geometry":{"type":"LineString","coordinates":[[9.5519155,46.9719793],[9.5519722,46.9717688]]}},{"type":"Feature","properties":{"carriage_ref":"A","change:lanes:backward":"no|not_right","change:lanes:forward":"no|no","highway":"trunk","int_ref":"E 43","lanes":"4","lanes:forward":"2","maxspeed":"80","mindistance:hgv":"150","motorroad":"yes","oneway":"no","overtaking":"no","placement:backward":"left_of:1","ref":"A13","shoulder":"none","source:maxspeed":"sign","surface":"asphalt","toll":"yes","turn:lanes:backward":"|merge_to_left","turn:lanes:forward":"|slight_right"},"geometry":{"type":"LineString","coordinates":[[9.3705909,46.5704524],[9.3703661,46.5703774]]}},{"type":"Feature","properties":{"carriage_ref":"B","highway":"motorway","int_ref":"E 43","lanes":"2","maxspeed":"120","oneway":"yes","ref":"A13","shoulder:right":"yes","source:maxspeed":"CH:motorway","surface":"asphalt","toll":"yes"},"geometry":{"type":"LineString","coordinates":[[9.5612779,47.302666],[9.5622401,47.3032964],[9.5631905,47.3039245],[9.5638819,47.3043897],[9.564557,47.3048612]]}},{"type":"Feature","properties":{"bridge":"yes","carriage_ref":"A","highway":"motorway","int_ref":"E 43","lanes":"2","layer":"1","maxspeed":"120","oneway":"yes","ref":"A13","surface":"asphalt","toll":"yes"},"geometry":{"type":"LineString","coordinates":[[9.4985513,47.2167549],[9.4984714,47.2164982]]}},{"type":"Feature","properties":{"bridge":"yes","carriage_ref":"A","change:lanes:backward":"no","change:lanes:forward":"no","highway":"trunk","int_ref":"E 43","lanes":"2","layer":"1","maxspeed":"80","mindistance:hgv":"150","motorroad":"yes","oneway":"no","overtaking":"no","ref":"A13","shoulder":"none","source:maxspeed":"sign","surface":"asphalt","toll":"yes"},"geometry":{"type":"LineString","coordinates":[[9.356098,46.5656811],[9.3557382,46.5656423],[9.3554512,46.565602]]}},{"type":"Feature","properties":{"carriage_ref":"A","destination:lanes":"Landquart|Landquart|Maienfeld","highway":"motorway","int_ref":"E 43","lanes":"3","maxspeed":"120","oneway":"yes","placement":"right_of:1","ref":"A13","shoulder:right":"yes","source:maxspeed":"CH:motorway","surface":"asphalt","toll":"yes","turn:lanes":"none|none|slight_right"},"geometry":{"type":"LineString","coordinates":[[9.518694,47.0045247],[9.5191269,47.0039095]]}},{"type":"Feature","properties":{"carriage_ref":"A","change:lanes:backward":"no","change:lanes:forward":"no","highway":"trunk","int_ref":"E 43","lanes":"2","maxspeed":"100","mindistance:hgv":"150","motorroad":"yes","oneway":"no","overtaking":"no","ref":"A13","shoulder":"none","source:maxspeed":"sign","surface":"asphalt","toll":"yes"},"geometry":{"type":"LineString","coordinates":[[9.1901078,46.454967],[9.1900951,46.4548055],[9.190102,46.454623],[9.1901213,46.4544539],[9.1901544,46.4542659],[9.190217,46.4540254],[9.1903572,46.4536743],[9.190447,46.4534378],[9.190498,46.4532789],[9.1905373,46.4531364]]}},{"type":"Feature","properties":{"carriage_ref":"A","change:lanes:backward":"no","change:lanes:forward":"no|no","highway":"trunk","int_ref":"E 43","lanes":"3","lanes:forward":"2","maxspeed":"80","mindistance:hgv":"150","motorroad":"yes","oneway":"no","overtaking":"no","placement:backward":"left_of:1","ref":"A13","shoulder":"none","source:maxspeed":"sign","surface":"asphalt","toll":"yes"},"geometry":{"type":"LineString","coordinates":[[9.3626337,46.5673234],[9.3623498,46.5672845]]}},{"type":"Feature","properties":{"avz":"228","carriage_ref":"B","cs_dir:forward":"2","highway":"motorway","int_ref":"E 43","lanes":"2","maxspeed":"120","oneway":"yes","ref":"A13","shoulder:right":"yes","source:maxspeed":"CH:motorway","ssvz":"1005N","surface":"asphalt","toll":"yes"},"geometry":{"type":"LineString","coordinates":[[9.5623321,46.9234969],[9.5622282,46.9261133],[9.5621803,46.9265419],[9.5621314,46.9268426],[9.5620373,46.9272212],[9.5618912,46.9276368],[9.5617243,46.9280531],[9.5615244,46.928437],[9.5611919,46.9290454],[9.5609906,46.9294217],[9.5607782,46.9298045]]}},{"type":"Feature","properties":{"bridge":"yes","carriage_ref":"B","highway":"trunk","incline":"8%","int_ref":"E 43","lanes":"2","layer":"1","maxspeed":"100","mindistance:hgv":"150","motorroad":"yes","oneway":"no","ref":"A13","shoulder":"none","source:incline":"signpost","source:maxspeed":"sign","surface":"asphalt","toll":"yes"},"geometry":{"type":"LineString","coordinates":[[9.23298736341,46.41001093949],[9.23325566341,46.40998643946],[9.23350246341,46.40994573942]]}},{"type":"Feature","properties":{"carriage_ref":"A","change:lanes:backward":"no","change:lanes:forward":"no","hazard":"curve","highway":"trunk","incline":"-8%","int_ref":"E 43","lanes":"2","maxspeed:backward":"100","maxspeed:forward":"80","mindistance:hgv":"150","motorroad":"yes","oneway":"no","overtaking":"no","ref":"A13","shoulder":"none","source:incline":"signpost","source:maxspeed":"sign","surface":"asphalt","toll":"yes"},"geometry":{"type":"LineString","coordinates":[[9.2326024,46.4196007],[9.2325015,46.4195524],[9.2323887,46.4195166],[9.2322642,46.4195019],[9.2321366,46.4195073],[9.232025,46.4195287],[9.231922,46.419572],[9.2318293,46.4196294],[9.231753,46.4196978],[9.2316832,46.4197803],[9.2315763,46.4199508],[9.2313749,46.4203292],[9.2313032,46.4204385]]}},{"type":"Feature","properties":{"carriage_ref":"A","change:forward":"no","change:lanes:backward":"not_left|no","highway":"trunk","int_ref":"E 43","lanes":"3","lanes:backward":"2","lanes:forward":"1","maxspeed":"80","mindistance:hgv":"150","motorroad":"yes","oneway":"no","placement:forward":"left_of:1","ref":"A13","shoulder":"none","source:maxspeed":"sign","surface":"asphalt","toll":"yes","turn:lanes:backward":"through|right"},"geometry":{"type":"LineString","coordinates":[[9.1904365,46.5284186],[9.1901893,46.5282416]]}},{"type":"Feature","properties":{"bridge":"yes","carriage_ref":"A","highway":"motorway","int_ref":"E 43","lanes":"2","layer":"1","maxspeed":"120","oneway":"yes","ref":"A13","shoulder:right":"yes","source:maxspeed":"CH:motorway","surface":"asphalt","toll":"yes"},"geometry":{"type":"LineString","coordinates":[[9.5076958,47.0139787],[9.5084495,47.0137788],[9.5090778,47.0135847],[9.5096125,47.0134011],[9.5100731,47.0132232]]}},{"type":"Feature","properties":{"carriage_ref":"B","change:lanes:backward":"not_left|not_right","change:lanes:forward":"not_left|not_right","highway":"trunk","int_ref":"E 43","lanes":"4","lanes:backward":"2","lanes:forward":"2","maxspeed":"80","mindistance:hgv":"150","motorroad":"yes","oneway":"no","overtaking:forward":"no","placement:backward":"middle_of:1","ref":"A13","shoulder":"none","source:maxspeed":"sign","surface":"asphalt","toll":"yes","turn:lanes:forward":"|merge_to_left"},"geometry":{"type":"LineString","coordinates":[[9.20588116341,46.53141286083],[9.20608626341,46.5314866609],[9.20627536341,46.53154116096],[9.20649536341,46.531587261]]}},{"type":"Feature","properties":{"bridge":"yes","carriage_ref":"B","hazmat:water":"permissive","highway":"motorway","int_ref":"E 43","lanes":"2","layer":"1","maxspeed":"120","oneway":"yes","ref":"A13","shoulder:right":"yes","source:maxspeed":"CH:motorway","surface":"asphalt","toll":"yes"},"geometry":{"type":"LineString","coordinates":[[9.6525348,47.4454617],[9.6529446,47.445919],[9.653241,47.4463053],[9.6534057,47.4465586]]}},{"type":"Feature","properties":{"carriage_ref":"B","highway":"motorway","int_ref":"E 43","lanes":"2","maxspeed":"100","oneway":"yes","ref":"A13","shoulder":"none","source:maxspeed":"sign","surface":"asphalt","toll":"yes"},"geometry":{"type":"LineString","coordinates":[[9.0714999,46.2280204],[9.0722103,46.2281772],[9.0727583,46.2283239],[9.0733225,46.2284985],[9.0738873,46.2287111],[9.0744229,46.2289369],[9.0772125,46.2301783],[9.0778023,46.230448],[9.0784577,46.230744],[9.0788766,46.2309167],[9.0793037,46.2310643],[9.0797625,46.2312027],[9.0801733,46.2313134],[9.080601,46.2314097],[9.081041,46.2314965],[9.081426,46.2315557],[9.0818962,46.2316085],[9.0823795,46.2316445],[9.0828577,46.2316589],[9.0833866,46.2316565],[9.084054,46.2316218],[9.0843683,46.2315946],[9.0847814,46.2315482],[9.0854442,46.2314677],[9.0862368,46.231372],[9.0871444,46.2312606],[9.0881706,46.2311352],[9.0888093,46.231058],[9.0895373,46.2309728],[9.0901729,46.2309242],[9.0908292,46.2309001],[9.0915076,46.2308915],[9.0921769,46.2309102],[9.0927717,46.2309526],[9.0935763,46.2310219],[9.0946466,46.2311252]]}},{"type":"Feature","properties":{"carriage_ref":"A","highway":"motorway","int_ref":"E 43","lanes":"2","maxspeed":"120","oneway":"yes","ref":"A13","shoulder:right":"yes","source:maxspeed":"CH:motorway","surface":"asphalt","toll":"yes"},"geometry":{"type":"LineString","coordinates":[[9.5523051,46.969723],[9.5523141,46.9691522],[9.552306,46.9690074]]}},{"type":"Feature","properties":{"bridge":"yes","carriage_ref":"B","destination":"Oberriet","highway":"motorway","int_ref":"E 43","lanes":"3","layer":"1","maxspeed":"120","oneway":"yes","placement":"right_of:1","ref":"A13","shoulder:right":"yes","source:maxspeed":"CH:motorway","surface":"asphalt","toll":"yes","turn:lanes":"none|none|merge_to_left"},"geometry":{"type":"LineString","coordinates":[[9.5190361,47.2465898],[9.5191257,47.2467663]]}},{"type":"Feature","properties":{"bridge":"yes","carriage_ref":"A","highway":"trunk","int_ref":"E 43","lanes":"2","layer":"1","maxspeed":"100","maxwidth:lanes":"2|","mindistance:hgv":"150","motorroad":"yes","oneway":"yes","ref":"A13","shoulder":"none","source:maxspeed":"sign","surface":"asphalt","toll":"yes"},"geometry":{"type":"LineString","coordinates":[[9.4399836,46.7251644],[9.4399366,46.7246245],[9.4399218,46.7244551],[9.4398971,46.7237166],[9.4399486,46.7228647],[9.440046,46.7221484],[9.4401765,46.721552],[9.4403358,46.7210657],[9.4405577,46.7204655],[9.4408899,46.7197205],[9.4411985,46.7191516],[9.4415417,46.7186025],[9.4418783,46.7181269],[9.44228058651,46.71762564405]]}},{"type":"Feature","properties":{"carriage_ref":"B","change:lanes:backward":"not_left|not_right|not_right","change:lanes:forward":"not_left|no","highway":"trunk","int_ref":"E 43","lanes":"5","lanes:backward":"3","layer":"-1","maxspeed:backward":"100","maxspeed:forward":"80","mindistance:hgv":"150","motorroad":"yes","oneway":"no","overtaking:hgv:backward":"no","placement:backward":"middle_of:1","ref":"A13","shoulder":"none","source:maxspeed":"sign","surface":"asphalt","toll":"yes","turn:lanes:backward":"||merge_to_left","turn:lanes:forward":"|slight_right"},"geometry":{"type":"LineString","coordinates":[[9.44490346341,46.69511262483],[9.44500526341,46.69522912495]]}},{"type":"Feature","properties":{"carriage_ref":"B","destination":"Au","highway":"motorway","int_ref":"E 43","lanes":"2","maxspeed":"120","oneway":"yes","ref":"A13","shoulder:right":"yes","source:maxspeed":"CH:motorway","surface":"asphalt","toll":"yes"},"geometry":{"type":"LineString","coordinates":[[9.6420698,47.3881416],[9.6427254,47.3892487],[9.6436562,47.391013],[9.6443948,47.3925203],[9.6450543,47.3940115],[9.6452551,47.3944663]]}},{"type":"Feature","properties":{"carriage_ref":"B","change:lanes":"yes|not_right|no","highway":"motorway","int_ref":"E 43","lanes":"3","maxspeed":"120","oneway":"yes","placement":"right_of:1","ref":"A13","shoulder:right":"yes","source:maxspeed":"CH:motorway","surface":"asphalt","toll":"yes"},"geometry":{"type":"LineString","coordinates":[[9.5062197,46.8500873],[9.506278,46.8503323]]}},{"type":"Feature","properties":{"carriage_ref":"A","destination":"Maienfeld","highway":"motorway","int_ref":"E 43","lanes":"3","maxspeed":"120","oneway":"yes","placement":"right_of:1","ref":"A13","shoulder:right":"yes","source:maxspeed":"CH:motorway","surface":"asphalt","toll":"yes","turn:lanes":"none|none|merge_to_left"},"geometry":{"type":"LineString","coordinates":[[9.4976537,47.0153484],[9.4990865,47.0150307],[9.5006078,47.0147951]]}},{"type":"Feature","properties":{"bridge":"yes","carriage_ref":"A","highway":"trunk","int_ref":"E 43","lanes":"2","layer":"1","maxspeed":"100","mindistance:hgv":"150","motorroad":"yes","oneway":"no","ref":"A13","shoulder:left":"yes","shoulder:right":"yes","source:maxspeed":"sign","surface":"asphalt","toll":"yes"},"geometry":{"type":"LineString","coordinates":[[9.4382027,46.6336225],[9.4382107,46.6333856],[9.4382553,46.6331519]]}},{"type":"Feature","properties":{"avalanche_protector:left":"open","carriage_ref":"B","change:lanes:backward":"no","change:lanes:forward":"no","highway":"trunk","int_ref":"E 43","lanes":"2","maxheight":"default","maxspeed":"80","mindistance:hgv":"150","motorroad":"yes","oneway":"no","ref":"A13","shoulder":"none","source:maxspeed":"sign","surface":"asphalt","toll":"yes","tunnel":"avalanche_protector","tunnel:name":"Wegerhaus"},"geometry":{"type":"LineString","coordinates":[[9.44843306341,46.64693677652],[9.44840976341,46.64736447695],[9.44841986341,46.6477133773],[9.44844746341,46.64802017761],[9.44854406341,46.64840497799],[9.44879026341,46.64886897846]]}},{"type":"Feature","properties":{"carriage_ref":"B","change:lanes:backward":"no","change:lanes:forward":"no","highway":"trunk","incline":"8%","int_ref":"E 43","lanes":"2","maxspeed":"80","mindistance:hgv":"150","motorroad":"yes","oneway":"no","overtaking":"no","ref":"A13","shoulder":"none","source:incline":"signpost","source:maxspeed":"sign","surface":"asphalt","toll":"yes"},"geometry":{"type":"LineString","coordinates":[[9.21011276341,46.43731326676],[9.21033916341,46.43682916627],[9.21045816341,46.43649576594],[9.21048326341,46.43631876576],[9.21047736341,46.43613256558],[9.21042886341,46.43596756541],[9.21031646341,46.43579066523],[9.21016056341,46.43563426508],[9.20998676341,46.43551406496],[9.20979246341,46.43541956486],[9.20957246341,46.43534686479],[9.20912186341,46.43523406468],[9.20882536341,46.43516576461],[9.20839716341,46.43503386448],[9.20801396341,46.43489376434],[9.20775376341,46.43478046423],[9.20743636341,46.43462276407],[9.20683106341,46.43429956374],[9.20644816341,46.43410696355]]}},{"type":"Feature","properties":{"carriage_ref":"A","change:lanes:backward":"not_left|not_right","change:lanes:forward":"no|no","highway":"trunk","int_ref":"E 43","lanes":"4","maxspeed":"80","mindistance:hgv":"150","motorroad":"yes","oneway":"no","overtaking":"no","ref":"A13","shoulder":"none","source:maxspeed":"sign","surface":"asphalt","toll":"yes","turn:lanes:backward":"|slight_right"},"geometry":{"type":"LineString","coordinates":[[9.2947346,46.5443715],[9.2942458,46.5443898]]}},{"type":"Feature","properties":{"carriage_ref":"B","change:lanes:backward":"not_left|not_right","change:lanes:forward":"no","highway":"trunk","int_ref":"E 43","lanes":"3","lanes:backward":"2","maxspeed":"100","mindistance:hgv":"150","motorroad":"yes","oneway":"no","placement:backward":"left_of:1","ref":"A13","shoulder:left":"yes","shoulder:right":"yes","source:maxspeed":"sign","surface":"asphalt","toll":"yes","turn:lanes:backward":"|slight_right"},"geometry":{"type":"LineString","coordinates":[[9.44458486341,46.64293237251],[9.44507826341,46.64314587272],[9.44533266341,46.64326967284],[9.44556866341,46.64339267297]]}},{"type":"Feature","properties":{"carriage_ref":"B","highway":"trunk","int_ref":"E 43","lanes":"3","maxspeed":"100","maxwidth:lanes":"2||","mindistance:hgv":"150","motorroad":"yes","oneway":"yes","placement":"right_of:1","ref":"A13","shoulder":"none","source:maxspeed":"sign","surface":"asphalt","toll":"yes","turn:lanes":"||merge_to_left"},"geometry":{"type":"LineString","coordinates":[[9.4214858,46.7691013],[9.4214198,46.769497]]}},{"type":"Feature","properties":{"carriage_ref":"B","change:lanes:backward":"no","change:lanes:forward":"no","highway":"trunk","int_ref":"E 43","lanes":"2","maxspeed":"80","mindistance:hgv":"150","motorroad":"yes","oneway":"no","ref":"A13","shoulder:left":"yes","shoulder:right":"yes","source:maxspeed":"sign","surface":"asphalt","toll":"yes","width":"7.5"},"geometry":{"type":"LineString","coordinates":[[9.41157826341,46.82380185407],[9.41219926341,46.82400165427],[9.41269916341,46.82418575446],[9.41301886341,46.82432155459],[9.41319706341,46.82441255468],[9.41338746341,46.82451685479],[9.41360926341,46.82465885493],[9.41376866341,46.82477035504],[9.41396056341,46.82491465519],[9.41413806341,46.82506765534],[9.41431106341,46.82523505551],[9.41445046341,46.82538755566],[9.41458506341,46.82554425582],[9.41470946341,46.82570225598],[9.41487636341,46.82593855622],[9.41528026341,46.82653705682],[9.41562426341,46.82700905729]]}},{"type":"Feature","properties":{"carriage_ref":"A","change:lanes:backward":"no","change:lanes:forward":"no","highway":"trunk","incline":"-8%","int_ref":"E 43","lanes":"2","maxspeed":"80","mindistance:hgv":"150","motorroad":"yes","oneway":"no","overtaking":"no","ref":"A13","shoulder":"none","source:incline":"signpost","source:maxspeed":"sign","surface":"asphalt","toll":"yes"},"geometry":{"type":"LineString","coordinates":[[9.2120382,46.4392368],[9.2123711,46.4391449],[9.2126486,46.4390428],[9.2128676,46.4389197],[9.2130765,46.4387825],[9.2144502,46.437684]]}},{"type":"Feature","properties":{"carriage_ref":"A","highway":"motorway","int_ref":"E 43","lanes":"2","maxspeed":"120","oneway":"yes","ref":"A13","surface":"asphalt","toll":"yes"},"geometry":{"type":"LineString","coordinates":[[9.5294973,47.2720356],[9.5291962,47.2715155],[9.5288708,47.2707849],[9.5286347,47.2700854],[9.5285101,47.2694756],[9.5284511,47.2689622],[9.5284029,47.2683615],[9.528463,47.265573],[9.5283922,47.2643768],[9.5282741,47.2635706],[9.5280916,47.2626587]]}},{"type":"Feature","properties":{"avz":"44","carriage_ref":"A","change:lanes:backward":"no","change:lanes:forward":"no","cs_dir:backward":"2","cs_dir:forward":"1","hazmat:E":"no","highway":"trunk","int_ref":"E 43","lanes":"2","layer":"-1","lit":"24/7","maxspeed":"80","maxspeed:variable":"yes","mindistance:hgv":"150","motorroad":"yes","oneway":"no","overtaking":"no","ref":"A13","shoulder":"none","source:maxspeed":"sign","ssvz":"263N","surface":"asphalt","toll":"yes","tunnel":"yes","tunnel:alt_name":"San-Bernardino-Tunnel","tunnel:name":"San Bernardino","wikidata":"Q2559131"},"geometry":{"type":"LineString","coordinates":[[9.1861857,46.5234518],[9.1857693,46.5228843],[9.185423,46.5222958],[9.1784092,46.5054485],[9.1776508,46.5028119],[9.1764171,46.4862049],[9.1767283,46.4837961],[9.1843168,46.4669762],[9.1849633,46.4658081],[9.1856276,46.4647656]]}},{"type":"Feature","properties":{"avz":"22","carriage_ref":"B","cs_dir:forward":"2","highway":"motorway","int_ref":"E 43","lanes":"2","maxspeed":"120","oneway":"yes","ref":"A13","shoulder:right":"yes","source:maxspeed":"CH:motorway","ssvz":"216N","surface":"asphalt","toll":"yes"},"geometry":{"type":"LineString","coordinates":[[9.6233139,47.3682547],[9.6238607,47.3686541]]}},{"type":"Feature","properties":{"carriage_ref":"B","change:lanes:backward":"no","change:lanes:forward":"no","hazmat:E":"no","highway":"trunk","int_ref":"E 43","lanes":"2","maxspeed":"80","mindistance:hgv":"150","motorroad":"yes","oneway":"no","overtaking":"no","ref":"A13","shoulder:left":"yes","shoulder:right":"yes","source:maxspeed":"sign","surface":"asphalt","toll":"yes"},"geometry":{"type":"LineString","coordinates":[[9.18658346341,46.52386045327],[9.18668136341,46.5239886534],[9.18695846341,46.52433055374]]}},{"type":"Feature","properties":{"carriage_ref":"B","change:lanes:backward":"no","change:lanes:forward":"no|no","destination:backward":"San Bernardino;Splügen","highway":"trunk","int_ref":"E 43","lanes":"3","lanes:forward":"2","maxspeed":"80","mindistance:hgv":"150","motorroad":"yes","oneway":"no","overtaking":"no","placement:forward":"left_of:1","ref":"A13","shoulder":"none","source:maxspeed":"sign","surface":"asphalt","toll":"yes"},"geometry":{"type":"LineString","coordinates":[[9.36943936341,46.56989639934],[9.36973996341,46.5700477995]]}},{"type":"Feature","properties":{"bridge":"yes","carriage_ref":"B","highway":"motorway","int_ref":"E 43","lanes":"2","layer":"1","maxspeed":"120","oneway":"yes","ref":"A13","shoulder":"none","source:maxspeed":"CH:motorway","surface":"asphalt","toll":"yes"},"geometry":{"type":"LineString","coordinates":[[9.1693036,46.2675238],[9.1697521,46.2679511]]}},{"type":"Feature","properties":{"carriage_ref":"B","destination":"Bad Ragaz-Nord","highway":"motorway","int_ref":"E 43","lanes":"3","maxspeed":"120","oneway":"yes","placement":"right_of:1","ref":"A13","shoulder:right":"yes","source:maxspeed":"CH:motorway","surface":"asphalt","toll":"yes","turn:lanes":"none|none|merge_to_left"},"geometry":{"type":"LineString","coordinates":[[9.5212948,47.0013748],[9.5210266,47.0017059],[9.5201679,47.002778]]}},{"type":"Feature","properties":{"bridge":"yes","carriage_ref":"A","change:lanes:backward":"no","change:lanes:forward":"no","highway":"trunk","int_ref":"E 43","lanes":"2","layer":"1","maxspeed":"80","mindistance:hgv":"150","motorroad":"yes","oneway":"no","overtaking":"no","ref":"A13","shoulder":"none","source:maxspeed":"sign","surface":"asphalt","toll":"yes"},"geometry":{"type":"LineString","coordinates":[[9.4174974,46.5766642],[9.417327,46.5764411],[9.4170776,46.5761553],[9.4166726,46.5757553],[9.4165304,46.5755856],[9.4163829,46.5753625]]}},{"type":"Feature","properties":{"carriage_ref":"B","change:lanes:backward":"no","change:lanes:forward":"no","highway":"trunk","int_ref":"E 43","lanes":"2","maxspeed:backward":"100","maxspeed:forward":"80","mindistance:hgv":"150","motorroad":"yes","oneway":"no","overtaking":"no","ref":"A13","shoulder":"none","source:maxspeed":"sign","surface":"asphalt","toll":"yes"},"geometry":{"type":"LineString","coordinates":[[9.19024466341,46.45883068825],[9.18983226341,46.45908818851],[9.18965236341,46.45921588864],[9.18948076341,46.45934708877],[9.18932506341,46.45949428892],[9.18920846341,46.45962148904],[9.18909346341,46.4597736892],[9.18901806341,46.45988848931],[9.18889816341,46.46009178951],[9.18876996341,46.46033648976],[9.18855556341,46.46075549018],[9.18839176341,46.46104879047],[9.18820616341,46.46136349078]]}},{"type":"Feature","properties":{"bridge":"yes","carriage_ref":"A","change:lanes:backward":"no","change:lanes:forward":"not_left|not_right","highway":"trunk","int_ref":"E 43","lanes":"3","lanes:backward":"1","lanes:forward":"2","layer":"1","maxspeed":"80","mindistance:hgv":"150","motorroad":"yes","oneway":"no","overtaking:backward":"no","placement:forward":"middle_of:1","ref":"A13","shoulder":"none","source:maxspeed":"sign","surface":"asphalt","toll":"yes"},"geometry":{"type":"LineString","coordinates":[[9.2533749,46.539561],[9.2531073,46.5394645]]}},{"type":"Feature","properties":{"carriage_ref":"A","change:lanes":"not_left|not_right|yes","destination":"San Bernardino;St. Moritz;Thusis-Süd","highway":"trunk","int_ref":"E 43","lanes":"3","maxspeed":"100","maxwidth:lanes":"2||","mindistance:hgv":"150","motorroad":"yes","oneway":"yes","placement":"right_of:1","ref":"A13","shoulder":"none","source:maxspeed":"sign","surface":"asphalt","toll":"yes","turn:lanes":"||merge_to_left"},"geometry":{"type":"LineString","coordinates":[[9.446827,46.7125236],[9.4472049,46.7120396],[9.4473954,46.7117615],[9.4475901,46.7114757],[9.4477234,46.7112562]]}},{"type":"Feature","properties":{"carriage_ref":"B","destination":"Zürich;Sankt Margrethen;Chur","highway":"motorway","int_ref":"E 43","lanes":"1","maxspeed":"120","oneway":"yes","ref":"A13","shoulder:right":"yes","source:maxspeed":"CH:motorway","surface":"asphalt","toll":"yes"},"geometry":{"type":"LineString","coordinates":[[9.4183233,46.829001],[9.4187945,46.8292211],[9.4192145,46.8293839],[9.4196443,46.8295519],[9.4200296,46.8296892],[9.4204723,46.8298219]]}},{"type":"Feature","properties":{"carriage_ref":"A","destination":"Thusis","highway":"trunk","int_ref":"E 43","lanes":"2","maxspeed":"100","maxwidth:lanes":"2|","mindistance:hgv":"150","motorroad":"yes","oneway":"yes","ref":"A13","shoulder":"none","source:maxspeed":"sign","surface":"asphalt","toll":"yes"},"geometry":{"type":"LineString","coordinates":[[9.4216421,46.7675712],[9.4221598,46.764966],[9.4223747,46.764206],[9.4229084,46.7626415]]}},{"type":"Feature","properties":{"carriage_ref":"A","change:lanes:backward":"not_left|not_right","change:lanes:forward":"no","highway":"trunk","int_ref":"E 43","lanes":"3","lanes:backward":"2","lit":"yes","maxspeed":"80","mindistance:hgv":"150","motorroad":"yes","oneway":"no","placement:backward":"left_of:1","ref":"A13","shoulder":"none","source:maxspeed":"sign","surface":"asphalt","toll":"yes","turn:lanes:backward":"|merge_to_left"},"geometry":{"type":"LineString","coordinates":[[9.4280278,46.5791943],[9.4279459,46.579072],[9.4278526,46.5789482]]}},{"type":"Feature","properties":{"carriage_ref":"A","change:lanes:backward":"no","change:lanes:forward":"not_left|not_right","highway":"trunk","int_ref":"E 43","lanes":"3","lanes:forward":"2","maxspeed":"80","mindistance:hgv":"150","motorroad":"yes","oneway":"no","overtaking":"no","placement:backward":"left_of:1","ref":"A13","shoulder":"none","source:maxspeed":"sign","surface":"asphalt","toll":"yes","turn:lanes:forward":"|merge_to_left"},"geometry":{"type":"LineString","coordinates":[[9.3182503,46.549946],[9.3179324,46.5497957],[9.3175301,46.5495854]]}},{"type":"Feature","properties":{"carriage_ref":"A","change:lanes":"not_left|not_right|no","destination:lanes":"||Thusis-Süd;St. Moritz;Tiefencastel","highway":"trunk","int_ref":"E 43","lanes":"3","maxspeed":"100","maxwidth:lanes":"2||","mindistance:hgv":"150","motorroad":"yes","oneway":"yes","placement":"right_of:1","ref":"A13","shoulder":"none","source:maxspeed":"sign","surface":"asphalt","toll":"yes","turn:lanes":"||slight_right"},"geometry":{"type":"LineString","coordinates":[[9.4469561,46.6999047],[9.44683067116,46.69951920238]]}},{"type":"Feature","properties":{"bridge":"yes","carriage_ref":"A","highway":"motorway","int_ref":"E 43","lanes":"2","layer":"1","maxspeed":"100","oneway":"yes","ref":"A13","shoulder:right":"yes","source:maxspeed":"sign","surface":"asphalt","toll":"yes","turn:lanes":"merge_to_right|"},"geometry":{"type":"LineString","coordinates":[[9.1420278,46.2411324],[9.1418769,46.2409548],[9.1416087,46.2406139]]}},{"type":"Feature","properties":{"carriage_ref":"A","highway":"motorway","int_ref":"E 43","lanes":"2","maxspeed":"120","oneway":"yes","ref":"A13","shoulder:right":"yes","source:maxspeed":"CH:motorway","surface":"asphalt","toll":"yes"},"geometry":{"type":"LineString","coordinates":[[9.560631,46.9297258],[9.5608173,46.9293874],[9.5610104,46.9290248]]}},{"type":"Feature","properties":{"carriage_ref":"A","change:lanes:backward":"not_left|not_right","change:lanes:forward":"no","highway":"trunk","incline":"-8%","int_ref":"E 43","lanes":"3","lanes:backward":"2","maxspeed":"100","mindistance:hgv":"150","motorroad":"yes","oneway":"no","overtaking:forward":"no","overtaking:hgv:backward":"no","placement:backward":"middle_of:1","ref":"A13","shoulder":"none","source:incline":"signpost","source:maxspeed":"sign","surface":"asphalt","toll":"yes"},"geometry":{"type":"LineString","coordinates":[[9.1920332,46.4435663],[9.1921977,46.4432268],[9.1923273,46.4429506],[9.1923917,46.4427474],[9.1924091,46.4425776],[9.1923989,46.4423928],[9.1923731,46.442218],[9.1923152,46.4420517],[9.1922422,46.4418732],[9.1921436,46.4417236],[9.1920212,46.4415215],[9.1918887,46.4413152],[9.1918364,46.4411915],[9.1917954,46.441049],[9.1917824,46.4408762],[9.1918243,46.4407079],[9.1918981,46.440537],[9.192008,46.4404039],[9.1922099,46.4402067],[9.1924882,46.4399159],[9.19267,46.4396812],[9.1927713,46.4394877],[9.1928472,46.4392719],[9.1928915,46.438844],[9.192936,46.4385449],[9.1929934,46.4383278],[9.1930903,46.4380714],[9.1932198,46.4378531],[9.1934244,46.437591],[9.1937645,46.4373158],[9.1940906,46.4371143],[9.1944401,46.4369462],[9.1948173,46.436756],[9.1950854,46.4366038],[9.195368,46.4364059],[9.1956027,46.4361959],[9.1957716,46.4360054],[9.1959402,46.435733],[9.1961629,46.4352643],[9.1963894,46.4349095],[9.1965503,46.4346948],[9.1968055,46.4344438],[9.1969793,46.4342988],[9.1971391,46.4341766],[9.1973655,46.4340408],[9.1978022,46.4338229],[9.1983959,46.4335951],[9.1991209,46.4334022],[9.1999125,46.4332264]]}},{"type":"Feature","properties":{"carriage_ref":"A","change:lanes:backward":"no","change:lanes:forward":"no","highway":"trunk","int_ref":"E 43","lanes":"2","maxspeed":"80","motorroad":"yes","overtaking":"no","ref":"A13","shoulder":"none","source:maxspeed":"sign","surface":"asphalt","toll":"yes"},"geometry":{"type":"LineString","coordinates":[[9.11406045767,46.23041644356],[9.11350252024,46.23055925234]]}},{"type":"Feature","properties":{"carriage_ref":"A","destination":"San Bernardino;St. Moritz;Thusis-Süd","highway":"trunk","int_ref":"E 43","lanes":"2","maxspeed":"100","maxwidth:lanes":"2|","mindistance:hgv":"150","motorroad":"yes","oneway":"yes","ref":"A13","shoulder":"none","source:maxspeed":"sign","surface":"asphalt","toll":"yes"},"geometry":{"type":"LineString","coordinates":[[9.44342595767,46.71630396516],[9.4450927,46.7144406],[9.4462107,46.7132294],[9.4465385,46.7128639],[9.446827,46.7125236]]}},{"type":"Feature","properties":{"carriage_ref":"B","change:lanes:backward":"not_left|not_right|not_right","change:lanes:forward":"not_left|no","highway":"trunk","int_ref":"E 43","lanes":"5","lanes:backward":"3","layer":"-1","maxspeed":"80","mindistance:hgv":"150","motorroad":"yes","oneway":"no","overtaking:hgv:backward":"no","placement:backward":"middle_of:1","ref":"A13","shoulder":"none","source:maxspeed":"sign","surface":"asphalt","toll":"yes","turn:lanes:backward":"||merge_to_left","turn:lanes:forward":"|slight_right"},"geometry":{"type":"LineString","coordinates":[[9.44420346341,46.69444112416],[9.44438626341,46.69459722431],[9.44462056341,46.69481362453],[9.44481936341,46.69501682474],[9.44490346341,46.69511262483]]}},{"type":"Feature","properties":{"carriage_ref":"A","highway":"motorway","int_ref":"E 43","lanes":"3","maxspeed":"120","oneway":"yes","ref":"A13","surface":"asphalt","toll":"yes","turn:lanes":"none|none|slight_right"},"geometry":{"type":"LineString","coordinates":[[9.6456525,47.3958449],[9.6450469,47.3943453]]}},{"type":"Feature","properties":{"carriage_ref":"A","destination:symbol:lanes":"||fuel;restaurants:toilets","highway":"motorway","int_ref":"E 43","lanes":"3","maxspeed":"120","oneway":"yes","placement":"right_of:1","ref":"A13","surface":"asphalt","toll":"yes","turn:lanes":"none|none|slight_right"},"geometry":{"type":"LineString","coordinates":[[9.498311,47.1491701],[9.4992581,47.1479301]]}},{"type":"Feature","properties":{"carriage_ref":"B","highway":"motorway","int_ref":"E 43","lanes":"2","maxspeed":"120","oneway":"yes","ref":"A13","shoulder:right":"yes","source:maxspeed":"CH:motorway","surface":"asphalt","toll":"yes"},"geometry":{"type":"LineString","coordinates":[[9.5013402,47.014819],[9.5006754,47.0148918],[9.5001236,47.0149635],[9.4992053,47.0151178]]}},{"type":"Feature","properties":{"bridge":"yes","carriage_ref":"B","highway":"trunk","int_ref":"E 43","lanes":"1","layer":"1","maxspeed":"80","mindistance:hgv":"150","motorroad":"yes","oneway":"yes","ref":"A13","shoulder":"none","source:maxspeed":"sign","surface":"asphalt","toll":"yes"},"geometry":{"type":"LineString","coordinates":[[9.2271978,46.3665859],[9.2271159,46.3670178],[9.2270001,46.3674804],[9.2268209,46.3679399],[9.2264944,46.3686262],[9.226138,46.3692102],[9.2258113,46.3697065]]}},{"type":"Feature","properties":{"carriage_ref":"B","highway":"motorway","int_ref":"E 43","lanes":"2","maxspeed":"120","oneway":"yes","ref":"A13","shoulder:right":"yes","source:maxspeed":"CH:motorway","surface":"asphalt","toll":"yes"},"geometry":{"type":"LineString","coordinates":[[9.6142673,47.3619941],[9.6168761,47.3637705]]}},{"type":"Feature","properties":{"bridge":"yes","carriage_ref":"A","highway":"motorway","int_ref":"E 43","lanes":"2","layer":"1","maxspeed":"120","oneway":"yes","ref":"A13","shoulder":"none","source:maxspeed":"CH:motorway","surface":"asphalt","toll":"yes"},"geometry":{"type":"LineString","coordinates":[[9.1696526,46.2680008],[9.169191,46.267558]]}},{"type":"Feature","properties":{"carriage_ref":"A","change:lanes:backward":"no|no","change:lanes:forward":"no","destination:forward":"San Bernardino;Splügen","highway":"trunk","int_ref":"E 43","lanes":"3","lanes:backward":"2","maxspeed":"80","mindistance:hgv":"150","motorroad":"yes","oneway":"no","overtaking":"no","placement:backward":"left_of:1","ref":"A13","shoulder":"none","source:maxspeed":"sign","surface":"asphalt","toll":"yes"},"geometry":{"type":"LineString","coordinates":[[9.3697031,46.5701021],[9.3694025,46.5699507]]}},{"type":"Feature","properties":{"carriage_ref":"A","highway":"motorway","int_ref":"E 43","lanes":"2","maxspeed":"120","oneway":"yes","ref":"A13","surface":"asphalt","toll":"yes"},"geometry":{"type":"LineString","coordinates":[[9.5027156,47.1432511],[9.5037553,47.1417086],[9.5046947,47.140271],[9.5058388,47.1383407],[9.5067632,47.1366628],[9.507079,47.1360931]]}},{"type":"Feature","properties":{"carriage_ref":"A","change:lanes:backward":"no","change:lanes:forward":"no","hazard":"curve","highway":"trunk","incline":"-8%","int_ref":"E 43","lanes":"2","maxspeed:backward":"100","maxspeed:forward":"80","mindistance:hgv":"150","motorroad":"yes","oneway":"no","overtaking":"no","ref":"A13","shoulder":"none","source:incline":"signpost","source:maxspeed":"sign","surface":"asphalt","toll":"yes"},"geometry":{"type":"LineString","coordinates":[[9.2327597,46.4198461],[9.2327419,46.4197604],[9.2327046,46.4196922],[9.232655,46.419641],[9.2326024,46.4196007]]}},{"type":"Feature","properties":{"carriage_ref":"A","change:lanes:backward":"no","change:lanes:forward":"no","highway":"trunk","int_ref":"E 43","lanes":"2","maxspeed":"80","mindistance:hgv":"150","motorroad":"yes","oneway":"no","ref":"A13","shoulder":"none","source:maxspeed":"sign","surface":"asphalt","toll":"yes"},"geometry":{"type":"LineString","coordinates":[[9.42613,46.5784947],[9.4258806,46.5785494]]}},{"type":"Feature","properties":{"bridge":"yes","carriage_ref":"B","change:lanes:backward":"no","change:lanes:forward":"no","highway":"trunk","int_ref":"E 43","lanes":"2","layer":"1","maxspeed":"80","mindistance:hgv":"150","motorroad":"yes","oneway":"no","overtaking":"no","ref":"A13","shoulder":"none","source:maxspeed":"sign","surface":"asphalt","toll":"yes"},"geometry":{"type":"LineString","coordinates":[[9.38198636341,46.56938519883],[9.38208859777,46.56913402611]]}},{"type":"Feature","properties":{"carriage_ref":"A","change:lanes:backward":"no","change:lanes:forward":"no","highway":"trunk","int_ref":"E 43","lanes":"2","maxspeed":"80","mindistance:hgv":"150","motorroad":"yes","oneway":"no","ref":"A13","shoulder:left":"yes","shoulder:right":"yes","source:maxspeed":"sign","surface":"asphalt","toll":"yes","width":"7.5"},"geometry":{"type":"LineString","coordinates":[[9.4155874,46.8270631],[9.4152434,46.8265911],[9.4148395,46.8259926],[9.4146726,46.8257563],[9.4145482,46.8255983],[9.4144136,46.8254416],[9.4142742,46.8252891],[9.4141012,46.8251217],[9.4139237,46.8249687],[9.4137318,46.8248244],[9.4135724,46.8247129],[9.4133506,46.8245709],[9.4131602,46.8244666],[9.412982,46.8243756],[9.4126623,46.8242398],[9.4121624,46.8240557],[9.4115414,46.8238559]]}},{"type":"Feature","properties":{"carriage_ref":"B","change:lanes:backward":"no","change:lanes:forward":"no","highway":"trunk","int_ref":"E 43","lanes":"2","maxspeed":"100","mindistance:hgv":"150","motorroad":"yes","oneway":"no","overtaking":"no","ref":"A13","shoulder:left":"yes","shoulder:right":"yes","source:maxspeed":"sign","surface":"asphalt","toll":"yes"},"geometry":{"type":"LineString","coordinates":[[9.44226056341,46.64180497138],[9.44251766341,46.64198157155],[9.44279326341,46.64213927171]]}},{"type":"Feature","properties":{"bridge":"yes","carriage_ref":"A","highway":"motorway","int_ref":"E 43","lanes":"2","layer":"1","maxspeed":"100","oneway":"yes","ref":"A13","source:maxspeed":"sign","surface":"asphalt","toll":"yes"},"geometry":{"type":"LineString","coordinates":[[9.0714856,46.228103],[9.071082,46.2280299]]}},{"type":"Feature","properties":{"carriage_ref":"A","change:lanes:backward":"no","change:lanes:forward":"no","highway":"trunk","int_ref":"E 43","lanes":"2","maxspeed:backward":"80","maxspeed:forward":"100","mindistance:hgv":"150","motorroad":"yes","oneway":"no","overtaking":"no","ref":"A13","shoulder":"none","source:maxspeed":"sign","surface":"asphalt","toll":"yes"},"geometry":{"type":"LineString","coordinates":[[9.1881693,46.4614179],[9.1883549,46.4611032],[9.1885187,46.4608099],[9.1887331,46.4603909],[9.1888613,46.4601462],[9.1889812,46.4599429],[9.1890566,46.4598281],[9.1891716,46.4596759],[9.1892882,46.4595487],[9.1894439,46.4594015],[9.1896155,46.4592703],[9.1897954,46.4591426],[9.1902078,46.4588851]]}},{"type":"Feature","properties":{"carriage_ref":"A","change:lanes:backward":"not_left|not_right","change:lanes:forward":"no","highway":"trunk","incline":"-8%","int_ref":"E 43","lanes":"3","lanes:backward":"2","maxspeed":"100","mindistance:hgv":"150","motorroad":"yes","oneway":"no","overtaking":"no","placement:backward":"middle_of:1","ref":"A13","shoulder":"none","source:incline":"signpost","source:maxspeed":"sign","surface":"asphalt","toll":"yes","turn:lanes:backward":"merge_to_right|"},"geometry":{"type":"LineString","coordinates":[[9.1918632,46.4461668],[9.1918765,46.4456515],[9.1918793,46.4449923]]}},{"type":"Feature","properties":{"carriage_ref":"B","destination:lanes":"Landquart|Landquart|Zizers;Untervaz","highway":"motorway","int_ref":"E 43","lanes":"3","maxspeed":"120","oneway":"yes","placement":"right_of:1","ref":"A13","shoulder:right":"yes","source:maxspeed":"sign","surface":"asphalt","toll":"yes","turn:lanes":"||slight_right"},"geometry":{"type":"LineString","coordinates":[[9.5617216,46.918455],[9.5620485,46.9199594]]}},{"type":"Feature","properties":{"carriage_ref":"B","change:lanes:backward":"no","change:lanes:forward":"no","highway":"trunk","incline":"8%","int_ref":"E 43","lanes":"2","layer":"-1","lit":"24/7","maxspeed":"60","mindistance:hgv":"150","motorroad":"yes","oneway":"no","overtaking":"no","ref":"A13","shoulder":"none","source:incline":"signpost","source:maxspeed":"sign","surface":"asphalt","toll":"yes","tunnel":"yes","tunnel:name":"Benabbia"},"geometry":{"type":"LineString","coordinates":[[9.23369926341,46.38857861809],[9.23345976341,46.38851271803],[9.23319856341,46.3883821179],[9.23306026341,46.38825571777],[9.23295626341,46.38813581765],[9.23243946341,46.38737491689]]}},{"type":"Feature","properties":{"carriage_ref":"B","change:lanes:backward":"no|not_right","change:lanes:forward":"not_left|no","highway":"trunk","int_ref":"E 43","lanes":"4","lanes:forward":"2","maxspeed":"80","mindistance:hgv":"150","motorroad":"yes","oneway":"no","overtaking":"no","ref":"A13","shoulder":"none","source:maxspeed":"sign","surface":"asphalt","toll":"yes","turn:lanes:backward":"|merge_to_left","turn:lanes:forward":"|slight_right"},"geometry":{"type":"LineString","coordinates":[[9.31885976341,46.55014997958],[9.31910966341,46.55025347968]]}},{"type":"Feature","properties":{"carriage_ref":"A","change:lanes:backward":"no","change:lanes:forward":"no","highway":"trunk","int_ref":"E 43","lanes":"2","maxspeed":"100","mindistance:hgv":"150","motorroad":"yes","oneway":"no","overtaking":"no","ref":"A13","shoulder":"none","source:maxspeed":"sign","surface":"asphalt","toll":"yes"},"geometry":{"type":"LineString","coordinates":[[9.1902078,46.4588851],[9.1904452,46.4587121],[9.1905917,46.4585824],[9.1907059,46.4584527],[9.1907916,46.4583203],[9.1908643,46.4581733],[9.1909097,46.4580296],[9.1909315,46.4579037],[9.1909422,46.4577275],[9.1909271,46.4575473],[9.1908925,46.4573846],[9.1907515,46.4570142],[9.1906073,46.4566181],[9.1904213,46.4560925]]}},{"type":"Feature","properties":{"carriage_ref":"B","highway":"motorway","int_ref":"E 43","lanes":"2","maxspeed":"120","oneway":"yes","ref":"A13","shoulder:right":"yes","source:maxspeed":"CH:motorway","surface":"asphalt","toll":"yes"},"geometry":{"type":"LineString","coordinates":[[9.5077033,47.0140888],[9.5068385,47.0142701]]}},{"type":"Feature","properties":{"carriage_ref":"A","highway":"motorway","int_ref":"E 43","lanes":"2","maxspeed":"120","oneway":"yes","ref":"A13","shoulder:right":"yes","source:maxspeed":"CH:motorway","surface":"asphalt","toll":"yes"},"geometry":{"type":"LineString","coordinates":[[9.5068102,47.0141642],[9.5076958,47.0139787]]}},{"type":"Feature","properties":{"carriage_ref":"A","change:lanes:backward":"no","change:lanes:forward":"not_left|not_right","highway":"trunk","int_ref":"E 43","lanes":"3","lanes:backward":"1","lanes:forward":"2","maxspeed":"80","mindistance:hgv":"150","motorroad":"yes","oneway":"no","overtaking:backward":"no","placement:forward":"middle_of:1","ref":"A13","shoulder":"none","source:maxspeed":"sign","surface":"asphalt","toll":"yes"},"geometry":{"type":"LineString","coordinates":[[9.2575492,46.5395563],[9.2572193,46.5395294],[9.2569107,46.5395171],[9.2566332,46.5395156],[9.2563336,46.5395302],[9.2559868,46.5395663],[9.2555283,46.539626],[9.2551862,46.539677],[9.254909,46.5397057],[9.2546672,46.539724],[9.2544523,46.5397253],[9.2542152,46.5397194],[9.2539713,46.5396919],[9.2537646,46.5396595],[9.2535701,46.5396189],[9.2533749,46.539561]]}},{"type":"Feature","properties":{"carriage_ref":"A","highway":"motorway","int_ref":"E 43","lanes":"2","maxspeed":"100","oneway":"yes","ref":"A13","shoulder":"none","source:maxspeed":"sign","surface":"asphalt","toll":"yes"},"geometry":{"type":"LineString","coordinates":[[9.1495085,46.2455195],[9.1484998,46.2450555],[9.1477865,46.2447367],[9.1469484,46.2443603],[9.1461745,46.244017],[9.1456193,46.2437313]]}},{"type":"Feature","properties":{"bridge":"yes","carriage_ref":"A","highway":"trunk","int_ref":"E 43","lanes":"2","layer":"1","maxspeed":"100","maxwidth:lanes":"2|","mindistance:hgv":"150","motorroad":"yes","oneway":"yes","ref":"A13","shoulder":"none","source:maxspeed":"sign","surface":"asphalt","toll":"yes"},"geometry":{"type":"LineString","coordinates":[[9.44856601534,46.70939131089],[9.448632,46.7090582],[9.4487421,46.7085669],[9.4488171,46.7081275],[9.4488541,46.7077779],[9.4488743,46.7073134],[9.4488689,46.706899],[9.4488389,46.7064162],[9.4487729,46.7059164]]}},{"type":"Feature","properties":{"carriage_ref":"A","highway":"motorway","int_ref":"E 43","lanes":"2","maxspeed":"120","oneway":"yes","ref":"A13","shoulder":"none","source:maxspeed":"CH:motorway","surface":"asphalt","toll":"yes"},"geometry":{"type":"LineString","coordinates":[[9.2205673,46.3548702],[9.2204004,46.3545266],[9.2202095,46.3541876],[9.2199525,46.3538047],[9.219762,46.3535621],[9.2194417,46.3531853],[9.2187079,46.3523926],[9.2184399,46.3520931],[9.2181446,46.3517527],[9.2178877,46.3514385],[9.2176238,46.351091],[9.2174207,46.3507897],[9.2172115,46.3504555],[9.2170206,46.3501068],[9.2168534,46.3497557],[9.21673,46.3494493],[9.2166165,46.3491451],[9.2165004,46.3487462],[9.2163846,46.3482677],[9.2163476,46.3480661]]}},{"type":"Feature","properties":{"bridge":"yes","carriage_ref":"B","change:lanes:backward":"no","change:lanes:forward":"no","highway":"trunk","int_ref":"E 43","lanes":"2","layer":"1","lit":"yes","maxspeed":"80","mindistance:hgv":"150","motorroad":"yes","oneway":"no","ref":"A13","shoulder":"none","source:maxspeed":"sign","surface":"asphalt","toll":"yes"},"geometry":{"type":"LineString","coordinates":[[9.41418036341,46.80607633625],[9.41384436341,46.80648643667],[9.41171456341,46.80909633929]]}},{"type":"Feature","properties":{"carriage_ref":"A","change:lanes:backward":"no","change:lanes:forward":"not_left|yes|not_right","highway":"trunk","int_ref":"E 43","lanes":"4","lanes:forward":"3","layer":"-1","maxspeed":"80","mindistance:hgv":"150","motorroad":"yes","oneway":"no","overtaking:hgv:forward":"no","placement:forward":"middle_of:1","ref":"A13","shoulder":"none","surface":"asphalt","toll":"yes","turn:lanes:forward":"||merge_to_left"},"geometry":{"type":"LineString","coordinates":[[9.4441666,46.6944953],[9.4440204,46.6943766],[9.4437876,46.6941958]]}},{"type":"Feature","properties":{"carriage_ref":"B","change:forward":"no","change:lanes:backward":"not_left|yes","highway":"trunk","int_ref":"E 43","lanes":"3","lanes:backward":"2","lanes:forward":"1","maxspeed":"80","mindistance:hgv":"150","motorroad":"yes","oneway":"no","overtaking":"no","placement:backward":"left_of:1","ref":"A13","shoulder":"none","source:maxspeed":"sign","surface":"asphalt","toll":"yes","turn:lanes:backward":"through|right"},"geometry":{"type":"LineString","coordinates":[[9.18918296341,46.52709845651],[9.18938386341,46.52733725675]]}},{"type":"Feature","properties":{"carriage_ref":"A","change:lanes:backward":"no","change:lanes:forward":"no","highway":"trunk","int_ref":"E 43","lanes":"2","maxspeed":"100","mindistance:hgv":"150","motorroad":"yes","oneway":"no","overtaking":"no","ref":"A13","shoulder":"none","source:maxspeed":"sign","surface":"asphalt","toll":"yes"},"geometry":{"type":"LineString","coordinates":[[9.1904128,46.4511144],[9.1904001,46.4508374],[9.1904171,46.450606],[9.190447,46.4504044],[9.1904987,46.4501856]]}},{"type":"Feature","properties":{"carriage_ref":"B","change:lanes:backward":"no","change:lanes:forward":"no","highway":"trunk","int_ref":"E 43","lanes":"2","layer":"-1","lit":"24/7","maxspeed":"80","mindistance:hgv":"150","motorroad":"yes","oneway":"no","ref":"A13","shoulder":"none","source:maxspeed":"sign","surface":"asphalt","toll":"yes","tunnel":"yes","tunnel:name":"Rongellen III"},"geometry":{"type":"LineString","coordinates":[[9.44824096341,46.67342310308],[9.44803226341,46.67378200344],[9.44794846341,46.67406620372],[9.44797056341,46.67430650396],[9.44802606341,46.67456030422]]}},{"type":"Feature","properties":{"bridge":"yes","carriage_ref":"B","highway":"motorway","int_ref":"E 43","lanes":"3","layer":"1","maxspeed":"120","oneway":"yes","placement":"right_of:1","ref":"A13","shoulder:right":"yes","source:maxspeed":"CH:motorway","surface":"asphalt","toll":"yes","turn:lanes":"none|none|merge_to_left"},"geometry":{"type":"LineString","coordinates":[[9.511627,47.0126318],[9.5113627,47.0127711]]}},{"type":"Feature","properties":{"carriage_ref":"A","highway":"trunk","int_ref":"E 43","lanes":"1","maxspeed":"80","motorroad":"yes","oneway":"yes","ref":"A13","shoulder:right":"yes","source:maxspeed":"sign","surface":"asphalt","toll":"yes"},"geometry":{"type":"LineString","coordinates":[[9.1407374,46.2393188],[9.1402185,46.2381869]]}},{"type":"Feature","properties":{"carriage_ref":"A","change:lanes:backward":"no","change:lanes:forward":"no","highway":"trunk","incline":"-8%","int_ref":"E 43","lanes":"2","maxspeed:backward":"80","maxspeed:forward":"100","mindistance:hgv":"150","motorroad":"yes","oneway":"no","overtaking":"no","ref":"A13","shoulder":"none","source:incline":"signpost","source:maxspeed":"sign","surface":"asphalt","toll":"yes"},"geometry":{"type":"LineString","coordinates":[[9.2349982,46.386656],[9.2348169,46.3862152],[9.2346005,46.3856892],[9.2343717,46.3852363],[9.2341188,46.3847759]]}},{"type":"Feature","properties":{"carriage_ref":"A","change:lanes:backward":"no","change:lanes:forward":"no","highway":"trunk","int_ref":"E 43","lanes":"2","maxspeed":"100","mindistance:hgv":"150","motorroad":"yes","oneway":"no","ref":"A13","shoulder:left":"yes","shoulder:right":"yes","source:maxspeed":"sign","surface":"asphalt","toll":"yes"},"geometry":{"type":"LineString","coordinates":[[9.4471945,46.6446827],[9.4469449,46.6444301],[9.4466597,46.6441866],[9.446339,46.6439438],[9.4460142,46.6437276],[9.4455318,46.6434469]]}},{"type":"Feature","properties":{"carriage_ref":"A","highway":"trunk","incline":"-8%","int_ref":"E 43","lanes":"2","maxspeed:backward":"80","maxspeed:forward":"100","mindistance:hgv":"150","motorroad":"yes","oneway":"no","ref":"A13","shoulder":"none","source:incline":"signpost","source:maxspeed":"sign","surface":"asphalt","toll":"yes"},"geometry":{"type":"LineString","coordinates":[[9.2292534,46.399493],[9.2292077,46.3992348],[9.2291727,46.3990382]]}},{"type":"Feature","properties":{"carriage_ref":"A","change:lanes:backward":"no","change:lanes:forward":"no","highway":"trunk","int_ref":"E 43","lanes":"2","maxspeed":"80","mindistance:hgv":"150","motorroad":"yes","oneway":"no","overtaking":"no","ref":"A13","source:maxspeed":"sign","surface":"asphalt","toll":"yes"},"geometry":{"type":"LineString","coordinates":[[9.2491361,46.5387021],[9.2485374,46.538751],[9.2482701,46.5387674],[9.2479697,46.538773],[9.2477037,46.5387639]]}},{"type":"Feature","properties":{"carriage_ref":"B","destination":"Maienfeld","highway":"motorway","int_ref":"E 43","lanes":"2","maxspeed":"120","oneway":"yes","ref":"A13","shoulder:right":"yes","source:maxspeed":"CH:motorway","surface":"asphalt","toll":"yes"},"geometry":{"type":"LineString","coordinates":[[9.5521501,46.9717447],[9.5519431,46.9724177],[9.5517758,46.9728511],[9.5515875,46.9732748],[9.5514748,46.9734746],[9.5513332,46.9737452]]}},{"type":"Feature","properties":{"carriage_ref":"B","highway":"trunk","int_ref":"E 43","lanes":"2","maxspeed":"100","maxwidth:lanes":"2|","mindistance:hgv":"150","motorroad":"yes","oneway":"yes","ref":"A13","shoulder":"none","source:maxspeed":"sign","surface":"asphalt","toll":"yes"},"geometry":{"type":"LineString","coordinates":[[9.44200406341,46.7181016479],[9.44168046341,46.71858694839],[9.44133414132,46.71911980434],[9.44102336341,46.7196958495],[9.44080256341,46.72019515],[9.44048816341,46.72102775084],[9.44033136341,46.72150885132],[9.44019396341,46.72210895192],[9.44008466341,46.72280685262],[9.44003216341,46.72366495348],[9.44004986341,46.72440465423],[9.44006046341,46.72452185434]]}},{"type":"Feature","properties":{"carriage_ref":"B","destination":"Zürich;Sankt Margrethen;Chur","highway":"trunk","int_ref":"E 43","lanes":"1","maxspeed":"100","motorroad":"yes","oneway":"yes","ref":"A13","shoulder:right":"yes","surface":"asphalt","toll":"yes"},"geometry":{"type":"LineString","coordinates":[[9.4173216812,46.82846777489],[9.4176524,46.8286815],[9.4179271,46.82882],[9.4183233,46.829001]]}},{"type":"Feature","properties":{"bridge":"yes","carriage_ref":"A","change:lanes:backward":"no","change:lanes:forward":"no","highway":"trunk","int_ref":"E 43","lanes":"2","layer":"1","maxspeed":"80","mindistance:hgv":"150","motorroad":"yes","oneway":"no","overtaking":"no","ref":"A13","shoulder:left":"yes","shoulder:right":"yes","source:maxspeed":"sign","surface":"asphalt","toll":"yes"},"geometry":{"type":"LineString","coordinates":[[9.3280595,46.5531161],[9.3278244,46.5529361],[9.327552,46.5527639],[9.3273116,46.5526338],[9.3270381,46.5525101]]}},{"type":"Feature","properties":{"carriage_ref":"A","change:lanes":"not_left|not_right|no","highway":"motorway","int_ref":"E 43","lanes":"3","maxspeed":"100","oneway":"yes","placement":"right_of:1","ref":"A13","shoulder":"none","source:maxspeed":"sign","surface":"asphalt","toll":"yes","turn:lanes":"||slight_right"},"geometry":{"type":"LineString","coordinates":[[9.1450281,46.2434117],[9.1445537,46.2431419]]}},{"type":"Feature","properties":{"carriage_ref":"A","change:lanes:backward":"no","change:lanes:forward":"no","highway":"trunk","incline":"-8%","int_ref":"E 43","lanes":"2","maxspeed:backward":"80","maxspeed:forward":"100","mindistance:hgv":"150","motorroad":"yes","oneway":"no","overtaking":"no","ref":"A13","shoulder":"none","source:incline":"signpost","source:maxspeed":"sign","surface":"asphalt","toll":"yes"},"geometry":{"type":"LineString","coordinates":[[9.2293667,46.4016419],[9.2293703,46.401359]]}},{"type":"Feature","properties":{"bridge":"yes","carriage_ref":"A","highway":"motorway","int_ref":"E 43","lanes":"2","layer":"1","maxspeed":"120","oneway":"yes","ref":"A13","shoulder":"none","source:maxspeed":"CH:motorway","surface":"asphalt","toll":"yes"},"geometry":{"type":"LineString","coordinates":[[9.2156072,46.3380093],[9.2150356,46.3375568]]}},{"type":"Feature","properties":{"carriage_ref":"B","change:lanes:backward":"no","change:lanes:forward":"no","destination:forward":"Chur;Splügen","highway":"trunk","int_ref":"E 43","lanes":"2","maxspeed":"80","mindistance:hgv":"150","motorroad":"yes","oneway":"no","overtaking":"no","ref":"A13","shoulder:left":"yes","shoulder:right":"yes","source:maxspeed":"sign","surface":"asphalt","toll":"yes"},"geometry":{"type":"LineString","coordinates":[[9.29521876341,46.54431107373],[9.29540256341,46.54431437374],[9.29565736341,46.54432347375],[9.29592636341,46.54434047376],[9.29617096341,46.5443732738],[9.29642916341,46.54441597384],[9.29673306341,46.54448487391],[9.29699036341,46.54456237399],[9.29724546341,46.54464807407],[9.29745036341,46.54472377415],[9.29771856341,46.54482547425],[9.29796806341,46.54492897435],[9.29832346341,46.5450731745]]}},{"type":"Feature","properties":{"carriage_ref":"A","change:lanes:backward":"not_left|not_right","change:lanes:forward":"no","highway":"trunk","int_ref":"E 43","lanes":"3","lanes:backward":"2","maxspeed":"80","mindistance:hgv":"150","motorroad":"yes","oneway":"no","overtaking":"no","placement:backward":"left_of:1","ref":"A13","source:maxspeed":"sign","surface":"asphalt","toll":"yes","turn:lanes:backward":"|merge_to_left"},"geometry":{"type":"LineString","coordinates":[[9.2474627,46.5387471],[9.2471154,46.538713]]}},{"type":"Feature","properties":{"avz":"238","carriage_ref":"A","cs_dir:forward":"1","highway":"trunk","int_ref":"E 43","lanes":"2","maxspeed":"100","maxwidth:lanes":"2|","mindistance:hgv":"150","motorroad":"yes","oneway":"yes","ref":"A13","shoulder":"none","source:maxspeed":"sign","ssvz":"1106N","surface":"asphalt","toll":"yes"},"geometry":{"type":"LineString","coordinates":[[9.4255158,46.7571032],[9.4261194,46.7559229],[9.426748,46.7547457],[9.4279794,46.7523928],[9.4292048,46.7500511],[9.43051677302,46.74758520576]]}},{"type":"Feature","properties":{"carriage_ref":"B","destination:symbol:lanes":"||fuel;restaurants:toilets","highway":"motorway","int_ref":"E 43","lanes":"3","maxspeed":"120","oneway":"yes","placement":"right_of:1","ref":"A13","shoulder:right":"yes","source:maxspeed":"CH:motorway","surface":"asphalt","toll":"yes","turn:lanes":"none|none|slight_right"},"geometry":{"type":"LineString","coordinates":[[9.5028647,47.1432832],[9.5021002,47.1443669]]}},{"type":"Feature","properties":{"bridge":"yes","carriage_ref":"B","highway":"motorway","int_ref":"E 43","lanes":"2","layer":"1","maxspeed":"120","oneway":"yes","ref":"A13","shoulder:right":"yes","source:maxspeed":"CH:motorway","surface":"asphalt","toll":"yes"},"geometry":{"type":"LineString","coordinates":[[9.5480013,46.9404372],[9.5478422,46.9406226]]}},{"type":"Feature","properties":{"carriage_ref":"B","destination":"Haag","highway":"motorway","int_ref":"E 43","lanes":"3","maxspeed":"120","oneway":"yes","placement":"right_of:1","ref":"A13","shoulder:right":"yes","source:maxspeed":"CH:motorway","surface":"asphalt","toll":"yes","turn:lanes":"none|none|merge_to_left"},"geometry":{"type":"LineString","coordinates":[[9.4856807,47.1733201],[9.485585,47.1736618],[9.4854837,47.1740638],[9.485347,47.1746098]]}},{"type":"Feature","properties":{"carriage_ref":"A","change:lanes:backward":"no|no","change:lanes:forward":"no|no","highway":"trunk","int_ref":"E 43","lanes":"4","lanes:forward":"2","maxspeed":"100","maxspeed:lanes:backward":"100|80","mindistance:hgv":"150","motorroad":"yes","oneway":"no","ref":"A13","shoulder:left":"no","shoulder:right":"yes","source:maxspeed":"sign","source:maxspeed:forward":"CH:motorroad","surface":"asphalt","toll":"yes","turn:lanes:backward":"|slight_right"},"geometry":{"type":"LineString","coordinates":[[9.4172875,46.8285053],[9.4170592,46.828366]]}},{"type":"Feature","properties":{"carriage_ref":"B","highway":"motorway","int_ref":"E 43","lanes":"3","maxspeed":"120","oneway":"yes","placement":"right_of:1","ref":"A13","shoulder:right":"yes","source:maxspeed":"CH:motorway","surface":"asphalt","toll":"yes","turn:lanes":"none|none|merge_to_left"},"geometry":{"type":"LineString","coordinates":[[9.6452551,47.3944663],[9.6458368,47.3959025]]}},{"type":"Feature","properties":{"carriage_ref":"A","change:backward":"no","change:lanes:forward":"no|yes","hazmat:E":"no","highway":"trunk","int_ref":"E 43","lanes":"3","lanes:backward":"1","lanes:forward":"2","maxspeed":"80","mindistance:hgv":"150","motorroad":"yes","oneway":"no","overtaking":"no","placement:forward":"left_of:1","ref":"A13","shoulder":"none","source:maxspeed":"sign","surface":"asphalt","toll":"yes","turn:lanes:forward":"none|merge_to_left"},"geometry":{"type":"LineString","coordinates":[[9.1882772,46.526096],[9.1880089,46.5257467]]}},{"type":"Feature","properties":{"carriage_ref":"B","change:lanes:backward":"no","change:lanes:forward":"no","highway":"trunk","incline":"8%","int_ref":"E 43","lanes":"2","maxspeed":"80","mindistance:hgv":"150","motorroad":"yes","oneway":"no","overtaking":"no","ref":"A13","shoulder":"none","source:incline":"signpost","source:maxspeed":"sign","surface":"asphalt","toll":"yes"},"geometry":{"type":"LineString","coordinates":[[9.21062796341,46.43898996843],[9.21032506341,46.43879066823],[9.21011766341,46.43857076801],[9.21001826341,46.43837156781],[9.20995706341,46.4381585676],[9.20993476341,46.43790536735]]}},{"type":"Feature","properties":{"carriage_ref":"A","destination:colour:lanes":"green;green|green;green|blue;blue","destination:country:lanes":"||;FL","destination:lanes":"Chur;Zürich|Chur;Zürich|Trübbach;Balzers","highway":"motorway","int_ref":"E 43","lanes":"3","maxspeed":"120","oneway":"yes","placement":"right_of:1","ref":"A13","surface":"asphalt","toll":"yes","turn:lanes":"none|none|slight_right"},"geometry":{"type":"LineString","coordinates":[[9.4931689,47.077338],[9.4919832,47.0766961]]}},{"type":"Feature","properties":{"carriage_ref":"A","highway":"motorway","int_ref":"E 43","lanes":"2","maxspeed":"120","oneway":"yes","ref":"A13","surface":"asphalt","toll":"yes"},"geometry":{"type":"LineString","coordinates":[[9.6051006,47.3557819],[9.6046174,47.3553096],[9.6039178,47.3545525],[9.6014889,47.351661],[9.6011983,47.3513151],[9.5978368,47.3472984],[9.5972133,47.3465561],[9.5966798,47.3458163],[9.5962049,47.3450642],[9.5957629,47.3440268],[9.5940191,47.3393955]]}},{"type":"Feature","properties":{"bridge":"yes","carriage_ref":"B","highway":"motorway","int_ref":"E 43","lanes":"1","layer":"1","lit":"yes","maxspeed":"100","oneway":"yes","ref":"A13","shoulder:right":"yes","source:maxspeed":"sign","surface":"asphalt","toll":"yes"},"geometry":{"type":"LineString","coordinates":[[9.0442054,46.2213812],[9.0447043,46.2214179]]}},{"type":"Feature","properties":{"avz":"228","carriage_ref":"A","cs_dir:forward":"1","highway":"motorway","int_ref":"E 43","lanes":"3","maxspeed":"120","oneway":"yes","placement":"right_of:1","ref":"A13","shoulder:right":"yes","source:maxspeed":"CH:motorway","ssvz":"1005N","surface":"asphalt","toll":"yes","turn:lanes":"||slight_right"},"geometry":{"type":"LineString","coordinates":[[9.5621358,46.9245721],[9.5621953,46.9233162]]}},{"type":"Feature","properties":{"carriage_ref":"A","destination":"Sennwald","highway":"motorway","int_ref":"E 43","lanes":"2","maxspeed":"120","oneway":"yes","ref":"A13","surface":"asphalt","toll":"yes"},"geometry":{"type":"LineString","coordinates":[[9.573941,47.3103952],[9.5720763,47.3095538],[9.5712665,47.3091918],[9.5703389,47.3087507],[9.5695997,47.3083774],[9.5688456,47.3079604],[9.5683154,47.3076449],[9.5677282,47.3072583],[9.5669199,47.3067066],[9.5660992,47.3061119],[9.564697,47.3051047]]}},{"type":"Feature","properties":{"carriage_ref":"B","change:lanes:backward":"no","change:lanes:forward":"no","highway":"trunk","int_ref":"E 43","lanes":"2","lit":"yes","maxspeed":"80","mindistance:hgv":"150","motorroad":"yes","oneway":"no","ref":"A13","shoulder":"none","source:maxspeed":"sign","surface":"asphalt","toll":"yes"},"geometry":{"type":"LineString","coordinates":[[9.44802606341,46.67456030422],[9.44820396341,46.67515670482],[9.44839036341,46.67571990538]]}},{"type":"Feature","properties":{"carriage_ref":"B","highway":"trunk","int_ref":"E 43","lanes":"1","maxspeed":"80","mindistance:hgv":"150","motorroad":"yes","oneway":"yes","ref":"A13","shoulder":"none","source:maxspeed":"sign","surface":"asphalt","toll":"yes"},"geometry":{"type":"LineString","coordinates":[[9.2258113,46.3697065],[9.2255732,46.370048]]}},{"type":"Feature","properties":{"carriage_ref":"B","highway":"trunk","int_ref":"E 43","lanes":"2","maxspeed":"100","mindistance:hgv":"150","motorroad":"yes","oneway":"no","ref":"A13","source:maxspeed":"sign","surface":"asphalt","toll":"yes"},"geometry":{"type":"LineString","coordinates":[[9.27832566341,46.54233287176],[9.27874466341,46.54249707192],[9.27923576341,46.54269257212],[9.27988866341,46.54295457238],[9.28048776341,46.54319487262],[9.28088236341,46.54335857278],[9.28135206341,46.543578073],[9.28172866341,46.54376257319],[9.28201586341,46.54388987331],[9.28236966341,46.54402367345],[9.28289276341,46.54418317361],[9.28329926341,46.5442809737],[9.28421726341,46.54448927391],[9.28489226341,46.54464167407],[9.28555346341,46.54480217423],[9.28638626341,46.54499217442],[9.28685556341,46.54509477452],[9.28719526341,46.54515557458]]}},{"type":"Feature","properties":{"carriage_ref":"B","change:lanes:backward":"no","change:lanes:forward":"no","highway":"trunk","int_ref":"E 43","lanes":"2","maxspeed":"80","mindistance:hgv":"150","motorroad":"yes","oneway":"no","ref":"A13","shoulder":"none","source:maxspeed":"sign","surface":"asphalt","toll":"yes"},"geometry":{"type":"LineString","coordinates":[[9.42591746341,46.57849510795],[9.42616686341,46.5784404079]]}},{"type":"Feature","properties":{"carriage_ref":"A","change:lanes:backward":"not_left|not_right","change:lanes:forward":"not_left|not_right","highway":"trunk","int_ref":"E 43","lanes":"4","lanes:forward":"2","maxspeed:backward":"80","maxspeed:forward":"100","mindistance:hgv":"150","motorroad":"yes","oneway":"no","ref":"A13","shoulder:left":"no","shoulder:right":"yes","source:maxspeed":"sign","source:maxspeed:forward":"CH:motorroad","surface":"asphalt","toll":"yes","turn:lanes:backward":"|slight_right","turn:lanes:forward":"|merge_to_left"},"geometry":{"type":"LineString","coordinates":[[9.4164769,46.8279497],[9.4163654,46.8278524]]}},{"type":"Feature","properties":{"carriage_ref":"A","change:lanes:backward":"no|not_right","change:lanes:forward":"not_left|not_right","destination:lanes:forward":"San Bernardino;Nufenen|Medels","highway":"trunk","int_ref":"E 43","lanes":"4","lanes:backward":"2","maxspeed":"80","mindistance:hgv":"150","motorroad":"yes","oneway":"no","overtaking":"no","placement:backward":"left_of:1","ref":"A13","shoulder":"none","source:maxspeed":"sign","surface":"asphalt","toll":"yes","turn:lanes:backward":"|merge_to_left","turn:lanes:forward":"|slight_right"},"geometry":{"type":"LineString","coordinates":[[9.2987573,46.5453214],[9.2985132,46.5452227]]}},{"type":"Feature","properties":{"bridge":"yes","carriage_ref":"A","change:lanes:backward":"no","change:lanes:forward":"not_left|not_right","highway":"trunk","int_ref":"E 43","lanes":"3","lanes:forward":"2","layer":"1","maxspeed":"100","mindistance:hgv":"150","motorroad":"yes","oneway":"no","overtaking:hgv:forward":"no","placement:forward":"middle_of:1","ref":"A13","shoulder":"none","source:maxspeed":"sign","surface":"asphalt","toll":"yes"},"geometry":{"type":"LineString","coordinates":[[9.4271443,46.5931296],[9.4273761,46.5927786]]}},{"type":"Feature","properties":{"carriage_ref":"B","highway":"trunk","incline":"-8%","int_ref":"E 43","lanes":"3","lanes:backward":"2","maxspeed":"100","mindistance:hgv":"150","motorroad":"yes","oneway":"no","placement:backward":"left_of:1","ref":"A13","shoulder":"none","source:incline":"signpost","source:maxspeed":"sign","surface":"asphalt","toll":"yes","turn:lanes:backward":"|merge_to_left"},"geometry":{"type":"LineString","coordinates":[[9.42986206341,46.59728512677],[9.43012316341,46.59767112716],[9.43035656341,46.59798072747]]}},{"type":"Feature","properties":{"carriage_ref":"A","highway":"trunk","int_ref":"E 43","lanes":"2","maxspeed":"100","mindistance:hgv":"150","motorroad":"yes","oneway":"no","ref":"A13","source:maxspeed":"sign","surface":"asphalt","toll":"yes"},"geometry":{"type":"LineString","coordinates":[[9.2898735,46.5450836],[9.2894903,46.5451683],[9.2891258,46.5452278],[9.2887875,46.5452706],[9.2885067,46.5452921],[9.2882578,46.545302],[9.2880393,46.5452983],[9.2877589,46.5452826],[9.2875503,46.5452639]]}},{"type":"Feature","properties":{"carriage_ref":"A","highway":"trunk","incline":"-8%","int_ref":"E 43","lanes":"2","maxspeed":"100","mindistance:hgv":"150","motorroad":"yes","oneway":"no","ref":"A13","shoulder":"none","source:incline":"signpost","source:maxspeed":"sign","surface":"asphalt","toll":"yes"},"geometry":{"type":"LineString","coordinates":[[9.2329505,46.4100654],[9.2327186,46.4100699],[9.2325054,46.4100502],[9.2322505,46.4100058],[9.2319864,46.4099405],[9.2317839,46.4098708],[9.2315827,46.409782]]}},{"type":"Feature","properties":{"carriage_ref":"A","change:lanes:backward":"no","change:lanes:forward":"no","highway":"trunk","int_ref":"E 43","lanes":"2","maxspeed":"80","mindistance:hgv":"150","motorroad":"yes","oneway":"no","ref":"A13","shoulder":"none","source:maxspeed":"sign","surface":"asphalt","toll":"yes"},"geometry":{"type":"LineString","coordinates":[[9.4482663,46.6591424],[9.4483875,46.6582286],[9.44844974907,46.65796569061],[9.44852059815,46.65780733622],[9.44863994048,46.65764089049]]}},{"type":"Feature","properties":{"carriage_ref":"B","hazmat:water":"permissive","highway":"motorway","int_ref":"E 43","lanes":"2","maxspeed":"120","oneway":"yes","ref":"A13","shoulder:right":"yes","source:maxspeed":"CH:motorway","surface":"asphalt","toll":"yes"},"geometry":{"type":"LineString","coordinates":[[9.6484396,47.4043294],[9.6484704,47.4046513],[9.6484978,47.4052817],[9.6484866,47.4060179],[9.648437,47.406762],[9.6483503,47.4077343],[9.647506,47.4150415]]}},{"type":"Feature","properties":{"carriage_ref":"B","destination":"Chur","highway":"trunk","int_ref":"E 43","lanes":"2","maxspeed":"100","maxwidth:lanes":"2|","mindistance:hgv":"150","motorroad":"yes","oneway":"yes","ref":"A13","shoulder":"none","source:maxspeed":"sign","surface":"asphalt","toll":"yes"},"geometry":{"type":"LineString","coordinates":[[9.4229269,46.7628733],[9.4226992,46.7635446],[9.422482,46.7642281],[9.4222636,46.7649748],[9.4217682,46.7674095]]}},{"type":"Feature","properties":{"carriage_ref":"A","change:lanes:backward":"no|not_right","change:lanes:forward":"no","destination:forward":"San Bernardino;Splügen","highway":"trunk","int_ref":"E 43","lanes":"3","lanes:backward":"2","maxspeed":"80","mindistance:hgv":"150","motorroad":"yes","oneway":"no","overtaking":"no","placement:backward":"left_of:1","ref":"A13","shoulder":"none","source:maxspeed":"sign","surface":"asphalt","toll":"yes","turn:lanes:backward":"|merge_to_left"},"geometry":{"type":"LineString","coordinates":[[9.3703661,46.5703774],[9.3700343,46.5702505],[9.3697031,46.5701021]]}},{"type":"Feature","properties":{"carriage_ref":"A","change:lanes:backward":"no","change:lanes:forward":"no","highway":"trunk","incline":"-8%","int_ref":"E 43","lanes":"2","maxspeed":"80","mindistance:hgv":"150","motorroad":"yes","oneway":"no","overtaking":"no","ref":"A13","shoulder":"none","source:incline":"signpost","source:maxspeed":"sign","surface":"asphalt","toll":"yes"},"geometry":{"type":"LineString","coordinates":[[9.2100037,46.4375358],[9.2099713,46.4376485],[9.2099506,46.4377208]]}},{"type":"Feature","properties":{"carriage_ref":"B","change:lanes":"not_left|yes|no","destination:lanes":"||Rothenbrunnen;Bonaduz;Rhäzüns","highway":"trunk","int_ref":"E 43","lanes":"3","maxspeed":"100","maxwidth:lanes":"2||","mindistance:hgv":"150","motorroad":"yes","oneway":"yes","placement":"right_of:1","ref":"A13","shoulder":"none","source:maxspeed":"sign","surface":"asphalt","toll":"yes","turn:lanes":"||slight_right"},"geometry":{"type":"LineString","coordinates":[[9.4233339,46.7618321],[9.4232196,46.7621308],[9.4230013,46.7626718]]}},{"type":"Feature","properties":{"carriage_ref":"B","change:forward":"no","change:lanes:backward":"not_left|yes","hazmat:E":"no","highway":"trunk","int_ref":"E 43","lanes":"3","lanes:backward":"2","lanes:forward":"1","lit":"yes","maxspeed":"80","mindistance:hgv":"150","motorroad":"yes","oneway":"no","overtaking":"no","placement:backward":"left_of:1","ref":"A13","shoulder":"none","source:maxspeed":"sign","surface":"asphalt","toll":"yes","turn:lanes:backward":"none|merge_to_left"},"geometry":{"type":"LineString","coordinates":[[9.18768326341,46.52522415464],[9.18804576341,46.52569235511]]}},{"type":"Feature","properties":{"carriage_ref":"A","change:lanes:backward":"not_left|not_right","change:lanes:forward":"no","highway":"trunk","int_ref":"E 43","lanes":"3","lanes:backward":"2","maxspeed":"80","mindistance:hgv":"150","motorroad":"yes","oneway":"no","placement:forward":"left_of:1","ref":"A13","shoulder":"none","source:maxspeed":"sign","surface":"asphalt","toll":"yes","turn:lanes:backward":"|merge_to_left"},"geometry":{"type":"LineString","coordinates":[[9.4484742,46.6659605],[9.4484398,46.6659266]]}},{"type":"Feature","properties":{"carriage_ref":"A","change:lanes:backward":"no","change:lanes:forward":"no","highway":"trunk","int_ref":"E 43","lanes":"2","maxspeed":"80","mindistance:hgv":"150","motorroad":"yes","oneway":"no","ref":"A13","shoulder":"none","source:maxspeed":"sign","surface":"asphalt","toll":"yes"},"geometry":{"type":"LineString","coordinates":[[9.4156002,46.784466],[9.4154868,46.7838059]]}},{"type":"Feature","properties":{"carriage_ref":"A","change:lanes:backward":"no","change:lanes:forward":"no","highway":"trunk","int_ref":"E 43","lanes":"2","layer":"-1","lit":"24/7","maxspeed":"80","mindistance:hgv":"150","motorroad":"yes","oneway":"no","ref":"A13","shoulder":"none","source:maxspeed":"sign","surface":"asphalt","toll":"yes","tunnel":"yes"},"geometry":{"type":"LineString","coordinates":[[9.4500816,46.6680907],[9.4499869,46.6678842],[9.4498619,46.6676691]]}},{"type":"Feature","properties":{"carriage_ref":"B","highway":"trunk","incline":"8%","int_ref":"E 43","lanes":"2","maxspeed:backward":"100","maxspeed:forward":"80","mindistance:hgv":"150","motorroad":"yes","oneway":"no","ref":"A13","shoulder:left":"yes","shoulder:right":"no","source:incline":"signpost","source:maxspeed":"sign","surface":"asphalt","toll":"yes"},"geometry":{"type":"LineString","coordinates":[[9.23121216341,46.38733301685],[9.23122426341,46.3875892171],[9.23122126341,46.38784261736]]}},{"type":"Feature","properties":{"carriage_ref":"A","change:lanes:backward":"no","change:lanes:forward":"no","highway":"trunk","int_ref":"E 43","lanes":"2","maxspeed":"80","mindistance:hgv":"150","motorroad":"yes","oneway":"no","overtaking":"no","ref":"A13","shoulder":"none","source:maxspeed":"sign","surface":"asphalt","toll":"yes"},"geometry":{"type":"LineString","coordinates":[[9.34473717116,46.56016091974],[9.3443428,46.5600803427],[9.3439029,46.5599927]]}},{"type":"Feature","properties":{"bridge":"yes","carriage_ref":"B","highway":"trunk","int_ref":"E 43","lanes":"2","layer":"1","maxspeed":"100","mindistance:hgv":"150","motorroad":"yes","oneway":"no","ref":"A13","shoulder:left":"yes","shoulder:right":"yes","source:maxspeed":"sign","surface":"asphalt","toll":"yes"},"geometry":{"type":"LineString","coordinates":[[9.43821146341,46.62908585863],[9.43832536341,46.6293529589]]}},{"type":"Feature","properties":{"bridge":"yes","carriage_ref":"B","highway":"motorway","int_ref":"E 43","lanes":"2","layer":"1","maxspeed":"80","oneway":"yes","ref":"A13","shoulder:right":"yes","source:maxspeed":"sign","surface":"asphalt","toll":"yes","turn:lanes":"merge_to_right|none"},"geometry":{"type":"LineString","coordinates":[[9.1077117,46.2316244],[9.1089267,46.2314036]]}},{"type":"Feature","properties":{"carriage_ref":"A","change:lanes:backward":"no","change:lanes:forward":"no","destination:backward":"Chur","highway":"trunk","int_ref":"E 43","lanes":"2","maxspeed":"80","mindistance:hgv":"150","motorroad":"yes","oneway":"no","ref":"A13","shoulder":"none","source:maxspeed":"sign","surface":"asphalt","toll":"yes"},"geometry":{"type":"LineString","coordinates":[[9.4269375,46.5784949],[9.426692,46.5784673],[9.4264121,46.5784679],[9.42613,46.5784947]]}},{"type":"Feature","properties":{"carriage_ref":"B","change:lanes":"not_left|no","destination:lanes":"San Bernardino;Pian San Giacomo|Mesocco","highway":"trunk","int_ref":"E 43","lanes":"2","maxspeed":"80","mindistance:hgv":"150","motorroad":"yes","oneway":"yes","placement":"middle_of:1","ref":"A13","shoulder":"none","source:maxspeed":"sign","surface":"asphalt","toll":"yes","turn:lanes":"|slight_right"},"geometry":{"type":"LineString","coordinates":[[9.2324491,46.3818737],[9.2327046,46.3823452]]}},{"type":"Feature","properties":{"carriage_ref":"A","change:lanes:backward":"no","change:lanes:forward":"not_left|not_right","highway":"trunk","int_ref":"E 43","lanes":"3","lanes:forward":"2","lit":"yes","maxspeed":"80","mindistance:hgv":"150","motorroad":"yes","oneway":"no","overtaking:hgv:forward":"no","placement:forward":"middle_of:1","ref":"A13","shoulder":"none","source:maxspeed":"sign","surface":"asphalt","toll":"yes","turn:lanes:forward":"merge_to_right|"},"geometry":{"type":"LineString","coordinates":[[9.4484681,46.676143],[9.4483535,46.6757741]]}},{"type":"Feature","properties":{"bridge":"yes","carriage_ref":"B","highway":"motorway","int_ref":"E 43","lanes":"2","layer":"1","maxspeed":"120","oneway":"yes","ref":"A13","shoulder:right":"yes","source:maxspeed":"CH:motorway","surface":"asphalt","toll":"yes"},"geometry":{"type":"LineString","coordinates":[[9.5136824,47.1195444],[9.513642,47.1196858]]}},{"type":"Feature","properties":{"carriage_ref":"B","change:lanes:backward":"no","change:lanes:forward":"no","highway":"trunk","int_ref":"E 43","lanes":"2","maxspeed":"80","mindistance:hgv":"150","motorroad":"yes","oneway":"no","ref":"A13","shoulder":"none","source:maxspeed":"sign","surface":"asphalt","toll":"yes"},"geometry":{"type":"LineString","coordinates":[[9.45006276341,46.66992069956],[9.45000696341,46.67013849978],[9.44995226341,46.67031759996],[9.44988536341,46.67048780013],[9.44969036341,46.67090210055],[9.44903116341,46.67215920181],[9.44886016341,46.67248830214],[9.44871826341,46.67271480237],[9.44861276341,46.67287990253]]}},{"type":"Feature","properties":{"bridge":"yes","carriage_ref":"B","change:lanes:backward":"not_left|not_right","change:lanes:forward":"no","highway":"trunk","int_ref":"E 43","lanes":"3","lanes:backward":"2","layer":"1","maxspeed":"100","mindistance:hgv":"150","motorroad":"yes","oneway":"no","overtaking:hgv:backward":"no","placement:backward":"middle_of:1","ref":"A13","shoulder":"none","source:maxspeed":"sign","surface":"asphalt","toll":"yes"},"geometry":{"type":"LineString","coordinates":[[9.42741296341,46.5927243222],[9.42718116341,46.59307532255]]}},{"type":"Feature","properties":{"bridge":"yes","carriage_ref":"B","highway":"motorway","int_ref":"E 43","lanes":"2","maxspeed":"120","oneway":"yes","ref":"A13","source:maxspeed":"sign","start_date":"2017","surface":"asphalt","toll":"yes"},"geometry":{"type":"LineString","coordinates":[[9.5563037,46.9104754],[9.5564243,46.9105555]]}},{"type":"Feature","properties":{"avz":"539","carriage_ref":"A","change:lanes:backward":"no|no","change:lanes:forward":"no","cs_dir:forward":"1","highway":"trunk","int_ref":"E 43","lanes":"3","lanes:backward":"2","maxspeed":"80","mindistance:hgv":"150","motorroad":"yes","oneway":"no","overtaking":"no","placement:backward":"left_of:1","ref":"A13","source:maxspeed":"sign","surface":"asphalt","toll":"yes","turn:lanes:backward":"|slight_right"},"geometry":{"type":"LineString","coordinates":[[9.2416009,46.538444],[9.2412186,46.5383874]]}},{"type":"Feature","properties":{"avalanche_protector:left":"open","carriage_ref":"B","change:lanes:backward":"no","change:lanes:forward":"no","highway":"trunk","int_ref":"E 43","lanes":"2","layer":"-1","lit":"no","maxspeed":"80","mindistance:hgv":"150","motorroad":"yes","oneway":"no","overtaking":"no","ref":"A13","shoulder":"none","source:maxspeed":"sign","surface":"asphalt","toll":"yes","tunnel":"avalanche_protector"},"geometry":{"type":"LineString","coordinates":[[9.41774206341,46.57730960677],[9.41779306341,46.5777419072],[9.41794326341,46.5780388075],[9.41805856341,46.57821390767],[9.41820076341,46.57835770782],[9.41848426341,46.57855440801],[9.41937046341,46.57901390847],[9.42008256341,46.57930620876]]}},{"type":"Feature","properties":{"carriage_ref":"A","change:lanes:backward":"no","change:lanes:forward":"no","highway":"trunk","incline":"-8%","int_ref":"E 43","lanes":"2","maxspeed":"100","mindistance:hgv":"150","motorroad":"yes","oneway":"no","overtaking":"no","ref":"A13","shoulder":"none","source:incline":"signpost","source:maxspeed":"sign","surface":"asphalt","toll":"yes"},"geometry":{"type":"LineString","coordinates":[[9.2306585,46.4052945],[9.2303644,46.4049487]]}},{"type":"Feature","properties":{"avalanche_protector:right":"open","carriage_ref":"B","change:lanes:backward":"no","change:lanes:forward":"no","highway":"trunk","int_ref":"E 43","lanes":"2","layer":"-1","lit":"24/7","maxspeed":"80","mindistance:hgv":"150","motorroad":"yes","oneway":"no","overtaking":"no","ref":"A13","shoulder":"none","source:maxspeed":"sign","surface":"asphalt","toll":"yes","tunnel":"avalanche_protector","tunnel:name":"Cassanawald"},"geometry":{"type":"LineString","coordinates":[[9.22738156341,46.53757386699],[9.22797276341,46.53795586738],[9.22849526341,46.53822496764],[9.22896406341,46.53840566783],[9.22948066341,46.53856586799],[9.22989866341,46.53864596807],[9.23025696341,46.5386829681],[9.23073466341,46.53868916811],[9.23119146341,46.5386788681],[9.23170886341,46.53862676805]]}},{"type":"Feature","properties":{"bridge":"yes","carriage_ref":"B","change:lanes:backward":"no","change:lanes:forward":"no","highway":"trunk","int_ref":"E 43","lanes":"2","layer":"1","maxspeed":"100","mindistance:hgv":"150","motorroad":"yes","oneway":"no","overtaking":"no","ref":"A13","shoulder":"none","source:maxspeed":"sign","surface":"asphalt","toll":"yes"},"geometry":{"type":"LineString","coordinates":[[9.19014466341,46.45491258434],[9.19018556341,46.45515198458],[9.19024246341,46.45540218483],[9.19045816341,46.45603808546]]}},{"type":"Feature","properties":{"carriage_ref":"B","change:lanes:backward":"not_left|not_right","change:lanes:forward":"not_left|not_right","highway":"trunk","int_ref":"E 43","lanes":"4","lanes:backward":"2","maxspeed":"100","mindistance:hgv":"150","motorroad":"yes","oneway":"no","ref":"A13","shoulder:left":"yes","shoulder:right":"yes","source:maxspeed":"sign","surface":"asphalt","toll":"yes"},"geometry":{"type":"LineString","coordinates":[[9.43386886341,46.60912593863],[9.43391846341,46.60928903879],[9.43400576341,46.60966753917],[9.43405256341,46.60998733949],[9.43405096341,46.61035043986],[9.43400706341,46.61070414021],[9.43392496341,46.61107854059],[9.43377906341,46.61151484102],[9.43358956341,46.61197214148]]}},{"type":"Feature","properties":{"carriage_ref":"B","change:lanes":"not_left|not_right|no","destination:colour:lanes":"green|green|blue;blue;white","destination:lanes":"Maienfeld|Maienfeld|Landquart;Davos;Vereina","destination:symbol:lanes":"||;;railroad_terminal","highway":"motorway","int_ref":"E 43","lanes":"3","maxspeed":"120","oneway":"yes","placement":"right_of:1","ref":"A13","shoulder:right":"yes","source:maxspeed":"CH:motorway","surface":"asphalt","toll":"yes","turn:lanes":"||slight_right"},"geometry":{"type":"LineString","coordinates":[[9.5509332,46.9636834],[9.5510122,46.9638704]]}},{"type":"Feature","properties":{"carriage_ref":"A","highway":"motorway","int_ref":"E 43","lanes":"2","maxspeed":"120","oneway":"yes","ref":"A13","shoulder":"none","source:maxspeed":"CH:motorway","surface":"asphalt","toll":"yes"},"geometry":{"type":"LineString","coordinates":[[9.216271,46.3472555],[9.2162687,46.3468989],[9.2162834,46.3465906],[9.2163175,46.346249],[9.2163599,46.3459722],[9.2164394,46.3455947],[9.2165727,46.345133],[9.2166992,46.3447687],[9.2168209,46.3444357],[9.2170103,46.3440114],[9.217183,46.3436345],[9.2173952,46.3431754],[9.2175746,46.3427509],[9.2176982,46.3424035],[9.2177667,46.3421172],[9.2178128,46.3418335],[9.2178399,46.341473],[9.2178284,46.3411441],[9.217781,46.340861],[9.2177077,46.3405636],[9.2176013,46.3402657],[9.2174828,46.3400033],[9.2173353,46.3397052],[9.2171994,46.339473],[9.2170349,46.3392654],[9.2168386,46.3390452],[9.2166226,46.3388174],[9.216392,46.3386054],[9.2160246,46.3383212],[9.2156072,46.3380093]]}},{"type":"Feature","properties":{"carriage_ref":"B","change:lanes:backward":"no","change:lanes:forward":"no","highway":"trunk","int_ref":"E 43","lanes":"2","maxspeed":"80","mindistance:hgv":"150","motorroad":"yes","oneway":"no","overtaking":"no","ref":"A13","shoulder":"none","source:maxspeed":"sign","surface":"asphalt","toll":"yes"},"geometry":{"type":"LineString","coordinates":[[9.33974590388,46.55797781949],[9.34008944621,46.55820010628],[9.34053813272,46.55837387434],[9.34099073457,46.5585560744],[9.34124236341,46.5586688199],[9.34145206341,46.55879118823],[9.34161986341,46.55892738836],[9.34176986341,46.55908078852],[9.34192816341,46.55924588868],[9.34207026341,46.55937218881],[9.34222376341,46.55948788892],[9.34239616341,46.55959078903],[9.34257836341,46.55967238911],[9.34279136341,46.55974488918],[9.34303626341,46.55980688924],[9.34350926341,46.55987748931]]}},{"type":"Feature","properties":{"carriage_ref":"B","highway":"motorway","int_ref":"E 43","lanes":"2","maxspeed":"120","oneway":"yes","ref":"A13","shoulder:right":"yes","source:maxspeed":"CH:motorway","surface":"asphalt","toll":"yes"},"geometry":{"type":"LineString","coordinates":[[9.4889282,47.0192721],[9.4876779,47.0200136],[9.4864192,47.0207801],[9.4816349,47.0237286],[9.4705914,47.0304262],[9.4696338,47.0310363],[9.4687721,47.0316403],[9.4677847,47.0324127],[9.4671906,47.0329689],[9.4666786,47.0334938],[9.4656688,47.0345872]]}},{"type":"Feature","properties":{"carriage_ref":"A","highway":"motorway","int_ref":"E 43","lanes":"2","maxspeed":"120","oneway":"yes","ref":"A13","shoulder:right":"yes","source:maxspeed":"CH:motorway","surface":"asphalt","toll":"yes"},"geometry":{"type":"LineString","coordinates":[[9.5561819,46.9105613],[9.5550995,46.9098686],[9.5523333,46.9080761],[9.5506299,46.9068516],[9.5499594,46.9063201],[9.549262,46.9056678],[9.5485217,46.9048688],[9.5480938,46.9043122],[9.5476205,46.9036714],[9.5470756,46.9028583],[9.5461866,46.9015762],[9.5448202,46.8994286],[9.5440181,46.8982264],[9.5427652,46.8963202],[9.5418129,46.8948405],[9.5412715,46.8938978],[9.5407226,46.8928366],[9.5404448,46.8921891]]}},{"type":"Feature","properties":{"carriage_ref":"B","change:lanes:backward":"not_left|not_right","change:lanes:forward":"no|not_right","destination:lanes:backward":"Milano;Lugano|San Bernardino","highway":"trunk","int_ref":"E 43","lanes":"4","lanes:backward":"2","lit":"yes","maxspeed:backward":"100","maxspeed:forward":"80","mindistance:hgv":"150","motorroad":"yes","oneway":"no","overtaking":"no","ref":"A13","shoulder":"none","source:maxspeed":"sign","surface":"asphalt","toll":"yes","turn:lanes:backward":"through|right","turn:lanes:forward":"|merge_to_left"},"geometry":{"type":"LineString","coordinates":[[9.18664936341,46.46344699287],[9.18630526341,46.46388609331]]}},{"type":"Feature","properties":{"carriage_ref":"A","highway":"motorway","int_ref":"E 43","lanes":"2","maxspeed":"120","oneway":"yes","ref":"A13","shoulder:right":"yes","source:maxspeed":"CH:motorway","surface":"asphalt","toll":"yes"},"geometry":{"type":"LineString","coordinates":[[9.5621953,46.9233162],[9.5622065,46.9229286],[9.5622111,46.9226325],[9.5622352,46.9221379],[9.5621786,46.9214082],[9.562092,46.920905],[9.5619969,46.9204759],[9.5618075,46.9196056],[9.5617136,46.9191659],[9.5615823,46.918621]]}},{"type":"Feature","properties":{"bridge":"yes","carriage_ref":"A","highway":"motorway","int_ref":"E 43","lanes":"2","layer":"2","maxspeed":"120","oneway":"yes","ref":"A13","source":"Yahoo","surface":"asphalt","toll":"yes"},"geometry":{"type":"LineString","coordinates":[[9.530494,47.273343],[9.5302493,47.273071],[9.5299296,47.272666],[9.5294973,47.2720356]]}},{"type":"Feature","properties":{"carriage_ref":"A","highway":"motorway","int_ref":"E 43","lanes":"2","maxspeed":"120","oneway":"yes","ref":"A13","surface":"asphalt","toll":"yes"},"geometry":{"type":"LineString","coordinates":[[9.5912563,47.3324462],[9.5877021,47.3235447],[9.5871107,47.3220525],[9.5864892,47.3206311],[9.5858437,47.3193415],[9.5853591,47.3185227],[9.584791,47.3177404],[9.5841052,47.3168654],[9.5832632,47.3159831],[9.5825442,47.3153007],[9.5817948,47.3146653],[9.5810455,47.3141093],[9.5803097,47.3136044],[9.5797957,47.3132685],[9.5792234,47.3129287],[9.5779236,47.3122264],[9.5759564,47.3112937],[9.5743201,47.3105648]]}},{"type":"Feature","properties":{"carriage_ref":"B","change:lanes:backward":"not_left|not_right","change:lanes:forward":"no","highway":"trunk","int_ref":"E 43","lanes":"3","lanes:backward":"2","lanes:forward":"1","maxspeed":"80","mindistance:hgv":"150","motorroad":"yes","oneway":"no","overtaking:forward":"no","placement:backward":"middle_of:1","ref":"A13","shoulder":"none","source:maxspeed":"sign","surface":"asphalt","toll":"yes"},"geometry":{"type":"LineString","coordinates":[[9.25131876341,46.53875146817],[9.25161296341,46.53882916825],[9.25186086341,46.53890496832],[9.25214306341,46.53900886843],[9.25235846341,46.53909126851],[9.25267086341,46.53921676864],[9.25314416341,46.53941016883]]}},{"type":"Feature","properties":{"carriage_ref":"B","change:lanes:backward":"no|no","change:lanes:forward":"no","highway":"trunk","int_ref":"E 43","lanes":"3","lanes:backward":"2","maxspeed":"80","mindistance:hgv":"150","motorroad":"yes","oneway":"no","overtaking":"no","placement:forward":"left_of:1","ref":"A13","shoulder":"none","source:maxspeed":"sign","surface":"asphalt","toll":"yes"},"geometry":{"type":"LineString","coordinates":[[9.36238666341,46.56723019667],[9.36267056341,46.56726909671]]}},{"type":"Feature","properties":{"carriage_ref":"A","change:lanes:backward":"no","change:lanes:forward":"no","highway":"trunk","int_ref":"E 43","lanes":"2","maxspeed":"80","mindistance:hgv":"150","motorroad":"yes","oneway":"no","overtaking":"no","ref":"A13","shoulder":"none","source:maxspeed":"sign","surface":"asphalt","toll":"yes"},"geometry":{"type":"LineString","coordinates":[[9.4212345,46.579739],[9.420762,46.5796015],[9.4200457,46.5793605]]}},{"type":"Feature","properties":{"carriage_ref":"A","change:lanes:backward":"no","change:lanes:forward":"no","highway":"trunk","int_ref":"E 43","lanes":"2","maxspeed":"80","mindistance:hgv":"150","motorroad":"yes","oneway":"no","overtaking":"no","ref":"A13","source:maxspeed":"sign","surface":"asphalt","toll":"yes"},"geometry":{"type":"LineString","coordinates":[[9.292253,46.5445733],[9.2919257,46.5446416],[9.2911425,46.5448122],[9.2898735,46.5450836]]}},{"type":"Feature","properties":{"bridge":"yes","carriage_ref":"B","change:lanes:backward":"not_left|not_right","change:lanes:forward":"no|no","destination:lanes:backward":"San Bernardino;Medels|Splügen;Splügenpass","highway":"trunk","int_ref":"E 43","lanes":"4","lanes:forward":"2","layer":"1","maxspeed":"80","mindistance:hgv":"150","motorroad":"yes","oneway":"no","overtaking":"no","placement:forward":"left_of:1","ref":"A13","shoulder":"none","source:maxspeed":"sign","surface":"asphalt","toll":"yes","turn:lanes:backward":"|slight_right"},"geometry":{"type":"LineString","coordinates":[[9.32179886341,46.55108648052],[9.32205836341,46.55115068058]]}},{"type":"Feature","properties":{"carriage_ref":"A","destination":"Zizers;Chur;San Bernardino","highway":"motorway","int_ref":"E 43","lanes":"3","maxspeed":"120","oneway":"yes","placement":"right_of:1","ref":"A13","shoulder:right":"yes","source:maxspeed":"CH:motorway","surface":"asphalt","toll":"yes","turn:lanes":"none|none|merge_to_left"},"geometry":{"type":"LineString","coordinates":[[9.5520564,46.9714515],[9.5521858,46.9708362],[9.5522686,46.970276],[9.5523051,46.969723]]}},{"type":"Feature","properties":{"carriage_ref":"B","highway":"motorway","int_ref":"E 43","lanes":"2","maxspeed":"120","oneway":"yes","ref":"A13","shoulder:right":"yes","source:maxspeed":"CH:motorway","surface":"asphalt","toll":"yes"},"geometry":{"type":"LineString","coordinates":[[9.4986893,47.2167143],[9.4990541,47.2178238],[9.4995013,47.2189169],[9.4998147,47.2196649],[9.5001787,47.2204192],[9.5005653,47.221192],[9.5009959,47.2220034],[9.5011916,47.2223338],[9.5016435,47.2230732],[9.5018534,47.22344],[9.5023793,47.224239],[9.5035617,47.2257793],[9.5058105,47.2285479],[9.507223,47.2302156],[9.5086656,47.2318137],[9.5107546,47.2342051],[9.5120081,47.2357021],[9.5136152,47.2377682],[9.5151697,47.2399831],[9.5162804,47.2416601],[9.5169324,47.242748]]}},{"type":"Feature","properties":{"carriage_ref":"B","change:lanes:backward":"no","change:lanes:forward":"no","highway":"trunk","int_ref":"E 43","lanes":"2","maxspeed":"80","mindistance:hgv":"150","motorroad":"yes","oneway":"no","overtaking":"no","ref":"A13","shoulder:left":"yes","shoulder:right":"yes","source:maxspeed":"sign","surface":"asphalt","toll":"yes"},"geometry":{"type":"LineString","coordinates":[[9.30015406341,46.54581867524],[9.30070906341,46.54604707547]]}},{"type":"Feature","properties":{"carriage_ref":"B","highway":"motorway","int_ref":"E 43","lanes":"2","maxspeed":"120","oneway":"yes","ref":"A13","shoulder:right":"yes","source:maxspeed":"CH:motorway","surface":"asphalt","toll":"yes"},"geometry":{"type":"LineString","coordinates":[[9.6238607,47.3686541],[9.6267042,47.370758],[9.6285869,47.3722919],[9.6304357,47.3739619],[9.6319421,47.3753629],[9.6334031,47.3767998],[9.6343847,47.3778259],[9.635292,47.3788621],[9.637115,47.3809528],[9.6382344,47.3824012],[9.639308,47.3838514],[9.6399321,47.3847701],[9.6405258,47.385636],[9.6415847,47.3873272]]}},{"type":"Feature","properties":{"carriage_ref":"A","destination:int_ref:lanes":"E 43|","destination:lanes":"Italien;San Bernardino;Sankt Moritz;Thusis;Bonaduz|Reichenau;Disentis/Mustér;Flims","destination:ref:lanes":"A13|","highway":"motorway","int_ref":"E 43","lanes":"2","maxspeed":"100","oneway":"yes","ref":"A13","shoulder:right":"yes","source:maxspeed":"sign","surface":"asphalt","toll":"yes"},"geometry":{"type":"LineString","coordinates":[[9.4305387,46.8322426],[9.42895172954,46.83192464611],[9.4279865,46.8317365],[9.4256093,46.8312503],[9.4246516,46.8310579],[9.4237189,46.83086],[9.4230699,46.8307107]]}},{"type":"Feature","properties":{"carriage_ref":"B","change:lanes:backward":"not_left|not_right","change:lanes:forward":"no|not_right","highway":"trunk","int_ref":"E 43","lanes":"4","lanes:backward":"2","lanes:forward":"2","maxspeed":"80","mindistance:hgv":"150","motorroad":"yes","oneway":"no","overtaking:forward":"no","placement:backward":"middle_of:1","ref":"A13","shoulder":"none","source:maxspeed":"sign","surface":"asphalt","toll":"yes","turn:lanes:forward":"|merge_to_left"},"geometry":{"type":"LineString","coordinates":[[9.20499746341,46.53103036045],[9.20533256341,46.5311840606],[9.20565316341,46.53132616074],[9.20588116341,46.53141286083]]}},{"type":"Feature","properties":{"bridge":"yes","carriage_ref":"B","change:lanes:backward":"no","change:lanes:forward":"not_left|not_right","highway":"trunk","int_ref":"E 43","lanes":"3","lanes:forward":"2","layer":"1","maxspeed":"80","mindistance:hgv":"150","motorroad":"yes","oneway":"no","overtaking":"no","placement:forward":"left_of:1","ref":"A13","shoulder":"none","source:maxspeed":"sign","surface":"asphalt","toll":"yes","turn:lanes:forward":"|merge_to_left"},"geometry":{"type":"LineString","coordinates":[[9.32332506341,46.55146278089],[9.32355426341,46.55151938095]]}},{"type":"Feature","properties":{"carriage_ref":"B","highway":"motorway","int_ref":"E 43","lanes":"2","maxspeed":"120","oneway":"yes","overtaking:hgv":"no","ref":"A13","shoulder:right":"yes","source:maxspeed":"CH:motorway","surface":"asphalt","toll":"yes"},"geometry":{"type":"LineString","coordinates":[[9.59073,47.3306975],[9.5919345,47.3337023]]}},{"type":"Feature","properties":{"carriage_ref":"B","highway":"motorway","int_ref":"E 43","lanes":"3","maxspeed":"120","oneway":"yes","placement":"right_of:1","ref":"A13","shoulder":"none","source:maxspeed":"CH:motorway","surface":"asphalt","toll":"yes","turn:lanes":"||slight_right"},"geometry":{"type":"LineString","coordinates":[[9.1999928,46.3136034],[9.2003444,46.3140295],[9.2010562,46.314926]]}},{"type":"Feature","properties":{"bridge":"yes","carriage_ref":"A","change:lanes:backward":"no","change:lanes:forward":"no","highway":"trunk","int_ref":"E 43","lanes":"2","layer":"1","lit":"yes","maxspeed":"80","mindistance:hgv":"150","motorroad":"yes","oneway":"no","overtaking":"no","ref":"A13","shoulder":"none","source:maxspeed":"sign","surface":"asphalt","toll":"yes"},"geometry":{"type":"LineString","coordinates":[[9.4051856,46.5680094],[9.4049549,46.567541],[9.4047296,46.5672127],[9.4043916,46.566855],[9.4040215,46.566571],[9.4033844,46.5661692]]}},{"type":"Feature","properties":{"bridge":"viaduct","carriage_ref":"B","change:lanes:backward":"no","change:lanes:forward":"no","highway":"trunk","incline":"8%","int_ref":"E 43","lanes":"2","layer":"1","maxspeed":"80","mindistance:hgv":"150","motorroad":"yes","oneway":"no","overtaking":"no","ref":"A13","shoulder":"none","source:incline":"signpost","source:maxspeed":"sign","surface":"asphalt","toll":"yes"},"geometry":{"type":"LineString","coordinates":[[9.21004056341,46.43748136692],[9.21011276341,46.43731326676]]}},{"type":"Feature","properties":{"carriage_ref":"A","highway":"motorway","int_ref":"E 43","lanes":"3","maxspeed":"120","oneway":"yes","placement":"right_of:1","ref":"A13","shoulder":"none","source:maxspeed":"CH:motorway","surface":"asphalt","toll":"yes","turn:lanes":"||slight_right"},"geometry":{"type":"LineString","coordinates":[[9.2037427,46.3186479],[9.2034075,46.3182144],[9.2029653,46.3176021]]}},{"type":"Feature","properties":{"carriage_ref":"B","destination":"Zizers","highway":"motorway","int_ref":"E 43","lanes":"2","maxspeed":"120","oneway":"yes","ref":"A13","shoulder:right":"yes","source:maxspeed":"sign","surface":"asphalt","toll":"yes"},"geometry":{"type":"LineString","coordinates":[[9.5341123,46.8774679],[9.5342464,46.878172],[9.534428,46.8791691]]}},{"type":"Feature","properties":{"bridge":"yes","bridge:name":"Cascellabrücke","carriage_ref":"A","highway":"trunk","incline":"-8%","int_ref":"E 43","lanes":"2","layer":"1","maxspeed":"100","mindistance:hgv":"150","motorroad":"yes","oneway":"no","ref":"A13","shoulder":"none","source:incline":"signpost","source:maxspeed":"sign","surface":"asphalt","toll":"yes","wikidata":"Q36943556","wikipedia":"de:Cascellabrücke"},"geometry":{"type":"LineString","coordinates":[[9.23030590556,46.41436270313],[9.22963146138,46.4140163495],[9.22885627672,46.4137444336],[9.2283434172,46.4136028182]]}},{"type":"Feature","properties":{"carriage_ref":"B","change:lanes:backward":"no","change:lanes:forward":"no","highway":"trunk","int_ref":"E 43","lanes":"2","maxspeed":"80","mindistance:hgv":"150","motorroad":"yes","oneway":"no","overtaking":"no","ref":"A13","shoulder":"none","source:maxspeed":"sign","surface":"asphalt","toll":"yes"},"geometry":{"type":"LineString","coordinates":[[9.19383596341,46.52995915937],[9.19408876341,46.53003625945],[9.19436606341,46.53010485952],[9.19469596341,46.53016875958],[9.19502016341,46.53021715963],[9.19529446341,46.53024665966],[9.19557326341,46.53026095968],[9.19585766341,46.53026515968],[9.19618136341,46.53026245968],[9.19653096341,46.53025495967],[9.19716926341,46.53022175964],[9.19802536341,46.5301852596],[9.19880686341,46.53017595959],[9.19937616341,46.5301867596],[9.20046086341,46.53024485966],[9.20117786341,46.53031215973],[9.20193626341,46.53037885979],[9.20260976341,46.53044205986]]}},{"type":"Feature","properties":{"carriage_ref":"A","destination:lanes":"Thusis|Thusis|Rothenbrunnen;Cazis","highway":"trunk","int_ref":"E 43","lanes":"3","maxspeed":"100","maxwidth:lanes":"2||","mindistance:hgv":"150","motorroad":"yes","oneway":"yes","placement":"right_of:1","ref":"A13","shoulder":"none","source:maxspeed":"sign","surface":"asphalt","toll":"yes","turn:lanes":"||slight_right"},"geometry":{"type":"LineString","coordinates":[[9.4213313,46.7694144],[9.4214389,46.7688165]]}},{"type":"Feature","properties":{"carriage_ref":"A","change:lanes:backward":"not_left|not_right","change:lanes:forward":"not_left|not_right","destination:lanes:forward":"Mesocco-Sud;Cabbiolo;Soazza|Lostallo","highway":"trunk","incline":"-8%","int_ref":"E 43","lanes":"4","maxspeed":"80","mindistance:hgv":"150","motorroad":"yes","oneway":"no","overtaking":"no","ref":"A13","shoulder":"none","source:incline":"signpost","surface":"asphalt","toll":"yes","turn:lanes:backward":"|merge_to_left","turn:lanes:forward":"|slight_right"},"geometry":{"type":"LineString","coordinates":[[9.2334486,46.3836835],[9.2332772,46.383407]]}},{"type":"Feature","properties":{"carriage_ref":"A","change:lanes:backward":"no","change:lanes:forward":"no","highway":"trunk","int_ref":"E 43","lanes":"2","maxspeed":"80","mindistance:hgv":"150","motorroad":"yes","oneway":"no","ref":"A13","shoulder":"none","source:maxspeed":"sign","surface":"asphalt","toll":"yes"},"geometry":{"type":"LineString","coordinates":[[9.45046103558,46.65687188047],[9.45078102884,46.65681069021]]}},{"type":"Feature","properties":{"bridge":"yes","carriage_ref":"B","change:lanes:backward":"no","change:lanes:forward":"no","highway":"trunk","int_ref":"E 43","lanes":"2","layer":"1","maxspeed":"80","mindistance:hgv":"150","motorroad":"yes","oneway":"no","overtaking":"no","ref":"A13","shoulder":"none","source:maxspeed":"sign","surface":"asphalt","toll":"yes"},"geometry":{"type":"LineString","coordinates":[[9.35345896341,46.56497759442],[9.35389296341,46.56514749459]]}},{"type":"Feature","properties":{"bridge":"yes","carriage_ref":"B","change:lanes:backward":"no","change:lanes:forward":"no","highway":"trunk","int_ref":"E 43","lanes":"2","layer":"1","maxspeed":"80","mindistance:hgv":"150","motorroad":"yes","oneway":"no","overtaking":"no","ref":"A13","shoulder:left":"yes","shoulder:right":"yes","source:maxspeed":"sign","surface":"asphalt","toll":"yes"},"geometry":{"type":"LineString","coordinates":[[9.31138846341,46.54672057615],[9.31162456341,46.54672527615],[9.31188846341,46.54673877616],[9.31219816341,46.54676947619],[9.31244666341,46.54681017624],[9.31269876341,46.54686367629],[9.31292266341,46.54692177635],[9.31311596341,46.5469784764]]}},{"type":"Feature","properties":{"carriage_ref":"A","destination:colour:lanes":"green|green|blue;blue;blue;blue;blue","destination:country:lanes":"||FL","destination:lanes":"Buchs|Buchs|Haag;Wildhaus;Bendern;Gams;Grabs","highway":"motorway","int_ref":"E 43","lanes":"3","maxspeed":"120","oneway":"yes","placement":"right_of:1","ref":"A13","surface":"asphalt","toll":"yes"},"geometry":{"type":"LineString","coordinates":[[9.4984303,47.2163633],[9.4980254,47.2150805]]}},{"type":"Feature","properties":{"bridge":"yes","carriage_ref":"B","change:lanes:backward":"no","change:lanes:forward":"no","highway":"trunk","int_ref":"E 43","lanes":"2","layer":"1","maxspeed":"80","mindistance:hgv":"150","motorroad":"yes","oneway":"no","ref":"A13","shoulder":"none","source:maxspeed":"sign","surface":"asphalt","toll":"yes"},"geometry":{"type":"LineString","coordinates":[[9.42697436341,46.5784406079],[9.42720536341,46.57850180796]]}},{"type":"Feature","properties":{"carriage_ref":"A","change:lanes:backward":"no","change:lanes:forward":"not_left|not_right","highway":"trunk","int_ref":"E 43","lanes":"3","lanes:backward":"1","lanes:forward":"2","maxspeed":"80","mindistance:hgv":"150","motorroad":"yes","oneway":"no","overtaking:backward":"no","placement:forward":"middle_of:1","ref":"A13","shoulder":"none","source:maxspeed":"sign","surface":"asphalt","toll":"yes"},"geometry":{"type":"LineString","coordinates":[[9.2531073,46.5394645],[9.252634,46.5392711],[9.2523216,46.5391456],[9.2521062,46.5390632],[9.251824,46.5389593],[9.2515761,46.5388835],[9.2512819,46.5388058]]}},{"type":"Feature","properties":{"carriage_ref":"B","change:lanes:backward":"no","change:lanes:forward":"no","highway":"trunk","incline":"8%","int_ref":"E 43","lanes":"2","maxspeed":"100","mindistance:hgv":"150","motorroad":"yes","oneway":"no","overtaking":"no","ref":"A13","shoulder":"none","source:incline":"signpost","source:maxspeed":"sign","surface":"asphalt","toll":"yes"},"geometry":{"type":"LineString","coordinates":[[9.23116356341,46.40595653544],[9.23123326341,46.40619693568],[9.23124936341,46.40636343585],[9.23123866341,46.40654093602],[9.23117426341,46.40679243627],[9.23107506341,46.40705143653]]}},{"type":"Feature","properties":{"carriage_ref":"B","change:lanes:backward":"no","highway":"trunk","int_ref":"E 43","lanes":"3","lanes:forward":"2","maxspeed":"80","mindistance:hgv":"150","motorroad":"yes","oneway":"no","placement:forward":"left_of:1","ref":"A13","shoulder:left":"yes","shoulder:right":"yes","source:maxspeed":"sign","surface":"asphalt","toll":"yes","turn:lanes:forward":"|merge_to_left"},"geometry":{"type":"LineString","coordinates":[[9.40666806341,46.82110775136],[9.40685716341,46.8213426516],[9.40703286341,46.82153815179]]}},{"type":"Feature","properties":{"carriage_ref":"A","change:lanes:backward":"no","change:lanes:forward":"not_left|not_right","highway":"trunk","int_ref":"E 43","lanes":"3","lanes:forward":"2","maxspeed":"80","mindistance:hgv":"150","motorroad":"yes","oneway":"no","overtaking:hgv:forward":"no","placement:forward":"middle_of:1","ref":"A13","shoulder":"none","source:maxspeed":"sign","surface":"asphalt","toll":"yes"},"geometry":{"type":"LineString","coordinates":[[9.4258806,46.5785494],[9.425593,46.5786563],[9.4253187,46.5787881],[9.4249899,46.5789719],[9.4243157,46.5793432],[9.4240659,46.57948],[9.4238381,46.5795892],[9.4235747,46.5796894],[9.4233367,46.5797586]]}},{"type":"Feature","properties":{"carriage_ref":"A","change:lanes:backward":"not_left|not_right","change:lanes:forward":"no","highway":"trunk","int_ref":"E 43","lanes":"3","lanes:backward":"2","maxspeed":"80","mindistance:hgv":"150","motorroad":"yes","oneway":"no","overtaking":"no","placement:backward":"left_of:1","ref":"A13","shoulder":"none","source:maxspeed":"sign","surface":"asphalt","toll":"yes","turn:lanes:backward":"|slight_right"},"geometry":{"type":"LineString","coordinates":[[9.4162467,46.5739202],[9.4161911,46.5736331]]}},{"type":"Feature","properties":{"bridge":"yes","carriage_ref":"B","highway":"motorway","int_ref":"E 43","lanes":"2","layer":"1","maxspeed":"120","oneway":"yes","ref":"A13","shoulder":"none","source:maxspeed":"CH:motorway","surface":"asphalt","toll":"yes"},"geometry":{"type":"LineString","coordinates":[[9.2164022,46.3473546],[9.2164219,46.3476498],[9.2165156,46.3482505]]}},{"type":"Feature","properties":{"carriage_ref":"B","change:lanes:backward":"no","change:lanes:forward":"no","highway":"trunk","int_ref":"E 43","lanes":"2","maxspeed":"80","mindistance:hgv":"150","motorroad":"yes","oneway":"no","ref":"A13","shoulder":"none","source:maxspeed":"sign","surface":"asphalt","toll":"yes"},"geometry":{"type":"LineString","coordinates":[[9.42720536341,46.57850180796],[9.42735966341,46.57856000802],[9.42753416341,46.5786387081],[9.42775246341,46.57877630823],[9.42788946341,46.57889390835]]}},{"type":"Feature","properties":{"carriage_ref":"A","change:lanes:backward":"no","change:lanes:forward":"no","highway":"trunk","int_ref":"E 43","lanes":"2","maxspeed":"60","mindistance:hgv":"150","motorroad":"yes","oneway":"no","overtaking":"no","ref":"A13","shoulder":"none","source:maxspeed":"sign","surface":"asphalt","toll":"yes"},"geometry":{"type":"LineString","coordinates":[[9.3500699,46.5636596],[9.3497582,46.5635511],[9.3495605,46.5634628],[9.3493806,46.5633504],[9.3492298,46.5632256],[9.3491126,46.5630958],[9.349016,46.5629357],[9.348957,46.5627271]]}},{"type":"Feature","properties":{"carriage_ref":"B","change:lanes:backward":"no","change:lanes:forward":"not_left|no","highway":"trunk","int_ref":"E 43","lanes":"3","lanes:forward":"2","maxspeed":"80","mindistance:hgv":"150","motorroad":"yes","oneway":"no","overtaking":"no","placement:forward":"left_of:1","ref":"A13","shoulder":"none","source:maxspeed":"sign","surface":"asphalt","toll":"yes","turn:lanes:forward":"|slight_right"},"geometry":{"type":"LineString","coordinates":[[9.36606936341,46.56782579727],[9.36646896341,46.56796409741],[9.36671046341,46.56806089751]]}},{"type":"Feature","properties":{"carriage_ref":"B","change:lanes:backward":"no","change:lanes:forward":"no","hazard":"curve","highway":"trunk","incline":"8%","int_ref":"E 43","lanes":"2","maxspeed:backward":"80","maxspeed:forward":"100","mindistance:hgv":"150","motorroad":"yes","oneway":"no","overtaking":"no","ref":"A13","shoulder":"none","source:incline":"signpost","source:maxspeed":"sign","surface":"asphalt","toll":"yes"},"geometry":{"type":"LineString","coordinates":[[9.23134006341,46.42038404985],[9.23141176341,46.42027474974],[9.23161316341,46.41989634936],[9.23172006341,46.41972584919],[9.23178986341,46.41964334911],[9.23186616341,46.41957494904],[9.23195886341,46.41951754898],[9.23206186341,46.41947424894],[9.23217346341,46.41945284892],[9.23230106341,46.41944744891],[9.23242556341,46.41946214893],[9.23253836341,46.41949794896],[9.23263926341,46.41954624901]]}},{"type":"Feature","properties":{"avz":"228","carriage_ref":"B","cs_dir:forward":"2","highway":"motorway","int_ref":"E 43","lanes":"3","maxspeed":"120","oneway":"yes","placement":"right_of:1","ref":"A13","shoulder:right":"yes","source:maxspeed":"CH:motorway","ssvz":"1005N","surface":"asphalt","toll":"yes","turn:lanes":"||merge_to_left"},"geometry":{"type":"LineString","coordinates":[[9.5623655,46.9216447],[9.5623852,46.9220166],[9.5623823,46.9226076],[9.5623321,46.9234969]]}},{"type":"Feature","properties":{"avz":"310","carriage_ref":"B","cs_dir:forward":"2","highway":"motorway","int_ref":"E 43","lanes":"2","maxspeed":"120","oneway":"yes","ref":"A13","shoulder:right":"yes","source:maxspeed":"CH:motorway","surface":"asphalt","toll":"yes"},"geometry":{"type":"LineString","coordinates":[[9.526729,47.2588983],[9.5271754,47.259759],[9.5275949,47.2606469],[9.5279398,47.2616315],[9.5282365,47.2626052]]}},{"type":"Feature","properties":{"bridge":"yes","carriage_ref":"B","highway":"motorway","int_ref":"E 43","lanes":"2","layer":"1","maxspeed":"120","oneway":"yes","ref":"A13","shoulder:right":"yes","source:maxspeed":"CH:motorway","surface":"asphalt","toll":"yes"},"geometry":{"type":"LineString","coordinates":[[9.5607782,46.9298045],[9.5606851,46.9299601]]}},{"type":"Feature","properties":{"carriage_ref":"B","destination":"Sennwald","highway":"motorway","int_ref":"E 43","lanes":"2","maxspeed":"120","oneway":"yes","ref":"A13","shoulder:right":"yes","source:maxspeed":"CH:motorway","surface":"asphalt","toll":"yes"},"geometry":{"type":"LineString","coordinates":[[9.4952665,47.2076201],[9.4953962,47.2078534],[9.4958489,47.20874],[9.4961949,47.2094362],[9.4963369,47.2097663],[9.4967613,47.2108025],[9.4973084,47.2122573],[9.4976968,47.2134966]]}},{"type":"Feature","properties":{"carriage_ref":"B","change:lanes:backward":"not_left|no","change:lanes:forward":"not_left|not_right","highway":"trunk","int_ref":"E 43","lanes":"4","lanes:backward":"2","maxspeed":"80","mindistance:hgv":"150","motorroad":"yes","oneway":"no","overtaking":"no","placement:forward":"left_of:1","ref":"A13","shoulder":"none","source:maxspeed":"sign","surface":"asphalt","toll":"yes","turn:lanes:backward":"|slight_right","turn:lanes:forward":"|merge_to_left"},"geometry":{"type":"LineString","coordinates":[[9.37096036341,46.57049949995],[9.37120846341,46.57056680001],[9.37149146341,46.57063320008]]}},{"type":"Feature","properties":{"carriage_ref":"A","change:lanes":"not_left|not_right|yes","highway":"trunk","int_ref":"E 43","lanes":"3","maxspeed":"100","maxwidth:lanes":"2||","mindistance:hgv":"150","motorroad":"yes","oneway":"yes","placement":"right_of:1","ref":"A13","shoulder":"none","source:maxspeed":"sign","surface":"asphalt","toll":"yes","turn:lanes":"||merge_to_left"},"geometry":{"type":"LineString","coordinates":[[9.4229084,46.7626415],[9.423095,46.7621233],[9.4234462,46.7612572]]}},{"type":"Feature","properties":{"carriage_ref":"B","destination:lanes":"Zizers|Zizers|Chur-Nord;Trimmis;Haldenstein","highway":"motorway","int_ref":"E 43","lanes":"3","maxspeed":"120","oneway":"yes","placement":"right_of:1","ref":"A13","source:maxspeed":"CH:motorway","surface":"asphalt","toll":"yes","turn:lanes":"||slight_right"},"geometry":{"type":"LineString","coordinates":[[9.528712,46.8711474],[9.5290902,46.871384],[9.5296079,46.8717012],[9.5300209,46.8719928],[9.5306476,46.8724726]]}},{"type":"Feature","properties":{"carriage_ref":"B","change:lanes:backward":"no","change:lanes:forward":"no","destination:backward":"San Bernardino;Medels","destination:forward":"Chur;Sufers","highway":"trunk","int_ref":"E 43","lanes":"2","maxspeed":"80","mindistance:hgv":"150","motorroad":"yes","oneway":"no","overtaking":"no","ref":"A13","shoulder:left":"yes","shoulder:right":"yes","source:maxspeed":"sign","surface":"asphalt","toll":"yes"},"geometry":{"type":"LineString","coordinates":[[9.31943586341,46.55037897981],[9.31973776341,46.55048587991],[9.32020626341,46.55064148007],[9.32069706341,46.55079518022]]}},{"type":"Feature","properties":{"carriage_ref":"A","destination":"San Bernardino;St. Moritz;Thusis-Süd","highway":"trunk","int_ref":"E 43","lanes":"2","maxspeed":"100","maxwidth:lanes":"2|","mindistance:hgv":"150","motorroad":"yes","oneway":"yes","ref":"A13","shoulder":"none","source:maxspeed":"sign","surface":"asphalt","toll":"yes"},"geometry":{"type":"LineString","coordinates":[[9.44813851534,46.71049221232],[9.44833081534,46.71005511175],[9.44847611534,46.70966141124],[9.44856601534,46.70939131089]]}},{"type":"Feature","properties":{"carriage_ref":"A","highway":"motorway","int_ref":"E 43","lanes":"2","maxspeed":"120","oneway":"yes","ref":"A13","shoulder:right":"yes","source:maxspeed":"CH:motorway","surface":"asphalt","toll":"yes"},"geometry":{"type":"LineString","coordinates":[[9.5166266,47.0074558],[9.5174352,47.0063024],[9.518694,47.0045247]]}},{"type":"Feature","properties":{"carriage_ref":"A","change:lanes:backward":"no","change:lanes:forward":"no","highway":"trunk","int_ref":"E 43","lanes":"2","maxspeed":"80","mindistance:hgv":"150","motorroad":"yes","oneway":"no","overtaking":"no","ref":"A13","shoulder":"none","source:maxspeed":"sign","surface":"asphalt","toll":"yes"},"geometry":{"type":"LineString","coordinates":[[9.4177052,46.5773639],[9.4176798,46.5771316],[9.417614,46.5769325],[9.4175564,46.576796],[9.4174974,46.5766642]]}},{"type":"Feature","properties":{"carriage_ref":"B","hazmat:water":"permissive","highway":"motorway","int_ref":"E 43","lanes":"2","maxspeed":"120","oneway":"yes","ref":"A13","shoulder:right":"yes","source:maxspeed":"CH:motorway","surface":"asphalt","toll":"yes"},"geometry":{"type":"LineString","coordinates":[[9.6465227,47.423375],[9.646435,47.4240184],[9.6463405,47.424577],[9.6462239,47.4251071],[9.6460218,47.4257684],[9.6458857,47.426133],[9.6457317,47.4265075],[9.6456112,47.4267829]]}},{"type":"Feature","properties":{"carriage_ref":"B","highway":"trunk","incline":"8%","int_ref":"E 43","lanes":"2","maxspeed":"100","mindistance:hgv":"150","motorroad":"yes","oneway":"no","ref":"A13","shoulder":"none","source:incline":"signpost","source:maxspeed":"sign","surface":"asphalt","toll":"yes"},"geometry":{"type":"LineString","coordinates":[[9.23613776341,46.41001543949],[9.23622486341,46.41026563974],[9.23629726341,46.41055424003],[9.23631876341,46.41076884024],[9.23631066341,46.41100364048],[9.23626916341,46.41123414071],[9.23619536341,46.411525141],[9.23608806341,46.41178404126],[9.23591916341,46.41206144154]]}},{"type":"Feature","properties":{"avalanche_protector:right":"open","carriage_ref":"B","change:lanes:backward":"no","change:lanes:forward":"not_left|not_right","highway":"trunk","int_ref":"E 43","lanes":"3","lanes:forward":"2","layer":"-1","lit":"24/7","maxspeed":"80","mindistance:hgv":"150","motorroad":"yes","oneway":"no","placement:backward":"left_of:1","ref":"A13","shoulder":"none","source:maxspeed":"sign","surface":"asphalt","toll":"yes","tunnel":"avalanche_protector","turn:lanes:forward":"|merge_to_left"},"geometry":{"type":"LineString","coordinates":[[9.44851106341,46.66590629554],[9.44858346341,46.66597899561]]}},{"type":"Feature","properties":{"carriage_ref":"A","highway":"motorway","int_ref":"E 43","lanes":"2","maxspeed":"120","oneway":"yes","ref":"A13","shoulder:right":"yes","source:maxspeed":"CH:motorway","surface":"asphalt","toll":"yes"},"geometry":{"type":"LineString","coordinates":[[9.4524805,46.837933],[9.4517764,46.8379941],[9.4511032,46.8380137],[9.4504092,46.8379973],[9.4497769,46.8379307],[9.4486893,46.8377296],[9.4479117,46.837485],[9.446855,46.8371768],[9.4459757,46.8369358],[9.4449972,46.8367298],[9.4410077,46.8360025],[9.4388942,46.8353933],[9.4372419,46.834729],[9.4364855,46.8343731],[9.4347475,46.8335345],[9.4340979,46.8332351],[9.4334477,46.8329818],[9.4328404,46.8327796],[9.432148,46.8325902],[9.4310375,46.8323462],[9.4305387,46.8322426]]}},{"type":"Feature","properties":{"bridge":"yes","carriage_ref":"B","highway":"motorway","int_ref":"E 43","lanes":"2","layer":"1","maxspeed":"120","oneway":"yes","ref":"A13","shoulder":"none","source:maxspeed":"CH:motorway","surface":"asphalt","toll":"yes"},"geometry":{"type":"LineString","coordinates":[[9.2151261,46.3375018],[9.2156952,46.3379497]]}},{"type":"Feature","properties":{"carriage_ref":"A","change:lanes:backward":"no","change:lanes:forward":"no","highway":"trunk","int_ref":"E 43","lanes":"2","layer":"-1","lit":"24/7","maxspeed":"80","mindistance:hgv":"150","motorroad":"yes","oneway":"no","ref":"A13","shoulder":"none","source:maxspeed":"sign","surface":"asphalt","toll":"yes","tunnel":"yes","tunnel:length":"250","tunnel:name":"Plazzas"},"geometry":{"type":"LineString","coordinates":[[9.4095489,46.8117093],[9.4104183,46.8106639],[9.4112547,46.8096634]]}},{"type":"Feature","properties":{"carriage_ref":"B","destination":"St. Margrethen","hazmat:water":"permissive","highway":"motorway","int_ref":"E 43","lanes":"3","maxspeed":"120","oneway":"yes","placement":"right_of:1","ref":"A13","shoulder:right":"yes","source:maxspeed":"CH:motorway","surface":"asphalt","toll":"yes","turn:lanes":"||merge_to_left"},"geometry":{"type":"LineString","coordinates":[[9.6423227,47.4345665],[9.6423237,47.4349683],[9.642348,47.4353273]]}},{"type":"Feature","properties":{"carriage_ref":"B","highway":"trunk","int_ref":"E 43","lanes":"2","maxspeed":"100","mindistance:hgv":"150","motorroad":"yes","oneway":"no","ref":"A13","shoulder:left":"yes","shoulder:right":"yes","source:maxspeed":"sign","surface":"asphalt","toll":"yes"},"geometry":{"type":"LineString","coordinates":[[9.43559086341,46.6255640551],[9.43607096341,46.62617005571],[9.43645456341,46.62664625618],[9.43692656341,46.62723385677],[9.43749286341,46.62794515749],[9.43772856341,46.6282616578],[9.43792386341,46.6285593581],[9.43807726341,46.62881795836],[9.43821146341,46.62908585863]]}},{"type":"Feature","properties":{"carriage_ref":"B","hazard":"curve","highway":"trunk","incline":"8%","int_ref":"E 43","lanes":"2","maxspeed:backward":"80","maxspeed:forward":"100","mindistance:hgv":"150","motorroad":"yes","oneway":"no","ref":"A13","shoulder":"none","source:incline":"signpost","source:maxspeed":"sign","surface":"asphalt","toll":"yes"},"geometry":{"type":"LineString","coordinates":[[9.23087756341,46.42087025033],[9.23102546341,46.42072595019],[9.23120656341,46.42053455],[9.23134006341,46.42038404985]]}},{"type":"Feature","properties":{"carriage_ref":"B","highway":"trunk","incline":"8%","int_ref":"E 43","lanes":"2","maxspeed":"100","mindistance:hgv":"150","motorroad":"yes","oneway":"no","ref":"A13","shoulder":"none","source:incline":"signpost","source:maxspeed":"sign","surface":"asphalt","toll":"yes"},"geometry":{"type":"LineString","coordinates":[[9.23350246341,46.40994573942],[9.23376156341,46.40987903936],[9.23399196341,46.40978983927],[9.23422926341,46.40967383915],[9.23442516341,46.40954263902]]}},{"type":"Feature","properties":{"carriage_ref":"B","change:lanes:backward":"not_left|not_right","change:lanes:forward":"no","highway":"trunk","int_ref":"E 43","lanes":"3","lanes:backward":"2","layer":"-1","lit":"24/7","maxspeed":"80","mindistance:hgv":"150","motorroad":"yes","oneway":"no","overtaking:hgv:backward":"no","placement:backward":"middle_of:1","ref":"A13","shoulder":"none","source:maxspeed":"sign","surface":"asphalt","toll":"yes","tunnel":"yes","tunnel:name":"Crapteig","turn:lanes:backward":"merge_to_right|"},"geometry":{"type":"LineString","coordinates":[[9.44850496341,46.67608880575],[9.44862236341,46.67672100638],[9.44861436341,46.67714980681]]}},{"type":"Feature","properties":{"carriage_ref":"B","highway":"trunk","int_ref":"E 43","lanes":"1","maxspeed":"100","mindistance:hgv":"150","motorroad":"yes","oneway":"yes","ref":"A13","shoulder":"none","source:maxspeed":"sign","surface":"asphalt","toll":"yes"},"geometry":{"type":"LineString","coordinates":[[9.2270416,46.3637225],[9.2271745,46.3642753],[9.2272228,46.3645659],[9.2272612,46.3648486]]}},{"type":"Feature","properties":{"carriage_ref":"A","change:lanes:backward":"no","change:lanes:forward":"no","highway":"trunk","incline":"8%","int_ref":"E 43","lanes":"2","maxspeed":"100","mindistance:hgv":"150","motorroad":"yes","oneway":"no","ref":"A13","shoulder":"none","source:incline":"signpost","source:maxspeed":"sign","surface":"asphalt","toll":"yes"},"geometry":{"type":"LineString","coordinates":[[9.427148,46.5944844],[9.4270845,46.5943768],[9.4270125,46.5942392],[9.4269675,46.5941131]]}},{"type":"Feature","properties":{"bridge":"yes","carriage_ref":"A","highway":"trunk","int_ref":"E 43","lanes":"1","layer":"1","maxspeed":"80","mindistance:hgv":"150","motorroad":"yes","oneway":"yes","ref":"A13","shoulder:right":"yes","source:maxspeed":"sign","surface":"asphalt","toll":"yes"},"geometry":{"type":"LineString","coordinates":[[9.2269093,46.3637347],[9.2268191,46.3635022]]}},{"type":"Feature","properties":{"carriage_ref":"B","change:lanes:backward":"no","highway":"trunk","incline":"8%","int_ref":"E 43","lanes":"2","maxspeed":"100","mindistance:hgv":"150","motorroad":"yes","oneway":"no","overtaking:backward":"no","ref":"A13","shoulder":"none","source:incline":"signpost","source:maxspeed":"sign","surface":"asphalt","toll":"yes"},"geometry":{"type":"LineString","coordinates":[[9.23107506341,46.40705143653],[9.23093156341,46.40728753677],[9.23078276341,46.40756933705],[9.23067886341,46.40777433725]]}},{"type":"Feature","properties":{"bridge":"yes","carriage_ref":"A","highway":"trunk","incline":"-8%","int_ref":"E 43","lanes":"1","layer":"1","maxspeed":"80","mindistance:hgv":"150","motorroad":"yes","oneway":"yes","ref":"A13","shoulder:right":"yes","source:incline":"signpost","source:maxspeed":"sign","surface":"asphalt","toll":"yes"},"geometry":{"type":"LineString","coordinates":[[9.231395,46.3802585],[9.230943,46.3795043],[9.2304634,46.3786772],[9.2301713,46.3781905],[9.2299846,46.377915],[9.2298111,46.3776844],[9.2296295,46.3774833],[9.2293755,46.377235],[9.2290601,46.3769745],[9.2283317,46.3764052],[9.2279933,46.3761089],[9.2277204,46.3758228],[9.2275021,46.3755315]]}},{"type":"Feature","properties":{"carriage_ref":"B","change:lanes:backward":"no","change:lanes:forward":"not_left|not_right","highway":"trunk","int_ref":"E 43","lanes":"3","lanes:forward":"2","maxspeed":"80","mindistance:hgv":"150","motorroad":"yes","oneway":"no","overtaking":"no","placement:forward":"left_of:1","ref":"A13","shoulder":"none","source:maxspeed":"sign","surface":"asphalt","toll":"yes","turn:lanes:forward":"|slight_right"},"geometry":{"type":"LineString","coordinates":[[9.29477146341,46.54431717374],[9.29521876341,46.54431107373]]}},{"type":"Feature","properties":{"carriage_ref":"B","highway":"motorway","int_ref":"E 43","lanes":"2","maxspeed":"120","oneway":"yes","ref":"A13","shoulder:right":"yes","source:maxspeed":"CH:motorway","surface":"asphalt","toll":"yes"},"geometry":{"type":"LineString","coordinates":[[9.4779591,47.0690566],[9.4795265,47.0696102],[9.4808153,47.0701097],[9.4823674,47.0708238],[9.4830872,47.0711969],[9.4836972,47.0715211]]}},{"type":"Feature","properties":{"carriage_ref":"B","change:lanes:backward":"not_left|not_right","change:lanes:forward":"no|no","destination:lanes:backward":"San Bernardino;Nufenen|Medels","highway":"trunk","int_ref":"E 43","lanes":"4","lanes:forward":"2","maxspeed":"80","mindistance:hgv":"150","motorroad":"yes","oneway":"no","overtaking":"no","placement:forward":"left_of:1","ref":"A13","shoulder":"none","source:maxspeed":"sign","surface":"asphalt","toll":"yes","turn:lanes:backward":"|slight_right"},"geometry":{"type":"LineString","coordinates":[[9.29832346341,46.5450731745],[9.29855006341,46.54516837459]]}},{"type":"Feature","properties":{"carriage_ref":"B","highway":"motorway","int_ref":"E 43","lanes":"3","maxspeed":"80","oneway":"yes","placement":"right_of:1","ref":"A13","shoulder:right":"yes","source:maxspeed":"sign","surface":"asphalt","toll":"yes","turn:lanes":"||merge_to_left"},"geometry":{"type":"LineString","coordinates":[[9.1041926,46.2319286],[9.1046378,46.231923],[9.1053513,46.2318952],[9.1059816,46.231847],[9.1065582,46.2317875]]}},{"type":"Feature","properties":{"avz":"307","carriage_ref":"B","cs_dir:forward":"2","hazmat:water":"permissive","highway":"motorway","int_ref":"E 43","lanes":"2","maxspeed":"120","oneway":"yes","ref":"A13","shoulder:right":"yes","source:maxspeed":"CH:motorway","surface":"asphalt","toll":"yes"},"geometry":{"type":"LineString","coordinates":[[9.647506,47.4150415],[9.6474199,47.4156483],[9.6470118,47.4192016],[9.6465227,47.423375]]}},{"type":"Feature","properties":{"carriage_ref":"A","highway":"motorway","lanes":"2","maxspeed":"120","oneway":"yes","ref":"A13","surface":"asphalt","toll":"yes"},"geometry":{"type":"LineString","coordinates":[[9.6537586,47.4500906],[9.6538456,47.4497802],[9.6539123,47.449422],[9.6539488,47.4490915],[9.6539536,47.4487788],[9.6539271,47.4484162]]}},{"type":"Feature","properties":{"carriage_ref":"B","highway":"motorway","int_ref":"E 43","lanes":"2","maxspeed":"120","oneway":"yes","ref":"A13","shoulder:right":"yes","source:maxspeed":"CH:motorway","surface":"asphalt","toll":"yes"},"geometry":{"type":"LineString","coordinates":[[9.5158734,47.0087791],[9.5151129,47.0097793],[9.5148062,47.010142],[9.5143609,47.0106104],[9.5140234,47.0109438],[9.513652,47.0112781],[9.5133104,47.0115516],[9.5129867,47.0117646]]}},{"type":"Feature","properties":{"carriage_ref":"A","highway":"trunk","incline":"-8%","int_ref":"E 43","lanes":"2","maxspeed":"100","mindistance:hgv":"150","motorroad":"yes","oneway":"no","ref":"A13","shoulder":"none","source:incline":"signpost","source:maxspeed":"sign","surface":"asphalt","toll":"yes"},"geometry":{"type":"LineString","coordinates":[[9.23111601534,46.41277792338],[9.2315572,46.4129696],[9.2320481,46.413112],[9.2323793,46.4131941],[9.2327079,46.4132544],[9.2330608,46.4133],[9.2333717,46.4133142],[9.2337231,46.4132957],[9.2340825,46.4132402]]}},{"type":"Feature","properties":{"carriage_ref":"B","destination":"Maienfeld","highway":"motorway","int_ref":"E 43","lanes":"2","maxspeed":"120","oneway":"yes","ref":"A13","shoulder:right":"yes","source:maxspeed":"CH:motorway","surface":"asphalt","toll":"yes"},"geometry":{"type":"LineString","coordinates":[[9.5510122,46.9638704],[9.551421,46.9648424],[9.5518022,46.9658238],[9.5520459,46.9665428],[9.5522428,46.9672734],[9.5523777,46.9680033],[9.5524237,46.9683574]]}},{"type":"Feature","properties":{"bridge":"yes","carriage_ref":"B","highway":"trunk","int_ref":"E 43","lanes":"1","layer":"1","maxspeed":"100","mindistance:hgv":"150","motorroad":"yes","oneway":"yes","ref":"A13","shoulder":"none","source:maxspeed":"sign","surface":"asphalt","toll":"yes"},"geometry":{"type":"LineString","coordinates":[[9.2269559,46.36348],[9.2270416,46.3637225]]}},{"type":"Feature","properties":{"carriage_ref":"A","highway":"trunk","incline":"8%","int_ref":"E 43","lanes":"3","lanes:forward":"2","maxspeed":"100","mindistance:hgv":"150","motorroad":"yes","oneway":"no","placement:forward":"left_of:1","ref":"A13","shoulder":"none","source:incline":"signpost","source:maxspeed":"sign","surface":"asphalt","toll":"yes","turn:lanes:forward":"|merge_to_left"},"geometry":{"type":"LineString","coordinates":[[9.4303197,46.598035],[9.4300863,46.5977254],[9.4298252,46.5973394]]}},{"type":"Feature","properties":{"carriage_ref":"B","destination:colour:lanes":"green|green|blue;blue;blue;blue;blue","destination:country:lanes":"||A;FL","destination:lanes":"Sennwald|Sennwald|Haag;Gams;Feldkirch;Wildhaus;Bendern","highway":"motorway","int_ref":"E 43","lanes":"3","maxspeed":"120","oneway":"yes","placement":"right_of:1","ref":"A13","shoulder:right":"yes","source:maxspeed":"CH:motorway","surface":"asphalt","toll":"yes","turn:lanes":"none|none|slight_right"},"geometry":{"type":"LineString","coordinates":[[9.4946425,47.2065203],[9.4949636,47.2070933]]}},{"type":"Feature","properties":{"carriage_ref":"B","highway":"motorway","int_ref":"E 43","lanes":"2","lit":"yes","maxspeed":"100","oneway":"yes","ref":"A13","shoulder:right":"yes","source:maxspeed":"sign","surface":"asphalt","toll":"yes"},"geometry":{"type":"LineString","coordinates":[[9.0477641,46.2216459],[9.0483946,46.2217323],[9.0487432,46.2217842],[9.0490195,46.2218288]]}},{"type":"Feature","properties":{"carriage_ref":"A","change:lanes:backward":"no|not_right","change:lanes:forward":"not_left|no","destination:lanes:forward":"San Bernardino;Hinterrhein|Nufenen","highway":"trunk","int_ref":"E 43","lanes":"4","lanes:backward":"2","maxspeed":"80","mindistance:hgv":"150","motorroad":"yes","oneway":"no","overtaking":"no","placement:backward":"left_of:1","ref":"A13","source:maxspeed":"sign","surface":"asphalt","toll":"yes","turn:lanes:backward":"|merge_to_left","turn:lanes:forward":"|slight_right"},"geometry":{"type":"LineString","coordinates":[[9.2463322,46.5385848],[9.2460868,46.5385469]]}},{"type":"Feature","properties":{"carriage_ref":"A","highway":"motorway","int_ref":"E 43","lanes":"2","maxspeed":"120","oneway":"yes","ref":"A13","shoulder":"none","source:maxspeed":"CH:motorway","surface":"asphalt","toll":"yes"},"geometry":{"type":"LineString","coordinates":[[9.1843794,46.2957336],[9.1834563,46.294882],[9.1831109,46.2945477],[9.1827033,46.2940814],[9.1823226,46.2935625],[9.1820303,46.2930668],[9.1817872,46.2925819],[9.1816169,46.2921442],[9.181464,46.2917085],[9.1811264,46.2902756],[9.1808488,46.2888254],[9.1805524,46.2873768],[9.1802611,46.2858799],[9.1801267,46.285205],[9.1799355,46.2841905],[9.1797356,46.2832062],[9.1796132,46.2826053],[9.1794848,46.2821311],[9.1793522,46.2817552],[9.179138,46.2812666],[9.1788641,46.2807638],[9.178547,46.2802693],[9.1782407,46.2799072]]}},{"type":"Feature","properties":{"carriage_ref":"B","change:lanes:backward":"no","change:lanes:forward":"not_left|not_right","highway":"trunk","int_ref":"E 43","lanes":"3","lanes:forward":"2","maxspeed":"80","mindistance:hgv":"150","motorroad":"yes","oneway":"no","overtaking":"no","placement:forward":"left_of:1","ref":"A13","source:maxspeed":"sign","surface":"asphalt","toll":"yes","turn:lanes:forward":"|merge_to_left"},"geometry":{"type":"LineString","coordinates":[[9.24715226341,46.53865866808],[9.24749956341,46.53869276811]]}},{"type":"Feature","properties":{"carriage_ref":"B","highway":"motorway","int_ref":"E 43","lanes":"2","maxspeed":"120","oneway":"yes","ref":"A13","source:maxspeed":"sign","start_date":"2017","surface":"asphalt","toll":"yes"},"geometry":{"type":"LineString","coordinates":[[9.5406121,46.892136],[9.5409051,46.8928023],[9.5419773,46.8947972],[9.5431869,46.8966979],[9.5449315,46.8993387],[9.5471923,46.902733],[9.5482954,46.9043537],[9.548997,46.9051693],[9.5494285,46.9056191],[9.5500371,46.9062061],[9.5512679,46.9071618],[9.5522124,46.9078498],[9.5536398,46.9087806],[9.5563037,46.9104754]]}},{"type":"Feature","properties":{"avz":"539","carriage_ref":"A","change:lanes:backward":"not_left|not_right","change:lanes:forward":"not_left|not_right","cs_dir:forward":"1","highway":"trunk","int_ref":"E 43","lanes":"4","lanes:backward":"2","maxspeed":"80","mindistance:hgv":"150","motorroad":"yes","oneway":"no","overtaking":"no","placement:backward":"left_of:1","ref":"A13","source:maxspeed":"sign","surface":"asphalt","toll":"yes","turn:lanes:backward":"|slight_right","turn:lanes:forward":"|merge_to_left"},"geometry":{"type":"LineString","coordinates":[[9.2401028,46.5381909],[9.2398974,46.5381557]]}},{"type":"Feature","properties":{"carriage_ref":"A","highway":"trunk","int_ref":"E 43","lanes":"1","maxspeed":"80","motorroad":"yes","oneway":"yes","ref":"A13","shoulder:right":"yes","source:maxspeed":"sign","surface":"asphalt","toll":"yes"},"geometry":{"type":"LineString","coordinates":[[9.1411695,46.2400064],[9.1408516,46.2395164]]}},{"type":"Feature","properties":{"carriage_ref":"A","change:lanes:backward":"no","change:lanes:forward":"no","highway":"trunk","incline":"-8%","int_ref":"E 43","lanes":"2","layer":"-1","lit":"24/7","maxspeed":"60","mindistance:hgv":"150","motorroad":"yes","oneway":"no","overtaking":"no","ref":"A13","shoulder":"none","source:incline":"signpost","source:maxspeed":"sign","surface":"asphalt","toll":"yes","tunnel":"yes","tunnel:name":"Benabbia"},"geometry":{"type":"LineString","coordinates":[[9.2324026,46.3874294],[9.2329194,46.3881903],[9.2330234,46.3883102],[9.2331617,46.3884366],[9.2334229,46.3885672],[9.2336624,46.3886331]]}},{"type":"Feature","properties":{"carriage_ref":"B","change:lanes:backward":"no","change:lanes:forward":"no","highway":"trunk","incline":"8%","int_ref":"E 43","lanes":"2","layer":"-1","maxspeed":"80","mindistance:hgv":"150","motorroad":"yes","oneway":"no","overtaking":"no","ref":"A13","shoulder":"none","source:incline":"signpost","source:maxspeed":"sign","surface":"asphalt","toll":"yes","tunnel":"yes","tunnel:name":"Brusei"},"geometry":{"type":"LineString","coordinates":[[9.22947176341,46.42610555556],[9.22936016341,46.42770665716],[9.22923726341,46.42836805782],[9.22887836341,46.42898965844],[9.22839686341,46.42963775909],[9.22796776341,46.42998675944],[9.22726446341,46.43043605989],[9.22683896341,46.43066766012]]}},{"type":"Feature","properties":{"carriage_ref":"B","highway":"motorway","int_ref":"E 43","lanes":"2","maxspeed":"120","oneway":"yes","ref":"A13","shoulder":"none","source:maxspeed":"CH:motorway","surface":"asphalt","toll":"yes"},"geometry":{"type":"LineString","coordinates":[[9.2156952,46.3379497],[9.2161319,46.3382656],[9.2165007,46.3385517],[9.2167525,46.3387863],[9.2169392,46.3389906],[9.2171457,46.3392299],[9.2173067,46.3394433],[9.2174595,46.3396741],[9.21761,46.3399739],[9.2177299,46.340243],[9.2178324,46.3405359],[9.2179118,46.3408463],[9.2179544,46.3411293],[9.2179699,46.3414779],[9.2179421,46.3418373],[9.2179008,46.3421209],[9.217823,46.3424188],[9.2177087,46.3427575],[9.2175293,46.3431819],[9.2173107,46.3436613],[9.2171243,46.3440512],[9.216944,46.3444625],[9.2168145,46.3448104],[9.2166846,46.3451844],[9.2165664,46.345599],[9.2164913,46.3459732],[9.2164469,46.346254],[9.2164081,46.3465832],[9.2163965,46.3468996],[9.2164022,46.3473546]]}},{"type":"Feature","properties":{"carriage_ref":"A","change:lanes:backward":"no","change:lanes:forward":"no","highway":"trunk","int_ref":"E 43","lanes":"2","maxspeed":"80","mindistance:hgv":"150","motorroad":"yes","oneway":"no","overtaking":"no","ref":"A13","shoulder:left":"yes","shoulder:right":"yes","source:maxspeed":"sign","surface":"asphalt","toll":"yes"},"geometry":{"type":"LineString","coordinates":[[9.3299369,46.5546376],[9.3296657,46.5544845],[9.329391,46.5543],[9.3291189,46.5540861],[9.3288457,46.5538414],[9.3285332,46.553544],[9.3282978,46.5533225],[9.3280595,46.5531161]]}},{"type":"Feature","properties":{"carriage_ref":"B","destination":"Zizers","highway":"motorway","int_ref":"E 43","lanes":"3","maxspeed":"120","oneway":"yes","placement":"right_of:1","ref":"A13","shoulder:right":"yes","source:maxspeed":"sign","surface":"asphalt","toll":"yes","turn:lanes":"||merge_to_left"},"geometry":{"type":"LineString","coordinates":[[9.534428,46.8791691],[9.5345501,46.8798528],[9.5346595,46.8804113],[9.5347566,46.8808409],[9.534887,46.8813241]]}},{"type":"Feature","properties":{"bridge":"yes","carriage_ref":"B","change:lanes:backward":"no","change:lanes:forward":"no","highway":"trunk","incline":"-8%","int_ref":"E 43","lanes":"2","layer":"1","maxspeed":"100","mindistance:hgv":"150","motorroad":"yes","oneway":"no","ref":"A13","shoulder:left":"yes","shoulder:right":"yes","source:incline":"signpost","source:maxspeed":"sign","surface":"asphalt","toll":"yes"},"geometry":{"type":"LineString","coordinates":[[9.43117296341,46.60018532967],[9.43113036341,46.60042442991],[9.43108336341,46.60063083012],[9.43099756341,46.60084743034],[9.43088246341,46.60109473059]]}},{"type":"Feature","properties":{"carriage_ref":"B","highway":"motorway","int_ref":"E 43","lanes":"3","maxspeed":"120","oneway":"yes","placement":"right_of:1","ref":"A13","shoulder:right":"yes","source:maxspeed":"CH:motorway","surface":"asphalt","toll":"yes","turn:lanes":"none|none|merge_to_left"},"geometry":{"type":"LineString","coordinates":[[9.5064722,46.8514888],[9.5065412,46.8519868]]}},{"type":"Feature","properties":{"carriage_ref":"B","change:lanes:backward":"not_left|not_right","change:lanes:forward":"no|not_right","destination:lanes:backward":"San Bernardino;Hinterrhein|Nufenen","highway":"trunk","int_ref":"E 43","lanes":"4","lanes:forward":"2","maxspeed":"80","mindistance:hgv":"150","motorroad":"yes","oneway":"no","overtaking":"no","placement:forward":"left_of:1","ref":"A13","source:maxspeed":"sign","surface":"asphalt","toll":"yes","turn:lanes:backward":"|slight_right","turn:lanes:forward":"|merge_to_left"},"geometry":{"type":"LineString","coordinates":[[9.24636906341,46.53853046795],[9.24687336341,46.53862176804],[9.24715226341,46.53865866808]]}},{"type":"Feature","properties":{"carriage_ref":"B","highway":"motorway","int_ref":"E 43","lanes":"2","maxspeed":"120","oneway":"yes","ref":"A13","shoulder:right":"yes","source:maxspeed":"CH:motorway","surface":"asphalt","toll":"yes"},"geometry":{"type":"LineString","coordinates":[[9.562201,46.9206243],[9.5622608,46.9208953],[9.5623371,46.9213904],[9.5623655,46.9216447]]}},{"type":"Feature","properties":{"bridge":"yes","carriage_ref":"A","highway":"trunk","incline":"-8%","int_ref":"E 43","lanes":"1","layer":"1","maxspeed":"80","mindistance:hgv":"150","motorroad":"yes","oneway":"yes","ref":"A13","shoulder:right":"yes","source:incline":"signpost","source:maxspeed":"sign","surface":"asphalt","toll":"yes"},"geometry":{"type":"LineString","coordinates":[[9.2257214,46.3696881],[9.2260493,46.3691934],[9.2264057,46.3686094],[9.2267322,46.3679232],[9.2269114,46.3674637],[9.2270272,46.367001],[9.2271198,46.3665747]]}},{"type":"Feature","properties":{"carriage_ref":"A","highway":"trunk","incline":"-8%","int_ref":"E 43","lanes":"2","maxspeed":"100","mindistance:hgv":"150","motorroad":"yes","oneway":"no","ref":"A13","shoulder":"none","source:incline":"signpost","source:maxspeed":"sign","surface":"asphalt","toll":"yes"},"geometry":{"type":"LineString","coordinates":[[9.2332739,46.4151813],[9.2330979,46.4152051],[9.2328849,46.4152201],[9.2326757,46.4152201],[9.2324875,46.4151944],[9.2322761,46.4151536],[9.232046,46.4150985],[9.2317772,46.4150186],[9.2315116,46.4149206],[9.2311093,46.4147652],[9.23030590556,46.41436270313]]}},{"type":"Feature","properties":{"bridge":"yes","carriage_ref":"B","highway":"motorway","int_ref":"E 43","lanes":"2","layer":"1","maxspeed":"120","oneway":"yes","ref":"A13","shoulder:right":"yes","source:maxspeed":"CH:motorway","surface":"asphalt","toll":"yes"},"geometry":{"type":"LineString","coordinates":[[9.5085012,46.8609429],[9.5086734,46.8611866],[9.5089498,46.8615296]]}},{"type":"Feature","properties":{"carriage_ref":"B","destination":"Bad Ragaz-Nord","highway":"motorway","int_ref":"E 43","lanes":"2","maxspeed":"120","oneway":"yes","ref":"A13","shoulder:right":"yes","source:maxspeed":"CH:motorway","surface":"asphalt","toll":"yes"},"geometry":{"type":"LineString","coordinates":[[9.523367,46.9990994],[9.5224727,47.0000159],[9.5219633,47.0005799],[9.5216413,47.0009451]]}},{"type":"Feature","properties":{"bridge":"yes","carriage_ref":"B","highway":"trunk","int_ref":"E 43","lanes":"2","layer":"1","maxspeed":"80","motorroad":"yes","oneway":"yes","ref":"A13","shoulder:right":"yes","source:maxspeed":"sign","surface":"asphalt","toll":"yes"},"geometry":{"type":"LineString","coordinates":[[9.1408422,46.2392989],[9.1409611,46.2394876]]}},{"type":"Feature","properties":{"carriage_ref":"A","change:lanes:backward":"no","change:lanes:forward":"no","highway":"trunk","incline":"-8%","int_ref":"E 43","lanes":"2","maxspeed":"80","mindistance:hgv":"150","motorroad":"yes","oneway":"no","overtaking":"no","ref":"A13","shoulder":"none","source:incline":"signpost","source:maxspeed":"sign","surface":"asphalt","toll":"yes"},"geometry":{"type":"LineString","coordinates":[[9.2310453,46.422606],[9.2311895,46.4223302],[9.2313229,46.4220147],[9.2313722,46.4218657]]}},{"type":"Feature","properties":{"carriage_ref":"B","change:lanes":"not_left|not_right|no","destination:lanes":"||Rothenbrunnen;Bonaduz;Rhäzüns","highway":"trunk","int_ref":"E 43","lanes":"3","maxspeed":"100","maxwidth:lanes":"2||","mindistance:hgv":"150","motorroad":"yes","oneway":"yes","placement":"right_of:1","ref":"A13","shoulder":"none","source:maxspeed":"sign","surface":"asphalt","toll":"yes","turn:lanes":"||slight_right"},"geometry":{"type":"LineString","coordinates":[[9.4230013,46.7626718],[9.4229269,46.7628733]]}},{"type":"Feature","properties":{"avz":"238","carriage_ref":"B","cs_dir:forward":"2","highway":"trunk","int_ref":"E 43","lanes":"2","maxspeed":"100","maxwidth:lanes":"2|","mindistance:hgv":"150","motorroad":"yes","oneway":"yes","ref":"A13","shoulder":"none","source:maxspeed":"sign","ssvz":"1106N","surface":"asphalt","toll":"yes"},"geometry":{"type":"LineString","coordinates":[[9.4305408,46.7477041],[9.4294167,46.7498747],[9.4280773,46.752421],[9.4268381,46.7547757],[9.4262956,46.7557854],[9.4256029,46.75713]]}},{"type":"Feature","properties":{"carriage_ref":"B","change:lanes:backward":"no","change:lanes:forward":"no|not_right","highway":"trunk","int_ref":"E 43","lanes":"3","lanes:forward":"2","maxspeed":"100","mindistance:hgv":"150","motorroad":"yes","oneway":"no","overtaking":"no","placement:backward":"left_of:1","ref":"A13","shoulder:left":"yes","shoulder:right":"yes","source:maxspeed":"sign","surface":"asphalt","toll":"yes","turn:lanes:forward":"|merge_to_left"},"geometry":{"type":"LineString","coordinates":[[9.44279326341,46.64213927171],[9.44308766341,46.64229087186],[9.44349606341,46.64247437205]]}},{"type":"Feature","properties":{"carriage_ref":"A","change:lanes:backward":"no","change:lanes:forward":"no","highway":"trunk","int_ref":"E 43","lanes":"2","maxspeed":"80","mindistance:hgv":"150","motorroad":"yes","oneway":"no","ref":"A13","shoulder":"none","source:maxspeed":"sign","surface":"asphalt","toll":"yes"},"geometry":{"type":"LineString","coordinates":[[9.4485759,46.6729341],[9.4486814,46.672769],[9.4488233,46.6725425],[9.4489943,46.6722134],[9.4496535,46.6709563],[9.4498485,46.670542],[9.4499154,46.6703718],[9.4499701,46.6701927],[9.4500259,46.6699749]]}},{"type":"Feature","properties":{"carriage_ref":"B","change:lanes":"not_left|not_right|yes","destination":"Bad Ragaz-Nord","highway":"motorway","int_ref":"E 43","lanes":"3","maxspeed":"120","oneway":"yes","placement":"right_of:1","ref":"A13","shoulder:right":"yes","source:maxspeed":"CH:motorway","surface":"asphalt","toll":"yes","turn:lanes":"none|none|merge_to_left"},"geometry":{"type":"LineString","coordinates":[[9.5216413,47.0009451],[9.5212948,47.0013748]]}},{"type":"Feature","properties":{"carriage_ref":"B","highway":"motorway","int_ref":"E 43","lanes":"2","maxspeed":"120","oneway":"yes","ref":"A13","shoulder:right":"yes","source:maxspeed":"CH:motorway","surface":"asphalt","toll":"yes"},"geometry":{"type":"LineString","coordinates":[[9.5308743,47.2735418],[9.5312498,47.273899],[9.5315816,47.2741764],[9.532092,47.2745834],[9.5325722,47.2749163],[9.5331488,47.2752858],[9.5339288,47.2757316],[9.5348887,47.2762048],[9.5353674,47.2764289],[9.5358327,47.2766402],[9.5365433,47.27695],[9.5376823,47.277415],[9.539237,47.2780548],[9.5405075,47.2786047],[9.541757,47.279197],[9.5425704,47.2796311],[9.5433757,47.2801125],[9.5442192,47.2806632],[9.5447294,47.2810351],[9.5452557,47.2814397],[9.5458983,47.2819887],[9.5464504,47.2825185],[9.5471038,47.2832356],[9.5477464,47.2839865],[9.5482639,47.2846768],[9.5487421,47.2853783],[9.5491864,47.2860824],[9.5495988,47.2867864],[9.5499971,47.2875117],[9.5503572,47.2882412],[9.5506918,47.2889847],[9.55099,47.2897284],[9.5514152,47.2909499],[9.5517719,47.2922191],[9.5522322,47.2939792],[9.5524849,47.2948162],[9.5527977,47.2956333],[9.5531595,47.2963804],[9.5533934,47.2967921],[9.5536273,47.2971605],[9.5539906,47.2976519],[9.5542092,47.2979094],[9.5544974,47.2982219],[9.5547432,47.2984589],[9.5550519,47.2987255],[9.5552399,47.298878],[9.5555886,47.2991455],[9.5559543,47.2994009],[9.5562861,47.2996214],[9.5566956,47.2998783],[9.5587502,47.301099],[9.560779,47.3023474]]}},{"type":"Feature","properties":{"carriage_ref":"A","change:lanes:backward":"no","change:lanes:forward":"no","highway":"trunk","incline":"-8%","int_ref":"E 43","lanes":"2","maxspeed":"80","mindistance:hgv":"150","motorroad":"yes","overtaking":"no","ref":"A13","shoulder":"none","source:incline":"signpost","source:maxspeed":"sign","surface":"asphalt","toll":"yes"},"geometry":{"type":"LineString","coordinates":[[9.2331404,46.3831739],[9.23272126686,46.38254720236]]}},{"type":"Feature","properties":{"avz":"539","carriage_ref":"B","change:lanes:backward":"no|not_right","change:lanes:forward":"not_left|not_right","cs_dir:backward":"1","highway":"trunk","int_ref":"E 43","lanes":"4","lanes:forward":"2","maxspeed":"80","mindistance:hgv":"150","motorroad":"yes","oneway":"no","overtaking":"no","placement:forward":"left_of:1","ref":"A13","source:maxspeed":"sign","surface":"asphalt","toll":"yes","turn:lanes:backward":"|merge_to_left","turn:lanes:forward":"|slight_right"},"geometry":{"type":"LineString","coordinates":[[9.24013966341,46.53813656756],[9.24073906341,46.53824076766]]}},{"type":"Feature","properties":{"carriage_ref":"A","change:lanes:backward":"not_left|no","change:lanes:forward":"not_left|not_right|not_right","highway":"trunk","int_ref":"E 43","lanes":"5","lanes:forward":"3","layer":"-1","maxspeed":"80","mindistance:hgv":"150","motorroad":"yes","oneway":"no","overtaking:hgv:forward":"no","placement:forward":"middle_of:1","ref":"A13","shoulder":"none","source:maxspeed":"sign","surface":"asphalt","toll":"yes","turn:lanes:backward":"|slight_right","turn:lanes:forward":"||merge_to_left"},"geometry":{"type":"LineString","coordinates":[[9.4448666,46.6951668],[9.4447825,46.695071],[9.4445837,46.6948678],[9.4443494,46.6946514],[9.4441666,46.6944953]]}},{"type":"Feature","properties":{"bridge":"yes","carriage_ref":"A","highway":"motorway","int_ref":"E 43","lanes":"2","layer":"1","maxspeed":"80","oneway":"yes","ref":"A13","shoulder:right":"yes","source:maxspeed":"sign","surface":"asphalt","toll":"yes"},"geometry":{"type":"LineString","coordinates":[[9.1090301,46.231484],[9.1077744,46.2317103]]}},{"type":"Feature","properties":{"carriage_ref":"A","change:lanes":"not_left|not_right|yes","hazmat:water":"permissive","highway":"motorway","int_ref":"E 43","lanes":"3","maxspeed":"120","oneway":"yes","placement":"right_of:1","ref":"A13","surface":"asphalt","toll":"yes","turn:lanes":"||merge_to_left"},"geometry":{"type":"LineString","coordinates":[[9.6445718,47.4285282],[9.6449688,47.4277806]]}},{"type":"Feature","properties":{"carriage_ref":"A","change:lanes:backward":"no","change:lanes:forward":"no","hazmat:E":"no","highway":"trunk","int_ref":"E 43","lanes":"2","maxspeed":"80","mindistance:hgv":"150","motorroad":"yes","oneway":"no","overtaking":"no","ref":"A13","shoulder":"none","source:maxspeed":"sign","surface":"asphalt","toll":"yes"},"geometry":{"type":"LineString","coordinates":[[9.1856276,46.4647656],[9.1857287,46.4646346],[9.186004,46.4642779]]}},{"type":"Feature","properties":{"carriage_ref":"A","highway":"trunk","incline":"-8%","int_ref":"E 43","lanes":"2","maxspeed":"100","mindistance:hgv":"150","motorroad":"yes","oneway":"no","ref":"A13","shoulder":"none","source:incline":"signpost","source:maxspeed":"sign","surface":"asphalt","toll":"yes"},"geometry":{"type":"LineString","coordinates":[[9.2311643,46.4095268],[9.2309833,46.4093598],[9.2308531,46.4092106],[9.2307794,46.4091138],[9.2307109,46.4089997],[9.2306127,46.408798],[9.2305514,46.4086107],[9.2305205,46.4084282],[9.2305339,46.4082156],[9.2305849,46.4080011],[9.230642,46.4078288]]}},{"type":"Feature","properties":{"carriage_ref":"A","highway":"motorway","int_ref":"E 43","lanes":"2","maxspeed":"120","note":"Überholverbot für LKW 800 m ab Schild","oneway":"yes","overtaking:hgv":"no","ref":"A13","surface":"asphalt","toll":"yes"},"geometry":{"type":"LineString","coordinates":[[9.5940191,47.3393955],[9.5928471,47.3364452]]}},{"type":"Feature","properties":{"carriage_ref":"B","change:lanes:backward":"not_left|not_right","change:lanes:forward":"not_left|not_right","highway":"trunk","int_ref":"E 43","lanes":"4","lanes:backward":"2","maxspeed":"100","mindistance:hgv":"150","motorroad":"yes","oneway":"no","ref":"A13","shoulder:left":"yes","shoulder:right":"yes","source:maxspeed":"sign","surface":"asphalt","toll":"yes"},"geometry":{"type":"LineString","coordinates":[[9.43344746341,46.61231974183],[9.43322116341,46.61287274238],[9.43305846341,46.61335744287],[9.43294576341,46.61389914341],[9.43291446341,46.61429714381],[9.43293506341,46.61465094417],[9.43300486341,46.61509484461],[9.43325156341,46.61599954552],[9.43331596341,46.61637534589],[9.43334286341,46.61664244616],[9.43334446341,46.61693334645],[9.43332066341,46.61720144672],[9.43325866341,46.61755054707],[9.43317286341,46.61791354743],[9.43305746341,46.61834464787],[9.43298506341,46.61871124823],[9.43296226341,46.61903944856],[9.43297576341,46.61939484892],[9.43301596341,46.61971734924]]}},{"type":"Feature","properties":{"bridge":"yes","carriage_ref":"A","change:lanes:backward":"no","change:lanes:forward":"no","highway":"trunk","int_ref":"E 43","lanes":"2","layer":"1","maxspeed":"80","mindistance:hgv":"150","motorroad":"yes","oneway":"no","overtaking":"no","ref":"A13","shoulder":"none","source:maxspeed":"sign","surface":"asphalt","toll":"yes"},"geometry":{"type":"LineString","coordinates":[[9.382523,46.5670713],[9.38249077302,46.5674333],[9.3824408172,46.5679202],[9.38233638836,46.56838017976]]}},{"type":"Feature","properties":{"carriage_ref":"B","highway":"trunk","int_ref":"E 43","lanes":"2","maxspeed":"100","maxwidth:lanes":"2|","mindistance:hgv":"150","motorroad":"yes","oneway":"yes","ref":"A13","shoulder":"none","source:maxspeed":"sign","surface":"asphalt","toll":"yes"},"geometry":{"type":"LineString","coordinates":[[9.4200045,46.7738697],[9.4198731,46.7741545],[9.4195265,46.7748463],[9.4191319,46.7755082],[9.4187575,46.7760871],[9.4180479,46.7771252]]}},{"type":"Feature","properties":{"carriage_ref":"B","change:lanes:backward":"no","change:lanes:forward":"no","highway":"trunk","int_ref":"E 43","lanes":"2","layer":"-1","lit":"24/7","maxspeed":"80","mindistance:hgv":"150","motorroad":"yes","oneway":"no","overtaking":"no","ref":"A13","shoulder":"none","source:maxspeed":"sign","surface":"asphalt","toll":"yes","tunnel":"yes","tunnel:name":"Traversa"},"geometry":{"type":"LineString","coordinates":[[9.39953616341,46.5658601953],[9.40082356341,46.5657569952],[9.40156386341,46.56574959519],[9.40232566341,46.56579749524],[9.40300696341,46.56596349541],[9.40342126341,46.56611489556]]}},{"type":"Feature","properties":{"carriage_ref":"A","destination":"Haag","highway":"motorway","int_ref":"E 43","lanes":"2","maxspeed":"120","oneway":"yes","ref":"A13","surface":"asphalt","toll":"yes"},"geometry":{"type":"LineString","coordinates":[[9.5165886,47.2424419],[9.5161288,47.2416795],[9.5154621,47.2406926]]}},{"type":"Feature","properties":{"carriage_ref":"A","highway":"motorway","int_ref":"E 43","lanes":"2","maxspeed":"120","oneway":"yes","ref":"A13","shoulder:right":"yes","source:maxspeed":"CH:motorway","surface":"asphalt","toll":"yes"},"geometry":{"type":"LineString","coordinates":[[9.5403626,46.8919977],[9.5398206,46.8907346],[9.5391232,46.8891142],[9.5385881,46.8878588],[9.5382059,46.8871418]]}},{"type":"Feature","properties":{"bridge":"yes","carriage_ref":"B","change:lanes:backward":"no","change:lanes:forward":"no","hazmat:E":"no","highway":"trunk","int_ref":"E 43","lanes":"2","layer":"1","lit":"yes","maxspeed":"80","mindistance:hgv":"150","motorroad":"yes","oneway":"no","overtaking":"no","ref":"A13","shoulder:left":"yes","shoulder:right":"yes","source:maxspeed":"sign","surface":"asphalt","toll":"yes"},"geometry":{"type":"LineString","coordinates":[[9.18695846341,46.52433055374],[9.18768326341,46.52522415464]]}},{"type":"Feature","properties":{"carriage_ref":"B","change:lanes:backward":"no","change:lanes:forward":"no","highway":"trunk","int_ref":"E 43","lanes":"2","maxspeed":"60","mindistance:hgv":"150","motorroad":"yes","oneway":"no","overtaking":"no","ref":"A13","shoulder":"none","source:maxspeed":"sign","surface":"asphalt","toll":"yes"},"geometry":{"type":"LineString","coordinates":[[9.34477403457,46.56010660929],[9.34519058365,46.56019880934],[9.34634436156,46.56049905204],[9.34692780388,46.56064475207],[9.3473380597,46.5607505751],[9.34756247319,46.56081239815],[9.34773035785,46.56085449029],[9.34794184436,46.56093509037],[9.34809345785,46.56104436742],[9.34826398669,46.56115151366],[9.34840411552,46.56128981382],[9.34850051552,46.56144299088],[9.34861233087,46.56160719105],[9.34868411738,46.56176144489]]}},{"type":"Feature","properties":{"bridge":"yes","carriage_ref":"B","highway":"trunk","incline":"8%","int_ref":"E 43","lanes":"2","layer":"1","maxspeed":"100","mindistance:hgv":"150","motorroad":"yes","oneway":"no","ref":"A13","shoulder":"none","source:incline":"signpost","source:maxspeed":"sign","surface":"asphalt","toll":"yes"},"geometry":{"type":"LineString","coordinates":[[9.23120116341,46.40947233895],[9.23142106341,46.40962773911],[9.23161956341,46.40972753921]]}},{"type":"Feature","properties":{"carriage_ref":"A","change:lanes:backward":"no","change:lanes:forward":"no","highway":"trunk","int_ref":"E 43","lanes":"2","layer":"-1","lit":"24/7","maxspeed":"80","mindistance:hgv":"150","motorroad":"yes","oneway":"no","overtaking":"no","ref":"A13","shoulder":"none","source:maxspeed":"sign","surface":"asphalt","toll":"yes","tunnel":"yes","tunnel:name":"Cassanawald"},"geometry":{"type":"LineString","coordinates":[[9.2273447,46.5376282],[9.2266288,46.5372698],[9.2262357,46.5371152],[9.225487,46.536782],[9.2240819,46.5359685],[9.2200401,46.534246],[9.218986,46.5337239],[9.2179692,46.533336]]}},{"type":"Feature","properties":{"bridge":"yes","carriage_ref":"A","highway":"motorway","int_ref":"E 43","lanes":"2","layer":"1","maxspeed":"120","oneway":"yes","ref":"A13","shoulder:right":"yes","source:maxspeed":"CH:motorway","surface":"asphalt","toll":"yes"},"geometry":{"type":"LineString","coordinates":[[9.5476504,46.9405784],[9.5478117,46.9403801]]}},{"type":"Feature","properties":{"carriage_ref":"B","change:forward":"no","change:lanes:backward":"no|yes","hazmat:E":"no","highway":"trunk","int_ref":"E 43","lanes":"3","lanes:backward":"2","lanes:forward":"1","maxspeed":"80","mindistance:hgv":"150","motorroad":"yes","oneway":"no","overtaking":"no","placement:backward":"left_of:1","ref":"A13","shoulder":"none","source:maxspeed":"sign","surface":"asphalt","toll":"yes","turn:lanes:backward":"none|merge_to_left"},"geometry":{"type":"LineString","coordinates":[[9.18804576341,46.52569235511],[9.18831406341,46.52604165545]]}},{"type":"Feature","properties":{"carriage_ref":"B","change:lanes:backward":"no","change:lanes:forward":"no","destination:backward":"San Bernardino","destination:forward":"Chur;Nufenen","highway":"trunk","int_ref":"E 43","lanes":"2","maxspeed":"80","mindistance:hgv":"150","motorroad":"yes","oneway":"no","overtaking":"no","ref":"A13","shoulder":"none","source:maxspeed":"sign","surface":"asphalt","toll":"yes"},"geometry":{"type":"LineString","coordinates":[[9.19047336341,46.52836425778],[9.19071996341,46.52851855793],[9.19101546341,46.5286903581],[9.19130326341,46.52884675826]]}},{"type":"Feature","properties":{"carriage_ref":"A","change:lanes:backward":"no","change:lanes:forward":"no","highway":"trunk","incline":"-8%","int_ref":"E 43","lanes":"2","maxspeed:backward":"100","maxspeed:forward":"80","mindistance:hgv":"150","motorroad":"yes","oneway":"no","overtaking":"no","ref":"A13","shoulder":"none","source:incline":"signpost","source:maxspeed":"sign","surface":"asphalt","toll":"yes"},"geometry":{"type":"LineString","coordinates":[[9.2313722,46.4218657],[9.2314287,46.4216923],[9.2315116,46.4214469]]}},{"type":"Feature","properties":{"carriage_ref":"A","highway":"trunk","incline":"-8%","int_ref":"E 43","lanes":"2","layer":"-1","lit":"yes","maxspeed:backward":"80","maxspeed:forward":"100","mindistance:hgv":"150","motorroad":"yes","oneway":"no","ref":"A13","shoulder":"none","source:incline":"signpost","source:maxspeed":"sign","surface":"asphalt","toll":"yes","tunnel":"yes","tunnel:name":"Cresta"},"geometry":{"type":"LineString","coordinates":[[9.2309518,46.3897905],[9.2310466,46.3893486],[9.2311158,46.3889035]]}},{"type":"Feature","properties":{"bridge":"yes","carriage_ref":"B","highway":"trunk","incline":"8%","int_ref":"E 43","lanes":"2","layer":"1","maxspeed":"100","mindistance:hgv":"150","motorroad":"yes","oneway":"no","ref":"A13","shoulder":"none","source:incline":"signpost","source:maxspeed":"sign","surface":"asphalt","toll":"yes"},"geometry":{"type":"LineString","coordinates":[[9.23442516341,46.40954263902],[9.23463436341,46.40937613885]]}},{"type":"Feature","properties":{"carriage_ref":"B","destination":"Zürich;St. Margrethen","highway":"motorway","int_ref":"E 43","lanes":"2","maxspeed":"120","oneway":"yes","ref":"A13","shoulder:right":"yes","source:maxspeed":"CH:motorway","surface":"asphalt","toll":"yes"},"geometry":{"type":"LineString","coordinates":[[9.4971845,47.0155685],[9.4969614,47.0156244],[9.4965892,47.0157393],[9.4957344,47.0160049],[9.4944774,47.0164599],[9.4938702,47.016714],[9.4933808,47.0169205],[9.4926004,47.0172801],[9.4920076,47.0175666],[9.4913263,47.0179167],[9.4906582,47.018286]]}},{"type":"Feature","properties":{"carriage_ref":"A","highway":"motorway","int_ref":"E 43","lanes":"3","maxspeed":"120","oneway":"yes","placement":"right_of:1","ref":"A13","shoulder:right":"yes","source:maxspeed":"CH:motorway","surface":"asphalt","toll":"yes","turn:lanes":"||merge_to_left"},"geometry":{"type":"LineString","coordinates":[[9.5471725,46.9558889],[9.5466357,46.9546713]]}},{"type":"Feature","properties":{"carriage_ref":"B","destination:colour:lanes":"green|green|blue;blue","destination:country:lanes":"||FL","destination:lanes":"Buchs|Buchs|Sevelen;Vaduz","highway":"motorway","int_ref":"E 43","lanes":"3","maxspeed":"120","oneway":"yes","placement":"right_of:1","ref":"A13","shoulder:right":"yes","source:maxspeed":"CH:motorway","surface":"asphalt","toll":"yes","turn:lanes":"none|none|slight_right"},"geometry":{"type":"LineString","coordinates":[[9.5117533,47.1254089],[9.5115611,47.1259525]]}},{"type":"Feature","properties":{"carriage_ref":"A","highway":"motorway","int_ref":"E 43","lanes":"3","maxspeed":"100","oneway":"yes","placement":"right_of:1","ref":"A13","shoulder":"none","source:maxspeed":"sign","surface":"asphalt","toll":"yes","turn:lanes":"||slight_right"},"geometry":{"type":"LineString","coordinates":[[9.1456193,46.2437313],[9.1450281,46.2434117]]}},{"type":"Feature","properties":{"avz":"322","bridge":"yes","bridge:name":"Viamala-Brücke","carriage_ref":"A","change:lanes:backward":"no","change:lanes:forward":"no","cs_dir:backward":"2","cs_dir:forward":"1","highway":"trunk","int_ref":"E 43","lanes":"2","layer":"1","maxspeed":"80","mindistance:hgv":"150","motorroad":"yes","oneway":"no","ref":"A13","shoulder":"none","source:maxspeed":"sign","surface":"asphalt","toll":"yes","wikidata":"Q56612053"},"geometry":{"type":"LineString","coordinates":[[9.44863994048,46.65764089049],[9.44877050489,46.65749888945],[9.44895401349,46.65736830633],[9.44914283373,46.6572555338],[9.44936800675,46.657156724],[9.44969067116,46.65706207929],[9.45046103558,46.65687188047]]}},{"type":"Feature","properties":{"carriage_ref":"A","change:lanes:backward":"no","change:lanes:forward":"no","highway":"trunk","incline":"-8%","int_ref":"E 43","lanes":"2","maxspeed":"100","mindistance:hgv":"150","motorroad":"yes","oneway":"no","overtaking":"no","ref":"A13","shoulder":"none","source:incline":"signpost","source:maxspeed":"sign","surface":"asphalt","toll":"yes"},"geometry":{"type":"LineString","coordinates":[[9.2361009,46.4100699],[9.2360432,46.4098689],[9.236011,46.4096637],[9.2360231,46.4094948],[9.2360673,46.4093422],[9.2361599,46.4091748],[9.2362804,46.4090229],[9.2364343,46.4088815],[9.2366266,46.4087587],[9.2368658,46.4086582],[9.2371067,46.4085978],[9.2374103,46.4085585],[9.237678,46.4085553],[9.2379246,46.4085669],[9.2381541,46.4085614],[9.2383874,46.4085288],[9.2385211,46.4084721],[9.2386744,46.408358],[9.2387468,46.4082655],[9.2387415,46.4081065],[9.2386905,46.4079936],[9.2385994,46.407903],[9.2384583,46.4078279],[9.2383048,46.4078018],[9.2381111,46.4078032],[9.2379695,46.4078339],[9.2377961,46.4078932],[9.2373482,46.4080892],[9.2371523,46.4081687],[9.2369819,46.4082248],[9.2362765,46.4084061],[9.235901,46.4085207],[9.2356185,46.408634],[9.2353928,46.4087624],[9.235209,46.4088832],[9.2350629,46.4089973],[9.2349181,46.4091249],[9.2345975,46.4094306]]}},{"type":"Feature","properties":{"bridge":"yes","carriage_ref":"A","change:lanes:backward":"no","change:lanes:forward":"no","hazmat:E":"no","highway":"trunk","int_ref":"E 43","lanes":"2","layer":"1","lit":"yes","maxspeed":"80","mindistance:hgv":"150","motorroad":"yes","oneway":"no","overtaking":"no","ref":"A13","shoulder:left":"yes","shoulder:right":"yes","source:maxspeed":"sign","surface":"asphalt","toll":"yes"},"geometry":{"type":"LineString","coordinates":[[9.1876464,46.5252785],[9.1869216,46.5243849]]}},{"type":"Feature","properties":{"carriage_ref":"A","highway":"motorway","int_ref":"E 43","lanes":"2","maxspeed":"120","oneway":"yes","ref":"A13","shoulder:right":"yes","source:maxspeed":"CH:motorway","surface":"asphalt","toll":"yes"},"geometry":{"type":"LineString","coordinates":[[9.5116296,47.0124694],[9.5120456,47.0122334],[9.5124838,47.0119576],[9.5128704,47.011699],[9.5131679,47.0114844],[9.5135481,47.0111846],[9.5139513,47.0108166],[9.5142242,47.0105545],[9.5145201,47.0102413],[9.5148426,47.0098839],[9.5155072,47.009035]]}},{"type":"Feature","properties":{"bridge":"yes","carriage_ref":"B","change:lanes:backward":"not_left|not_right","change:lanes:forward":"no","destination:lanes:backward":"Lugano;Mesocco-Sud|Mesocco-Nord","highway":"trunk","incline":"8%","int_ref":"E 43","lanes":"3","lanes:backward":"2","layer":"1","maxspeed":"100","mindistance:hgv":"150","motorroad":"yes","oneway":"no","overtaking":"no","placement:backward":"left_of:1","ref":"A13","shoulder":"none","source:incline":"signpost","source:maxspeed":"sign","surface":"asphalt","toll":"yes","turn:lanes:backward":"|slight_right"},"geometry":{"type":"LineString","coordinates":[[9.22940076341,46.40185893135],[9.22941036341,46.40242063191]]}},{"type":"Feature","properties":{"carriage_ref":"B","change:lanes:backward":"no","change:lanes:forward":"not_left|not_right","highway":"trunk","int_ref":"E 43","lanes":"3","lanes:forward":"2","lit":"yes","maxspeed":"80","mindistance:hgv":"150","motorroad":"yes","oneway":"no","placement:forward":"left_of:1","ref":"A13","shoulder":"none","source:maxspeed":"sign","surface":"asphalt","toll":"yes","turn:lanes:forward":"|merge_to_left"},"geometry":{"type":"LineString","coordinates":[[9.42788946341,46.57889390835],[9.42798276341,46.57901770848],[9.42806466341,46.5791400086]]}},{"type":"Feature","properties":{"carriage_ref":"A","change:lanes:backward":"not_left|not_right","change:lanes:forward":"not_left|not_right","highway":"trunk","int_ref":"E 43","lanes":"4","lanes:backward":"2","maxspeed":"100","mindistance:hgv":"150","motorroad":"yes","oneway":"no","ref":"A13","shoulder:left":"yes","shoulder:right":"yes","source:maxspeed":"sign","surface":"asphalt","toll":"yes"},"geometry":{"type":"LineString","coordinates":[[9.4343872,46.6227787],[9.434351,46.6226092],[9.4342815,46.6223832],[9.4341633,46.6221238],[9.4339862,46.621807],[9.4336819,46.6213319],[9.4334739,46.6210222],[9.4332728,46.620674],[9.4331614,46.6204366]]}},{"type":"Feature","properties":{"bridge":"yes","carriage_ref":"A","highway":"motorway","int_ref":"E 43","lanes":"2","layer":"1","maxspeed":"120","oneway":"yes","ref":"A13","surface":"asphalt","toll":"yes"},"geometry":{"type":"LineString","coordinates":[[9.4778774,47.0691384],[9.4772474,47.0689275]]}},{"type":"Feature","properties":{"carriage_ref":"A","change:lanes:backward":"no","change:lanes:forward":"no","highway":"trunk","incline":"-8%","int_ref":"E 43","lanes":"2","maxspeed":"100","mindistance:hgv":"150","motorroad":"yes","oneway":"no","overtaking":"no","ref":"A13","shoulder":"none","source:incline":"signpost","source:maxspeed":"sign","surface":"asphalt","toll":"yes"},"geometry":{"type":"LineString","coordinates":[[9.2310382,46.4071059],[9.2311374,46.4068469],[9.2312018,46.4065954],[9.2312125,46.4064179],[9.2311964,46.4062514],[9.2311267,46.406011]]}},{"type":"Feature","properties":{"carriage_ref":"A","highway":"motorway","int_ref":"E 43","lanes":"2","maxspeed":"120","oneway":"yes","ref":"A13","shoulder:right":"yes","source:maxspeed":"CH:motorway","surface":"asphalt","toll":"yes"},"geometry":{"type":"LineString","coordinates":[[9.4651068,46.8398324],[9.4643966,46.8395767],[9.461135,46.8383841],[9.460452,46.8381585],[9.4598855,46.8379854],[9.4593752,46.8378544],[9.4588065,46.8377443],[9.458101,46.8376428]]}},{"type":"Feature","properties":{"carriage_ref":"B","destination":"Zizers","highway":"motorway","int_ref":"E 43","lanes":"2","maxspeed":"120","oneway":"yes","ref":"A13","shoulder:right":"yes","source:maxspeed":"CH:motorway","surface":"asphalt","toll":"yes"},"geometry":{"type":"LineString","coordinates":[[9.5306476,46.8724726],[9.5308953,46.8726824],[9.5312322,46.8729919],[9.5316721,46.873398],[9.5320546,46.8738073],[9.5323706,46.8741739],[9.5327907,46.874733],[9.53304,46.8750858],[9.5332438,46.8754268],[9.5334862,46.8758947],[9.5337528,46.8764459],[9.533904,46.8767741],[9.5340371,46.8771838],[9.5341123,46.8774679]]}},{"type":"Feature","properties":{"carriage_ref":"A","highway":"motorway","int_ref":"E 43","lanes":"2","maxspeed":"120","oneway":"yes","ref":"A13","surface":"asphalt","toll":"yes"},"geometry":{"type":"LineString","coordinates":[[9.643227,47.39051],[9.6429657,47.3900107],[9.6425713,47.3892972],[9.6415321,47.3874898],[9.640382,47.3856881],[9.6397819,47.3847955],[9.6391481,47.3839054],[9.6380373,47.382398],[9.6368988,47.3809582],[9.6351576,47.3789451],[9.6342438,47.3779129],[9.6332843,47.3769209],[9.6318245,47.3754672],[9.6303258,47.3740667],[9.6283987,47.3723565],[9.6265064,47.3708291],[9.6237512,47.3687248]]}},{"type":"Feature","properties":{"bridge":"yes","carriage_ref":"A","change:lanes:backward":"not_left|not_right","change:lanes:forward":"not_left|not_right","highway":"trunk","int_ref":"E 43","lanes":"4","lanes:backward":"2","layer":"1","maxspeed":"100","mindistance:hgv":"150","motorroad":"yes","oneway":"no","ref":"A13","shoulder:left":"yes","shoulder:right":"yes","source:maxspeed":"sign","surface":"asphalt","toll":"yes"},"geometry":{"type":"LineString","coordinates":[[9.4331614,46.6204366],[9.4330394,46.6200864],[9.4329791,46.6197716]]}},{"type":"Feature","properties":{"carriage_ref":"B","change:lanes:backward":"not_left|not_right","change:lanes:forward":"no","highway":"trunk","int_ref":"E 43","lanes":"3","lanes:backward":"2","maxspeed":"80","mindistance:hgv":"150","motorroad":"yes","oneway":"no","overtaking":"no","placement:forward":"left_of:1","ref":"A13","shoulder":"none","source:maxspeed":"sign","surface":"asphalt","toll":"yes","turn:lanes:backward":"|merge_to_left"},"geometry":{"type":"LineString","coordinates":[[9.29228986341,46.54451897394],[9.29259966341,46.54446367389],[9.29298986341,46.54441197384],[9.29334126341,46.5443759738],[9.29370066341,46.54435937378]]}},{"type":"Feature","properties":{"carriage_ref":"A","highway":"motorway","int_ref":"E 43","lanes":"2","maxspeed":"120","oneway":"yes","ref":"A13","shoulder:right":"yes","source:maxspeed":"CH:motorway","surface":"asphalt","toll":"yes"},"geometry":{"type":"LineString","coordinates":[[9.4977135,46.8460738],[9.4969765,46.8460928],[9.495468,46.8460997],[9.4949045,46.8460928]]}},{"type":"Feature","properties":{"carriage_ref":"B","highway":"motorway","int_ref":"E 43","lanes":"2","maxspeed":"120","oneway":"yes","ref":"A13","shoulder:right":"yes","source:maxspeed":"CH:motorway","surface":"asphalt","toll":"yes"},"geometry":{"type":"LineString","coordinates":[[9.4697226,47.0642644],[9.4701163,47.0648452],[9.4706157,47.0654],[9.4711455,47.0658878],[9.4717554,47.066359],[9.4723418,47.0667381],[9.473178,47.0672],[9.4737344,47.0674758],[9.474468,47.0677917],[9.4758918,47.068347],[9.4773567,47.0688534]]}},{"type":"Feature","properties":{"bridge":"yes","carriage_ref":"B","change:lanes:backward":"no","change:lanes:forward":"not_left|not_right","highway":"trunk","int_ref":"E 43","lanes":"3","lanes:forward":"2","layer":"1","maxspeed":"80","mindistance:hgv":"150","motorroad":"yes","oneway":"no","overtaking":"no","placement:forward":"left_of:1","ref":"A13","source:maxspeed":"sign","surface":"asphalt","toll":"yes","turn:lanes:forward":"|merge_to_left"},"geometry":{"type":"LineString","coordinates":[[9.24749956341,46.53869276811],[9.24774056341,46.53870956813]]}},{"type":"Feature","properties":{"carriage_ref":"B","destination":"Kriessern","highway":"motorway","int_ref":"E 43","lanes":"2","maxspeed":"120","oneway":"yes","ref":"A13","shoulder:right":"yes","source:maxspeed":"CH:motorway","surface":"asphalt","toll":"yes"},"geometry":{"type":"LineString","coordinates":[[9.5653714,47.3054275],[9.5662414,47.3060697],[9.5670503,47.3066423],[9.5678238,47.3071723],[9.5683852,47.3075441],[9.5689493,47.3078768],[9.5697104,47.3083001],[9.5704498,47.3086789],[9.5713228,47.3090933],[9.5717893,47.3093009],[9.5724251,47.3095851]]}},{"type":"Feature","properties":{"carriage_ref":"A","highway":"trunk","incline":"-8%","int_ref":"E 43","lanes":"2","lit":"yes","maxspeed":"60","mindistance:hgv":"150","motorroad":"yes","oneway":"no","overtaking":"no","ref":"A13","shoulder":"none","source:incline":"signpost","source:maxspeed":"sign","surface":"asphalt","toll":"yes"},"geometry":{"type":"LineString","coordinates":[[9.2311569,46.3869958],[9.2311033,46.3867072],[9.230996,46.3864148],[9.2308427,46.3861364],[9.2307746,46.3859753],[9.2307613,46.3858506],[9.2307937,46.3857415],[9.230879,46.385627],[9.2309888,46.3855479],[9.2311299,46.3854897],[9.2312902,46.3854633],[9.2314838,46.3854667],[9.231652,46.3855073],[9.2317995,46.3855932],[9.2318824,46.3856922],[9.2319374,46.3858145],[9.231941,46.3859503],[9.231926,46.3862418],[9.2319268,46.3863924],[9.2319615,46.3866105],[9.2320412,46.3868307],[9.2320845,46.3869136],[9.2321399,46.3870196],[9.2324026,46.3874294]]}},{"type":"Feature","properties":{"carriage_ref":"A","highway":"motorway","int_ref":"E 43","lanes":"2","maxspeed":"120","oneway":"yes","ref":"A13","surface":"asphalt","toll":"yes"},"geometry":{"type":"LineString","coordinates":[[9.5110763,47.1268485],[9.5116221,47.1253094],[9.5123528,47.1231512],[9.5129856,47.1212511],[9.5134863,47.1196603]]}},{"type":"Feature","properties":{"carriage_ref":"B","change:lanes:backward":"not_left|not_right","change:lanes:forward":"no","highway":"trunk","int_ref":"E 43","lanes":"3","lanes:backward":"2","lanes:forward":"1","maxspeed":"80","mindistance:hgv":"150","motorroad":"yes","oneway":"no","overtaking:forward":"no","placement:backward":"middle_of:1","ref":"A13","shoulder":"none","source:maxspeed":"sign","surface":"asphalt","toll":"yes"},"geometry":{"type":"LineString","coordinates":[[9.25341176341,46.53950666893],[9.25360696341,46.53956456899],[9.25380146341,46.53960516903],[9.25400816341,46.53963756906],[9.25425206341,46.53966506909],[9.25448916341,46.53967096909],[9.25470406341,46.53966966909],[9.25494586341,46.53965136907],[9.25522306341,46.53962266904],[9.25556516341,46.53957166899],[9.25602366341,46.53951196893],[9.25637046341,46.5394758689],[9.25667006341,46.53946126888],[9.25694756341,46.53946276888],[9.25725616341,46.5394750689],[9.25758606341,46.53950196892]]}},{"type":"Feature","properties":{"carriage_ref":"A","highway":"motorway","int_ref":"E 43","lanes":"3","maxspeed":"120","oneway":"yes","placement":"right_of:1","ref":"A13","surface":"asphalt","toll":"yes","turn:lanes":"none|none|merge_to_left"},"geometry":{"type":"LineString","coordinates":[[9.5154621,47.2406926],[9.5145832,47.2393855],[9.5140282,47.2385953]]}},{"type":"Feature","properties":{"carriage_ref":"B","change:lanes:backward":"no","change:lanes:forward":"no","highway":"trunk","int_ref":"E 43","lanes":"2","maxspeed":"100","mindistance:hgv":"150","motorroad":"yes","oneway":"no","overtaking":"no","ref":"A13","shoulder":"none","source:maxspeed":"sign","surface":"asphalt","toll":"yes"},"geometry":{"type":"LineString","coordinates":[[9.19053556341,46.45013117956],[9.19048386341,46.45034997978],[9.19045396341,46.45055157998],[9.19043696341,46.45078298021],[9.19044966341,46.45105998049]]}},{"type":"Feature","properties":{"avalanche_protector:left":"open","carriage_ref":"B","change:lanes:backward":"no","change:lanes:forward":"no","highway":"trunk","incline":"8%","int_ref":"E 43","lanes":"2","layer":"-1","maxspeed":"80","mindistance:hgv":"150","motorroad":"yes","oneway":"no","overtaking":"no","ref":"A13","shoulder":"none","source:incline":"signpost","source:maxspeed":"sign","surface":"asphalt","toll":"yes","tunnel":"avalanche_protector","tunnel:name":"Cozz"},"geometry":{"type":"LineString","coordinates":[[9.23108216341,46.42255155201],[9.23071846341,46.42301825248],[9.23030056341,46.42355505301],[9.22999226341,46.4240376535],[9.22979286341,46.42443695389],[9.22963796341,46.42483425429],[9.22950356341,46.42542365488],[9.22947176341,46.42610555556]]}},{"type":"Feature","properties":{"carriage_ref":"B","change:lanes:backward":"no","change:lanes:forward":"no","highway":"trunk","incline":"8%","int_ref":"E 43","lanes":"2","maxspeed":"80","mindistance:hgv":"150","motorroad":"yes","oneway":"no","overtaking":"no","ref":"A13","shoulder":"none","source:incline":"signpost","source:maxspeed":"sign","surface":"asphalt","toll":"yes"},"geometry":{"type":"LineString","coordinates":[[9.20101136341,46.43300396245],[9.20036526341,46.43309386254],[9.19994936341,46.43317196262]]}},{"type":"Feature","properties":{"bridge":"yes","carriage_ref":"B","change:lanes:backward":"no","change:lanes:forward":"no","highway":"trunk","int_ref":"E 43","lanes":"2","layer":"1","maxspeed":"80","mindistance:hgv":"150","motorroad":"yes","oneway":"no","overtaking":"no","ref":"A13","shoulder":"none","source:maxspeed":"sign","surface":"asphalt","toll":"yes"},"geometry":{"type":"LineString","coordinates":[[9.38237325177,46.56832587753],[9.3824776806,46.56786589731],[9.38252763642,46.56737899682],[9.38255986341,46.56701699646]]}},{"type":"Feature","properties":{"carriage_ref":"B","highway":"trunk","incline":"-8%","int_ref":"E 43","lanes":"4","lanes:backward":"2","maxspeed":"100","mindistance:hgv":"150","motorroad":"yes","oneway":"no","ref":"A13","shoulder":"none","source:incline":"signpost","source:maxspeed":"sign","surface":"asphalt","toll":"yes","turn:lanes:backward":"|merge_to_left","turn:lanes:forward":"|slight_right"},"geometry":{"type":"LineString","coordinates":[[9.43035656341,46.59798072747],[9.43063026341,46.59837272786]]}},{"type":"Feature","properties":{"bridge":"yes","carriage_ref":"A","highway":"motorway","int_ref":"E 43","lanes":"2","layer":"1","maxspeed":"120","oneway":"yes","ref":"A13","shoulder:right":"yes","source:maxspeed":"CH:motorway","surface":"asphalt","toll":"yes"},"geometry":{"type":"LineString","coordinates":[[9.5404448,46.8921891],[9.5403626,46.8919977]]}},{"type":"Feature","properties":{"carriage_ref":"B","change:lanes:backward":"no","change:lanes:forward":"no","highway":"trunk","int_ref":"E 43","lanes":"2","maxspeed":"80","mindistance:hgv":"150","motorroad":"yes","oneway":"no","overtaking":"no","ref":"A13","shoulder":"none","source:maxspeed":"sign","surface":"asphalt","toll":"yes"},"geometry":{"type":"LineString","coordinates":[[9.32997376341,46.55458328402],[9.33032486341,46.55473838417],[9.33062526341,46.55485258428],[9.33090536341,46.55494028437],[9.33160266341,46.55511888455],[9.33253236341,46.55534968478],[9.33309826341,46.55550271802],[9.33362573457,46.5556096404],[9.33469820574,46.55584669588],[9.33523364806,46.5559715512],[9.33558836156,46.55605785122],[9.3358300769,46.55612150646],[9.33606547505,46.55618747364],[9.33637461738,46.55632160645],[9.33670377505,46.55648127186],[9.33710547505,46.55664899416],[9.33753043272,46.55683108392],[9.33809121738,46.55712947394],[9.33850834436,46.55738489658],[9.33885474806,46.55752848377]]}},{"type":"Feature","properties":{"carriage_ref":"A","highway":"trunk","incline":"-8%","int_ref":"E 43","lanes":"2","maxspeed:backward":"80","maxspeed:forward":"100","mindistance:hgv":"150","motorroad":"yes","oneway":"no","ref":"A13","shoulder":"none","source:incline":"signpost","source:maxspeed":"sign","surface":"asphalt","toll":"yes"},"geometry":{"type":"LineString","coordinates":[[9.230289,46.3918692],[9.2304468,46.3914825],[9.2305967,46.3910915],[9.2307908,46.3904732],[9.2309518,46.3897905]]}},{"type":"Feature","properties":{"bridge":"yes","carriage_ref":"A","highway":"motorway","int_ref":"E 43","lanes":"2","layer":"1","maxspeed":"120","oneway":"yes","ref":"A13","shoulder:right":"yes","source:maxspeed":"CH:motorway","surface":"asphalt","toll":"yes"},"geometry":{"type":"LineString","coordinates":[[9.4652689,46.8398908],[9.4651068,46.8398324]]}},{"type":"Feature","properties":{"bridge":"yes","carriage_ref":"A","change:lanes:backward":"no|not_right","change:lanes:forward":"no","highway":"trunk","int_ref":"E 43","lanes":"3","lanes:backward":"2","layer":"1","maxspeed":"80","mindistance:hgv":"150","motorroad":"yes","oneway":"no","placement:backward":"left_of:1","ref":"A13","shoulder:left":"yes","shoulder:right":"yes","source:maxspeed":"sign","surface":"asphalt","toll":"yes","turn:lanes:backward":"|merge_to_left"},"geometry":{"type":"LineString","coordinates":[[9.4064152,46.8208658],[9.4062681,46.820643]]}},{"type":"Feature","properties":{"carriage_ref":"A","highway":"trunk","int_ref":"E 43","lanes":"1","maxspeed":"80","motorroad":"yes","oneway":"yes","ref":"A13","shoulder:right":"yes","source:maxspeed":"sign","surface":"asphalt","toll":"yes"},"geometry":{"type":"LineString","coordinates":[[9.11350252024,46.23055925234],[9.1129928,46.2306781],[9.1121285,46.2308442]]}},{"type":"Feature","properties":{"carriage_ref":"B","change:lanes:backward":"no","change:lanes:forward":"no","highway":"trunk","int_ref":"E 43","lanes":"2","maxspeed":"80","mindistance:hgv":"150","motorroad":"yes","oneway":"no","overtaking":"no","ref":"A13","shoulder":"none","source:maxspeed":"sign","surface":"asphalt","toll":"yes"},"geometry":{"type":"LineString","coordinates":[[9.42008256341,46.57930620876],[9.42079886341,46.57954720901],[9.42127136341,46.57968470914]]}},{"type":"Feature","properties":{"carriage_ref":"A","change:lanes:backward":"no","change:lanes:forward":"not_left|not_right","highway":"trunk","int_ref":"E 43","lanes":"3","lanes:forward":"2","maxspeed":"100","mindistance:hgv":"150","motorroad":"yes","oneway":"no","placement:forward":"left_of:1","ref":"A13","shoulder:left":"yes","shoulder:right":"yes","source:maxspeed":"sign","surface":"asphalt","toll":"yes","turn:lanes:forward":"|slight_right"},"geometry":{"type":"LineString","coordinates":[[9.4455318,46.6434469],[9.4452958,46.6433239],[9.4450414,46.6432001],[9.444548,46.6429866]]}},{"type":"Feature","properties":{"carriage_ref":"B","highway":"trunk","int_ref":"E 43","lanes":"2","maxspeed":"80","maxwidth:lanes":"2|","mindistance:hgv":"150","motorroad":"yes","oneway":"yes","ref":"A13","shoulder":"none","source:maxspeed":"sign","surface":"asphalt","toll":"yes"},"geometry":{"type":"LineString","coordinates":[[9.2250172,46.3724644],[9.2251304,46.3727448],[9.2252876,46.3729915],[9.2254622,46.3732371],[9.2256896,46.3734855],[9.2259461,46.3737178]]}},{"type":"Feature","properties":{"carriage_ref":"A","change:lanes:backward":"no","change:lanes:forward":"no","highway":"trunk","incline":"-8%","int_ref":"E 43","lanes":"2","maxspeed":"60","mindistance:hgv":"150","motorroad":"yes","oneway":"no","overtaking":"no","ref":"A13","shoulder":"none","source:incline":"signpost","source:maxspeed":"sign","surface":"asphalt","toll":"yes"},"geometry":{"type":"LineString","coordinates":[[9.2336624,46.3886331],[9.2340099,46.3886802],[9.2342064,46.3886729],[9.2344966,46.3886254],[9.2347469,46.3885464],[9.2349456,46.3884377],[9.2351501,46.3882722],[9.2352773,46.388099]]}},{"type":"Feature","properties":{"carriage_ref":"A","change:lanes:backward":"no","change:lanes:forward":"not_left|not_right","highway":"trunk","int_ref":"E 43","lanes":"3","lanes:backward":"1","lanes:forward":"2","maxspeed":"80","mindistance:hgv":"150","motorroad":"yes","oneway":"no","overtaking:backward":"no","placement:forward":"middle_of:1","ref":"A13","shoulder":"none","source:maxspeed":"sign","surface":"asphalt","toll":"yes"},"geometry":{"type":"LineString","coordinates":[[9.2101195,46.5312275],[9.2097407,46.5312455],[9.209445,46.5312812],[9.2091048,46.5313519],[9.2085895,46.5314829],[9.2082904,46.5315632],[9.2080512,46.5316155],[9.2078024,46.5316633],[9.2075251,46.5317007],[9.2072861,46.5317122],[9.2070325,46.5317108],[9.2067719,46.5316923],[9.2064585,46.5316416]]}},{"type":"Feature","properties":{"bridge":"yes","carriage_ref":"B","highway":"motorway","int_ref":"E 43","lanes":"2","layer":"1","maxspeed":"120","oneway":"yes","ref":"A13","shoulder:right":"yes","source:maxspeed":"CH:motorway","surface":"asphalt","toll":"yes"},"geometry":{"type":"LineString","coordinates":[[9.5602546,46.9306657],[9.5600563,46.9309649],[9.5597288,46.9314396],[9.5591895,46.9320686]]}},{"type":"Feature","properties":{"carriage_ref":"A","change:lanes:backward":"no","change:lanes:forward":"no","highway":"trunk","int_ref":"E 43","lanes":"2","maxspeed":"80","mindistance:hgv":"150","motorroad":"yes","oneway":"no","ref":"A13","shoulder":"none","source:maxspeed":"sign","surface":"asphalt","toll":"yes"},"geometry":{"type":"LineString","coordinates":[[9.427389,46.5902886],[9.4271557,46.5900322],[9.4269207,46.5897775],[9.4267148,46.5895511],[9.4265723,46.5893495],[9.4264278,46.5891142],[9.4262759,46.5887909]]}},{"type":"Feature","properties":{"avz":"22","carriage_ref":"B","change:lanes":"not_left|not_right|yes","cs_dir:forward":"2","highway":"motorway","int_ref":"E 43","lanes":"3","maxspeed":"120","oneway":"yes","placement":"right_of:1","ref":"A13","shoulder":"no","source:maxspeed":"CH:motorway","ssvz":"216N","surface":"asphalt","toll":"yes","turn:lanes":"||merge_to_left"},"geometry":{"type":"LineString","coordinates":[[9.6218744,47.3672365],[9.6224651,47.3676479]]}},{"type":"Feature","properties":{"carriage_ref":"A","change:lanes:backward":"no","change:lanes:forward":"no","highway":"trunk","int_ref":"E 43","lanes":"2","maxspeed":"80","mindistance:hgv":"150","motorroad":"yes","oneway":"no","overtaking":"no","ref":"A13","shoulder":"none","source:maxspeed":"sign","surface":"asphalt","toll":"yes"},"geometry":{"type":"LineString","coordinates":[[9.3434724,46.5599318],[9.3429994,46.5598612],[9.3427545,46.5597992],[9.3425415,46.5597267],[9.3423593,46.5596451],[9.3421869,46.5595422],[9.3420334,46.5594265],[9.3418913,46.5593002],[9.341733,46.5591351],[9.341583,46.5589817],[9.3414152,46.5588455],[9.3412055,46.55872313179],[9.34095387116,46.55861038641],[9.34050126931,46.55842818653],[9.3400525828,46.55825441865],[9.33970904048,46.55803213208]]}},{"type":"Feature","properties":{"bridge":"yes","carriage_ref":"B","change:lanes:backward":"no","change:lanes:forward":"no","highway":"trunk","int_ref":"E 43","lanes":"2","layer":"1","maxspeed":"100","mindistance:hgv":"150","motorroad":"yes","oneway":"no","overtaking":"no","ref":"A13","shoulder":"none","source:maxspeed":"sign","surface":"asphalt","toll":"yes"},"geometry":{"type":"LineString","coordinates":[[9.19062526341,46.45245248188],[9.19063746341,46.4526706821],[9.19062166341,46.45286318229],[9.19057416341,46.45308198251]]}},{"type":"Feature","properties":{"carriage_ref":"A","highway":"motorway","int_ref":"E 43","lanes":"2","maxspeed":"120","oneway":"yes","ref":"A13","shoulder:right":"yes","source:maxspeed":"CH:motorway","surface":"asphalt","toll":"yes"},"geometry":{"type":"LineString","coordinates":[[9.5602209,46.9304358],[9.5605318,46.929901]]}},{"type":"Feature","properties":{"carriage_ref":"A","highway":"motorway","int_ref":"E 43","lanes":"3","maxspeed":"120","oneway":"yes","placement":"right_of:1","ref":"A13","surface":"asphalt","toll":"yes","turn:lanes":"none|none|slight_right"},"geometry":{"type":"LineString","coordinates":[[9.6136629,47.3617352],[9.6130037,47.3613027]]}},{"type":"Feature","properties":{"carriage_ref":"A","highway":"motorway","int_ref":"E 43","lanes":"3","maxspeed":"120","oneway":"yes","placement":"right_of:1","ref":"A13","shoulder:right":"yes","source:maxspeed":"CH:motorway","surface":"asphalt","toll":"yes","turn:lanes":"||merge_to_left"},"geometry":{"type":"LineString","coordinates":[[9.5615823,46.918621],[9.561408,46.9178903],[9.5612952,46.9173576],[9.561178,46.9168582],[9.5610817,46.9164885]]}},{"type":"Feature","properties":{"carriage_ref":"B","change:lanes":"not_left|yes|no","destination:colour:lanes":"green|green|blue;blue","destination:country:lanes":"||FL","destination:lanes":"Buchs|Buchs|Sevelen;Vaduz","highway":"motorway","int_ref":"E 43","lanes":"3","maxspeed":"120","oneway":"yes","placement":"right_of:1","ref":"A13","shoulder:right":"yes","source:maxspeed":"CH:motorway","surface":"asphalt","toll":"yes","turn:lanes":"none|none|slight_right"},"geometry":{"type":"LineString","coordinates":[[9.5115611,47.1259525],[9.5113667,47.1264918]]}},{"type":"Feature","properties":{"carriage_ref":"B","change:lanes:backward":"not_left|not_right","change:lanes:forward":"no","highway":"trunk","int_ref":"E 43","lanes":"3","lanes:backward":"2","lanes:forward":"1","maxspeed:backward":"100","maxspeed:forward":"80","mindistance:hgv":"150","motorroad":"yes","oneway":"no","overtaking":"no","placement:backward":"left_of:1","ref":"A13","shoulder":"none","source:maxspeed":"sign","surface":"asphalt","toll":"yes","turn:lanes:backward":"|merge_to_left"},"geometry":{"type":"LineString","coordinates":[[9.18820616341,46.46136349078],[9.18805936341,46.46160649103]]}},{"type":"Feature","properties":{"carriage_ref":"B","destination":"Widnau","highway":"motorway","int_ref":"E 43","lanes":"2","maxspeed":"120","oneway":"yes","ref":"A13","shoulder:right":"yes","source:maxspeed":"CH:motorway","surface":"asphalt","toll":"yes"},"geometry":{"type":"LineString","coordinates":[[9.6075726,47.3575401],[9.6081341,47.3579136],[9.6128677,47.361061]]}},{"type":"Feature","properties":{"carriage_ref":"A","destination":"Landquart","highway":"motorway","int_ref":"E 43","lanes":"2","maxspeed":"120","oneway":"yes","ref":"A13","shoulder:right":"yes","source:maxspeed":"CH:motorway","surface":"asphalt","toll":"yes"},"geometry":{"type":"LineString","coordinates":[[9.5191269,47.0039095],[9.519729,47.0031086],[9.520705,47.0018682]]}},{"type":"Feature","properties":{"bridge":"yes","carriage_ref":"A","highway":"motorway","int_ref":"E 43","lanes":"2","layer":"1","maxspeed":"120","oneway":"yes","ref":"A13","shoulder:right":"yes","source:maxspeed":"CH:motorway","surface":"asphalt","toll":"yes"},"geometry":{"type":"LineString","coordinates":[[9.5088423,46.8616181],[9.5085843,46.8612956],[9.5083961,46.86104]]}},{"type":"Feature","properties":{"carriage_ref":"A","change:lanes:backward":"not_left|not_right","change:lanes:forward":"not_left|not_right","highway":"trunk","int_ref":"E 43","lanes":"4","lanes:forward":"2","maxspeed":"80","mindistance:hgv":"150","motorroad":"yes","oneway":"no","overtaking":"no","placement:backward":"left_of:1","ref":"A13","shoulder":"none","source:maxspeed":"sign","surface":"asphalt","toll":"yes","turn:lanes:backward":"|merge_to_left","turn:lanes:forward":"|slight_right"},"geometry":{"type":"LineString","coordinates":[[9.3717934,46.5707504],[9.3714546,46.5706875]]}},{"type":"Feature","properties":{"carriage_ref":"A","change:lanes:backward":"no","change:lanes:forward":"no","highway":"trunk","int_ref":"E 43","lanes":"2","maxspeed":"80","mindistance:hgv":"150","motorroad":"yes","oneway":"no","ref":"A13","shoulder":"none","source:maxspeed":"sign","surface":"asphalt","toll":"yes"},"geometry":{"type":"LineString","coordinates":[[9.4278526,46.5789482],[9.4277156,46.5788306],[9.4274973,46.578693],[9.4273228,46.5786143],[9.4271685,46.5785561]]}},{"type":"Feature","properties":{"bridge":"yes","carriage_ref":"B","highway":"trunk","incline":"8%","int_ref":"E 43","lanes":"2","layer":"1","maxspeed":"100","mindistance:hgv":"150","motorroad":"yes","oneway":"no","ref":"A13","shoulder":"none","source:incline":"signpost","source:maxspeed":"sign","surface":"asphalt","toll":"yes"},"geometry":{"type":"LineString","coordinates":[[9.23449756341,46.41310444258],[9.23411936341,46.41318574266]]}},{"type":"Feature","properties":{"carriage_ref":"A","change:lanes:backward":"no","change:lanes:forward":"no","highway":"trunk","int_ref":"E 43","lanes":"2","maxspeed":"80","mindistance:hgv":"150","motorroad":"yes","oneway":"no","overtaking":"no","ref":"A13","shoulder:left":"yes","shoulder:right":"yes","source:maxspeed":"sign","surface":"asphalt","toll":"yes"},"geometry":{"type":"LineString","coordinates":[[9.3006722,46.5461014],[9.3001172,46.545873]]}},{"type":"Feature","properties":{"carriage_ref":"A","highway":"trunk","incline":"-8%","int_ref":"E 43","lanes":"2","maxspeed":"100","mindistance:hgv":"150","motorroad":"yes","oneway":"no","ref":"A13","shoulder":"none","source:incline":"signpost","source:maxspeed":"sign","surface":"asphalt","toll":"yes"},"geometry":{"type":"LineString","coordinates":[[9.2344607,46.4131589],[9.2346994,46.4130812],[9.2348577,46.4130183],[9.2350454,46.4129204],[9.2352713,46.4127765],[9.2354853,46.4125893]]}},{"type":"Feature","properties":{"bridge":"yes","carriage_ref":"B","highway":"trunk","incline":"8%","int_ref":"E 43","lanes":"2","layer":"1","maxspeed":"100","mindistance:hgv":"150","motorroad":"yes","oneway":"no","ref":"A13","shoulder":"none","source:incline":"signpost","source:maxspeed":"sign","surface":"asphalt","toll":"yes"},"geometry":{"type":"LineString","coordinates":[[9.23591916341,46.41206144154],[9.23570456341,46.41234624182],[9.23552216341,46.41253484201]]}},{"type":"Feature","properties":{"carriage_ref":"B","change:lanes:backward":"no","change:lanes:forward":"no","highway":"trunk","int_ref":"E 43","lanes":"2","maxspeed":"100","mindistance:hgv":"150","motorroad":"yes","oneway":"no","overtaking":"no","ref":"A13","shoulder":"none","source:maxspeed":"sign","surface":"asphalt","toll":"yes"},"geometry":{"type":"LineString","coordinates":[[9.19058986341,46.44995537939],[9.19053556341,46.45013117956]]}},{"type":"Feature","properties":{"carriage_ref":"B","change:lanes:backward":"no","change:lanes:forward":"no","highway":"trunk","incline":"8%","int_ref":"E 43","lanes":"2","maxspeed:backward":"80","maxspeed:forward":"100","mindistance:hgv":"150","motorroad":"yes","oneway":"no","overtaking":"no","ref":"A13","shoulder":"none","source:incline":"signpost","source:maxspeed":"sign","surface":"asphalt","toll":"yes"},"geometry":{"type":"LineString","coordinates":[[9.23154846341,46.42139245085],[9.23146556341,46.4216378511],[9.23140906341,46.42181125127]]}},{"type":"Feature","properties":{"carriage_ref":"A","highway":"motorway","int_ref":"E 43","lanes":"2","maxspeed":"120","oneway":"yes","ref":"A13","shoulder:right":"yes","source:maxspeed":"CH:motorway","surface":"asphalt","toll":"yes"},"geometry":{"type":"LineString","coordinates":[[9.5466357,46.9546713],[9.5463175,46.9539108],[9.5460512,46.9531534],[9.5457826,46.9522407],[9.5456631,46.9516918],[9.545571,46.9511574],[9.5455102,46.9505511],[9.54547,46.9498787],[9.5454653,46.9487787],[9.5454887,46.9479896],[9.5455504,46.9467536],[9.5455949,46.9460301],[9.5456921,46.9450947],[9.5458348,46.9442494],[9.5459556,46.9436929],[9.5461512,46.9431024],[9.5463836,46.9425287],[9.5465891,46.9421498],[9.5468442,46.9416977],[9.5472479,46.9410769],[9.5476504,46.9405784]]}},{"type":"Feature","properties":{"carriage_ref":"B","change:lanes":"not_left|not_right|yes","highway":"trunk","int_ref":"E 43","lanes":"3","maxspeed":"100","maxwidth:lanes":"2||","mindistance:hgv":"150","motorroad":"yes","oneway":"yes","placement":"right_of:1","ref":"A13","shoulder":"none","source:maxspeed":"sign","surface":"asphalt","toll":"yes","turn:lanes":"||merge_to_left"},"geometry":{"type":"LineString","coordinates":[[9.4217044,46.767785],[9.4214858,46.7691013]]}},{"type":"Feature","properties":{"bridge":"yes","carriage_ref":"B","change:lanes:backward":"no","change:lanes:forward":"no","highway":"trunk","int_ref":"E 43","lanes":"2","layer":"1","maxspeed":"80","mindistance:hgv":"150","motorroad":"yes","oneway":"no","overtaking":"no","ref":"A13","shoulder":"none","source:maxspeed":"sign","surface":"asphalt","toll":"yes"},"geometry":{"type":"LineString","coordinates":[[9.36499066341,46.56759729704],[9.36545616341,46.56767639712]]}},{"type":"Feature","properties":{"carriage_ref":"A","highway":"motorway","int_ref":"E 43","lanes":"2","maxspeed":"120","oneway":"yes","ref":"A13","shoulder:right":"yes","source:maxspeed":"CH:motorway","surface":"asphalt","toll":"yes"},"geometry":{"type":"LineString","coordinates":[[9.4675144,47.0324877],[9.4676979,47.0323303],[9.4685569,47.0316446],[9.4693493,47.0310567],[9.4705345,47.0303033],[9.4719269,47.0294579],[9.4725352,47.0290718],[9.4732806,47.0286359],[9.4746472,47.0277858],[9.4815597,47.0236086],[9.4828065,47.0228593],[9.4849713,47.0215327],[9.4864066,47.0206658],[9.4876558,47.0198974],[9.4890415,47.019077]]}},{"type":"Feature","properties":{"carriage_ref":"A","highway":"motorway","int_ref":"E 43","lanes":"2","layer":"-1","lit":"24/7","maxspeed":"120","note":"Überholverbot für LKW 800 m ab Schild","oneway":"yes","overtaking:hgv":"no","ref":"A13","surface":"asphalt","toll":"yes","tunnel":"yes","tunnel:name":"Montlingen"},"geometry":{"type":"LineString","coordinates":[[9.5928471,47.3364452],[9.591757,47.3337294]]}},{"type":"Feature","properties":{"carriage_ref":"A","change:lanes:backward":"no","highway":"trunk","int_ref":"E 43","lanes":"2","maxspeed":"100","mindistance:hgv":"150","motorroad":"yes","oneway":"no","ref":"A13","shoulder:left":"yes","shoulder:right":"yes","source:maxspeed":"sign","surface":"asphalt","toll":"yes"},"geometry":{"type":"LineString","coordinates":[[9.4414259,46.6411315],[9.4412805,46.640918],[9.4411423,46.6406935],[9.4410378,46.6404898],[9.4409499,46.6402828],[9.4408862,46.6400865]]}},{"type":"Feature","properties":{"carriage_ref":"B","change:lanes:backward":"not_left|yes|not_right","change:lanes:forward":"no","highway":"trunk","int_ref":"E 43","lanes":"4","lanes:backward":"3","layer":"-1","maxspeed":"80","mindistance:hgv":"150","motorroad":"yes","oneway":"no","overtaking:hgv:backward":"no","placement:backward":"middle_of:1","ref":"A13","shoulder":"none","surface":"asphalt","toll":"yes","turn:lanes:backward":"||merge_to_left"},"geometry":{"type":"LineString","coordinates":[[9.44382446341,46.69414162386],[9.44405726341,46.69432242404],[9.44420346341,46.69444112416]]}},{"type":"Feature","properties":{"carriage_ref":"A","change:lanes:backward":"no","change:lanes:forward":"no","highway":"trunk","int_ref":"E 43","lanes":"2","lit":"yes","maxspeed":"80","mindistance:hgv":"150","motorroad":"yes","oneway":"no","ref":"A13","shoulder":"none","source:maxspeed":"sign","surface":"asphalt","toll":"yes"},"geometry":{"type":"LineString","coordinates":[[9.4483535,46.6757741],[9.4481671,46.6752109],[9.4479892,46.6746145]]}},{"type":"Feature","properties":{"carriage_ref":"B","destination":"Oberriet","highway":"motorway","int_ref":"E 43","lanes":"3","maxspeed":"120","oneway":"yes","placement":"right_of:1","ref":"A13","shoulder:right":"yes","source:maxspeed":"CH:motorway","surface":"asphalt","toll":"yes","turn:lanes":"none|none|merge_to_left"},"geometry":{"type":"LineString","coordinates":[[9.5184943,47.2455258],[9.5190361,47.2465898]]}},{"type":"Feature","properties":{"carriage_ref":"A","highway":"trunk","int_ref":"E 43","lanes":"3","maxspeed":"100","maxwidth:lanes":"2||","mindistance:hgv":"150","motorroad":"yes","oneway":"yes","placement":"right_of:1","ref":"A13","shoulder":"none","source:maxspeed":"sign","surface":"asphalt","toll":"yes","turn:lanes":"||merge_to_left"},"geometry":{"type":"LineString","coordinates":[[9.4234462,46.7612572],[9.4237346,46.76059555023]]}},{"type":"Feature","properties":{"carriage_ref":"A","highway":"motorway","int_ref":"E 43","lanes":"2","maxspeed":"120","oneway":"yes","ref":"A13","surface":"asphalt","toll":"yes"},"geometry":{"type":"LineString","coordinates":[[9.4992581,47.1479301],[9.5016758,47.1447085]]}},{"type":"Feature","properties":{"carriage_ref":"B","highway":"motorway","int_ref":"E 43","lanes":"4","maxspeed":"100","oneway":"yes","placement":"right_of:1","ref":"A13","shoulder":"none","source:maxspeed":"sign","surface":"asphalt","toll":"yes","turn:lanes":"||slight_right|right"},"geometry":{"type":"LineString","coordinates":[[9.0955478,46.2312087],[9.0966798,46.231315]]}},{"type":"Feature","properties":{"carriage_ref":"B","highway":"motorway","int_ref":"E 43","lanes":"2","maxspeed":"120","oneway":"yes","ref":"A13","shoulder:right":"yes","source:maxspeed":"CH:motorway","surface":"asphalt","toll":"yes"},"geometry":{"type":"LineString","coordinates":[[9.5934273,47.3374665],[9.594092,47.339104],[9.5959188,47.3439997],[9.5963874,47.3449977],[9.5968498,47.3457891],[9.5974095,47.3465195],[9.5980084,47.3472527],[9.6013408,47.3512444],[9.604015,47.3544322],[9.6047023,47.3552106],[9.6051981,47.3556883],[9.6057919,47.3562228],[9.6063164,47.3566383]]}},{"type":"Feature","properties":{"carriage_ref":"A","highway":"trunk","int_ref":"E 43","lanes":"2","maxspeed":"100","maxwidth:lanes":"2|","mindistance:hgv":"150","motorroad":"yes","oneway":"yes","ref":"A13","shoulder":"none","source:maxspeed":"sign","surface":"asphalt","toll":"yes"},"geometry":{"type":"LineString","coordinates":[[9.43051677302,46.74758520576],[9.4321839,46.7443573],[9.4323129,46.7440906],[9.4338454,46.7410245],[9.4346746,46.7394769],[9.435012,46.7389357],[9.435371,46.738387],[9.4358549,46.7377633],[9.4363257,46.7371748],[9.4366159,46.7368382],[9.437353,46.7360627],[9.4380433,46.7353038],[9.4386014,46.7346143],[9.4389597,46.7341086],[9.4393098,46.7335789],[9.4396487,46.7329391]]}},{"type":"Feature","properties":{"carriage_ref":"A","change:lanes:backward":"no","change:lanes:forward":"no","destination:backward":"Chur;Sufers","destination:forward":"San Bernardino;Medels","highway":"trunk","int_ref":"E 43","lanes":"2","maxspeed":"80","mindistance:hgv":"150","motorroad":"yes","oneway":"no","overtaking":"no","ref":"A13","shoulder:left":"yes","shoulder:right":"yes","source:maxspeed":"sign","surface":"asphalt","toll":"yes"},"geometry":{"type":"LineString","coordinates":[[9.3206602,46.5508495],[9.3201694,46.5506958],[9.3197009,46.5505402],[9.319399,46.5504333]]}},{"type":"Feature","properties":{"carriage_ref":"A","highway":"motorway","int_ref":"E 43","lanes":"3","maxspeed":"100","oneway":"yes","placement":"right_of:1","ref":"A13","shoulder:right":"yes","source:maxspeed":"sign","surface":"asphalt","toll":"yes","turn:lanes":"||merge_to_left"},"geometry":{"type":"LineString","coordinates":[[9.0954454,46.2312893],[9.0947618,46.2312198]]}},{"type":"Feature","properties":{"avalanche_protector:left":"open","avz":"44","carriage_ref":"A","change:lanes:backward":"no","change:lanes:forward":"no","cs_dir:backward":"2","cs_dir:forward":"1","hazmat:E":"no","highway":"trunk","int_ref":"E 43","lanes":"2","layer":"-1","lit":"24/7","maxspeed":"80","maxspeed:variable":"yes","mindistance:hgv":"150","motorroad":"yes","oneway":"no","overtaking":"no","ref":"A13","shoulder":"none","source:maxspeed":"sign","ssvz":"263N","surface":"asphalt","toll":"yes","tunnel":"avalanche_protector","tunnel:name":"San-Bernardino-Tunnel"},"geometry":{"type":"LineString","coordinates":[[9.1865466,46.5239148],[9.1861857,46.5234518]]}},{"type":"Feature","properties":{"carriage_ref":"B","change:lanes:backward":"no","change:lanes:forward":"no","highway":"trunk","int_ref":"E 43","lanes":"2","maxspeed":"80","mindistance:hgv":"150","motorroad":"yes","oneway":"no","overtaking":"no","ref":"A13","shoulder:left":"yes","shoulder:right":"yes","source:maxspeed":"sign","surface":"asphalt","toll":"yes"},"geometry":{"type":"LineString","coordinates":[[9.31311596341,46.5469784764],[9.31335116341,46.54705817648],[9.31352616341,46.54712837655],[9.31378636341,46.54725137668],[9.31400426341,46.54736347679],[9.31430266341,46.54753057696],[9.31459506341,46.54771407714],[9.31514896341,46.5480737775],[9.31563976341,46.54838457781],[9.31628956341,46.54879437822],[9.31683736341,46.54912247855],[9.31727196341,46.5493704788],[9.31756696341,46.54953107896]]}},{"type":"Feature","properties":{"carriage_ref":"B","change:lanes":"not_left|not_right|no","destination":"St. Margrethen","hazmat:water":"permissive","highway":"motorway","int_ref":"E 43","lanes":"3","maxspeed":"120","oneway":"yes","placement":"right_of:1","ref":"A13","shoulder:right":"yes","source:maxspeed":"CH:motorway","surface":"asphalt","toll":"yes"},"geometry":{"type":"LineString","coordinates":[[9.6423765,47.4337127],[9.6423382,47.4340862]]}},{"type":"Feature","properties":{"carriage_ref":"B","change:lanes:backward":"no","change:lanes:forward":"no","highway":"trunk","int_ref":"E 43","lanes":"2","maxspeed":"80","mindistance:hgv":"150","motorroad":"yes","oneway":"no","ref":"A13","shoulder":"none","source:maxspeed":"sign","surface":"asphalt","toll":"yes"},"geometry":{"type":"LineString","coordinates":[[9.40858056341,46.82270605297],[9.40923546341,46.82299395326],[9.40956136341,46.82312965339],[9.40988006341,46.82327215354],[9.41023216341,46.82341205368],[9.41078396341,46.82358365385],[9.41157826341,46.82380185407]]}},{"type":"Feature","properties":{"bridge":"yes","carriage_ref":"B","highway":"motorway","int_ref":"E 43","lanes":"2","layer":"1","maxspeed":"120","oneway":"yes","ref":"A13","shoulder:right":"yes","source:maxspeed":"CH:motorway","surface":"asphalt","toll":"yes"},"geometry":{"type":"LineString","coordinates":[[9.5169324,47.242748],[9.517024,47.2429115]]}},{"type":"Feature","properties":{"carriage_ref":"B","highway":"motorway","int_ref":"E 43","lanes":"2","maxspeed":"120","oneway":"yes","ref":"A13","shoulder:right":"yes","source:maxspeed":"CH:motorway","surface":"asphalt","toll":"yes"},"geometry":{"type":"LineString","coordinates":[[9.5750185,47.310752],[9.5759908,47.3111837],[9.5780247,47.3121489],[9.5793244,47.3128588],[9.579901,47.313197],[9.5804076,47.3135285],[9.5811604,47.3140476],[9.5818938,47.3145949],[9.5826639,47.3152358],[9.5833955,47.3159308],[9.5842297,47.3168135],[9.5849636,47.3177102],[9.5854937,47.3184793],[9.585961,47.3192584],[9.5866477,47.3205792],[9.5872486,47.3220223],[9.5878441,47.3234967],[9.5885157,47.3251682],[9.5900528,47.3290235],[9.59073,47.3306975]]}},{"type":"Feature","properties":{"carriage_ref":"B","highway":"motorway","int_ref":"E 43","lanes":"2","maxspeed":"120","oneway":"yes","ref":"A13","shoulder:right":"yes","source:maxspeed":"CH:motorway","surface":"asphalt","toll":"yes"},"geometry":{"type":"LineString","coordinates":[[9.5471761,46.9555493],[9.5480173,46.9573662],[9.5485428,46.9585188]]}},{"type":"Feature","properties":{"carriage_ref":"B","change:lanes:backward":"no","change:lanes:forward":"no|not_right","highway":"trunk","int_ref":"E 43","lanes":"3","lanes:backward":"1","lanes:forward":"2","maxspeed":"80","mindistance:hgv":"150","motorroad":"yes","oneway":"no","overtaking":"no","ref":"A13","shoulder":"none","source:maxspeed":"sign","surface":"asphalt","toll":"yes","turn:lanes:forward":"none|merge_to_left"},"geometry":{"type":"LineString","coordinates":[[9.19218806341,46.52925445867],[9.19272086341,46.52950025892],[9.19304676341,46.52964875906],[9.19336356341,46.5297870592]]}},{"type":"Feature","properties":{"bridge":"yes","carriage_ref":"A","highway":"motorway","int_ref":"E 43","lanes":"2","layer":"1","maxspeed":"120","oneway":"yes","ref":"A13","shoulder":"none","source:maxspeed":"CH:motorway","surface":"asphalt","toll":"yes"},"geometry":{"type":"LineString","coordinates":[[9.2163476,46.3480661],[9.2162963,46.3476127],[9.216271,46.3472555]]}},{"type":"Feature","properties":{"avz":"96","carriage_ref":"B","cs_dir:forward":"2","highway":"motorway","int_ref":"E 43","lanes":"2","maxspeed":"120","oneway":"yes","ref":"A13","shoulder:right":"yes","source:maxspeed":"CH:motorway","ssvz":"250N","surface":"asphalt","toll":"yes"},"geometry":{"type":"LineString","coordinates":[[9.4524679,46.8378371],[9.4541022,46.8376501],[9.4549457,46.8375505],[9.4556472,46.8374905],[9.4563056,46.8374606],[9.4569199,46.8374556],[9.4575207,46.8374817],[9.458082,46.8375342]]}},{"type":"Feature","properties":{"carriage_ref":"A","highway":"motorway","int_ref":"E 43","lanes":"2","maxspeed":"120","oneway":"yes","ref":"A13","surface":"asphalt","toll":"yes"},"geometry":{"type":"LineString","coordinates":[[9.5265896,47.2589464],[9.5261709,47.2582444],[9.5257039,47.2574952],[9.5252611,47.256816],[9.5247754,47.2561004],[9.5222427,47.2524876],[9.5212211,47.2508775],[9.5200312,47.2487863],[9.5193957,47.2475546],[9.5189513,47.2467267]]}},{"type":"Feature","properties":{"carriage_ref":"B","highway":"trunk","incline":"8%","int_ref":"E 43","lanes":"2","maxspeed":"100","mindistance:hgv":"150","motorroad":"yes","oneway":"no","ref":"A13","shoulder":"none","source:incline":"signpost","source:maxspeed":"sign","surface":"asphalt","toll":"yes"},"geometry":{"type":"LineString","coordinates":[[9.23552216341,46.41253484201],[9.23530816341,46.4127220422],[9.23508226341,46.41286594234],[9.23489456341,46.41296384244],[9.23473626341,46.4130267425],[9.23449756341,46.41310444258]]}},{"type":"Feature","properties":{"carriage_ref":"B","change:lanes:backward":"no","change:lanes:forward":"not_left|not_right","highway":"trunk","int_ref":"E 43","lanes":"3","lanes:forward":"2","maxspeed":"80","mindistance:hgv":"150","motorroad":"yes","oneway":"no","placement:backward":"left_of:1","ref":"A13","shoulder":"none","source:maxspeed":"sign","surface":"asphalt","toll":"yes","turn:lanes:forward":"|merge_to_left"},"geometry":{"type":"LineString","coordinates":[[9.44847666341,46.66587239551],[9.44851106341,46.66590629554]]}},{"type":"Feature","properties":{"bridge":"yes","carriage_ref":"A","change:lanes:backward":"no","change:lanes:forward":"not_left|no","destination:lanes:forward":"San Bernardino;Medels|Splügen;Splügenpass","highway":"trunk","int_ref":"E 43","lanes":"3","lanes:backward":"1","layer":"1","maxspeed":"80","mindistance:hgv":"150","motorroad":"yes","oneway":"no","overtaking":"no","placement:backward":"left_of:1","ref":"A13","shoulder":"none","source:maxspeed":"sign","surface":"asphalt","toll":"yes","turn:lanes:forward":"|slight_right"},"geometry":{"type":"LineString","coordinates":[[9.321038,46.5509525],[9.3206602,46.5508495]]}},{"type":"Feature","properties":{"carriage_ref":"A","hazmat:water":"permissive","highway":"motorway","int_ref":"E 43","lanes":"3","maxspeed":"120","oneway":"yes","placement":"right_of:1","ref":"A13","surface":"asphalt","toll":"yes","turn:lanes":"||merge_to_left"},"geometry":{"type":"LineString","coordinates":[[9.6539271,47.4484162],[9.6538803,47.4481094],[9.6538228,47.4478424],[9.6537636,47.4476373],[9.6536148,47.4472306],[9.6535298,47.4470206],[9.6534151,47.4468138]]}},{"type":"Feature","properties":{"carriage_ref":"A","change:lanes:backward":"no","change:lanes:forward":"no","highway":"trunk","int_ref":"E 43","lanes":"2","lit":"yes","maxspeed":"80","mindistance:hgv":"150","motorroad":"yes","oneway":"no","ref":"A13","shoulder":"none","source:maxspeed":"sign","surface":"asphalt","toll":"yes"},"geometry":{"type":"LineString","coordinates":[[9.4112547,46.8096634],[9.4114592,46.8094154],[9.4116777,46.8091504]]}},{"type":"Feature","properties":{"bridge":"yes","carriage_ref":"B","change:lanes:backward":"no","change:lanes:forward":"no","highway":"trunk","int_ref":"E 43","lanes":"2","layer":"1","maxspeed":"80","mindistance:hgv":"150","motorroad":"yes","oneway":"no","overtaking":"no","ref":"A13","shoulder:left":"yes","shoulder:right":"yes","source:maxspeed":"sign","surface":"asphalt","toll":"yes"},"geometry":{"type":"LineString","coordinates":[[9.32707496341,46.55245578189],[9.32734846341,46.55257948201],[9.32758886341,46.55270958214],[9.32786126341,46.55288178231],[9.32809636341,46.55306178249]]}},{"type":"Feature","properties":{"carriage_ref":"A","highway":"trunk","int_ref":"E 43","lanes":"2","maxspeed":"100","maxwidth:lanes":"2|","mindistance:hgv":"150","motorroad":"yes","oneway":"yes","ref":"A13","shoulder":"none","source:maxspeed":"sign","surface":"asphalt","toll":"yes"},"geometry":{"type":"LineString","coordinates":[[9.4487729,46.7059164],[9.448666,46.7054219],[9.4484463,46.7045793],[9.4481242,46.7035929],[9.4478331,46.7026344],[9.4474778,46.7015381],[9.4472887,46.700943]]}},{"type":"Feature","properties":{"bridge":"yes","carriage_ref":"A","highway":"trunk","int_ref":"E 43","lanes":"1","layer":"1","maxspeed":"80","motorroad":"yes","oneway":"yes","ref":"A13","shoulder:right":"yes","source:maxspeed":"sign","surface":"asphalt","toll":"yes"},"geometry":{"type":"LineString","coordinates":[[9.1408516,46.2395164],[9.1407374,46.2393188]]}},{"type":"Feature","properties":{"carriage_ref":"B","change:lanes:backward":"no","change:lanes:forward":"not_left|not_right","highway":"trunk","int_ref":"E 43","lanes":"3","lanes:forward":"2","maxspeed":"80","mindistance:hgv":"150","motorroad":"yes","oneway":"no","overtaking":"no","placement:forward":"left_of:1","ref":"A13","shoulder:left":"yes","shoulder:right":"yes","source:maxspeed":"sign","surface":"asphalt","toll":"yes","turn:lanes:forward":"|merge_to_left"},"geometry":{"type":"LineString","coordinates":[[9.29937886341,46.54550497493],[9.30015406341,46.54581867524]]}},{"type":"Feature","properties":{"carriage_ref":"B","destination":"Haag","highway":"motorway","int_ref":"E 43","lanes":"2","maxspeed":"120","oneway":"yes","ref":"A13","shoulder:right":"yes","source:maxspeed":"CH:motorway","surface":"asphalt","toll":"yes"},"geometry":{"type":"LineString","coordinates":[[9.4895231,47.1630534],[9.4888244,47.164579],[9.4885892,47.1651067],[9.4879395,47.1666391],[9.4875319,47.1676631],[9.4870731,47.1688915],[9.4865309,47.17047],[9.4863806,47.1709448],[9.4857476,47.1730777],[9.4856807,47.1733201]]}},{"type":"Feature","properties":{"carriage_ref":"A","highway":"motorway","int_ref":"E 43","lanes":"3","maxspeed":"120","oneway":"yes","ref":"A13","surface":"asphalt","toll":"yes","turn:lanes":"none|none|merge_to_left"},"geometry":{"type":"LineString","coordinates":[[9.6442367,47.3925293],[9.643866,47.3917609],[9.643227,47.39051]]}},{"type":"Feature","properties":{"carriage_ref":"B","change:lanes:backward":"not_left|not_right","change:lanes:forward":"no","highway":"trunk","int_ref":"E 43","lanes":"3","lanes:backward":"2","maxspeed":"80","mindistance:hgv":"150","motorroad":"yes","oneway":"no","overtaking":"no","placement:forward":"left_of:1","ref":"A13","shoulder":"none","source:maxspeed":"sign","surface":"asphalt","toll":"yes","turn:lanes:backward":"|slight_right"},"geometry":{"type":"LineString","coordinates":[[9.37183026341,46.57069610014],[9.37218076341,46.5707558002]]}},{"type":"Feature","properties":{"bridge":"yes","carriage_ref":"A","highway":"motorway","int_ref":"E 43","lanes":"2","layer":"1","maxspeed":"120","oneway":"yes","ref":"A13","surface":"asphalt","toll":"yes"},"geometry":{"type":"LineString","coordinates":[[9.5189513,47.2467267],[9.5188745,47.2465709]]}},{"type":"Feature","properties":{"carriage_ref":"B","change:lanes:backward":"no|not_right","change:lanes:forward":"no","highway":"trunk","int_ref":"E 43","lanes:backward":"2","lanes:forward":"1","maxspeed":"80","mindistance:hgv":"150","motorroad":"yes","oneway":"no","overtaking":"no","placement:backward":"left_of:1","ref":"A13","shoulder":"none","source:maxspeed":"sign","surface":"asphalt","toll":"yes","turn:lanes:backward":"through|right"},"geometry":{"type":"LineString","coordinates":[[9.19130326341,46.52884675826],[9.19171096341,46.52904725846]]}},{"type":"Feature","properties":{"carriage_ref":"B","change:lanes:backward":"no","change:lanes:forward":"not_left|not_right","highway":"trunk","incline":"8%","int_ref":"E 43","lanes":"3","lanes:forward":"2","maxspeed":"100","mindistance:hgv":"150","motorroad":"yes","oneway":"no","overtaking:backward":"no","overtaking:hgv:forward":"no","placement:forward":"middle_of:1","ref":"A13","shoulder":"none","source:incline":"signpost","source:maxspeed":"sign","surface":"asphalt","toll":"yes","turn:lanes:forward":"merge_to_right|"},"geometry":{"type":"LineString","coordinates":[[9.19207006341,46.44351187295],[9.19200336341,46.44371617315],[9.19195326341,46.44395007339],[9.19192826341,46.44422527366],[9.19191916341,46.44459327403],[9.19191616341,46.44493787437]]}},{"type":"Feature","properties":{"bridge":"yes","carriage_ref":"B","change:lanes:backward":"no","change:lanes:forward":"no","highway":"trunk","int_ref":"E 43","lanes":"2","layer":"1","maxspeed":"80","mindistance:hgv":"150","motorroad":"yes","oneway":"no","overtaking":"no","ref":"A13","shoulder":"none","source:maxspeed":"sign","surface":"asphalt","toll":"yes"},"geometry":{"type":"LineString","coordinates":[[9.34350926341,46.55987748931],[9.34393976341,46.55993838938]]}},{"type":"Feature","properties":{"carriage_ref":"A","change:lanes:backward":"not_left|not_right","change:lanes:forward":"no","highway":"trunk","int_ref":"E 43","lanes":"3","lanes:backward":"2","maxspeed":"80","mindistance:hgv":"150","motorroad":"yes","oneway":"no","overtaking":"no","placement:backward":"left_of:1","ref":"A13","shoulder":"none","source:maxspeed":"sign","surface":"asphalt","toll":"yes","turn:lanes:backward":"|slight_right"},"geometry":{"type":"LineString","coordinates":[[9.3660325,46.5678801],[9.3657334,46.5677999],[9.3654193,46.5677307]]}},{"type":"Feature","properties":{"carriage_ref":"B","change:lanes:backward":"no","change:lanes:forward":"no","highway":"trunk","int_ref":"E 43","lanes":"2","layer":"-1","lit":"24/7","maxspeed":"80","mindistance:hgv":"150","motorroad":"yes","oneway":"no","overtaking":"no","ref":"A13","shoulder":"none","source:maxspeed":"sign","surface":"asphalt","toll":"yes","tunnel":"yes","tunnel:name":"Cassanawald"},"geometry":{"type":"LineString","coordinates":[[9.21800606341,46.5332816627],[9.21902286341,46.53366956309],[9.22007696341,46.53419166361],[9.22411876341,46.53591416533],[9.22552386341,46.53672766615],[9.22627256341,46.53706086648],[9.22666566341,46.53721546663],[9.22738156341,46.53757386699]]}},{"type":"Feature","properties":{"carriage_ref":"B","highway":"motorway","int_ref":"E 43","lanes":"2","maxspeed":"100","mindistance:hgv":"150","oneway":"yes","ref":"A13","shoulder":"none","source:maxspeed":"sign","surface":"asphalt","toll":"yes","turn:lanes":"merge_to_right|"},"geometry":{"type":"LineString","coordinates":[[9.2249926,46.3611292],[9.225466,46.3614655],[9.2256001,46.3615673]]}},{"type":"Feature","properties":{"carriage_ref":"B","destination:lanes":"Au|Au|Widnau;Diepoldsau;Heerbrugg","highway":"motorway","int_ref":"E 43","lanes":"3","maxspeed":"120","oneway":"yes","placement":"right_of:1","ref":"A13","shoulder:right":"yes","source:maxspeed":"CH:motorway","surface":"asphalt","toll":"yes","turn:lanes":"none|none|slight_right"},"geometry":{"type":"LineString","coordinates":[[9.6415847,47.3873272],[9.6420698,47.3881416]]}},{"type":"Feature","properties":{"carriage_ref":"B","change:lanes:backward":"no","change:lanes:forward":"no","highway":"trunk","incline":"-8%","int_ref":"E 43","lanes":"2","maxspeed":"100","mindistance:hgv":"150","motorroad":"yes","oneway":"no","ref":"A13","shoulder":"none","source:incline":"signpost","source:maxspeed":"sign","surface":"asphalt","toll":"yes"},"geometry":{"type":"LineString","coordinates":[[9.42700436341,46.59405882354],[9.42704936341,46.59418492366],[9.42712136341,46.5943225238],[9.42718486341,46.59443012391]]}},{"type":"Feature","properties":{"carriage_ref":"A","change:lanes:backward":"no|not_right","change:lanes:forward":"not_left|not_right","destination:lanes:forward":"San Bernardino;Medels|Splügen;Splügenpass","highway":"trunk","int_ref":"E 43","lanes":"4","lanes:backward":"2","maxspeed":"80","mindistance:hgv":"150","motorroad":"yes","oneway":"no","overtaking":"no","placement:backward":"left_of:1","ref":"A13","shoulder":"none","source:maxspeed":"sign","surface":"asphalt","toll":"yes","turn:lanes:backward":"|merge_to_left","turn:lanes:forward":"|slight_right"},"geometry":{"type":"LineString","coordinates":[[9.3224214,46.551301],[9.3220215,46.551205]]}},{"type":"Feature","properties":{"carriage_ref":"A","highway":"motorway","int_ref":"E 43","lanes":"3","maxspeed":"120","oneway":"yes","placement":"right_of:1","ref":"A13","shoulder":"none","source:maxspeed":"CH:motorway","surface":"asphalt","toll":"yes","turn:lanes":"||merge_to_left"},"geometry":{"type":"LineString","coordinates":[[9.2007003,46.3146627],[9.1998777,46.3136423],[9.1993515,46.3129812]]}},{"type":"Feature","properties":{"carriage_ref":"B","change:lanes:backward":"no","change:lanes:forward":"no|not_right","destination:backward":"Lostallo","highway":"trunk","incline":"8%","int_ref":"E 43","lanes":"3","lanes:forward":"2","maxspeed":"80","mindistance:hgv":"150","motorroad":"yes","oneway":"no","overtaking":"no","placement:forward":"left_of:1","ref":"A13","shoulder":"none","source:incline":"signpost","surface":"asphalt","toll":"yes","turn:lanes:forward":"|merge_to_left"},"geometry":{"type":"LineString","coordinates":[[9.23317994562,46.38311571209],[9.23331406341,46.38335251288]]}},{"type":"Feature","properties":{"bridge":"yes","carriage_ref":"B","destination":"Maienfeld","highway":"motorway","int_ref":"E 43","lanes":"2","layer":"1","maxspeed":"120","oneway":"yes","ref":"A13","shoulder:right":"yes","source:maxspeed":"CH:motorway","surface":"asphalt","toll":"yes"},"geometry":{"type":"LineString","coordinates":[[9.5522404,46.9713776],[9.5521501,46.9717447]]}},{"type":"Feature","properties":{"carriage_ref":"B","destination:lanes":"||Rothenbrunnen;Bonaduz;Rhäzüns","highway":"trunk","int_ref":"E 43","lanes":"3","maxspeed":"100","maxwidth:lanes":"2||","mindistance:hgv":"150","motorroad":"yes","oneway":"yes","placement":"right_of:1","ref":"A13","shoulder":"none","source:maxspeed":"sign","surface":"asphalt","toll":"yes","turn:lanes":"||slight_right"},"geometry":{"type":"LineString","coordinates":[[9.4234824,46.7614389],[9.4233339,46.7618321]]}},{"type":"Feature","properties":{"avz":"539","bridge":"yes","carriage_ref":"A","change:lanes:backward":"no","change:lanes:forward":"no","cs_dir:forward":"1","highway":"trunk","int_ref":"E 43","lanes":"2","layer":"1","maxspeed":"80","mindistance:hgv":"150","motorroad":"yes","oneway":"no","overtaking":"no","ref":"A13","shoulder":"none","source:maxspeed":"sign","surface":"asphalt","toll":"yes"},"geometry":{"type":"LineString","coordinates":[[9.2391751,46.5380537],[9.2387992,46.5380135]]}},{"type":"Feature","properties":{"carriage_ref":"B","change:lanes:backward":"no","change:lanes:forward":"no","highway":"trunk","incline":"8%","int_ref":"E 43","lanes":"2","maxspeed":"80","mindistance:hgv":"150","motorroad":"yes","overtaking":"no","ref":"A13","shoulder":"none","source:incline":"signpost","source:maxspeed":"sign","surface":"asphalt","toll":"yes"},"geometry":{"type":"LineString","coordinates":[[9.23279636872,46.38251944793],[9.23317994562,46.38311571209]]}},{"type":"Feature","properties":{"bridge":"yes","carriage_ref":"B","change:lanes:backward":"no","change:lanes:forward":"no","highway":"trunk","int_ref":"E 43","lanes":"2","layer":"1","maxspeed":"80","mindistance:hgv":"150","motorroad":"yes","oneway":"no","overtaking":"no","ref":"A13","shoulder:left":"yes","shoulder:right":"yes","source:maxspeed":"sign","surface":"asphalt","toll":"yes"},"geometry":{"type":"LineString","coordinates":[[9.32397476341,46.55162558105],[9.32420546341,46.55168068111]]}},{"type":"Feature","properties":{"carriage_ref":"B","change:lanes:backward":"not_left|not_right","change:lanes:forward":"not_left|not_right","highway":"trunk","int_ref":"E 43","lanes":"4","lanes:backward":"2","maxspeed":"100","mindistance:hgv":"150","motorroad":"yes","oneway":"no","ref":"A13","shoulder:left":"yes","shoulder:right":"yes","source:maxspeed":"sign","surface":"asphalt","toll":"yes","turn:lanes:backward":"merge_to_right|"},"geometry":{"type":"LineString","coordinates":[[9.43333796341,46.60810423761],[9.43353866341,46.60838443789],[9.43368786341,46.60864773815],[9.43380946341,46.60895193846],[9.43386886341,46.60912593863]]}},{"type":"Feature","properties":{"carriage_ref":"A","highway":"trunk","incline":"-8%","int_ref":"E 43","lanes":"3","lanes:backward":"2","maxspeed:backward":"80","maxspeed:forward":"100","mindistance:hgv":"150","motorroad":"yes","placement:backward":"left_of:1","ref":"A13","shoulder":"none","source:incline":"signpost","surface":"asphalt","toll":"yes","turn:lanes:backward":"|merge_to_left"},"geometry":{"type":"LineString","coordinates":[[9.2292854,46.3997958],[9.2292534,46.399493]]}},{"type":"Feature","properties":{"bridge":"yes","bridge:name":"Naninbrücke","carriage_ref":"B","highway":"trunk","incline":"8%","int_ref":"E 43","lanes":"2","layer":"1","maxspeed":"100","mindistance:hgv":"150","motorroad":"yes","oneway":"no","ref":"A13","shoulder":"none","source:incline":"signpost","source:maxspeed":"sign","surface":"asphalt","toll":"yes","wikidata":"Q36954278","wikipedia":"de:Naninbrücke"},"geometry":{"type":"LineString","coordinates":[[9.23115287875,46.41272346557],[9.22968838246,46.41219269019],[9.22924302478,46.41213727005]]}},{"type":"Feature","properties":{"carriage_ref":"B","change:lanes:backward":"no","change:lanes:forward":"no","highway":"trunk","int_ref":"E 43","lanes":"2","maxspeed":"80","mindistance:hgv":"150","motorroad":"yes","oneway":"no","ref":"A13","shoulder":"none","source:maxspeed":"sign","surface":"asphalt","toll":"yes"},"geometry":{"type":"LineString","coordinates":[[9.40958576341,46.81165524186],[9.40953686341,46.81171924192],[9.40941196341,46.81188264209],[9.40871196341,46.81274934296],[9.40805066341,46.8135873438],[9.40751326341,46.81430334452],[9.40707846341,46.81496494519],[9.40673366341,46.81552394575],[9.40644296341,46.81603834627],[9.40616916341,46.81660594684],[9.40597866341,46.8170669473],[9.40586346341,46.81742834766],[9.40580356341,46.8176675479],[9.40574446341,46.8179637482],[9.40570776341,46.81831844856],[9.40569816341,46.81854984879],[9.40570746341,46.81879164903],[9.40572716341,46.81901294926],[9.40576066341,46.81922284947],[9.40579876341,46.81942364967],[9.40589436341,46.81973144998],[9.40599886341,46.82000655025],[9.40608376341,46.82019115044]]}},{"type":"Feature","properties":{"carriage_ref":"A","change:lanes:backward":"no","change:lanes:forward":"no","highway":"trunk","int_ref":"E 43","lanes":"2","layer":"-1","lit":"24/7","maxspeed":"80","mindistance:hgv":"150","motorroad":"yes","oneway":"no","overtaking":"no","ref":"A13","shoulder":"none","source:maxspeed":"sign","surface":"asphalt","toll":"yes","tunnel":"yes","tunnel:name":"Rofla"},"geometry":{"type":"LineString","coordinates":[[9.4158607,46.5729547],[9.4156802,46.572678],[9.4154534,46.5724187],[9.4151908,46.5722231],[9.4147417,46.5719896],[9.4141885,46.5717706],[9.4135062,46.5715817],[9.4123576,46.5712785],[9.4095792,46.5705285],[9.4076976,46.5700064],[9.4071902,46.5698235],[9.4067211,46.5695496],[9.4062587,46.5692484],[9.4058898,46.5689488],[9.4055518,46.5686162],[9.4053199,46.56828],[9.4051856,46.5680094]]}},{"type":"Feature","properties":{"carriage_ref":"B","highway":"motorway","int_ref":"E 43","lanes":"2","maxspeed":"120","oneway":"yes","ref":"A13","shoulder":"none","source:maxspeed":"CH:motorway","surface":"asphalt","toll":"yes"},"geometry":{"type":"LineString","coordinates":[[9.1849099,46.2960364],[9.185611,46.296588],[9.1862896,46.2971681],[9.1873579,46.298163],[9.1880009,46.2988007],[9.1887247,46.2995863],[9.1893527,46.3003221],[9.1900547,46.3011937],[9.1926599,46.3044599],[9.1953287,46.3077895],[9.1974905,46.310489],[9.1984405,46.3116689],[9.1999928,46.3136034]]}},{"type":"Feature","properties":{"carriage_ref":"A","change:lanes:backward":"no","change:lanes:forward":"no","highway":"trunk","int_ref":"E 43","lanes":"2","maxspeed":"80","mindistance:hgv":"150","motorroad":"yes","oneway":"no","ref":"A13","shoulder":"none","source:maxspeed":"sign","surface":"asphalt","toll":"yes"},"geometry":{"type":"LineString","coordinates":[[9.4477194,46.6452955],[9.4476025,46.6451496],[9.4474641,46.6449824],[9.4471945,46.6446827]]}},{"type":"Feature","properties":{"avz":"320","carriage_ref":"A","cs_dir:forward":"1","highway":"motorway","int_ref":"E 43","lanes":"2","maxspeed":"120","oneway":"yes","ref":"A13","shoulder:right":"yes","source:maxspeed":"CH:motorway","surface":"asphalt","toll":"yes"},"geometry":{"type":"LineString","coordinates":[[9.5382059,46.8871418],[9.5376051,46.8862362],[9.5366932,46.884986],[9.536087,46.8840694]]}},{"type":"Feature","properties":{"carriage_ref":"B","change:lanes:backward":"no","change:lanes:forward":"no","highway":"trunk","incline":"8%","int_ref":"E 43","lanes":"2","maxspeed":"80","mindistance:hgv":"150","motorroad":"yes","oneway":"no","overtaking":"no","ref":"A13","shoulder":"none","source:incline":"signpost","source:maxspeed":"sign","surface":"asphalt","toll":"yes"},"geometry":{"type":"LineString","coordinates":[[9.23140906341,46.42181125127],[9.23135976341,46.42196025142],[9.23122636341,46.42227575174],[9.23108216341,46.42255155201]]}},{"type":"Feature","properties":{"carriage_ref":"B","highway":"trunk","incline":"8%","int_ref":"E 43","lanes":"2","maxspeed:backward":"100","maxspeed:forward":"80","mindistance:hgv":"150","motorroad":"yes","oneway":"no","ref":"A13","shoulder":"none","source:incline":"signpost","source:maxspeed":"sign","surface":"asphalt","toll":"yes"},"geometry":{"type":"LineString","coordinates":[[9.22920956341,46.39898372848],[9.22924456341,46.39918032867],[9.22929026341,46.39943852893]]}},{"type":"Feature","properties":{"carriage_ref":"A","change:lanes:backward":"no","change:lanes:forward":"no","highway":"trunk","int_ref":"E 43","lanes":"2","layer":"-1","lit":"24/7","maxspeed":"80","mindistance:hgv":"150","motorroad":"yes","oneway":"no","ref":"A13","shoulder":"none","source:maxspeed":"sign","surface":"asphalt","toll":"yes","tunnel":"yes","tunnel:name":"Rongellen III"},"geometry":{"type":"LineString","coordinates":[[9.4479892,46.6746145],[9.4479337,46.6743607],[9.4479116,46.6741204],[9.4479954,46.6738362],[9.4482041,46.6734773]]}},{"type":"Feature","properties":{"carriage_ref":"B","highway":"trunk","incline":"8%","int_ref":"E 43","lanes":"2","maxspeed":"100","mindistance:hgv":"150","motorroad":"yes","oneway":"no","ref":"A13","shoulder":"none","source:incline":"signpost","source:maxspeed":"sign","surface":"asphalt","toll":"yes"},"geometry":{"type":"LineString","coordinates":[[9.23067886341,46.40777433725],[9.23062176341,46.40794663743],[9.23057076341,46.40816113764],[9.23055736341,46.40837373785],[9.23058826341,46.40855623804],[9.23064956341,46.40874353822],[9.23074776341,46.40894523842],[9.23081626341,46.40905933854],[9.23088996341,46.40915613863],[9.23102016341,46.40930533878],[9.23120116341,46.40947233895]]}},{"type":"Feature","properties":{"carriage_ref":"A","change:lanes:backward":"no","change:lanes:forward":"no","highway":"trunk","int_ref":"E 43","lanes":"2","layer":"-1","lit":"24/7","maxheight":"default","maxspeed":"80","mindistance:hgv":"150","motorroad":"yes","oneway":"no","ref":"A13","shoulder":"none","source:maxspeed":"sign","surface":"asphalt","toll":"yes","tunnel":"yes","tunnel:name":"Bargias"},"geometry":{"type":"LineString","coordinates":[[9.45078102884,46.65681069021],[9.4511628,46.6567064],[9.451426,46.6565778],[9.4516773,46.6563906],[9.4519002,46.6561578],[9.4520938,46.6557917],[9.4522074,46.6554374],[9.4522333,46.6550921],[9.4521899,46.6547969],[9.4520321,46.6542637],[9.4518125,46.6537006]]}},{"type":"Feature","properties":{"carriage_ref":"A","change:lanes":"not_left|not_right|no","hazmat:water":"permissive","highway":"motorway","int_ref":"E 43","lanes":"3","maxspeed":"120","oneway":"yes","placement":"right_of:1","ref":"A13","surface":"asphalt","toll":"yes"},"geometry":{"type":"LineString","coordinates":[[9.6444169,47.4288285],[9.6445718,47.4285282]]}},{"type":"Feature","properties":{"carriage_ref":"B","change:lanes:backward":"no|no","change:lanes:forward":"no","highway":"trunk","int_ref":"E 43","lanes":"3","lanes:backward":"2","maxspeed":"80","mindistance:hgv":"150","motorroad":"yes","oneway":"no","placement:backward":"left_of:1","ref":"A13","shoulder":"none","source:maxspeed":"sign","surface":"asphalt","toll":"yes","turn:lanes:backward":"|slight_right"},"geometry":{"type":"LineString","coordinates":[[9.40725026341,46.821746652],[9.40733476341,46.82181615207]]}},{"type":"Feature","properties":{"carriage_ref":"B","destination":"Sennwald","highway":"motorway","int_ref":"E 43","lanes":"3","maxspeed":"120","oneway":"yes","placement":"right_of:1","ref":"A13","shoulder:right":"yes","source:maxspeed":"CH:motorway","surface":"asphalt","toll":"yes"},"geometry":{"type":"LineString","coordinates":[[9.4976968,47.2134966],[9.4981775,47.2150643]]}},{"type":"Feature","properties":{"carriage_ref":"A","highway":"motorway","int_ref":"E 43","lanes":"2","maxspeed":"120","oneway":"yes","ref":"A13","surface":"asphalt","toll":"yes"},"geometry":{"type":"LineString","coordinates":[[9.4945428,47.2066343],[9.4936626,47.2051809],[9.4924123,47.2033042],[9.4898031,47.1994438],[9.4890012,47.1982356],[9.4882149,47.1970284],[9.4877054,47.1961635],[9.4872164,47.195273],[9.4867611,47.1943662],[9.4863464,47.1934906],[9.4859913,47.1926384],[9.4856829,47.1918477],[9.4852264,47.1905481],[9.4848745,47.1892649],[9.4844453,47.1872175],[9.4841792,47.1850593],[9.4840934,47.1836592],[9.4841007,47.181519],[9.4842037,47.179903],[9.4844011,47.1782812],[9.4847795,47.1763874],[9.4850921,47.1750504],[9.485158,47.1747444]]}},{"type":"Feature","properties":{"carriage_ref":"A","highway":"trunk","incline":"-8%","int_ref":"E 43","lanes":"2","maxspeed":"80","mindistance:hgv":"150","motorroad":"yes","oneway":"yes","placement":"middle_of:1","ref":"A13","shoulder":"none","source:incline":"signpost","source:maxspeed":"sign","surface":"asphalt","toll":"yes","turn:lanes":"|merge_to_left"},"geometry":{"type":"LineString","coordinates":[[9.2317022,46.3807714],[9.231395,46.3802585]]}},{"type":"Feature","properties":{"carriage_ref":"A","change:lanes:backward":"not_left|not_right","change:lanes:forward":"no","highway":"trunk","int_ref":"E 43","lanes":"3","lanes:backward":"2","maxspeed":"80","mindistance:hgv":"150","motorroad":"yes","oneway":"no","overtaking":"no","placement:backward":"left_of:1","ref":"A13","shoulder":"none","source:maxspeed":"sign","surface":"asphalt","toll":"yes","turn:lanes:backward":"|slight_right"},"geometry":{"type":"LineString","coordinates":[[9.2951819,46.5443654],[9.2947346,46.5443715]]}},{"type":"Feature","properties":{"bridge":"yes","carriage_ref":"B","highway":"motorway","int_ref":"E 43","lanes":"1","layer":"1","lit":"yes","maxspeed":"100","oneway":"yes","ref":"A13","shoulder:right":"yes","source:maxspeed":"sign","surface":"asphalt","toll":"yes"},"geometry":{"type":"LineString","coordinates":[[9.0470903,46.2215946],[9.0475676,46.2216423]]}},{"type":"Feature","properties":{"carriage_ref":"A","change:lanes:backward":"no","change:lanes:forward":"no","highway":"trunk","int_ref":"E 43","lanes":"2","maxspeed":"100","mindistance:hgv":"150","motorroad":"yes","oneway":"no","overtaking":"no","ref":"A13","shoulder":"none","source:maxspeed":"sign","surface":"asphalt","toll":"yes"},"geometry":{"type":"LineString","coordinates":[[9.1904987,46.4501856],[9.190553,46.4500098]]}},{"type":"Feature","properties":{"carriage_ref":"A","destination:colour:lanes":"green|green|blue;blue;blue","destination:country:lanes":"||A","destination:lanes":"Sennwald|Sennwald|Oberriet;Rüthi;Feldkirch","highway":"motorway","int_ref":"E 43","lanes":"3","maxspeed":"120","oneway":"yes","placement":"right_of:1","ref":"A13","surface":"asphalt","toll":"yes","turn:lanes":"none|none|slight_right"},"geometry":{"type":"LineString","coordinates":[[9.5743201,47.3105648],[9.573941,47.3103952]]}},{"type":"Feature","properties":{"carriage_ref":"B","highway":"trunk","int_ref":"E 43","lanes":"2","maxspeed":"80","maxwidth:lanes":"2|","mindistance:hgv":"150","motorroad":"yes","oneway":"yes","ref":"A13","shoulder":"none","source:maxspeed":"sign","surface":"asphalt","toll":"yes"},"geometry":{"type":"LineString","coordinates":[[9.2263051,46.3740233],[9.2267236,46.3743615],[9.2270514,46.3746936],[9.2272493,46.3749702],[9.227595,46.3754999]]}},{"type":"Feature","properties":{"carriage_ref":"A","change:lanes:backward":"no","change:lanes:forward":"no","destination:forward":"Rothenbrunnen","highway":"trunk","int_ref":"E 43","lanes":"2","maxspeed":"80","mindistance:hgv":"150","motorroad":"yes","oneway":"no","ref":"A13","shoulder":"none","source:maxspeed":"sign","surface":"asphalt","toll":"yes"},"geometry":{"type":"LineString","coordinates":[[9.4072134,46.8218007],[9.406996,46.8215922]]}},{"type":"Feature","properties":{"carriage_ref":"A","change:lanes:backward":"no","change:lanes:forward":"no","highway":"trunk","incline":"8%","int_ref":"E 43","lanes":"2","maxspeed":"100","mindistance:hgv":"150","motorroad":"yes","oneway":"no","ref":"A13","shoulder:left":"yes","shoulder:right":"yes","source:incline":"signpost","source:maxspeed":"sign","surface":"asphalt","toll":"yes"},"geometry":{"type":"LineString","coordinates":[[9.4327953,46.6075854],[9.4325201,46.6073166],[9.4321436,46.6069847],[9.4318271,46.6066917],[9.4315303,46.6063824],[9.4313174,46.6061536],[9.4311048,46.60589],[9.4309285,46.6056395],[9.4307686,46.605378],[9.4306228,46.6051051],[9.4305218,46.6048769],[9.4304377,46.6046537],[9.4303608,46.604418],[9.4302928,46.6041487],[9.4302482,46.6038854],[9.4302231,46.603607],[9.4302214,46.6033197],[9.4302258,46.6030062],[9.430267,46.6027336],[9.4303433,46.6024052],[9.4304229,46.6021299],[9.4305245,46.6018703],[9.4307073,46.6014465],[9.4308456,46.601149]]}},{"type":"Feature","properties":{"carriage_ref":"B","change:lanes:backward":"no","change:lanes:forward":"no","highway":"trunk","int_ref":"E 43","lanes":"2","maxspeed":"80","mindistance:hgv":"150","motorroad":"yes","oneway":"no","overtaking":"no","ref":"A13","shoulder":"none","source:maxspeed":"sign","surface":"asphalt","toll":"yes"},"geometry":{"type":"LineString","coordinates":[[9.41615956341,46.57341190286],[9.41622796341,46.57357880303]]}},{"type":"Feature","properties":{"carriage_ref":"A","change:lanes":"yes|not_right|yes","highway":"motorway","int_ref":"E 43","lanes":"3","maxspeed":"120","oneway":"yes","placement":"right_of:1","ref":"A13","shoulder:right":"yes","source:maxspeed":"CH:motorway","surface":"asphalt","toll":"yes","turn:lanes":"none|none|merge_to_left"},"geometry":{"type":"LineString","coordinates":[[9.5003274,46.8460642],[9.4993501,46.846029],[9.4983669,46.8460452]]}},{"type":"Feature","properties":{"carriage_ref":"A","change:lanes":"not_left|not_right|no","highway":"motorway","int_ref":"E 43","lanes":"2","maxspeed":"100","oneway":"yes","placement":"right_of:1","ref":"A13","shoulder:right":"yes","source:maxspeed":"sign","surface":"asphalt","toll":"yes"},"geometry":{"type":"LineString","coordinates":[[9.0981584,46.2315518],[9.0977016,46.2315074]]}},{"type":"Feature","properties":{"bridge":"yes","carriage_ref":"A","change:lanes:backward":"no","change:lanes:forward":"no","highway":"trunk","int_ref":"E 43","lanes":"2","layer":"1","maxspeed":"80","mindistance:hgv":"150","motorroad":"yes","oneway":"no","overtaking":"no","ref":"A13","shoulder":"none","source:maxspeed":"sign","surface":"asphalt","toll":"yes"},"geometry":{"type":"LineString","coordinates":[[9.3538561,46.5652018],[9.3534221,46.5650319]]}},{"type":"Feature","properties":{"bridge":"yes","carriage_ref":"A","highway":"motorway","int_ref":"E 43","lanes":"2","layer":"1","maxspeed":"100","oneway":"yes","ref":"A13","shoulder:right":"yes","source:maxspeed":"sign","surface":"asphalt","toll":"yes"},"geometry":{"type":"LineString","coordinates":[[9.1424674,46.2415943],[9.1422021,46.2413216],[9.1420278,46.2411324]]}},{"type":"Feature","properties":{"bridge":"yes","carriage_ref":"B","highway":"motorway","int_ref":"E 43","lanes":"2","layer":"1","maxspeed":"120","oneway":"yes","ref":"A13","shoulder:right":"yes","source:maxspeed":"CH:motorway","surface":"asphalt","toll":"yes"},"geometry":{"type":"LineString","coordinates":[[9.4651009,46.8396693],[9.4652377,46.839719]]}},{"type":"Feature","properties":{"carriage_ref":"B","change:lanes:backward":"no","change:lanes:forward":"no","highway":"trunk","int_ref":"E 43","lanes":"2","maxspeed":"60","mindistance:hgv":"150","motorroad":"yes","oneway":"no","overtaking":"no","ref":"A13","shoulder":"none","source:maxspeed":"sign","surface":"asphalt","toll":"yes"},"geometry":{"type":"LineString","coordinates":[[9.34899386341,46.56267279211],[9.34905286341,46.56288139232],[9.34914946341,46.56304149248],[9.34926666341,46.56317129261],[9.34941746341,46.56329609274],[9.34959736341,46.56340849285],[9.34979506341,46.56349679294],[9.35010676341,46.56360529305]]}},{"type":"Feature","properties":{"bridge":"yes","carriage_ref":"A","change:lanes:backward":"no","change:lanes:forward":"no","highway":"trunk","int_ref":"E 43","lanes":"2","layer":"1","maxspeed":"100","mindistance:hgv":"150","motorroad":"yes","oneway":"no","ref":"A13","shoulder:left":"yes","shoulder:right":"yes","source:maxspeed":"sign","surface":"asphalt","toll":"yes"},"geometry":{"type":"LineString","coordinates":[[9.4422237,46.6418592],[9.4419388,46.6416487],[9.441773,46.641515],[9.441579,46.6413203],[9.4414259,46.6411315]]}},{"type":"Feature","properties":{"carriage_ref":"B","highway":"motorway","int_ref":"E 43","lanes":"2","maxspeed":"120","oneway":"yes","ref":"A13","shoulder:right":"yes","source:maxspeed":"CH:motorway","surface":"asphalt","toll":"yes"},"geometry":{"type":"LineString","coordinates":[[9.4949005,46.8460093],[9.4952336,46.8460205],[9.4958022,46.8460242],[9.4970851,46.8460032],[9.4983581,46.8459635],[9.4993429,46.8459423],[9.4999697,46.8459639],[9.5004524,46.8459946],[9.5007803,46.8460213]]}},{"type":"Feature","properties":{"carriage_ref":"B","change:lanes:backward":"no","change:lanes:forward":"no","highway":"trunk","int_ref":"E 43","lanes":"2","maxspeed":"80","mindistance:hgv":"150","motorroad":"yes","oneway":"no","overtaking":"no","ref":"A13","shoulder":"none","source:maxspeed":"sign","surface":"asphalt","toll":"yes"},"geometry":{"type":"LineString","coordinates":[[9.41753426341,46.57660990607],[9.41759326341,46.5767417062],[9.41765086341,46.57687820633],[9.41771666341,46.57707730653],[9.41774206341,46.57730960677]]}},{"type":"Feature","properties":{"bridge":"yes","carriage_ref":"B","change:lanes:backward":"no","change:lanes:forward":"no|not_right","highway":"trunk","int_ref":"E 43","lanes":"3","lanes:forward":"2","layer":"1","maxspeed":"80","mindistance:hgv":"150","motorroad":"yes","oneway":"no","placement:forward":"left_of:1","ref":"A13","shoulder:left":"yes","shoulder:right":"yes","source:maxspeed":"sign","surface":"asphalt","toll":"yes","turn:lanes:forward":"|merge_to_left"},"geometry":{"type":"LineString","coordinates":[[9.40630496341,46.82058895084],[9.40645206341,46.82081175106]]}},{"type":"Feature","properties":{"carriage_ref":"A","highway":"motorway","int_ref":"E 43","lanes":"2","maxspeed":"120","oneway":"yes","ref":"A13","shoulder:right":"yes","source:maxspeed":"CH:motorway","surface":"asphalt","toll":"yes"},"geometry":{"type":"LineString","coordinates":[[9.5218671,47.0004726],[9.5223941,46.9999307],[9.5229386,46.999354],[9.5242349,46.9980813],[9.5261817,46.9962823],[9.5283689,46.9942789],[9.5292637,46.9935196],[9.5301464,46.9927577],[9.5311959,46.9918299],[9.5325018,46.9907134],[9.5327962,46.9904594],[9.5359274,46.9878958],[9.5402902,46.9842872],[9.5413054,46.9834767],[9.5423603,46.9825757],[9.5432747,46.9818107],[9.5462279,46.9793376],[9.5468933,46.9787552],[9.5475725,46.9781245],[9.5481631,46.9775675],[9.5486215,46.9771014],[9.5495511,46.9760485],[9.5498766,46.975685],[9.5499599,46.9755797]]}},{"type":"Feature","properties":{"bridge":"yes","carriage_ref":"B","change:lanes:backward":"not_left|yes|not_right","change:lanes:forward":"no","highway":"trunk","int_ref":"E 43","lanes":"4","lanes:backward":"3","layer":"1","maxspeed":"80","mindistance:hgv":"150","motorroad":"yes","oneway":"no","overtaking:hgv:backward":"no","placement:backward":"middle_of:1","ref":"A13","shoulder":"none","source:maxspeed":"sign","surface":"asphalt","toll":"yes","turn:lanes:backward":"||merge_to_left"},"geometry":{"type":"LineString","coordinates":[[9.44289316341,46.69346052317],[9.44357176341,46.69394352366],[9.44382446341,46.69414162386]]}},{"type":"Feature","properties":{"carriage_ref":"A","change:lanes:backward":"no","change:lanes:forward":"no","highway":"trunk","int_ref":"E 43","lanes":"2","maxspeed":"80","mindistance:hgv":"150","motorroad":"yes","oneway":"no","overtaking":"no","ref":"A13","shoulder":"none","source:maxspeed":"sign","surface":"asphalt","toll":"yes"},"geometry":{"type":"LineString","coordinates":[[9.4161911,46.5736331],[9.4161227,46.5734662]]}},{"type":"Feature","properties":{"carriage_ref":"B","highway":"motorway","int_ref":"E 43","lanes":"2","maxspeed":"120","oneway":"yes","ref":"A13","shoulder":"none","source:maxspeed":"CH:motorway","surface":"asphalt","toll":"yes"},"geometry":{"type":"LineString","coordinates":[[9.2208886,46.3553755],[9.2209679,46.3556891],[9.2210193,46.3559305],[9.2211114,46.3564352],[9.2212252,46.3570589],[9.2213474,46.3575477],[9.2214922,46.3579287],[9.2216693,46.3582743],[9.2218328,46.3585452]]}},{"type":"Feature","properties":{"carriage_ref":"B","destination":"Buchs","highway":"motorway","int_ref":"E 43","lanes":"3","maxspeed":"120","oneway":"yes","placement":"right_of:1","ref":"A13","shoulder:right":"yes","source:maxspeed":"CH:motorway","surface":"asphalt","toll":"yes","turn:lanes":"none|none|merge_to_left"},"geometry":{"type":"LineString","coordinates":[[9.5082052,47.1341574],[9.5075636,47.1354746]]}},{"type":"Feature","properties":{"carriage_ref":"B","hazmat:water":"permissive","highway":"motorway","int_ref":"E 43","lanes":"2","maxspeed":"120","oneway":"yes","ref":"A13","shoulder:right":"yes","source:maxspeed":"CH:motorway","surface":"asphalt","toll":"yes"},"geometry":{"type":"LineString","coordinates":[[9.6534057,47.4465586],[9.6536353,47.4469514],[9.6538206,47.4473901],[9.6539378,47.4477571],[9.654018,47.4480875],[9.6540671,47.4484688]]}},{"type":"Feature","properties":{"carriage_ref":"B","highway":"motorway","int_ref":"E 43","lanes":"1","lit":"yes","maxspeed":"100","oneway":"yes","placement":"transition","ref":"A13","shoulder:right":"yes","source:maxspeed":"sign","surface":"asphalt","toll":"yes"},"geometry":{"type":"LineString","coordinates":[[9.0475676,46.2216423],[9.0477641,46.2216459]]}},{"type":"Feature","properties":{"carriage_ref":"A","highway":"motorway","int_ref":"E 43","lanes":"3","maxspeed":"120","oneway":"yes","placement":"right_of:1","ref":"A13","shoulder:right":"yes","source:maxspeed":"CH:motorway","surface":"asphalt","toll":"yes","turn:lanes":"||slight_right"},"geometry":{"type":"LineString","coordinates":[[9.5489507,46.9597406],[9.5484714,46.958702]]}},{"type":"Feature","properties":{"avz":"44","carriage_ref":"B","change:lanes:backward":"no","change:lanes:forward":"no","cs_dir:backward":"1","cs_dir:forward":"2","hazmat:E":"no","highway":"trunk","int_ref":"E 43","lanes":"2","layer":"-1","lit":"24/7","maxspeed":"80","maxspeed:variable":"yes","mindistance:hgv":"150","motorroad":"yes","oneway":"no","overtaking":"no","ref":"A13","shoulder":"none","source:maxspeed":"sign","ssvz":"263N","surface":"asphalt","toll":"yes","tunnel":"yes","tunnel:alt_name":"San-Bernardino-Tunnel","tunnel:name":"San Bernardino","wikidata":"Q2559131"},"geometry":{"type":"LineString","coordinates":[[9.18566446341,46.46471119413],[9.18500016341,46.46575369517],[9.18435366341,46.46692179634],[9.17676516341,46.48374171315],[9.17645396341,46.48615051556],[9.17768766341,46.50275753217],[9.17844606341,46.5053941348],[9.18545986341,46.52224145165],[9.18580616341,46.52282995224],[9.18622256341,46.52339745281]]}},{"type":"Feature","properties":{"carriage_ref":"B","change:lanes:backward":"no","change:lanes:forward":"no","highway":"trunk","int_ref":"E 43","lanes":"2","layer":"-1","lit":"24/7","maxspeed":"80","mindistance:hgv":"150","motorroad":"yes","oneway":"no","overtaking":"no","ref":"A13","shoulder":"none","source:maxspeed":"sign","surface":"asphalt","toll":"yes","tunnel":"yes","tunnel:name":"Rofla"},"geometry":{"type":"LineString","coordinates":[[9.40522246341,46.5679550974],[9.40535676341,46.56822569767],[9.40558866341,46.56856189801],[9.40592666341,46.56889449834],[9.40629556341,46.56919409864],[9.40675796341,46.56949529894],[9.40722706341,46.56976919922],[9.40773446341,46.5699520994],[9.40961606341,46.57047419992],[9.41239446341,46.57122420067],[9.41354306341,46.57152740098],[9.41422536341,46.57171630117],[9.41477856341,46.57193530138],[9.41522766341,46.57216880162],[9.41549026341,46.57236440181],[9.41571706341,46.57262370207],[9.41589756341,46.57290040235]]}},{"type":"Feature","properties":{"bridge":"yes","carriage_ref":"A","change:lanes:backward":"no","change:lanes:forward":"no","highway":"trunk","int_ref":"E 43","lanes":"2","layer":"1","maxspeed":"80","mindistance:hgv":"150","motorroad":"yes","oneway":"no","overtaking":"no","ref":"A13","shoulder":"none","source:maxspeed":"sign","surface":"asphalt","toll":"yes"},"geometry":{"type":"LineString","coordinates":[[9.3820343,46.56918832753],[9.3819495,46.5694395]]}},{"type":"Feature","properties":{"carriage_ref":"A","highway":"motorway","int_ref":"E 43","lanes":"2","maxspeed":"120","oneway":"yes","ref":"A13","surface":"asphalt","toll":"yes"},"geometry":{"type":"LineString","coordinates":[[9.561802,47.3031595],[9.5611676,47.3027371]]}},{"type":"Feature","properties":{"avalanche_protector:right":"open","carriage_ref":"A","change:lanes:backward":"no","change:lanes:forward":"no","highway":"trunk","incline":"-8%","int_ref":"E 43","lanes":"2","layer":"-1","maxspeed":"80","mindistance:hgv":"150","motorroad":"yes","oneway":"no","overtaking":"no","ref":"A13","shoulder":"none","source:incline":"signpost","source:maxspeed":"sign","surface":"asphalt","toll":"yes","tunnel":"avalanche_protector","tunnel:name":"Cozz"},"geometry":{"type":"LineString","coordinates":[[9.2294349,46.42616],[9.2294667,46.4254781],[9.2296011,46.4248887],[9.229756,46.4244914],[9.2299554,46.4240921],[9.2302637,46.4236095],[9.2306816,46.4230727],[9.2310453,46.422606]]}},{"type":"Feature","properties":{"carriage_ref":"B","change:lanes:backward":"not_left|not_right","change:lanes:forward":"no","highway":"trunk","int_ref":"E 43","lanes":"3","lanes:backward":"2","lit":"yes","maxspeed":"80","mindistance:hgv":"150","motorroad":"yes","oneway":"no","overtaking:hgv:backward":"no","placement:backward":"middle_of:1","ref":"A13","shoulder":"none","source:maxspeed":"sign","surface":"asphalt","toll":"yes","turn:lanes:backward":"merge_to_right|"},"geometry":{"type":"LineString","coordinates":[[9.44839036341,46.67571990538],[9.44850496341,46.67608880575]]}},{"type":"Feature","properties":{"carriage_ref":"A","highway":"trunk","int_ref":"E 43","lanes":"2","maxspeed":"80","motorroad":"yes","oneway":"yes","placement":"middle_of:1","ref":"A13","shoulder:right":"yes","source:maxspeed":"sign","surface":"asphalt","toll":"yes","turn:lanes":"|merge_to_left"},"geometry":{"type":"LineString","coordinates":[[9.1400135,46.2377728],[9.1396301,46.2370343]]}},{"type":"Feature","properties":{"bridge":"yes","carriage_ref":"A","change:lanes:backward":"no","change:lanes:forward":"not_left|yes|not_right","highway":"trunk","int_ref":"E 43","lanes":"4","lanes:forward":"3","layer":"1","maxspeed":"80","mindistance:hgv":"150","motorroad":"yes","oneway":"no","overtaking:hgv:forward":"no","placement:forward":"middle_of:1","ref":"A13","shoulder":"none","source:maxspeed":"sign","surface":"asphalt","toll":"yes","turn:lanes:forward":"||merge_to_left"},"geometry":{"type":"LineString","coordinates":[[9.4437876,46.6941958],[9.4435349,46.6939977],[9.4428563,46.6935147]]}},{"type":"Feature","properties":{"carriage_ref":"A","destination":"Chiasso;San Bernardino;Chur;Bad Ragaz","destination:country":"I;;;","destination:int_ref":"E 43","highway":"motorway","int_ref":"E 43","lanes":"2","maxspeed":"70","oneway":"yes","ref":"A13","surface":"asphalt","toll":"yes","turn:lanes":"merge_to_right|none"},"geometry":{"type":"LineString","coordinates":[[9.4616828,47.0377002],[9.4615559,47.0375473],[9.4613812,47.0373089],[9.4612855,47.0370856],[9.4612226,47.0369076],[9.4611988,47.0367337],[9.4612095,47.0365059],[9.4612725,47.0362957],[9.4613361,47.0361454],[9.4614324,47.0360093]]}},{"type":"Feature","properties":{"carriage_ref":"B","highway":"trunk","int_ref":"E 43","lanes":"1","maxspeed":"80","oneway":"yes","ref":"A13","shoulder:right":"yes","source:maxspeed":"sign","surface":"asphalt","toll":"yes"},"geometry":{"type":"LineString","coordinates":[[9.1105708,46.2310714],[9.1118869,46.2308082],[9.112958,46.2305964],[9.1134622871,46.23049245647],[9.11402821273,46.23037560328],[9.11531835526,46.23005275472],[9.11665677756,46.22972990425],[9.11865502328,46.22924191403],[9.12070959538,46.22873536445],[9.12267565459,46.22823437675],[9.12300020188,46.22815087836],[9.12464439601,46.22784657203],[9.12592649192,46.22773524002],[9.12746339768,46.22781873905],[9.1290163967,46.22802841382],[9.12981033057,46.22820468845],[9.13145184249,46.22875763046],[9.1325864169,46.22918624947],[9.13373440236,46.22973918159],[9.13486629456,46.23045167652],[9.13616984814,46.23151112453],[9.13676529855,46.23216422415],[9.13748681277,46.23316241252],[9.13810103863,46.23408451465],[9.13868844241,46.23503999648],[9.13915782899,46.23581735681],[9.13961114848,46.23679504477]]}},{"type":"Feature","properties":{"carriage_ref":"A","change:lanes:backward":"not_left|not_right","change:lanes:forward":"no","highway":"trunk","int_ref":"E 43","lanes":"3","lanes:backward":"2","maxspeed":"80","mindistance:hgv":"150","motorroad":"yes","oneway":"no","overtaking":"no","placement:backward":"left_of:1","ref":"A13","shoulder:left":"yes","shoulder:right":"yes","source:maxspeed":"sign","surface":"asphalt","toll":"yes","turn:lanes:backward":"|merge_to_left"},"geometry":{"type":"LineString","coordinates":[[9.3001172,46.545873],[9.299342,46.5455593]]}},{"type":"Feature","properties":{"carriage_ref":"B","change:lanes:backward":"no","change:lanes:forward":"not_left|not_right","highway":"trunk","int_ref":"E 43","lanes":"3","lanes:forward":"2","maxspeed":"100","mindistance:hgv":"150","motorroad":"yes","oneway":"no","overtaking":"no","placement:backward":"left_of:1","ref":"A13","shoulder:left":"yes","shoulder:right":"yes","source:maxspeed":"sign","surface":"asphalt","toll":"yes","turn:lanes:forward":"|merge_to_left"},"geometry":{"type":"LineString","coordinates":[[9.44349606341,46.64247437205],[9.44384406341,46.6426269722],[9.44414846341,46.64275217233]]}},{"type":"Feature","properties":{"carriage_ref":"A","change:lanes:backward":"no","change:lanes:forward":"no","destination:backward":"Chur;Rofla","highway":"trunk","int_ref":"E 43","lanes":"2","maxspeed":"80","mindistance:hgv":"150","motorroad":"yes","oneway":"no","overtaking":"no","ref":"A13","shoulder":"none","source:maxspeed":"sign","surface":"asphalt","toll":"yes"},"geometry":{"type":"LineString","coordinates":[[9.3694025,46.5699507],[9.3691065,46.569778],[9.3688671,46.5696291],[9.3685948,46.5694348],[9.3682493,46.5691736],[9.3677204,46.5687386],[9.3674778,46.568563],[9.3672596,46.5684213],[9.3670701,46.568309],[9.3668747,46.568209],[9.3666736,46.5681152]]}},{"type":"Feature","properties":{"carriage_ref":"B","highway":"motorway","int_ref":"E 43","lanes":"1","maxspeed":"80","oneway":"yes","ref":"A13","shoulder:right":"yes","source:maxspeed":"sign","surface":"asphalt","toll":"yes"},"geometry":{"type":"LineString","coordinates":[[9.1099566,46.2311976],[9.1105708,46.2310714]]}},{"type":"Feature","properties":{"carriage_ref":"A","change:lanes:backward":"not_left|not_right","change:lanes:forward":"not_left|not_right","highway":"trunk","int_ref":"E 43","lanes":"4","lanes:forward":"2","maxspeed":"100","mindistance:hgv":"150","motorroad":"yes","oneway":"no","ref":"A13","shoulder:left":"yes","shoulder:right":"yes","source:maxspeed":"sign","surface":"asphalt","toll":"yes"},"geometry":{"type":"LineString","coordinates":[[9.4329791,46.6197716],[9.4329389,46.6194491],[9.4329254,46.6190937],[9.4329482,46.6187655],[9.4330206,46.6183989],[9.433136,46.6179678],[9.4332218,46.6176048],[9.4332838,46.6172557],[9.4333076,46.6169876],[9.433306,46.6166967],[9.4332791,46.6164296],[9.4332147,46.6160538],[9.432968,46.6151491],[9.4328982,46.6147052],[9.4328776,46.6143514],[9.4329089,46.6139534],[9.4330216,46.6134117],[9.4331843,46.612927],[9.4334106,46.612374]]}},{"type":"Feature","properties":{"carriage_ref":"A","change:lanes:backward":"no|not_right","change:lanes:forward":"no","highway":"trunk","int_ref":"E 43","lanes":"3","lanes:backward":"2","maxspeed":"100","mindistance:hgv":"150","motorroad":"yes","oneway":"no","overtaking":"no","placement:forward":"left_of:1","ref":"A13","shoulder:left":"yes","shoulder:right":"yes","source:maxspeed":"sign","surface":"asphalt","toll":"yes","turn:lanes:backward":"|merge_to_left"},"geometry":{"type":"LineString","coordinates":[[9.4434592,46.6425286],[9.4430508,46.6423451],[9.4427564,46.6421935]]}},{"type":"Feature","properties":{"carriage_ref":"B","change:lanes:backward":"no","change:lanes:forward":"no","highway":"trunk","incline":"8%","int_ref":"E 43","lanes":"2","maxspeed":"60","mindistance:hgv":"150","motorroad":"yes","oneway":"no","overtaking":"no","ref":"A13","shoulder":"none","source:incline":"signpost","source:maxspeed":"sign","surface":"asphalt","toll":"yes"},"geometry":{"type":"LineString","coordinates":[[9.23531416341,46.38804451756],[9.23518696341,46.38821771773],[9.23498246341,46.3883832179],[9.23478376341,46.38849191801],[9.23453346341,46.38857091808],[9.23424326341,46.38861841813],[9.23404676341,46.38862571814],[9.23369926341,46.38857861809]]}},{"type":"Feature","properties":{"avalanche_protector:right":"open","carriage_ref":"A","change:lanes:backward":"no","change:lanes:forward":"no","highway":"trunk","incline":"-8%","int_ref":"E 43","lanes":"2","layer":"-1","maxspeed":"80","mindistance:hgv":"150","motorroad":"yes","oneway":"no","overtaking":"no","ref":"A13","shoulder":"none","source:incline":"signpost","source:maxspeed":"sign","surface":"asphalt","toll":"yes","tunnel":"avalanche_protector","tunnel:name":"Cozz"},"geometry":{"type":"LineString","coordinates":[[9.2214739,46.4342688],[9.2219092,46.4338532],[9.2232308,46.4326032],[9.2240088,46.4319857],[9.2246549,46.4316163],[9.2253684,46.4313121],[9.2261744,46.4310108],[9.2268021,46.4307221]]}},{"type":"Feature","properties":{"carriage_ref":"A","change:lanes:backward":"no","change:lanes:forward":"no","highway":"trunk","int_ref":"E 43","lanes":"2","lit":"yes","maxspeed":"80","mindistance:hgv":"150","motorroad":"yes","oneway":"no","ref":"A13","shoulder":"no","source:maxspeed":"sign","surface":"asphalt","toll":"yes"},"geometry":{"type":"LineString","coordinates":[[9.4141435,46.8061304],[9.4141991,46.8060622],[9.4143922,46.8058079]]}},{"type":"Feature","properties":{"avalanche_protector:right":"open","carriage_ref":"A","change:lanes:backward":"no","change:lanes:forward":"no","highway":"trunk","incline":"-8%","int_ref":"E 43","lanes":"2","layer":"-1","maxspeed":"80","mindistance:hgv":"150","motorroad":"yes","oneway":"no","overtaking":"no","ref":"A13","shoulder":"none","source:incline":"signpost","source:maxspeed":"sign","surface":"asphalt","toll":"yes","tunnel":"avalanche_protector","tunnel:name":"Cozz"},"geometry":{"type":"LineString","coordinates":[[9.2144502,46.437684],[9.2150321,46.4372574],[9.2153196,46.4370675],[9.2156511,46.4368936],[9.2162032,46.4366232],[9.2166336,46.4364295],[9.2172662,46.4361918],[9.2177799,46.436009],[9.2186853,46.4357304],[9.2191616,46.4355918]]}},{"type":"Feature","properties":{"carriage_ref":"B","highway":"motorway","int_ref":"E 43","lanes":"2","maxspeed":"120","oneway":"yes","ref":"A13","shoulder:right":"yes","source:maxspeed":"sign","surface":"asphalt","toll":"yes"},"geometry":{"type":"LineString","coordinates":[[9.5595852,46.9133601],[9.5600005,46.9138917],[9.5604802,46.9146721],[9.5608322,46.9153828],[9.5611343,46.9161145],[9.5613439,46.916836],[9.5614668,46.9173466],[9.5615915,46.917864],[9.5617216,46.918455]]}},{"type":"Feature","properties":{"carriage_ref":"A","highway":"motorway","int_ref":"E 43","lanes":"2","maxspeed":"100","oneway":"yes","ref":"A13","shoulder":"none","source:maxspeed":"sign","surface":"asphalt","toll":"yes"},"geometry":{"type":"LineString","coordinates":[[9.071082,46.2280299],[9.0705387,46.2279518],[9.069871,46.2278781],[9.0692389,46.2278137],[9.0687383,46.2277652],[9.0682507,46.227699],[9.0677254,46.2276184],[9.0670977,46.2274985],[9.0664775,46.2273494],[9.0656317,46.2271139],[9.0646836,46.2268],[9.0637404,46.2264881],[9.0625674,46.2261042],[9.0615384,46.2257653],[9.0602311,46.2253286],[9.0582369,46.2246508],[9.0560898,46.2239461],[9.053952,46.2232342],[9.0525544,46.2227883]]}},{"type":"Feature","properties":{"avz":"539","carriage_ref":"B","change:lanes:backward":"no","change:lanes:forward":"no|no","cs_dir:backward":"1","highway":"trunk","int_ref":"E 43","lanes":"3","lanes:forward":"2","maxspeed":"80","mindistance:hgv":"150","motorroad":"yes","oneway":"no","overtaking":"no","placement:forward":"left_of:1","ref":"A13","source:maxspeed":"sign","surface":"asphalt","toll":"yes","turn:lanes:forward":"|slight_right"},"geometry":{"type":"LineString","coordinates":[[9.24125546341,46.53833306775],[9.24163776341,46.53838966781]]}},{"type":"Feature","properties":{"carriage_ref":"B","destination:lanes":"Kriessern|Kriessern|Oberriet;Rüthi;Meiningen","highway":"motorway","int_ref":"E 43","lanes":"3","maxspeed":"120","oneway":"yes","placement":"right_of:1","ref":"A13","shoulder:right":"yes","source:maxspeed":"CH:motorway","surface":"asphalt","toll":"yes","turn:lanes":"none|none|slight_right"},"geometry":{"type":"LineString","coordinates":[[9.564557,47.3048612],[9.5650451,47.3051977],[9.5653714,47.3054275]]}},{"type":"Feature","properties":{"bridge":"yes","carriage_ref":"B","highway":"motorway","int_ref":"E 43","lanes":"2","layer":"1","maxspeed":"120","oneway":"yes","ref":"A13","shoulder":"none","source:maxspeed":"CH:motorway","surface":"asphalt","toll":"yes"},"geometry":{"type":"LineString","coordinates":[[9.1844878,46.2956939],[9.1849099,46.2960364]]}},{"type":"Feature","properties":{"carriage_ref":"B","highway":"trunk","int_ref":"E 43","lanes":"2","maxspeed":"100","maxwidth:lanes":"2|","mindistance:hgv":"150","motorroad":"yes","oneway":"yes","ref":"A13","shoulder":"none","source:maxspeed":"sign","surface":"asphalt","toll":"yes","width":"6.5"},"geometry":{"type":"LineString","coordinates":[[9.44864636341,46.7094288392],[9.44856126341,46.70969673946],[9.44841586341,46.71008633986],[9.44823046341,46.7105247403],[9.44800516341,46.71097664075],[9.44785846341,46.711223241],[9.44772646341,46.71143814121]]}},{"type":"Feature","properties":{"carriage_ref":"B","destination":"Maienfeld","highway":"motorway","int_ref":"E 43","lanes":"2","maxspeed":"120","oneway":"yes","ref":"A13","shoulder:right":"yes","source:maxspeed":"CH:motorway","surface":"asphalt","toll":"yes"},"geometry":{"type":"LineString","coordinates":[[9.5524743,46.9690063],[9.5524828,46.969329],[9.5524176,46.970351],[9.5523418,46.9708547],[9.5522404,46.9713776]]}},{"type":"Feature","properties":{"carriage_ref":"B","change:lanes":"yes|yes|no","highway":"motorway","int_ref":"E 43","lanes":"3","maxspeed":"120","oneway":"yes","placement":"right_of:1","ref":"A13","shoulder":"no","source:maxspeed":"CH:motorway","surface":"asphalt","toll":"yes"},"geometry":{"type":"LineString","coordinates":[[9.5007803,46.8460213],[9.5012238,46.8460741],[9.5015714,46.8461407],[9.5019701,46.8462386]]}},{"type":"Feature","properties":{"bridge":"yes","carriage_ref":"A","destination:colour:lanes":"green|green|blue;blue","destination:country:lanes":"||FL","destination:lanes":"Haag|Haag|Sennwald;RuggelL","highway":"motorway","int_ref":"E 43","lanes":"3","layer":"1","maxspeed":"120","oneway":"yes","placement":"right_of:1","ref":"A13","surface":"asphalt","toll":"yes","turn:lanes":"none|none|slight_right"},"geometry":{"type":"LineString","coordinates":[[9.5168838,47.2429503],[9.5167912,47.2427994]]}},{"type":"Feature","properties":{"avz":"35","carriage_ref":"B","cs_dir:forward":"2","highway":"motorway","int_ref":"E 43","lanes":"2","maxspeed":"120","oneway":"yes","ref":"A13","shoulder:right":"yes","source:maxspeed":"CH:motorway","ssvz":"218N","surface":"asphalt","toll":"yes"},"geometry":{"type":"LineString","coordinates":[[9.4645601,47.0406946],[9.465888,47.0421732]]}},{"type":"Feature","properties":{"carriage_ref":"A","change:lanes:backward":"no","change:lanes:forward":"no","destination:backward":"Chur;Nufenen","destination:forward":"San Bernardino","highway":"trunk","int_ref":"E 43","lanes":"2","maxspeed":"80","mindistance:hgv":"150","motorroad":"yes","oneway":"no","overtaking":"no","ref":"A13","shoulder":"none","source:maxspeed":"sign","surface":"asphalt","toll":"yes"},"geometry":{"type":"LineString","coordinates":[[9.1912664,46.5289011],[9.1909786,46.5287447],[9.1906831,46.5285729],[9.1904365,46.5284186]]}},{"type":"Feature","properties":{"carriage_ref":"B","change:lanes:backward":"no","change:lanes:forward":"no","hazard":"curve","highway":"trunk","incline":"8%","int_ref":"E 43","lanes":"2","maxspeed:backward":"80","maxspeed:forward":"100","mindistance:hgv":"150","motorroad":"yes","oneway":"no","overtaking":"no","ref":"A13","shoulder":"none","source:incline":"signpost","source:maxspeed":"sign","surface":"asphalt","toll":"yes"},"geometry":{"type":"LineString","coordinates":[[9.23279656341,46.41979164925],[9.23277686341,46.41991894938],[9.23271796341,46.42002884949],[9.23260666341,46.4201423496],[9.23241486341,46.42029874976],[9.23207996341,46.42054915001],[9.23194826341,46.42067795014],[9.23180206341,46.42085595032],[9.23169116341,46.42104645051],[9.23163796341,46.42115965062]]}},{"type":"Feature","properties":{"carriage_ref":"B","change:lanes":"not_left|yes|no","destination:colour:lanes":"green|green|blue;blue;white","destination:lanes":"Maienfeld|Maienfeld|Landquart;Davos;Vereina","destination:symbol:lanes":"||;;railroad_terminal","highway":"motorway","int_ref":"E 43","lanes":"3","maxspeed":"120","oneway":"yes","placement":"right_of:1","ref":"A13","shoulder:right":"yes","source:maxspeed":"CH:motorway","surface":"asphalt","toll":"yes","turn:lanes":"||slight_right"},"geometry":{"type":"LineString","coordinates":[[9.5506275,46.9629896],[9.5509332,46.9636834]]}},{"type":"Feature","properties":{"carriage_ref":"B","destination":"Wildnau","highway":"motorway","int_ref":"E 43","lanes":"3","maxspeed":"120","oneway":"yes","placement":"right_of:1","ref":"A13","shoulder:right":"yes","source:maxspeed":"CH:motorway","surface":"asphalt","toll":"yes","turn:lanes":"none|none|merge_to_left"},"geometry":{"type":"LineString","coordinates":[[9.6137774,47.3616635],[9.6142673,47.3619941]]}},{"type":"Feature","properties":{"carriage_ref":"A","highway":"motorway","lanes":"2","maxspeed":"120","oneway":"yes","ref":"A13","surface":"asphalt","toll":"yes"},"geometry":{"type":"LineString","coordinates":[[9.6513664,47.4530541],[9.6516676,47.4528416],[9.6521917,47.4524048],[9.6526685,47.4519533],[9.6530292,47.4515085],[9.653272,47.4511495],[9.6534692,47.4507984],[9.6536512,47.4504082],[9.6537586,47.4500906]]}},{"type":"Feature","properties":{"bridge":"yes","carriage_ref":"A","highway":"trunk","int_ref":"E 43","lanes":"2","layer":"1","maxspeed":"100","mindistance:hgv":"150","motorroad":"yes","oneway":"no","ref":"A13","shoulder:left":"yes","shoulder:right":"yes","source:maxspeed":"sign","surface":"asphalt","toll":"yes"},"geometry":{"type":"LineString","coordinates":[[9.4382885,46.6294072],[9.4381746,46.6291401]]}},{"type":"Feature","properties":{"carriage_ref":"A","destination":"Trübbach","highway":"motorway","int_ref":"E 43","lanes":"3","maxspeed":"120","oneway":"yes","placement":"right_of:1","ref":"A13","surface":"asphalt","toll":"yes","turn:lanes":"none|none|merge_to_left"},"geometry":{"type":"LineString","coordinates":[[9.5104866,47.1283877],[9.5110763,47.1268485]]}},{"type":"Feature","properties":{"bridge":"yes","carriage_ref":"A","change:lanes:backward":"no","change:lanes:forward":"no","highway":"trunk","incline":"-8%","int_ref":"E 43","lanes":"2","layer":"1","maxspeed":"100","mindistance:hgv":"150","motorroad":"yes","oneway":"no","overtaking":"no","ref":"A13","shoulder":"none","source:incline":"signpost","source:maxspeed":"sign","surface":"asphalt","toll":"yes"},"geometry":{"type":"LineString","coordinates":[[9.2303644,46.4049487],[9.230134,46.4046329],[9.2299583,46.4043882],[9.2297925,46.4041115],[9.2296485,46.4038113],[9.2294923,46.4033454],[9.2294213,46.4030471],[9.2293779,46.402721],[9.2293735,46.4024751]]}},{"type":"Feature","properties":{"carriage_ref":"B","change:lanes:backward":"no","change:lanes:forward":"not_left|not_right","highway":"trunk","int_ref":"E 43","lanes":"3","lanes:forward":"2","maxspeed":"80","mindistance:hgv":"150","motorroad":"yes","oneway":"no","overtaking":"no","placement:forward":"left_of:1","ref":"A13","shoulder":"none","source:maxspeed":"sign","surface":"asphalt","toll":"yes","turn:lanes:forward":"|merge_to_left"},"geometry":{"type":"LineString","coordinates":[[9.32301586341,46.55138578081],[9.32332506341,46.55146278089]]}},{"type":"Feature","properties":{"carriage_ref":"A","change:lanes:backward":"no","change:lanes:forward":"no","highway":"trunk","int_ref":"E 43","lanes":"2","layer":"-1","lit":"24/7","maxspeed":"80","mindistance:hgv":"150","motorroad":"yes","oneway":"no","ref":"A13","shoulder":"none","source:maxspeed":"sign","surface":"asphalt","toll":"yes","tunnel":"yes","tunnel:length":"2500","tunnel:name":"Isla Bella"},"geometry":{"type":"LineString","coordinates":[[9.4143922,46.8058079],[9.4152155,46.8047654],[9.4159075,46.8035023],[9.4168034,46.8014202],[9.4174549,46.7993278],[9.4181007,46.7962698],[9.4180495,46.7930617],[9.417452,46.79058],[9.4158754,46.7855948],[9.4156002,46.784466]]}},{"type":"Feature","properties":{"carriage_ref":"B","highway":"trunk","int_ref":"E 43","lanes":"2","maxspeed":"80","motorroad":"yes","oneway":"yes","ref":"A13","shoulder:right":"yes","source:maxspeed":"sign","surface":"asphalt","toll":"yes"},"geometry":{"type":"LineString","coordinates":[[9.1409611,46.2394876],[9.1413411,46.2400639]]}},{"type":"Feature","properties":{"bridge":"yes","carriage_ref":"B","change:lanes:backward":"not_left|not_right","change:lanes:forward":"no","highway":"trunk","int_ref":"E 43","lanes":"3","lanes:backward":"2","layer":"1","lit":"yes","maxspeed":"80","mindistance:hgv":"150","motorroad":"yes","oneway":"no","placement:forward":"left_of:1","ref":"A13","shoulder":"none","source:maxspeed":"sign","surface":"asphalt","toll":"yes","turn:lanes:backward":"|slight_right"},"geometry":{"type":"LineString","coordinates":[[9.42811926341,46.57925300871],[9.42816246341,46.57942330888],[9.42817586341,46.57958740905],[9.42817456341,46.57974690921]]}},{"type":"Feature","properties":{"carriage_ref":"B","change:lanes:backward":"no","change:lanes:forward":"no","highway":"trunk","int_ref":"E 43","lanes":"2","maxspeed":"100","mindistance:hgv":"150","motorroad":"yes","oneway":"no","overtaking":"no","ref":"A13","shoulder":"none","source:maxspeed":"sign","surface":"asphalt","toll":"yes"},"geometry":{"type":"LineString","coordinates":[[9.19045816341,46.45603808546],[9.19064416341,46.45656368599],[9.19078836341,46.45695978638],[9.19092936341,46.45733018675],[9.19096396341,46.45749288692],[9.19097906341,46.4576730871],[9.19096836341,46.45784928727],[9.19094656341,46.4579751874],[9.19090116341,46.45811888754],[9.19082846341,46.45826588769],[9.19074276341,46.45839828782],[9.19062856341,46.45852798795],[9.19048206341,46.45865768808],[9.19024466341,46.45883068825]]}},{"type":"Feature","properties":{"carriage_ref":"B","highway":"motorway","int_ref":"E 43","lanes":"2","maxspeed":"120","oneway":"yes","ref":"A13","shoulder":"none","source:maxspeed":"CH:motorway","surface":"asphalt","toll":"yes"},"geometry":{"type":"LineString","coordinates":[[9.2165156,46.3482505],[9.2166245,46.3487327],[9.216741,46.3491246],[9.2168507,46.3494373],[9.2169701,46.3497224],[9.2171408,46.350076],[9.2173268,46.3504185],[9.2175347,46.3507536],[9.2177364,46.3510505],[9.217997,46.351392],[9.2182615,46.3517098],[9.2185472,46.352044],[9.2188173,46.3523406],[9.219553,46.353139],[9.2198897,46.3535355],[9.2200639,46.3537659],[9.2203179,46.3541382],[9.2205275,46.3544908],[9.2206887,46.354828]]}},{"type":"Feature","properties":{"carriage_ref":"B","change:lanes:backward":"not_left|not_right","change:lanes:forward":"no","highway":"trunk","int_ref":"E 43","lanes":"3","lanes:backward":"2","maxspeed":"100","mindistance:hgv":"150","motorroad":"yes","oneway":"no","overtaking:hgv:backward":"no","placement:backward":"middle_of:1","ref":"A13","shoulder":"none","source:maxspeed":"sign","surface":"asphalt","toll":"yes"},"geometry":{"type":"LineString","coordinates":[[9.42718116341,46.59307532255],[9.42709246341,46.59323402271],[9.42703196341,46.59337952286],[9.42699476341,46.59354062302],[9.42697726341,46.59370162318],[9.42697426341,46.59388172336],[9.42700436341,46.59405882354]]}},{"type":"Feature","properties":{"carriage_ref":"A","change:lanes:backward":"not_left|no","change:lanes:forward":"not_left|not_right|not_right","highway":"trunk","int_ref":"E 43","lanes":"5","lanes:forward":"3","layer":"-1","maxspeed:backward":"80","maxspeed:forward":"100","mindistance:hgv":"150","motorroad":"yes","oneway":"no","overtaking:hgv:forward":"no","placement:forward":"middle_of:1","ref":"A13","shoulder":"none","source:maxspeed":"sign","surface":"asphalt","toll":"yes","turn:lanes:backward":"|slight_right","turn:lanes:forward":"||merge_to_left"},"geometry":{"type":"LineString","coordinates":[[9.4449684,46.6952833],[9.4448666,46.6951668]]}},{"type":"Feature","properties":{"carriage_ref":"B","change:lanes:backward":"no","change:lanes:forward":"no","highway":"trunk","int_ref":"E 43","lanes":"2","maxspeed":"80","mindistance:hgv":"150","motorroad":"yes","oneway":"no","ref":"A13","shoulder":"none","source:maxspeed":"sign","surface":"asphalt","toll":"yes"},"geometry":{"type":"LineString","coordinates":[[9.44879026341,46.64886897846],[9.44924406341,46.64965937925],[9.44940906341,46.64992587952],[9.44956266341,46.65015587975],[9.44974086341,46.65040748],[9.44986666341,46.65055188014],[9.44999196341,46.65068418028],[9.45018226341,46.65084828044],[9.45048176341,46.65109158069],[9.45067266341,46.65126278086],[9.45079346341,46.65138388098],[9.45088746341,46.65149258109],[9.45104036341,46.6517007813],[9.45116576341,46.6519077815],[9.45125256341,46.65209358169],[9.45134766341,46.65231478191],[9.45155736341,46.65286398246],[9.45180216341,46.65351908312],[9.45184936341,46.65364638325]]}},{"type":"Feature","properties":{"bridge":"yes","carriage_ref":"A","change:lanes:backward":"not_left|not_right","change:lanes:forward":"no","highway":"trunk","int_ref":"E 43","lanes":"3","lanes:backward":"2","layer":"1","maxspeed":"80","mindistance:hgv":"150","motorroad":"yes","oneway":"no","overtaking":"no","placement:backward":"left_of:1","ref":"A13","shoulder":"none","source:maxspeed":"sign","surface":"asphalt","toll":"yes","turn:lanes:backward":"|merge_to_left"},"geometry":{"type":"LineString","coordinates":[[9.3235174,46.5515737],[9.3232882,46.5515171]]}},{"type":"Feature","properties":{"bridge":"yes","carriage_ref":"B","change:lanes:backward":"no","change:lanes:forward":"no","highway":"trunk","int_ref":"E 43","lanes":"2","layer":"1","maxspeed":"80","mindistance:hgv":"150","motorroad":"yes","oneway":"no","overtaking":"no","ref":"A13","shoulder":"none","source:maxspeed":"sign","surface":"asphalt","toll":"yes"},"geometry":{"type":"LineString","coordinates":[[9.33885474806,46.55752848377],[9.33974590388,46.55797781949]]}},{"type":"Feature","properties":{"carriage_ref":"A","change:lanes":"not_left|yes|no","destination:lanes":"Thusis|Thusis|Rothenbrunnen;Cazis","highway":"trunk","int_ref":"E 43","lanes":"3","maxspeed":"100","maxwidth:lanes":"2||","mindistance:hgv":"150","motorroad":"yes","oneway":"yes","placement":"right_of:1","ref":"A13","shoulder":"none","source:maxspeed":"sign","surface":"asphalt","toll":"yes","turn:lanes":"||slight_right"},"geometry":{"type":"LineString","coordinates":[[9.4214389,46.7688165],[9.42152738035,46.76834807038],[9.42157026442,46.76802102562]]}},{"type":"Feature","properties":{"carriage_ref":"A","hazmat:water":"permissive","highway":"motorway","int_ref":"E 43","lanes":"2","maxspeed":"120","oneway":"yes","ref":"A13","surface":"asphalt","toll":"yes"},"geometry":{"type":"LineString","coordinates":[[9.6424839,47.4327729],[9.6425724,47.4324808],[9.6427066,47.4321406],[9.6429363,47.4315882],[9.6432489,47.4309695],[9.6435274,47.4304345],[9.6440238,47.4295053],[9.6442905,47.4290356],[9.6444169,47.4288285]]}},{"type":"Feature","properties":{"carriage_ref":"A","highway":"trunk","incline":"-8%","int_ref":"E 43","lanes":"2","maxspeed":"100","mindistance:hgv":"150","motorroad":"yes","oneway":"no","ref":"A13","shoulder":"none","source:incline":"signpost","source:maxspeed":"sign","surface":"asphalt","toll":"yes"},"geometry":{"type":"LineString","coordinates":[[9.2343883,46.4095971],[9.2341924,46.4097283],[9.2339551,46.4098443],[9.2337247,46.4099335],[9.2334656,46.4100002]]}},{"type":"Feature","properties":{"carriage_ref":"B","highway":"motorway","int_ref":"E 43","lanes":"2","maxspeed":"120","oneway":"yes","ref":"A13","shoulder:right":"yes","source:maxspeed":"CH:motorway","surface":"asphalt","toll":"yes"},"geometry":{"type":"LineString","coordinates":[[9.485347,47.1746098],[9.4852412,47.1750537],[9.4849462,47.1764434],[9.4846165,47.1783069],[9.4844105,47.1798354],[9.4843013,47.1814264],[9.484267,47.183614],[9.4843442,47.1850199],[9.4846084,47.1870834],[9.4850566,47.1893189],[9.485398,47.1905656],[9.4858331,47.1918255],[9.4861335,47.1926074],[9.4864854,47.1934477],[9.4868979,47.1943352],[9.4873748,47.1952416],[9.4878395,47.1960997],[9.4883654,47.1969915],[9.4891268,47.1981972],[9.489941,47.1994036],[9.4925668,47.2032284],[9.4937989,47.2051394],[9.4943761,47.2060659],[9.4946425,47.2065203]]}},{"type":"Feature","properties":{"carriage_ref":"B","highway":"motorway","int_ref":"E 43","lanes":"1","maxspeed":"120","oneway":"yes","placement":"transition","ref":"A13","shoulder:right":"yes","source:maxspeed":"CH:motorway","surface":"asphalt","toll":"yes"},"geometry":{"type":"LineString","coordinates":[[9.4632626,47.0391791],[9.4634061,47.0394101]]}},{"type":"Feature","properties":{"carriage_ref":"B","change:lanes:backward":"no","change:lanes:forward":"no","highway":"trunk","int_ref":"E 43","lanes":"2","layer":"-1","lit":"24/7","maxspeed":"80","mindistance:hgv":"150","motorroad":"yes","oneway":"no","ref":"A13","shoulder":"none","source:maxspeed":"sign","surface":"asphalt","toll":"yes","tunnel":"yes"},"geometry":{"type":"LineString","coordinates":[[9.44989876341,46.66761489725],[9.45002376341,46.66782999747],[9.45011846341,46.66803649768]]}},{"type":"Feature","properties":{"bridge":"yes","carriage_ref":"A","highway":"trunk","int_ref":"E 43","lanes":"2","layer":"1","maxspeed":"100","maxwidth:lanes":"2|","mindistance:hgv":"150","motorroad":"yes","oneway":"yes","ref":"A13","shoulder":"none","source:maxspeed":"sign","surface":"asphalt","toll":"yes"},"geometry":{"type":"LineString","coordinates":[[9.4199106,46.7738504],[9.4199844,46.7736934]]}},{"type":"Feature","properties":{"carriage_ref":"A","destination:lanes":"San Gottardo;Lugano;Bellinzona Sud|Bellinzona Nord","highway":"motorway","int_ref":"E 43","lanes":"2","maxspeed":"100","oneway":"yes","ref":"A13","shoulder":"none","source:maxspeed":"sign","surface":"asphalt","toll":"yes","turn:lanes":"through|slight_right"},"geometry":{"type":"LineString","coordinates":[[9.0525544,46.2227883],[9.0516774,46.2225289],[9.0508796,46.2223055],[9.0501028,46.2221219]]}},{"type":"Feature","properties":{"carriage_ref":"A","highway":"trunk","int_ref":"E 43","lanes":"2","maxspeed:backward":"80","maxspeed:forward":"100","mindistance:hgv":"150","motorroad":"yes","oneway":"no","ref":"A13","shoulder:left":"yes","shoulder:right":"yes","source:maxspeed":"sign","surface":"asphalt","toll":"yes"},"geometry":{"type":"LineString","coordinates":[[9.3113516,46.5467749],[9.3109868,46.5467835],[9.3106056,46.5468192],[9.3101487,46.5468774],[9.3092801,46.5470006],[9.3088961,46.5470591],[9.3085662,46.5470997],[9.3082561,46.5471292]]}},{"type":"Feature","properties":{"carriage_ref":"B","highway":"motorway","int_ref":"E 43","lanes":"2","maxspeed":"120","oneway":"yes","ref":"A13","shoulder:right":"yes","source:maxspeed":"CH:motorway","surface":"asphalt","toll":"yes"},"geometry":{"type":"LineString","coordinates":[[9.6179145,47.36447],[9.6218744,47.3672365]]}},{"type":"Feature","properties":{"carriage_ref":"A","highway":"motorway","int_ref":"E 43","lanes":"2","maxspeed":"120","oneway":"yes","ref":"A13","shoulder":"none","source:maxspeed":"CH:motorway","surface":"asphalt","toll":"yes"},"geometry":{"type":"LineString","coordinates":[[9.226314,46.3625354],[9.2260855,46.3622346],[9.2258769,46.3620045],[9.2256416,46.36177],[9.2253591,46.3615169],[9.2249039,46.3611915],[9.2243434,46.3608436],[9.2238996,46.3605637],[9.2235656,46.3603614],[9.223237,46.3601448],[9.2229697,46.3599444],[9.2226081,46.359646],[9.2223667,46.3594072],[9.2221171,46.3591385],[9.2218973,46.3588583],[9.2217144,46.358579],[9.2215459,46.3583058],[9.2213702,46.3579565],[9.2212199,46.3575585],[9.2210953,46.3570822],[9.2209786,46.3564713],[9.2208918,46.3559397],[9.2208418,46.3557049],[9.2207707,46.3554355]]}},{"type":"Feature","properties":{"carriage_ref":"B","change:lanes":"yes|not_right|yes","destination":"Kriessern","highway":"motorway","int_ref":"E 43","lanes":"3","maxspeed":"120","oneway":"yes","placement":"right_of:1","ref":"A13","shoulder:right":"yes","source:maxspeed":"CH:motorway","surface":"asphalt","toll":"yes"},"geometry":{"type":"LineString","coordinates":[[9.5724251,47.3095851],[9.573867,47.3102321]]}},{"type":"Feature","properties":{"carriage_ref":"B","highway":"trunk","incline":"8%","int_ref":"E 43","lanes":"2","layer":"-1","lit":"yes","maxspeed:backward":"100","maxspeed:forward":"80","mindistance:hgv":"150","motorroad":"yes","oneway":"no","ref":"A13","shoulder":"none","source:incline":"signpost","source:maxspeed":"sign","surface":"asphalt","toll":"yes","tunnel":"yes","tunnel:name":"Cresta"},"geometry":{"type":"LineString","coordinates":[[9.23115266341,46.38884901836],[9.23108346341,46.38929411881],[9.23098866341,46.38973601925]]}},{"type":"Feature","properties":{"bridge":"yes","carriage_ref":"B","highway":"motorway","int_ref":"E 43","lanes":"2","layer":"1","maxspeed":"120","oneway":"yes","ref":"A13","shoulder:right":"yes","source:maxspeed":"CH:motorway","surface":"asphalt","toll":"yes"},"geometry":{"type":"LineString","coordinates":[[9.4773567,47.0688534],[9.4779591,47.0690566]]}},{"type":"Feature","properties":{"carriage_ref":"A","change:lanes:backward":"no","change:lanes:forward":"not_left|not_right","highway":"trunk","incline":"-8%","int_ref":"E 43","lanes":"3","lanes:forward":"2","maxspeed:backward":"100","maxspeed:forward":"80","mindistance:hgv":"150","motorroad":"yes","oneway":"no","overtaking":"no","placement:forward":"left_of:1","ref":"A13","shoulder":"none","source:incline":"signpost","source:maxspeed":"sign","surface":"asphalt","toll":"yes","turn:lanes:forward":"|slight_right"},"geometry":{"type":"LineString","coordinates":[[9.2315116,46.4214469],[9.2316011,46.4212141]]}},{"type":"Feature","properties":{"carriage_ref":"B","change:lanes:backward":"not_left|not_right","change:lanes:forward":"no","highway":"trunk","int_ref":"E 43","lanes":"3","lanes:backward":"2","maxspeed":"100","mindistance:hgv":"150","motorroad":"yes","oneway":"no","overtaking:hgv:backward":"no","placement:backward":"middle_of:1","ref":"A13","shoulder":"none","source:maxspeed":"sign","surface":"asphalt","toll":"yes"},"geometry":{"type":"LineString","coordinates":[[9.42796496341,46.59157252105],[9.42792066341,46.59185082133],[9.42785536341,46.59203032151],[9.42775786341,46.5922191217],[9.42762606341,46.5924238219],[9.42741296341,46.5927243222]]}},{"type":"Feature","properties":{"carriage_ref":"A","hazmat:water":"permissive","highway":"motorway","int_ref":"E 43","lanes":"2","maxspeed":"120","oneway":"yes","ref":"A13","surface":"asphalt","toll":"yes"},"geometry":{"type":"LineString","coordinates":[[9.6473369,47.4150325],[9.6474838,47.4136807],[9.6482118,47.4077786],[9.6483187,47.4067247],[9.6483626,47.4060076],[9.648376,47.4052716],[9.6483366,47.4046364],[9.6483135,47.4043366]]}},{"type":"Feature","properties":{"carriage_ref":"B","change:lanes:backward":"not_left|no","change:lanes:forward":"no|not_right","highway":"trunk","int_ref":"E 43","lanes":"4","lanes:backward":"2","maxspeed":"80","mindistance:hgv":"150","motorroad":"yes","oneway":"no","overtaking":"no","placement:forward":"left_of:1","ref":"A13","shoulder":"none","source:maxspeed":"sign","surface":"asphalt","toll":"yes","turn:lanes:backward":"|slight_right","turn:lanes:forward":"|merge_to_left"},"geometry":{"type":"LineString","coordinates":[[9.37062776341,46.57039809985],[9.37096036341,46.57049949995]]}},{"type":"Feature","properties":{"carriage_ref":"A","change:lanes:backward":"no","change:lanes:forward":"not_left|not_right","highway":"trunk","int_ref":"E 43","lanes":"3","lanes:forward":"2","layer":"-1","lit":"24/7","maxspeed":"80","mindistance:hgv":"150","motorroad":"yes","oneway":"no","overtaking:hgv:forward":"no","placement:forward":"middle_of:1","ref":"A13","shoulder":"none","source:maxspeed":"sign","surface":"asphalt","toll":"yes","tunnel":"yes","tunnel:name":"Crapteig","turn:lanes:forward":"merge_to_right|"},"geometry":{"type":"LineString","coordinates":[[9.4485775,46.677204],[9.4485855,46.6767752],[9.4484681,46.676143]]}},{"type":"Feature","properties":{"bridge":"yes","carriage_ref":"B","change:lanes:backward":"no","change:lanes:forward":"no","highway":"trunk","incline":"8%","int_ref":"E 43","lanes":"2","layer":"1","maxspeed":"80","mindistance:hgv":"150","motorroad":"yes","oneway":"no","overtaking":"no","ref":"A13","shoulder":"none","source:incline":"signpost","source:maxspeed":"sign","surface":"asphalt","toll":"yes"},"geometry":{"type":"LineString","coordinates":[[9.21207506341,46.43918236862],[9.21182086341,46.43921096865],[9.21158106341,46.43921836866],[9.21129596341,46.43920066864],[9.21095686341,46.43913006857],[9.21062796341,46.43898996843]]}},{"type":"Feature","properties":{"carriage_ref":"B","destination:colour:lanes":"green|green|blue;blue","destination:country:lanes":"||FL","destination:lanes":"Oberriet|Oberriet|Sennwald;Ruggell","highway":"motorway","int_ref":"E 43","lanes":"3","maxspeed":"120","maxspeed:lanes":"120|120|40","oneway":"yes","placement":"right_of:1","ref":"A13","shoulder:right":"yes","source:maxspeed":"CH:motorway","surface":"asphalt","toll":"yes","turn:lanes":"none|none|slight_right"},"geometry":{"type":"LineString","coordinates":[[9.5173958,47.2435465],[9.5175872,47.2438752]]}},{"type":"Feature","properties":{"carriage_ref":"A","change:lanes:backward":"no","change:lanes:forward":"no","highway":"trunk","int_ref":"E 43","lanes":"2","maxspeed":"80","mindistance:hgv":"150","motorroad":"yes","oneway":"no","overtaking":"no","ref":"A13","shoulder:left":"yes","shoulder:right":"yes","source:maxspeed":"sign","surface":"asphalt","toll":"yes"},"geometry":{"type":"LineString","coordinates":[[9.3270381,46.5525101],[9.32679,46.5524096],[9.3264994,46.5523163],[9.3261731,46.5522289],[9.3259133,46.552165],[9.3254918,46.5520601],[9.325055,46.5519538],[9.3244478,46.551803],[9.3241686,46.551735]]}},{"type":"Feature","properties":{"carriage_ref":"B","change:lanes:backward":"no","change:lanes:forward":"no","highway":"trunk","int_ref":"E 43","lanes":"2","maxspeed":"80","mindistance:hgv":"150","motorroad":"yes","oneway":"no","overtaking":"no","ref":"A13","shoulder":"none","source:maxspeed":"sign","surface":"asphalt","toll":"yes"},"geometry":{"type":"LineString","coordinates":[[9.37218076341,46.5707558002],[9.37277036341,46.57083620028],[9.37389196341,46.57099180044],[9.37531966341,46.57117920063],[9.37588886341,46.57124540069],[9.37634896341,46.57127520072],[9.37680656341,46.57128640074],[9.37715756341,46.57128320073],[9.37749286341,46.57126570071],[9.37785186341,46.57123610068],[9.37816876341,46.57120020065],[9.37862376341,46.57113600058],[9.37923696341,46.57101520046],[9.37995766341,46.57087830033],[9.38034656341,46.57079450024],[9.38061776341,46.57071740017],[9.38084986341,46.57063270008],[9.38111366341,46.57050389995],[9.38132936341,46.57036409981],[9.38155776341,46.57016789962],[9.38171716341,46.56998119943],[9.38183666341,46.56978679923],[9.38190586341,46.56962309907],[9.38198636341,46.56938519883]]}},{"type":"Feature","properties":{"carriage_ref":"A","highway":"trunk","incline":"8%","int_ref":"E 43","lanes":"4","lanes:forward":"2","maxspeed":"100","mindistance:hgv":"150","motorroad":"yes","oneway":"no","ref":"A13","shoulder":"none","source:incline":"signpost","source:maxspeed":"sign","surface":"asphalt","toll":"yes","turn:lanes:backward":"|slight_right","turn:lanes:forward":"|merge_to_left"},"geometry":{"type":"LineString","coordinates":[[9.4305934,46.598427],[9.4303197,46.598035]]}},{"type":"Feature","properties":{"carriage_ref":"A","change:lanes":"no|not_right","highway":"trunk","int_ref":"E 43","lanes":"2","maxspeed":"80","motorroad":"yes","oneway":"yes","placement":"middle_of:1","ref":"A13","shoulder:right":"yes","source:maxspeed":"sign","surface":"asphalt","toll":"yes","turn:lanes":"|merge_to_left"},"geometry":{"type":"LineString","coordinates":[[9.1402185,46.2381869],[9.1400135,46.2377728]]}},{"type":"Feature","properties":{"carriage_ref":"B","change:lanes:backward":"no","change:lanes:forward":"not_left|not_right","highway":"trunk","int_ref":"E 43","lanes":"3","lanes:forward":"2","maxspeed":"80","mindistance:hgv":"150","motorroad":"yes","oneway":"no","overtaking":"no","placement:forward":"left_of:1","ref":"A13","shoulder":"none","source:maxspeed":"sign","surface":"asphalt","toll":"yes","turn:lanes:forward":"|merge_to_left"},"geometry":{"type":"LineString","coordinates":[[9.32355426341,46.55151938095],[9.32397476341,46.55162558105]]}},{"type":"Feature","properties":{"carriage_ref":"B","change:lanes:backward":"no","change:lanes:forward":"no","hazmat:E":"no","highway":"trunk","int_ref":"E 43","lanes":"2","maxspeed":"80","mindistance:hgv":"150","motorroad":"yes","oneway":"no","overtaking":"no","ref":"A13","shoulder":"none","source:maxspeed":"sign","surface":"asphalt","toll":"yes"},"geometry":{"type":"LineString","coordinates":[[9.18604086341,46.46422349364],[9.18576556341,46.464580194],[9.18566446341,46.46471119413]]}},{"type":"Feature","properties":{"bridge":"yes","carriage_ref":"A","change:lanes:backward":"not_left|not_right","change:lanes:forward":"not_left|not_right","highway":"trunk","int_ref":"E 43","lanes":"4","lanes:forward":"2","layer":"1","maxspeed":"100","mindistance:hgv":"150","motorroad":"yes","oneway":"no","ref":"A13","shoulder:left":"yes","shoulder:right":"yes","source:maxspeed":"sign","surface":"asphalt","toll":"yes"},"geometry":{"type":"LineString","coordinates":[[9.4334106,46.612374],[9.4335527,46.6120264]]}},{"type":"Feature","properties":{"bridge":"yes","carriage_ref":"A","change:lanes:backward":"no","change:lanes:forward":"not_left|not_right","destination:lanes:forward":"San Bernardino;Medels|Splügen;Splügenpass","highway":"trunk","int_ref":"E 43","lanes":"3","lanes:backward":"1","layer":"1","maxspeed":"80","mindistance:hgv":"150","motorroad":"yes","oneway":"no","overtaking":"no","placement:backward":"left_of:1","ref":"A13","shoulder":"none","source:maxspeed":"sign","surface":"asphalt","toll":"yes","turn:lanes:forward":"|slight_right"},"geometry":{"type":"LineString","coordinates":[[9.321762,46.5511408],[9.3215107,46.5510761]]}},{"type":"Feature","properties":{"bridge":"yes","carriage_ref":"A","change:lanes:backward":"no","change:lanes:forward":"no","highway":"trunk","int_ref":"E 43","lanes":"2","layer":"1","maxspeed":"80","mindistance:hgv":"150","motorroad":"yes","oneway":"no","ref":"A13","shoulder":"none","source:maxspeed":"sign","surface":"asphalt","toll":"yes"},"geometry":{"type":"LineString","coordinates":[[9.4482041,46.6734773],[9.4485759,46.6729341]]}},{"type":"Feature","properties":{"carriage_ref":"B","change:lanes:backward":"no","change:lanes:forward":"no","highway":"trunk","int_ref":"E 43","lanes":"2","lit":"yes","maxspeed":"80","mindistance:hgv":"150","motorroad":"yes","oneway":"no","ref":"A13","shoulder":"none","source:maxspeed":"sign","surface":"asphalt","toll":"yes"},"geometry":{"type":"LineString","coordinates":[[9.41171456341,46.80909633929],[9.41149606341,46.80936133955],[9.41129156341,46.8096093398]]}},{"type":"Feature","properties":{"carriage_ref":"B","change:lanes:backward":"not_left|not_right","change:lanes:forward":"no","highway":"trunk","int_ref":"E 43","lanes":"3","lanes:backward":"2","maxspeed":"80","mindistance:hgv":"150","motorroad":"yes","oneway":"no","overtaking":"no","placement:forward":"left_of:1","ref":"A13","shoulder":"none","source:maxspeed":"sign","surface":"asphalt","toll":"yes","turn:lanes:backward":"|merge_to_left"},"geometry":{"type":"LineString","coordinates":[[9.31756696341,46.54953107896],[9.31796926341,46.54974137917],[9.31828716341,46.54989167932]]}},{"type":"Feature","properties":{"bridge":"yes","carriage_ref":"B","change:lanes:backward":"no|no","change:lanes:forward":"no","highway":"trunk","int_ref":"E 43","lanes":"3","lanes:backward":"2","layer":"1","maxspeed":"80","mindistance:hgv":"150","motorroad":"yes","oneway":"no","placement:backward":"left_of:1","ref":"A13","shoulder":"none","source:maxspeed":"sign","surface":"asphalt","toll":"yes","turn:lanes:backward":"|slight_right"},"geometry":{"type":"LineString","coordinates":[[9.40733476341,46.82181615207],[9.40754956341,46.82198875225]]}},{"type":"Feature","properties":{"carriage_ref":"A","change:lanes:backward":"no","change:lanes:forward":"not_left|not_right","highway":"trunk","int_ref":"E 43","lanes":"3","lanes:forward":"2","maxspeed":"100","mindistance:hgv":"150","motorroad":"yes","oneway":"no","overtaking:hgv:forward":"no","placement:forward":"middle_of:1","ref":"A13","shoulder":"none","source:maxspeed":"sign","surface":"asphalt","toll":"yes","turn:lanes:forward":"merge_to_right|"},"geometry":{"type":"LineString","coordinates":[[9.4279281,46.5916268],[9.4279307,46.5914221],[9.427907,46.5912155],[9.4278546,46.5910249],[9.4277984,46.5908838],[9.4277153,46.5907346],[9.4275731,46.5905289],[9.427389,46.5902886]]}},{"type":"Feature","properties":{"bridge":"yes","carriage_ref":"B","highway":"motorway","int_ref":"E 43","lanes":"2","layer":"1","maxspeed":"120","oneway":"yes","ref":"A13","shoulder":"none","source:maxspeed":"CH:motorway","surface":"asphalt","toll":"yes"},"geometry":{"type":"LineString","coordinates":[[9.2206887,46.354828],[9.2208886,46.3553755]]}},{"type":"Feature","properties":{"carriage_ref":"B","highway":"trunk","int_ref":"E 43","lanes":"1","maxspeed":"100","mindistance:hgv":"150","motorroad":"yes","oneway":"yes","ref":"A13","surface":"asphalt","toll":"yes"},"geometry":{"type":"LineString","coordinates":[[9.44672813457,46.69891950774],[9.44680114806,46.6991312684],[9.44690240329,46.69944295726],[9.44696878365,46.6996610294],[9.44704923272,46.69996479019]]}},{"type":"Feature","properties":{"carriage_ref":"A","change:lanes:backward":"no","change:lanes:forward":"no","highway":"trunk","int_ref":"E 43","lanes":"2","maxspeed":"60","mindistance:hgv":"150","motorroad":"yes","oneway":"no","overtaking":"no","ref":"A13","shoulder":"none","source:maxspeed":"sign","surface":"asphalt","toll":"yes"},"geometry":{"type":"LineString","coordinates":[[9.34864725397,46.56181575369],[9.34857546746,46.5616615],[9.34846365211,46.5614973],[9.34836725211,46.56134412309],[9.34822712328,46.56120582307],[9.34805659444,46.56109867694],[9.34790498095,46.5609894],[9.34769349444,46.5609088],[9.34752560979,46.5608667079],[9.3473011963,46.56080488491],[9.34689094048,46.56069906199],[9.34630749815,46.5605533621],[9.34515372024,46.5602531197],[9.34473717116,46.56016091974]]}},{"type":"Feature","properties":{"bridge":"yes","carriage_ref":"A","change:lanes:backward":"no","change:lanes:forward":"no","highway":"trunk","incline":"-8%","int_ref":"E 43","lanes":"2","layer":"1","maxspeed":"80","mindistance:hgv":"150","motorroad":"yes","oneway":"no","overtaking":"no","ref":"A13","shoulder":"none","source:incline":"signpost","source:maxspeed":"sign","surface":"asphalt","toll":"yes"},"geometry":{"type":"LineString","coordinates":[[9.2105911,46.4390444],[9.21092,46.4391845],[9.2112591,46.4392551],[9.2115442,46.4392728],[9.211784,46.4392654],[9.2120382,46.4392368]]}},{"type":"Feature","properties":{"carriage_ref":"B","change:backward":"no","change:lanes:forward":"not_left|yes","highway":"trunk","int_ref":"E 43","lanes":"3","lanes:backward":"1","lanes:forward":"2","maxspeed":"80","mindistance:hgv":"150","motorroad":"yes","oneway":"no","placement:backward":"left_of:1","ref":"A13","shoulder":"none","source:maxspeed":"sign","surface":"asphalt","toll":"yes","turn:lanes:forward":"through|right"},"geometry":{"type":"LineString","coordinates":[[9.18977856341,46.52778035719],[9.18999976341,46.52799535741],[9.19022616341,46.5281872576]]}},{"type":"Feature","properties":{"carriage_ref":"A","change:lanes:backward":"no","change:lanes:forward":"not_left|not_right","highway":"trunk","int_ref":"E 43","lanes":"3","lanes:forward":"2","maxspeed":"80","mindistance:hgv":"150","motorroad":"yes","oneway":"no","overtaking":"no","placement:backward":"left_of:1","ref":"A13","shoulder":"none","source:maxspeed":"sign","surface":"asphalt","toll":"yes","turn:lanes:forward":"|merge_to_left"},"geometry":{"type":"LineString","coordinates":[[9.3612421,46.5670798],[9.3609229,46.5669885],[9.3606801,46.566912],[9.3604588,46.5668299]]}},{"type":"Feature","properties":{"carriage_ref":"A","change:lanes:backward":"no","change:lanes:forward":"no","highway":"trunk","int_ref":"E 43","lanes":"2","maxspeed":"100","mindistance:hgv":"150","motorroad":"yes","oneway":"no","overtaking":"no","ref":"A13","shoulder":"none","source:maxspeed":"sign","surface":"asphalt","toll":"yes"},"geometry":{"type":"LineString","coordinates":[[9.1905884,46.4525069],[9.190569,46.4522855],[9.1904949,46.4517667]]}},{"type":"Feature","properties":{"carriage_ref":"A","destination":"Italien;San Bernardino;St. Moritz;Thusis;Bonaduz","highway":"trunk","int_ref":"E 43","lanes":"1","maxspeed":"100","motorroad":"yes","oneway":"yes","ref":"A13","shoulder:right":"yes","surface":"asphalt","toll":"yes"},"geometry":{"type":"LineString","coordinates":[[9.4182728,46.8290464],[9.4179107,46.8288745],[9.4175986,46.8287087],[9.4172875,46.8285053]]}},{"type":"Feature","properties":{"carriage_ref":"B","change:lanes:backward":"no|not_right","change:lanes:forward":"no","highway":"trunk","int_ref":"E 43","lanes":"3","lanes:backward":"2","maxspeed":"80","mindistance:hgv":"150","motorroad":"yes","oneway":"no","overtaking":"no","placement:forward":"left_of:1","ref":"A13","shoulder":"none","source:maxspeed":"sign","surface":"asphalt","toll":"yes","turn:lanes:backward":"|merge_to_left"},"geometry":{"type":"LineString","coordinates":[[9.36127896341,46.56702549647],[9.36144656341,46.56706599651],[9.36160076341,46.56709829654],[9.36186096341,46.56714899659],[9.36208626341,46.56718499663],[9.36238666341,46.56723019667]]}},{"type":"Feature","properties":{"carriage_ref":"B","highway":"motorway","int_ref":"E 43","lanes":"2","maxspeed":"120","oneway":"yes","ref":"A13","shoulder:right":"yes","source:maxspeed":"CH:motorway","surface":"asphalt","toll":"yes"},"geometry":{"type":"LineString","coordinates":[[9.4204723,46.8298219],[9.4211731,46.8300589],[9.4218499,46.8302684],[9.4224885,46.8304478],[9.423116,46.8306047],[9.4237713,46.8307571],[9.4247086,46.8309569],[9.4256672,46.8311508],[9.4292157,46.8318672],[9.4296731,46.8319628],[9.4314408195,46.83233568648],[9.43282483935,46.83268066437],[9.4336724174,46.83296692094],[9.43477748752,46.83342199234],[9.43570016742,46.83386972012],[9.43669794917,46.8343614824],[9.43811415553,46.83498535345],[9.43972348094,46.83554316142],[9.44123624682,46.83595417412],[9.44282411456,46.8362477527],[9.44449781299,46.83655600847],[9.44583891749,46.83680554757],[9.44733022571,46.83719453267],[9.44847821116,46.83753947937],[9.44905756831,46.83767892528],[9.44961546779,46.83780369237],[9.45022701144,46.83786974541],[9.45086001277,46.83789910229],[9.45143936992,46.83789176307],[9.45208310008,46.83784772774],[9.4524679,46.8378371]]}},{"type":"Feature","properties":{"carriage_ref":"B","change:lanes:backward":"no","change:lanes:forward":"no","destination:backward":"Lugano;Mesocco-Sud","highway":"trunk","incline":"8%","int_ref":"E 43","lanes":"2","maxspeed":"100","mindistance:hgv":"150","motorroad":"yes","oneway":"no","overtaking":"no","ref":"A13","shoulder":"none","source:incline":"signpost","source:maxspeed":"sign","surface":"asphalt","toll":"yes"},"geometry":{"type":"LineString","coordinates":[[9.22940356341,46.40158743108],[9.22940076341,46.40185893135]]}},{"type":"Feature","properties":{"carriage_ref":"A","destination":"Zizers","highway":"motorway","int_ref":"E 43","lanes":"2","maxspeed":"120","oneway":"yes","ref":"A13","shoulder:right":"yes","source:maxspeed":"CH:motorway","surface":"asphalt","toll":"yes"},"geometry":{"type":"LineString","coordinates":[[9.5510243,46.9740196],[9.5511106,46.9738575],[9.5514129,46.9732913],[9.5516396,46.9727757],[9.5519155,46.9719793]]}},{"type":"Feature","properties":{"carriage_ref":"A","change:lanes:backward":"no","change:lanes:forward":"not_left|not_right","highway":"trunk","int_ref":"E 43","lanes":"3","lanes:backward":"1","lanes:forward":"2","maxspeed:backward":"80","maxspeed:forward":"100","mindistance:hgv":"150","motorroad":"yes","oneway":"no","overtaking":"no","placement:forward":"left_of:1","ref":"A13","shoulder":"none","source:maxspeed":"sign","surface":"asphalt","toll":"yes","turn:lanes:forward":"|merge_to_left"},"geometry":{"type":"LineString","coordinates":[[9.1880225,46.4616609],[9.1881693,46.4614179]]}},{"type":"Feature","properties":{"carriage_ref":"B","change:lanes:backward":"no|no","change:lanes:forward":"not_left|not_right","highway":"trunk","int_ref":"E 43","lanes":"4","maxspeed":"80","mindistance:hgv":"150","motorroad":"yes","oneway":"no","overtaking":"no","ref":"A13","shoulder":"none","source:maxspeed":"sign","surface":"asphalt","toll":"yes","turn:lanes:forward":"|slight_right"},"geometry":{"type":"LineString","coordinates":[[9.29428266341,46.54433547376],[9.29477146341,46.54431717374]]}},{"type":"Feature","properties":{"carriage_ref":"A","change:lanes:backward":"no","change:lanes:forward":"no|no","highway":"trunk","int_ref":"E 43","lanes":"3","lanes:forward":"2","maxspeed":"80","mindistance:hgv":"150","motorroad":"yes","oneway":"no","placement:forward":"left_of:1","ref":"A13","shoulder":"none","source:maxspeed":"sign","surface":"asphalt","toll":"yes","turn:lanes:forward":"|slight_right"},"geometry":{"type":"LineString","coordinates":[[9.4072979,46.8218702],[9.4072134,46.8218007]]}},{"type":"Feature","properties":{"carriage_ref":"A","destination":"Maienfeld","highway":"motorway","int_ref":"E 43","lanes":"2","maxspeed":"120","oneway":"yes","ref":"A13","shoulder:right":"yes","source:maxspeed":"CH:motorway","surface":"asphalt","toll":"yes"},"geometry":{"type":"LineString","coordinates":[[9.4902609,47.0183678],[9.4911895,47.0178706],[9.491934,47.0174701],[9.4925128,47.0171994],[9.4933052,47.0168351],[9.4938335,47.0166105],[9.4944588,47.0163589],[9.495712,47.0159008],[9.49656,47.0156321],[9.4976537,47.0153484]]}},{"type":"Feature","properties":{"bridge":"yes","carriage_ref":"B","highway":"trunk","int_ref":"E 43","lanes":"1","layer":"1","maxspeed":"80","mindistance:hgv":"150","motorroad":"yes","oneway":"yes","overtaking":"no","ref":"A13","shoulder":"none","source:maxspeed":"sign","surface":"asphalt","toll":"yes"},"geometry":{"type":"LineString","coordinates":[[9.4163668,46.779584],[9.41622893069,46.77983098145]]}},{"type":"Feature","properties":{"carriage_ref":"A","destination":"Chiasso;San Bernardino;Chur;Bad Ragaz","destination:country":"I;;;","destination:int_ref":"E 43","highway":"motorway","int_ref":"E 43","lanes":"1","maxspeed":"70","oneway":"yes","ref":"A13","surface":"asphalt","toll":"yes"},"geometry":{"type":"LineString","coordinates":[[9.4614324,47.0360093],[9.4616019,47.0358153],[9.4618436,47.0356217],[9.4621081,47.0354659],[9.4623824,47.035359],[9.4627351,47.0352745],[9.4631172,47.0352366],[9.4637507,47.0351921],[9.4642503,47.035132],[9.4645377,47.0350608],[9.4648055,47.0349629],[9.4650773,47.0348157]]}},{"type":"Feature","properties":{"carriage_ref":"B","highway":"trunk","int_ref":"E 43","lanes":"2","maxspeed":"100","mindistance:hgv":"150","motorroad":"yes","oneway":"no","ref":"A13","shoulder:left":"yes","shoulder:right":"yes","source:maxspeed":"sign","surface":"asphalt","toll":"yes"},"geometry":{"type":"LineString","coordinates":[[9.43832536341,46.6293529589],[9.43843266341,46.62963205918],[9.43851516341,46.62989665944],[9.43858666341,46.63020105975],[9.43863246341,46.63049776004],[9.43866336341,46.63078176033],[9.43867386341,46.6311545607],[9.43866196341,46.63142506097],[9.43862526341,46.63170706126],[9.43856006341,46.63202186157],[9.43847086341,46.63237936193],[9.43829216341,46.63309766265]]}},{"type":"Feature","properties":{"carriage_ref":"A","highway":"motorway","int_ref":"E 43","lanes":"1","lit":"yes","maxspeed":"100","oneway":"yes","ref":"A13","shoulder":"none","source:maxspeed":"sign","surface":"asphalt","toll":"yes"},"geometry":{"type":"LineString","coordinates":[[9.0470829,46.221647],[9.0467724,46.2216231],[9.0457821,46.2215504]]}},{"type":"Feature","properties":{"carriage_ref":"B","change:lanes:backward":"no","change:lanes:forward":"no|not_right","highway":"trunk","int_ref":"E 43","lanes":"3","lanes:forward":"2","maxspeed":"80","mindistance:hgv":"150","motorroad":"yes","oneway":"no","overtaking":"no","placement:forward":"left_of:1","ref":"A13","shoulder:left":"yes","shoulder:right":"yes","source:maxspeed":"sign","surface":"asphalt","toll":"yes","turn:lanes:forward":"|merge_to_left"},"geometry":{"type":"LineString","coordinates":[[9.29879416341,46.54526707469],[9.29937886341,46.54550497493]]}},{"type":"Feature","properties":{"carriage_ref":"B","change:lanes:backward":"no","change:lanes:forward":"no","highway":"trunk","incline":"-8%","int_ref":"E 43","lanes":"2","maxspeed":"100","mindistance:hgv":"150","motorroad":"yes","oneway":"no","ref":"A13","shoulder:left":"yes","shoulder:right":"yes","source:incline":"signpost","source:maxspeed":"sign","surface":"asphalt","toll":"yes"},"geometry":{"type":"LineString","coordinates":[[9.43088246341,46.60109473059],[9.43074416341,46.60139223088],[9.43056136341,46.60181603131],[9.43045976341,46.60207563157],[9.43038016341,46.60235093184],[9.43030386341,46.60267933217],[9.43026266341,46.60295193245],[9.43025826341,46.60326543276],[9.43025996341,46.60355273305],[9.43028506341,46.60383113333],[9.43032966341,46.60409443359],[9.43039766341,46.60436373386],[9.43047456341,46.6045994341],[9.43055866341,46.60482263432],[9.43065966341,46.60505083455],[9.43080546341,46.60532373482],[9.43096536341,46.60558523508],[9.43114166341,46.60583573533],[9.43135426341,46.6060993356],[9.43156716341,46.60632813583],[9.43186396341,46.60663743614],[9.43218046341,46.60693043643],[9.43255696341,46.60726233676],[9.43283216341,46.60753113703]]}},{"type":"Feature","properties":{"carriage_ref":"A","change:lanes:backward":"no","change:lanes:forward":"no","highway":"trunk","int_ref":"E 43","lanes":"2","maxspeed":"100","mindistance:hgv":"150","motorroad":"yes","oneway":"no","overtaking:forward":"no","ref":"A13","source:maxspeed":"sign","surface":"asphalt","toll":"yes"},"geometry":{"type":"LineString","coordinates":[[9.2782888,46.5423872],[9.2778334,46.5422368],[9.277132,46.5420459],[9.2765225,46.5419025],[9.2752598,46.5416077],[9.2746684,46.5414767],[9.2740367,46.5413409],[9.2734711,46.5412581],[9.2728492,46.5411871],[9.2722571,46.5411659],[9.2714429,46.5411718],[9.2706357,46.5411862],[9.2687911,46.541228],[9.2672229,46.5412738],[9.2661591,46.541283],[9.2657154,46.5412719],[9.2652119,46.5412448],[9.264849,46.5412287],[9.2644789,46.5411962],[9.263537,46.5410775],[9.2624753,46.5408881],[9.2614441,46.5406494],[9.260869,46.5404909],[9.2597562,46.5401558],[9.2587709,46.5398384]]}},{"type":"Feature","properties":{"carriage_ref":"B","change:lanes:backward":"no","change:lanes:forward":"no","highway":"trunk","int_ref":"E 43","lanes":"2","maxspeed":"80","mindistance:hgv":"150","motorroad":"yes","oneway":"no","overtaking":"no","ref":"A13","shoulder":"none","source:maxspeed":"sign","surface":"asphalt","toll":"yes"},"geometry":{"type":"LineString","coordinates":[[9.21728146341,46.5329827624],[9.21800606341,46.5332816627]]}},{"type":"Feature","properties":{"carriage_ref":"A","highway":"motorway","int_ref":"E 43","lanes":"2","maxspeed":"120","oneway":"yes","ref":"A13","surface":"asphalt","toll":"yes"},"geometry":{"type":"LineString","coordinates":[[9.5606717,47.3024222],[9.5586604,47.3011878],[9.5565721,47.2999519],[9.556148,47.2996798],[9.5558473,47.2994787],[9.5555383,47.2992602],[9.5553632,47.2991341],[9.5552123,47.299017],[9.5548619,47.2987352],[9.5545642,47.2984658],[9.5542594,47.2981675],[9.5538473,47.2976899],[9.5534828,47.297204],[9.5532309,47.2968077],[9.5529932,47.2963993],[9.5526376,47.2956318],[9.5523284,47.2948045],[9.5520596,47.293946],[9.5516195,47.2922435],[9.5512652,47.2909885],[9.5508411,47.2897523],[9.5505425,47.2890079],[9.5502222,47.2882773],[9.5498504,47.2875402],[9.5494695,47.2868172],[9.5490571,47.2861346],[9.5486083,47.2854361],[9.5481137,47.2847289],[9.5476221,47.284048],[9.5470095,47.283328],[9.5463302,47.282601],[9.5457577,47.2820505],[9.5451452,47.281527],[9.5446629,47.2811462],[9.5441484,47.2807672],[9.5436537,47.2804299],[9.5430369,47.2800428],[9.5424075,47.2796827],[9.5416575,47.2792815],[9.5409826,47.2789563],[9.5402915,47.2786456],[9.5391563,47.278152],[9.5360567,47.2768675],[9.534791,47.2762855],[9.5343063,47.2760541],[9.5337611,47.2757691],[9.5330389,47.275364],[9.5325024,47.2750237],[9.5319622,47.2746507],[9.5314899,47.2742754],[9.5311426,47.2739882],[9.5307268,47.2735979],[9.530494,47.273343]]}},{"type":"Feature","properties":{"carriage_ref":"A","highway":"motorway","int_ref":"E 43","lanes":"3","maxspeed":"120","oneway":"yes","placement":"right_of:1","ref":"A13","shoulder:right":"yes","source:maxspeed":"CH:motorway","surface":"asphalt","toll":"yes","turn:lanes":"none|none|merge_to_left"},"geometry":{"type":"LineString","coordinates":[[9.5155072,47.009035],[9.5160048,47.0083418],[9.5166266,47.0074558]]}},{"type":"Feature","properties":{"carriage_ref":"B","highway":"trunk","int_ref":"E 43","lanes":"2","maxspeed":"100","mindistance:hgv":"150","motorroad":"yes","oneway":"no","ref":"A13","shoulder:left":"yes","shoulder:right":"yes","source:maxspeed":"sign","surface":"asphalt","toll":"yes"},"geometry":{"type":"LineString","coordinates":[[9.43823956341,46.63356826312],[9.43824756341,46.6337512633],[9.43827036341,46.63401866357],[9.43831736341,46.63432406388],[9.43840716341,46.63465676421],[9.43851846341,46.6349429645],[9.43866466341,46.63524816481],[9.43883766341,46.6355414651],[9.43903746341,46.63581246537],[9.43927216341,46.63608936565],[9.43957526341,46.63641996598],[9.4399427769,46.63687854975],[9.4402085769,46.63723711666],[9.44040404806,46.63757646714],[9.44052331248,46.63781046737],[9.44067766341,46.6381353677],[9.44074446341,46.63849476806],[9.44077956341,46.63880576837],[9.44082926341,46.63956886914],[9.44087346341,46.6398324694],[9.44092306341,46.6400322696]]}},{"type":"Feature","properties":{"carriage_ref":"B","change:lanes:backward":"not_left|not_right","change:lanes:forward":"no","highway":"trunk","int_ref":"E 43","lanes:backward":"2","lanes:forward":"1","maxspeed":"80","mindistance:hgv":"150","motorroad":"yes","oneway":"no","overtaking":"no","placement:backward":"left_of:1","ref":"A13","shoulder":"none","source:maxspeed":"sign","surface":"asphalt","toll":"yes","turn:lanes:backward":"through|right"},"geometry":{"type":"LineString","coordinates":[[9.19171096341,46.52904725846],[9.19218806341,46.52925445867]]}},{"type":"Feature","properties":{"carriage_ref":"A","destination":"Chur;Zürich","highway":"motorway","int_ref":"E 43","lanes":"3","maxspeed":"120","oneway":"yes","placement":"right_of:1","ref":"A13","surface":"asphalt","toll":"yes","turn:lanes":"none|none|merge_to_left"},"geometry":{"type":"LineString","coordinates":[[9.4841088,47.0719069],[9.4835876,47.0716004],[9.4831008,47.0713394]]}},{"type":"Feature","properties":{"carriage_ref":"A","change:lanes:backward":"not_left|not_right","change:lanes:forward":"no","highway":"trunk","int_ref":"E 43","lanes":"3","lanes:backward":"2","maxspeed":"80","mindistance:hgv":"150","motorroad":"yes","oneway":"no","overtaking":"no","placement:backward":"left_of:1","ref":"A13","shoulder":"none","source:maxspeed":"sign","surface":"asphalt","toll":"yes","turn:lanes:backward":"|merge_to_left"},"geometry":{"type":"LineString","coordinates":[[9.3239379,46.5516799],[9.3235174,46.5515737]]}},{"type":"Feature","properties":{"carriage_ref":"B","highway":"motorway","int_ref":"E 43","lanes":"2","maxspeed":"120","oneway":"yes","ref":"A13","shoulder:right":"yes","source:maxspeed":"CH:motorway","surface":"asphalt","toll":"yes"},"geometry":{"type":"LineString","coordinates":[[9.458082,46.8375342],[9.4587918,46.8376331],[9.4593966,46.8377296],[9.4599313,46.8378553],[9.4605342,46.8380134],[9.4613389,46.8382813],[9.4647453,46.83954],[9.4651009,46.8396693]]}},{"type":"Feature","properties":{"carriage_ref":"B","change:lanes:backward":"no","change:lanes:forward":"no","highway":"trunk","int_ref":"E 43","lanes":"2","maxspeed":"100","mindistance:hgv":"150","motorroad":"yes","oneway":"no","overtaking":"no","ref":"A13","shoulder:left":"yes","shoulder:right":"yes","source:maxspeed":"sign","surface":"asphalt","toll":"yes"},"geometry":{"type":"LineString","coordinates":[[9.43475806341,46.62425345379],[9.43488406341,46.62455095409],[9.43501556341,46.62478025431],[9.43516036341,46.62500685454],[9.43534246341,46.62524555478],[9.43548486341,46.62543045497],[9.43559086341,46.6255640551]]}},{"type":"Feature","properties":{"carriage_ref":"A","change:lanes:backward":"no","change:lanes:forward":"not_left|not_right","highway":"trunk","int_ref":"E 43","lanes":"3","lanes:backward":"1","lanes:forward":"2","maxspeed":"80","mindistance:hgv":"150","motorroad":"yes","oneway":"no","overtaking:backward":"no","placement:forward":"middle_of:1","ref":"A13","source:maxspeed":"sign","surface":"asphalt","toll":"yes"},"geometry":{"type":"LineString","coordinates":[[9.2049606,46.5310847],[9.2047623,46.5309851]]}},{"type":"Feature","properties":{"carriage_ref":"A","hazmat:water":"permissive","highway":"motorway","int_ref":"E 43","lanes":"4","maxspeed":"120","oneway":"yes","placement":"right_of:1","ref":"A13","surface":"asphalt","toll":"yes","turn:lanes":"||slight_right|slight_right"},"geometry":{"type":"LineString","coordinates":[[9.6422034,47.4340895],[9.642246,47.4337184],[9.6422945,47.4334498],[9.6423565,47.4332044],[9.6424839,47.4327729]]}},{"type":"Feature","properties":{"carriage_ref":"B","change:lanes:backward":"no","change:lanes:forward":"no","highway":"trunk","int_ref":"E 43","lanes":"2","maxspeed":"80","mindistance:hgv":"150","motorroad":"yes","oneway":"no","overtaking":"no","ref":"A13","shoulder":"none","source:maxspeed":"sign","surface":"asphalt","toll":"yes"},"geometry":{"type":"LineString","coordinates":[[9.41628356341,46.57386590332],[9.41629376341,46.57403850349],[9.41629496341,46.57418790364],[9.41626756341,46.57446900392],[9.41626156341,46.57466840412],[9.41627356341,46.57483250429],[9.41628696341,46.5749487044],[9.41631386341,46.57506850452]]}},{"type":"Feature","properties":{"bridge":"yes","carriage_ref":"B","highway":"trunk","incline":"8%","int_ref":"E 43","lanes":"2","layer":"1","maxspeed:backward":"100","maxspeed:forward":"80","mindistance:hgv":"150","motorroad":"yes","oneway":"no","ref":"A13","shoulder":"none","source:incline":"signpost","source:maxspeed":"sign","surface":"asphalt","toll":"yes"},"geometry":{"type":"LineString","coordinates":[[9.23032586341,46.39181472132],[9.23007896341,46.39240462191]]}},{"type":"Feature","properties":{"carriage_ref":"A","change:lanes:backward":"not_left|not_right","change:lanes:forward":"no","highway":"trunk","int_ref":"E 43","lanes":"3","lanes:backward":"2","maxspeed":"80","mindistance:hgv":"150","motorroad":"yes","oneway":"no","overtaking":"no","placement:backward":"left_of:1","ref":"A13","shoulder":"none","source:maxspeed":"sign","surface":"asphalt","toll":"yes","turn:lanes:backward":"|merge_to_left"},"geometry":{"type":"LineString","coordinates":[[9.3232882,46.5515171],[9.322979,46.5514401]]}},{"type":"Feature","properties":{"carriage_ref":"A","change:lanes:backward":"no|not_right","change:lanes:forward":"no","highway":"trunk","int_ref":"E 43","lanes":"3","lanes:backward":"2","maxspeed":"80","mindistance:hgv":"150","motorroad":"yes","oneway":"no","placement:backward":"left_of:1","ref":"A13","shoulder:left":"yes","shoulder:right":"yes","source:maxspeed":"sign","surface":"asphalt","toll":"yes","turn:lanes:backward":"|merge_to_left"},"geometry":{"type":"LineString","coordinates":[[9.4066312,46.8211618],[9.4065133,46.8210094],[9.4064152,46.8208658]]}},{"type":"Feature","properties":{"avalanche_protector:right":"open","carriage_ref":"A","change:lanes:backward":"no","change:lanes:forward":"no","highway":"trunk","incline":"-8%","int_ref":"E 43","lanes":"2","layer":"-1","maxspeed":"80","mindistance:hgv":"150","motorroad":"yes","oneway":"no","overtaking":"no","ref":"A13","shoulder":"none","source:incline":"signpost","source:maxspeed":"sign","surface":"asphalt","toll":"yes","tunnel":"avalanche_protector","tunnel:name":"Gei"},"geometry":{"type":"LineString","coordinates":[[9.2009745,46.4330584],[9.2013309,46.4330199]]}},{"type":"Feature","properties":{"bridge":"yes","carriage_ref":"A","change:lanes:backward":"no","change:lanes:forward":"no","highway":"trunk","int_ref":"E 43","lanes":"2","layer":"1","maxspeed":"80","mindistance:hgv":"150","motorroad":"yes","oneway":"no","overtaking":"no","ref":"A13","shoulder:left":"yes","shoulder:right":"yes","source:maxspeed":"sign","surface":"asphalt","toll":"yes"},"geometry":{"type":"LineString","coordinates":[[9.3241686,46.551735],[9.3239379,46.5516799]]}},{"type":"Feature","properties":{"carriage_ref":"A","change:lanes:backward":"no","change:lanes:forward":"not_left|no","destination:lanes:forward":"San Bernardino;Medels|Splügen;Splügenpass","highway":"trunk","int_ref":"E 43","lanes":"3","lanes:backward":"1","maxspeed":"80","mindistance:hgv":"150","motorroad":"yes","oneway":"no","overtaking":"no","placement:backward":"left_of:1","ref":"A13","shoulder":"none","source:maxspeed":"sign","surface":"asphalt","toll":"yes","turn:lanes:forward":"|slight_right"},"geometry":{"type":"LineString","coordinates":[[9.3215107,46.5510761],[9.3212986,46.5510214],[9.321038,46.5509525]]}},{"type":"Feature","properties":{"carriage_ref":"A","change:lanes:backward":"not_left|not_right","change:lanes:forward":"no","highway":"trunk","int_ref":"E 43","lanes":"3","lanes:backward":"2","maxspeed":"100","mindistance:hgv":"150","motorroad":"yes","oneway":"no","overtaking":"no","placement:forward":"left_of:1","ref":"A13","shoulder:left":"yes","shoulder:right":"yes","source:maxspeed":"sign","surface":"asphalt","toll":"yes","turn:lanes:backward":"|merge_to_left"},"geometry":{"type":"LineString","coordinates":[[9.4441116,46.6428064],[9.4438072,46.6426812],[9.4434592,46.6425286]]}},{"type":"Feature","properties":{"carriage_ref":"B","destination:lanes":"San Bernardino;Pian San Giacomo|Mesocco","highway":"trunk","int_ref":"E 43","lanes":"2","maxspeed":"80","mindistance:hgv":"150","motorroad":"yes","oneway":"yes","placement":"middle_of:1","ref":"A13","shoulder":"none","source:maxspeed":"sign","surface":"asphalt","toll":"yes","turn:lanes":"|slight_right"},"geometry":{"type":"LineString","coordinates":[[9.2322386,46.3815203],[9.2324491,46.3818737]]}},{"type":"Feature","properties":{"avz":"539","carriage_ref":"A","change:lanes:backward":"no","change:lanes:forward":"no","cs_dir:forward":"1","highway":"trunk","int_ref":"E 43","lanes":"2","maxspeed":"80","mindistance:hgv":"150","motorroad":"yes","oneway":"no","overtaking":"no","ref":"A13","shoulder":"none","source:maxspeed":"sign","surface":"asphalt","toll":"yes"},"geometry":{"type":"LineString","coordinates":[[9.239393,46.5380829],[9.2391751,46.5380537]]}},{"type":"Feature","properties":{"carriage_ref":"B","destination:colour:lanes":"green|green|blue;blue;white","destination:lanes":"Maienfeld|Maienfeld|Landquart;Davos;Vereina","destination:symbol:lanes":"||;;railroad_terminal","highway":"motorway","int_ref":"E 43","lanes":"3","maxspeed":"120","oneway":"yes","placement":"right_of:1","ref":"A13","shoulder:right":"yes","source:maxspeed":"CH:motorway","surface":"asphalt","toll":"yes","turn:lanes":"||slight_right"},"geometry":{"type":"LineString","coordinates":[[9.5503685,46.9624221],[9.5506275,46.9629896]]}},{"type":"Feature","properties":{"carriage_ref":"A","destination":"Oberriet","highway":"motorway","int_ref":"E 43","lanes":"2","maxspeed":"120","oneway":"yes","ref":"A13","surface":"asphalt","toll":"yes"},"geometry":{"type":"LineString","coordinates":[[9.6130037,47.3613027],[9.6101725,47.3594116],[9.6080932,47.3580368],[9.6070006,47.3572945]]}},{"type":"Feature","properties":{"carriage_ref":"B","highway":"motorway","int_ref":"E 43","lanes":"1","lit":"yes","maxspeed":"100","oneway":"yes","ref":"A13","shoulder:right":"yes","source:maxspeed":"sign","surface":"asphalt","toll":"yes"},"geometry":{"type":"LineString","coordinates":[[9.0428315,46.2212314],[9.0437034,46.2213407],[9.0442054,46.2213812]]}},{"type":"Feature","properties":{"carriage_ref":"B","destination":"Sevelen","highway":"motorway","int_ref":"E 43","lanes":"2","maxspeed":"120","oneway":"yes","ref":"A13","shoulder:right":"yes","source:maxspeed":"CH:motorway","surface":"asphalt","toll":"yes"},"geometry":{"type":"LineString","coordinates":[[9.4846977,47.0720921],[9.4857202,47.0727088],[9.4873694,47.073761],[9.4905736,47.0757461],[9.4916172,47.0763503],[9.4921345,47.0766426]]}},{"type":"Feature","properties":{"bridge":"yes","carriage_ref":"A","hazmat:water":"permissive","highway":"motorway","int_ref":"E 43","lanes":"2","layer":"1","maxspeed":"120","oneway":"yes","ref":"A13","surface":"asphalt","toll":"yes"},"geometry":{"type":"LineString","coordinates":[[9.6531077,47.4463267],[9.6528107,47.4459308],[9.6526486,47.4457439],[9.6523725,47.4454576],[9.6520703,47.4451929]]}},{"type":"Feature","properties":{"bridge":"yes","carriage_ref":"A","change:lanes:backward":"no","change:lanes:forward":"not_left|not_right","highway":"trunk","int_ref":"E 43","lanes":"3","lanes:forward":"2","layer":"1","lit":"yes","maxspeed":"80","mindistance:hgv":"150","motorroad":"yes","oneway":"no","placement:backward":"left_of:1","ref":"A13","shoulder":"none","source:maxspeed":"sign","surface":"asphalt","toll":"yes","turn:lanes:forward":"|slight_right"},"geometry":{"type":"LineString","coordinates":[[9.4281377,46.5798012],[9.428139,46.5796417],[9.4281256,46.5794776],[9.4280824,46.5793073]]}},{"type":"Feature","properties":{"carriage_ref":"B","highway":"trunk","incline":"8%","int_ref":"E 43","lanes":"2","maxspeed":"100","mindistance:hgv":"150","motorroad":"yes","oneway":"no","ref":"A13","shoulder":"none","source:incline":"signpost","source:maxspeed":"sign","surface":"asphalt","toll":"yes"},"geometry":{"type":"LineString","coordinates":[[9.23161956341,46.40972753921],[9.23182076341,46.40981633929],[9.23202326341,46.40988603936],[9.23228736341,46.40995133943],[9.23254226341,46.40999573947],[9.23275546341,46.41001543949],[9.23298736341,46.41001093949]]}},{"type":"Feature","properties":{"carriage_ref":"A","change:lanes:backward":"not_left|not_right","change:lanes:forward":"not_left|no","highway":"trunk","int_ref":"E 43","lanes":"4","lanes:forward":"2","maxspeed":"80","mindistance:hgv":"150","motorroad":"yes","oneway":"no","overtaking":"no","placement:backward":"left_of:1","ref":"A13","shoulder":"none","source:maxspeed":"sign","surface":"asphalt","toll":"yes","turn:lanes:backward":"|merge_to_left","turn:lanes:forward":"|slight_right"},"geometry":{"type":"LineString","coordinates":[[9.3714546,46.5706875],[9.3711716,46.5706211],[9.3709235,46.5705538]]}},{"type":"Feature","properties":{"bridge":"yes","carriage_ref":"A","change:lanes:backward":"no","change:lanes:forward":"not_left|not_right","highway":"trunk","int_ref":"E 43","lanes":"3","lanes:backward":"1","lanes:forward":"2","layer":"1","maxspeed":"80","mindistance:hgv":"150","motorroad":"yes","oneway":"no","overtaking":"no","placement:forward":"middle_of:1","ref":"A13","source:maxspeed":"sign","surface":"asphalt","toll":"yes","turn:lanes:forward":"merge_to_right|none"},"geometry":{"type":"LineString","coordinates":[[9.2028531,46.530521],[9.2025729,46.5304964]]}},{"type":"Feature","properties":{"carriage_ref":"B","destination:backward":"Lugano;Mesocco","destination:forward":"San Bernardino","highway":"trunk","incline":"8%","int_ref":"E 43","lanes":"2","maxspeed":"100","mindistance:hgv":"150","motorroad":"yes","oneway":"no","ref":"A13","shoulder":"none","source:incline":"signpost","source:maxspeed":"sign","surface":"asphalt","toll":"yes"},"geometry":{"type":"LineString","coordinates":[[9.22679616341,46.42047504994],[9.22680456341,46.42090185036]]}},{"type":"Feature","properties":{"carriage_ref":"A","destination":"San Bernardino;Reichenau","highway":"motorway","int_ref":"E 43","lanes":"2","maxspeed":"120","oneway":"yes","ref":"A13","shoulder:right":"yes","source:maxspeed":"CH:motorway","surface":"asphalt","toll":"yes"},"geometry":{"type":"LineString","coordinates":[[9.5342303,46.8793851],[9.534129,46.8787308],[9.5340479,46.8782023],[9.5339359,46.8776405],[9.5338146,46.8772051],[9.5336804,46.8768089],[9.5335576,46.8764903],[9.5333306,46.8759814],[9.5330936,46.8754855],[9.5327879,46.8749831],[9.5326674,46.8748218]]}},{"type":"Feature","properties":{"bridge":"yes","carriage_ref":"B","highway":"trunk","int_ref":"E 43","lanes":"2","layer":"1","maxspeed":"100","maxwidth:lanes":"2|","mindistance:hgv":"150","motorroad":"yes","oneway":"yes","ref":"A13","shoulder":"none","source:maxspeed":"sign","surface":"asphalt","toll":"yes"},"geometry":{"type":"LineString","coordinates":[[9.44006046341,46.72452185434],[9.44006856341,46.72461155443]]}},{"type":"Feature","properties":{"bridge":"yes","carriage_ref":"A","highway":"motorway","int_ref":"E 43","lanes":"2","layer":"1","maxspeed":"120","oneway":"yes","ref":"A13","shoulder:right":"yes","source:maxspeed":"CH:motorway","surface":"asphalt","toll":"yes"},"geometry":{"type":"LineString","coordinates":[[9.5562904,46.9106383],[9.5561819,46.9105613]]}},{"type":"Feature","properties":{"carriage_ref":"B","change:lanes:backward":"not_left|not_right","change:lanes:forward":"no","highway":"trunk","int_ref":"E 43","lanes":"3","lanes:backward":"2","maxspeed:backward":"100","maxspeed:forward":"80","mindistance:hgv":"150","motorroad":"yes","oneway":"no","placement:backward":"left_of:1","ref":"A13","shoulder:left":"yes","shoulder:right":"no","source:maxspeed":"sign","source:maxspeed:backward":"CH:motorroad","surface":"asphalt","toll":"yes","turn:lanes:backward":"none|merge_to_left"},"geometry":{"type":"LineString","coordinates":[[9.41613756341,46.82756955786],[9.41623106341,46.82765585795],[9.41640226341,46.82779835809]]}},{"type":"Feature","properties":{"bridge":"yes","carriage_ref":"A","highway":"trunk","incline":"-8%","int_ref":"E 43","lanes":"2","layer":"1","maxspeed":"100","mindistance:hgv":"150","motorroad":"yes","oneway":"no","ref":"A13","shoulder":"none","source:incline":"signpost","source:maxspeed":"sign","surface":"asphalt","toll":"yes"},"geometry":{"type":"LineString","coordinates":[[9.2345975,46.4094306],[9.2343883,46.4095971]]}},{"type":"Feature","properties":{"carriage_ref":"A","change:lanes:backward":"no|not_right","change:lanes:forward":"not_left|no","highway":"trunk","int_ref":"E 43","lanes":"4","lanes:forward":"2","maxspeed":"80","mindistance:hgv":"150","motorroad":"yes","oneway":"no","overtaking":"no","placement:backward":"left_of:1","ref":"A13","shoulder":"none","source:maxspeed":"sign","surface":"asphalt","toll":"yes","turn:lanes:backward":"|merge_to_left","turn:lanes:forward":"|slight_right"},"geometry":{"type":"LineString","coordinates":[[9.3709235,46.5705538],[9.3705909,46.5704524]]}},{"type":"Feature","properties":{"bridge":"yes","carriage_ref":"B","highway":"motorway","int_ref":"E 43","lanes":"2","layer":"1","maxspeed":"120","oneway":"yes","ref":"A13","shoulder:right":"yes","source:maxspeed":"CH:motorway","surface":"asphalt","toll":"yes"},"geometry":{"type":"LineString","coordinates":[[9.4947518,46.8460041],[9.4949005,46.8460093]]}},{"type":"Feature","properties":{"avalanche_protector:right":"open","avz":"44","carriage_ref":"B","change:lanes:backward":"no","change:lanes:forward":"no","cs_dir:backward":"1","cs_dir:forward":"2","hazmat:E":"no","highway":"trunk","int_ref":"E 43","lanes":"2","layer":"-1","lit":"24/7","maxspeed":"80","maxspeed:variable":"yes","mindistance:hgv":"150","motorroad":"yes","oneway":"no","overtaking":"no","ref":"A13","shoulder":"none","source:maxspeed":"sign","ssvz":"263N","surface":"asphalt","toll":"yes","tunnel":"avalanche_protector","tunnel:name":"San-Bernardino-Tunnel"},"geometry":{"type":"LineString","coordinates":[[9.18622256341,46.52339745281],[9.18658346341,46.52386045327]]}},{"type":"Feature","properties":{"bridge":"yes","carriage_ref":"B","highway":"trunk","int_ref":"E 43","lanes":"2","layer":"1","maxspeed":"100","maxwidth:lanes":"2|","mindistance:hgv":"150","motorroad":"yes","oneway":"yes","ref":"A13","shoulder":"none","source:maxspeed":"sign","surface":"asphalt","toll":"yes"},"geometry":{"type":"LineString","coordinates":[[9.44011306341,46.72510425493],[9.44032836341,46.72672125655],[9.44052756341,46.72800405784]]}},{"type":"Feature","properties":{"carriage_ref":"B","highway":"motorway","int_ref":"E 43","lanes":"2","maxspeed":"120","oneway":"yes","ref":"A13","shoulder:right":"yes","source:maxspeed":"CH:motorway","surface":"asphalt","toll":"yes"},"geometry":{"type":"LineString","coordinates":[[9.498563,47.1490736],[9.4979982,47.1498106],[9.4959666,47.1525582],[9.4943746,47.1547996],[9.492553,47.1575883],[9.4918957,47.1586569],[9.491319,47.1597081],[9.4900777,47.1619697]]}},{"type":"Feature","properties":{"carriage_ref":"A","highway":"motorway","int_ref":"E 43","lanes":"2","maxspeed":"120","oneway":"yes","ref":"A13","surface":"asphalt","toll":"yes"},"geometry":{"type":"LineString","coordinates":[[9.6220362,47.3675107],[9.6184053,47.3649734]]}},{"type":"Feature","properties":{"carriage_ref":"B","highway":"trunk","int_ref":"E 43","lanes":"1","maxspeed":"80","mindistance:hgv":"150","motorroad":"yes","oneway":"yes","overtaking":"no","ref":"A13","shoulder":"none","source:maxspeed":"sign","surface":"asphalt","toll":"yes"},"geometry":{"type":"LineString","coordinates":[[9.4169861,46.7785988],[9.4165328,46.7793128],[9.4163668,46.779584]]}},{"type":"Feature","properties":{"carriage_ref":"A","change:lanes:backward":"no","change:lanes:forward":"no","highway":"trunk","int_ref":"E 43","lanes":"2","maxspeed":"80","mindistance:hgv":"150","motorroad":"yes","oneway":"no","overtaking":"no","ref":"A13","shoulder":"none","source:maxspeed":"sign","surface":"asphalt","toll":"yes"},"geometry":{"type":"LineString","coordinates":[[9.4163829,46.5753625],[9.4163199,46.5752381],[9.416277,46.5751228]]}},{"type":"Feature","properties":{"carriage_ref":"B","destination":"Zürich;St. Margrethen;Chur-Nord","highway":"motorway","int_ref":"E 43","lanes":"2","maxspeed":"120","oneway":"yes","ref":"A13","shoulder:right":"yes","source:maxspeed":"CH:motorway","surface":"asphalt","toll":"yes"},"geometry":{"type":"LineString","coordinates":[[9.5019701,46.8462386],[9.5023149,46.84633],[9.5026719,46.8464556],[9.5032047,46.8466768],[9.5037028,46.8469106],[9.5041974,46.8472128],[9.504645,46.8475321],[9.5050632,46.8479084],[9.5053253,46.8482001],[9.5054976,46.8484506]]}},{"type":"Feature","properties":{"carriage_ref":"B","destination:lanes":"St. Margrethen|St. Margrethen|Au;Berneck;Lustenau;München","hazmat:water":"permissive","highway":"motorway","int_ref":"E 43","lanes":"3","maxspeed":"120","oneway":"yes","placement":"right_of:1","ref":"A13","shoulder:right":"yes","source:maxspeed":"CH:motorway","surface":"asphalt","toll":"yes","turn:lanes":"||slight_right"},"geometry":{"type":"LineString","coordinates":[[9.6456112,47.4267829],[9.6453899,47.4272308],[9.6451647,47.4276286]]}},{"type":"Feature","properties":{"carriage_ref":"A","change:lanes:backward":"not_left|no","change:lanes:forward":"no","highway":"trunk","int_ref":"E 43","lanes":"3","lanes:backward":"2","maxspeed":"80","mindistance:hgv":"150","motorroad":"yes","oneway":"no","overtaking":"no","placement:backward":"left_of:1","ref":"A13","shoulder":"none","source:maxspeed":"sign","surface":"asphalt","toll":"yes","turn:lanes:backward":"|slight_right"},"geometry":{"type":"LineString","coordinates":[[9.3666736,46.5681152],[9.3664321,46.5680184],[9.3660325,46.5678801]]}},{"type":"Feature","properties":{"carriage_ref":"B","highway":"motorway","int_ref":"E 43","lanes":"2","maxspeed":"120","oneway":"yes","ref":"A13","shoulder:right":"yes","source:maxspeed":"CH:motorway","surface":"asphalt","toll":"yes"},"geometry":{"type":"LineString","coordinates":[[9.5591895,46.9320686],[9.5588463,46.9324198],[9.5584735,46.932762],[9.5577554,46.9333463],[9.5570636,46.9338659],[9.5553728,46.9349931],[9.5534536,46.9362521],[9.5520496,46.9371716],[9.5508251,46.9380047],[9.5501935,46.9384719],[9.5494008,46.9390822],[9.5489422,46.9394838],[9.5484564,46.9399684],[9.5480013,46.9404372]]}},{"type":"Feature","properties":{"carriage_ref":"B","highway":"motorway","int_ref":"E 43","lanes":"2","layer":"-1","lit":"24/7","maxspeed":"120","oneway":"yes","overtaking:hgv":"no","ref":"A13","shoulder:right":"yes","source:maxspeed":"CH:motorway","surface":"asphalt","toll":"yes","tunnel":"yes","tunnel:name":"Montlingen"},"geometry":{"type":"LineString","coordinates":[[9.5919345,47.3337023],[9.5930091,47.3364229]]}},{"type":"Feature","properties":{"carriage_ref":"B","highway":"trunk","incline":"8%","int_ref":"E 43","lanes":"2","lit":"yes","maxspeed":"60","mindistance:hgv":"150","motorroad":"yes","oneway":"no","overtaking":"no","ref":"A13","shoulder":"none","source:incline":"signpost","source:maxspeed":"sign","surface":"asphalt","toll":"yes"},"geometry":{"type":"LineString","coordinates":[[9.23243946341,46.38737491689],[9.23217676341,46.38696511648],[9.23212136341,46.38685911638],[9.23207806341,46.38677621629],[9.23199836341,46.38655601607],[9.23196366341,46.38633791586],[9.23196286341,46.38618731571],[9.23197786341,46.38589581541],[9.23197426341,46.38576001528],[9.23191926341,46.38563771516],[9.23183636341,46.38553871506],[9.23168886341,46.38545281497],[9.23152066341,46.38541221493],[9.23132706341,46.38540881493],[9.23116676341,46.38543521495],[9.23102566341,46.38549341501],[9.23091586341,46.38557251509],[9.23083056341,46.38568701521],[9.23079816341,46.38579611531],[9.23081146341,46.38592081544],[9.23087956341,46.3860819156],[9.23103286341,46.38636031588],[9.23114016341,46.38665271617],[9.23119376341,46.38694131646]]}},{"type":"Feature","properties":{"carriage_ref":"B","highway":"trunk","int_ref":"E 43","lanes":"1","maxspeed":"80","mindistance:hgv":"150","motorroad":"yes","oneway":"yes","overtaking":"no","ref":"A13","shoulder":"none","source:maxspeed":"sign","surface":"asphalt","toll":"yes"},"geometry":{"type":"LineString","coordinates":[[9.23181,46.3808025],[9.2320293,46.3811706],[9.2322386,46.3815203]]}},{"type":"Feature","properties":{"carriage_ref":"B","change:lanes:backward":"no","change:lanes:forward":"no","highway":"trunk","int_ref":"E 43","lanes":"2","maxspeed":"100","mindistance:hgv":"150","motorroad":"yes","oneway":"no","overtaking":"no","ref":"A13","shoulder":"none","source:maxspeed":"sign","surface":"asphalt","toll":"yes"},"geometry":{"type":"LineString","coordinates":[[9.19190006341,46.44611237555],[9.19190276341,46.44634607578],[9.19189376341,46.44685407629],[9.19187196341,46.44709827653],[9.19183006341,46.44738887682],[9.19178876341,46.44759727703]]}},{"type":"Feature","properties":{"carriage_ref":"B","change:lanes:backward":"no","change:lanes:forward":"no","highway":"trunk","int_ref":"E 43","lanes":"2","layer":"-1","lit":"24/7","maxspeed":"80","mindistance:hgv":"150","motorroad":"yes","oneway":"no","ref":"A13","shoulder":"none","source:maxspeed":"sign","surface":"asphalt","toll":"yes","tunnel":"yes","tunnel:length":"2500","tunnel:name":"Isla Bella"},"geometry":{"type":"LineString","coordinates":[[9.41563706341,46.78441191448],[9.41591226341,46.78554071562],[9.41748886341,46.79052592063],[9.41808636341,46.79300762312],[9.41813756341,46.79621572634],[9.41749176341,46.79927372942],[9.41684026341,46.80136613152],[9.41594436341,46.80344823361],[9.41525236341,46.80471133488],[9.41442906341,46.80575383593]]}},{"type":"Feature","properties":{"bridge":"yes","carriage_ref":"A","highway":"trunk","int_ref":"E 43","lanes":"1","layer":"1","maxspeed":"100","mindistance:hgv":"150","motorroad":"yes","oneway":"yes","ref":"A13","shoulder":"none","source:maxspeed":"sign","surface":"asphalt","toll":"yes"},"geometry":{"type":"LineString","coordinates":[[9.41603044722,46.77987139074],[9.4162729,46.7795519]]}},{"type":"Feature","properties":{"bridge":"yes","carriage_ref":"B","highway":"motorway","int_ref":"E 43","lanes":"2","layer":"2","maxspeed":"120","oneway":"yes","ref":"A13","shoulder:right":"yes","source:maxspeed":"CH:motorway","surface":"asphalt","toll":"yes"},"geometry":{"type":"LineString","coordinates":[[9.5296388,47.2719854],[9.5298067,47.2722476],[9.5300605,47.2726044],[9.5302495,47.2728653],[9.5303845,47.2730384],[9.5308743,47.2735418]]}},{"type":"Feature","properties":{"carriage_ref":"B","highway":"motorway","int_ref":"E 43","lanes":"1","maxspeed":"100","mindistance:hgv":"150","oneway":"yes","overtaking":"no","ref":"A13","shoulder":"none","source:maxspeed":"sign","surface":"asphalt","toll":"yes"},"geometry":{"type":"LineString","coordinates":[[9.2262044,46.3621936],[9.2265266,46.3626083]]}},{"type":"Feature","properties":{"bridge":"yes","carriage_ref":"B","change:lanes:backward":"not_left|not_right","change:lanes:forward":"no","highway":"trunk","int_ref":"E 43","lanes":"3","lanes:backward":"2","layer":"1","maxspeed":"100","mindistance:hgv":"150","motorroad":"yes","oneway":"no","overtaking:forward":"no","placement:forward":"left_of:1","ref":"A13","shoulder:left":"yes","shoulder:right":"yes","source:maxspeed":"sign","surface":"asphalt","toll":"yes"},"geometry":{"type":"LineString","coordinates":[[9.43455146341,46.62355245308],[9.43462726341,46.62388555342]]}},{"type":"Feature","properties":{"bridge":"yes","carriage_ref":"B","highway":"motorway","int_ref":"E 43","lanes":"2","layer":"1","maxspeed":"120","oneway":"yes","ref":"A13","shoulder:right":"yes","source:maxspeed":"CH:motorway","surface":"asphalt","toll":"yes"},"geometry":{"type":"LineString","coordinates":[[9.4710585,47.0510946],[9.4710649,47.0512564]]}},{"type":"Feature","properties":{"carriage_ref":"B","change:lanes:backward":"not_left|no","change:lanes:forward":"no","destination:lanes:backward":"San Bernardino;Medels|Splügen;Splügenpass","highway":"trunk","int_ref":"E 43","lanes":"3","lanes:forward":"1","maxspeed":"80","mindistance:hgv":"150","motorroad":"yes","oneway":"no","overtaking":"no","placement:forward":"left_of:1","ref":"A13","shoulder":"none","source:maxspeed":"sign","surface":"asphalt","toll":"yes","turn:lanes:backward":"|slight_right"},"geometry":{"type":"LineString","coordinates":[[9.32107486341,46.55089818033],[9.32133546341,46.5509670804],[9.32154756341,46.55102178045]]}},{"type":"Feature","properties":{"carriage_ref":"B","change:lanes:backward":"no","change:lanes:forward":"not_left|not_right","highway":"trunk","int_ref":"E 43","lanes":"3","lanes:forward":"2","maxspeed":"80","mindistance:hgv":"150","motorroad":"yes","oneway":"no","overtaking":"no","placement:forward":"left_of:1","ref":"A13","shoulder":"none","source:maxspeed":"sign","surface":"asphalt","toll":"yes","turn:lanes:forward":"|slight_right"},"geometry":{"type":"LineString","coordinates":[[9.41622796341,46.57357880303],[9.41628356341,46.57386590332]]}},{"type":"Feature","properties":{"avz":"539","carriage_ref":"B","change:lanes:backward":"no","change:lanes:forward":"no","cs_dir:backward":"1","destination:backward":"San Bernardino;Hinterrhein","destination:forward":"Chur;Medels","highway":"trunk","int_ref":"E 43","lanes":"2","maxspeed":"80","mindistance:hgv":"150","motorroad":"yes","oneway":"no","overtaking":"no","ref":"A13","source:maxspeed":"sign","surface":"asphalt","toll":"yes"},"geometry":{"type":"LineString","coordinates":[[9.24163776341,46.53838966781],[9.24192646341,46.53842406784],[9.24219326341,46.53844746787],[9.24249726341,46.53846586789],[9.24278126341,46.53846966789],[9.24310746341,46.53846866789],[9.24354496341,46.53845556788],[9.24442306341,46.53841866784],[9.24490456341,46.53840866783],[9.24525396341,46.53841266783],[9.24557866341,46.53843006785],[9.24594446341,46.53846556789]]}},{"type":"Feature","properties":{"carriage_ref":"A","destination":"Buchs","highway":"motorway","int_ref":"E 43","lanes":"2","maxspeed":"120","oneway":"yes","ref":"A13","surface":"asphalt","toll":"yes"},"geometry":{"type":"LineString","coordinates":[[9.4980254,47.2150805],[9.4978336,47.2144516],[9.4975597,47.2135878],[9.4971683,47.2123436],[9.4965919,47.2107536],[9.4961919,47.2097923],[9.4960365,47.2094511],[9.4956966,47.2087717],[9.4953954,47.2081732]]}},{"type":"Feature","properties":{"carriage_ref":"B","change:lanes:backward":"no","change:lanes:forward":"no","highway":"trunk","int_ref":"E 43","lanes":"2","maxspeed":"80","mindistance:hgv":"150","motorroad":"yes","oneway":"no","overtaking":"no","ref":"A13","shoulder":"none","source:maxspeed":"sign","surface":"asphalt","toll":"yes"},"geometry":{"type":"LineString","coordinates":[[9.21015636341,46.53117316059],[9.21052326341,46.53119896061],[9.21078416341,46.53124406066],[9.21105036341,46.53131326073],[9.21129166341,46.53139796081],[9.21150296341,46.5314875609],[9.21198986341,46.53170076112],[9.21236366341,46.53185756127],[9.21263856341,46.53195236137],[9.21307386341,46.5320810615],[9.21352466341,46.5321856616],[9.21390226341,46.53225616167],[9.21428336341,46.53231426173],[9.21486916341,46.53240006182],[9.21545016341,46.53249596191],[9.21577716341,46.53255596197],[9.21615016341,46.53263796205],[9.21643996341,46.53270816212],[9.21691426341,46.53284986227],[9.21728146341,46.5329827624]]}},{"type":"Feature","properties":{"carriage_ref":"B","change:lanes:backward":"no","change:lanes:forward":"no|not_right","highway":"trunk","int_ref":"E 43","lanes":"3","lanes:forward":"2","maxspeed":"80","mindistance:hgv":"150","motorroad":"yes","oneway":"no","placement:forward":"left_of:1","ref":"A13","shoulder:left":"yes","shoulder:right":"yes","source:maxspeed":"sign","surface":"asphalt","toll":"yes","turn:lanes:forward":"|merge_to_left"},"geometry":{"type":"LineString","coordinates":[[9.40645206341,46.82081175106],[9.40655016341,46.82095535121],[9.40666806341,46.82110775136]]}},{"type":"Feature","properties":{"carriage_ref":"A","change:lanes:backward":"no","change:lanes:forward":"no","highway":"trunk","int_ref":"E 43","lanes":"2","maxspeed":"80","mindistance:hgv":"150","motorroad":"yes","oneway":"no","ref":"A13","shoulder":"none","source:maxspeed":"sign","surface":"asphalt","toll":"yes"},"geometry":{"type":"LineString","coordinates":[[9.4484398,46.6659266],[9.4478968,46.6654759],[9.4477027,46.6653372]]}},{"type":"Feature","properties":{"bridge":"yes","carriage_ref":"A","highway":"trunk","incline":"8%","int_ref":"E 43","lanes":"2","layer":"1","maxspeed":"100","mindistance:hgv":"150","motorroad":"yes","oneway":"no","ref":"A13","shoulder":"none","source:incline":"signpost","source:maxspeed":"sign","surface":"asphalt","toll":"yes"},"geometry":{"type":"LineString","coordinates":[[9.4298252,46.5973394],[9.4295963,46.5970421]]}},{"type":"Feature","properties":{"carriage_ref":"B","highway":"motorway","int_ref":"E 43","lanes":"2","maxspeed":"120","oneway":"yes","ref":"A13","shoulder:right":"yes","source:maxspeed":"CH:motorway","surface":"asphalt","toll":"yes"},"geometry":{"type":"LineString","coordinates":[[9.5478422,46.9406226],[9.5474339,46.9411261],[9.5470354,46.9417407],[9.5467817,46.9421895],[9.546582,46.9425693],[9.5463414,46.9431297],[9.5461514,46.9437168],[9.5460213,46.9442372],[9.5458684,46.9450943],[9.5457678,46.9460405],[9.5457262,46.9467587],[9.5457033,46.9479932],[9.5456781,46.9487578],[9.5456833,46.9498695],[9.5457194,46.9505365],[9.5457765,46.951139],[9.5458642,46.9516827],[9.545973,46.9522279],[9.5462305,46.9531329],[9.5464919,46.9538724],[9.5467964,46.9546318]]}},{"type":"Feature","properties":{"bridge":"yes","carriage_ref":"B","change:lanes:backward":"no","change:lanes:forward":"no","highway":"trunk","int_ref":"E 43","lanes":"2","layer":"1","maxspeed":"80","mindistance:hgv":"150","motorroad":"yes","oneway":"no","ref":"A13","shoulder":"none","source:maxspeed":"sign","surface":"asphalt","toll":"yes"},"geometry":{"type":"LineString","coordinates":[[9.44861276341,46.67287990253],[9.44824096341,46.67342310308]]}},{"type":"Feature","properties":{"carriage_ref":"A","highway":"motorway","int_ref":"E 43","lanes":"3","maxspeed":"120","oneway":"yes","placement":"right_of:1","ref":"A13","shoulder:right":"yes","source:maxspeed":"CH:motorway","surface":"asphalt","toll":"yes","turn:lanes":"none|none|merge_to_left"},"geometry":{"type":"LineString","coordinates":[[9.4983669,46.8460452],[9.4977135,46.8460738]]}},{"type":"Feature","properties":{"carriage_ref":"A","change:lanes:backward":"no","change:lanes:forward":"not_left|not_right","highway":"trunk","int_ref":"E 43","lanes":"3","lanes:forward":"2","layer":"-1","lit":"24/7","maxspeed":"80","mindistance:hgv":"150","motorroad":"yes","oneway":"no","overtaking:hgv:forward":"no","placement:forward":"middle_of:1","ref":"A13","shoulder":"none","source:maxspeed":"sign","surface":"asphalt","toll":"yes","tunnel":"yes","tunnel:name":"Crapteig"},"geometry":{"type":"LineString","coordinates":[[9.440396,46.6917807],[9.4390058,46.6906044],[9.4384682,46.6900311],[9.4379954,46.6894154],[9.4377226,46.6889088],[9.4375426,46.6883911],[9.4374758,46.6879594],[9.4374605,46.6875046],[9.4374937,46.6867206],[9.4375992,46.6862666],[9.4377675,46.6858393],[9.4383004,46.6848713],[9.4390841,46.6840431],[9.4400693,46.6833281],[9.4414942,46.6826411],[9.444399,46.6816373],[9.4456559,46.6810393],[9.4468645,46.680267],[9.4476969,46.6793114],[9.4482148,46.6784219],[9.4485067,46.6775428],[9.4485775,46.677204]]}},{"type":"Feature","properties":{"carriage_ref":"B","highway":"motorway","int_ref":"E 43","lanes":"2","maxspeed":"120","oneway":"yes","ref":"A13","shoulder:right":"yes","source:maxspeed":"CH:motorway","surface":"asphalt","toll":"yes"},"geometry":{"type":"LineString","coordinates":[[9.5201679,47.002778],[9.5198756,47.0031544],[9.5192343,47.0040286],[9.5187378,47.0047203],[9.5175883,47.0063436],[9.5166578,47.0076638]]}},{"type":"Feature","properties":{"carriage_ref":"B","highway":"motorway","int_ref":"E 43","lanes":"2","maxspeed":"120","oneway":"yes","ref":"A13","shoulder:right":"yes","source:maxspeed":"CH:motorway","surface":"asphalt","toll":"yes"},"geometry":{"type":"LineString","coordinates":[[9.5498295,46.9759638],[9.5492918,46.9766019],[9.5488452,46.9770812],[9.5483055,46.9776254],[9.5477738,46.9781404],[9.5474294,46.9784525],[9.5467325,46.9790704],[9.5460864,46.9796364],[9.5404107,46.984365],[9.5360726,46.987953],[9.5322132,46.9912045],[9.5303124,46.9927933],[9.5294242,46.993577],[9.5262927,46.9963483],[9.5243612,46.9981195]]}},{"type":"Feature","properties":{"avz":"35","carriage_ref":"A","cs_dir:forward":"1","destination:country:lanes":"I;;;|I;;;|","destination:int_ref:lanes":"E 43|E 43|","destination:lanes":"Chiasso;San Bernardino;Chur;Bad Ragaz|Chiasso;San Bernardino;Chur;Bad Ragaz|Zürich;Sargans;Mels","destination:ref:lanes":"A13|A13|A3","highway":"motorway","int_ref":"E 43","lanes":"3","maxspeed":"80","note":"Schilder für Geschwindigkeutsbegrenzung auf 80 km/h ca. 20 m vor Schilderbrücke und für Richtung Chur nochmals auf Wegweiser.","oneway":"yes","placement":"right_of:1","ref":"A13","ssvz":"218N","surface":"asphalt","toll":"yes","turn:lanes":"through|through|slight_right"},"geometry":{"type":"LineString","coordinates":[[9.463575,47.0398088],[9.4632056,47.0393892]]}},{"type":"Feature","properties":{"carriage_ref":"B","highway":"motorway","int_ref":"E 43","lanes":"3","maxspeed":"120","oneway":"yes","placement":"right_of:1","ref":"A13","shoulder":"no","source:maxspeed":"CH:motorway","surface":"asphalt","toll":"yes","turn:lanes":"||slight_right"},"geometry":{"type":"LineString","coordinates":[[9.6168761,47.3637705],[9.6179145,47.36447]]}},{"type":"Feature","properties":{"carriage_ref":"B","change:lanes:backward":"no","change:lanes:forward":"no","destination:backward":"Rothenbrunnen","highway":"trunk","int_ref":"E 43","lanes":"2","maxspeed":"80","mindistance:hgv":"150","motorroad":"yes","oneway":"no","ref":"A13","shoulder":"none","source:maxspeed":"sign","surface":"asphalt","toll":"yes"},"geometry":{"type":"LineString","coordinates":[[9.40703286341,46.82153815179],[9.40725026341,46.821746652]]}},{"type":"Feature","properties":{"carriage_ref":"A","change:lanes:backward":"not_left|not_right","change:lanes:forward":"not_left|not_right","highway":"trunk","int_ref":"E 43","lanes":"4","lanes:backward":"2","lanes:forward":"2","maxspeed":"80","mindistance:hgv":"150","motorroad":"yes","oneway":"no","overtaking:backward":"no","placement:forward":"middle_of:1","ref":"A13","shoulder":"none","source:maxspeed":"sign","surface":"asphalt","toll":"yes","turn:lanes:backward":"|merge_to_left"},"geometry":{"type":"LineString","coordinates":[[9.2064585,46.5316416],[9.2062385,46.5315955],[9.2060494,46.531541],[9.2058443,46.5314672]]}},{"type":"Feature","properties":{"carriage_ref":"A","highway":"motorway","int_ref":"E 43","lanes":"2","maxspeed":"120","oneway":"yes","ref":"A13","shoulder:right":"yes","source:maxspeed":"CH:motorway","surface":"asphalt","toll":"yes"},"geometry":{"type":"LineString","coordinates":[[9.5484714,46.958702],[9.5478536,46.9573809],[9.5471725,46.9558889]]}},{"type":"Feature","properties":{"carriage_ref":"A","change:lanes:backward":"no","change:lanes:forward":"no","destination:forward":"San Bernardino","highway":"trunk","int_ref":"E 43","lanes":"2","maxspeed":"80","mindistance:hgv":"150","motorroad":"yes","oneway":"no","ref":"A13","shoulder":"none","source:maxspeed":"sign","surface":"asphalt","toll":"yes"},"geometry":{"type":"LineString","coordinates":[[9.450088,46.6696951],[9.4501211,46.6695331],[9.450142,46.6693441],[9.4501378,46.6684024],[9.4500816,46.6680907]]}},{"type":"Feature","properties":{"avalanche_protector:left":"open","carriage_ref":"A","change:lanes:backward":"not_left|not_right","change:lanes:forward":"no","highway":"trunk","int_ref":"E 43","lanes":"3","lanes:backward":"2","layer":"-1","lit":"24/7","maxspeed":"80","mindistance:hgv":"150","motorroad":"yes","oneway":"no","placement:forward":"left_of:1","ref":"A13","shoulder":"none","source:maxspeed":"sign","surface":"asphalt","toll":"yes","tunnel":"avalanche_protector","turn:lanes:backward":"|merge_to_left"},"geometry":{"type":"LineString","coordinates":[[9.4485466,46.6660332],[9.4484742,46.6659605]]}},{"type":"Feature","properties":{"bridge":"yes","carriage_ref":"B","highway":"motorway","int_ref":"E 43","lanes":"2","layer":"1","maxspeed":"120","oneway":"yes","ref":"A13","shoulder:right":"yes","source:maxspeed":"CH:motorway","surface":"asphalt","toll":"yes"},"geometry":{"type":"LineString","coordinates":[[9.4986195,47.2164864],[9.4986893,47.2167143]]}},{"type":"Feature","properties":{"carriage_ref":"B","change:lanes:backward":"no","change:lanes:forward":"no","highway":"trunk","int_ref":"E 43","lanes":"2","maxspeed":"80","mindistance:hgv":"150","motorroad":"yes","oneway":"no","overtaking":"no","ref":"A13","shoulder:left":"yes","shoulder:right":"yes","source:maxspeed":"sign","surface":"asphalt","toll":"yes"},"geometry":{"type":"LineString","coordinates":[[9.32420546341,46.55168068111],[9.32448466341,46.55174868118],[9.32509186341,46.55189948133],[9.32552866341,46.55200578144],[9.32595016341,46.55211068154],[9.32620996341,46.5521745816],[9.32653626341,46.55226198169],[9.32682686341,46.55235528179],[9.32707496341,46.55245578189]]}},{"type":"Feature","properties":{"carriage_ref":"A","change:lanes":"yes|yes|no","highway":"motorway","int_ref":"E 43","lanes":"3","maxspeed":"120","oneway":"yes","placement":"right_of:1","ref":"A13","shoulder:right":"yes","source:maxspeed":"CH:motorway","surface":"asphalt","toll":"yes","turn:lanes":"||slight_right"},"geometry":{"type":"LineString","coordinates":[[9.506226,46.8510227],[9.5060166,46.8500192],[9.5059368,46.8497451]]}},{"type":"Feature","properties":{"bridge":"yes","carriage_ref":"B","change:lanes:backward":"not_left|not_right","change:lanes:forward":"no","highway":"trunk","int_ref":"E 43","lanes":"3","lanes:backward":"2","layer":"1","maxspeed":"80","mindistance:hgv":"150","motorroad":"yes","oneway":"no","overtaking:hgv:backward":"no","placement:backward":"middle_of:1","ref":"A13","shoulder":"none","source:maxspeed":"sign","surface":"asphalt","toll":"yes"},"geometry":{"type":"LineString","coordinates":[[9.44063996341,46.6918950216],[9.44141856341,46.69240992212],[9.44220176341,46.69296182267],[9.44253376341,46.69320112291],[9.44289316341,46.69346052317]]}}],"ref":"A13","generator":"Quandopasso Path Importer","created":"2021-01-04T14:47:40.943Z","format":"1.0.0"}