{"type":"FeatureCollection","features":[{"type":"Feature","properties":{"bearing":259.4717192492046,"junctionName":"85","roadName":"A1","TMC_LCD":1039,"carriage_ref":"a","TMC_coords":{"lat":47.48035,"lng":9.57565}},"geometry":{"type":"Point","coordinates":[9.575605799323569,47.48059206785003]}},{"type":"Feature","properties":{"bearing":83.54445185984645,"junctionName":"85","roadName":"A1","TMC_LCD":1039,"carriage_ref":"b","TMC_coords":{"lat":47.48035,"lng":9.57565}},"geometry":{"type":"Point","coordinates":[9.575618159882763,47.4804852899351]}},{"type":"Feature","properties":{"bearing":266.86553299828654,"junctionName":"65","roadName":"A1","TMC_LCD":1039,"carriage_ref":"a","TMC_coords":{"lat":47.4072,"lng":8.602}},"geometry":{"type":"Point","coordinates":[8.601970802773053,47.407560864474945]}},{"type":"Feature","properties":{"bearing":84.81599537845776,"junctionName":"65","roadName":"A1","TMC_LCD":1039,"carriage_ref":"b","TMC_coords":{"lat":47.4072,"lng":8.602}},"geometry":{"type":"Point","coordinates":[8.601970731082954,47.40742174749066]}},{"type":"Feature","properties":{"bearing":273.9359348179788,"junctionName":"71","roadName":"A1","TMC_LCD":1039,"carriage_ref":"a","TMC_coords":{"lat":47.52325,"lng":8.71645}},"geometry":{"type":"Point","coordinates":[8.716442962827532,47.523125781949155]}},{"type":"Feature","properties":{"bearing":91.69247022521206,"junctionName":"71","roadName":"A1","TMC_LCD":1039,"carriage_ref":"b","TMC_coords":{"lat":47.52325,"lng":8.71645}},"geometry":{"type":"Point","coordinates":[8.716438381070878,47.52302286217161]}},{"type":"Feature","properties":{"bearing":235.72682516968024,"junctionName":"43","roadName":"A1","TMC_LCD":1039,"carriage_ref":"a","TMC_coords":{"lat":47.2599,"lng":7.70455}},"geometry":{"type":"Point","coordinates":[7.704510680766079,47.25993915074259]}},{"type":"Feature","properties":{"bearing":54.367223632767946,"junctionName":"43","roadName":"A1","TMC_LCD":1039,"carriage_ref":"b","TMC_coords":{"lat":47.2599,"lng":7.70455}},"geometry":{"type":"Point","coordinates":[7.704610904365266,47.25984153037815]}},{"type":"Feature","properties":{"bearing":208.59868951531809,"junctionName":"52","roadName":"A1","TMC_LCD":1039,"carriage_ref":"a","TMC_coords":{"lat":47.4132,"lng":8.2209}},"geometry":{"type":"Point","coordinates":[8.22040718180299,47.41338027575939]}},{"type":"Feature","properties":{"bearing":26.787233908178884,"junctionName":"52","roadName":"A1","TMC_LCD":1039,"carriage_ref":"b","TMC_coords":{"lat":47.4132,"lng":8.2209}},"geometry":{"type":"Point","coordinates":[8.220529185682159,47.41333107690643]}},{"type":"Feature","properties":{"bearing":262.190867761439,"junctionName":"61","roadName":"A1","TMC_LCD":1039,"carriage_ref":"a","TMC_coords":{"lat":47.42635,"lng":8.49325}},"geometry":{"type":"Point","coordinates":[8.493231998356015,47.42646622420694]}},{"type":"Feature","properties":{"bearing":83.54822170442944,"junctionName":"61","roadName":"A1","TMC_LCD":1039,"carriage_ref":"b","TMC_coords":{"lat":47.42635,"lng":8.49325}},"geometry":{"type":"Point","coordinates":[8.493262007752532,47.42629450185753]}},{"type":"Feature","properties":{"bearing":275.0497987379678,"junctionName":"58","roadName":"A1","TMC_LCD":1039,"carriage_ref":"a","TMC_coords":{"lat":47.4222,"lng":8.3944}},"geometry":{"type":"Point","coordinates":[8.394417748785724,47.42234112968892]}},{"type":"Feature","properties":{"bearing":94.76506802441767,"junctionName":"58","roadName":"A1","TMC_LCD":1039,"carriage_ref":"b","TMC_coords":{"lat":47.4222,"lng":8.3944}},"geometry":{"type":"Point","coordinates":[8.39439930883957,47.422194304167604]}},{"type":"Feature","properties":{"bearing":191.92684868873056,"junctionName":"9","roadName":"A1","TMC_LCD":1039,"carriage_ref":"a","TMC_coords":{"lat":46.2518,"lng":6.14075}},"geometry":{"type":"Point","coordinates":[6.1392231,46.2519037]}},{"type":"Feature","properties":{"bearing":7.476068618248423,"junctionName":"9","roadName":"A1","TMC_LCD":1039,"carriage_ref":"b","TMC_coords":{"lat":46.2518,"lng":6.14075}},"geometry":{"type":"Point","coordinates":[6.140124825592219,46.251910039606365]}},{"type":"Feature","properties":{"bearing":269.459001610794,"junctionName":"73","roadName":"A1","TMC_LCD":1039,"carriage_ref":"a","TMC_coords":{"lat":47.53255,"lng":8.7962}},"geometry":{"type":"Point","coordinates":[8.796199736252328,47.53234619068969]}},{"type":"Feature","properties":{"bearing":90.28549575297858,"junctionName":"73","roadName":"A1","TMC_LCD":1039,"carriage_ref":"b","TMC_coords":{"lat":47.53255,"lng":8.7962}},"geometry":{"type":"Point","coordinates":[8.796197654866521,47.53223215209645]}},{"type":"Feature","properties":{"bearing":239.9805442741611,"junctionName":"36","roadName":"A1","TMC_LCD":1039,"carriage_ref":"a","TMC_coords":{"lat":46.96517,"lng":7.43092}},"geometry":{"type":"Point","coordinates":[7.4308755816677845,46.96522485676222]}},{"type":"Feature","properties":{"bearing":62.84056889862294,"junctionName":"36","roadName":"A1","TMC_LCD":1039,"carriage_ref":"b","TMC_coords":{"lat":46.96517,"lng":7.43092}},"geometry":{"type":"Point","coordinates":[7.430967024382458,46.96511249256311]}},{"type":"Feature","properties":{"bearing":233.818997238662,"junctionName":"81","roadName":"A1","TMC_LCD":1039,"carriage_ref":"a","TMC_coords":{"lat":47.42871,"lng":9.36115}},"geometry":{"type":"Point","coordinates":[9.361148422545728,47.428711453059975]}},{"type":"Feature","properties":{"bearing":54.04243972004206,"junctionName":"81","roadName":"A1","TMC_LCD":1039,"carriage_ref":"b","TMC_coords":{"lat":47.42871,"lng":9.36115}},"geometry":{"type":"Point","coordinates":[9.361264873372017,47.42860297696537]}},{"type":"Feature","properties":{"bearing":285.57090402040774,"junctionName":"46","roadName":"A1","TMC_LCD":1039,"carriage_ref":"a","TMC_coords":{"lat":47.3123,"lng":7.8947}},"geometry":{"type":"Point","coordinates":[7.894742272605015,47.31239631431589]}},{"type":"Feature","properties":{"bearing":106.66163814533688,"junctionName":"46","roadName":"A1","TMC_LCD":1039,"carriage_ref":"b","TMC_coords":{"lat":47.3123,"lng":7.8947}},"geometry":{"type":"Point","coordinates":[7.894698098642325,47.31229568571876]}},{"type":"Feature","properties":{"bearing":333.6027729802893,"junctionName":"56","roadName":"A1","TMC_LCD":1039,"carriage_ref":"a","TMC_coords":{"lat":47.44815,"lng":8.3398}},"geometry":{"type":"Point","coordinates":[8.33988210938045,47.44817752460951]}},{"type":"Feature","properties":{"bearing":153.62330581485446,"junctionName":"56","roadName":"A1","TMC_LCD":1039,"carriage_ref":"b","TMC_coords":{"lat":47.44815,"lng":8.3398}},"geometry":{"type":"Point","coordinates":[8.339706979976832,47.448118769505214]}},{"type":"Feature","properties":{"bearing":267.79031057116856,"junctionName":"50","roadName":"A1","TMC_LCD":1039,"carriage_ref":"a","TMC_coords":{"lat":47.391,"lng":8.1323}},"geometry":{"type":"Point","coordinates":[8.132271028479137,47.39162118286985]}},{"type":"Feature","properties":{"bearing":89.44431559688432,"junctionName":"50","roadName":"A1","TMC_LCD":1039,"carriage_ref":"b","TMC_coords":{"lat":47.391,"lng":8.1323}},"geometry":{"type":"Point","coordinates":[8.132276558090073,47.391518512157354]}},{"type":"Feature","properties":{"bearing":143.9456818407033,"junctionName":"2","roadName":"A1","TMC_LCD":1039,"carriage_ref":"a","TMC_coords":{"lat":46.16536,"lng":6.09886}},"geometry":{"type":"Point","coordinates":[6.098779189041657,46.165318505670285]}},{"type":"Feature","properties":{"bearing":323.7440383820514,"junctionName":"2","roadName":"A1","TMC_LCD":1039,"carriage_ref":"b","TMC_coords":{"lat":46.16536,"lng":6.09886}},"geometry":{"type":"Point","coordinates":[6.098908724667236,46.16538474037528]}},{"type":"Feature","properties":{"bearing":235.05036461354203,"junctionName":"48","roadName":"A1","TMC_LCD":1039,"carriage_ref":"a","TMC_coords":{"lat":47.30625,"lng":7.9298}},"geometry":{"type":"Point","coordinates":[7.929369392352484,47.30666777406268]}},{"type":"Feature","properties":{"bearing":53.35053537619185,"junctionName":"48","roadName":"A1","TMC_LCD":1039,"carriage_ref":"b","TMC_coords":{"lat":47.30625,"lng":7.9298}},"geometry":{"type":"Point","coordinates":[7.929457162440237,47.30658340215449]}},{"type":"Feature","properties":{"bearing":220.53552430933473,"junctionName":"7","roadName":"A1","TMC_LCD":1039,"carriage_ref":"a","TMC_coords":{"lat":46.24275,"lng":6.12535}},"geometry":{"type":"Point","coordinates":[6.1251247834475615,46.24288308946976]}},{"type":"Feature","properties":{"bearing":40.53129280511533,"junctionName":"7","roadName":"A1","TMC_LCD":1039,"carriage_ref":"b","TMC_coords":{"lat":46.24275,"lng":6.12535}},"geometry":{"type":"Point","coordinates":[6.125259063820399,46.2428036843341]}},{"type":"Feature","properties":{"bearing":171.73701378667678,"junctionName":"38","roadName":"A1","TMC_LCD":1039,"carriage_ref":"a","TMC_coords":{"lat":47.0129,"lng":7.4967}},"geometry":{"type":"Point","coordinates":[7.496457121514918,47.01287767939512]}},{"type":"Feature","properties":{"bearing":353.58292005141175,"junctionName":"38","roadName":"A1","TMC_LCD":1039,"carriage_ref":"b","TMC_coords":{"lat":47.0129,"lng":7.4967}},"geometry":{"type":"Point","coordinates":[7.496608494425531,47.01289151221397]}},{"type":"Feature","properties":{"bearing":195.05152679592996,"junctionName":"5","roadName":"A1","TMC_LCD":1039,"carriage_ref":"a","TMC_coords":{"lat":46.2211,"lng":6.1014}},"geometry":{"type":"Point","coordinates":[6.1009415521351285,46.22118454597786]}},{"type":"Feature","properties":{"bearing":13.862203514757496,"junctionName":"5","roadName":"A1","TMC_LCD":1039,"carriage_ref":"b","TMC_coords":{"lat":46.2211,"lng":6.1014}},"geometry":{"type":"Point","coordinates":[6.1011053202359715,46.221152349179164]}},{"type":"Feature","properties":{"bearing":222.91870559677315,"junctionName":"35","roadName":"A1","TMC_LCD":1039,"carriage_ref":"a","TMC_coords":{"lat":46.9544,"lng":7.4167}},"geometry":{"type":"Point","coordinates":[7.4161845017681385,46.95472231660887]}},{"type":"Feature","properties":{"bearing":42.11365013930328,"junctionName":"35","roadName":"A1","TMC_LCD":1039,"carriage_ref":"b","TMC_coords":{"lat":46.9544,"lng":7.4167}},"geometry":{"type":"Point","coordinates":[7.416310047783633,46.95464779571858]}},{"type":"Feature","properties":{"bearing":177.73722425573106,"junctionName":"68","roadName":"A1","TMC_LCD":1039,"carriage_ref":"a","TMC_coords":{"lat":47.4777,"lng":8.7048}},"geometry":{"type":"Point","coordinates":[8.704701559436499,47.47769703044418]}},{"type":"Feature","properties":{"bearing":356.7704243599201,"junctionName":"68","roadName":"A1","TMC_LCD":1039,"carriage_ref":"b","TMC_coords":{"lat":47.4777,"lng":8.7048}},"geometry":{"type":"Point","coordinates":[8.70487738971962,47.477702670406416]}},{"type":"Feature","properties":{"bearing":192.870126066534,"junctionName":"22","roadName":"A1","TMC_LCD":1039,"carriage_ref":"a","TMC_coords":{"lat":46.70615,"lng":6.57935}},"geometry":{"type":"Point","coordinates":[6.578807880836295,46.706223799604416]}},{"type":"Feature","properties":{"bearing":12.843727184982878,"junctionName":"22","roadName":"A1","TMC_LCD":1039,"carriage_ref":"b","TMC_coords":{"lat":46.70615,"lng":6.57935}},"geometry":{"type":"Point","coordinates":[6.578941904077573,46.706211334046266]}},{"type":"Feature","properties":{"bearing":193.3174236448221,"junctionName":"40","roadName":"A1","TMC_LCD":1039,"carriage_ref":"a","TMC_coords":{"lat":47.1741,"lng":7.5902}},"geometry":{"type":"Point","coordinates":[7.59006274862138,47.174123013819305]}},{"type":"Feature","properties":{"bearing":14.06973221395343,"junctionName":"40","roadName":"A1","TMC_LCD":1039,"carriage_ref":"b","TMC_coords":{"lat":47.1741,"lng":7.5902}},"geometry":{"type":"Point","coordinates":[7.59021288866205,47.17409768505088]}},{"type":"Feature","properties":{"bearing":155.25347288529113,"junctionName":"18","roadName":"A1","TMC_LCD":1039,"carriage_ref":"a","TMC_coords":{"lat":46.5527,"lng":6.5672}},"geometry":{"type":"Point","coordinates":[6.566614103097915,46.552500686591976]}},{"type":"Feature","properties":{"bearing":334.036904867604,"junctionName":"18","roadName":"A1","TMC_LCD":1039,"carriage_ref":"b","TMC_coords":{"lat":46.5527,"lng":6.5672}},"geometry":{"type":"Point","coordinates":[6.56678728612461,46.55256179419788]}},{"type":"Feature","properties":{"bearing":259.18955570811283,"junctionName":"54","roadName":"A1","TMC_LCD":1039,"carriage_ref":"a","TMC_coords":{"lat":47.4577,"lng":8.28215}},"geometry":{"type":"Point","coordinates":[8.282031310472638,47.45809637930467]}},{"type":"Feature","properties":{"bearing":84.71448860891861,"junctionName":"54","roadName":"A1","TMC_LCD":1039,"carriage_ref":"b","TMC_coords":{"lat":47.4577,"lng":8.28215}},"geometry":{"type":"Point","coordinates":[8.282141049316447,47.45791673542435]}},{"type":"Feature","properties":{"bearing":317.7047230177358,"junctionName":"86","roadName":"A1","TMC_LCD":1039,"carriage_ref":"a","TMC_coords":{"lat":47.4529,"lng":9.65185}},"geometry":{"type":"Point","coordinates":[9.651813518928105,47.45287940661921]}},{"type":"Feature","properties":{"bearing":121.62220533691968,"junctionName":"86","roadName":"A1","TMC_LCD":1039,"carriage_ref":"b","TMC_coords":{"lat":47.4529,"lng":9.65185}},"geometry":{"type":"Point","coordinates":[9.6490723,47.4542419]}},{"type":"Feature","properties":{"bearing":221.68031422778665,"junctionName":"42","roadName":"A1","TMC_LCD":1039,"carriage_ref":"a","TMC_coords":{"lat":47.2416,"lng":7.6501}},"geometry":{"type":"Point","coordinates":[7.649804773472554,47.24177855469527]}},{"type":"Feature","properties":{"bearing":43.1500387679089,"junctionName":"42","roadName":"A1","TMC_LCD":1039,"carriage_ref":"b","TMC_coords":{"lat":47.2416,"lng":7.6501}},"geometry":{"type":"Point","coordinates":[7.649932001218133,47.241705908730424]}},{"type":"Feature","properties":{"bearing":240.83361366520208,"junctionName":"28","roadName":"A1","TMC_LCD":1039,"carriage_ref":"a","TMC_coords":{"lat":46.8819,"lng":7.02585}},"geometry":{"type":"Point","coordinates":[7.025555189065385,46.88226283229605]}},{"type":"Feature","properties":{"bearing":60.05810417939601,"junctionName":"28","roadName":"A1","TMC_LCD":1039,"carriage_ref":"b","TMC_coords":{"lat":46.8819,"lng":7.02585}},"geometry":{"type":"Point","coordinates":[7.025631800472968,46.88216651335514]}},{"type":"Feature","properties":{"bearing":222.8717752876303,"junctionName":"44","roadName":"A1","TMC_LCD":1039,"carriage_ref":"a","TMC_coords":{"lat":47.2835,"lng":7.724}},"geometry":{"type":"Point","coordinates":[7.724036274743323,47.28347684322132]}},{"type":"Feature","properties":{"bearing":43.47732879628198,"junctionName":"44","roadName":"A1","TMC_LCD":1039,"carriage_ref":"b","TMC_coords":{"lat":47.2835,"lng":7.724}},"geometry":{"type":"Point","coordinates":[7.724145925104769,47.28340763126428]}},{"type":"Feature","properties":{"bearing":218.111568547219,"junctionName":"6","roadName":"A1","TMC_LCD":1039,"carriage_ref":"a","TMC_coords":{"lat":46.23205,"lng":6.11229}},"geometry":{"type":"Point","coordinates":[6.112232953222964,46.23208121785189]}},{"type":"Feature","properties":{"bearing":39.80840065732425,"junctionName":"6","roadName":"A1","TMC_LCD":1039,"carriage_ref":"b","TMC_coords":{"lat":46.23205,"lng":6.11229}},"geometry":{"type":"Point","coordinates":[6.112404221852915,46.23198364969946]}},{"type":"Feature","properties":{"bearing":261.1971430030854,"junctionName":"33","roadName":"A1","TMC_LCD":1039,"carriage_ref":"a","TMC_coords":{"lat":46.9546,"lng":7.3905}},"geometry":{"type":"Point","coordinates":[7.390514738761134,46.954502233776196]}},{"type":"Feature","properties":{"bearing":86.60318392996658,"junctionName":"33","roadName":"A1","TMC_LCD":1039,"carriage_ref":"b","TMC_coords":{"lat":46.9546,"lng":7.3905}},"geometry":{"type":"Point","coordinates":[7.390526256339407,46.954407017154765]}},{"type":"Feature","properties":{"bearing":229.65871937475382,"junctionName":"24","roadName":"A1","TMC_LCD":1039,"carriage_ref":"a","TMC_coords":{"lat":46.75825,"lng":6.6372}},"geometry":{"type":"Point","coordinates":[6.637158507120697,46.75828239374185]}},{"type":"Feature","properties":{"bearing":48.82207278327571,"junctionName":"24","roadName":"A1","TMC_LCD":1039,"carriage_ref":"b","TMC_coords":{"lat":46.75825,"lng":6.6372}},"geometry":{"type":"Point","coordinates":[6.637261373365306,46.75820193028276]}},{"type":"Feature","properties":{"bearing":297.3976040871229,"junctionName":"57","roadName":"A1","TMC_LCD":1039,"carriage_ref":"a","TMC_coords":{"lat":47.42884,"lng":8.36855}},"geometry":{"type":"Point","coordinates":[8.368583537915438,47.428883764468445]}},{"type":"Feature","properties":{"bearing":117.35930605631434,"junctionName":"57","roadName":"A1","TMC_LCD":1039,"carriage_ref":"b","TMC_coords":{"lat":47.42884,"lng":8.36855}},"geometry":{"type":"Point","coordinates":[8.36849241633934,47.42876470465031]}},{"type":"Feature","properties":{"bearing":263.6550892439856,"junctionName":"77","roadName":"A1","TMC_LCD":1039,"carriage_ref":"a","TMC_coords":{"lat":47.454,"lng":9.05415}},"geometry":{"type":"Point","coordinates":[9.054137346429576,47.45406547126838]}},{"type":"Feature","properties":{"bearing":82.50156449659505,"junctionName":"77","roadName":"A1","TMC_LCD":1039,"carriage_ref":"b","TMC_coords":{"lat":47.454,"lng":9.05415}},"geometry":{"type":"Point","coordinates":[9.05415736598285,47.453962149289794]}},{"type":"Feature","properties":{"bearing":240.33365369591718,"junctionName":"84","roadName":"A1","TMC_LCD":1039,"carriage_ref":"a","TMC_coords":{"lat":47.4693,"lng":9.4449}},"geometry":{"type":"Point","coordinates":[9.444839811831324,47.46937334193675]}},{"type":"Feature","properties":{"bearing":64.04070115992705,"junctionName":"84","roadName":"A1","TMC_LCD":1039,"carriage_ref":"b","TMC_coords":{"lat":47.4693,"lng":9.4449}},"geometry":{"type":"Point","coordinates":[9.444908511677475,47.46928931858688]}},{"type":"Feature","properties":{"bearing":241.66749767199764,"junctionName":"16","roadName":"A1","TMC_LCD":1039,"carriage_ref":"a","TMC_coords":{"lat":46.5167,"lng":6.50385}},"geometry":{"type":"Point","coordinates":[6.5039721,46.5165729]}},{"type":"Feature","properties":{"bearing":57.704936687113815,"junctionName":"16","roadName":"A1","TMC_LCD":1039,"carriage_ref":"b","TMC_coords":{"lat":46.5167,"lng":6.50385}},"geometry":{"type":"Point","coordinates":[6.504045304933609,46.516487305709354]}},{"type":"Feature","properties":{"bearing":226.78694490598036,"junctionName":"83","roadName":"A1","TMC_LCD":1039,"carriage_ref":"a","TMC_coords":{"lat":47.4403,"lng":9.41565}},"geometry":{"type":"Point","coordinates":[9.415681273315274,47.44028084130215]}},{"type":"Feature","properties":{"bearing":41.24925701396257,"junctionName":"83","roadName":"A1","TMC_LCD":1039,"carriage_ref":"b","TMC_coords":{"lat":47.4403,"lng":9.41565}},"geometry":{"type":"Point","coordinates":[9.41578965867245,47.44019324542242]}},{"type":"Feature","properties":{"bearing":241.78561837906017,"junctionName":"55","roadName":"A1","TMC_LCD":1039,"carriage_ref":"a","TMC_coords":{"lat":47.45375,"lng":8.31675}},"geometry":{"type":"Point","coordinates":[8.316677864849241,47.45384337223663]}},{"type":"Feature","properties":{"bearing":64.31648864071396,"junctionName":"55","roadName":"A1","TMC_LCD":1039,"carriage_ref":"b","TMC_coords":{"lat":47.45375,"lng":8.31675}},"geometry":{"type":"Point","coordinates":[8.316767392642825,47.45372697692735]}},{"type":"Feature","properties":{"bearing":163.79901877161197,"junctionName":"19","roadName":"A1","TMC_LCD":1039,"carriage_ref":"a","TMC_coords":{"lat":46.56365,"lng":6.5593}},"geometry":{"type":"Point","coordinates":[6.5592122733088525,46.56363247301115]}},{"type":"Feature","properties":{"bearing":344.8280697372499,"junctionName":"19","roadName":"A1","TMC_LCD":1039,"carriage_ref":"b","TMC_coords":{"lat":46.56365,"lng":6.5593}},"geometry":{"type":"Point","coordinates":[6.559360753095552,46.563661920619765]}},{"type":"Feature","properties":{"bearing":278.43597657242543,"junctionName":"47","roadName":"A1","TMC_LCD":1039,"carriage_ref":"a","TMC_coords":{"lat":47.3043,"lng":7.91715}},"geometry":{"type":"Point","coordinates":[7.91720372112888,47.30457991059883]}},{"type":"Feature","properties":{"bearing":96.39923573988084,"junctionName":"47","roadName":"A1","TMC_LCD":1039,"carriage_ref":"b","TMC_coords":{"lat":47.3043,"lng":7.91715}},"geometry":{"type":"Point","coordinates":[7.91718537023,47.30448084958839]}},{"type":"Feature","properties":{"bearing":228.9706413083188,"junctionName":"12","roadName":"A1","TMC_LCD":1039,"carriage_ref":"a","TMC_coords":{"lat":46.42465,"lng":6.25745}},"geometry":{"type":"Point","coordinates":[6.2572626611399995,46.424798381043495]}},{"type":"Feature","properties":{"bearing":48.981454379494856,"junctionName":"12","roadName":"A1","TMC_LCD":1039,"carriage_ref":"b","TMC_coords":{"lat":46.42465,"lng":6.25745}},"geometry":{"type":"Point","coordinates":[6.257365287281342,46.42471675213151]}},{"type":"Feature","properties":{"bearing":222.25591172069875,"junctionName":"66","roadName":"A1","TMC_LCD":1039,"carriage_ref":"a","TMC_coords":{"lat":47.41675,"lng":8.6287}},"geometry":{"type":"Point","coordinates":[8.6284881,47.4168776]}},{"type":"Feature","properties":{"bearing":43.64464736665199,"junctionName":"66","roadName":"A1","TMC_LCD":1039,"carriage_ref":"b","TMC_coords":{"lat":47.41675,"lng":8.6287}},"geometry":{"type":"Point","coordinates":[8.628634391279418,47.41679231872956]}},{"type":"Feature","properties":{"bearing":296.7651412176003,"junctionName":"30","roadName":"A1","TMC_LCD":1039,"carriage_ref":"a","TMC_coords":{"lat":46.9616,"lng":7.1927}},"geometry":{"type":"Point","coordinates":[7.1924167,46.9613337]}},{"type":"Feature","properties":{"bearing":115.93082519211379,"junctionName":"30","roadName":"A1","TMC_LCD":1039,"carriage_ref":"b","TMC_coords":{"lat":46.9616,"lng":7.1927}},"geometry":{"type":"Point","coordinates":[7.192416795567214,46.961215532363205]}},{"type":"Feature","properties":{"bearing":187.73094401738564,"junctionName":"2","roadName":"A1","TMC_LCD":1039,"carriage_ref":"a","TMC_coords":{"lat":46.15914,"lng":6.10159}},"geometry":{"type":"Point","coordinates":[6.101463878195208,46.15915007027876]}},{"type":"Feature","properties":{"bearing":3.9315369682670673,"junctionName":"2","roadName":"A1","TMC_LCD":1039,"carriage_ref":"b","TMC_coords":{"lat":46.15914,"lng":6.10159}},"geometry":{"type":"Point","coordinates":[6.101636395784907,46.15913727589735]}},{"type":"Feature","properties":{"bearing":245.56771087804617,"junctionName":"60","roadName":"A1","TMC_LCD":1039,"carriage_ref":"a","TMC_coords":{"lat":47.41465,"lng":8.44005}},"geometry":{"type":"Point","coordinates":[8.439847532433205,47.41493164259647]}},{"type":"Feature","properties":{"bearing":62.9187289404236,"junctionName":"60","roadName":"A1","TMC_LCD":1039,"carriage_ref":"b","TMC_coords":{"lat":47.41465,"lng":8.44005}},"geometry":{"type":"Point","coordinates":[8.439924661698196,47.41482445864144]}},{"type":"Feature","properties":{"bearing":202.6669818876088,"junctionName":"21","roadName":"A1","TMC_LCD":1039,"carriage_ref":"a","TMC_coords":{"lat":46.6456,"lng":6.56545}},"geometry":{"type":"Point","coordinates":[6.565202035754493,46.64567748693537]}},{"type":"Feature","properties":{"bearing":24.73840993752047,"junctionName":"21","roadName":"A1","TMC_LCD":1039,"carriage_ref":"b","TMC_coords":{"lat":46.6456,"lng":6.56545}},"geometry":{"type":"Point","coordinates":[6.565333265664874,46.64563691139123]}},{"type":"Feature","properties":{"bearing":252.05923039677845,"junctionName":"72","roadName":"A1","TMC_LCD":1039,"carriage_ref":"a","TMC_coords":{"lat":47.5305,"lng":8.77465}},"geometry":{"type":"Point","coordinates":[8.77454354736559,47.530741228070866]}},{"type":"Feature","properties":{"bearing":73.84178482640775,"junctionName":"72","roadName":"A1","TMC_LCD":1039,"carriage_ref":"b","TMC_coords":{"lat":47.5305,"lng":8.77465}},"geometry":{"type":"Point","coordinates":[8.7745583,47.5306363]}},{"type":"Feature","properties":{"bearing":207.9582348811272,"junctionName":"11","roadName":"A1","TMC_LCD":1039,"carriage_ref":"a","TMC_coords":{"lat":46.39543,"lng":6.20958}},"geometry":{"type":"Point","coordinates":[6.209639083244901,46.3954083682834]}},{"type":"Feature","properties":{"bearing":28.17142976240755,"junctionName":"11","roadName":"A1","TMC_LCD":1039,"carriage_ref":"b","TMC_coords":{"lat":46.39543,"lng":6.20958}},"geometry":{"type":"Point","coordinates":[6.2097753355699155,46.395357847739426]}},{"type":"Feature","properties":{"bearing":263.8689494238242,"junctionName":"26","roadName":"A1","TMC_LCD":1039,"carriage_ref":"a","TMC_coords":{"lat":46.83265,"lng":6.8621}},"geometry":{"type":"Point","coordinates":[6.8620808560624695,46.83278892789261]}},{"type":"Feature","properties":{"bearing":86.29169762997678,"junctionName":"26","roadName":"A1","TMC_LCD":1039,"carriage_ref":"b","TMC_coords":{"lat":46.83265,"lng":6.8621}},"geometry":{"type":"Point","coordinates":[6.862095218514192,46.83268393069471]}},{"type":"Feature","properties":{"bearing":313.3320105391378,"junctionName":"78","roadName":"A1","TMC_LCD":1039,"carriage_ref":"a","TMC_coords":{"lat":47.4479,"lng":9.15415}},"geometry":{"type":"Point","coordinates":[9.154607982729605,47.44823079372638]}},{"type":"Feature","properties":{"bearing":134.76416025370594,"junctionName":"78","roadName":"A1","TMC_LCD":1039,"carriage_ref":"b","TMC_coords":{"lat":47.4479,"lng":9.15415}},"geometry":{"type":"Point","coordinates":[9.154513954363258,47.44814555549171]}},{"type":"Feature","properties":{"bearing":242.2967825302785,"junctionName":"13","roadName":"A1","TMC_LCD":1039,"carriage_ref":"a","TMC_coords":{"lat":46.4649,"lng":6.33325}},"geometry":{"type":"Point","coordinates":[6.333085289052094,46.46511604927955]}},{"type":"Feature","properties":{"bearing":63.710454430583795,"junctionName":"13","roadName":"A1","TMC_LCD":1039,"carriage_ref":"b","TMC_coords":{"lat":46.4649,"lng":6.33325}},"geometry":{"type":"Point","coordinates":[6.333163397112325,46.465020104793275]}},{"type":"Feature","properties":{"bearing":225.04864017915716,"junctionName":"67","roadName":"A1","TMC_LCD":1039,"carriage_ref":"a","TMC_coords":{"lat":47.44315,"lng":8.69435}},"geometry":{"type":"Point","coordinates":[8.693841487529985,47.443477524599544]}},{"type":"Feature","properties":{"bearing":42.101704222657915,"junctionName":"67","roadName":"A1","TMC_LCD":1039,"carriage_ref":"b","TMC_coords":{"lat":47.44315,"lng":8.69435}},"geometry":{"type":"Point","coordinates":[8.693990993978732,47.443376336743945]}},{"type":"Feature","properties":{"bearing":281.2556339055499,"junctionName":"74","roadName":"A1","TMC_LCD":1039,"carriage_ref":"a","TMC_coords":{"lat":47.53045,"lng":8.8137}},"geometry":{"type":"Point","coordinates":[8.813748928127017,47.530615919204784]}},{"type":"Feature","properties":{"bearing":101.09218317336197,"junctionName":"74","roadName":"A1","TMC_LCD":1039,"carriage_ref":"b","TMC_coords":{"lat":47.53045,"lng":8.8137}},"geometry":{"type":"Point","coordinates":[8.813720594494754,47.53052087182652]}},{"type":"Feature","properties":{"bearing":220.01572888798734,"junctionName":"4","roadName":"A1","TMC_LCD":1039,"carriage_ref":"a","TMC_coords":{"lat":46.2173,"lng":6.09895}},"geometry":{"type":"Point","coordinates":[6.0987103789356745,46.2174305353554]}},{"type":"Feature","properties":{"bearing":35.376764668607414,"junctionName":"4","roadName":"A1","TMC_LCD":1039,"carriage_ref":"b","TMC_coords":{"lat":46.2173,"lng":6.09895}},"geometry":{"type":"Point","coordinates":[6.098841298184511,46.21735823894462]}},{"type":"Feature","properties":{"bearing":262.0402142739173,"junctionName":"14","roadName":"A1","TMC_LCD":1039,"carriage_ref":"a","TMC_coords":{"lat":46.47775,"lng":6.39925}},"geometry":{"type":"Point","coordinates":[6.399241851267241,46.47779009670696]}},{"type":"Feature","properties":{"bearing":83.8607825422268,"junctionName":"14","roadName":"A1","TMC_LCD":1039,"carriage_ref":"b","TMC_coords":{"lat":46.47775,"lng":6.39925}},"geometry":{"type":"Point","coordinates":[6.399263742687989,46.47768292382695]}},{"type":"Feature","properties":{"bearing":258.54756814122874,"junctionName":"82","roadName":"A1","TMC_LCD":1039,"carriage_ref":"a","TMC_coords":{"lat":47.43345,"lng":9.3903}},"geometry":{"type":"Point","coordinates":[9.39025465111899,47.43358880082884]}},{"type":"Feature","properties":{"bearing":77.39847670063047,"junctionName":"82","roadName":"A1","TMC_LCD":1039,"carriage_ref":"b","TMC_coords":{"lat":47.43345,"lng":9.3903}},"geometry":{"type":"Point","coordinates":[9.390281978675937,47.43350473868663]}},{"type":"Feature","properties":{"bearing":267.2410412084126,"junctionName":"34","roadName":"A1","TMC_LCD":1039,"carriage_ref":"a","TMC_coords":{"lat":46.9507,"lng":7.4063}},"geometry":{"type":"Point","coordinates":[7.406280463336201,46.95085082131634]}},{"type":"Feature","properties":{"bearing":83.95188798695649,"junctionName":"34","roadName":"A1","TMC_LCD":1039,"carriage_ref":"b","TMC_coords":{"lat":46.9507,"lng":7.4063}},"geometry":{"type":"Point","coordinates":[7.406294970704289,46.95074052264314]}},{"type":"Feature","properties":{"bearing":261.18335101011934,"junctionName":"51","roadName":"A1","TMC_LCD":1039,"carriage_ref":"a","TMC_coords":{"lat":47.39755,"lng":8.1885}},"geometry":{"type":"Point","coordinates":[8.18849729985891,47.397564729734]}},{"type":"Feature","properties":{"bearing":83.51036542435958,"junctionName":"51","roadName":"A1","TMC_LCD":1039,"carriage_ref":"b","TMC_coords":{"lat":47.39755,"lng":8.1885}},"geometry":{"type":"Point","coordinates":[8.188511777588877,47.39747842609881]}},{"type":"Feature","properties":{"bearing":263.216896277901,"junctionName":"37","roadName":"A1","TMC_LCD":1039,"carriage_ref":"a","TMC_coords":{"lat":46.96965,"lng":7.4685}},"geometry":{"type":"Point","coordinates":[7.4683582526955785,46.97017085653994]}},{"type":"Feature","properties":{"bearing":75.33817862306599,"junctionName":"37","roadName":"A1","TMC_LCD":1039,"carriage_ref":"b","TMC_coords":{"lat":46.96965,"lng":7.4685}},"geometry":{"type":"Point","coordinates":[7.468396710053035,46.970077977073565]}},{"type":"Feature","properties":{"bearing":314.3554253618759,"junctionName":"31","roadName":"A1","TMC_LCD":1039,"carriage_ref":"a","TMC_coords":{"lat":46.95425,"lng":7.32355}},"geometry":{"type":"Point","coordinates":[7.323665047320023,46.9543293609168]}},{"type":"Feature","properties":{"bearing":135.18412948947432,"junctionName":"31","roadName":"A1","TMC_LCD":1039,"carriage_ref":"b","TMC_coords":{"lat":46.95425,"lng":7.32355}},"geometry":{"type":"Point","coordinates":[7.323545610835253,46.95424700799482]}},{"type":"Feature","properties":{"bearing":155.26275260918922,"junctionName":"3","roadName":"A1","TMC_LCD":1039,"carriage_ref":"a","TMC_coords":{"lat":46.1867,"lng":6.08195}},"geometry":{"type":"Point","coordinates":[6.081604732374994,46.18658463565548]}},{"type":"Feature","properties":{"bearing":334.5803796448702,"junctionName":"3","roadName":"A1","TMC_LCD":1039,"carriage_ref":"b","TMC_coords":{"lat":46.1867,"lng":6.08195}},"geometry":{"type":"Point","coordinates":[6.081746793384709,46.18663543621422]}},{"type":"Feature","properties":{"bearing":303.95595539381435,"junctionName":"75","roadName":"A1","TMC_LCD":1039,"carriage_ref":"a","TMC_coords":{"lat":47.5083,"lng":8.9313}},"geometry":{"type":"Point","coordinates":[8.931168621408514,47.50817110713192]}},{"type":"Feature","properties":{"bearing":125.25035548700193,"junctionName":"75","roadName":"A1","TMC_LCD":1039,"carriage_ref":"b","TMC_coords":{"lat":47.5083,"lng":8.9313}},"geometry":{"type":"Point","coordinates":[8.93107938914245,47.5080847430742]}},{"type":"Feature","properties":{"bearing":260.61724150114424,"junctionName":"32","roadName":"A1","TMC_LCD":1039,"carriage_ref":"a","TMC_coords":{"lat":46.94495,"lng":7.3711}},"geometry":{"type":"Point","coordinates":[7.37122348433747,46.94449584831207]}},{"type":"Feature","properties":{"bearing":78.86906781810573,"junctionName":"32","roadName":"A1","TMC_LCD":1039,"carriage_ref":"b","TMC_coords":{"lat":46.94495,"lng":7.3711}},"geometry":{"type":"Point","coordinates":[7.371253113878287,46.944398220781814]}},{"type":"Feature","properties":{"bearing":246.4267816635542,"junctionName":"17","roadName":"A1","TMC_LCD":1039,"carriage_ref":"a","TMC_coords":{"lat":46.5406,"lng":6.56655}},"geometry":{"type":"Point","coordinates":[6.5656275512570454,46.54184885176073]}},{"type":"Feature","properties":{"bearing":50.19259094913282,"junctionName":"17","roadName":"A1","TMC_LCD":1039,"carriage_ref":"b","TMC_coords":{"lat":46.5406,"lng":6.56655}},"geometry":{"type":"Point","coordinates":[6.5665717011230695,46.54057778620471]}},{"type":"Feature","properties":{"bearing":326.87164001609096,"junctionName":"64","roadName":"A1","TMC_LCD":1039,"carriage_ref":"a","TMC_coords":{"lat":47.41165,"lng":8.5749}},"geometry":{"type":"Point","coordinates":[8.575729003026106,47.41212279998449]}},{"type":"Feature","properties":{"bearing":139.92836208204042,"junctionName":"64","roadName":"A1","TMC_LCD":1039,"carriage_ref":"b","TMC_coords":{"lat":47.41165,"lng":8.5749}},"geometry":{"type":"Point","coordinates":[8.57523115010924,47.41181968253994]}},{"type":"Feature","properties":{"bearing":226.48080305983171,"junctionName":"29","roadName":"A1","TMC_LCD":1039,"carriage_ref":"a","TMC_coords":{"lat":46.93735,"lng":7.14475}},"geometry":{"type":"Point","coordinates":[7.144478590451276,46.93754514620653]}},{"type":"Feature","properties":{"bearing":46.83005741545915,"junctionName":"29","roadName":"A1","TMC_LCD":1039,"carriage_ref":"b","TMC_coords":{"lat":46.93735,"lng":7.14475}},"geometry":{"type":"Point","coordinates":[7.144583187403151,46.9374699279499]}},{"type":"Feature","properties":{"bearing":205.34050627264713,"junctionName":"39","roadName":"A1","TMC_LCD":1039,"carriage_ref":"a","TMC_coords":{"lat":47.07675,"lng":7.56995}},"geometry":{"type":"Point","coordinates":[7.57000699725693,47.0767316099558]}},{"type":"Feature","properties":{"bearing":25.393899679721432,"junctionName":"39","roadName":"A1","TMC_LCD":1039,"carriage_ref":"b","TMC_coords":{"lat":47.07675,"lng":7.56995}},"geometry":{"type":"Point","coordinates":[7.570140045379626,47.07668855773553]}},{"type":"Feature","properties":{"bearing":270.1143564548951,"junctionName":"76","roadName":"A1","TMC_LCD":1039,"carriage_ref":"a","TMC_coords":{"lat":47.47135,"lng":8.99795}},"geometry":{"type":"Point","coordinates":[8.997950459251685,47.47132989129317]}},{"type":"Feature","properties":{"bearing":89.35185939552514,"junctionName":"76","roadName":"A1","TMC_LCD":1039,"carriage_ref":"b","TMC_coords":{"lat":47.47135,"lng":8.99795}},"geometry":{"type":"Point","coordinates":[8.997952178281395,47.4712198619996]}},{"type":"Feature","properties":{"bearing":178.95601464455652,"junctionName":"20","roadName":"A1","TMC_LCD":1039,"carriage_ref":"a","TMC_coords":{"lat":46.5977,"lng":6.55355}},"geometry":{"type":"Point","coordinates":[6.5535442954812515,46.59769992162981]}},{"type":"Feature","properties":{"bearing":358.9923566563198,"junctionName":"20","roadName":"A1","TMC_LCD":1039,"carriage_ref":"b","TMC_coords":{"lat":46.5977,"lng":6.55355}},"geometry":{"type":"Point","coordinates":[6.553691427483325,46.59770170246244]}},{"type":"Feature","properties":{"bearing":158.09204575041943,"junctionName":"1","roadName":"A1","TMC_LCD":1039,"carriage_ref":"a","TMC_coords":{"lat":46.1635,"lng":6.1011}},"geometry":{"type":"Point","coordinates":[6.1004906,46.1633543]}},{"type":"Feature","properties":{"bearing":334.7897609660825,"junctionName":"1","roadName":"A1","TMC_LCD":1039,"carriage_ref":"b","TMC_coords":{"lat":46.1635,"lng":6.1011}},"geometry":{"type":"Point","coordinates":[6.100657349581809,46.163367143432964]}},{"type":"Feature","properties":{"bearing":212.3371633981018,"junctionName":"10","roadName":"A1","TMC_LCD":1039,"carriage_ref":"a","TMC_coords":{"lat":46.34005,"lng":6.1644}},"geometry":{"type":"Point","coordinates":[6.163974215359445,46.34023596782359]}},{"type":"Feature","properties":{"bearing":31.468597437832038,"junctionName":"10","roadName":"A1","TMC_LCD":1039,"carriage_ref":"b","TMC_coords":{"lat":46.34005,"lng":6.1644}},"geometry":{"type":"Point","coordinates":[6.164115179508282,46.34017459370173]}},{"type":"Feature","properties":{"bearing":253.03612578397656,"junctionName":"25","roadName":"A1","TMC_LCD":1039,"carriage_ref":"a","TMC_coords":{"lat":46.762,"lng":6.64445}},"geometry":{"type":"Point","coordinates":[6.644403984063607,46.76212058098128]}},{"type":"Feature","properties":{"bearing":80.20630713922128,"junctionName":"25","roadName":"A1","TMC_LCD":1039,"carriage_ref":"b","TMC_coords":{"lat":46.762,"lng":6.64445}},"geometry":{"type":"Point","coordinates":[6.644454447337531,46.76198705423957]}},{"type":"Feature","properties":{"bearing":240.42882694799147,"junctionName":"8","roadName":"A1","TMC_LCD":1039,"carriage_ref":"a","TMC_coords":{"lat":46.24927,"lng":6.136}},"geometry":{"type":"Point","coordinates":[6.136011779447018,46.24925615608248]}},{"type":"Feature","properties":{"bearing":60.406256446499206,"junctionName":"8","roadName":"A1","TMC_LCD":1039,"carriage_ref":"b","TMC_coords":{"lat":46.24927,"lng":6.136}},"geometry":{"type":"Point","coordinates":[6.136093040564363,46.24915658584436]}},{"type":"Feature","properties":{"bearing":268.39423124501224,"junctionName":"59","roadName":"A1","TMC_LCD":1039,"carriage_ref":"a","TMC_coords":{"lat":47.4116,"lng":8.42875}},"geometry":{"type":"Point","coordinates":[8.428621684872097,47.41220157133926]}},{"type":"Feature","properties":{"bearing":80.93487127782542,"junctionName":"59","roadName":"A1","TMC_LCD":1039,"carriage_ref":"b","TMC_coords":{"lat":47.4116,"lng":8.42875}},"geometry":{"type":"Point","coordinates":[8.428808267512075,47.4110738622355]}},{"type":"Feature","properties":{"bearing":316.45586343719054,"junctionName":"63","roadName":"A1","TMC_LCD":1039,"carriage_ref":"a","TMC_coords":{"lat":47.42325,"lng":8.5735}},"geometry":{"type":"Point","coordinates":[8.573506676782952,47.42325381411623]}},{"type":"Feature","properties":{"bearing":145.2475967684746,"junctionName":"63","roadName":"A1","TMC_LCD":1039,"carriage_ref":"b","TMC_coords":{"lat":47.42325,"lng":8.5735}},"geometry":{"type":"Point","coordinates":[8.573372764409129,47.42318220883719]}},{"type":"Feature","properties":{"bearing":217.34421407975933,"junctionName":"69","roadName":"A1","TMC_LCD":1039,"carriage_ref":"a","TMC_coords":{"lat":47.5149,"lng":8.69135}},"geometry":{"type":"Point","coordinates":[8.691378572403115,47.5148843681069]}},{"type":"Feature","properties":{"bearing":37.912372564863276,"junctionName":"69","roadName":"A1","TMC_LCD":1039,"carriage_ref":"b","TMC_coords":{"lat":47.5149,"lng":8.69135}},"geometry":{"type":"Point","coordinates":[8.691540974741992,47.51479828168821]}},{"type":"Feature","properties":{"bearing":235.70299684973202,"junctionName":"70","roadName":"A1","TMC_LCD":1039,"carriage_ref":"a","TMC_coords":{"lat":47.5242,"lng":8.70185}},"geometry":{"type":"Point","coordinates":[8.70193654024321,47.52410072114492]}},{"type":"Feature","properties":{"bearing":59.39966334858452,"junctionName":"70","roadName":"A1","TMC_LCD":1039,"carriage_ref":"b","TMC_coords":{"lat":47.5242,"lng":8.70185}},"geometry":{"type":"Point","coordinates":[8.702042089909494,47.523999107336245]}},{"type":"Feature","properties":{"bearing":242.5929288769721,"junctionName":"27","roadName":"A1","TMC_LCD":1039,"carriage_ref":"a","TMC_coords":{"lat":46.82735,"lng":6.9078}},"geometry":{"type":"Point","coordinates":[6.907648634324256,46.82754030229743]}},{"type":"Feature","properties":{"bearing":61.687744447181494,"junctionName":"27","roadName":"A1","TMC_LCD":1039,"carriage_ref":"b","TMC_coords":{"lat":46.82735,"lng":6.9078}},"geometry":{"type":"Point","coordinates":[6.90771306083195,46.827461656594046]}},{"type":"Feature","properties":{"bearing":228.90958274476725,"junctionName":"15","roadName":"A1","TMC_LCD":1039,"carriage_ref":"a","TMC_coords":{"lat":46.5063,"lng":6.4859}},"geometry":{"type":"Point","coordinates":[6.4856794,46.5063877]}},{"type":"Feature","properties":{"bearing":47.1396077616419,"junctionName":"15","roadName":"A1","TMC_LCD":1039,"carriage_ref":"b","TMC_coords":{"lat":46.5063,"lng":6.4859}},"geometry":{"type":"Point","coordinates":[6.485837041226447,46.50634666461005]}},{"type":"Feature","properties":{"bearing":300.98195364496945,"junctionName":"62","roadName":"A1","TMC_LCD":1039,"carriage_ref":"a","TMC_coords":{"lat":47.4301,"lng":8.55005}},"geometry":{"type":"Point","coordinates":[8.55027463342399,47.430350477773935]}},{"type":"Feature","properties":{"bearing":122.12260091636868,"junctionName":"62","roadName":"A1","TMC_LCD":1039,"carriage_ref":"b","TMC_coords":{"lat":47.4301,"lng":8.55005}},"geometry":{"type":"Point","coordinates":[8.550181137087588,47.43024569772158]}},{"type":"Feature","properties":{"bearing":212.99889846836268,"junctionName":"49","roadName":"A1","TMC_LCD":1039,"carriage_ref":"a","TMC_coords":{"lat":47.3381,"lng":8.04135}},"geometry":{"type":"Point","coordinates":[8.04096833821941,47.33826762972892]}},{"type":"Feature","properties":{"bearing":33.103644979071916,"junctionName":"49","roadName":"A1","TMC_LCD":1039,"carriage_ref":"b","TMC_coords":{"lat":47.3381,"lng":8.04135}},"geometry":{"type":"Point","coordinates":[8.041093170131182,47.33820964847282]}},{"type":"Feature","properties":{"bearing":195.52065378695877,"junctionName":"23","roadName":"A1","TMC_LCD":1039,"carriage_ref":"a","TMC_coords":{"lat":46.72815,"lng":6.5701}},"geometry":{"type":"Point","coordinates":[6.5702005874571086,46.728127331907366]}},{"type":"Feature","properties":{"bearing":18.537532366626944,"junctionName":"23","roadName":"A1","TMC_LCD":1039,"carriage_ref":"b","TMC_coords":{"lat":46.72815,"lng":6.5701}},"geometry":{"type":"Point","coordinates":[6.570350605794611,46.72809487795892]}},{"type":"Feature","properties":{"bearing":235.68730225588774,"junctionName":"80","roadName":"A1","TMC_LCD":1039,"carriage_ref":"a","TMC_coords":{"lat":47.4107,"lng":9.3098}},"geometry":{"type":"Point","coordinates":[9.30958083726687,47.41089833726943]}},{"type":"Feature","properties":{"bearing":52.41260745481382,"junctionName":"80","roadName":"A1","TMC_LCD":1039,"carriage_ref":"b","TMC_coords":{"lat":47.4107,"lng":9.3098}},"geometry":{"type":"Point","coordinates":[9.309665431991341,47.41081828514579]}},{"type":"Feature","properties":{"bearing":255.75657642107714,"junctionName":"79","roadName":"A1","TMC_LCD":1039,"carriage_ref":"a","TMC_coords":{"lat":47.4245,"lng":9.23645}},"geometry":{"type":"Point","coordinates":[9.236488913317627,47.42439624814887]}},{"type":"Feature","properties":{"bearing":75.12527342830826,"junctionName":"79","roadName":"A1","TMC_LCD":1039,"carriage_ref":"b","TMC_coords":{"lat":47.4245,"lng":9.23645}},"geometry":{"type":"Point","coordinates":[9.236528541753957,47.424298312122055]}},{"type":"Feature","properties":{"bearing":222.92687401575338,"junctionName":"53","roadName":"A1","TMC_LCD":1039,"carriage_ref":"a","TMC_coords":{"lat":47.44635,"lng":8.24665}},"geometry":{"type":"Point","coordinates":[8.2470964,47.4461741]}},{"type":"Feature","properties":{"bearing":45.603740923534815,"junctionName":"53","roadName":"A1","TMC_LCD":1039,"carriage_ref":"b","TMC_coords":{"lat":47.44635,"lng":8.24665}},"geometry":{"type":"Point","coordinates":[8.24711559917236,47.44603784174914]}},{"type":"Feature","properties":{"bearing":188.16052946829313,"junctionName":"41","roadName":"A1","TMC_LCD":1039,"carriage_ref":"a","TMC_coords":{"lat":47.21055,"lng":7.60045}},"geometry":{"type":"Point","coordinates":[7.6005291850258825,47.21054231205836]}},{"type":"Feature","properties":{"bearing":9.6085252250659,"junctionName":"41","roadName":"A1","TMC_LCD":1039,"carriage_ref":"b","TMC_coords":{"lat":47.21055,"lng":7.60045}},"geometry":{"type":"Point","coordinates":[7.600673666670112,47.210528589584314]}},{"type":"Feature","properties":{"bearing":264.55866118528854,"junctionName":"45","roadName":"A1","TMC_LCD":1039,"carriage_ref":"a","TMC_coords":{"lat":47.3125,"lng":7.8073}},"geometry":{"type":"Point","coordinates":[7.807353151704708,47.312121670595815]}},{"type":"Feature","properties":{"bearing":85.2629868266531,"junctionName":"45","roadName":"A1","TMC_LCD":1039,"carriage_ref":"b","TMC_coords":{"lat":47.3125,"lng":7.8073}},"geometry":{"type":"Point","coordinates":[7.807367051968767,47.31201683936476]}},{"type":"Feature","properties":{"bearing":348.76793681119034,"junctionName":"14","roadName":"A13","TMC_LCD":1018,"carriage_ref":"b","TMC_coords":{"lat":46.9716,"lng":9.55195}},"geometry":{"type":"Point","coordinates":[9.552179235546946,46.97162625416076]}},{"type":"Feature","properties":{"bearing":171.0917081159362,"junctionName":"14","roadName":"A13","TMC_LCD":1018,"carriage_ref":"a","TMC_coords":{"lat":46.9716,"lng":9.55195}},"geometry":{"type":"Point","coordinates":[9.552014866677016,46.97160801452949]}},{"type":"Feature","properties":{"bearing":12.541077457994977,"junctionName":"22","roadName":"A13","TMC_LCD":1018,"carriage_ref":"b","TMC_coords":{"lat":46.69725,"lng":9.44615}},"geometry":{"type":"Point","coordinates":[9.446200423233487,46.697241437195444]}},{"type":"Feature","properties":{"bearing":195.02358562366013,"junctionName":"22","roadName":"A13","TMC_LCD":1018,"carriage_ref":"a","TMC_coords":{"lat":46.69725,"lng":9.44615}},"geometry":{"type":"Point","coordinates":[9.446147262731882,46.697250464401]}},{"type":"Feature","properties":{"bearing":48.78012387950891,"junctionName":"18","roadName":"A13","TMC_LCD":1018,"carriage_ref":"b","TMC_coords":{"lat":46.8287,"lng":9.417}},"geometry":{"type":"Point","coordinates":[9.4173216812,46.82846777489]}},{"type":"Feature","properties":{"bearing":226.5761457648985,"junctionName":"18","roadName":"A13","TMC_LCD":1018,"carriage_ref":"a","TMC_coords":{"lat":46.8287,"lng":9.417}},"geometry":{"type":"Point","coordinates":[9.4172875,46.8285053]}},{"type":"Feature","properties":{"bearing":66.68424691102086,"junctionName":"29","roadName":"A13","TMC_LCD":1018,"carriage_ref":"b","TMC_coords":{"lat":46.54445,"lng":9.2966}},"geometry":{"type":"Point","coordinates":[9.296597965579581,46.544454244591236]}},{"type":"Feature","properties":{"bearing":255.88406076998595,"junctionName":"29","roadName":"A13","TMC_LCD":1018,"carriage_ref":"a","TMC_coords":{"lat":46.54445,"lng":9.2966}},"geometry":{"type":"Point","coordinates":[9.29657086801304,46.5445107848177]}},{"type":"Feature","properties":{"bearing":1.5673527770042872,"junctionName":"34","roadName":"A13","TMC_LCD":1018,"carriage_ref":"b","TMC_coords":{"lat":46.4207,"lng":9.2269}},"geometry":{"type":"Point","coordinates":[9.22680060901183,46.42070092907433]}},{"type":"Feature","properties":{"bearing":182.5559846459102,"junctionName":"34","roadName":"A13","TMC_LCD":1018,"carriage_ref":"a","TMC_coords":{"lat":46.4207,"lng":9.2269}},"geometry":{"type":"Point","coordinates":[9.226762680934085,46.42070128365095]}},{"type":"Feature","properties":{"bearing":344.12076494302596,"junctionName":"9","roadName":"A13","TMC_LCD":1018,"carriage_ref":"b","TMC_coords":{"lat":47.1304,"lng":9.50955}},"geometry":{"type":"Point","coordinates":[9.509832842336614,47.13045469703226]}},{"type":"Feature","properties":{"bearing":164.03992606572248,"junctionName":"9","roadName":"A13","TMC_LCD":1018,"carriage_ref":"a","TMC_coords":{"lat":47.1304,"lng":9.50955}},"geometry":{"type":"Point","coordinates":[9.509685380991863,47.13042629959197]}},{"type":"Feature","properties":{"bearing":22.995989050698384,"junctionName":"16","roadName":"A13","TMC_LCD":1018,"carriage_ref":"b","TMC_coords":{"lat":46.87504,"lng":9.53285}},"geometry":{"type":"Point","coordinates":[9.532977812346104,46.87499779436705]}},{"type":"Feature","properties":{"bearing":206.51801372142873,"junctionName":"16","roadName":"A13","TMC_LCD":1018,"carriage_ref":"a","TMC_coords":{"lat":46.87504,"lng":9.53285}},"geometry":{"type":"Point","coordinates":[9.53282657406128,46.87504665854886]}},{"type":"Feature","properties":{"bearing":327.64572647817835,"junctionName":"21","roadName":"A13","TMC_LCD":1018,"carriage_ref":"b","TMC_coords":{"lat":46.71443,"lng":9.44521}},"geometry":{"type":"Point","coordinates":[9.44524904310313,46.714446895471916]}},{"type":"Feature","properties":{"bearing":147.67055495973497,"junctionName":"21","roadName":"A13","TMC_LCD":1018,"carriage_ref":"a","TMC_coords":{"lat":46.71443,"lng":9.44521}},"geometry":{"type":"Point","coordinates":[9.445133247913349,46.714396671884934]}},{"type":"Feature","properties":{"bearing":93.49567228242779,"junctionName":"30","roadName":"A13","TMC_LCD":1018,"carriage_ref":"b","TMC_coords":{"lat":46.53845,"lng":9.24375}},"geometry":{"type":"Point","coordinates":[9.243749730655864,46.538446963029116]}},{"type":"Feature","properties":{"bearing":272.87152096772036,"junctionName":"30","roadName":"A13","TMC_LCD":1018,"carriage_ref":"a","TMC_coords":{"lat":46.53845,"lng":9.24375}},"geometry":{"type":"Point","coordinates":[9.24375440134496,46.53849954978974]}},{"type":"Feature","properties":{"bearing":3.027295024845807,"junctionName":"25","roadName":"A13","TMC_LCD":1018,"carriage_ref":"b","TMC_coords":{"lat":46.5995,"lng":9.4312}},"geometry":{"type":"Point","coordinates":[9.431151636690743,46.599505272773094]}},{"type":"Feature","properties":{"bearing":192.41079227922037,"junctionName":"25","roadName":"A13","TMC_LCD":1018,"carriage_ref":"a","TMC_coords":{"lat":46.5995,"lng":9.4312}},"geometry":{"type":"Point","coordinates":[9.431103452726946,46.599510526471455]}},{"type":"Feature","properties":{"bearing":24.51541483473726,"junctionName":"38","roadName":"A13","TMC_LCD":1018,"carriage_ref":"b","TMC_coords":{"lat":46.24031,"lng":9.13866}},"geometry":{"type":"Point","coordinates":[9.141013800488082,46.23956752445074]}},{"type":"Feature","properties":{"bearing":201.09108102008486,"junctionName":"38","roadName":"A13","TMC_LCD":1018,"carriage_ref":"a","TMC_coords":{"lat":46.24031,"lng":9.13866}},"geometry":{"type":"Point","coordinates":[9.140912839529582,46.23961079248033]}},{"type":"Feature","properties":{"bearing":10.354387411454951,"junctionName":"26","roadName":"A13","TMC_LCD":1018,"carriage_ref":"b","TMC_coords":{"lat":46.5791,"lng":9.42815}},"geometry":{"type":"Point","coordinates":[9.428057474469526,46.57912927345613]}},{"type":"Feature","properties":{"bearing":214.03537667777758,"junctionName":"26","roadName":"A13","TMC_LCD":1018,"carriage_ref":"a","TMC_coords":{"lat":46.5791,"lng":9.42815}},"geometry":{"type":"Point","coordinates":[9.427997055230174,46.57914838931197]}},{"type":"Feature","properties":{"bearing":72.2663472443447,"junctionName":"45","roadName":"A13","TMC_LCD":1018,"carriage_ref":"b","TMC_coords":{"lat":46.21825,"lng":9.0374}},"geometry":{"type":"Point","coordinates":[9.0415458,46.2209869]}},{"type":"Feature","properties":{"bearing":258.03582612723943,"junctionName":"45","roadName":"A13","TMC_LCD":1018,"carriage_ref":"a","TMC_coords":{"lat":46.21825,"lng":9.0374}},"geometry":{"type":"Point","coordinates":[9.0428077,46.2212996]}},{"type":"Feature","properties":{"bearing":23.93018171562182,"junctionName":"36","roadName":"A13","TMC_LCD":1018,"carriage_ref":"b","TMC_coords":{"lat":46.3827,"lng":9.23286}},"geometry":{"type":"Point","coordinates":[9.232903875809198,46.38268656598178]}},{"type":"Feature","properties":{"bearing":202.13720448873732,"junctionName":"36","roadName":"A13","TMC_LCD":1018,"carriage_ref":"a","TMC_coords":{"lat":46.3827,"lng":9.23286}},"geometry":{"type":"Point","coordinates":[9.232829869021355,46.382709586842935]}},{"type":"Feature","properties":{"bearing":346.8491564202397,"junctionName":"8","roadName":"A13","TMC_LCD":1018,"carriage_ref":"b","TMC_coords":{"lat":47.16885,"lng":9.48685}},"geometry":{"type":"Point","coordinates":[9.487074154093342,47.16888867775008]}},{"type":"Feature","properties":{"bearing":165.60092020458518,"junctionName":"8","roadName":"A13","TMC_LCD":1018,"carriage_ref":"a","TMC_coords":{"lat":47.16885,"lng":9.48685}},"geometry":{"type":"Point","coordinates":[9.48692142655728,47.16886112045205]}},{"type":"Feature","properties":{"bearing":352.0656633816242,"junctionName":"20","roadName":"A13","TMC_LCD":1018,"carriage_ref":"b","TMC_coords":{"lat":46.765,"lng":9.4224}},"geometry":{"type":"Point","coordinates":[9.422261180609757,46.76498669037026]}},{"type":"Feature","properties":{"bearing":169.1194916220875,"junctionName":"20","roadName":"A13","TMC_LCD":1018,"carriage_ref":"a","TMC_coords":{"lat":46.765,"lng":9.4224}},"geometry":{"type":"Point","coordinates":[9.422157548827286,46.76497732848204]}},{"type":"Feature","properties":{"bearing":39.26543995893713,"junctionName":"17","roadName":"A13","TMC_LCD":1018,"carriage_ref":"b","TMC_coords":{"lat":46.8475,"lng":9.5044}},"geometry":{"type":"Point","coordinates":[9.50450420878761,46.8474316651606]}},{"type":"Feature","properties":{"bearing":224.19030693607837,"junctionName":"17","roadName":"A13","TMC_LCD":1018,"carriage_ref":"a","TMC_coords":{"lat":46.8475,"lng":9.5044}},"geometry":{"type":"Point","coordinates":[9.504372196638643,46.84751715237676]}},{"type":"Feature","properties":{"bearing":332.155721657026,"junctionName":"33","roadName":"A13","TMC_LCD":1018,"carriage_ref":"b","TMC_coords":{"lat":46.46316,"lng":9.1868}},"geometry":{"type":"Point","coordinates":[9.186852904154204,46.46317874427496]}},{"type":"Feature","properties":{"bearing":152.77379382719838,"junctionName":"33","roadName":"A13","TMC_LCD":1018,"carriage_ref":"a","TMC_coords":{"lat":46.46316,"lng":9.1868}},"geometry":{"type":"Point","coordinates":[9.186855888552111,46.46317980310346]}},{"type":"Feature","properties":{"bearing":41.526561493851396,"junctionName":"24","roadName":"A13","TMC_LCD":1018,"carriage_ref":"b","TMC_coords":{"lat":46.64385,"lng":9.4464}},"geometry":{"type":"Point","coordinates":[9.446359495984947,46.64387867863965]}},{"type":"Feature","properties":{"bearing":227.37038580279656,"junctionName":"24","roadName":"A13","TMC_LCD":1018,"carriage_ref":"a","TMC_coords":{"lat":46.64385,"lng":9.4464}},"geometry":{"type":"Point","coordinates":[9.44630215973061,46.64391927762857]}},{"type":"Feature","properties":{"bearing":1.0072624485306674,"junctionName":"86","roadName":"A13","TMC_LCD":1018,"carriage_ref":"b","TMC_coords":{"lat":47.4529,"lng":9.65185}},"geometry":{"type":"Point","coordinates":[9.6540671,47.4484688]}},{"type":"Feature","properties":{"bearing":140.94577946760916,"junctionName":"86","roadName":"A13","TMC_LCD":1018,"carriage_ref":"a","TMC_coords":{"lat":47.4529,"lng":9.65185}},"geometry":{"type":"Point","coordinates":[9.651697753974364,47.45281646881129]}},{"type":"Feature","properties":{"bearing":47.706974139805936,"junctionName":"10","roadName":"A13","TMC_LCD":1018,"carriage_ref":"b","TMC_coords":{"lat":47.0745,"lng":9.48875}},"geometry":{"type":"Point","coordinates":[9.488664945431408,47.07456363005926]}},{"type":"Feature","properties":{"bearing":228.59294938006406,"junctionName":"10","roadName":"A13","TMC_LCD":1018,"carriage_ref":"a","TMC_coords":{"lat":47.0745,"lng":9.48875}},"geometry":{"type":"Point","coordinates":[9.488546556411388,47.07465706955641]}},{"type":"Feature","properties":{"bearing":42.862519855582114,"junctionName":"27","roadName":"A13","TMC_LCD":1018,"carriage_ref":"b","TMC_coords":{"lat":46.5691,"lng":9.36845}},"geometry":{"type":"Point","coordinates":[9.368346347429117,46.569164798082134]}},{"type":"Feature","properties":{"bearing":220.09580117644052,"junctionName":"27","roadName":"A13","TMC_LCD":1018,"carriage_ref":"a","TMC_coords":{"lat":46.5691,"lng":9.36845}},"geometry":{"type":"Point","coordinates":[9.368286854306168,46.569201991272855]}},{"type":"Feature","properties":{"bearing":7.173305512488056,"junctionName":"15","roadName":"A13","TMC_LCD":1018,"carriage_ref":"b","TMC_coords":{"lat":46.9207,"lng":9.56215}},"geometry":{"type":"Point","coordinates":[9.562216200433218,46.92069318490638]}},{"type":"Feature","properties":{"bearing":188.5354812009213,"junctionName":"15","roadName":"A13","TMC_LCD":1018,"carriage_ref":"a","TMC_coords":{"lat":46.9207,"lng":9.56215}},"geometry":{"type":"Point","coordinates":[9.562048883386007,46.9207104538479]}},{"type":"Feature","properties":{"bearing":45.531738484224235,"junctionName":"4","roadName":"A13","TMC_LCD":1018,"carriage_ref":"b","TMC_coords":{"lat":47.3593,"lng":9.6099}},"geometry":{"type":"Point","coordinates":[9.610056562294728,47.359191857103774]}},{"type":"Feature","properties":{"bearing":225.6950415037982,"junctionName":"4","roadName":"A13","TMC_LCD":1018,"carriage_ref":"a","TMC_coords":{"lat":47.3593,"lng":9.6099}},"geometry":{"type":"Point","coordinates":[9.609950566155536,47.359264860881375]}},{"type":"Feature","properties":{"bearing":27.73096615571032,"junctionName":"37","roadName":"A13","TMC_LCD":1018,"carriage_ref":"b","TMC_coords":{"lat":46.316,"lng":9.2026}},"geometry":{"type":"Point","coordinates":[9.202035851054937,46.316204810564166]}},{"type":"Feature","properties":{"bearing":207.9772912778296,"junctionName":"37","roadName":"A13","TMC_LCD":1018,"carriage_ref":"a","TMC_coords":{"lat":46.316,"lng":9.2026}},"geometry":{"type":"Point","coordinates":[9.201923903403387,46.31624802480543]}},{"type":"Feature","properties":{"bearing":335.23344349039246,"junctionName":"23","roadName":"A13","TMC_LCD":1018,"carriage_ref":"b","TMC_coords":{"lat":46.67307,"lng":9.44851}},"geometry":{"type":"Point","coordinates":[9.44848759255742,46.673062777398115]}},{"type":"Feature","properties":{"bearing":155.97270783442673,"junctionName":"23","roadName":"A13","TMC_LCD":1018,"carriage_ref":"a","TMC_coords":{"lat":46.67307,"lng":9.44851}},"geometry":{"type":"Point","coordinates":[9.44848778348376,46.67306283827762]}},{"type":"Feature","properties":{"bearing":301.7127049080265,"junctionName":"12","roadName":"A13","TMC_LCD":1018,"carriage_ref":"b","TMC_coords":{"lat":47.01675,"lng":9.49405}},"geometry":{"type":"Point","coordinates":[9.493977257966316,47.016669198568444]}},{"type":"Feature","properties":{"bearing":120.49065110201255,"junctionName":"12","roadName":"A13","TMC_LCD":1018,"carriage_ref":"a","TMC_coords":{"lat":47.01675,"lng":9.49405}},"geometry":{"type":"Point","coordinates":[9.493904516335963,47.01658192537961]}},{"type":"Feature","properties":{"bearing":80.04896332271758,"junctionName":"39","roadName":"A13","TMC_LCD":1018,"carriage_ref":"b","TMC_coords":{"lat":46.23174,"lng":9.09992}},"geometry":{"type":"Point","coordinates":[9.099944972692054,46.231641533738575]}},{"type":"Feature","properties":{"bearing":261.328420602083,"junctionName":"39","roadName":"A13","TMC_LCD":1018,"carriage_ref":"a","TMC_coords":{"lat":46.23174,"lng":9.09992}},"geometry":{"type":"Point","coordinates":[9.09992208928147,46.23173096998401]}},{"type":"Feature","properties":{"bearing":4.224948709751881,"junctionName":"35","roadName":"A13","TMC_LCD":1018,"carriage_ref":"b","TMC_coords":{"lat":46.39965,"lng":9.22965}},"geometry":{"type":"Point","coordinates":[9.229314394160445,46.39966686638232]}},{"type":"Feature","properties":{"bearing":185.8651554642051,"junctionName":"35","roadName":"A13","TMC_LCD":1018,"carriage_ref":"a","TMC_coords":{"lat":46.39965,"lng":9.22965}},"geometry":{"type":"Point","coordinates":[9.229271999448912,46.399668997285325]}},{"type":"Feature","properties":{"bearing":53.42977201087277,"junctionName":"32","roadName":"A13","TMC_LCD":1018,"carriage_ref":"b","TMC_coords":{"lat":46.5288,"lng":9.19105}},"geometry":{"type":"Point","coordinates":[9.191114247144473,46.528744040490125]}},{"type":"Feature","properties":{"bearing":229.5941827106371,"junctionName":"32","roadName":"A13","TMC_LCD":1018,"carriage_ref":"a","TMC_coords":{"lat":46.5288,"lng":9.19105}},"geometry":{"type":"Point","coordinates":[9.19106166430208,46.528789839877845]}},{"type":"Feature","properties":{"bearing":84.0539584916472,"junctionName":"45","roadName":"A13","TMC_LCD":1018,"carriage_ref":"b","TMC_coords":{"lat":46.2214,"lng":9.04449}},"geometry":{"type":"Point","coordinates":[9.044489675351032,46.221402111816765]}},{"type":"Feature","properties":{"bearing":263.589867948203,"junctionName":"45","roadName":"A13","TMC_LCD":1018,"carriage_ref":"a","TMC_coords":{"lat":46.2214,"lng":9.04449}},"geometry":{"type":"Point","coordinates":[9.044480759587783,46.221466772546236]}},{"type":"Feature","properties":{"bearing":357.8901733657043,"junctionName":"11","roadName":"A13","TMC_LCD":1018,"carriage_ref":"b","TMC_coords":{"lat":47.0378,"lng":9.46215}},"geometry":{"type":"Point","coordinates":[9.4629843,47.0378584]}},{"type":"Feature","properties":{"bearing":210.35007826747335,"junctionName":"11","roadName":"A13","TMC_LCD":1018,"carriage_ref":"a","TMC_coords":{"lat":47.0378,"lng":9.46215}},"geometry":{"type":"Point","coordinates":[9.461873931384607,47.03791440490311]}},{"type":"Feature","properties":{"bearing":15.547862065998038,"junctionName":"7","roadName":"A13","TMC_LCD":1018,"carriage_ref":"b","TMC_coords":{"lat":47.21035,"lng":9.49635}},"geometry":{"type":"Point","coordinates":[9.496559731414758,47.210310357285515]}},{"type":"Feature","properties":{"bearing":195.78377403944694,"junctionName":"7","roadName":"A13","TMC_LCD":1018,"carriage_ref":"a","TMC_coords":{"lat":47.21035,"lng":9.49635}},"geometry":{"type":"Point","coordinates":[9.496418487322828,47.21033684598358]}},{"type":"Feature","properties":{"bearing":21.6719187904762,"junctionName":"6","roadName":"A13","TMC_LCD":1018,"carriage_ref":"b","TMC_coords":{"lat":47.2431,"lng":9.51735}},"geometry":{"type":"Point","coordinates":[9.51716378951237,47.2431502475534]}},{"type":"Feature","properties":{"bearing":202.07773659429714,"junctionName":"6","roadName":"A13","TMC_LCD":1018,"carriage_ref":"a","TMC_coords":{"lat":47.2431,"lng":9.51735}},"geometry":{"type":"Point","coordinates":[9.517023110677332,47.24318602080464]}},{"type":"Feature","properties":{"bearing":340.6014188612751,"junctionName":"2","roadName":"A13","TMC_LCD":1018,"carriage_ref":"b","TMC_coords":{"lat":47.43073,"lng":9.64348}},"geometry":{"type":"Point","coordinates":[9.643505297275073,47.43073621986925]}},{"type":"Feature","properties":{"bearing":160.43259650607257,"junctionName":"2","roadName":"A13","TMC_LCD":1018,"carriage_ref":"a","TMC_coords":{"lat":47.43073,"lng":9.64348}},"geometry":{"type":"Point","coordinates":[9.643385316490095,47.43070744318779]}},{"type":"Feature","properties":{"bearing":60.61323324821665,"junctionName":"31","roadName":"A13","TMC_LCD":1018,"carriage_ref":"b","TMC_coords":{"lat":46.53069,"lng":9.2041}},"geometry":{"type":"Point","coordinates":[9.20412081942972,46.530655868818556]}},{"type":"Feature","properties":{"bearing":254.43529003008814,"junctionName":"31","roadName":"A13","TMC_LCD":1018,"carriage_ref":"a","TMC_coords":{"lat":46.53069,"lng":9.2041}},"geometry":{"type":"Point","coordinates":[9.204087116256682,46.530711121123076]}},{"type":"Feature","properties":{"bearing":18.352039721549776,"junctionName":"3","roadName":"A13","TMC_LCD":1018,"carriage_ref":"b","TMC_coords":{"lat":47.3915,"lng":9.64395}},"geometry":{"type":"Point","coordinates":[9.64390030077575,47.391511149335614]}},{"type":"Feature","properties":{"bearing":199.07706012741681,"junctionName":"3","roadName":"A13","TMC_LCD":1018,"carriage_ref":"a","TMC_coords":{"lat":47.3915,"lng":9.64395}},"geometry":{"type":"Point","coordinates":[9.643755927948963,47.39154542405534]}},{"type":"Feature","properties":{"bearing":49.722718499019166,"junctionName":"5","roadName":"A13","TMC_LCD":1018,"carriage_ref":"b","TMC_coords":{"lat":47.30777,"lng":9.5686}},"geometry":{"type":"Point","coordinates":[9.56867245332401,47.3077135188635]}},{"type":"Feature","properties":{"bearing":227.30479139356916,"junctionName":"5","roadName":"A13","TMC_LCD":1018,"carriage_ref":"a","TMC_coords":{"lat":47.30777,"lng":9.5686}},"geometry":{"type":"Point","coordinates":[9.56856764311321,47.307794999400635]}},{"type":"Feature","properties":{"bearing":68.85491446145286,"junctionName":"28","roadName":"A13","TMC_LCD":1018,"carriage_ref":"b","TMC_coords":{"lat":46.5505,"lng":9.32105}},"geometry":{"type":"Point","coordinates":[9.320855016781495,46.55083824325504]}},{"type":"Feature","properties":{"bearing":246.28236023188995,"junctionName":"28","roadName":"A13","TMC_LCD":1018,"carriage_ref":"a","TMC_coords":{"lat":46.5505,"lng":9.32105}},"geometry":{"type":"Point","coordinates":[9.320822952468772,46.55089387137185]}},{"type":"Feature","properties":{"bearing":331.1952385573291,"junctionName":"13","roadName":"A13","TMC_LCD":1018,"carriage_ref":"b","TMC_coords":{"lat":47.00145,"lng":9.52115}},"geometry":{"type":"Point","coordinates":[9.521214272644535,47.00147421315211]}},{"type":"Feature","properties":{"bearing":150.21958176322056,"junctionName":"13","roadName":"A13","TMC_LCD":1018,"carriage_ref":"a","TMC_coords":{"lat":47.00145,"lng":9.52115}},"geometry":{"type":"Point","coordinates":[9.521072283835274,47.00141967162397]}},{"type":"Feature","properties":{"bearing":27.69287048850578,"junctionName":"19","roadName":"A13","TMC_LCD":1018,"carriage_ref":"b","TMC_coords":{"lat":46.8209,"lng":9.4064}},"geometry":{"type":"Point","coordinates":[9.406492202047385,46.82087050655795]}},{"type":"Feature","properties":{"bearing":203.4536685698357,"junctionName":"19","roadName":"A13","TMC_LCD":1018,"carriage_ref":"a","TMC_coords":{"lat":46.8209,"lng":9.4064}},"geometry":{"type":"Point","coordinates":[9.40643164773239,46.82088987639522]}},{"type":"Feature","properties":{"bearing":334.65027224289366,"junctionName":"19","roadName":"A9","TMC_LCD":1016,"carriage_ref":"f","TMC_coords":{"lat":46.24634,"lng":6.99335}},"geometry":{"type":"Point","coordinates":[6.9934734357306025,46.24637860943554]}},{"type":"Feature","properties":{"bearing":155.81415946969153,"junctionName":"19","roadName":"A9","TMC_LCD":1016,"carriage_ref":"e","TMC_coords":{"lat":46.24634,"lng":6.99335}},"geometry":{"type":"Point","coordinates":[6.993332565807367,46.24633457515241]}},{"type":"Feature","properties":{"bearing":99.92052125740547,"junctionName":"19","roadName":"A9","TMC_LCD":1016,"carriage_ref":"i","TMC_coords":{"lat":46.24634,"lng":6.99335}},"geometry":{"type":"Point","coordinates":[7.8880874,46.2766187]}},{"type":"Feature","properties":{"bearing":231.3527420667626,"junctionName":"19","roadName":"A9","TMC_LCD":1016,"carriage_ref":"l","TMC_coords":{"lat":46.24634,"lng":6.99335}},"geometry":{"type":"Point","coordinates":[9.0354981,45.8394406]}},{"type":"Feature","properties":{"bearing":112.73092421808632,"junctionName":"19","roadName":"A9","TMC_LCD":1016,"carriage_ref":"g","TMC_coords":{"lat":46.24634,"lng":6.99335}},"geometry":{"type":"Point","coordinates":[7.6609209,46.3070187]}},{"type":"Feature","properties":{"bearing":51.87034117729904,"junctionName":"19","roadName":"A9","TMC_LCD":1016,"carriage_ref":"k","TMC_coords":{"lat":46.24634,"lng":6.99335}},"geometry":{"type":"Point","coordinates":[9.0350911,45.8390559]}},{"type":"Feature","properties":{"bearing":231.36639373162836,"junctionName":"19","roadName":"A9","TMC_LCD":1016,"carriage_ref":"j","TMC_coords":{"lat":46.24634,"lng":6.99335}},"geometry":{"type":"Point","coordinates":[7.9263135,46.296865]}},{"type":"Feature","properties":{"bearing":50.4021836215393,"junctionName":"19","roadName":"A9","TMC_LCD":1016,"carriage_ref":"c","TMC_coords":{"lat":46.24634,"lng":6.99335}},"geometry":{"type":"Point","coordinates":[6.501443,46.7342816]}},{"type":"Feature","properties":{"bearing":254.8064277169359,"junctionName":"19","roadName":"A9","TMC_LCD":1016,"carriage_ref":"h","TMC_coords":{"lat":46.24634,"lng":6.99335}},"geometry":{"type":"Point","coordinates":[7.6847522,46.3063674]}},{"type":"Feature","properties":{"bearing":246.12445962244152,"junctionName":"19","roadName":"A9","TMC_LCD":1016,"carriage_ref":"d","TMC_coords":{"lat":46.24634,"lng":6.99335}},"geometry":{"type":"Point","coordinates":[6.5084522,46.7399891]}},{"type":"Feature","properties":{"bearing":261.5624755126496,"junctionName":"19","roadName":"A9","TMC_LCD":1016,"carriage_ref":"b","TMC_coords":{"lat":46.24634,"lng":6.99335}},"geometry":{"type":"Point","coordinates":[6.4536437,46.7371893]}},{"type":"Feature","properties":{"bearing":91.9205474782274,"junctionName":"19","roadName":"A9","TMC_LCD":1016,"carriage_ref":"a","TMC_coords":{"lat":46.24634,"lng":6.99335}},"geometry":{"type":"Point","coordinates":[6.4484489,46.7372401]}},{"type":"Feature","properties":{"bearing":261.8225605552793,"junctionName":"1","roadName":"A9","TMC_LCD":1016,"carriage_ref":"f","TMC_coords":{"lat":46.72535,"lng":6.4028}},"geometry":{"type":"Point","coordinates":[6.5266862,46.7434879]}},{"type":"Feature","properties":{"bearing":80.61942009089552,"junctionName":"1","roadName":"A9","TMC_LCD":1016,"carriage_ref":"e","TMC_coords":{"lat":46.72535,"lng":6.4028}},"geometry":{"type":"Point","coordinates":[6.5238442,46.7430699]}},{"type":"Feature","properties":{"bearing":99.92052125740547,"junctionName":"1","roadName":"A9","TMC_LCD":1016,"carriage_ref":"i","TMC_coords":{"lat":46.72535,"lng":6.4028}},"geometry":{"type":"Point","coordinates":[7.8880874,46.2766187]}},{"type":"Feature","properties":{"bearing":195.82841698311336,"junctionName":"1","roadName":"A9","TMC_LCD":1016,"carriage_ref":"l","TMC_coords":{"lat":46.72535,"lng":6.4028}},"geometry":{"type":"Point","coordinates":[9.0362614,45.8406217]}},{"type":"Feature","properties":{"bearing":112.73092421808632,"junctionName":"1","roadName":"A9","TMC_LCD":1016,"carriage_ref":"g","TMC_coords":{"lat":46.72535,"lng":6.4028}},"geometry":{"type":"Point","coordinates":[7.6609209,46.3070187]}},{"type":"Feature","properties":{"bearing":51.87034117729904,"junctionName":"1","roadName":"A9","TMC_LCD":1016,"carriage_ref":"k","TMC_coords":{"lat":46.72535,"lng":6.4028}},"geometry":{"type":"Point","coordinates":[9.0350911,45.8390559]}},{"type":"Feature","properties":{"bearing":231.36639373162836,"junctionName":"1","roadName":"A9","TMC_LCD":1016,"carriage_ref":"j","TMC_coords":{"lat":46.72535,"lng":6.4028}},"geometry":{"type":"Point","coordinates":[7.9263135,46.296865]}},{"type":"Feature","properties":{"bearing":63.46155786061813,"junctionName":"1","roadName":"A9","TMC_LCD":1016,"carriage_ref":"c","TMC_coords":{"lat":46.72535,"lng":6.4028}},"geometry":{"type":"Point","coordinates":[6.4862926,46.7339551]}},{"type":"Feature","properties":{"bearing":254.8064277169359,"junctionName":"1","roadName":"A9","TMC_LCD":1016,"carriage_ref":"h","TMC_coords":{"lat":46.72535,"lng":6.4028}},"geometry":{"type":"Point","coordinates":[7.6847522,46.3063674]}},{"type":"Feature","properties":{"bearing":240.71055131684938,"junctionName":"1","roadName":"A9","TMC_LCD":1016,"carriage_ref":"d","TMC_coords":{"lat":46.72535,"lng":6.4028}},"geometry":{"type":"Point","coordinates":[6.5080064,46.7398638]}},{"type":"Feature","properties":{"bearing":253.94091798826724,"junctionName":"1","roadName":"A9","TMC_LCD":1016,"carriage_ref":"b","TMC_coords":{"lat":46.72535,"lng":6.4028}},"geometry":{"type":"Point","coordinates":[6.4472839,46.7372044]}},{"type":"Feature","properties":{"bearing":72.19885377843651,"junctionName":"1","roadName":"A9","TMC_LCD":1016,"carriage_ref":"a","TMC_coords":{"lat":46.72535,"lng":6.4028}},"geometry":{"type":"Point","coordinates":[6.4460205,46.7368678]}},{"type":"Feature","properties":{"bearing":229.44419243239122,"junctionName":"36","roadName":"A9","TMC_LCD":1016,"carriage_ref":"f","TMC_coords":{"lat":46.31726,"lng":8.01499}},"geometry":{"type":"Point","coordinates":[7.5621826,46.2896906]}},{"type":"Feature","properties":{"bearing":51.39633919485145,"junctionName":"36","roadName":"A9","TMC_LCD":1016,"carriage_ref":"e","TMC_coords":{"lat":46.31726,"lng":8.01499}},"geometry":{"type":"Point","coordinates":[7.557152,46.2871077]}},{"type":"Feature","properties":{"bearing":62.482499742297804,"junctionName":"36","roadName":"A9","TMC_LCD":1016,"carriage_ref":"i","TMC_coords":{"lat":46.31726,"lng":8.01499}},"geometry":{"type":"Point","coordinates":[7.9636969,46.3047793]}},{"type":"Feature","properties":{"bearing":195.82841698311336,"junctionName":"36","roadName":"A9","TMC_LCD":1016,"carriage_ref":"l","TMC_coords":{"lat":46.31726,"lng":8.01499}},"geometry":{"type":"Point","coordinates":[9.0362614,45.8406217]}},{"type":"Feature","properties":{"bearing":95.54474346129662,"junctionName":"36","roadName":"A9","TMC_LCD":1016,"carriage_ref":"g","TMC_coords":{"lat":46.31726,"lng":8.01499}},"geometry":{"type":"Point","coordinates":[7.7096584,46.3092321]}},{"type":"Feature","properties":{"bearing":51.87034117729904,"junctionName":"36","roadName":"A9","TMC_LCD":1016,"carriage_ref":"k","TMC_coords":{"lat":46.31726,"lng":8.01499}},"geometry":{"type":"Point","coordinates":[9.0350911,45.8390559]}},{"type":"Feature","properties":{"bearing":282.31815872734035,"junctionName":"36","roadName":"A9","TMC_LCD":1016,"carriage_ref":"j","TMC_coords":{"lat":46.31726,"lng":8.01499}},"geometry":{"type":"Point","coordinates":[7.9689207,46.3058499]}},{"type":"Feature","properties":{"bearing":50.94436701074474,"junctionName":"36","roadName":"A9","TMC_LCD":1016,"carriage_ref":"c","TMC_coords":{"lat":46.31726,"lng":8.01499}},"geometry":{"type":"Point","coordinates":[6.5060877,46.7388587]}},{"type":"Feature","properties":{"bearing":285.42328623905007,"junctionName":"36","roadName":"A9","TMC_LCD":1016,"carriage_ref":"h","TMC_coords":{"lat":46.31726,"lng":8.01499}},"geometry":{"type":"Point","coordinates":[7.73460029483,46.30606080903]}},{"type":"Feature","properties":{"bearing":246.12445962244152,"junctionName":"36","roadName":"A9","TMC_LCD":1016,"carriage_ref":"d","TMC_coords":{"lat":46.31726,"lng":8.01499}},"geometry":{"type":"Point","coordinates":[6.5084522,46.7399891]}},{"type":"Feature","properties":{"bearing":261.5624755126496,"junctionName":"36","roadName":"A9","TMC_LCD":1016,"carriage_ref":"b","TMC_coords":{"lat":46.31726,"lng":8.01499}},"geometry":{"type":"Point","coordinates":[6.4536437,46.7371893]}},{"type":"Feature","properties":{"bearing":91.9205474782274,"junctionName":"36","roadName":"A9","TMC_LCD":1016,"carriage_ref":"a","TMC_coords":{"lat":46.31726,"lng":8.01499}},"geometry":{"type":"Point","coordinates":[6.4484489,46.7372401]}},{"type":"Feature","properties":{"bearing":304.8763350043814,"junctionName":"9","roadName":"A9","TMC_LCD":1016,"carriage_ref":"f","TMC_coords":{"lat":46.5492,"lng":6.6262}},"geometry":{"type":"Point","coordinates":[6.626356790135101,46.5493536673995]}},{"type":"Feature","properties":{"bearing":125.86126646923663,"junctionName":"9","roadName":"A9","TMC_LCD":1016,"carriage_ref":"e","TMC_coords":{"lat":46.5492,"lng":6.6262}},"geometry":{"type":"Point","coordinates":[6.626258666848478,46.54925702891004]}},{"type":"Feature","properties":{"bearing":99.92052125740547,"junctionName":"9","roadName":"A9","TMC_LCD":1016,"carriage_ref":"i","TMC_coords":{"lat":46.5492,"lng":6.6262}},"geometry":{"type":"Point","coordinates":[7.8880874,46.2766187]}},{"type":"Feature","properties":{"bearing":231.3527420667626,"junctionName":"9","roadName":"A9","TMC_LCD":1016,"carriage_ref":"l","TMC_coords":{"lat":46.5492,"lng":6.6262}},"geometry":{"type":"Point","coordinates":[9.0354981,45.8394406]}},{"type":"Feature","properties":{"bearing":112.73092421808632,"junctionName":"9","roadName":"A9","TMC_LCD":1016,"carriage_ref":"g","TMC_coords":{"lat":46.5492,"lng":6.6262}},"geometry":{"type":"Point","coordinates":[7.6609209,46.3070187]}},{"type":"Feature","properties":{"bearing":51.87034117729904,"junctionName":"9","roadName":"A9","TMC_LCD":1016,"carriage_ref":"k","TMC_coords":{"lat":46.5492,"lng":6.6262}},"geometry":{"type":"Point","coordinates":[9.0350911,45.8390559]}},{"type":"Feature","properties":{"bearing":231.36639373162836,"junctionName":"9","roadName":"A9","TMC_LCD":1016,"carriage_ref":"j","TMC_coords":{"lat":46.5492,"lng":6.6262}},"geometry":{"type":"Point","coordinates":[7.9263135,46.296865]}},{"type":"Feature","properties":{"bearing":61.20663232208465,"junctionName":"9","roadName":"A9","TMC_LCD":1016,"carriage_ref":"c","TMC_coords":{"lat":46.5492,"lng":6.6262}},"geometry":{"type":"Point","coordinates":[6.5005885,46.7339364]}},{"type":"Feature","properties":{"bearing":254.8064277169359,"junctionName":"9","roadName":"A9","TMC_LCD":1016,"carriage_ref":"h","TMC_coords":{"lat":46.5492,"lng":6.6262}},"geometry":{"type":"Point","coordinates":[7.6847522,46.3063674]}},{"type":"Feature","properties":{"bearing":246.12445962244152,"junctionName":"9","roadName":"A9","TMC_LCD":1016,"carriage_ref":"d","TMC_coords":{"lat":46.5492,"lng":6.6262}},"geometry":{"type":"Point","coordinates":[6.5084522,46.7399891]}},{"type":"Feature","properties":{"bearing":261.5624755126496,"junctionName":"9","roadName":"A9","TMC_LCD":1016,"carriage_ref":"b","TMC_coords":{"lat":46.5492,"lng":6.6262}},"geometry":{"type":"Point","coordinates":[6.4536437,46.7371893]}},{"type":"Feature","properties":{"bearing":91.9205474782274,"junctionName":"9","roadName":"A9","TMC_LCD":1016,"carriage_ref":"a","TMC_coords":{"lat":46.5492,"lng":6.6262}},"geometry":{"type":"Point","coordinates":[6.4484489,46.7372401]}},{"type":"Feature","properties":{"bearing":229.44419243239122,"junctionName":"35","roadName":"A9","TMC_LCD":1016,"carriage_ref":"f","TMC_coords":{"lat":46.31097,"lng":8.00066}},"geometry":{"type":"Point","coordinates":[7.5621826,46.2896906]}},{"type":"Feature","properties":{"bearing":51.39633919485145,"junctionName":"35","roadName":"A9","TMC_LCD":1016,"carriage_ref":"e","TMC_coords":{"lat":46.31097,"lng":8.00066}},"geometry":{"type":"Point","coordinates":[7.557152,46.2871077]}},{"type":"Feature","properties":{"bearing":62.482499742297804,"junctionName":"35","roadName":"A9","TMC_LCD":1016,"carriage_ref":"i","TMC_coords":{"lat":46.31097,"lng":8.00066}},"geometry":{"type":"Point","coordinates":[7.9636969,46.3047793]}},{"type":"Feature","properties":{"bearing":195.82841698311336,"junctionName":"35","roadName":"A9","TMC_LCD":1016,"carriage_ref":"l","TMC_coords":{"lat":46.31097,"lng":8.00066}},"geometry":{"type":"Point","coordinates":[9.0362614,45.8406217]}},{"type":"Feature","properties":{"bearing":95.54474346129662,"junctionName":"35","roadName":"A9","TMC_LCD":1016,"carriage_ref":"g","TMC_coords":{"lat":46.31097,"lng":8.00066}},"geometry":{"type":"Point","coordinates":[7.7096584,46.3092321]}},{"type":"Feature","properties":{"bearing":51.87034117729904,"junctionName":"35","roadName":"A9","TMC_LCD":1016,"carriage_ref":"k","TMC_coords":{"lat":46.31097,"lng":8.00066}},"geometry":{"type":"Point","coordinates":[9.0350911,45.8390559]}},{"type":"Feature","properties":{"bearing":282.31815872734035,"junctionName":"35","roadName":"A9","TMC_LCD":1016,"carriage_ref":"j","TMC_coords":{"lat":46.31097,"lng":8.00066}},"geometry":{"type":"Point","coordinates":[7.9689207,46.3058499]}},{"type":"Feature","properties":{"bearing":50.94436701074474,"junctionName":"35","roadName":"A9","TMC_LCD":1016,"carriage_ref":"c","TMC_coords":{"lat":46.31097,"lng":8.00066}},"geometry":{"type":"Point","coordinates":[6.5060877,46.7388587]}},{"type":"Feature","properties":{"bearing":285.42328623905007,"junctionName":"35","roadName":"A9","TMC_LCD":1016,"carriage_ref":"h","TMC_coords":{"lat":46.31097,"lng":8.00066}},"geometry":{"type":"Point","coordinates":[7.73460029483,46.30606080903]}},{"type":"Feature","properties":{"bearing":246.12445962244152,"junctionName":"35","roadName":"A9","TMC_LCD":1016,"carriage_ref":"d","TMC_coords":{"lat":46.31097,"lng":8.00066}},"geometry":{"type":"Point","coordinates":[6.5084522,46.7399891]}},{"type":"Feature","properties":{"bearing":261.5624755126496,"junctionName":"35","roadName":"A9","TMC_LCD":1016,"carriage_ref":"b","TMC_coords":{"lat":46.31097,"lng":8.00066}},"geometry":{"type":"Point","coordinates":[6.4536437,46.7371893]}},{"type":"Feature","properties":{"bearing":91.9205474782274,"junctionName":"35","roadName":"A9","TMC_LCD":1016,"carriage_ref":"a","TMC_coords":{"lat":46.31097,"lng":8.00066}},"geometry":{"type":"Point","coordinates":[6.4484489,46.7372401]}},{"type":"Feature","properties":{"bearing":301.9786861400416,"junctionName":"13","roadName":"A9","TMC_LCD":1016,"carriage_ref":"f","TMC_coords":{"lat":46.48755,"lng":6.77085}},"geometry":{"type":"Point","coordinates":[6.770649601577063,46.487319339197484]}},{"type":"Feature","properties":{"bearing":121.00485604794603,"junctionName":"13","roadName":"A9","TMC_LCD":1016,"carriage_ref":"e","TMC_coords":{"lat":46.48755,"lng":6.77085}},"geometry":{"type":"Point","coordinates":[6.77057122032426,46.48722913969498]}},{"type":"Feature","properties":{"bearing":99.92052125740547,"junctionName":"13","roadName":"A9","TMC_LCD":1016,"carriage_ref":"i","TMC_coords":{"lat":46.48755,"lng":6.77085}},"geometry":{"type":"Point","coordinates":[7.8880874,46.2766187]}},{"type":"Feature","properties":{"bearing":231.3527420667626,"junctionName":"13","roadName":"A9","TMC_LCD":1016,"carriage_ref":"l","TMC_coords":{"lat":46.48755,"lng":6.77085}},"geometry":{"type":"Point","coordinates":[9.0354981,45.8394406]}},{"type":"Feature","properties":{"bearing":112.73092421808632,"junctionName":"13","roadName":"A9","TMC_LCD":1016,"carriage_ref":"g","TMC_coords":{"lat":46.48755,"lng":6.77085}},"geometry":{"type":"Point","coordinates":[7.6609209,46.3070187]}},{"type":"Feature","properties":{"bearing":51.87034117729904,"junctionName":"13","roadName":"A9","TMC_LCD":1016,"carriage_ref":"k","TMC_coords":{"lat":46.48755,"lng":6.77085}},"geometry":{"type":"Point","coordinates":[9.0350911,45.8390559]}},{"type":"Feature","properties":{"bearing":231.36639373162836,"junctionName":"13","roadName":"A9","TMC_LCD":1016,"carriage_ref":"j","TMC_coords":{"lat":46.48755,"lng":6.77085}},"geometry":{"type":"Point","coordinates":[7.9263135,46.296865]}},{"type":"Feature","properties":{"bearing":50.4021836215393,"junctionName":"13","roadName":"A9","TMC_LCD":1016,"carriage_ref":"c","TMC_coords":{"lat":46.48755,"lng":6.77085}},"geometry":{"type":"Point","coordinates":[6.501443,46.7342816]}},{"type":"Feature","properties":{"bearing":254.8064277169359,"junctionName":"13","roadName":"A9","TMC_LCD":1016,"carriage_ref":"h","TMC_coords":{"lat":46.48755,"lng":6.77085}},"geometry":{"type":"Point","coordinates":[7.6847522,46.3063674]}},{"type":"Feature","properties":{"bearing":246.12445962244152,"junctionName":"13","roadName":"A9","TMC_LCD":1016,"carriage_ref":"d","TMC_coords":{"lat":46.48755,"lng":6.77085}},"geometry":{"type":"Point","coordinates":[6.5084522,46.7399891]}},{"type":"Feature","properties":{"bearing":261.5624755126496,"junctionName":"13","roadName":"A9","TMC_LCD":1016,"carriage_ref":"b","TMC_coords":{"lat":46.48755,"lng":6.77085}},"geometry":{"type":"Point","coordinates":[6.4536437,46.7371893]}},{"type":"Feature","properties":{"bearing":91.9205474782274,"junctionName":"13","roadName":"A9","TMC_LCD":1016,"carriage_ref":"a","TMC_coords":{"lat":46.48755,"lng":6.77085}},"geometry":{"type":"Point","coordinates":[6.4484489,46.7372401]}},{"type":"Feature","properties":{"bearing":229.44419243239122,"junctionName":"29","roadName":"A9","TMC_LCD":1016,"carriage_ref":"f","TMC_coords":{"lat":46.29005,"lng":7.5622}},"geometry":{"type":"Point","coordinates":[7.5621826,46.2896906]}},{"type":"Feature","properties":{"bearing":51.39633919485145,"junctionName":"29","roadName":"A9","TMC_LCD":1016,"carriage_ref":"e","TMC_coords":{"lat":46.29005,"lng":7.5622}},"geometry":{"type":"Point","coordinates":[7.557152,46.2871077]}},{"type":"Feature","properties":{"bearing":99.92052125740547,"junctionName":"29","roadName":"A9","TMC_LCD":1016,"carriage_ref":"i","TMC_coords":{"lat":46.29005,"lng":7.5622}},"geometry":{"type":"Point","coordinates":[7.8880874,46.2766187]}},{"type":"Feature","properties":{"bearing":193.57421481257552,"junctionName":"29","roadName":"A9","TMC_LCD":1016,"carriage_ref":"l","TMC_coords":{"lat":46.29005,"lng":7.5622}},"geometry":{"type":"Point","coordinates":[9.0361984,45.840528]}},{"type":"Feature","properties":{"bearing":112.73092421808632,"junctionName":"29","roadName":"A9","TMC_LCD":1016,"carriage_ref":"g","TMC_coords":{"lat":46.29005,"lng":7.5622}},"geometry":{"type":"Point","coordinates":[7.6609209,46.3070187]}},{"type":"Feature","properties":{"bearing":51.87034117729904,"junctionName":"29","roadName":"A9","TMC_LCD":1016,"carriage_ref":"k","TMC_coords":{"lat":46.29005,"lng":7.5622}},"geometry":{"type":"Point","coordinates":[9.0350911,45.8390559]}},{"type":"Feature","properties":{"bearing":231.36639373162836,"junctionName":"29","roadName":"A9","TMC_LCD":1016,"carriage_ref":"j","TMC_coords":{"lat":46.29005,"lng":7.5622}},"geometry":{"type":"Point","coordinates":[7.9263135,46.296865]}},{"type":"Feature","properties":{"bearing":50.94436701074474,"junctionName":"29","roadName":"A9","TMC_LCD":1016,"carriage_ref":"c","TMC_coords":{"lat":46.29005,"lng":7.5622}},"geometry":{"type":"Point","coordinates":[6.5060877,46.7388587]}},{"type":"Feature","properties":{"bearing":254.8064277169359,"junctionName":"29","roadName":"A9","TMC_LCD":1016,"carriage_ref":"h","TMC_coords":{"lat":46.29005,"lng":7.5622}},"geometry":{"type":"Point","coordinates":[7.6847522,46.3063674]}},{"type":"Feature","properties":{"bearing":246.12445962244152,"junctionName":"29","roadName":"A9","TMC_LCD":1016,"carriage_ref":"d","TMC_coords":{"lat":46.29005,"lng":7.5622}},"geometry":{"type":"Point","coordinates":[6.5084522,46.7399891]}},{"type":"Feature","properties":{"bearing":261.5624755126496,"junctionName":"29","roadName":"A9","TMC_LCD":1016,"carriage_ref":"b","TMC_coords":{"lat":46.29005,"lng":7.5622}},"geometry":{"type":"Point","coordinates":[6.4536437,46.7371893]}},{"type":"Feature","properties":{"bearing":91.9205474782274,"junctionName":"29","roadName":"A9","TMC_LCD":1016,"carriage_ref":"a","TMC_coords":{"lat":46.29005,"lng":7.5622}},"geometry":{"type":"Point","coordinates":[6.4484489,46.7372401]}},{"type":"Feature","properties":{"bearing":229.44419243239122,"junctionName":"34","roadName":"A9","TMC_LCD":1016,"carriage_ref":"f","TMC_coords":{"lat":46.30581,"lng":7.96553}},"geometry":{"type":"Point","coordinates":[7.5621826,46.2896906]}},{"type":"Feature","properties":{"bearing":51.39633919485145,"junctionName":"34","roadName":"A9","TMC_LCD":1016,"carriage_ref":"e","TMC_coords":{"lat":46.30581,"lng":7.96553}},"geometry":{"type":"Point","coordinates":[7.557152,46.2871077]}},{"type":"Feature","properties":{"bearing":62.482499742297804,"junctionName":"34","roadName":"A9","TMC_LCD":1016,"carriage_ref":"i","TMC_coords":{"lat":46.30581,"lng":7.96553}},"geometry":{"type":"Point","coordinates":[7.9636969,46.3047793]}},{"type":"Feature","properties":{"bearing":195.82841698311336,"junctionName":"34","roadName":"A9","TMC_LCD":1016,"carriage_ref":"l","TMC_coords":{"lat":46.30581,"lng":7.96553}},"geometry":{"type":"Point","coordinates":[9.0362614,45.8406217]}},{"type":"Feature","properties":{"bearing":95.54474346129662,"junctionName":"34","roadName":"A9","TMC_LCD":1016,"carriage_ref":"g","TMC_coords":{"lat":46.30581,"lng":7.96553}},"geometry":{"type":"Point","coordinates":[7.7096584,46.3092321]}},{"type":"Feature","properties":{"bearing":51.87034117729904,"junctionName":"34","roadName":"A9","TMC_LCD":1016,"carriage_ref":"k","TMC_coords":{"lat":46.30581,"lng":7.96553}},"geometry":{"type":"Point","coordinates":[9.0350911,45.8390559]}},{"type":"Feature","properties":{"bearing":244.02221580503814,"junctionName":"34","roadName":"A9","TMC_LCD":1016,"carriage_ref":"j","TMC_coords":{"lat":46.30581,"lng":7.96553}},"geometry":{"type":"Point","coordinates":[7.965453202469834,46.3059761724422]}},{"type":"Feature","properties":{"bearing":50.94436701074474,"junctionName":"34","roadName":"A9","TMC_LCD":1016,"carriage_ref":"c","TMC_coords":{"lat":46.30581,"lng":7.96553}},"geometry":{"type":"Point","coordinates":[6.5060877,46.7388587]}},{"type":"Feature","properties":{"bearing":285.42328623905007,"junctionName":"34","roadName":"A9","TMC_LCD":1016,"carriage_ref":"h","TMC_coords":{"lat":46.30581,"lng":7.96553}},"geometry":{"type":"Point","coordinates":[7.73460029483,46.30606080903]}},{"type":"Feature","properties":{"bearing":246.12445962244152,"junctionName":"34","roadName":"A9","TMC_LCD":1016,"carriage_ref":"d","TMC_coords":{"lat":46.30581,"lng":7.96553}},"geometry":{"type":"Point","coordinates":[6.5084522,46.7399891]}},{"type":"Feature","properties":{"bearing":261.5624755126496,"junctionName":"34","roadName":"A9","TMC_LCD":1016,"carriage_ref":"b","TMC_coords":{"lat":46.30581,"lng":7.96553}},"geometry":{"type":"Point","coordinates":[6.4536437,46.7371893]}},{"type":"Feature","properties":{"bearing":91.9205474782274,"junctionName":"34","roadName":"A9","TMC_LCD":1016,"carriage_ref":"a","TMC_coords":{"lat":46.30581,"lng":7.96553}},"geometry":{"type":"Point","coordinates":[6.4484489,46.7372401]}},{"type":"Feature","properties":{"bearing":225.7936039150643,"junctionName":"27","roadName":"A9","TMC_LCD":1016,"carriage_ref":"f","TMC_coords":{"lat":46.2342,"lng":7.38115}},"geometry":{"type":"Point","coordinates":[7.380844509366218,46.23441724339027]}},{"type":"Feature","properties":{"bearing":45.90951193439376,"junctionName":"27","roadName":"A9","TMC_LCD":1016,"carriage_ref":"e","TMC_coords":{"lat":46.2342,"lng":7.38115}},"geometry":{"type":"Point","coordinates":[7.380948726723712,46.23434125916149]}},{"type":"Feature","properties":{"bearing":99.92052125740547,"junctionName":"27","roadName":"A9","TMC_LCD":1016,"carriage_ref":"i","TMC_coords":{"lat":46.2342,"lng":7.38115}},"geometry":{"type":"Point","coordinates":[7.8880874,46.2766187]}},{"type":"Feature","properties":{"bearing":231.3527420667626,"junctionName":"27","roadName":"A9","TMC_LCD":1016,"carriage_ref":"l","TMC_coords":{"lat":46.2342,"lng":7.38115}},"geometry":{"type":"Point","coordinates":[9.0354981,45.8394406]}},{"type":"Feature","properties":{"bearing":112.73092421808632,"junctionName":"27","roadName":"A9","TMC_LCD":1016,"carriage_ref":"g","TMC_coords":{"lat":46.2342,"lng":7.38115}},"geometry":{"type":"Point","coordinates":[7.6609209,46.3070187]}},{"type":"Feature","properties":{"bearing":51.87034117729904,"junctionName":"27","roadName":"A9","TMC_LCD":1016,"carriage_ref":"k","TMC_coords":{"lat":46.2342,"lng":7.38115}},"geometry":{"type":"Point","coordinates":[9.0350911,45.8390559]}},{"type":"Feature","properties":{"bearing":231.36639373162836,"junctionName":"27","roadName":"A9","TMC_LCD":1016,"carriage_ref":"j","TMC_coords":{"lat":46.2342,"lng":7.38115}},"geometry":{"type":"Point","coordinates":[7.9263135,46.296865]}},{"type":"Feature","properties":{"bearing":36.64904891529376,"junctionName":"27","roadName":"A9","TMC_LCD":1016,"carriage_ref":"c","TMC_coords":{"lat":46.2342,"lng":7.38115}},"geometry":{"type":"Point","coordinates":[6.502371,46.7348686]}},{"type":"Feature","properties":{"bearing":254.8064277169359,"junctionName":"27","roadName":"A9","TMC_LCD":1016,"carriage_ref":"h","TMC_coords":{"lat":46.2342,"lng":7.38115}},"geometry":{"type":"Point","coordinates":[7.6847522,46.3063674]}},{"type":"Feature","properties":{"bearing":246.12445962244152,"junctionName":"27","roadName":"A9","TMC_LCD":1016,"carriage_ref":"d","TMC_coords":{"lat":46.2342,"lng":7.38115}},"geometry":{"type":"Point","coordinates":[6.5084522,46.7399891]}},{"type":"Feature","properties":{"bearing":261.5624755126496,"junctionName":"27","roadName":"A9","TMC_LCD":1016,"carriage_ref":"b","TMC_coords":{"lat":46.2342,"lng":7.38115}},"geometry":{"type":"Point","coordinates":[6.4536437,46.7371893]}},{"type":"Feature","properties":{"bearing":91.9205474782274,"junctionName":"27","roadName":"A9","TMC_LCD":1016,"carriage_ref":"a","TMC_coords":{"lat":46.2342,"lng":7.38115}},"geometry":{"type":"Point","coordinates":[6.4484489,46.7372401]}},{"type":"Feature","properties":{"bearing":227.1530737482216,"junctionName":"23","roadName":"A9","TMC_LCD":1016,"carriage_ref":"f","TMC_coords":{"lat":46.1465,"lng":7.15115}},"geometry":{"type":"Point","coordinates":[7.150791539423516,46.14676774097499]}},{"type":"Feature","properties":{"bearing":47.25689547838969,"junctionName":"23","roadName":"A9","TMC_LCD":1016,"carriage_ref":"e","TMC_coords":{"lat":46.1465,"lng":7.15115}},"geometry":{"type":"Point","coordinates":[7.150897871796637,46.14668897894211]}},{"type":"Feature","properties":{"bearing":99.92052125740547,"junctionName":"23","roadName":"A9","TMC_LCD":1016,"carriage_ref":"i","TMC_coords":{"lat":46.1465,"lng":7.15115}},"geometry":{"type":"Point","coordinates":[7.8880874,46.2766187]}},{"type":"Feature","properties":{"bearing":231.3527420667626,"junctionName":"23","roadName":"A9","TMC_LCD":1016,"carriage_ref":"l","TMC_coords":{"lat":46.1465,"lng":7.15115}},"geometry":{"type":"Point","coordinates":[9.0354981,45.8394406]}},{"type":"Feature","properties":{"bearing":112.73092421808632,"junctionName":"23","roadName":"A9","TMC_LCD":1016,"carriage_ref":"g","TMC_coords":{"lat":46.1465,"lng":7.15115}},"geometry":{"type":"Point","coordinates":[7.6609209,46.3070187]}},{"type":"Feature","properties":{"bearing":51.87034117729904,"junctionName":"23","roadName":"A9","TMC_LCD":1016,"carriage_ref":"k","TMC_coords":{"lat":46.1465,"lng":7.15115}},"geometry":{"type":"Point","coordinates":[9.0350911,45.8390559]}},{"type":"Feature","properties":{"bearing":231.36639373162836,"junctionName":"23","roadName":"A9","TMC_LCD":1016,"carriage_ref":"j","TMC_coords":{"lat":46.1465,"lng":7.15115}},"geometry":{"type":"Point","coordinates":[7.9263135,46.296865]}},{"type":"Feature","properties":{"bearing":48.23327660145687,"junctionName":"23","roadName":"A9","TMC_LCD":1016,"carriage_ref":"c","TMC_coords":{"lat":46.1465,"lng":7.15115}},"geometry":{"type":"Point","coordinates":[6.5015974,46.7343614]}},{"type":"Feature","properties":{"bearing":254.8064277169359,"junctionName":"23","roadName":"A9","TMC_LCD":1016,"carriage_ref":"h","TMC_coords":{"lat":46.1465,"lng":7.15115}},"geometry":{"type":"Point","coordinates":[7.6847522,46.3063674]}},{"type":"Feature","properties":{"bearing":246.12445962244152,"junctionName":"23","roadName":"A9","TMC_LCD":1016,"carriage_ref":"d","TMC_coords":{"lat":46.1465,"lng":7.15115}},"geometry":{"type":"Point","coordinates":[6.5084522,46.7399891]}},{"type":"Feature","properties":{"bearing":261.5624755126496,"junctionName":"23","roadName":"A9","TMC_LCD":1016,"carriage_ref":"b","TMC_coords":{"lat":46.1465,"lng":7.15115}},"geometry":{"type":"Point","coordinates":[6.4536437,46.7371893]}},{"type":"Feature","properties":{"bearing":91.9205474782274,"junctionName":"23","roadName":"A9","TMC_LCD":1016,"carriage_ref":"a","TMC_coords":{"lat":46.1465,"lng":7.15115}},"geometry":{"type":"Point","coordinates":[6.4484489,46.7372401]}},{"type":"Feature","properties":{"bearing":229.44419243239122,"junctionName":"33a","roadName":"A9","TMC_LCD":1016,"carriage_ref":"f","TMC_coords":{"lat":46.2778,"lng":7.88265}},"geometry":{"type":"Point","coordinates":[7.5621826,46.2896906]}},{"type":"Feature","properties":{"bearing":51.39633919485145,"junctionName":"33a","roadName":"A9","TMC_LCD":1016,"carriage_ref":"e","TMC_coords":{"lat":46.2778,"lng":7.88265}},"geometry":{"type":"Point","coordinates":[7.557152,46.2871077]}},{"type":"Feature","properties":{"bearing":99.92052125740547,"junctionName":"33a","roadName":"A9","TMC_LCD":1016,"carriage_ref":"i","TMC_coords":{"lat":46.2778,"lng":7.88265}},"geometry":{"type":"Point","coordinates":[7.8880874,46.2766187]}},{"type":"Feature","properties":{"bearing":195.82841698311336,"junctionName":"33a","roadName":"A9","TMC_LCD":1016,"carriage_ref":"l","TMC_coords":{"lat":46.2778,"lng":7.88265}},"geometry":{"type":"Point","coordinates":[9.0362614,45.8406217]}},{"type":"Feature","properties":{"bearing":95.54474346129662,"junctionName":"33a","roadName":"A9","TMC_LCD":1016,"carriage_ref":"g","TMC_coords":{"lat":46.2778,"lng":7.88265}},"geometry":{"type":"Point","coordinates":[7.7096584,46.3092321]}},{"type":"Feature","properties":{"bearing":51.87034117729904,"junctionName":"33a","roadName":"A9","TMC_LCD":1016,"carriage_ref":"k","TMC_coords":{"lat":46.2778,"lng":7.88265}},"geometry":{"type":"Point","coordinates":[9.0350911,45.8390559]}},{"type":"Feature","properties":{"bearing":231.36639373162836,"junctionName":"33a","roadName":"A9","TMC_LCD":1016,"carriage_ref":"j","TMC_coords":{"lat":46.2778,"lng":7.88265}},"geometry":{"type":"Point","coordinates":[7.9263135,46.296865]}},{"type":"Feature","properties":{"bearing":50.94436701074474,"junctionName":"33a","roadName":"A9","TMC_LCD":1016,"carriage_ref":"c","TMC_coords":{"lat":46.2778,"lng":7.88265}},"geometry":{"type":"Point","coordinates":[6.5060877,46.7388587]}},{"type":"Feature","properties":{"bearing":285.42328623905007,"junctionName":"33a","roadName":"A9","TMC_LCD":1016,"carriage_ref":"h","TMC_coords":{"lat":46.2778,"lng":7.88265}},"geometry":{"type":"Point","coordinates":[7.73460029483,46.30606080903]}},{"type":"Feature","properties":{"bearing":246.12445962244152,"junctionName":"33a","roadName":"A9","TMC_LCD":1016,"carriage_ref":"d","TMC_coords":{"lat":46.2778,"lng":7.88265}},"geometry":{"type":"Point","coordinates":[6.5084522,46.7399891]}},{"type":"Feature","properties":{"bearing":261.5624755126496,"junctionName":"33a","roadName":"A9","TMC_LCD":1016,"carriage_ref":"b","TMC_coords":{"lat":46.2778,"lng":7.88265}},"geometry":{"type":"Point","coordinates":[6.4536437,46.7371893]}},{"type":"Feature","properties":{"bearing":91.9205474782274,"junctionName":"33a","roadName":"A9","TMC_LCD":1016,"carriage_ref":"a","TMC_coords":{"lat":46.2778,"lng":7.88265}},"geometry":{"type":"Point","coordinates":[6.4484489,46.7372401]}},{"type":"Feature","properties":{"bearing":327.12773777552565,"junctionName":"20","roadName":"A9","TMC_LCD":1016,"carriage_ref":"f","TMC_coords":{"lat":46.20105,"lng":7.0152}},"geometry":{"type":"Point","coordinates":[7.01505989803082,46.20098732957947]}},{"type":"Feature","properties":{"bearing":146.68965750483483,"junctionName":"20","roadName":"A9","TMC_LCD":1016,"carriage_ref":"e","TMC_coords":{"lat":46.20105,"lng":7.0152}},"geometry":{"type":"Point","coordinates":[7.014920708640987,46.200922963324224]}},{"type":"Feature","properties":{"bearing":99.92052125740547,"junctionName":"20","roadName":"A9","TMC_LCD":1016,"carriage_ref":"i","TMC_coords":{"lat":46.20105,"lng":7.0152}},"geometry":{"type":"Point","coordinates":[7.8880874,46.2766187]}},{"type":"Feature","properties":{"bearing":231.3527420667626,"junctionName":"20","roadName":"A9","TMC_LCD":1016,"carriage_ref":"l","TMC_coords":{"lat":46.20105,"lng":7.0152}},"geometry":{"type":"Point","coordinates":[9.0354981,45.8394406]}},{"type":"Feature","properties":{"bearing":112.73092421808632,"junctionName":"20","roadName":"A9","TMC_LCD":1016,"carriage_ref":"g","TMC_coords":{"lat":46.20105,"lng":7.0152}},"geometry":{"type":"Point","coordinates":[7.6609209,46.3070187]}},{"type":"Feature","properties":{"bearing":51.87034117729904,"junctionName":"20","roadName":"A9","TMC_LCD":1016,"carriage_ref":"k","TMC_coords":{"lat":46.20105,"lng":7.0152}},"geometry":{"type":"Point","coordinates":[9.0350911,45.8390559]}},{"type":"Feature","properties":{"bearing":231.36639373162836,"junctionName":"20","roadName":"A9","TMC_LCD":1016,"carriage_ref":"j","TMC_coords":{"lat":46.20105,"lng":7.0152}},"geometry":{"type":"Point","coordinates":[7.9263135,46.296865]}},{"type":"Feature","properties":{"bearing":52.72154696738503,"junctionName":"20","roadName":"A9","TMC_LCD":1016,"carriage_ref":"c","TMC_coords":{"lat":46.20105,"lng":7.0152}},"geometry":{"type":"Point","coordinates":[6.5012779,46.7342034]}},{"type":"Feature","properties":{"bearing":254.8064277169359,"junctionName":"20","roadName":"A9","TMC_LCD":1016,"carriage_ref":"h","TMC_coords":{"lat":46.20105,"lng":7.0152}},"geometry":{"type":"Point","coordinates":[7.6847522,46.3063674]}},{"type":"Feature","properties":{"bearing":246.12445962244152,"junctionName":"20","roadName":"A9","TMC_LCD":1016,"carriage_ref":"d","TMC_coords":{"lat":46.20105,"lng":7.0152}},"geometry":{"type":"Point","coordinates":[6.5084522,46.7399891]}},{"type":"Feature","properties":{"bearing":261.5624755126496,"junctionName":"20","roadName":"A9","TMC_LCD":1016,"carriage_ref":"b","TMC_coords":{"lat":46.20105,"lng":7.0152}},"geometry":{"type":"Point","coordinates":[6.4536437,46.7371893]}},{"type":"Feature","properties":{"bearing":91.9205474782274,"junctionName":"20","roadName":"A9","TMC_LCD":1016,"carriage_ref":"a","TMC_coords":{"lat":46.20105,"lng":7.0152}},"geometry":{"type":"Point","coordinates":[6.4484489,46.7372401]}},{"type":"Feature","properties":{"bearing":229.44419243239122,"junctionName":"31","roadName":"A9","TMC_LCD":1016,"carriage_ref":"f","TMC_coords":{"lat":46.30508,"lng":7.73952}},"geometry":{"type":"Point","coordinates":[7.5621826,46.2896906]}},{"type":"Feature","properties":{"bearing":51.39633919485145,"junctionName":"31","roadName":"A9","TMC_LCD":1016,"carriage_ref":"e","TMC_coords":{"lat":46.30508,"lng":7.73952}},"geometry":{"type":"Point","coordinates":[7.557152,46.2871077]}},{"type":"Feature","properties":{"bearing":99.92052125740547,"junctionName":"31","roadName":"A9","TMC_LCD":1016,"carriage_ref":"i","TMC_coords":{"lat":46.30508,"lng":7.73952}},"geometry":{"type":"Point","coordinates":[7.8880874,46.2766187]}},{"type":"Feature","properties":{"bearing":195.82841698311336,"junctionName":"31","roadName":"A9","TMC_LCD":1016,"carriage_ref":"l","TMC_coords":{"lat":46.30508,"lng":7.73952}},"geometry":{"type":"Point","coordinates":[9.0362614,45.8406217]}},{"type":"Feature","properties":{"bearing":95.54474346129662,"junctionName":"31","roadName":"A9","TMC_LCD":1016,"carriage_ref":"g","TMC_coords":{"lat":46.30508,"lng":7.73952}},"geometry":{"type":"Point","coordinates":[7.7096584,46.3092321]}},{"type":"Feature","properties":{"bearing":51.87034117729904,"junctionName":"31","roadName":"A9","TMC_LCD":1016,"carriage_ref":"k","TMC_coords":{"lat":46.30508,"lng":7.73952}},"geometry":{"type":"Point","coordinates":[9.0350911,45.8390559]}},{"type":"Feature","properties":{"bearing":231.36639373162836,"junctionName":"31","roadName":"A9","TMC_LCD":1016,"carriage_ref":"j","TMC_coords":{"lat":46.30508,"lng":7.73952}},"geometry":{"type":"Point","coordinates":[7.9263135,46.296865]}},{"type":"Feature","properties":{"bearing":50.94436701074474,"junctionName":"31","roadName":"A9","TMC_LCD":1016,"carriage_ref":"c","TMC_coords":{"lat":46.30508,"lng":7.73952}},"geometry":{"type":"Point","coordinates":[6.5060877,46.7388587]}},{"type":"Feature","properties":{"bearing":285.42328623905007,"junctionName":"31","roadName":"A9","TMC_LCD":1016,"carriage_ref":"h","TMC_coords":{"lat":46.30508,"lng":7.73952}},"geometry":{"type":"Point","coordinates":[7.73460029483,46.30606080903]}},{"type":"Feature","properties":{"bearing":246.12445962244152,"junctionName":"31","roadName":"A9","TMC_LCD":1016,"carriage_ref":"d","TMC_coords":{"lat":46.30508,"lng":7.73952}},"geometry":{"type":"Point","coordinates":[6.5084522,46.7399891]}},{"type":"Feature","properties":{"bearing":261.5624755126496,"junctionName":"31","roadName":"A9","TMC_LCD":1016,"carriage_ref":"b","TMC_coords":{"lat":46.30508,"lng":7.73952}},"geometry":{"type":"Point","coordinates":[6.4536437,46.7371893]}},{"type":"Feature","properties":{"bearing":91.9205474782274,"junctionName":"31","roadName":"A9","TMC_LCD":1016,"carriage_ref":"a","TMC_coords":{"lat":46.30508,"lng":7.73952}},"geometry":{"type":"Point","coordinates":[6.4484489,46.7372401]}},{"type":"Feature","properties":{"bearing":300.33515269306986,"junctionName":"10","roadName":"A9","TMC_LCD":1016,"carriage_ref":"f","TMC_coords":{"lat":46.54064,"lng":6.65385}},"geometry":{"type":"Point","coordinates":[6.653946914552874,46.5407530188375]}},{"type":"Feature","properties":{"bearing":120.36733422326154,"junctionName":"10","roadName":"A9","TMC_LCD":1016,"carriage_ref":"e","TMC_coords":{"lat":46.54064,"lng":6.65385}},"geometry":{"type":"Point","coordinates":[6.653865073869541,46.54065764931494]}},{"type":"Feature","properties":{"bearing":99.92052125740547,"junctionName":"10","roadName":"A9","TMC_LCD":1016,"carriage_ref":"i","TMC_coords":{"lat":46.54064,"lng":6.65385}},"geometry":{"type":"Point","coordinates":[7.8880874,46.2766187]}},{"type":"Feature","properties":{"bearing":231.3527420667626,"junctionName":"10","roadName":"A9","TMC_LCD":1016,"carriage_ref":"l","TMC_coords":{"lat":46.54064,"lng":6.65385}},"geometry":{"type":"Point","coordinates":[9.0354981,45.8394406]}},{"type":"Feature","properties":{"bearing":112.73092421808632,"junctionName":"10","roadName":"A9","TMC_LCD":1016,"carriage_ref":"g","TMC_coords":{"lat":46.54064,"lng":6.65385}},"geometry":{"type":"Point","coordinates":[7.6609209,46.3070187]}},{"type":"Feature","properties":{"bearing":51.87034117729904,"junctionName":"10","roadName":"A9","TMC_LCD":1016,"carriage_ref":"k","TMC_coords":{"lat":46.54064,"lng":6.65385}},"geometry":{"type":"Point","coordinates":[9.0350911,45.8390559]}},{"type":"Feature","properties":{"bearing":231.36639373162836,"junctionName":"10","roadName":"A9","TMC_LCD":1016,"carriage_ref":"j","TMC_coords":{"lat":46.54064,"lng":6.65385}},"geometry":{"type":"Point","coordinates":[7.9263135,46.296865]}},{"type":"Feature","properties":{"bearing":58.89534517815119,"junctionName":"10","roadName":"A9","TMC_LCD":1016,"carriage_ref":"c","TMC_coords":{"lat":46.54064,"lng":6.65385}},"geometry":{"type":"Point","coordinates":[6.5007715,46.7339973]}},{"type":"Feature","properties":{"bearing":254.8064277169359,"junctionName":"10","roadName":"A9","TMC_LCD":1016,"carriage_ref":"h","TMC_coords":{"lat":46.54064,"lng":6.65385}},"geometry":{"type":"Point","coordinates":[7.6847522,46.3063674]}},{"type":"Feature","properties":{"bearing":246.12445962244152,"junctionName":"10","roadName":"A9","TMC_LCD":1016,"carriage_ref":"d","TMC_coords":{"lat":46.54064,"lng":6.65385}},"geometry":{"type":"Point","coordinates":[6.5084522,46.7399891]}},{"type":"Feature","properties":{"bearing":261.5624755126496,"junctionName":"10","roadName":"A9","TMC_LCD":1016,"carriage_ref":"b","TMC_coords":{"lat":46.54064,"lng":6.65385}},"geometry":{"type":"Point","coordinates":[6.4536437,46.7371893]}},{"type":"Feature","properties":{"bearing":91.9205474782274,"junctionName":"10","roadName":"A9","TMC_LCD":1016,"carriage_ref":"a","TMC_coords":{"lat":46.54064,"lng":6.65385}},"geometry":{"type":"Point","coordinates":[6.4484489,46.7372401]}},{"type":"Feature","properties":{"bearing":261.8225605552793,"junctionName":"2","roadName":"A9","TMC_LCD":1016,"carriage_ref":"f","TMC_coords":{"lat":46.73316,"lng":6.4842}},"geometry":{"type":"Point","coordinates":[6.5266862,46.7434879]}},{"type":"Feature","properties":{"bearing":80.61942009089552,"junctionName":"2","roadName":"A9","TMC_LCD":1016,"carriage_ref":"e","TMC_coords":{"lat":46.73316,"lng":6.4842}},"geometry":{"type":"Point","coordinates":[6.5238442,46.7430699]}},{"type":"Feature","properties":{"bearing":99.92052125740547,"junctionName":"2","roadName":"A9","TMC_LCD":1016,"carriage_ref":"i","TMC_coords":{"lat":46.73316,"lng":6.4842}},"geometry":{"type":"Point","coordinates":[7.8880874,46.2766187]}},{"type":"Feature","properties":{"bearing":195.82841698311336,"junctionName":"2","roadName":"A9","TMC_LCD":1016,"carriage_ref":"l","TMC_coords":{"lat":46.73316,"lng":6.4842}},"geometry":{"type":"Point","coordinates":[9.0362614,45.8406217]}},{"type":"Feature","properties":{"bearing":112.73092421808632,"junctionName":"2","roadName":"A9","TMC_LCD":1016,"carriage_ref":"g","TMC_coords":{"lat":46.73316,"lng":6.4842}},"geometry":{"type":"Point","coordinates":[7.6609209,46.3070187]}},{"type":"Feature","properties":{"bearing":51.87034117729904,"junctionName":"2","roadName":"A9","TMC_LCD":1016,"carriage_ref":"k","TMC_coords":{"lat":46.73316,"lng":6.4842}},"geometry":{"type":"Point","coordinates":[9.0350911,45.8390559]}},{"type":"Feature","properties":{"bearing":231.36639373162836,"junctionName":"2","roadName":"A9","TMC_LCD":1016,"carriage_ref":"j","TMC_coords":{"lat":46.73316,"lng":6.4842}},"geometry":{"type":"Point","coordinates":[7.9263135,46.296865]}},{"type":"Feature","properties":{"bearing":63.46155786061813,"junctionName":"2","roadName":"A9","TMC_LCD":1016,"carriage_ref":"c","TMC_coords":{"lat":46.73316,"lng":6.4842}},"geometry":{"type":"Point","coordinates":[6.4862926,46.7339551]}},{"type":"Feature","properties":{"bearing":254.8064277169359,"junctionName":"2","roadName":"A9","TMC_LCD":1016,"carriage_ref":"h","TMC_coords":{"lat":46.73316,"lng":6.4842}},"geometry":{"type":"Point","coordinates":[7.6847522,46.3063674]}},{"type":"Feature","properties":{"bearing":240.71055131684938,"junctionName":"2","roadName":"A9","TMC_LCD":1016,"carriage_ref":"d","TMC_coords":{"lat":46.73316,"lng":6.4842}},"geometry":{"type":"Point","coordinates":[6.5080064,46.7398638]}},{"type":"Feature","properties":{"bearing":261.5624755126496,"junctionName":"2","roadName":"A9","TMC_LCD":1016,"carriage_ref":"b","TMC_coords":{"lat":46.73316,"lng":6.4842}},"geometry":{"type":"Point","coordinates":[6.4536437,46.7371893]}},{"type":"Feature","properties":{"bearing":91.9205474782274,"junctionName":"2","roadName":"A9","TMC_LCD":1016,"carriage_ref":"a","TMC_coords":{"lat":46.73316,"lng":6.4842}},"geometry":{"type":"Point","coordinates":[6.4484489,46.7372401]}},{"type":"Feature","properties":{"bearing":331.5931662727162,"junctionName":"19","roadName":"A9","TMC_LCD":1016,"carriage_ref":"f","TMC_coords":{"lat":46.23375,"lng":7.00238}},"geometry":{"type":"Point","coordinates":[7.002494322765525,46.23379017331103]}},{"type":"Feature","properties":{"bearing":153.97715687775442,"junctionName":"19","roadName":"A9","TMC_LCD":1016,"carriage_ref":"e","TMC_coords":{"lat":46.23375,"lng":7.00238}},"geometry":{"type":"Point","coordinates":[7.002354076653887,46.23374109249503]}},{"type":"Feature","properties":{"bearing":99.92052125740547,"junctionName":"19","roadName":"A9","TMC_LCD":1016,"carriage_ref":"i","TMC_coords":{"lat":46.23375,"lng":7.00238}},"geometry":{"type":"Point","coordinates":[7.8880874,46.2766187]}},{"type":"Feature","properties":{"bearing":231.3527420667626,"junctionName":"19","roadName":"A9","TMC_LCD":1016,"carriage_ref":"l","TMC_coords":{"lat":46.23375,"lng":7.00238}},"geometry":{"type":"Point","coordinates":[9.0354981,45.8394406]}},{"type":"Feature","properties":{"bearing":112.73092421808632,"junctionName":"19","roadName":"A9","TMC_LCD":1016,"carriage_ref":"g","TMC_coords":{"lat":46.23375,"lng":7.00238}},"geometry":{"type":"Point","coordinates":[7.6609209,46.3070187]}},{"type":"Feature","properties":{"bearing":51.87034117729904,"junctionName":"19","roadName":"A9","TMC_LCD":1016,"carriage_ref":"k","TMC_coords":{"lat":46.23375,"lng":7.00238}},"geometry":{"type":"Point","coordinates":[9.0350911,45.8390559]}},{"type":"Feature","properties":{"bearing":231.36639373162836,"junctionName":"19","roadName":"A9","TMC_LCD":1016,"carriage_ref":"j","TMC_coords":{"lat":46.23375,"lng":7.00238}},"geometry":{"type":"Point","coordinates":[7.9263135,46.296865]}},{"type":"Feature","properties":{"bearing":50.4021836215393,"junctionName":"19","roadName":"A9","TMC_LCD":1016,"carriage_ref":"c","TMC_coords":{"lat":46.23375,"lng":7.00238}},"geometry":{"type":"Point","coordinates":[6.501443,46.7342816]}},{"type":"Feature","properties":{"bearing":254.8064277169359,"junctionName":"19","roadName":"A9","TMC_LCD":1016,"carriage_ref":"h","TMC_coords":{"lat":46.23375,"lng":7.00238}},"geometry":{"type":"Point","coordinates":[7.6847522,46.3063674]}},{"type":"Feature","properties":{"bearing":246.12445962244152,"junctionName":"19","roadName":"A9","TMC_LCD":1016,"carriage_ref":"d","TMC_coords":{"lat":46.23375,"lng":7.00238}},"geometry":{"type":"Point","coordinates":[6.5084522,46.7399891]}},{"type":"Feature","properties":{"bearing":261.5624755126496,"junctionName":"19","roadName":"A9","TMC_LCD":1016,"carriage_ref":"b","TMC_coords":{"lat":46.23375,"lng":7.00238}},"geometry":{"type":"Point","coordinates":[6.4536437,46.7371893]}},{"type":"Feature","properties":{"bearing":91.9205474782274,"junctionName":"19","roadName":"A9","TMC_LCD":1016,"carriage_ref":"a","TMC_coords":{"lat":46.23375,"lng":7.00238}},"geometry":{"type":"Point","coordinates":[6.4484489,46.7372401]}},{"type":"Feature","properties":{"bearing":237.20177848921463,"junctionName":"28","roadName":"A9","TMC_LCD":1016,"carriage_ref":"f","TMC_coords":{"lat":46.27947,"lng":7.51445}},"geometry":{"type":"Point","coordinates":[7.514399683340201,46.27952394766045]}},{"type":"Feature","properties":{"bearing":57.28915258703519,"junctionName":"28","roadName":"A9","TMC_LCD":1016,"carriage_ref":"e","TMC_coords":{"lat":46.27947,"lng":7.51445}},"geometry":{"type":"Point","coordinates":[7.5144839863315775,46.279433404876144]}},{"type":"Feature","properties":{"bearing":99.92052125740547,"junctionName":"28","roadName":"A9","TMC_LCD":1016,"carriage_ref":"i","TMC_coords":{"lat":46.27947,"lng":7.51445}},"geometry":{"type":"Point","coordinates":[7.8880874,46.2766187]}},{"type":"Feature","properties":{"bearing":231.3527420667626,"junctionName":"28","roadName":"A9","TMC_LCD":1016,"carriage_ref":"l","TMC_coords":{"lat":46.27947,"lng":7.51445}},"geometry":{"type":"Point","coordinates":[9.0354981,45.8394406]}},{"type":"Feature","properties":{"bearing":112.73092421808632,"junctionName":"28","roadName":"A9","TMC_LCD":1016,"carriage_ref":"g","TMC_coords":{"lat":46.27947,"lng":7.51445}},"geometry":{"type":"Point","coordinates":[7.6609209,46.3070187]}},{"type":"Feature","properties":{"bearing":51.87034117729904,"junctionName":"28","roadName":"A9","TMC_LCD":1016,"carriage_ref":"k","TMC_coords":{"lat":46.27947,"lng":7.51445}},"geometry":{"type":"Point","coordinates":[9.0350911,45.8390559]}},{"type":"Feature","properties":{"bearing":231.36639373162836,"junctionName":"28","roadName":"A9","TMC_LCD":1016,"carriage_ref":"j","TMC_coords":{"lat":46.27947,"lng":7.51445}},"geometry":{"type":"Point","coordinates":[7.9263135,46.296865]}},{"type":"Feature","properties":{"bearing":30.476442192737668,"junctionName":"28","roadName":"A9","TMC_LCD":1016,"carriage_ref":"c","TMC_coords":{"lat":46.27947,"lng":7.51445}},"geometry":{"type":"Point","coordinates":[6.5027833,46.7352503]}},{"type":"Feature","properties":{"bearing":254.8064277169359,"junctionName":"28","roadName":"A9","TMC_LCD":1016,"carriage_ref":"h","TMC_coords":{"lat":46.27947,"lng":7.51445}},"geometry":{"type":"Point","coordinates":[7.6847522,46.3063674]}},{"type":"Feature","properties":{"bearing":246.12445962244152,"junctionName":"28","roadName":"A9","TMC_LCD":1016,"carriage_ref":"d","TMC_coords":{"lat":46.27947,"lng":7.51445}},"geometry":{"type":"Point","coordinates":[6.5084522,46.7399891]}},{"type":"Feature","properties":{"bearing":261.5624755126496,"junctionName":"28","roadName":"A9","TMC_LCD":1016,"carriage_ref":"b","TMC_coords":{"lat":46.27947,"lng":7.51445}},"geometry":{"type":"Point","coordinates":[6.4536437,46.7371893]}},{"type":"Feature","properties":{"bearing":91.9205474782274,"junctionName":"28","roadName":"A9","TMC_LCD":1016,"carriage_ref":"a","TMC_coords":{"lat":46.27947,"lng":7.51445}},"geometry":{"type":"Point","coordinates":[6.4484489,46.7372401]}},{"type":"Feature","properties":{"bearing":305.5167200834051,"junctionName":"14","roadName":"A9","TMC_LCD":1016,"carriage_ref":"f","TMC_coords":{"lat":46.47515,"lng":6.86185}},"geometry":{"type":"Point","coordinates":[6.861786540746663,46.47509122823705]}},{"type":"Feature","properties":{"bearing":128.53931648002367,"junctionName":"14","roadName":"A9","TMC_LCD":1016,"carriage_ref":"e","TMC_coords":{"lat":46.47515,"lng":6.86185}},"geometry":{"type":"Point","coordinates":[6.861699177098764,46.47500674705656]}},{"type":"Feature","properties":{"bearing":99.92052125740547,"junctionName":"14","roadName":"A9","TMC_LCD":1016,"carriage_ref":"i","TMC_coords":{"lat":46.47515,"lng":6.86185}},"geometry":{"type":"Point","coordinates":[7.8880874,46.2766187]}},{"type":"Feature","properties":{"bearing":231.3527420667626,"junctionName":"14","roadName":"A9","TMC_LCD":1016,"carriage_ref":"l","TMC_coords":{"lat":46.47515,"lng":6.86185}},"geometry":{"type":"Point","coordinates":[9.0354981,45.8394406]}},{"type":"Feature","properties":{"bearing":112.73092421808632,"junctionName":"14","roadName":"A9","TMC_LCD":1016,"carriage_ref":"g","TMC_coords":{"lat":46.47515,"lng":6.86185}},"geometry":{"type":"Point","coordinates":[7.6609209,46.3070187]}},{"type":"Feature","properties":{"bearing":51.87034117729904,"junctionName":"14","roadName":"A9","TMC_LCD":1016,"carriage_ref":"k","TMC_coords":{"lat":46.47515,"lng":6.86185}},"geometry":{"type":"Point","coordinates":[9.0350911,45.8390559]}},{"type":"Feature","properties":{"bearing":231.36639373162836,"junctionName":"14","roadName":"A9","TMC_LCD":1016,"carriage_ref":"j","TMC_coords":{"lat":46.47515,"lng":6.86185}},"geometry":{"type":"Point","coordinates":[7.9263135,46.296865]}},{"type":"Feature","properties":{"bearing":42.06484000840434,"junctionName":"14","roadName":"A9","TMC_LCD":1016,"carriage_ref":"c","TMC_coords":{"lat":46.47515,"lng":6.86185}},"geometry":{"type":"Point","coordinates":[6.5020414,46.7346289]}},{"type":"Feature","properties":{"bearing":254.8064277169359,"junctionName":"14","roadName":"A9","TMC_LCD":1016,"carriage_ref":"h","TMC_coords":{"lat":46.47515,"lng":6.86185}},"geometry":{"type":"Point","coordinates":[7.6847522,46.3063674]}},{"type":"Feature","properties":{"bearing":246.12445962244152,"junctionName":"14","roadName":"A9","TMC_LCD":1016,"carriage_ref":"d","TMC_coords":{"lat":46.47515,"lng":6.86185}},"geometry":{"type":"Point","coordinates":[6.5084522,46.7399891]}},{"type":"Feature","properties":{"bearing":261.5624755126496,"junctionName":"14","roadName":"A9","TMC_LCD":1016,"carriage_ref":"b","TMC_coords":{"lat":46.47515,"lng":6.86185}},"geometry":{"type":"Point","coordinates":[6.4536437,46.7371893]}},{"type":"Feature","properties":{"bearing":91.9205474782274,"junctionName":"14","roadName":"A9","TMC_LCD":1016,"carriage_ref":"a","TMC_coords":{"lat":46.47515,"lng":6.86185}},"geometry":{"type":"Point","coordinates":[6.4484489,46.7372401]}},{"type":"Feature","properties":{"bearing":262.90639846276224,"junctionName":"25","roadName":"A9","TMC_LCD":1016,"carriage_ref":"f","TMC_coords":{"lat":46.21245,"lng":7.294}},"geometry":{"type":"Point","coordinates":[7.293948404835237,46.21273689352317]}},{"type":"Feature","properties":{"bearing":84.06337756449545,"junctionName":"25","roadName":"A9","TMC_LCD":1016,"carriage_ref":"e","TMC_coords":{"lat":46.21245,"lng":7.294}},"geometry":{"type":"Point","coordinates":[7.293971067577462,46.212631103887304]}},{"type":"Feature","properties":{"bearing":99.92052125740547,"junctionName":"25","roadName":"A9","TMC_LCD":1016,"carriage_ref":"i","TMC_coords":{"lat":46.21245,"lng":7.294}},"geometry":{"type":"Point","coordinates":[7.8880874,46.2766187]}},{"type":"Feature","properties":{"bearing":231.3527420667626,"junctionName":"25","roadName":"A9","TMC_LCD":1016,"carriage_ref":"l","TMC_coords":{"lat":46.21245,"lng":7.294}},"geometry":{"type":"Point","coordinates":[9.0354981,45.8394406]}},{"type":"Feature","properties":{"bearing":112.73092421808632,"junctionName":"25","roadName":"A9","TMC_LCD":1016,"carriage_ref":"g","TMC_coords":{"lat":46.21245,"lng":7.294}},"geometry":{"type":"Point","coordinates":[7.6609209,46.3070187]}},{"type":"Feature","properties":{"bearing":51.87034117729904,"junctionName":"25","roadName":"A9","TMC_LCD":1016,"carriage_ref":"k","TMC_coords":{"lat":46.21245,"lng":7.294}},"geometry":{"type":"Point","coordinates":[9.0350911,45.8390559]}},{"type":"Feature","properties":{"bearing":231.36639373162836,"junctionName":"25","roadName":"A9","TMC_LCD":1016,"carriage_ref":"j","TMC_coords":{"lat":46.21245,"lng":7.294}},"geometry":{"type":"Point","coordinates":[7.9263135,46.296865]}},{"type":"Feature","properties":{"bearing":39.96214929706845,"junctionName":"25","roadName":"A9","TMC_LCD":1016,"carriage_ref":"c","TMC_coords":{"lat":46.21245,"lng":7.294}},"geometry":{"type":"Point","coordinates":[6.5021796,46.7347266]}},{"type":"Feature","properties":{"bearing":254.8064277169359,"junctionName":"25","roadName":"A9","TMC_LCD":1016,"carriage_ref":"h","TMC_coords":{"lat":46.21245,"lng":7.294}},"geometry":{"type":"Point","coordinates":[7.6847522,46.3063674]}},{"type":"Feature","properties":{"bearing":246.12445962244152,"junctionName":"25","roadName":"A9","TMC_LCD":1016,"carriage_ref":"d","TMC_coords":{"lat":46.21245,"lng":7.294}},"geometry":{"type":"Point","coordinates":[6.5084522,46.7399891]}},{"type":"Feature","properties":{"bearing":261.5624755126496,"junctionName":"25","roadName":"A9","TMC_LCD":1016,"carriage_ref":"b","TMC_coords":{"lat":46.21245,"lng":7.294}},"geometry":{"type":"Point","coordinates":[6.4536437,46.7371893]}},{"type":"Feature","properties":{"bearing":91.9205474782274,"junctionName":"25","roadName":"A9","TMC_LCD":1016,"carriage_ref":"a","TMC_coords":{"lat":46.21245,"lng":7.294}},"geometry":{"type":"Point","coordinates":[6.4484489,46.7372401]}},{"type":"Feature","properties":{"bearing":229.44419243239122,"junctionName":"33b","roadName":"A9","TMC_LCD":1016,"carriage_ref":"f","TMC_coords":{"lat":46.29752,"lng":7.9273}},"geometry":{"type":"Point","coordinates":[7.5621826,46.2896906]}},{"type":"Feature","properties":{"bearing":51.39633919485145,"junctionName":"33b","roadName":"A9","TMC_LCD":1016,"carriage_ref":"e","TMC_coords":{"lat":46.29752,"lng":7.9273}},"geometry":{"type":"Point","coordinates":[7.557152,46.2871077]}},{"type":"Feature","properties":{"bearing":59.985207790865,"junctionName":"33b","roadName":"A9","TMC_LCD":1016,"carriage_ref":"i","TMC_coords":{"lat":46.29752,"lng":7.9273}},"geometry":{"type":"Point","coordinates":[7.927549361870566,46.29721364838079]}},{"type":"Feature","properties":{"bearing":195.82841698311336,"junctionName":"33b","roadName":"A9","TMC_LCD":1016,"carriage_ref":"l","TMC_coords":{"lat":46.29752,"lng":7.9273}},"geometry":{"type":"Point","coordinates":[9.0362614,45.8406217]}},{"type":"Feature","properties":{"bearing":95.54474346129662,"junctionName":"33b","roadName":"A9","TMC_LCD":1016,"carriage_ref":"g","TMC_coords":{"lat":46.29752,"lng":7.9273}},"geometry":{"type":"Point","coordinates":[7.7096584,46.3092321]}},{"type":"Feature","properties":{"bearing":51.87034117729904,"junctionName":"33b","roadName":"A9","TMC_LCD":1016,"carriage_ref":"k","TMC_coords":{"lat":46.29752,"lng":7.9273}},"geometry":{"type":"Point","coordinates":[9.0350911,45.8390559]}},{"type":"Feature","properties":{"bearing":237.70053763689202,"junctionName":"33b","roadName":"A9","TMC_LCD":1016,"carriage_ref":"j","TMC_coords":{"lat":46.29752,"lng":7.9273}},"geometry":{"type":"Point","coordinates":[7.9274441,46.297379]}},{"type":"Feature","properties":{"bearing":50.94436701074474,"junctionName":"33b","roadName":"A9","TMC_LCD":1016,"carriage_ref":"c","TMC_coords":{"lat":46.29752,"lng":7.9273}},"geometry":{"type":"Point","coordinates":[6.5060877,46.7388587]}},{"type":"Feature","properties":{"bearing":285.42328623905007,"junctionName":"33b","roadName":"A9","TMC_LCD":1016,"carriage_ref":"h","TMC_coords":{"lat":46.29752,"lng":7.9273}},"geometry":{"type":"Point","coordinates":[7.73460029483,46.30606080903]}},{"type":"Feature","properties":{"bearing":246.12445962244152,"junctionName":"33b","roadName":"A9","TMC_LCD":1016,"carriage_ref":"d","TMC_coords":{"lat":46.29752,"lng":7.9273}},"geometry":{"type":"Point","coordinates":[6.5084522,46.7399891]}},{"type":"Feature","properties":{"bearing":261.5624755126496,"junctionName":"33b","roadName":"A9","TMC_LCD":1016,"carriage_ref":"b","TMC_coords":{"lat":46.29752,"lng":7.9273}},"geometry":{"type":"Point","coordinates":[6.4536437,46.7371893]}},{"type":"Feature","properties":{"bearing":91.9205474782274,"junctionName":"33b","roadName":"A9","TMC_LCD":1016,"carriage_ref":"a","TMC_coords":{"lat":46.29752,"lng":7.9273}},"geometry":{"type":"Point","coordinates":[6.4484489,46.7372401]}},{"type":"Feature","properties":{"bearing":255.28931288394,"junctionName":"26","roadName":"A9","TMC_LCD":1016,"carriage_ref":"f","TMC_coords":{"lat":46.22125,"lng":7.34945}},"geometry":{"type":"Point","coordinates":[7.3494221674203715,46.22132488125543]}},{"type":"Feature","properties":{"bearing":75.20952920224323,"junctionName":"26","roadName":"A9","TMC_LCD":1016,"carriage_ref":"e","TMC_coords":{"lat":46.22125,"lng":7.34945}},"geometry":{"type":"Point","coordinates":[7.349461007417726,46.221221141843934]}},{"type":"Feature","properties":{"bearing":99.92052125740547,"junctionName":"26","roadName":"A9","TMC_LCD":1016,"carriage_ref":"i","TMC_coords":{"lat":46.22125,"lng":7.34945}},"geometry":{"type":"Point","coordinates":[7.8880874,46.2766187]}},{"type":"Feature","properties":{"bearing":231.3527420667626,"junctionName":"26","roadName":"A9","TMC_LCD":1016,"carriage_ref":"l","TMC_coords":{"lat":46.22125,"lng":7.34945}},"geometry":{"type":"Point","coordinates":[9.0354981,45.8394406]}},{"type":"Feature","properties":{"bearing":112.73092421808632,"junctionName":"26","roadName":"A9","TMC_LCD":1016,"carriage_ref":"g","TMC_coords":{"lat":46.22125,"lng":7.34945}},"geometry":{"type":"Point","coordinates":[7.6609209,46.3070187]}},{"type":"Feature","properties":{"bearing":51.87034117729904,"junctionName":"26","roadName":"A9","TMC_LCD":1016,"carriage_ref":"k","TMC_coords":{"lat":46.22125,"lng":7.34945}},"geometry":{"type":"Point","coordinates":[9.0350911,45.8390559]}},{"type":"Feature","properties":{"bearing":231.36639373162836,"junctionName":"26","roadName":"A9","TMC_LCD":1016,"carriage_ref":"j","TMC_coords":{"lat":46.22125,"lng":7.34945}},"geometry":{"type":"Point","coordinates":[7.9263135,46.296865]}},{"type":"Feature","properties":{"bearing":36.64904891529376,"junctionName":"26","roadName":"A9","TMC_LCD":1016,"carriage_ref":"c","TMC_coords":{"lat":46.22125,"lng":7.34945}},"geometry":{"type":"Point","coordinates":[6.502371,46.7348686]}},{"type":"Feature","properties":{"bearing":254.8064277169359,"junctionName":"26","roadName":"A9","TMC_LCD":1016,"carriage_ref":"h","TMC_coords":{"lat":46.22125,"lng":7.34945}},"geometry":{"type":"Point","coordinates":[7.6847522,46.3063674]}},{"type":"Feature","properties":{"bearing":246.12445962244152,"junctionName":"26","roadName":"A9","TMC_LCD":1016,"carriage_ref":"d","TMC_coords":{"lat":46.22125,"lng":7.34945}},"geometry":{"type":"Point","coordinates":[6.5084522,46.7399891]}},{"type":"Feature","properties":{"bearing":261.5624755126496,"junctionName":"26","roadName":"A9","TMC_LCD":1016,"carriage_ref":"b","TMC_coords":{"lat":46.22125,"lng":7.34945}},"geometry":{"type":"Point","coordinates":[6.4536437,46.7371893]}},{"type":"Feature","properties":{"bearing":91.9205474782274,"junctionName":"26","roadName":"A9","TMC_LCD":1016,"carriage_ref":"a","TMC_coords":{"lat":46.22125,"lng":7.34945}},"geometry":{"type":"Point","coordinates":[6.4484489,46.7372401]}},{"type":"Feature","properties":{"bearing":317.5325201349921,"junctionName":"14","roadName":"A9","TMC_LCD":1016,"carriage_ref":"f","TMC_coords":{"lat":46.47055,"lng":6.86745}},"geometry":{"type":"Point","coordinates":[6.867506331717682,46.470585532977246]}},{"type":"Feature","properties":{"bearing":136.7497778984545,"junctionName":"14","roadName":"A9","TMC_LCD":1016,"carriage_ref":"e","TMC_coords":{"lat":46.47055,"lng":6.86745}},"geometry":{"type":"Point","coordinates":[6.867389958761589,46.470511987466516]}},{"type":"Feature","properties":{"bearing":99.92052125740547,"junctionName":"14","roadName":"A9","TMC_LCD":1016,"carriage_ref":"i","TMC_coords":{"lat":46.47055,"lng":6.86745}},"geometry":{"type":"Point","coordinates":[7.8880874,46.2766187]}},{"type":"Feature","properties":{"bearing":231.3527420667626,"junctionName":"14","roadName":"A9","TMC_LCD":1016,"carriage_ref":"l","TMC_coords":{"lat":46.47055,"lng":6.86745}},"geometry":{"type":"Point","coordinates":[9.0354981,45.8394406]}},{"type":"Feature","properties":{"bearing":112.73092421808632,"junctionName":"14","roadName":"A9","TMC_LCD":1016,"carriage_ref":"g","TMC_coords":{"lat":46.47055,"lng":6.86745}},"geometry":{"type":"Point","coordinates":[7.6609209,46.3070187]}},{"type":"Feature","properties":{"bearing":51.87034117729904,"junctionName":"14","roadName":"A9","TMC_LCD":1016,"carriage_ref":"k","TMC_coords":{"lat":46.47055,"lng":6.86745}},"geometry":{"type":"Point","coordinates":[9.0350911,45.8390559]}},{"type":"Feature","properties":{"bearing":231.36639373162836,"junctionName":"14","roadName":"A9","TMC_LCD":1016,"carriage_ref":"j","TMC_coords":{"lat":46.47055,"lng":6.86745}},"geometry":{"type":"Point","coordinates":[7.9263135,46.296865]}},{"type":"Feature","properties":{"bearing":42.06484000840434,"junctionName":"14","roadName":"A9","TMC_LCD":1016,"carriage_ref":"c","TMC_coords":{"lat":46.47055,"lng":6.86745}},"geometry":{"type":"Point","coordinates":[6.5020414,46.7346289]}},{"type":"Feature","properties":{"bearing":254.8064277169359,"junctionName":"14","roadName":"A9","TMC_LCD":1016,"carriage_ref":"h","TMC_coords":{"lat":46.47055,"lng":6.86745}},"geometry":{"type":"Point","coordinates":[7.6847522,46.3063674]}},{"type":"Feature","properties":{"bearing":246.12445962244152,"junctionName":"14","roadName":"A9","TMC_LCD":1016,"carriage_ref":"d","TMC_coords":{"lat":46.47055,"lng":6.86745}},"geometry":{"type":"Point","coordinates":[6.5084522,46.7399891]}},{"type":"Feature","properties":{"bearing":261.5624755126496,"junctionName":"14","roadName":"A9","TMC_LCD":1016,"carriage_ref":"b","TMC_coords":{"lat":46.47055,"lng":6.86745}},"geometry":{"type":"Point","coordinates":[6.4536437,46.7371893]}},{"type":"Feature","properties":{"bearing":91.9205474782274,"junctionName":"14","roadName":"A9","TMC_LCD":1016,"carriage_ref":"a","TMC_coords":{"lat":46.47055,"lng":6.86745}},"geometry":{"type":"Point","coordinates":[6.4484489,46.7372401]}},{"type":"Feature","properties":{"bearing":280.7255873984643,"junctionName":"11","roadName":"A9","TMC_LCD":1016,"carriage_ref":"f","TMC_coords":{"lat":46.51695,"lng":6.69218}},"geometry":{"type":"Point","coordinates":[6.692157775442758,46.51686925038204]}},{"type":"Feature","properties":{"bearing":101.72502498278659,"junctionName":"11","roadName":"A9","TMC_LCD":1016,"carriage_ref":"e","TMC_coords":{"lat":46.51695,"lng":6.69218}},"geometry":{"type":"Point","coordinates":[6.692127411316144,46.51677562102322]}},{"type":"Feature","properties":{"bearing":99.92052125740547,"junctionName":"11","roadName":"A9","TMC_LCD":1016,"carriage_ref":"i","TMC_coords":{"lat":46.51695,"lng":6.69218}},"geometry":{"type":"Point","coordinates":[7.8880874,46.2766187]}},{"type":"Feature","properties":{"bearing":231.3527420667626,"junctionName":"11","roadName":"A9","TMC_LCD":1016,"carriage_ref":"l","TMC_coords":{"lat":46.51695,"lng":6.69218}},"geometry":{"type":"Point","coordinates":[9.0354981,45.8394406]}},{"type":"Feature","properties":{"bearing":112.73092421808632,"junctionName":"11","roadName":"A9","TMC_LCD":1016,"carriage_ref":"g","TMC_coords":{"lat":46.51695,"lng":6.69218}},"geometry":{"type":"Point","coordinates":[7.6609209,46.3070187]}},{"type":"Feature","properties":{"bearing":51.87034117729904,"junctionName":"11","roadName":"A9","TMC_LCD":1016,"carriage_ref":"k","TMC_coords":{"lat":46.51695,"lng":6.69218}},"geometry":{"type":"Point","coordinates":[9.0350911,45.8390559]}},{"type":"Feature","properties":{"bearing":231.36639373162836,"junctionName":"11","roadName":"A9","TMC_LCD":1016,"carriage_ref":"j","TMC_coords":{"lat":46.51695,"lng":6.69218}},"geometry":{"type":"Point","coordinates":[7.9263135,46.296865]}},{"type":"Feature","properties":{"bearing":54.86794053230128,"junctionName":"11","roadName":"A9","TMC_LCD":1016,"carriage_ref":"c","TMC_coords":{"lat":46.51695,"lng":6.69218}},"geometry":{"type":"Point","coordinates":[6.5011078,46.7341285]}},{"type":"Feature","properties":{"bearing":254.8064277169359,"junctionName":"11","roadName":"A9","TMC_LCD":1016,"carriage_ref":"h","TMC_coords":{"lat":46.51695,"lng":6.69218}},"geometry":{"type":"Point","coordinates":[7.6847522,46.3063674]}},{"type":"Feature","properties":{"bearing":246.12445962244152,"junctionName":"11","roadName":"A9","TMC_LCD":1016,"carriage_ref":"d","TMC_coords":{"lat":46.51695,"lng":6.69218}},"geometry":{"type":"Point","coordinates":[6.5084522,46.7399891]}},{"type":"Feature","properties":{"bearing":261.5624755126496,"junctionName":"11","roadName":"A9","TMC_LCD":1016,"carriage_ref":"b","TMC_coords":{"lat":46.51695,"lng":6.69218}},"geometry":{"type":"Point","coordinates":[6.4536437,46.7371893]}},{"type":"Feature","properties":{"bearing":91.9205474782274,"junctionName":"11","roadName":"A9","TMC_LCD":1016,"carriage_ref":"a","TMC_coords":{"lat":46.51695,"lng":6.69218}},"geometry":{"type":"Point","coordinates":[6.4484489,46.7372401]}},{"type":"Feature","properties":{"bearing":225.67717668671577,"junctionName":"24","roadName":"A9","TMC_LCD":1016,"carriage_ref":"f","TMC_coords":{"lat":46.1723,"lng":7.2144}},"geometry":{"type":"Point","coordinates":[7.2140387311474115,46.172556005808815]}},{"type":"Feature","properties":{"bearing":45.691625433366745,"junctionName":"24","roadName":"A9","TMC_LCD":1016,"carriage_ref":"e","TMC_coords":{"lat":46.1723,"lng":7.2144}},"geometry":{"type":"Point","coordinates":[7.214145316427073,46.17248065473454]}},{"type":"Feature","properties":{"bearing":99.92052125740547,"junctionName":"24","roadName":"A9","TMC_LCD":1016,"carriage_ref":"i","TMC_coords":{"lat":46.1723,"lng":7.2144}},"geometry":{"type":"Point","coordinates":[7.8880874,46.2766187]}},{"type":"Feature","properties":{"bearing":231.3527420667626,"junctionName":"24","roadName":"A9","TMC_LCD":1016,"carriage_ref":"l","TMC_coords":{"lat":46.1723,"lng":7.2144}},"geometry":{"type":"Point","coordinates":[9.0354981,45.8394406]}},{"type":"Feature","properties":{"bearing":112.73092421808632,"junctionName":"24","roadName":"A9","TMC_LCD":1016,"carriage_ref":"g","TMC_coords":{"lat":46.1723,"lng":7.2144}},"geometry":{"type":"Point","coordinates":[7.6609209,46.3070187]}},{"type":"Feature","properties":{"bearing":51.87034117729904,"junctionName":"24","roadName":"A9","TMC_LCD":1016,"carriage_ref":"k","TMC_coords":{"lat":46.1723,"lng":7.2144}},"geometry":{"type":"Point","coordinates":[9.0350911,45.8390559]}},{"type":"Feature","properties":{"bearing":231.36639373162836,"junctionName":"24","roadName":"A9","TMC_LCD":1016,"carriage_ref":"j","TMC_coords":{"lat":46.1723,"lng":7.2144}},"geometry":{"type":"Point","coordinates":[7.9263135,46.296865]}},{"type":"Feature","properties":{"bearing":45.98242934371314,"junctionName":"24","roadName":"A9","TMC_LCD":1016,"carriage_ref":"c","TMC_coords":{"lat":46.1723,"lng":7.2144}},"geometry":{"type":"Point","coordinates":[6.5017505,46.7344458]}},{"type":"Feature","properties":{"bearing":254.8064277169359,"junctionName":"24","roadName":"A9","TMC_LCD":1016,"carriage_ref":"h","TMC_coords":{"lat":46.1723,"lng":7.2144}},"geometry":{"type":"Point","coordinates":[7.6847522,46.3063674]}},{"type":"Feature","properties":{"bearing":246.12445962244152,"junctionName":"24","roadName":"A9","TMC_LCD":1016,"carriage_ref":"d","TMC_coords":{"lat":46.1723,"lng":7.2144}},"geometry":{"type":"Point","coordinates":[6.5084522,46.7399891]}},{"type":"Feature","properties":{"bearing":261.5624755126496,"junctionName":"24","roadName":"A9","TMC_LCD":1016,"carriage_ref":"b","TMC_coords":{"lat":46.1723,"lng":7.2144}},"geometry":{"type":"Point","coordinates":[6.4536437,46.7371893]}},{"type":"Feature","properties":{"bearing":91.9205474782274,"junctionName":"24","roadName":"A9","TMC_LCD":1016,"carriage_ref":"a","TMC_coords":{"lat":46.1723,"lng":7.2144}},"geometry":{"type":"Point","coordinates":[6.4484489,46.7372401]}},{"type":"Feature","properties":{"bearing":229.44419243239122,"junctionName":"30","roadName":"A9","TMC_LCD":1016,"carriage_ref":"f","TMC_coords":{"lat":46.30882,"lng":7.65105}},"geometry":{"type":"Point","coordinates":[7.5621826,46.2896906]}},{"type":"Feature","properties":{"bearing":51.39633919485145,"junctionName":"30","roadName":"A9","TMC_LCD":1016,"carriage_ref":"e","TMC_coords":{"lat":46.30882,"lng":7.65105}},"geometry":{"type":"Point","coordinates":[7.557152,46.2871077]}},{"type":"Feature","properties":{"bearing":99.92052125740547,"junctionName":"30","roadName":"A9","TMC_LCD":1016,"carriage_ref":"i","TMC_coords":{"lat":46.30882,"lng":7.65105}},"geometry":{"type":"Point","coordinates":[7.8880874,46.2766187]}},{"type":"Feature","properties":{"bearing":195.82841698311336,"junctionName":"30","roadName":"A9","TMC_LCD":1016,"carriage_ref":"l","TMC_coords":{"lat":46.30882,"lng":7.65105}},"geometry":{"type":"Point","coordinates":[9.0362614,45.8406217]}},{"type":"Feature","properties":{"bearing":112.73092421808632,"junctionName":"30","roadName":"A9","TMC_LCD":1016,"carriage_ref":"g","TMC_coords":{"lat":46.30882,"lng":7.65105}},"geometry":{"type":"Point","coordinates":[7.6609209,46.3070187]}},{"type":"Feature","properties":{"bearing":51.87034117729904,"junctionName":"30","roadName":"A9","TMC_LCD":1016,"carriage_ref":"k","TMC_coords":{"lat":46.30882,"lng":7.65105}},"geometry":{"type":"Point","coordinates":[9.0350911,45.8390559]}},{"type":"Feature","properties":{"bearing":231.36639373162836,"junctionName":"30","roadName":"A9","TMC_LCD":1016,"carriage_ref":"j","TMC_coords":{"lat":46.30882,"lng":7.65105}},"geometry":{"type":"Point","coordinates":[7.9263135,46.296865]}},{"type":"Feature","properties":{"bearing":50.94436701074474,"junctionName":"30","roadName":"A9","TMC_LCD":1016,"carriage_ref":"c","TMC_coords":{"lat":46.30882,"lng":7.65105}},"geometry":{"type":"Point","coordinates":[6.5060877,46.7388587]}},{"type":"Feature","properties":{"bearing":254.8064277169359,"junctionName":"30","roadName":"A9","TMC_LCD":1016,"carriage_ref":"h","TMC_coords":{"lat":46.30882,"lng":7.65105}},"geometry":{"type":"Point","coordinates":[7.6847522,46.3063674]}},{"type":"Feature","properties":{"bearing":246.12445962244152,"junctionName":"30","roadName":"A9","TMC_LCD":1016,"carriage_ref":"d","TMC_coords":{"lat":46.30882,"lng":7.65105}},"geometry":{"type":"Point","coordinates":[6.5084522,46.7399891]}},{"type":"Feature","properties":{"bearing":261.5624755126496,"junctionName":"30","roadName":"A9","TMC_LCD":1016,"carriage_ref":"b","TMC_coords":{"lat":46.30882,"lng":7.65105}},"geometry":{"type":"Point","coordinates":[6.4536437,46.7371893]}},{"type":"Feature","properties":{"bearing":91.9205474782274,"junctionName":"30","roadName":"A9","TMC_LCD":1016,"carriage_ref":"a","TMC_coords":{"lat":46.30882,"lng":7.65105}},"geometry":{"type":"Point","coordinates":[6.4484489,46.7372401]}},{"type":"Feature","properties":{"bearing":336.17890457389154,"junctionName":"17","roadName":"A9","TMC_LCD":1016,"carriage_ref":"f","TMC_coords":{"lat":46.321,"lng":6.94045}},"geometry":{"type":"Point","coordinates":[6.940361450545389,46.320972595069264]}},{"type":"Feature","properties":{"bearing":155.87470654371262,"junctionName":"17","roadName":"A9","TMC_LCD":1016,"carriage_ref":"e","TMC_coords":{"lat":46.321,"lng":6.94045}},"geometry":{"type":"Point","coordinates":[6.9402170413582995,46.32092793863311]}},{"type":"Feature","properties":{"bearing":99.92052125740547,"junctionName":"17","roadName":"A9","TMC_LCD":1016,"carriage_ref":"i","TMC_coords":{"lat":46.321,"lng":6.94045}},"geometry":{"type":"Point","coordinates":[7.8880874,46.2766187]}},{"type":"Feature","properties":{"bearing":231.3527420667626,"junctionName":"17","roadName":"A9","TMC_LCD":1016,"carriage_ref":"l","TMC_coords":{"lat":46.321,"lng":6.94045}},"geometry":{"type":"Point","coordinates":[9.0354981,45.8394406]}},{"type":"Feature","properties":{"bearing":112.73092421808632,"junctionName":"17","roadName":"A9","TMC_LCD":1016,"carriage_ref":"g","TMC_coords":{"lat":46.321,"lng":6.94045}},"geometry":{"type":"Point","coordinates":[7.6609209,46.3070187]}},{"type":"Feature","properties":{"bearing":51.87034117729904,"junctionName":"17","roadName":"A9","TMC_LCD":1016,"carriage_ref":"k","TMC_coords":{"lat":46.321,"lng":6.94045}},"geometry":{"type":"Point","coordinates":[9.0350911,45.8390559]}},{"type":"Feature","properties":{"bearing":231.36639373162836,"junctionName":"17","roadName":"A9","TMC_LCD":1016,"carriage_ref":"j","TMC_coords":{"lat":46.321,"lng":6.94045}},"geometry":{"type":"Point","coordinates":[7.9263135,46.296865]}},{"type":"Feature","properties":{"bearing":50.4021836215393,"junctionName":"17","roadName":"A9","TMC_LCD":1016,"carriage_ref":"c","TMC_coords":{"lat":46.321,"lng":6.94045}},"geometry":{"type":"Point","coordinates":[6.501443,46.7342816]}},{"type":"Feature","properties":{"bearing":254.8064277169359,"junctionName":"17","roadName":"A9","TMC_LCD":1016,"carriage_ref":"h","TMC_coords":{"lat":46.321,"lng":6.94045}},"geometry":{"type":"Point","coordinates":[7.6847522,46.3063674]}},{"type":"Feature","properties":{"bearing":246.12445962244152,"junctionName":"17","roadName":"A9","TMC_LCD":1016,"carriage_ref":"d","TMC_coords":{"lat":46.321,"lng":6.94045}},"geometry":{"type":"Point","coordinates":[6.5084522,46.7399891]}},{"type":"Feature","properties":{"bearing":261.5624755126496,"junctionName":"17","roadName":"A9","TMC_LCD":1016,"carriage_ref":"b","TMC_coords":{"lat":46.321,"lng":6.94045}},"geometry":{"type":"Point","coordinates":[6.4536437,46.7371893]}},{"type":"Feature","properties":{"bearing":91.9205474782274,"junctionName":"17","roadName":"A9","TMC_LCD":1016,"carriage_ref":"a","TMC_coords":{"lat":46.321,"lng":6.94045}},"geometry":{"type":"Point","coordinates":[6.4484489,46.7372401]}},{"type":"Feature","properties":{"bearing":19.249295389592493,"junctionName":"16","roadName":"A9","TMC_LCD":1016,"carriage_ref":"f","TMC_coords":{"lat":46.3813,"lng":6.92375}},"geometry":{"type":"Point","coordinates":[6.923767702390665,46.3812958560921]}},{"type":"Feature","properties":{"bearing":197.59650007257503,"junctionName":"16","roadName":"A9","TMC_LCD":1016,"carriage_ref":"e","TMC_coords":{"lat":46.3813,"lng":6.92375}},"geometry":{"type":"Point","coordinates":[6.923616364781822,46.381330515919764]}},{"type":"Feature","properties":{"bearing":99.92052125740547,"junctionName":"16","roadName":"A9","TMC_LCD":1016,"carriage_ref":"i","TMC_coords":{"lat":46.3813,"lng":6.92375}},"geometry":{"type":"Point","coordinates":[7.8880874,46.2766187]}},{"type":"Feature","properties":{"bearing":231.3527420667626,"junctionName":"16","roadName":"A9","TMC_LCD":1016,"carriage_ref":"l","TMC_coords":{"lat":46.3813,"lng":6.92375}},"geometry":{"type":"Point","coordinates":[9.0354981,45.8394406]}},{"type":"Feature","properties":{"bearing":112.73092421808632,"junctionName":"16","roadName":"A9","TMC_LCD":1016,"carriage_ref":"g","TMC_coords":{"lat":46.3813,"lng":6.92375}},"geometry":{"type":"Point","coordinates":[7.6609209,46.3070187]}},{"type":"Feature","properties":{"bearing":51.87034117729904,"junctionName":"16","roadName":"A9","TMC_LCD":1016,"carriage_ref":"k","TMC_coords":{"lat":46.3813,"lng":6.92375}},"geometry":{"type":"Point","coordinates":[9.0350911,45.8390559]}},{"type":"Feature","properties":{"bearing":231.36639373162836,"junctionName":"16","roadName":"A9","TMC_LCD":1016,"carriage_ref":"j","TMC_coords":{"lat":46.3813,"lng":6.92375}},"geometry":{"type":"Point","coordinates":[7.9263135,46.296865]}},{"type":"Feature","properties":{"bearing":45.98242934371314,"junctionName":"16","roadName":"A9","TMC_LCD":1016,"carriage_ref":"c","TMC_coords":{"lat":46.3813,"lng":6.92375}},"geometry":{"type":"Point","coordinates":[6.5017505,46.7344458]}},{"type":"Feature","properties":{"bearing":254.8064277169359,"junctionName":"16","roadName":"A9","TMC_LCD":1016,"carriage_ref":"h","TMC_coords":{"lat":46.3813,"lng":6.92375}},"geometry":{"type":"Point","coordinates":[7.6847522,46.3063674]}},{"type":"Feature","properties":{"bearing":246.12445962244152,"junctionName":"16","roadName":"A9","TMC_LCD":1016,"carriage_ref":"d","TMC_coords":{"lat":46.3813,"lng":6.92375}},"geometry":{"type":"Point","coordinates":[6.5084522,46.7399891]}},{"type":"Feature","properties":{"bearing":261.5624755126496,"junctionName":"16","roadName":"A9","TMC_LCD":1016,"carriage_ref":"b","TMC_coords":{"lat":46.3813,"lng":6.92375}},"geometry":{"type":"Point","coordinates":[6.4536437,46.7371893]}},{"type":"Feature","properties":{"bearing":91.9205474782274,"junctionName":"16","roadName":"A9","TMC_LCD":1016,"carriage_ref":"a","TMC_coords":{"lat":46.3813,"lng":6.92375}},"geometry":{"type":"Point","coordinates":[6.4484489,46.7372401]}},{"type":"Feature","properties":{"bearing":333.52989167209,"junctionName":"19","roadName":"A9","TMC_LCD":1016,"carriage_ref":"f","TMC_coords":{"lat":46.56365,"lng":6.5593}},"geometry":{"type":"Point","coordinates":[6.559713352240837,46.56381973986229]}},{"type":"Feature","properties":{"bearing":133.05493679199236,"junctionName":"19","roadName":"A9","TMC_LCD":1016,"carriage_ref":"e","TMC_coords":{"lat":46.56365,"lng":6.5593}},"geometry":{"type":"Point","coordinates":[6.558482017011467,46.56317650277397]}},{"type":"Feature","properties":{"bearing":99.92052125740547,"junctionName":"19","roadName":"A9","TMC_LCD":1016,"carriage_ref":"i","TMC_coords":{"lat":46.56365,"lng":6.5593}},"geometry":{"type":"Point","coordinates":[7.8880874,46.2766187]}},{"type":"Feature","properties":{"bearing":231.3527420667626,"junctionName":"19","roadName":"A9","TMC_LCD":1016,"carriage_ref":"l","TMC_coords":{"lat":46.56365,"lng":6.5593}},"geometry":{"type":"Point","coordinates":[9.0354981,45.8394406]}},{"type":"Feature","properties":{"bearing":112.73092421808632,"junctionName":"19","roadName":"A9","TMC_LCD":1016,"carriage_ref":"g","TMC_coords":{"lat":46.56365,"lng":6.5593}},"geometry":{"type":"Point","coordinates":[7.6609209,46.3070187]}},{"type":"Feature","properties":{"bearing":51.87034117729904,"junctionName":"19","roadName":"A9","TMC_LCD":1016,"carriage_ref":"k","TMC_coords":{"lat":46.56365,"lng":6.5593}},"geometry":{"type":"Point","coordinates":[9.0350911,45.8390559]}},{"type":"Feature","properties":{"bearing":231.36639373162836,"junctionName":"19","roadName":"A9","TMC_LCD":1016,"carriage_ref":"j","TMC_coords":{"lat":46.56365,"lng":6.5593}},"geometry":{"type":"Point","coordinates":[7.9263135,46.296865]}},{"type":"Feature","properties":{"bearing":71.25222229915192,"junctionName":"19","roadName":"A9","TMC_LCD":1016,"carriage_ref":"c","TMC_coords":{"lat":46.56365,"lng":6.5593}},"geometry":{"type":"Point","coordinates":[6.4996784,46.7337055]}},{"type":"Feature","properties":{"bearing":254.8064277169359,"junctionName":"19","roadName":"A9","TMC_LCD":1016,"carriage_ref":"h","TMC_coords":{"lat":46.56365,"lng":6.5593}},"geometry":{"type":"Point","coordinates":[7.6847522,46.3063674]}},{"type":"Feature","properties":{"bearing":240.71055131684938,"junctionName":"19","roadName":"A9","TMC_LCD":1016,"carriage_ref":"d","TMC_coords":{"lat":46.56365,"lng":6.5593}},"geometry":{"type":"Point","coordinates":[6.5080064,46.7398638]}},{"type":"Feature","properties":{"bearing":261.5624755126496,"junctionName":"19","roadName":"A9","TMC_LCD":1016,"carriage_ref":"b","TMC_coords":{"lat":46.56365,"lng":6.5593}},"geometry":{"type":"Point","coordinates":[6.4536437,46.7371893]}},{"type":"Feature","properties":{"bearing":91.9205474782274,"junctionName":"19","roadName":"A9","TMC_LCD":1016,"carriage_ref":"a","TMC_coords":{"lat":46.56365,"lng":6.5593}},"geometry":{"type":"Point","coordinates":[6.4484489,46.7372401]}},{"type":"Feature","properties":{"bearing":341.6553211211555,"junctionName":"18","roadName":"A9","TMC_LCD":1016,"carriage_ref":"f","TMC_coords":{"lat":46.27795,"lng":6.96955}},"geometry":{"type":"Point","coordinates":[6.9694129961959,46.27791855925975]}},{"type":"Feature","properties":{"bearing":162.44405460987653,"junctionName":"18","roadName":"A9","TMC_LCD":1016,"carriage_ref":"e","TMC_coords":{"lat":46.27795,"lng":6.96955}},"geometry":{"type":"Point","coordinates":[6.969273531972576,46.277889589267396]}},{"type":"Feature","properties":{"bearing":99.92052125740547,"junctionName":"18","roadName":"A9","TMC_LCD":1016,"carriage_ref":"i","TMC_coords":{"lat":46.27795,"lng":6.96955}},"geometry":{"type":"Point","coordinates":[7.8880874,46.2766187]}},{"type":"Feature","properties":{"bearing":231.3527420667626,"junctionName":"18","roadName":"A9","TMC_LCD":1016,"carriage_ref":"l","TMC_coords":{"lat":46.27795,"lng":6.96955}},"geometry":{"type":"Point","coordinates":[9.0354981,45.8394406]}},{"type":"Feature","properties":{"bearing":112.73092421808632,"junctionName":"18","roadName":"A9","TMC_LCD":1016,"carriage_ref":"g","TMC_coords":{"lat":46.27795,"lng":6.96955}},"geometry":{"type":"Point","coordinates":[7.6609209,46.3070187]}},{"type":"Feature","properties":{"bearing":51.87034117729904,"junctionName":"18","roadName":"A9","TMC_LCD":1016,"carriage_ref":"k","TMC_coords":{"lat":46.27795,"lng":6.96955}},"geometry":{"type":"Point","coordinates":[9.0350911,45.8390559]}},{"type":"Feature","properties":{"bearing":231.36639373162836,"junctionName":"18","roadName":"A9","TMC_LCD":1016,"carriage_ref":"j","TMC_coords":{"lat":46.27795,"lng":6.96955}},"geometry":{"type":"Point","coordinates":[7.9263135,46.296865]}},{"type":"Feature","properties":{"bearing":50.4021836215393,"junctionName":"18","roadName":"A9","TMC_LCD":1016,"carriage_ref":"c","TMC_coords":{"lat":46.27795,"lng":6.96955}},"geometry":{"type":"Point","coordinates":[6.501443,46.7342816]}},{"type":"Feature","properties":{"bearing":254.8064277169359,"junctionName":"18","roadName":"A9","TMC_LCD":1016,"carriage_ref":"h","TMC_coords":{"lat":46.27795,"lng":6.96955}},"geometry":{"type":"Point","coordinates":[7.6847522,46.3063674]}},{"type":"Feature","properties":{"bearing":246.12445962244152,"junctionName":"18","roadName":"A9","TMC_LCD":1016,"carriage_ref":"d","TMC_coords":{"lat":46.27795,"lng":6.96955}},"geometry":{"type":"Point","coordinates":[6.5084522,46.7399891]}},{"type":"Feature","properties":{"bearing":261.5624755126496,"junctionName":"18","roadName":"A9","TMC_LCD":1016,"carriage_ref":"b","TMC_coords":{"lat":46.27795,"lng":6.96955}},"geometry":{"type":"Point","coordinates":[6.4536437,46.7371893]}},{"type":"Feature","properties":{"bearing":91.9205474782274,"junctionName":"18","roadName":"A9","TMC_LCD":1016,"carriage_ref":"a","TMC_coords":{"lat":46.27795,"lng":6.96955}},"geometry":{"type":"Point","coordinates":[6.4484489,46.7372401]}},{"type":"Feature","properties":{"bearing":308.33450564729895,"junctionName":"15","roadName":"A9","TMC_LCD":1016,"carriage_ref":"f","TMC_coords":{"lat":46.45385,"lng":6.8959}},"geometry":{"type":"Point","coordinates":[6.895795306570999,46.453764699394085]}},{"type":"Feature","properties":{"bearing":130.45704364327517,"junctionName":"15","roadName":"A9","TMC_LCD":1016,"carriage_ref":"e","TMC_coords":{"lat":46.45385,"lng":6.8959}},"geometry":{"type":"Point","coordinates":[6.895688824282916,46.45367939013567]}},{"type":"Feature","properties":{"bearing":99.92052125740547,"junctionName":"15","roadName":"A9","TMC_LCD":1016,"carriage_ref":"i","TMC_coords":{"lat":46.45385,"lng":6.8959}},"geometry":{"type":"Point","coordinates":[7.8880874,46.2766187]}},{"type":"Feature","properties":{"bearing":231.3527420667626,"junctionName":"15","roadName":"A9","TMC_LCD":1016,"carriage_ref":"l","TMC_coords":{"lat":46.45385,"lng":6.8959}},"geometry":{"type":"Point","coordinates":[9.0354981,45.8394406]}},{"type":"Feature","properties":{"bearing":112.73092421808632,"junctionName":"15","roadName":"A9","TMC_LCD":1016,"carriage_ref":"g","TMC_coords":{"lat":46.45385,"lng":6.8959}},"geometry":{"type":"Point","coordinates":[7.6609209,46.3070187]}},{"type":"Feature","properties":{"bearing":51.87034117729904,"junctionName":"15","roadName":"A9","TMC_LCD":1016,"carriage_ref":"k","TMC_coords":{"lat":46.45385,"lng":6.8959}},"geometry":{"type":"Point","coordinates":[9.0350911,45.8390559]}},{"type":"Feature","properties":{"bearing":231.36639373162836,"junctionName":"15","roadName":"A9","TMC_LCD":1016,"carriage_ref":"j","TMC_coords":{"lat":46.45385,"lng":6.8959}},"geometry":{"type":"Point","coordinates":[7.9263135,46.296865]}},{"type":"Feature","properties":{"bearing":42.06484000840434,"junctionName":"15","roadName":"A9","TMC_LCD":1016,"carriage_ref":"c","TMC_coords":{"lat":46.45385,"lng":6.8959}},"geometry":{"type":"Point","coordinates":[6.5020414,46.7346289]}},{"type":"Feature","properties":{"bearing":254.8064277169359,"junctionName":"15","roadName":"A9","TMC_LCD":1016,"carriage_ref":"h","TMC_coords":{"lat":46.45385,"lng":6.8959}},"geometry":{"type":"Point","coordinates":[7.6847522,46.3063674]}},{"type":"Feature","properties":{"bearing":246.12445962244152,"junctionName":"15","roadName":"A9","TMC_LCD":1016,"carriage_ref":"d","TMC_coords":{"lat":46.45385,"lng":6.8959}},"geometry":{"type":"Point","coordinates":[6.5084522,46.7399891]}},{"type":"Feature","properties":{"bearing":261.5624755126496,"junctionName":"15","roadName":"A9","TMC_LCD":1016,"carriage_ref":"b","TMC_coords":{"lat":46.45385,"lng":6.8959}},"geometry":{"type":"Point","coordinates":[6.4536437,46.7371893]}},{"type":"Feature","properties":{"bearing":91.9205474782274,"junctionName":"15","roadName":"A9","TMC_LCD":1016,"carriage_ref":"a","TMC_coords":{"lat":46.45385,"lng":6.8959}},"geometry":{"type":"Point","coordinates":[6.4484489,46.7372401]}},{"type":"Feature","properties":{"bearing":279.3911334077663,"junctionName":"3","roadName":"A9","TMC_LCD":1016,"carriage_ref":"f","TMC_coords":{"lat":46.74325,"lng":6.5329}},"geometry":{"type":"Point","coordinates":[6.532922258109953,46.74333925291294]}},{"type":"Feature","properties":{"bearing":101.39360096617389,"junctionName":"3","roadName":"A9","TMC_LCD":1016,"carriage_ref":"e","TMC_coords":{"lat":46.74325,"lng":6.5329}},"geometry":{"type":"Point","coordinates":[6.532902406311994,46.74325965237485]}},{"type":"Feature","properties":{"bearing":99.92052125740547,"junctionName":"3","roadName":"A9","TMC_LCD":1016,"carriage_ref":"i","TMC_coords":{"lat":46.74325,"lng":6.5329}},"geometry":{"type":"Point","coordinates":[7.8880874,46.2766187]}},{"type":"Feature","properties":{"bearing":195.82841698311336,"junctionName":"3","roadName":"A9","TMC_LCD":1016,"carriage_ref":"l","TMC_coords":{"lat":46.74325,"lng":6.5329}},"geometry":{"type":"Point","coordinates":[9.0362614,45.8406217]}},{"type":"Feature","properties":{"bearing":112.73092421808632,"junctionName":"3","roadName":"A9","TMC_LCD":1016,"carriage_ref":"g","TMC_coords":{"lat":46.74325,"lng":6.5329}},"geometry":{"type":"Point","coordinates":[7.6609209,46.3070187]}},{"type":"Feature","properties":{"bearing":51.87034117729904,"junctionName":"3","roadName":"A9","TMC_LCD":1016,"carriage_ref":"k","TMC_coords":{"lat":46.74325,"lng":6.5329}},"geometry":{"type":"Point","coordinates":[9.0350911,45.8390559]}},{"type":"Feature","properties":{"bearing":231.36639373162836,"junctionName":"3","roadName":"A9","TMC_LCD":1016,"carriage_ref":"j","TMC_coords":{"lat":46.74325,"lng":6.5329}},"geometry":{"type":"Point","coordinates":[7.9263135,46.296865]}},{"type":"Feature","properties":{"bearing":50.94436701074474,"junctionName":"3","roadName":"A9","TMC_LCD":1016,"carriage_ref":"c","TMC_coords":{"lat":46.74325,"lng":6.5329}},"geometry":{"type":"Point","coordinates":[6.5060877,46.7388587]}},{"type":"Feature","properties":{"bearing":254.8064277169359,"junctionName":"3","roadName":"A9","TMC_LCD":1016,"carriage_ref":"h","TMC_coords":{"lat":46.74325,"lng":6.5329}},"geometry":{"type":"Point","coordinates":[7.6847522,46.3063674]}},{"type":"Feature","properties":{"bearing":246.12445962244152,"junctionName":"3","roadName":"A9","TMC_LCD":1016,"carriage_ref":"d","TMC_coords":{"lat":46.74325,"lng":6.5329}},"geometry":{"type":"Point","coordinates":[6.5084522,46.7399891]}},{"type":"Feature","properties":{"bearing":261.5624755126496,"junctionName":"3","roadName":"A9","TMC_LCD":1016,"carriage_ref":"b","TMC_coords":{"lat":46.74325,"lng":6.5329}},"geometry":{"type":"Point","coordinates":[6.4536437,46.7371893]}},{"type":"Feature","properties":{"bearing":91.9205474782274,"junctionName":"3","roadName":"A9","TMC_LCD":1016,"carriage_ref":"a","TMC_coords":{"lat":46.74325,"lng":6.5329}},"geometry":{"type":"Point","coordinates":[6.4484489,46.7372401]}},{"type":"Feature","properties":{"bearing":291.60091341780543,"junctionName":"21","roadName":"A9","TMC_LCD":1016,"carriage_ref":"f","TMC_coords":{"lat":46.11479,"lng":7.0786}},"geometry":{"type":"Point","coordinates":[7.078623448621746,46.11483340814506]}},{"type":"Feature","properties":{"bearing":110.13518647028911,"junctionName":"21","roadName":"A9","TMC_LCD":1016,"carriage_ref":"e","TMC_coords":{"lat":46.11479,"lng":7.0786}},"geometry":{"type":"Point","coordinates":[7.078569169783432,46.11473296905868]}},{"type":"Feature","properties":{"bearing":99.92052125740547,"junctionName":"21","roadName":"A9","TMC_LCD":1016,"carriage_ref":"i","TMC_coords":{"lat":46.11479,"lng":7.0786}},"geometry":{"type":"Point","coordinates":[7.8880874,46.2766187]}},{"type":"Feature","properties":{"bearing":231.3527420667626,"junctionName":"21","roadName":"A9","TMC_LCD":1016,"carriage_ref":"l","TMC_coords":{"lat":46.11479,"lng":7.0786}},"geometry":{"type":"Point","coordinates":[9.0354981,45.8394406]}},{"type":"Feature","properties":{"bearing":112.73092421808632,"junctionName":"21","roadName":"A9","TMC_LCD":1016,"carriage_ref":"g","TMC_coords":{"lat":46.11479,"lng":7.0786}},"geometry":{"type":"Point","coordinates":[7.6609209,46.3070187]}},{"type":"Feature","properties":{"bearing":51.87034117729904,"junctionName":"21","roadName":"A9","TMC_LCD":1016,"carriage_ref":"k","TMC_coords":{"lat":46.11479,"lng":7.0786}},"geometry":{"type":"Point","coordinates":[9.0350911,45.8390559]}},{"type":"Feature","properties":{"bearing":231.36639373162836,"junctionName":"21","roadName":"A9","TMC_LCD":1016,"carriage_ref":"j","TMC_coords":{"lat":46.11479,"lng":7.0786}},"geometry":{"type":"Point","coordinates":[7.9263135,46.296865]}},{"type":"Feature","properties":{"bearing":52.72154696738503,"junctionName":"21","roadName":"A9","TMC_LCD":1016,"carriage_ref":"c","TMC_coords":{"lat":46.11479,"lng":7.0786}},"geometry":{"type":"Point","coordinates":[6.5012779,46.7342034]}},{"type":"Feature","properties":{"bearing":254.8064277169359,"junctionName":"21","roadName":"A9","TMC_LCD":1016,"carriage_ref":"h","TMC_coords":{"lat":46.11479,"lng":7.0786}},"geometry":{"type":"Point","coordinates":[7.6847522,46.3063674]}},{"type":"Feature","properties":{"bearing":246.12445962244152,"junctionName":"21","roadName":"A9","TMC_LCD":1016,"carriage_ref":"d","TMC_coords":{"lat":46.11479,"lng":7.0786}},"geometry":{"type":"Point","coordinates":[6.5084522,46.7399891]}},{"type":"Feature","properties":{"bearing":261.5624755126496,"junctionName":"21","roadName":"A9","TMC_LCD":1016,"carriage_ref":"b","TMC_coords":{"lat":46.11479,"lng":7.0786}},"geometry":{"type":"Point","coordinates":[6.4536437,46.7371893]}},{"type":"Feature","properties":{"bearing":91.9205474782274,"junctionName":"21","roadName":"A9","TMC_LCD":1016,"carriage_ref":"a","TMC_coords":{"lat":46.11479,"lng":7.0786}},"geometry":{"type":"Point","coordinates":[6.4484489,46.7372401]}},{"type":"Feature","properties":{"bearing":320.00005565493245,"junctionName":"23","roadName":"A9","TMC_LCD":1016,"carriage_ref":"f","TMC_coords":{"lat":46.72815,"lng":6.5701}},"geometry":{"type":"Point","coordinates":[6.5696242,46.7279137]}},{"type":"Feature","properties":{"bearing":154.51484822830602,"junctionName":"23","roadName":"A9","TMC_LCD":1016,"carriage_ref":"e","TMC_coords":{"lat":46.72815,"lng":6.5701}},"geometry":{"type":"Point","coordinates":[6.569089929202549,46.72773888025882]}},{"type":"Feature","properties":{"bearing":99.92052125740547,"junctionName":"23","roadName":"A9","TMC_LCD":1016,"carriage_ref":"i","TMC_coords":{"lat":46.72815,"lng":6.5701}},"geometry":{"type":"Point","coordinates":[7.8880874,46.2766187]}},{"type":"Feature","properties":{"bearing":195.82841698311336,"junctionName":"23","roadName":"A9","TMC_LCD":1016,"carriage_ref":"l","TMC_coords":{"lat":46.72815,"lng":6.5701}},"geometry":{"type":"Point","coordinates":[9.0362614,45.8406217]}},{"type":"Feature","properties":{"bearing":112.73092421808632,"junctionName":"23","roadName":"A9","TMC_LCD":1016,"carriage_ref":"g","TMC_coords":{"lat":46.72815,"lng":6.5701}},"geometry":{"type":"Point","coordinates":[7.6609209,46.3070187]}},{"type":"Feature","properties":{"bearing":51.87034117729904,"junctionName":"23","roadName":"A9","TMC_LCD":1016,"carriage_ref":"k","TMC_coords":{"lat":46.72815,"lng":6.5701}},"geometry":{"type":"Point","coordinates":[9.0350911,45.8390559]}},{"type":"Feature","properties":{"bearing":231.36639373162836,"junctionName":"23","roadName":"A9","TMC_LCD":1016,"carriage_ref":"j","TMC_coords":{"lat":46.72815,"lng":6.5701}},"geometry":{"type":"Point","coordinates":[7.9263135,46.296865]}},{"type":"Feature","properties":{"bearing":50.94436701074474,"junctionName":"23","roadName":"A9","TMC_LCD":1016,"carriage_ref":"c","TMC_coords":{"lat":46.72815,"lng":6.5701}},"geometry":{"type":"Point","coordinates":[6.5060877,46.7388587]}},{"type":"Feature","properties":{"bearing":254.8064277169359,"junctionName":"23","roadName":"A9","TMC_LCD":1016,"carriage_ref":"h","TMC_coords":{"lat":46.72815,"lng":6.5701}},"geometry":{"type":"Point","coordinates":[7.6847522,46.3063674]}},{"type":"Feature","properties":{"bearing":246.12445962244152,"junctionName":"23","roadName":"A9","TMC_LCD":1016,"carriage_ref":"d","TMC_coords":{"lat":46.72815,"lng":6.5701}},"geometry":{"type":"Point","coordinates":[6.5084522,46.7399891]}},{"type":"Feature","properties":{"bearing":261.5624755126496,"junctionName":"23","roadName":"A9","TMC_LCD":1016,"carriage_ref":"b","TMC_coords":{"lat":46.72815,"lng":6.5701}},"geometry":{"type":"Point","coordinates":[6.4536437,46.7371893]}},{"type":"Feature","properties":{"bearing":91.9205474782274,"junctionName":"23","roadName":"A9","TMC_LCD":1016,"carriage_ref":"a","TMC_coords":{"lat":46.72815,"lng":6.5701}},"geometry":{"type":"Point","coordinates":[6.4484489,46.7372401]}},{"type":"Feature","properties":{"bearing":253.16056028827205,"junctionName":"22","roadName":"A9","TMC_LCD":1016,"carriage_ref":"f","TMC_coords":{"lat":46.11451,"lng":7.09583}},"geometry":{"type":"Point","coordinates":[7.095804429811499,46.1145622236367]}},{"type":"Feature","properties":{"bearing":71.26972106855301,"junctionName":"22","roadName":"A9","TMC_LCD":1016,"carriage_ref":"e","TMC_coords":{"lat":46.11451,"lng":7.09583}},"geometry":{"type":"Point","coordinates":[7.0958520627865695,46.114464033005305]}},{"type":"Feature","properties":{"bearing":99.92052125740547,"junctionName":"22","roadName":"A9","TMC_LCD":1016,"carriage_ref":"i","TMC_coords":{"lat":46.11451,"lng":7.09583}},"geometry":{"type":"Point","coordinates":[7.8880874,46.2766187]}},{"type":"Feature","properties":{"bearing":231.3527420667626,"junctionName":"22","roadName":"A9","TMC_LCD":1016,"carriage_ref":"l","TMC_coords":{"lat":46.11451,"lng":7.09583}},"geometry":{"type":"Point","coordinates":[9.0354981,45.8394406]}},{"type":"Feature","properties":{"bearing":112.73092421808632,"junctionName":"22","roadName":"A9","TMC_LCD":1016,"carriage_ref":"g","TMC_coords":{"lat":46.11451,"lng":7.09583}},"geometry":{"type":"Point","coordinates":[7.6609209,46.3070187]}},{"type":"Feature","properties":{"bearing":51.87034117729904,"junctionName":"22","roadName":"A9","TMC_LCD":1016,"carriage_ref":"k","TMC_coords":{"lat":46.11451,"lng":7.09583}},"geometry":{"type":"Point","coordinates":[9.0350911,45.8390559]}},{"type":"Feature","properties":{"bearing":231.36639373162836,"junctionName":"22","roadName":"A9","TMC_LCD":1016,"carriage_ref":"j","TMC_coords":{"lat":46.11451,"lng":7.09583}},"geometry":{"type":"Point","coordinates":[7.9263135,46.296865]}},{"type":"Feature","properties":{"bearing":52.72154696738503,"junctionName":"22","roadName":"A9","TMC_LCD":1016,"carriage_ref":"c","TMC_coords":{"lat":46.11451,"lng":7.09583}},"geometry":{"type":"Point","coordinates":[6.5012779,46.7342034]}},{"type":"Feature","properties":{"bearing":254.8064277169359,"junctionName":"22","roadName":"A9","TMC_LCD":1016,"carriage_ref":"h","TMC_coords":{"lat":46.11451,"lng":7.09583}},"geometry":{"type":"Point","coordinates":[7.6847522,46.3063674]}},{"type":"Feature","properties":{"bearing":246.12445962244152,"junctionName":"22","roadName":"A9","TMC_LCD":1016,"carriage_ref":"d","TMC_coords":{"lat":46.11451,"lng":7.09583}},"geometry":{"type":"Point","coordinates":[6.5084522,46.7399891]}},{"type":"Feature","properties":{"bearing":261.5624755126496,"junctionName":"22","roadName":"A9","TMC_LCD":1016,"carriage_ref":"b","TMC_coords":{"lat":46.11451,"lng":7.09583}},"geometry":{"type":"Point","coordinates":[6.4536437,46.7371893]}},{"type":"Feature","properties":{"bearing":91.9205474782274,"junctionName":"22","roadName":"A9","TMC_LCD":1016,"carriage_ref":"a","TMC_coords":{"lat":46.11451,"lng":7.09583}},"geometry":{"type":"Point","coordinates":[6.4484489,46.7372401]}},{"type":"Feature","properties":{"bearing":311.55734626715497,"junctionName":"12","roadName":"A9","TMC_LCD":1016,"carriage_ref":"f","TMC_coords":{"lat":46.51455,"lng":6.7}},"geometry":{"type":"Point","coordinates":[6.699856248970929,46.51444126503116]}},{"type":"Feature","properties":{"bearing":134.30227550468211,"junctionName":"12","roadName":"A9","TMC_LCD":1016,"carriage_ref":"e","TMC_coords":{"lat":46.51455,"lng":6.7}},"geometry":{"type":"Point","coordinates":[6.699739934461158,46.51436315280213]}},{"type":"Feature","properties":{"bearing":99.92052125740547,"junctionName":"12","roadName":"A9","TMC_LCD":1016,"carriage_ref":"i","TMC_coords":{"lat":46.51455,"lng":6.7}},"geometry":{"type":"Point","coordinates":[7.8880874,46.2766187]}},{"type":"Feature","properties":{"bearing":231.3527420667626,"junctionName":"12","roadName":"A9","TMC_LCD":1016,"carriage_ref":"l","TMC_coords":{"lat":46.51455,"lng":6.7}},"geometry":{"type":"Point","coordinates":[9.0354981,45.8394406]}},{"type":"Feature","properties":{"bearing":112.73092421808632,"junctionName":"12","roadName":"A9","TMC_LCD":1016,"carriage_ref":"g","TMC_coords":{"lat":46.51455,"lng":6.7}},"geometry":{"type":"Point","coordinates":[7.6609209,46.3070187]}},{"type":"Feature","properties":{"bearing":51.87034117729904,"junctionName":"12","roadName":"A9","TMC_LCD":1016,"carriage_ref":"k","TMC_coords":{"lat":46.51455,"lng":6.7}},"geometry":{"type":"Point","coordinates":[9.0350911,45.8390559]}},{"type":"Feature","properties":{"bearing":231.36639373162836,"junctionName":"12","roadName":"A9","TMC_LCD":1016,"carriage_ref":"j","TMC_coords":{"lat":46.51455,"lng":6.7}},"geometry":{"type":"Point","coordinates":[7.9263135,46.296865]}},{"type":"Feature","properties":{"bearing":54.86794053230128,"junctionName":"12","roadName":"A9","TMC_LCD":1016,"carriage_ref":"c","TMC_coords":{"lat":46.51455,"lng":6.7}},"geometry":{"type":"Point","coordinates":[6.5011078,46.7341285]}},{"type":"Feature","properties":{"bearing":254.8064277169359,"junctionName":"12","roadName":"A9","TMC_LCD":1016,"carriage_ref":"h","TMC_coords":{"lat":46.51455,"lng":6.7}},"geometry":{"type":"Point","coordinates":[7.6847522,46.3063674]}},{"type":"Feature","properties":{"bearing":246.12445962244152,"junctionName":"12","roadName":"A9","TMC_LCD":1016,"carriage_ref":"d","TMC_coords":{"lat":46.51455,"lng":6.7}},"geometry":{"type":"Point","coordinates":[6.5084522,46.7399891]}},{"type":"Feature","properties":{"bearing":261.5624755126496,"junctionName":"12","roadName":"A9","TMC_LCD":1016,"carriage_ref":"b","TMC_coords":{"lat":46.51455,"lng":6.7}},"geometry":{"type":"Point","coordinates":[6.4536437,46.7371893]}},{"type":"Feature","properties":{"bearing":91.9205474782274,"junctionName":"12","roadName":"A9","TMC_LCD":1016,"carriage_ref":"a","TMC_coords":{"lat":46.51455,"lng":6.7}},"geometry":{"type":"Point","coordinates":[6.4484489,46.7372401]}},{"type":"Feature","properties":{"bearing":111.09243197185108,"junctionName":"9","roadName":"A53","TMC_LCD":1032,"carriage_ref":"b","TMC_coords":{"lat":47.2894,"lng":8.81815}},"geometry":{"type":"Point","coordinates":[8.7846994,47.2927049]}},{"type":"Feature","properties":{"bearing":296.11258819978514,"junctionName":"9","roadName":"A53","TMC_LCD":1032,"carriage_ref":"a","TMC_coords":{"lat":47.2894,"lng":8.81815}},"geometry":{"type":"Point","coordinates":[8.7881451,47.2917587]}},{"type":"Feature","properties":{"bearing":162.69330517427537,"junctionName":"66","roadName":"A53","TMC_LCD":1032,"carriage_ref":"b","TMC_coords":{"lat":47.41675,"lng":8.6287}},"geometry":{"type":"Point","coordinates":[8.7433934,47.3471671]}},{"type":"Feature","properties":{"bearing":341.70419134390977,"junctionName":"66","roadName":"A53","TMC_LCD":1032,"carriage_ref":"a","TMC_coords":{"lat":47.41675,"lng":8.6287}},"geometry":{"type":"Point","coordinates":[8.7437358,47.3467151]}},{"type":"Feature","properties":{"bearing":159.22733832698205,"junctionName":"7","roadName":"A53","TMC_LCD":1032,"carriage_ref":"b","TMC_coords":{"lat":47.346,"lng":8.743}},"geometry":{"type":"Point","coordinates":[8.743832142700946,47.34621385899785]}},{"type":"Feature","properties":{"bearing":342.34887387772096,"junctionName":"7","roadName":"A53","TMC_LCD":1032,"carriage_ref":"a","TMC_coords":{"lat":47.346,"lng":8.743}},"geometry":{"type":"Point","coordinates":[8.743956026938106,47.346245741887934]}},{"type":"Feature","properties":{"bearing":111.09243197185108,"junctionName":"10","roadName":"A53","TMC_LCD":1032,"carriage_ref":"b","TMC_coords":{"lat":47.27375,"lng":8.83055}},"geometry":{"type":"Point","coordinates":[8.7846994,47.2927049]}},{"type":"Feature","properties":{"bearing":296.11258819978514,"junctionName":"10","roadName":"A53","TMC_LCD":1032,"carriage_ref":"a","TMC_coords":{"lat":47.27375,"lng":8.83055}},"geometry":{"type":"Point","coordinates":[8.7881451,47.2917587]}},{"type":"Feature","properties":{"bearing":111.09243197185108,"junctionName":"14","roadName":"A53","TMC_LCD":1032,"carriage_ref":"b","TMC_coords":{"lat":47.23667,"lng":8.94835}},"geometry":{"type":"Point","coordinates":[8.7846994,47.2927049]}},{"type":"Feature","properties":{"bearing":296.11258819978514,"junctionName":"14","roadName":"A53","TMC_LCD":1032,"carriage_ref":"a","TMC_coords":{"lat":47.23667,"lng":8.94835}},"geometry":{"type":"Point","coordinates":[8.7881451,47.2917587]}},{"type":"Feature","properties":{"bearing":162.69330517427537,"junctionName":"6","roadName":"A53","TMC_LCD":1032,"carriage_ref":"b","TMC_coords":{"lat":47.35995,"lng":8.73095}},"geometry":{"type":"Point","coordinates":[8.7433934,47.3471671]}},{"type":"Feature","properties":{"bearing":341.70419134390977,"junctionName":"6","roadName":"A53","TMC_LCD":1032,"carriage_ref":"a","TMC_coords":{"lat":47.35995,"lng":8.73095}},"geometry":{"type":"Point","coordinates":[8.7437358,47.3467151]}},{"type":"Feature","properties":{"bearing":162.69330517427537,"junctionName":"2","roadName":"A53","TMC_LCD":1032,"carriage_ref":"b","TMC_coords":{"lat":47.41045,"lng":8.63665}},"geometry":{"type":"Point","coordinates":[8.7433934,47.3471671]}},{"type":"Feature","properties":{"bearing":341.70419134390977,"junctionName":"2","roadName":"A53","TMC_LCD":1032,"carriage_ref":"a","TMC_coords":{"lat":47.41045,"lng":8.63665}},"geometry":{"type":"Point","coordinates":[8.7437358,47.3467151]}},{"type":"Feature","properties":{"bearing":111.09243197185108,"junctionName":"11","roadName":"A53","TMC_LCD":1032,"carriage_ref":"b","TMC_coords":{"lat":47.26115,"lng":8.831}},"geometry":{"type":"Point","coordinates":[8.7846994,47.2927049]}},{"type":"Feature","properties":{"bearing":296.11258819978514,"junctionName":"11","roadName":"A53","TMC_LCD":1032,"carriage_ref":"a","TMC_coords":{"lat":47.26115,"lng":8.831}},"geometry":{"type":"Point","coordinates":[8.7881451,47.2917587]}},{"type":"Feature","properties":{"bearing":111.09243197185108,"junctionName":"12","roadName":"A53","TMC_LCD":1032,"carriage_ref":"b","TMC_coords":{"lat":47.24695,"lng":8.8349}},"geometry":{"type":"Point","coordinates":[8.7846994,47.2927049]}},{"type":"Feature","properties":{"bearing":296.11258819978514,"junctionName":"12","roadName":"A53","TMC_LCD":1032,"carriage_ref":"a","TMC_coords":{"lat":47.24695,"lng":8.8349}},"geometry":{"type":"Point","coordinates":[8.7881451,47.2917587]}},{"type":"Feature","properties":{"bearing":111.09243197185108,"junctionName":"42","roadName":"A53","TMC_LCD":1032,"carriage_ref":"b","TMC_coords":{"lat":47.18395,"lng":8.9772}},"geometry":{"type":"Point","coordinates":[8.7846994,47.2927049]}},{"type":"Feature","properties":{"bearing":296.11258819978514,"junctionName":"42","roadName":"A53","TMC_LCD":1032,"carriage_ref":"a","TMC_coords":{"lat":47.18395,"lng":8.9772}},"geometry":{"type":"Point","coordinates":[8.7881451,47.2917587]}},{"type":"Feature","properties":{"bearing":111.09243197185108,"junctionName":"13","roadName":"A53","TMC_LCD":1032,"carriage_ref":"b","TMC_coords":{"lat":47.23065,"lng":8.8671}},"geometry":{"type":"Point","coordinates":[8.7846994,47.2927049]}},{"type":"Feature","properties":{"bearing":296.11258819978514,"junctionName":"13","roadName":"A53","TMC_LCD":1032,"carriage_ref":"a","TMC_coords":{"lat":47.23065,"lng":8.8671}},"geometry":{"type":"Point","coordinates":[8.7881451,47.2917587]}},{"type":"Feature","properties":{"bearing":111.09243197185108,"junctionName":"16","roadName":"A53","TMC_LCD":1032,"carriage_ref":"b","TMC_coords":{"lat":47.2097,"lng":8.9628}},"geometry":{"type":"Point","coordinates":[8.7846994,47.2927049]}},{"type":"Feature","properties":{"bearing":296.11258819978514,"junctionName":"16","roadName":"A53","TMC_LCD":1032,"carriage_ref":"a","TMC_coords":{"lat":47.2097,"lng":8.9628}},"geometry":{"type":"Point","coordinates":[8.7881451,47.2917587]}},{"type":"Feature","properties":{"bearing":162.69330517427537,"junctionName":"5","roadName":"A53","TMC_LCD":1032,"carriage_ref":"b","TMC_coords":{"lat":47.3683,"lng":8.71225}},"geometry":{"type":"Point","coordinates":[8.7433934,47.3471671]}},{"type":"Feature","properties":{"bearing":341.70419134390977,"junctionName":"5","roadName":"A53","TMC_LCD":1032,"carriage_ref":"a","TMC_coords":{"lat":47.3683,"lng":8.71225}},"geometry":{"type":"Point","coordinates":[8.7437358,47.3467151]}},{"type":"Feature","properties":{"bearing":162.69330517427537,"junctionName":"4","roadName":"A53","TMC_LCD":1032,"carriage_ref":"b","TMC_coords":{"lat":47.3806,"lng":8.6856}},"geometry":{"type":"Point","coordinates":[8.7433934,47.3471671]}},{"type":"Feature","properties":{"bearing":341.70419134390977,"junctionName":"4","roadName":"A53","TMC_LCD":1032,"carriage_ref":"a","TMC_coords":{"lat":47.3806,"lng":8.6856}},"geometry":{"type":"Point","coordinates":[8.7437358,47.3467151]}},{"type":"Feature","properties":{"bearing":162.69330517427537,"junctionName":"3","roadName":"A53","TMC_LCD":1032,"carriage_ref":"b","TMC_coords":{"lat":47.39634,"lng":8.66991}},"geometry":{"type":"Point","coordinates":[8.7433934,47.3471671]}},{"type":"Feature","properties":{"bearing":341.70419134390977,"junctionName":"3","roadName":"A53","TMC_LCD":1032,"carriage_ref":"a","TMC_coords":{"lat":47.39634,"lng":8.66991}},"geometry":{"type":"Point","coordinates":[8.7437358,47.3467151]}},{"type":"Feature","properties":{"bearing":111.09243197185108,"junctionName":"15","roadName":"A53","TMC_LCD":1032,"carriage_ref":"b","TMC_coords":{"lat":47.22719,"lng":8.96271}},"geometry":{"type":"Point","coordinates":[8.7846994,47.2927049]}},{"type":"Feature","properties":{"bearing":296.11258819978514,"junctionName":"15","roadName":"A53","TMC_LCD":1032,"carriage_ref":"a","TMC_coords":{"lat":47.22719,"lng":8.96271}},"geometry":{"type":"Point","coordinates":[8.7881451,47.2917587]}},{"type":"Feature","properties":{"bearing":329.593315096777,"junctionName":"13","roadName":"A6","TMC_LCD":1045,"carriage_ref":"a","TMC_coords":{"lat":46.92555,"lng":7.5028}},"geometry":{"type":"Point","coordinates":[7.502695174042832,46.92550682478835]}},{"type":"Feature","properties":{"bearing":147.97992722701184,"junctionName":"13","roadName":"A6","TMC_LCD":1045,"carriage_ref":"b","TMC_coords":{"lat":46.92555,"lng":7.5028}},"geometry":{"type":"Point","coordinates":[7.502587823350157,46.92546223000972]}},{"type":"Feature","properties":{"bearing":335.67673695708874,"junctionName":"15","roadName":"A6","TMC_LCD":1045,"carriage_ref":"a","TMC_coords":{"lat":46.8099,"lng":7.5805}},"geometry":{"type":"Point","coordinates":[7.57985507212687,46.8097312025669]}},{"type":"Feature","properties":{"bearing":160.64028165771543,"junctionName":"15","roadName":"A6","TMC_LCD":1045,"carriage_ref":"b","TMC_coords":{"lat":46.8099,"lng":7.5805}},"geometry":{"type":"Point","coordinates":[7.579705247641985,46.809692120721785]}},{"type":"Feature","properties":{"bearing":357.4630082579415,"junctionName":"16","roadName":"A6","TMC_LCD":1045,"carriage_ref":"a","TMC_coords":{"lat":46.78052,"lng":7.60288}},"geometry":{"type":"Point","coordinates":[7.6029502232807555,46.78052147357063]}},{"type":"Feature","properties":{"bearing":179.42130057468512,"junctionName":"16","roadName":"A6","TMC_LCD":1045,"carriage_ref":"b","TMC_coords":{"lat":46.78052,"lng":7.60288}},"geometry":{"type":"Point","coordinates":[7.602796717048844,46.780518749116]}},{"type":"Feature","properties":{"bearing":332.8752862375447,"junctionName":"14","roadName":"A6","TMC_LCD":1045,"carriage_ref":"a","TMC_coords":{"lat":46.8901,"lng":7.5399}},"geometry":{"type":"Point","coordinates":[7.539686290031398,46.89003047841959]}},{"type":"Feature","properties":{"bearing":155.72173191726944,"junctionName":"14","roadName":"A6","TMC_LCD":1045,"carriage_ref":"b","TMC_coords":{"lat":46.8901,"lng":7.5399}},"geometry":{"type":"Point","coordinates":[7.5395678577765075,46.88999179110842]}},{"type":"Feature","properties":{"bearing":4.829073834167218,"junctionName":"18","roadName":"A6","TMC_LCD":1045,"carriage_ref":"a","TMC_coords":{"lat":46.6934,"lng":7.6508}},"geometry":{"type":"Point","coordinates":[7.650770485914255,46.693403676217365]}},{"type":"Feature","properties":{"bearing":170.74427797740597,"junctionName":"18","roadName":"A6","TMC_LCD":1045,"carriage_ref":"b","TMC_coords":{"lat":46.6934,"lng":7.6508}},"geometry":{"type":"Point","coordinates":[7.6500645,46.6932649]}},{"type":"Feature","properties":{"bearing":286.91218203566984,"junctionName":"2","roadName":"A6","TMC_LCD":1045,"carriage_ref":"a","TMC_coords":{"lat":47.1226,"lng":7.2611}},"geometry":{"type":"Point","coordinates":[7.261153142998438,47.122718879398576]}},{"type":"Feature","properties":{"bearing":107.66938167052787,"junctionName":"2","roadName":"A6","TMC_LCD":1045,"carriage_ref":"b","TMC_coords":{"lat":47.1226,"lng":7.2611}},"geometry":{"type":"Point","coordinates":[7.261123623427939,47.12265140798226]}},{"type":"Feature","properties":{"bearing":293.73964550056075,"junctionName":"38","roadName":"A6","TMC_LCD":1045,"carriage_ref":"a","TMC_coords":{"lat":47.0129,"lng":7.4967}},"geometry":{"type":"Point","coordinates":[7.496969292618152,47.01322930233799]}},{"type":"Feature","properties":{"bearing":158.7948754646414,"junctionName":"38","roadName":"A6","TMC_LCD":1045,"carriage_ref":"b","TMC_coords":{"lat":47.0129,"lng":7.4967}},"geometry":{"type":"Point","coordinates":[7.496222814830498,47.01272716932339]}},{"type":"Feature","properties":{"bearing":7.772634136443209,"junctionName":"17","roadName":"A6","TMC_LCD":1045,"carriage_ref":"a","TMC_coords":{"lat":46.7425,"lng":7.6028}},"geometry":{"type":"Point","coordinates":[7.602794872324817,46.742500476600384]}},{"type":"Feature","properties":{"bearing":188.6436030463114,"junctionName":"17","roadName":"A6","TMC_LCD":1045,"carriage_ref":"b","TMC_coords":{"lat":46.7425,"lng":7.6028}},"geometry":{"type":"Point","coordinates":[7.602635393835981,46.742515089241145]}},{"type":"Feature","properties":{"bearing":302.9810194652994,"junctionName":"6","roadName":"A6","TMC_LCD":1045,"carriage_ref":"a","TMC_coords":{"lat":47.0605,"lng":7.29795}},"geometry":{"type":"Point","coordinates":[7.298027759264433,47.060577639121604]}},{"type":"Feature","properties":{"bearing":125.75917350164616,"junctionName":"6","roadName":"A6","TMC_LCD":1045,"carriage_ref":"b","TMC_coords":{"lat":47.0605,"lng":7.29795}},"geometry":{"type":"Point","coordinates":[7.297949128642453,47.06049916754667]}},{"type":"Feature","properties":{"bearing":327.332341596336,"junctionName":"4","roadName":"A6","TMC_LCD":1045,"carriage_ref":"a","TMC_coords":{"lat":47.1097,"lng":7.3019}},"geometry":{"type":"Point","coordinates":[7.3020070462189235,47.10975051229375]}},{"type":"Feature","properties":{"bearing":144.53342777811818,"junctionName":"4","roadName":"A6","TMC_LCD":1045,"carriage_ref":"b","TMC_coords":{"lat":47.1097,"lng":7.3019}},"geometry":{"type":"Point","coordinates":[7.3019578555952975,47.109726413604335]}},{"type":"Feature","properties":{"bearing":342.32660649813863,"junctionName":"9","roadName":"A6","TMC_LCD":1045,"carriage_ref":"a","TMC_coords":{"lat":47.0186,"lng":7.4891}},"geometry":{"type":"Point","coordinates":[7.489149595963467,47.01861162112164]}},{"type":"Feature","properties":{"bearing":159.8661683301088,"junctionName":"9","roadName":"A6","TMC_LCD":1045,"carriage_ref":"b","TMC_coords":{"lat":47.0186,"lng":7.4891}},"geometry":{"type":"Point","coordinates":[7.489019133890354,47.01858101050021]}},{"type":"Feature","properties":{"bearing":45.41746669060921,"junctionName":"5","roadName":"A6","TMC_LCD":1045,"carriage_ref":"a","TMC_coords":{"lat":47.0827,"lng":7.2961}},"geometry":{"type":"Point","coordinates":[7.296133446531791,47.082676555521964]}},{"type":"Feature","properties":{"bearing":225.50476782983526,"junctionName":"5","roadName":"A6","TMC_LCD":1045,"carriage_ref":"b","TMC_coords":{"lat":47.0827,"lng":7.2961}},"geometry":{"type":"Point","coordinates":[7.2960063756427775,47.0827622481865]}},{"type":"Feature","properties":{"bearing":23.631862578680536,"junctionName":"37","roadName":"A6","TMC_LCD":1045,"carriage_ref":"a","TMC_coords":{"lat":46.96965,"lng":7.4685}},"geometry":{"type":"Point","coordinates":[7.469886362610768,46.969229680765615]}},{"type":"Feature","properties":{"bearing":202.4690716908281,"junctionName":"37","roadName":"A6","TMC_LCD":1045,"carriage_ref":"b","TMC_coords":{"lat":46.96965,"lng":7.4685}},"geometry":{"type":"Point","coordinates":[7.469760288759971,46.969263974364786]}},{"type":"Feature","properties":{"bearing":290.9198637418727,"junctionName":"8","roadName":"A6","TMC_LCD":1045,"carriage_ref":"a","TMC_coords":{"lat":47.038,"lng":7.43025}},"geometry":{"type":"Point","coordinates":[7.430284236562664,47.03805999165048]}},{"type":"Feature","properties":{"bearing":111.35116061947791,"junctionName":"8","roadName":"A6","TMC_LCD":1045,"carriage_ref":"b","TMC_coords":{"lat":47.038,"lng":7.43025}},"geometry":{"type":"Point","coordinates":[7.4302273918142,47.03796023221319]}},{"type":"Feature","properties":{"bearing":342.9204550729325,"junctionName":"12","roadName":"A6","TMC_LCD":1045,"carriage_ref":"a","TMC_coords":{"lat":46.94445,"lng":7.47305}},"geometry":{"type":"Point","coordinates":[7.4726223662477445,46.94435831181781]}},{"type":"Feature","properties":{"bearing":162.57278918840296,"junctionName":"12","roadName":"A6","TMC_LCD":1045,"carriage_ref":"b","TMC_coords":{"lat":46.94445,"lng":7.47305}},"geometry":{"type":"Point","coordinates":[7.472507886183385,46.944335009531606]}},{"type":"Feature","properties":{"bearing":300.1738334123223,"junctionName":"7","roadName":"A6","TMC_LCD":1045,"carriage_ref":"a","TMC_coords":{"lat":47.0471,"lng":7.38585}},"geometry":{"type":"Point","coordinates":[7.3859187,47.0471726]}},{"type":"Feature","properties":{"bearing":121.63560518122503,"junctionName":"7","roadName":"A6","TMC_LCD":1045,"carriage_ref":"b","TMC_coords":{"lat":47.0471,"lng":7.38585}},"geometry":{"type":"Point","coordinates":[7.385833006874488,47.04708101413461]}},{"type":"Feature","properties":{"bearing":285.57301684682363,"junctionName":"3","roadName":"A6","TMC_LCD":1045,"carriage_ref":"a","TMC_coords":{"lat":47.12172,"lng":7.26574}},"geometry":{"type":"Point","coordinates":[7.26575203562164,47.12175619636278]}},{"type":"Feature","properties":{"bearing":108.98350040869822,"junctionName":"3","roadName":"A6","TMC_LCD":1045,"carriage_ref":"b","TMC_coords":{"lat":47.12172,"lng":7.26574}},"geometry":{"type":"Point","coordinates":[7.265716595306773,47.12167073431448]}},{"type":"Feature","properties":{"bearing":347.91674479661714,"junctionName":"37","roadName":"A6","TMC_LCD":1045,"carriage_ref":"a","TMC_coords":{"lat":46.96295,"lng":7.4751}},"geometry":{"type":"Point","coordinates":[7.475155296417552,46.962955224718186]}},{"type":"Feature","properties":{"bearing":178.2826900246832,"junctionName":"37","roadName":"A6","TMC_LCD":1045,"carriage_ref":"b","TMC_coords":{"lat":46.96295,"lng":7.4751}},"geometry":{"type":"Point","coordinates":[7.475031332705319,46.962943173952986]}},{"type":"Feature","properties":{"bearing":61.18824987187683,"junctionName":"7","roadName":"A12","TMC_LCD":1051,"carriage_ref":"b","TMC_coords":{"lat":46.8038,"lng":7.1276}},"geometry":{"type":"Point","coordinates":[7.127819549345873,46.803503187757975]}},{"type":"Feature","properties":{"bearing":244.27008823212225,"junctionName":"7","roadName":"A12","TMC_LCD":1051,"carriage_ref":"a","TMC_coords":{"lat":46.8038,"lng":7.1276}},"geometry":{"type":"Point","coordinates":[7.127763165368666,46.803580807414775]}},{"type":"Feature","properties":{"bearing":40.54100647436229,"junctionName":"11","roadName":"A12","TMC_LCD":1051,"carriage_ref":"b","TMC_coords":{"lat":46.93005,"lng":7.38085}},"geometry":{"type":"Point","coordinates":[7.381066445286642,46.9299297812722]}},{"type":"Feature","properties":{"bearing":217.27097177546327,"junctionName":"11","roadName":"A12","TMC_LCD":1051,"carriage_ref":"a","TMC_coords":{"lat":46.93005,"lng":7.38085}},"geometry":{"type":"Point","coordinates":[7.3809692365910395,46.92998443965314]}},{"type":"Feature","properties":{"bearing":38.995226277372595,"junctionName":"14","roadName":"A12","TMC_LCD":1051,"carriage_ref":"b","TMC_coords":{"lat":46.47515,"lng":6.86185}},"geometry":{"type":"Point","coordinates":[6.8654158,46.4775841]}},{"type":"Feature","properties":{"bearing":214.17594261323143,"junctionName":"14","roadName":"A12","TMC_LCD":1051,"carriage_ref":"a","TMC_coords":{"lat":46.47515,"lng":6.86185}},"geometry":{"type":"Point","coordinates":[6.8673481,46.4796332]}},{"type":"Feature","properties":{"bearing":9.78305679671212,"junctionName":"12","roadName":"A12","TMC_LCD":1051,"carriage_ref":"b","TMC_coords":{"lat":46.94155,"lng":7.4065}},"geometry":{"type":"Point","coordinates":[7.40661113682153,46.94153269811302]}},{"type":"Feature","properties":{"bearing":196.7927785817295,"junctionName":"12","roadName":"A12","TMC_LCD":1051,"carriage_ref":"a","TMC_coords":{"lat":46.94155,"lng":7.4065}},"geometry":{"type":"Point","coordinates":[7.406493725792921,46.94155100231346]}},{"type":"Feature","properties":{"bearing":45.95901886166753,"junctionName":"8","roadName":"A12","TMC_LCD":1051,"carriage_ref":"b","TMC_coords":{"lat":46.82535,"lng":7.14875}},"geometry":{"type":"Point","coordinates":[7.1485348827895265,46.825511630493075]}},{"type":"Feature","properties":{"bearing":229.25187323248366,"junctionName":"8","roadName":"A12","TMC_LCD":1051,"carriage_ref":"a","TMC_coords":{"lat":46.82535,"lng":7.14875}},"geometry":{"type":"Point","coordinates":[7.1484508181526305,46.825574840816394]}},{"type":"Feature","properties":{"bearing":330.86682889642157,"junctionName":"5","roadName":"A12","TMC_LCD":1051,"carriage_ref":"b","TMC_coords":{"lat":46.72145,"lng":7.08745}},"geometry":{"type":"Point","coordinates":[7.087479859374192,46.721461563039156]}},{"type":"Feature","properties":{"bearing":148.48539306255637,"junctionName":"5","roadName":"A12","TMC_LCD":1051,"carriage_ref":"a","TMC_coords":{"lat":46.72145,"lng":7.08745}},"geometry":{"type":"Point","coordinates":[7.087364948684039,46.721417851827994]}},{"type":"Feature","properties":{"bearing":2.6483593284263587,"junctionName":"6","roadName":"A12","TMC_LCD":1051,"carriage_ref":"b","TMC_coords":{"lat":46.7819,"lng":7.0898}},"geometry":{"type":"Point","coordinates":[7.089980471482536,46.781900156591256]}},{"type":"Feature","properties":{"bearing":178.19271912790893,"junctionName":"6","roadName":"A12","TMC_LCD":1051,"carriage_ref":"a","TMC_coords":{"lat":46.7819,"lng":7.0898}},"geometry":{"type":"Point","coordinates":[7.089855395472477,46.78189974272019]}},{"type":"Feature","properties":{"bearing":76.72955215250678,"junctionName":"3","roadName":"A12","TMC_LCD":1051,"carriage_ref":"b","TMC_coords":{"lat":46.61534,"lng":6.97486}},"geometry":{"type":"Point","coordinates":[6.974893985609903,46.61524112996847]}},{"type":"Feature","properties":{"bearing":256.2112337617489,"junctionName":"3","roadName":"A12","TMC_LCD":1051,"carriage_ref":"a","TMC_coords":{"lat":46.61534,"lng":6.97486}},"geometry":{"type":"Point","coordinates":[6.9748643990514445,46.61532783572839]}},{"type":"Feature","properties":{"bearing":20.385035609725076,"junctionName":"2","roadName":"A12","TMC_LCD":1051,"carriage_ref":"b","TMC_coords":{"lat":46.51775,"lng":6.91051}},"geometry":{"type":"Point","coordinates":[6.910533249445652,46.517743965127266]}},{"type":"Feature","properties":{"bearing":200.12724407451637,"junctionName":"2","roadName":"A12","TMC_LCD":1051,"carriage_ref":"a","TMC_coords":{"lat":46.51775,"lng":6.91051}},"geometry":{"type":"Point","coordinates":[6.910415623466043,46.51777377999687]}},{"type":"Feature","properties":{"bearing":29.759133539857316,"junctionName":"4","roadName":"A12","TMC_LCD":1051,"carriage_ref":"b","TMC_coords":{"lat":46.63395,"lng":7.0467}},"geometry":{"type":"Point","coordinates":[7.046546025134785,46.63401049204288]}},{"type":"Feature","properties":{"bearing":209.91469276032177,"junctionName":"4","roadName":"A12","TMC_LCD":1051,"carriage_ref":"a","TMC_coords":{"lat":46.63395,"lng":7.0467}},"geometry":{"type":"Point","coordinates":[7.046438556391577,46.63405328732228]}},{"type":"Feature","properties":{"bearing":105.3657586983801,"junctionName":"10","roadName":"A12","TMC_LCD":1051,"carriage_ref":"b","TMC_coords":{"lat":46.8887,"lng":7.3237}},"geometry":{"type":"Point","coordinates":[7.323623840101942,46.88851209355105]}},{"type":"Feature","properties":{"bearing":285.49400950414247,"junctionName":"10","roadName":"A12","TMC_LCD":1051,"carriage_ref":"a","TMC_coords":{"lat":46.8887,"lng":7.3237}},"geometry":{"type":"Point","coordinates":[7.323657407305504,46.888594986132446]}},{"type":"Feature","properties":{"bearing":359.3652929978241,"junctionName":"34","roadName":"A12","TMC_LCD":1051,"carriage_ref":"b","TMC_coords":{"lat":46.9507,"lng":7.4063}},"geometry":{"type":"Point","coordinates":[7.4067121,46.9480958]}},{"type":"Feature","properties":{"bearing":179.40959197222244,"junctionName":"34","roadName":"A12","TMC_LCD":1051,"carriage_ref":"a","TMC_coords":{"lat":46.9507,"lng":7.4063}},"geometry":{"type":"Point","coordinates":[7.4065824,46.9489036]}},{"type":"Feature","properties":{"bearing":59.118037300014315,"junctionName":"9","roadName":"A12","TMC_LCD":1051,"carriage_ref":"b","TMC_coords":{"lat":46.85505,"lng":7.1911}},"geometry":{"type":"Point","coordinates":[7.191089875247386,46.85506183198898]}},{"type":"Feature","properties":{"bearing":239.65570854702668,"junctionName":"9","roadName":"A12","TMC_LCD":1051,"carriage_ref":"a","TMC_coords":{"lat":46.85505,"lng":7.1911}},"geometry":{"type":"Point","coordinates":[7.19102662882016,46.85513570589447]}},{"type":"Feature","properties":{"bearing":223.85086620953592,"junctionName":"5","roadName":"A5","TMC_LCD":1036,"carriage_ref":"b","TMC_coords":{"lat":46.89608,"lng":6.76904}},"geometry":{"type":"Point","coordinates":[6.768971872642386,46.89612483104073]}},{"type":"Feature","properties":{"bearing":45.01921357854073,"junctionName":"5","roadName":"A5","TMC_LCD":1036,"carriage_ref":"a","TMC_coords":{"lat":46.89608,"lng":6.76904}},"geometry":{"type":"Point","coordinates":[6.769172504742616,46.89599307034563]}},{"type":"Feature","properties":{"bearing":214.42666979470044,"junctionName":"5","roadName":"A5","TMC_LCD":1036,"carriage_ref":"d","TMC_coords":{"lat":46.89608,"lng":6.76904}},"geometry":{"type":"Point","coordinates":[7.2624155,47.1245418]}},{"type":"Feature","properties":{"bearing":112.56141351469283,"junctionName":"5","roadName":"A5","TMC_LCD":1036,"carriage_ref":"c","TMC_coords":{"lat":46.89608,"lng":6.76904}},"geometry":{"type":"Point","coordinates":[7.2581774,47.1232738]}},{"type":"Feature","properties":{"bearing":176.750017498218,"junctionName":"2","roadName":"A5","TMC_LCD":1036,"carriage_ref":"b","TMC_coords":{"lat":46.78875,"lng":6.6194}},"geometry":{"type":"Point","coordinates":[6.619081846982598,46.788739060363135]}},{"type":"Feature","properties":{"bearing":357.7192917082143,"junctionName":"2","roadName":"A5","TMC_LCD":1036,"carriage_ref":"a","TMC_coords":{"lat":46.78875,"lng":6.6194}},"geometry":{"type":"Point","coordinates":[6.619205811151363,46.78873941805873]}},{"type":"Feature","properties":{"bearing":214.42666979470044,"junctionName":"2","roadName":"A5","TMC_LCD":1036,"carriage_ref":"d","TMC_coords":{"lat":46.78875,"lng":6.6194}},"geometry":{"type":"Point","coordinates":[7.2624155,47.1245418]}},{"type":"Feature","properties":{"bearing":112.56141351469283,"junctionName":"2","roadName":"A5","TMC_LCD":1036,"carriage_ref":"c","TMC_coords":{"lat":46.78875,"lng":6.6194}},"geometry":{"type":"Point","coordinates":[7.2581774,47.1232738]}},{"type":"Feature","properties":{"bearing":217.70435666895537,"junctionName":"6","roadName":"A5","TMC_LCD":1036,"carriage_ref":"b","TMC_coords":{"lat":46.92308,"lng":6.81006}},"geometry":{"type":"Point","coordinates":[6.810080392793339,46.92306887384813]}},{"type":"Feature","properties":{"bearing":40.520638025502095,"junctionName":"6","roadName":"A5","TMC_LCD":1036,"carriage_ref":"a","TMC_coords":{"lat":46.92308,"lng":6.81006}},"geometry":{"type":"Point","coordinates":[6.810187688094011,46.92301012796872]}},{"type":"Feature","properties":{"bearing":214.42666979470044,"junctionName":"6","roadName":"A5","TMC_LCD":1036,"carriage_ref":"d","TMC_coords":{"lat":46.92308,"lng":6.81006}},"geometry":{"type":"Point","coordinates":[7.2624155,47.1245418]}},{"type":"Feature","properties":{"bearing":112.56141351469283,"junctionName":"6","roadName":"A5","TMC_LCD":1036,"carriage_ref":"c","TMC_coords":{"lat":46.92308,"lng":6.81006}},"geometry":{"type":"Point","coordinates":[7.2581774,47.1232738]}},{"type":"Feature","properties":{"bearing":244.83173305892052,"junctionName":"20","roadName":"A5","TMC_LCD":1036,"carriage_ref":"b","TMC_coords":{"lat":47.0667,"lng":7.10635}},"geometry":{"type":"Point","coordinates":[7.1056555,47.0664858]}},{"type":"Feature","properties":{"bearing":70.52616644179207,"junctionName":"20","roadName":"A5","TMC_LCD":1036,"carriage_ref":"a","TMC_coords":{"lat":47.0667,"lng":7.10635}},"geometry":{"type":"Point","coordinates":[7.103595,47.0658801]}},{"type":"Feature","properties":{"bearing":214.42666979470044,"junctionName":"20","roadName":"A5","TMC_LCD":1036,"carriage_ref":"d","TMC_coords":{"lat":47.0667,"lng":7.10635}},"geometry":{"type":"Point","coordinates":[7.2624155,47.1245418]}},{"type":"Feature","properties":{"bearing":112.56141351469283,"junctionName":"20","roadName":"A5","TMC_LCD":1036,"carriage_ref":"c","TMC_coords":{"lat":47.0667,"lng":7.10635}},"geometry":{"type":"Point","coordinates":[7.2581774,47.1232738]}},{"type":"Feature","properties":{"bearing":226.13781489080384,"junctionName":"7","roadName":"A5","TMC_LCD":1036,"carriage_ref":"b","TMC_coords":{"lat":46.94212,"lng":6.82952}},"geometry":{"type":"Point","coordinates":[6.829493130462995,46.94213908064983]}},{"type":"Feature","properties":{"bearing":46.188685910649774,"junctionName":"7","roadName":"A5","TMC_LCD":1036,"carriage_ref":"a","TMC_coords":{"lat":46.94212,"lng":6.82952}},"geometry":{"type":"Point","coordinates":[6.829589041269,46.94207085828685]}},{"type":"Feature","properties":{"bearing":214.42666979470044,"junctionName":"7","roadName":"A5","TMC_LCD":1036,"carriage_ref":"d","TMC_coords":{"lat":46.94212,"lng":6.82952}},"geometry":{"type":"Point","coordinates":[7.2624155,47.1245418]}},{"type":"Feature","properties":{"bearing":112.56141351469283,"junctionName":"7","roadName":"A5","TMC_LCD":1036,"carriage_ref":"c","TMC_coords":{"lat":46.94212,"lng":6.82952}},"geometry":{"type":"Point","coordinates":[7.2581774,47.1232738]}},{"type":"Feature","properties":{"bearing":242.98956371311687,"junctionName":"20","roadName":"A5","TMC_LCD":1036,"carriage_ref":"b","TMC_coords":{"lat":47.0579,"lng":7.06955}},"geometry":{"type":"Point","coordinates":[7.069544814858166,47.05790667618892]}},{"type":"Feature","properties":{"bearing":62.66658761792281,"junctionName":"20","roadName":"A5","TMC_LCD":1036,"carriage_ref":"a","TMC_coords":{"lat":47.0579,"lng":7.06955}},"geometry":{"type":"Point","coordinates":[7.0695916072175535,47.05784562460003]}},{"type":"Feature","properties":{"bearing":214.42666979470044,"junctionName":"20","roadName":"A5","TMC_LCD":1036,"carriage_ref":"d","TMC_coords":{"lat":47.0579,"lng":7.06955}},"geometry":{"type":"Point","coordinates":[7.2624155,47.1245418]}},{"type":"Feature","properties":{"bearing":112.56141351469283,"junctionName":"20","roadName":"A5","TMC_LCD":1036,"carriage_ref":"c","TMC_coords":{"lat":47.0579,"lng":7.06955}},"geometry":{"type":"Point","coordinates":[7.2581774,47.1232738]}},{"type":"Feature","properties":{"bearing":227.163046396326,"junctionName":"13","roadName":"A5","TMC_LCD":1036,"carriage_ref":"b","TMC_coords":{"lat":46.99805,"lng":6.95545}},"geometry":{"type":"Point","coordinates":[6.9553325209611385,46.99812535048661]}},{"type":"Feature","properties":{"bearing":36.47427974958126,"junctionName":"13","roadName":"A5","TMC_LCD":1036,"carriage_ref":"a","TMC_coords":{"lat":46.99805,"lng":6.95545}},"geometry":{"type":"Point","coordinates":[6.955477353914943,46.9980333918179]}},{"type":"Feature","properties":{"bearing":214.42666979470044,"junctionName":"13","roadName":"A5","TMC_LCD":1036,"carriage_ref":"d","TMC_coords":{"lat":46.99805,"lng":6.95545}},"geometry":{"type":"Point","coordinates":[7.2624155,47.1245418]}},{"type":"Feature","properties":{"bearing":112.56141351469283,"junctionName":"13","roadName":"A5","TMC_LCD":1036,"carriage_ref":"c","TMC_coords":{"lat":46.99805,"lng":6.95545}},"geometry":{"type":"Point","coordinates":[7.2581774,47.1232738]}},{"type":"Feature","properties":{"bearing":244.83173305892052,"junctionName":"29","roadName":"A5","TMC_LCD":1036,"carriage_ref":"b","TMC_coords":{"lat":47.16821,"lng":7.3649}},"geometry":{"type":"Point","coordinates":[7.1056555,47.0664858]}},{"type":"Feature","properties":{"bearing":70.52616644179207,"junctionName":"29","roadName":"A5","TMC_LCD":1036,"carriage_ref":"a","TMC_coords":{"lat":47.16821,"lng":7.3649}},"geometry":{"type":"Point","coordinates":[7.103595,47.0658801]}},{"type":"Feature","properties":{"bearing":271.90201802629923,"junctionName":"29","roadName":"A5","TMC_LCD":1036,"carriage_ref":"d","TMC_coords":{"lat":47.16821,"lng":7.3649}},"geometry":{"type":"Point","coordinates":[7.36490208052781,47.16825255700587]}},{"type":"Feature","properties":{"bearing":92.5599318968019,"junctionName":"29","roadName":"A5","TMC_LCD":1036,"carriage_ref":"c","TMC_coords":{"lat":47.16821,"lng":7.3649}},"geometry":{"type":"Point","coordinates":[7.364897873630704,47.16817092590043]}},{"type":"Feature","properties":{"bearing":217.6024295665799,"junctionName":"11","roadName":"A5","TMC_LCD":1036,"carriage_ref":"b","TMC_coords":{"lat":46.98252,"lng":6.90875}},"geometry":{"type":"Point","coordinates":[6.908685329449313,46.982552596876296]}},{"type":"Feature","properties":{"bearing":38.00395461254579,"junctionName":"11","roadName":"A5","TMC_LCD":1036,"carriage_ref":"a","TMC_coords":{"lat":46.98252,"lng":6.90875}},"geometry":{"type":"Point","coordinates":[6.908797357124261,46.982494620732155]}},{"type":"Feature","properties":{"bearing":214.42666979470044,"junctionName":"11","roadName":"A5","TMC_LCD":1036,"carriage_ref":"d","TMC_coords":{"lat":46.98252,"lng":6.90875}},"geometry":{"type":"Point","coordinates":[7.2624155,47.1245418]}},{"type":"Feature","properties":{"bearing":112.56141351469283,"junctionName":"11","roadName":"A5","TMC_LCD":1036,"carriage_ref":"c","TMC_coords":{"lat":46.98252,"lng":6.90875}},"geometry":{"type":"Point","coordinates":[7.2581774,47.1232738]}},{"type":"Feature","properties":{"bearing":223.18269901233924,"junctionName":"3","roadName":"A5","TMC_LCD":1036,"carriage_ref":"b","TMC_coords":{"lat":46.82279,"lng":6.65953}},"geometry":{"type":"Point","coordinates":[6.659386438908604,46.82288374378832]}},{"type":"Feature","properties":{"bearing":43.33000544200777,"junctionName":"3","roadName":"A5","TMC_LCD":1036,"carriage_ref":"a","TMC_coords":{"lat":46.82279,"lng":6.65953}},"geometry":{"type":"Point","coordinates":[6.659480535024424,46.822819773801875]}},{"type":"Feature","properties":{"bearing":214.42666979470044,"junctionName":"3","roadName":"A5","TMC_LCD":1036,"carriage_ref":"d","TMC_coords":{"lat":46.82279,"lng":6.65953}},"geometry":{"type":"Point","coordinates":[7.2624155,47.1245418]}},{"type":"Feature","properties":{"bearing":112.56141351469283,"junctionName":"3","roadName":"A5","TMC_LCD":1036,"carriage_ref":"c","TMC_coords":{"lat":46.82279,"lng":6.65953}},"geometry":{"type":"Point","coordinates":[7.2581774,47.1232738]}},{"type":"Feature","properties":{"bearing":244.83173305892052,"junctionName":"26","roadName":"A5","TMC_LCD":1036,"carriage_ref":"b","TMC_coords":{"lat":47.14167,"lng":7.28863}},"geometry":{"type":"Point","coordinates":[7.1056555,47.0664858]}},{"type":"Feature","properties":{"bearing":70.52616644179207,"junctionName":"26","roadName":"A5","TMC_LCD":1036,"carriage_ref":"a","TMC_coords":{"lat":47.14167,"lng":7.28863}},"geometry":{"type":"Point","coordinates":[7.103595,47.0658801]}},{"type":"Feature","properties":{"bearing":185.56314281881322,"junctionName":"26","roadName":"A5","TMC_LCD":1036,"carriage_ref":"d","TMC_coords":{"lat":47.14167,"lng":7.28863}},"geometry":{"type":"Point","coordinates":[7.288552771202929,47.14167669151753]}},{"type":"Feature","properties":{"bearing":2.895073462710394,"junctionName":"26","roadName":"A5","TMC_LCD":1036,"carriage_ref":"c","TMC_coords":{"lat":47.14167,"lng":7.28863}},"geometry":{"type":"Point","coordinates":[7.288758665119434,47.14166187984189]}},{"type":"Feature","properties":{"bearing":195.02498242050984,"junctionName":"24","roadName":"A5","TMC_LCD":1036,"carriage_ref":"b","TMC_coords":{"lat":46.75825,"lng":6.6372}},"geometry":{"type":"Point","coordinates":[6.6358467669873145,46.75842151526137]}},{"type":"Feature","properties":{"bearing":351.17816764623205,"junctionName":"24","roadName":"A5","TMC_LCD":1036,"carriage_ref":"a","TMC_coords":{"lat":46.75825,"lng":6.6372}},"geometry":{"type":"Point","coordinates":[6.636561707228103,46.75821411841741]}},{"type":"Feature","properties":{"bearing":214.42666979470044,"junctionName":"24","roadName":"A5","TMC_LCD":1036,"carriage_ref":"d","TMC_coords":{"lat":46.75825,"lng":6.6372}},"geometry":{"type":"Point","coordinates":[7.2624155,47.1245418]}},{"type":"Feature","properties":{"bearing":112.56141351469283,"junctionName":"24","roadName":"A5","TMC_LCD":1036,"carriage_ref":"c","TMC_coords":{"lat":46.75825,"lng":6.6372}},"geometry":{"type":"Point","coordinates":[7.2581774,47.1232738]}},{"type":"Feature","properties":{"bearing":244.83173305892052,"junctionName":"31","roadName":"A5","TMC_LCD":1036,"carriage_ref":"b","TMC_coords":{"lat":47.1952,"lng":7.53283}},"geometry":{"type":"Point","coordinates":[7.1056555,47.0664858]}},{"type":"Feature","properties":{"bearing":70.52616644179207,"junctionName":"31","roadName":"A5","TMC_LCD":1036,"carriage_ref":"a","TMC_coords":{"lat":47.1952,"lng":7.53283}},"geometry":{"type":"Point","coordinates":[7.103595,47.0658801]}},{"type":"Feature","properties":{"bearing":280.6065262735413,"junctionName":"31","roadName":"A5","TMC_LCD":1036,"carriage_ref":"d","TMC_coords":{"lat":47.1952,"lng":7.53283}},"geometry":{"type":"Point","coordinates":[7.532850445126356,47.195274098631074]}},{"type":"Feature","properties":{"bearing":100.47643345189543,"junctionName":"31","roadName":"A5","TMC_LCD":1036,"carriage_ref":"c","TMC_coords":{"lat":47.1952,"lng":7.53283}},"geometry":{"type":"Point","coordinates":[7.53281506646077,47.195145109814376]}},{"type":"Feature","properties":{"bearing":268.324102221478,"junctionName":"16","roadName":"A5","TMC_LCD":1036,"carriage_ref":"b","TMC_coords":{"lat":47.01345,"lng":7.0076}},"geometry":{"type":"Point","coordinates":[7.007603129254188,47.01340651200384]}},{"type":"Feature","properties":{"bearing":87.0973765499086,"junctionName":"16","roadName":"A5","TMC_LCD":1036,"carriage_ref":"a","TMC_coords":{"lat":47.01345,"lng":7.0076}},"geometry":{"type":"Point","coordinates":[7.007609457857238,47.01332277241932]}},{"type":"Feature","properties":{"bearing":214.42666979470044,"junctionName":"16","roadName":"A5","TMC_LCD":1036,"carriage_ref":"d","TMC_coords":{"lat":47.01345,"lng":7.0076}},"geometry":{"type":"Point","coordinates":[7.2624155,47.1245418]}},{"type":"Feature","properties":{"bearing":112.56141351469283,"junctionName":"16","roadName":"A5","TMC_LCD":1036,"carriage_ref":"c","TMC_coords":{"lat":47.01345,"lng":7.0076}},"geometry":{"type":"Point","coordinates":[7.2581774,47.1232738]}},{"type":"Feature","properties":{"bearing":209.4087531407734,"junctionName":"9","roadName":"A5","TMC_LCD":1036,"carriage_ref":"b","TMC_coords":{"lat":46.97054,"lng":6.87268}},"geometry":{"type":"Point","coordinates":[6.872666219031907,46.97054569408831]}},{"type":"Feature","properties":{"bearing":33.933265404248374,"junctionName":"9","roadName":"A5","TMC_LCD":1036,"carriage_ref":"a","TMC_coords":{"lat":46.97054,"lng":6.87268}},"geometry":{"type":"Point","coordinates":[6.872761508058837,46.97050582085119]}},{"type":"Feature","properties":{"bearing":214.42666979470044,"junctionName":"9","roadName":"A5","TMC_LCD":1036,"carriage_ref":"d","TMC_coords":{"lat":46.97054,"lng":6.87268}},"geometry":{"type":"Point","coordinates":[7.2624155,47.1245418]}},{"type":"Feature","properties":{"bearing":112.56141351469283,"junctionName":"9","roadName":"A5","TMC_LCD":1036,"carriage_ref":"c","TMC_coords":{"lat":46.97054,"lng":6.87268}},"geometry":{"type":"Point","coordinates":[7.2581774,47.1232738]}},{"type":"Feature","properties":{"bearing":244.83173305892052,"junctionName":"21","roadName":"A5","TMC_LCD":1036,"carriage_ref":"b","TMC_coords":{"lat":47.0939,"lng":7.15665}},"geometry":{"type":"Point","coordinates":[7.1056555,47.0664858]}},{"type":"Feature","properties":{"bearing":70.52616644179207,"junctionName":"21","roadName":"A5","TMC_LCD":1036,"carriage_ref":"a","TMC_coords":{"lat":47.0939,"lng":7.15665}},"geometry":{"type":"Point","coordinates":[7.103595,47.0658801]}},{"type":"Feature","properties":{"bearing":214.42666979470044,"junctionName":"21","roadName":"A5","TMC_LCD":1036,"carriage_ref":"d","TMC_coords":{"lat":47.0939,"lng":7.15665}},"geometry":{"type":"Point","coordinates":[7.2624155,47.1245418]}},{"type":"Feature","properties":{"bearing":112.56141351469283,"junctionName":"21","roadName":"A5","TMC_LCD":1036,"carriage_ref":"c","TMC_coords":{"lat":47.0939,"lng":7.15665}},"geometry":{"type":"Point","coordinates":[7.2581774,47.1232738]}},{"type":"Feature","properties":{"bearing":247.94818622157538,"junctionName":"19","roadName":"A5","TMC_LCD":1036,"carriage_ref":"b","TMC_coords":{"lat":47.05445,"lng":7.04915}},"geometry":{"type":"Point","coordinates":[7.04902107661752,47.05466491161945]}},{"type":"Feature","properties":{"bearing":67.16413523935972,"junctionName":"19","roadName":"A5","TMC_LCD":1036,"carriage_ref":"a","TMC_coords":{"lat":47.05445,"lng":7.04915}},"geometry":{"type":"Point","coordinates":[7.049060729762816,47.0545943865315]}},{"type":"Feature","properties":{"bearing":214.42666979470044,"junctionName":"19","roadName":"A5","TMC_LCD":1036,"carriage_ref":"d","TMC_coords":{"lat":47.05445,"lng":7.04915}},"geometry":{"type":"Point","coordinates":[7.2624155,47.1245418]}},{"type":"Feature","properties":{"bearing":112.56141351469283,"junctionName":"19","roadName":"A5","TMC_LCD":1036,"carriage_ref":"c","TMC_coords":{"lat":47.05445,"lng":7.04915}},"geometry":{"type":"Point","coordinates":[7.2581774,47.1232738]}},{"type":"Feature","properties":{"bearing":244.83173305892052,"junctionName":"28","roadName":"A5","TMC_LCD":1036,"carriage_ref":"b","TMC_coords":{"lat":47.15902,"lng":7.28666}},"geometry":{"type":"Point","coordinates":[7.1056555,47.0664858]}},{"type":"Feature","properties":{"bearing":70.52616644179207,"junctionName":"28","roadName":"A5","TMC_LCD":1036,"carriage_ref":"a","TMC_coords":{"lat":47.15902,"lng":7.28666}},"geometry":{"type":"Point","coordinates":[7.103595,47.0658801]}},{"type":"Feature","properties":{"bearing":241.87249972631253,"junctionName":"28","roadName":"A5","TMC_LCD":1036,"carriage_ref":"d","TMC_coords":{"lat":47.15902,"lng":7.28666}},"geometry":{"type":"Point","coordinates":[7.286625789307263,47.1590677136209]}},{"type":"Feature","properties":{"bearing":65.59394960108594,"junctionName":"28","roadName":"A5","TMC_LCD":1036,"carriage_ref":"c","TMC_coords":{"lat":47.15902,"lng":7.28666}},"geometry":{"type":"Point","coordinates":[7.286660542583663,47.15901932168284]}},{"type":"Feature","properties":{"bearing":242.71815873186108,"junctionName":"15","roadName":"A5","TMC_LCD":1036,"carriage_ref":"b","TMC_coords":{"lat":47.01179,"lng":6.99016}},"geometry":{"type":"Point","coordinates":[6.9901576987672085,47.01179256869908]}},{"type":"Feature","properties":{"bearing":57.73356998809646,"junctionName":"15","roadName":"A5","TMC_LCD":1036,"carriage_ref":"a","TMC_coords":{"lat":47.01179,"lng":6.99016}},"geometry":{"type":"Point","coordinates":[6.9902472913457965,47.01169572334111]}},{"type":"Feature","properties":{"bearing":214.42666979470044,"junctionName":"15","roadName":"A5","TMC_LCD":1036,"carriage_ref":"d","TMC_coords":{"lat":47.01179,"lng":6.99016}},"geometry":{"type":"Point","coordinates":[7.2624155,47.1245418]}},{"type":"Feature","properties":{"bearing":112.56141351469283,"junctionName":"15","roadName":"A5","TMC_LCD":1036,"carriage_ref":"c","TMC_coords":{"lat":47.01179,"lng":6.99016}},"geometry":{"type":"Point","coordinates":[7.2581774,47.1232738]}},{"type":"Feature","properties":{"bearing":199.87354385065674,"junctionName":"18","roadName":"A5","TMC_LCD":1036,"carriage_ref":"b","TMC_coords":{"lat":47.03737,"lng":7.02728}},"geometry":{"type":"Point","coordinates":[7.027279870025971,47.03737003381127]}},{"type":"Feature","properties":{"bearing":21.685643468895666,"junctionName":"18","roadName":"A5","TMC_LCD":1036,"carriage_ref":"a","TMC_coords":{"lat":47.03737,"lng":7.02728}},"geometry":{"type":"Point","coordinates":[7.027398161848716,47.037338783206735]}},{"type":"Feature","properties":{"bearing":214.42666979470044,"junctionName":"18","roadName":"A5","TMC_LCD":1036,"carriage_ref":"d","TMC_coords":{"lat":47.03737,"lng":7.02728}},"geometry":{"type":"Point","coordinates":[7.2624155,47.1245418]}},{"type":"Feature","properties":{"bearing":112.56141351469283,"junctionName":"18","roadName":"A5","TMC_LCD":1036,"carriage_ref":"c","TMC_coords":{"lat":47.03737,"lng":7.02728}},"geometry":{"type":"Point","coordinates":[7.2581774,47.1232738]}},{"type":"Feature","properties":{"bearing":244.83173305892052,"junctionName":"41","roadName":"A5","TMC_LCD":1036,"carriage_ref":"b","TMC_coords":{"lat":47.21055,"lng":7.60045}},"geometry":{"type":"Point","coordinates":[7.1056555,47.0664858]}},{"type":"Feature","properties":{"bearing":70.52616644179207,"junctionName":"41","roadName":"A5","TMC_LCD":1036,"carriage_ref":"a","TMC_coords":{"lat":47.21055,"lng":7.60045}},"geometry":{"type":"Point","coordinates":[7.103595,47.0658801]}},{"type":"Feature","properties":{"bearing":269.6480957140811,"junctionName":"41","roadName":"A5","TMC_LCD":1036,"carriage_ref":"d","TMC_coords":{"lat":47.21055,"lng":7.60045}},"geometry":{"type":"Point","coordinates":[7.5951845,47.210227]}},{"type":"Feature","properties":{"bearing":87.75008735861562,"junctionName":"41","roadName":"A5","TMC_LCD":1036,"carriage_ref":"c","TMC_coords":{"lat":47.21055,"lng":7.60045}},"geometry":{"type":"Point","coordinates":[7.5937637,47.2101056]}},{"type":"Feature","properties":{"bearing":252.05148854962493,"junctionName":"10","roadName":"A5","TMC_LCD":1036,"carriage_ref":"b","TMC_coords":{"lat":46.97859,"lng":6.88997}},"geometry":{"type":"Point","coordinates":[6.8899359168090095,46.97866178142693]}},{"type":"Feature","properties":{"bearing":70.34204223091636,"junctionName":"10","roadName":"A5","TMC_LCD":1036,"carriage_ref":"a","TMC_coords":{"lat":46.97859,"lng":6.88997}},"geometry":{"type":"Point","coordinates":[6.889985178830175,46.97855546440309]}},{"type":"Feature","properties":{"bearing":214.42666979470044,"junctionName":"10","roadName":"A5","TMC_LCD":1036,"carriage_ref":"d","TMC_coords":{"lat":46.97859,"lng":6.88997}},"geometry":{"type":"Point","coordinates":[7.2624155,47.1245418]}},{"type":"Feature","properties":{"bearing":112.56141351469283,"junctionName":"10","roadName":"A5","TMC_LCD":1036,"carriage_ref":"c","TMC_coords":{"lat":46.97859,"lng":6.88997}},"geometry":{"type":"Point","coordinates":[7.2581774,47.1232738]}},{"type":"Feature","properties":{"bearing":244.83173305892052,"junctionName":"27","roadName":"A5","TMC_LCD":1036,"carriage_ref":"b","TMC_coords":{"lat":47.15719,"lng":7.28471}},"geometry":{"type":"Point","coordinates":[7.1056555,47.0664858]}},{"type":"Feature","properties":{"bearing":70.52616644179207,"junctionName":"27","roadName":"A5","TMC_LCD":1036,"carriage_ref":"a","TMC_coords":{"lat":47.15719,"lng":7.28471}},"geometry":{"type":"Point","coordinates":[7.103595,47.0658801]}},{"type":"Feature","properties":{"bearing":177.3591159260069,"junctionName":"27","roadName":"A5","TMC_LCD":1036,"carriage_ref":"d","TMC_coords":{"lat":47.15719,"lng":7.28471}},"geometry":{"type":"Point","coordinates":[7.284715348167836,47.15718992973707]}},{"type":"Feature","properties":{"bearing":8.674621323704796,"junctionName":"27","roadName":"A5","TMC_LCD":1036,"carriage_ref":"c","TMC_coords":{"lat":47.15719,"lng":7.28471}},"geometry":{"type":"Point","coordinates":[7.284832847300782,47.1571887293064]}},{"type":"Feature","properties":{"bearing":199.12533589706845,"junctionName":"4","roadName":"A5","TMC_LCD":1036,"carriage_ref":"b","TMC_coords":{"lat":46.87126,"lng":6.75463}},"geometry":{"type":"Point","coordinates":[6.754562186763834,46.87127602441272]}},{"type":"Feature","properties":{"bearing":19.853083171880293,"junctionName":"4","roadName":"A5","TMC_LCD":1036,"carriage_ref":"a","TMC_coords":{"lat":46.87126,"lng":6.75463}},"geometry":{"type":"Point","coordinates":[6.754699277026791,46.871242635355465]}},{"type":"Feature","properties":{"bearing":214.42666979470044,"junctionName":"4","roadName":"A5","TMC_LCD":1036,"carriage_ref":"d","TMC_coords":{"lat":46.87126,"lng":6.75463}},"geometry":{"type":"Point","coordinates":[7.2624155,47.1245418]}},{"type":"Feature","properties":{"bearing":112.56141351469283,"junctionName":"4","roadName":"A5","TMC_LCD":1036,"carriage_ref":"c","TMC_coords":{"lat":46.87126,"lng":6.75463}},"geometry":{"type":"Point","coordinates":[7.2581774,47.1232738]}},{"type":"Feature","properties":{"bearing":240.03070443924003,"junctionName":"12","roadName":"A5","TMC_LCD":1036,"carriage_ref":"b","TMC_coords":{"lat":46.9915,"lng":6.92095}},"geometry":{"type":"Point","coordinates":[6.920487282265286,46.99199986338353]}},{"type":"Feature","properties":{"bearing":55.376294033373604,"junctionName":"12","roadName":"A5","TMC_LCD":1036,"carriage_ref":"a","TMC_coords":{"lat":46.9915,"lng":6.92095}},"geometry":{"type":"Point","coordinates":[6.92058979879854,46.991889867827105]}},{"type":"Feature","properties":{"bearing":214.42666979470044,"junctionName":"12","roadName":"A5","TMC_LCD":1036,"carriage_ref":"d","TMC_coords":{"lat":46.9915,"lng":6.92095}},"geometry":{"type":"Point","coordinates":[7.2624155,47.1245418]}},{"type":"Feature","properties":{"bearing":112.56141351469283,"junctionName":"12","roadName":"A5","TMC_LCD":1036,"carriage_ref":"c","TMC_coords":{"lat":46.9915,"lng":6.92095}},"geometry":{"type":"Point","coordinates":[7.2581774,47.1232738]}},{"type":"Feature","properties":{"bearing":244.83173305892052,"junctionName":"25","roadName":"A5","TMC_LCD":1036,"carriage_ref":"b","TMC_coords":{"lat":47.1226,"lng":7.2611}},"geometry":{"type":"Point","coordinates":[7.1056555,47.0664858]}},{"type":"Feature","properties":{"bearing":70.52616644179207,"junctionName":"25","roadName":"A5","TMC_LCD":1036,"carriage_ref":"a","TMC_coords":{"lat":47.1226,"lng":7.2611}},"geometry":{"type":"Point","coordinates":[7.103595,47.0658801]}},{"type":"Feature","properties":{"bearing":214.42666979470044,"junctionName":"25","roadName":"A5","TMC_LCD":1036,"carriage_ref":"d","TMC_coords":{"lat":47.1226,"lng":7.2611}},"geometry":{"type":"Point","coordinates":[7.2624155,47.1245418]}},{"type":"Feature","properties":{"bearing":64.69026510457866,"junctionName":"25","roadName":"A5","TMC_LCD":1036,"carriage_ref":"c","TMC_coords":{"lat":47.1226,"lng":7.2611}},"geometry":{"type":"Point","coordinates":[7.261166096386999,47.12242461494182]}},{"type":"Feature","properties":{"bearing":244.83173305892052,"junctionName":"32","roadName":"A5","TMC_LCD":1036,"carriage_ref":"b","TMC_coords":{"lat":47.19558,"lng":7.54718}},"geometry":{"type":"Point","coordinates":[7.1056555,47.0664858]}},{"type":"Feature","properties":{"bearing":70.52616644179207,"junctionName":"32","roadName":"A5","TMC_LCD":1036,"carriage_ref":"a","TMC_coords":{"lat":47.19558,"lng":7.54718}},"geometry":{"type":"Point","coordinates":[7.103595,47.0658801]}},{"type":"Feature","properties":{"bearing":269.38714835911094,"junctionName":"32","roadName":"A5","TMC_LCD":1036,"carriage_ref":"d","TMC_coords":{"lat":47.19558,"lng":7.54718}},"geometry":{"type":"Point","coordinates":[7.5471797381545676,47.19559636976343]}},{"type":"Feature","properties":{"bearing":89.1832841407131,"junctionName":"32","roadName":"A5","TMC_LCD":1036,"carriage_ref":"c","TMC_coords":{"lat":47.19558,"lng":7.54718}},"geometry":{"type":"Point","coordinates":[7.547182107914887,47.19547923643143]}},{"type":"Feature","properties":{"bearing":244.83173305892052,"junctionName":"21","roadName":"A5","TMC_LCD":1036,"carriage_ref":"b","TMC_coords":{"lat":47.08009,"lng":7.12435}},"geometry":{"type":"Point","coordinates":[7.1056555,47.0664858]}},{"type":"Feature","properties":{"bearing":70.52616644179207,"junctionName":"21","roadName":"A5","TMC_LCD":1036,"carriage_ref":"a","TMC_coords":{"lat":47.08009,"lng":7.12435}},"geometry":{"type":"Point","coordinates":[7.103595,47.0658801]}},{"type":"Feature","properties":{"bearing":214.42666979470044,"junctionName":"21","roadName":"A5","TMC_LCD":1036,"carriage_ref":"d","TMC_coords":{"lat":47.08009,"lng":7.12435}},"geometry":{"type":"Point","coordinates":[7.2624155,47.1245418]}},{"type":"Feature","properties":{"bearing":112.56141351469283,"junctionName":"21","roadName":"A5","TMC_LCD":1036,"carriage_ref":"c","TMC_coords":{"lat":47.08009,"lng":7.12435}},"geometry":{"type":"Point","coordinates":[7.2581774,47.1232738]}},{"type":"Feature","properties":{"bearing":244.83173305892052,"junctionName":"33","roadName":"A5","TMC_LCD":1036,"carriage_ref":"b","TMC_coords":{"lat":47.2028,"lng":7.5688}},"geometry":{"type":"Point","coordinates":[7.1056555,47.0664858]}},{"type":"Feature","properties":{"bearing":70.52616644179207,"junctionName":"33","roadName":"A5","TMC_LCD":1036,"carriage_ref":"a","TMC_coords":{"lat":47.2028,"lng":7.5688}},"geometry":{"type":"Point","coordinates":[7.103595,47.0658801]}},{"type":"Feature","properties":{"bearing":227.0035216650714,"junctionName":"33","roadName":"A5","TMC_LCD":1036,"carriage_ref":"d","TMC_coords":{"lat":47.2028,"lng":7.5688}},"geometry":{"type":"Point","coordinates":[7.569024517086867,47.202636396604625]}},{"type":"Feature","properties":{"bearing":46.85730946088759,"junctionName":"33","roadName":"A5","TMC_LCD":1036,"carriage_ref":"c","TMC_coords":{"lat":47.2028,"lng":7.5688}},"geometry":{"type":"Point","coordinates":[7.569119411347484,47.202568307860254]}},{"type":"Feature","properties":{"bearing":244.83173305892052,"junctionName":"30","roadName":"A5","TMC_LCD":1036,"carriage_ref":"b","TMC_coords":{"lat":47.17491,"lng":7.4172}},"geometry":{"type":"Point","coordinates":[7.1056555,47.0664858]}},{"type":"Feature","properties":{"bearing":70.52616644179207,"junctionName":"30","roadName":"A5","TMC_LCD":1036,"carriage_ref":"a","TMC_coords":{"lat":47.17491,"lng":7.4172}},"geometry":{"type":"Point","coordinates":[7.103595,47.0658801]}},{"type":"Feature","properties":{"bearing":253.23383010300893,"junctionName":"30","roadName":"A5","TMC_LCD":1036,"carriage_ref":"d","TMC_coords":{"lat":47.17491,"lng":7.4172}},"geometry":{"type":"Point","coordinates":[7.417161652430766,47.17499649909015]}},{"type":"Feature","properties":{"bearing":73.2587812181494,"junctionName":"30","roadName":"A5","TMC_LCD":1036,"carriage_ref":"c","TMC_coords":{"lat":47.17491,"lng":7.4172}},"geometry":{"type":"Point","coordinates":[7.417202360884709,47.174904640868746]}},{"type":"Feature","properties":{"bearing":237.5887564471309,"junctionName":"14","roadName":"A5","TMC_LCD":1036,"carriage_ref":"b","TMC_coords":{"lat":47.00408,"lng":6.96213}},"geometry":{"type":"Point","coordinates":[6.962133441803683,47.00407629650502]}},{"type":"Feature","properties":{"bearing":58.33515115280071,"junctionName":"14","roadName":"A5","TMC_LCD":1036,"carriage_ref":"a","TMC_coords":{"lat":47.00408,"lng":6.96213}},"geometry":{"type":"Point","coordinates":[6.962224476048722,47.00397553483087]}},{"type":"Feature","properties":{"bearing":214.42666979470044,"junctionName":"14","roadName":"A5","TMC_LCD":1036,"carriage_ref":"d","TMC_coords":{"lat":47.00408,"lng":6.96213}},"geometry":{"type":"Point","coordinates":[7.2624155,47.1245418]}},{"type":"Feature","properties":{"bearing":112.56141351469283,"junctionName":"14","roadName":"A5","TMC_LCD":1036,"carriage_ref":"c","TMC_coords":{"lat":47.00408,"lng":6.96213}},"geometry":{"type":"Point","coordinates":[7.2581774,47.1232738]}},{"type":"Feature","properties":{"bearing":208.6910165183961,"junctionName":"17","roadName":"A5","TMC_LCD":1036,"carriage_ref":"b","TMC_coords":{"lat":47.01975,"lng":7.0253}},"geometry":{"type":"Point","coordinates":[7.025210628064827,47.019783311256056]}},{"type":"Feature","properties":{"bearing":28.8510210525658,"junctionName":"17","roadName":"A5","TMC_LCD":1036,"carriage_ref":"a","TMC_coords":{"lat":47.01975,"lng":7.0253}},"geometry":{"type":"Point","coordinates":[7.025322344166238,47.0197415802801]}},{"type":"Feature","properties":{"bearing":214.42666979470044,"junctionName":"17","roadName":"A5","TMC_LCD":1036,"carriage_ref":"d","TMC_coords":{"lat":47.01975,"lng":7.0253}},"geometry":{"type":"Point","coordinates":[7.2624155,47.1245418]}},{"type":"Feature","properties":{"bearing":112.56141351469283,"junctionName":"17","roadName":"A5","TMC_LCD":1036,"carriage_ref":"c","TMC_coords":{"lat":47.01975,"lng":7.0253}},"geometry":{"type":"Point","coordinates":[7.2581774,47.1232738]}},{"type":"Feature","properties":{"bearing":247.97582327007996,"junctionName":"8","roadName":"A5","TMC_LCD":1036,"carriage_ref":"b","TMC_coords":{"lat":46.95531,"lng":6.85514}},"geometry":{"type":"Point","coordinates":[6.855107864439187,46.955354275033194]}},{"type":"Feature","properties":{"bearing":64.88693174463822,"junctionName":"8","roadName":"A5","TMC_LCD":1036,"carriage_ref":"a","TMC_coords":{"lat":46.95531,"lng":6.85514}},"geometry":{"type":"Point","coordinates":[6.855180181903771,46.95525147977612]}},{"type":"Feature","properties":{"bearing":214.42666979470044,"junctionName":"8","roadName":"A5","TMC_LCD":1036,"carriage_ref":"d","TMC_coords":{"lat":46.95531,"lng":6.85514}},"geometry":{"type":"Point","coordinates":[7.2624155,47.1245418]}},{"type":"Feature","properties":{"bearing":112.56141351469283,"junctionName":"8","roadName":"A5","TMC_LCD":1036,"carriage_ref":"c","TMC_coords":{"lat":46.95531,"lng":6.85514}},"geometry":{"type":"Point","coordinates":[7.2581774,47.1232738]}},{"type":"Feature","properties":{"bearing":244.83173305892052,"junctionName":"25a","roadName":"A5","TMC_LCD":1036,"carriage_ref":"b","TMC_coords":{"lat":47.12342,"lng":7.26089}},"geometry":{"type":"Point","coordinates":[7.1056555,47.0664858]}},{"type":"Feature","properties":{"bearing":70.52616644179207,"junctionName":"25a","roadName":"A5","TMC_LCD":1036,"carriage_ref":"a","TMC_coords":{"lat":47.12342,"lng":7.26089}},"geometry":{"type":"Point","coordinates":[7.103595,47.0658801]}},{"type":"Feature","properties":{"bearing":214.42666979470044,"junctionName":"25a","roadName":"A5","TMC_LCD":1036,"carriage_ref":"d","TMC_coords":{"lat":47.12342,"lng":7.26089}},"geometry":{"type":"Point","coordinates":[7.2624155,47.1245418]}},{"type":"Feature","properties":{"bearing":358.73662311301433,"junctionName":"25a","roadName":"A5","TMC_LCD":1036,"carriage_ref":"c","TMC_coords":{"lat":47.12342,"lng":7.26089}},"geometry":{"type":"Point","coordinates":[7.2623024949883375,47.12330199859208]}},{"type":"Feature","properties":{"bearing":79.69300986471121,"junctionName":"40","roadName":"A3","TMC_LCD":1019,"carriage_ref":"a","TMC_coords":{"lat":47.2006,"lng":8.79895}},"geometry":{"type":"Point","coordinates":[8.79894657512437,47.2006104066192]}},{"type":"Feature","properties":{"bearing":256.86007373853164,"junctionName":"40","roadName":"A3","TMC_LCD":1019,"carriage_ref":"b","TMC_coords":{"lat":47.2006,"lng":8.79895}},"geometry":{"type":"Point","coordinates":[8.798910010004473,47.200726858940556]}},{"type":"Feature","properties":{"bearing":63.73365691781987,"junctionName":"9","roadName":"A3","TMC_LCD":1019,"carriage_ref":"a","TMC_coords":{"lat":47.5308,"lng":7.7315}},"geometry":{"type":"Point","coordinates":[7.731519197671529,47.5307733853586]}},{"type":"Feature","properties":{"bearing":245.05732976263624,"junctionName":"9","roadName":"A3","TMC_LCD":1019,"carriage_ref":"b","TMC_coords":{"lat":47.5308,"lng":7.7315}},"geometry":{"type":"Point","coordinates":[7.731370709262138,47.53098768675528]}},{"type":"Feature","properties":{"bearing":86.5577391665488,"junctionName":"31","roadName":"A3","TMC_LCD":1019,"carriage_ref":"a","TMC_coords":{"lat":47.3421,"lng":8.45574}},"geometry":{"type":"Point","coordinates":[8.455756139526331,47.34189219405471]}},{"type":"Feature","properties":{"bearing":262.36939309315983,"junctionName":"31","roadName":"A3","TMC_LCD":1019,"carriage_ref":"b","TMC_coords":{"lat":47.3421,"lng":8.45574}},"geometry":{"type":"Point","coordinates":[8.4557042,47.3422538]}},{"type":"Feature","properties":{"bearing":113.64499141473101,"junctionName":"39","roadName":"A3","TMC_LCD":1019,"carriage_ref":"a","TMC_coords":{"lat":47.1954,"lng":8.7596}},"geometry":{"type":"Point","coordinates":[8.759619360576512,47.19543004037411]}},{"type":"Feature","properties":{"bearing":291.5777844759406,"junctionName":"39","roadName":"A3","TMC_LCD":1019,"carriage_ref":"b","TMC_coords":{"lat":47.1954,"lng":8.7596}},"geometry":{"type":"Point","coordinates":[8.759680175514722,47.19552889370834]}},{"type":"Feature","properties":{"bearing":87.37680478585197,"junctionName":"48","roadName":"A3","TMC_LCD":1019,"carriage_ref":"a","TMC_coords":{"lat":47.1153,"lng":9.3271}},"geometry":{"type":"Point","coordinates":[9.327093549493398,47.11536220943474]}},{"type":"Feature","properties":{"bearing":264.66877608240117,"junctionName":"48","roadName":"A3","TMC_LCD":1019,"carriage_ref":"b","TMC_coords":{"lat":47.1153,"lng":9.3271}},"geometry":{"type":"Point","coordinates":[9.327083246502182,47.11547094313339]}},{"type":"Feature","properties":{"bearing":117.58333813508898,"junctionName":"32","roadName":"A3","TMC_LCD":1019,"carriage_ref":"a","TMC_coords":{"lat":47.3439,"lng":8.51911}},"geometry":{"type":"Point","coordinates":[8.518969858007361,47.3436491921526]}},{"type":"Feature","properties":{"bearing":288.4470164438325,"junctionName":"32","roadName":"A3","TMC_LCD":1019,"carriage_ref":"b","TMC_coords":{"lat":47.3439,"lng":8.51911}},"geometry":{"type":"Point","coordinates":[8.519142698755212,47.34395535462332]}},{"type":"Feature","properties":{"bearing":135.41359149933413,"junctionName":"35","roadName":"A3","TMC_LCD":1019,"carriage_ref":"a","TMC_coords":{"lat":47.24006,"lng":8.60921}},"geometry":{"type":"Point","coordinates":[8.609195606000164,47.24005049093346]}},{"type":"Feature","properties":{"bearing":315.8013877188884,"junctionName":"35","roadName":"A3","TMC_LCD":1019,"carriage_ref":"b","TMC_coords":{"lat":47.24006,"lng":8.60921}},"geometry":{"type":"Point","coordinates":[8.609363806888473,47.24016203055092]}},{"type":"Feature","properties":{"bearing":156.47755485379423,"junctionName":"33","roadName":"A3","TMC_LCD":1019,"carriage_ref":"a","TMC_coords":{"lat":47.3288,"lng":8.5298}},"geometry":{"type":"Point","coordinates":[8.529784385874834,47.32879519357599]}},{"type":"Feature","properties":{"bearing":334.8544884901428,"junctionName":"33","roadName":"A3","TMC_LCD":1019,"carriage_ref":"b","TMC_coords":{"lat":47.3288,"lng":8.5298}},"geometry":{"type":"Point","coordinates":[8.529900193313347,47.328831872645836]}},{"type":"Feature","properties":{"bearing":88.29936747786627,"junctionName":"44","roadName":"A3","TMC_LCD":1019,"carriage_ref":"a","TMC_coords":{"lat":47.1286,"lng":9.0691}},"geometry":{"type":"Point","coordinates":[9.069092818604332,47.12884187097366]}},{"type":"Feature","properties":{"bearing":268.90280360462236,"junctionName":"44","roadName":"A3","TMC_LCD":1019,"carriage_ref":"b","TMC_coords":{"lat":47.1286,"lng":9.0691}},"geometry":{"type":"Point","coordinates":[9.06908876449732,47.12893774703178]}},{"type":"Feature","properties":{"bearing":35.459904278416836,"junctionName":"5","roadName":"A3","TMC_LCD":1019,"carriage_ref":"a","TMC_coords":{"lat":47.57119,"lng":7.59807}},"geometry":{"type":"Point","coordinates":[7.598118287289077,47.57115892515569]}},{"type":"Feature","properties":{"bearing":240.6959958631191,"junctionName":"5","roadName":"A3","TMC_LCD":1019,"carriage_ref":"b","TMC_coords":{"lat":47.57119,"lng":7.59807}},"geometry":{"type":"Point","coordinates":[7.598002341577306,47.571243055424794]}},{"type":"Feature","properties":{"bearing":155.8514522469018,"junctionName":"49","roadName":"A3","TMC_LCD":1019,"carriage_ref":"a","TMC_coords":{"lat":47.09455,"lng":9.3526}},"geometry":{"type":"Point","coordinates":[9.352636155466202,47.094560045948754]}},{"type":"Feature","properties":{"bearing":337.2230343292359,"junctionName":"49","roadName":"A3","TMC_LCD":1019,"carriage_ref":"b","TMC_coords":{"lat":47.09455,"lng":9.3526}},"geometry":{"type":"Point","coordinates":[9.352774010562179,47.09460321005412]}},{"type":"Feature","properties":{"bearing":137.47687438365907,"junctionName":"1","roadName":"A3","TMC_LCD":1019,"carriage_ref":"a","TMC_coords":{"lat":47.57345,"lng":7.56677}},"geometry":{"type":"Point","coordinates":[7.566631046569809,47.573363993453135]}},{"type":"Feature","properties":{"bearing":313.3951730246082,"junctionName":"1","roadName":"A3","TMC_LCD":1019,"carriage_ref":"b","TMC_coords":{"lat":47.57345,"lng":7.56677}},"geometry":{"type":"Point","coordinates":[7.566769220645428,47.57344940157128]}},{"type":"Feature","properties":{"bearing":126.2020049562359,"junctionName":"11","roadName":"A3","TMC_LCD":1019,"carriage_ref":"a","TMC_coords":{"lat":47.0378,"lng":9.46215}},"geometry":{"type":"Point","coordinates":[9.461786604352456,47.037387827249866]}},{"type":"Feature","properties":{"bearing":301.5927714318891,"junctionName":"11","roadName":"A3","TMC_LCD":1019,"carriage_ref":"b","TMC_coords":{"lat":47.0378,"lng":9.46215}},"geometry":{"type":"Point","coordinates":[9.461854713386904,47.03747278550367]}},{"type":"Feature","properties":{"bearing":102.642588114123,"junctionName":"47","roadName":"A3","TMC_LCD":1019,"carriage_ref":"a","TMC_coords":{"lat":47.11385,"lng":9.1917}},"geometry":{"type":"Point","coordinates":[9.191812574729363,47.11423316356714]}},{"type":"Feature","properties":{"bearing":292.1276771101094,"junctionName":"47","roadName":"A3","TMC_LCD":1019,"carriage_ref":"b","TMC_coords":{"lat":47.11385,"lng":9.1917}},"geometry":{"type":"Point","coordinates":[9.192262868479526,47.11469592377759]}},{"type":"Feature","properties":{"bearing":81.52343592943555,"junctionName":"15","roadName":"A3","TMC_LCD":1019,"carriage_ref":"a","TMC_coords":{"lat":47.54545,"lng":7.80385}},"geometry":{"type":"Point","coordinates":[7.8038318727366365,47.54552930273189]}},{"type":"Feature","properties":{"bearing":259.69772844769517,"junctionName":"15","roadName":"A3","TMC_LCD":1019,"carriage_ref":"b","TMC_coords":{"lat":47.54545,"lng":7.80385}},"geometry":{"type":"Point","coordinates":[7.8038062785548545,47.54563113694709]}},{"type":"Feature","properties":{"bearing":71.48454454353657,"junctionName":"14","roadName":"A3","TMC_LCD":1019,"carriage_ref":"a","TMC_coords":{"lat":47.54079,"lng":7.75991}},"geometry":{"type":"Point","coordinates":[7.759956416235528,47.54069697639286]}},{"type":"Feature","properties":{"bearing":250.48313519307044,"junctionName":"14","roadName":"A3","TMC_LCD":1019,"carriage_ref":"b","TMC_coords":{"lat":47.54079,"lng":7.75991}},"geometry":{"type":"Point","coordinates":[7.75990054565551,47.54080800274663]}},{"type":"Feature","properties":{"bearing":136.37160051509048,"junctionName":"43","roadName":"A3","TMC_LCD":1019,"carriage_ref":"a","TMC_coords":{"lat":47.153,"lng":9.0329}},"geometry":{"type":"Point","coordinates":[9.033007361269215,47.15306951385683]}},{"type":"Feature","properties":{"bearing":316.76892173438137,"junctionName":"43","roadName":"A3","TMC_LCD":1019,"carriage_ref":"b","TMC_coords":{"lat":47.153,"lng":9.0329}},"geometry":{"type":"Point","coordinates":[9.033114148805112,47.153136845998205]}},{"type":"Feature","properties":{"bearing":165.60089313509107,"junctionName":"28","roadName":"A3","TMC_LCD":1019,"carriage_ref":"a","TMC_coords":{"lat":47.37245,"lng":8.4202}},"geometry":{"type":"Point","coordinates":[8.420027641425497,47.372420028607955]}},{"type":"Feature","properties":{"bearing":347.9591561572147,"junctionName":"28","roadName":"A3","TMC_LCD":1019,"carriage_ref":"b","TMC_coords":{"lat":47.37245,"lng":8.4202}},"geometry":{"type":"Point","coordinates":[8.4201460374902,47.37243853907095]}},{"type":"Feature","properties":{"bearing":103.45607020669173,"junctionName":"45","roadName":"A3","TMC_LCD":1019,"carriage_ref":"a","TMC_coords":{"lat":47.1281,"lng":9.0934}},"geometry":{"type":"Point","coordinates":[9.09332033679133,47.127873254518875]}},{"type":"Feature","properties":{"bearing":282.63282483672094,"junctionName":"45","roadName":"A3","TMC_LCD":1019,"carriage_ref":"b","TMC_coords":{"lat":47.1281,"lng":9.0934}},"geometry":{"type":"Point","coordinates":[9.093355298354592,47.12796429074483]}},{"type":"Feature","properties":{"bearing":111.92142393550466,"junctionName":"38","roadName":"A3","TMC_LCD":1019,"carriage_ref":"a","TMC_coords":{"lat":47.1927,"lng":8.7225}},"geometry":{"type":"Point","coordinates":[8.722443694351647,47.19260823831831]}},{"type":"Feature","properties":{"bearing":293.2088740536503,"junctionName":"38","roadName":"A3","TMC_LCD":1019,"carriage_ref":"b","TMC_coords":{"lat":47.1927,"lng":8.7225}},"geometry":{"type":"Point","coordinates":[8.722510540180926,47.19271677849433]}},{"type":"Feature","properties":{"bearing":85.48180372692586,"junctionName":"53","roadName":"A3","TMC_LCD":1019,"carriage_ref":"a","TMC_coords":{"lat":47.44635,"lng":8.24665}},"geometry":{"type":"Point","coordinates":[8.246648885582918,47.44631322254337]}},{"type":"Feature","properties":{"bearing":267.36612084648795,"junctionName":"53","roadName":"A3","TMC_LCD":1019,"carriage_ref":"b","TMC_coords":{"lat":47.44635,"lng":8.24665}},"geometry":{"type":"Point","coordinates":[8.246583911359718,47.44699598679428]}},{"type":"Feature","properties":{"bearing":121.30078361207552,"junctionName":"2","roadName":"A3","TMC_LCD":1019,"carriage_ref":"a","TMC_coords":{"lat":47.57555,"lng":7.5626}},"geometry":{"type":"Point","coordinates":[7.563008,47.5752204]}},{"type":"Feature","properties":{"bearing":308.53414701272607,"junctionName":"2","roadName":"A3","TMC_LCD":1019,"carriage_ref":"b","TMC_coords":{"lat":47.57555,"lng":7.5626}},"geometry":{"type":"Point","coordinates":[7.5656677,47.5741342]}},{"type":"Feature","properties":{"bearing":179.11852158908616,"junctionName":"59","roadName":"A3","TMC_LCD":1019,"carriage_ref":"a","TMC_coords":{"lat":47.4116,"lng":8.42875}},"geometry":{"type":"Point","coordinates":[8.426306541790575,47.41124413995826]}},{"type":"Feature","properties":{"bearing":343.9712171054581,"junctionName":"59","roadName":"A3","TMC_LCD":1019,"carriage_ref":"b","TMC_coords":{"lat":47.4116,"lng":8.42875}},"geometry":{"type":"Point","coordinates":[8.4283294,47.4115899]}},{"type":"Feature","properties":{"bearing":107.59857779612786,"junctionName":"37","roadName":"A3","TMC_LCD":1019,"carriage_ref":"a","TMC_coords":{"lat":47.20335,"lng":8.68555}},"geometry":{"type":"Point","coordinates":[8.685306766415417,47.20283178224318]}},{"type":"Feature","properties":{"bearing":288.68562437241485,"junctionName":"37","roadName":"A3","TMC_LCD":1019,"carriage_ref":"b","TMC_coords":{"lat":47.20335,"lng":8.68555}},"geometry":{"type":"Point","coordinates":[8.685355468632036,47.202960024962884]}},{"type":"Feature","properties":{"bearing":99.50046750785226,"junctionName":"42","roadName":"A3","TMC_LCD":1019,"carriage_ref":"a","TMC_coords":{"lat":47.18395,"lng":8.9772}},"geometry":{"type":"Point","coordinates":[8.977198408896706,47.18394304241617]}},{"type":"Feature","properties":{"bearing":278.74503042156766,"junctionName":"42","roadName":"A3","TMC_LCD":1019,"carriage_ref":"b","TMC_coords":{"lat":47.18395,"lng":8.9772}},"geometry":{"type":"Point","coordinates":[8.977222304408805,47.18404854182226]}},{"type":"Feature","properties":{"bearing":106.92860299340727,"junctionName":"46","roadName":"A3","TMC_LCD":1019,"carriage_ref":"a","TMC_coords":{"lat":47.11667,"lng":9.17531}},"geometry":{"type":"Point","coordinates":[9.17340076692733,47.112400536726035]}},{"type":"Feature","properties":{"bearing":257.8634780509433,"junctionName":"46","roadName":"A3","TMC_LCD":1019,"carriage_ref":"b","TMC_coords":{"lat":47.11667,"lng":9.17531}},"geometry":{"type":"Point","coordinates":[9.175310387627354,47.11666875340927]}},{"type":"Feature","properties":{"bearing":92.39976453463169,"junctionName":"3","roadName":"A3","TMC_LCD":1019,"carriage_ref":"a","TMC_coords":{"lat":47.57077,"lng":7.58092}},"geometry":{"type":"Point","coordinates":[7.580915733439092,47.57070130832689]}},{"type":"Feature","properties":{"bearing":269.5546712293871,"junctionName":"3","roadName":"A3","TMC_LCD":1019,"carriage_ref":"b","TMC_coords":{"lat":47.57077,"lng":7.58092}},"geometry":{"type":"Point","coordinates":[7.580919479211698,47.57081518906851]}},{"type":"Feature","properties":{"bearing":99.97722388172748,"junctionName":"17","roadName":"A3","TMC_LCD":1019,"carriage_ref":"a","TMC_coords":{"lat":47.5029,"lng":8.03815}},"geometry":{"type":"Point","coordinates":[8.038065682787382,47.50262388259443]}},{"type":"Feature","properties":{"bearing":283.08886111388165,"junctionName":"17","roadName":"A3","TMC_LCD":1019,"carriage_ref":"b","TMC_coords":{"lat":47.5029,"lng":8.03815}},"geometry":{"type":"Point","coordinates":[8.038103564084158,47.50272878239376]}},{"type":"Feature","properties":{"bearing":154.68380214520678,"junctionName":"18","roadName":"A3","TMC_LCD":1019,"carriage_ref":"a","TMC_coords":{"lat":47.48239,"lng":8.09642}},"geometry":{"type":"Point","coordinates":[8.096200925155767,47.48232081909505]}},{"type":"Feature","properties":{"bearing":334.76770076958366,"junctionName":"18","roadName":"A3","TMC_LCD":1019,"carriage_ref":"b","TMC_coords":{"lat":47.48239,"lng":8.09642}},"geometry":{"type":"Point","coordinates":[8.096338651130665,47.48236442673692]}},{"type":"Feature","properties":{"bearing":162.88622405956684,"junctionName":"34","roadName":"A3","TMC_LCD":1019,"carriage_ref":"a","TMC_coords":{"lat":47.30135,"lng":8.5477}},"geometry":{"type":"Point","coordinates":[8.547718965444007,47.30135430213387]}},{"type":"Feature","properties":{"bearing":342.06689073939935,"junctionName":"34","roadName":"A3","TMC_LCD":1019,"carriage_ref":"b","TMC_coords":{"lat":47.30135,"lng":8.5477}},"geometry":{"type":"Point","coordinates":[8.547902306652391,47.30139439612454]}},{"type":"Feature","properties":{"bearing":38.12037792922259,"junctionName":"31a","roadName":"A3","TMC_LCD":1019,"carriage_ref":"a","TMC_coords":{"lat":47.34326,"lng":8.45951}},"geometry":{"type":"Point","coordinates":[8.45967398325567,47.34317279966546]}},{"type":"Feature","properties":{"bearing":232.25130004077653,"junctionName":"31a","roadName":"A3","TMC_LCD":1019,"carriage_ref":"b","TMC_coords":{"lat":47.34326,"lng":8.45951}},"geometry":{"type":"Point","coordinates":[8.4594204,47.343432]}},{"type":"Feature","properties":{"bearing":94.65863774050698,"junctionName":"2","roadName":"A3","TMC_LCD":1019,"carriage_ref":"a","TMC_coords":{"lat":47.57103,"lng":7.57714}},"geometry":{"type":"Point","coordinates":[7.577101337416537,47.57082707213983]}},{"type":"Feature","properties":{"bearing":276.42939224617527,"junctionName":"2","roadName":"A3","TMC_LCD":1019,"carriage_ref":"b","TMC_coords":{"lat":47.57103,"lng":7.57714}},"geometry":{"type":"Point","coordinates":[7.577135319590495,47.57100194910957]}},{"type":"Feature","properties":{"bearing":81.55365486365314,"junctionName":"19","roadName":"A3","TMC_LCD":1019,"carriage_ref":"a","TMC_coords":{"lat":47.45215,"lng":8.2195}},"geometry":{"type":"Point","coordinates":[8.219465399917183,47.4522861063259]}},{"type":"Feature","properties":{"bearing":259.8225487801386,"junctionName":"19","roadName":"A3","TMC_LCD":1019,"carriage_ref":"b","TMC_coords":{"lat":47.45215,"lng":8.2195}},"geometry":{"type":"Point","coordinates":[8.219444951026443,47.45239207054146]}},{"type":"Feature","properties":{"bearing":89.35634145308931,"junctionName":"4","roadName":"A3","TMC_LCD":1019,"carriage_ref":"a","TMC_coords":{"lat":47.57065,"lng":7.5892}},"geometry":{"type":"Point","coordinates":[7.589200791764541,47.57060241713223]}},{"type":"Feature","properties":{"bearing":269.94126409040484,"junctionName":"4","roadName":"A3","TMC_LCD":1019,"carriage_ref":"b","TMC_coords":{"lat":47.57065,"lng":7.5892}},"geometry":{"type":"Point","coordinates":[7.589199772843026,47.570804906981124]}},{"type":"Feature","properties":{"bearing":143.97501498921838,"junctionName":"30","roadName":"A3","TMC_LCD":1019,"carriage_ref":"a","TMC_coords":{"lat":47.34782,"lng":8.42738}},"geometry":{"type":"Point","coordinates":[8.427223586552579,47.34773975342631]}},{"type":"Feature","properties":{"bearing":322.29454149175984,"junctionName":"30","roadName":"A3","TMC_LCD":1019,"carriage_ref":"b","TMC_coords":{"lat":47.34782,"lng":8.42738}},"geometry":{"type":"Point","coordinates":[8.427590112700694,47.347918532971065]}},{"type":"Feature","properties":{"bearing":66.345585916625,"junctionName":"41","roadName":"A3","TMC_LCD":1019,"carriage_ref":"a","TMC_coords":{"lat":47.1858,"lng":8.85935}},"geometry":{"type":"Point","coordinates":[8.859296907978953,47.18589817884561]}},{"type":"Feature","properties":{"bearing":251.46288489933582,"junctionName":"41","roadName":"A3","TMC_LCD":1019,"carriage_ref":"b","TMC_coords":{"lat":47.1858,"lng":8.85935}},"geometry":{"type":"Point","coordinates":[8.859246459172809,47.18599602380561]}},{"type":"Feature","properties":{"bearing":95.47976526252543,"junctionName":"36","roadName":"A3","TMC_LCD":1019,"carriage_ref":"a","TMC_coords":{"lat":47.2307,"lng":8.63385}},"geometry":{"type":"Point","coordinates":[8.633803705854303,47.23040351652479]}},{"type":"Feature","properties":{"bearing":275.9056045379711,"junctionName":"36","roadName":"A3","TMC_LCD":1019,"carriage_ref":"b","TMC_coords":{"lat":47.2307,"lng":8.63385}},"geometry":{"type":"Point","coordinates":[8.633825631886525,47.23052818950206]}},{"type":"Feature","properties":{"bearing":133.1290186182191,"junctionName":"16","roadName":"A3","TMC_LCD":1019,"carriage_ref":"a","TMC_coords":{"lat":47.53825,"lng":7.98795}},"geometry":{"type":"Point","coordinates":[7.987645291217608,47.53803038461254]}},{"type":"Feature","properties":{"bearing":313.29718879339134,"junctionName":"16","roadName":"A3","TMC_LCD":1019,"carriage_ref":"b","TMC_coords":{"lat":47.53825,"lng":7.98795}},"geometry":{"type":"Point","coordinates":[7.987758812985093,47.538112986460106]}},{"type":"Feature","properties":{"bearing":139.05882846903089,"junctionName":"50","roadName":"A3","TMC_LCD":1019,"carriage_ref":"a","TMC_coords":{"lat":47.04345,"lng":9.4355}},"geometry":{"type":"Point","coordinates":[9.4351557563362,47.043247888542446]}},{"type":"Feature","properties":{"bearing":321.58227448994825,"junctionName":"50","roadName":"A3","TMC_LCD":1019,"carriage_ref":"b","TMC_coords":{"lat":47.04345,"lng":9.4355}},"geometry":{"type":"Point","coordinates":[9.435273774760915,47.043327730060106]}},{"type":"Feature","properties":{"bearing":214.71935129126462,"junctionName":"27","roadName":"A3","TMC_LCD":1019,"carriage_ref":"a","TMC_coords":{"lat":47.3943,"lng":8.4176}},"geometry":{"type":"Point","coordinates":[8.417515243776773,47.394339413738656]}},{"type":"Feature","properties":{"bearing":35.22459445833505,"junctionName":"27","roadName":"A3","TMC_LCD":1019,"carriage_ref":"b","TMC_coords":{"lat":47.3943,"lng":8.4176}},"geometry":{"type":"Point","coordinates":[8.41765938691426,47.39427160761374]}},{"type":"Feature","properties":{"bearing":193.50684332447958,"junctionName":"29","roadName":"A3","TMC_LCD":1019,"carriage_ref":"a","TMC_coords":{"lat":47.3632,"lng":8.42413}},"geometry":{"type":"Point","coordinates":[8.423877648756978,47.363238785691024]}},{"type":"Feature","properties":{"bearing":10.541363377031988,"junctionName":"29","roadName":"A3","TMC_LCD":1019,"carriage_ref":"b","TMC_coords":{"lat":47.3632,"lng":8.42413}},"geometry":{"type":"Point","coordinates":[8.424262782001458,47.36318326005372]}},{"type":"Feature","properties":{"bearing":203.9827843414728,"junctionName":"49","roadName":"A2","TMC_LCD":1044,"carriage_ref":"a","TMC_coords":{"lat":46.0315,"lng":8.9276}},"geometry":{"type":"Point","coordinates":[8.927137192245443,46.03164291917602]}},{"type":"Feature","properties":{"bearing":22.969458523186255,"junctionName":"49","roadName":"A2","TMC_LCD":1044,"carriage_ref":"b","TMC_coords":{"lat":46.0315,"lng":8.9276}},"geometry":{"type":"Point","coordinates":[8.927270655293036,46.031601109449035]}},{"type":"Feature","properties":{"bearing":139.91413118152954,"junctionName":"1","roadName":"A2","TMC_LCD":1044,"carriage_ref":"a","TMC_coords":{"lat":47.5744,"lng":7.59988}},"geometry":{"type":"Point","coordinates":[7.600273662596254,47.574589230095036]}},{"type":"Feature","properties":{"bearing":325.67082628869963,"junctionName":"1","roadName":"A2","TMC_LCD":1044,"carriage_ref":"b","TMC_coords":{"lat":47.5744,"lng":7.59988}},"geometry":{"type":"Point","coordinates":[7.600368728050138,47.57464185318818]}},{"type":"Feature","properties":{"bearing":94.23944117400248,"junctionName":"53","roadName":"A2","TMC_LCD":1044,"carriage_ref":"a","TMC_coords":{"lat":45.84435,"lng":9.013}},"geometry":{"type":"Point","coordinates":[9.012996832149899,45.8440786786032]}},{"type":"Feature","properties":{"bearing":269.2002303103665,"junctionName":"53","roadName":"A2","TMC_LCD":1044,"carriage_ref":"b","TMC_coords":{"lat":45.84435,"lng":9.013}},"geometry":{"type":"Point","coordinates":[9.012996008170441,45.84418040406528]}},{"type":"Feature","properties":{"bearing":98.02443731718297,"junctionName":"23","roadName":"A2","TMC_LCD":1044,"carriage_ref":"a","TMC_coords":{"lat":47.0839,"lng":8.27285}},"geometry":{"type":"Point","coordinates":[8.27280235648753,47.08366681882453]}},{"type":"Feature","properties":{"bearing":274.0839661910172,"junctionName":"23","roadName":"A2","TMC_LCD":1044,"carriage_ref":"b","TMC_coords":{"lat":47.0839,"lng":8.27285}},"geometry":{"type":"Point","coordinates":[8.27282896766617,47.08378154070159]}},{"type":"Feature","properties":{"bearing":118.25886220316768,"junctionName":"54","roadName":"A2","TMC_LCD":1044,"carriage_ref":"a","TMC_coords":{"lat":45.84003,"lng":9.02154}},"geometry":{"type":"Point","coordinates":[9.021373338594852,45.839853310564344]}},{"type":"Feature","properties":{"bearing":303.481116746349,"junctionName":"54","roadName":"A2","TMC_LCD":1044,"carriage_ref":"b","TMC_coords":{"lat":45.84003,"lng":9.02154}},"geometry":{"type":"Point","coordinates":[9.021454450590559,45.83992743020153]}},{"type":"Feature","properties":{"bearing":165.9522845241019,"junctionName":"50","roadName":"A2","TMC_LCD":1044,"carriage_ref":"a","TMC_coords":{"lat":45.98575,"lng":8.93305}},"geometry":{"type":"Point","coordinates":[8.932708280348024,45.9856770816238]}},{"type":"Feature","properties":{"bearing":342.7623604662891,"junctionName":"50","roadName":"A2","TMC_LCD":1044,"carriage_ref":"b","TMC_coords":{"lat":45.98575,"lng":8.93305}},"geometry":{"type":"Point","coordinates":[8.932893998635292,45.98572018933572]}},{"type":"Feature","properties":{"bearing":104.94968022254504,"junctionName":"20","roadName":"A2","TMC_LCD":1044,"carriage_ref":"a","TMC_coords":{"lat":47.1808,"lng":8.1114}},"geometry":{"type":"Point","coordinates":[8.11134679487943,47.180664554343586]}},{"type":"Feature","properties":{"bearing":283.1962871593206,"junctionName":"20","roadName":"A2","TMC_LCD":1044,"carriage_ref":"b","TMC_coords":{"lat":47.1808,"lng":8.1114}},"geometry":{"type":"Point","coordinates":[8.111387673950722,47.18076934261879]}},{"type":"Feature","properties":{"bearing":161.53084191378784,"junctionName":"12","roadName":"A2","TMC_LCD":1044,"carriage_ref":"a","TMC_coords":{"lat":47.403,"lng":7.8077}},"geometry":{"type":"Point","coordinates":[7.807303484292336,47.40291307022108]}},{"type":"Feature","properties":{"bearing":343.9322594732646,"junctionName":"12","roadName":"A2","TMC_LCD":1044,"carriage_ref":"b","TMC_coords":{"lat":47.403,"lng":7.8077}},"geometry":{"type":"Point","coordinates":[7.807463635854867,47.402952097555975]}},{"type":"Feature","properties":{"bearing":126.72675413342763,"junctionName":"31","roadName":"A2","TMC_LCD":1044,"carriage_ref":"a","TMC_coords":{"lat":46.97802,"lng":8.3334}},"geometry":{"type":"Point","coordinates":[8.333406237474422,46.978026059588835]}},{"type":"Feature","properties":{"bearing":301.72825818843796,"junctionName":"31","roadName":"A2","TMC_LCD":1044,"carriage_ref":"b","TMC_coords":{"lat":46.97802,"lng":8.3334}},"geometry":{"type":"Point","coordinates":[8.333471753586842,46.97809191820863]}},{"type":"Feature","properties":{"bearing":174.83172990011806,"junctionName":"37","roadName":"A2","TMC_LCD":1044,"carriage_ref":"a","TMC_coords":{"lat":46.83455,"lng":8.637}},"geometry":{"type":"Point","coordinates":[8.636674233058542,46.83453375467135]}},{"type":"Feature","properties":{"bearing":357.58455356836174,"junctionName":"37","roadName":"A2","TMC_LCD":1044,"carriage_ref":"b","TMC_coords":{"lat":46.83455,"lng":8.637}},"geometry":{"type":"Point","coordinates":[8.636820027284227,46.83454059300763]}},{"type":"Feature","properties":{"bearing":101.85875332103072,"junctionName":"6","roadName":"A2","TMC_LCD":1044,"carriage_ref":"a","TMC_coords":{"lat":47.54135,"lng":7.63005}},"geometry":{"type":"Point","coordinates":[7.630011677175299,47.541227030812664]}},{"type":"Feature","properties":{"bearing":282.06964095682343,"junctionName":"6","roadName":"A2","TMC_LCD":1044,"carriage_ref":"b","TMC_coords":{"lat":47.54135,"lng":7.63005}},"geometry":{"type":"Point","coordinates":[7.630055854399948,47.541367905293235]}},{"type":"Feature","properties":{"bearing":76.19828157996774,"junctionName":"8","roadName":"A2","TMC_LCD":1044,"carriage_ref":"a","TMC_coords":{"lat":47.52645,"lng":7.7149}},"geometry":{"type":"Point","coordinates":[7.714884660987591,47.52649598984035]}},{"type":"Feature","properties":{"bearing":257.21472900594574,"junctionName":"8","roadName":"A2","TMC_LCD":1044,"carriage_ref":"b","TMC_coords":{"lat":47.52645,"lng":7.7149}},"geometry":{"type":"Point","coordinates":[7.714840266363651,47.52662772488717]}},{"type":"Feature","properties":{"bearing":223.98167972341312,"junctionName":"25","roadName":"A2","TMC_LCD":1044,"carriage_ref":"a","TMC_coords":{"lat":47.06601,"lng":8.28756}},"geometry":{"type":"Point","coordinates":[8.287616666959888,47.06596928461602]}},{"type":"Feature","properties":{"bearing":51.84684950611067,"junctionName":"25","roadName":"A2","TMC_LCD":1044,"carriage_ref":"b","TMC_coords":{"lat":47.06601,"lng":8.28756}},"geometry":{"type":"Point","coordinates":[8.28773596550486,47.06587361308484]}},{"type":"Feature","properties":{"bearing":167.9718505416545,"junctionName":"45","roadName":"A2","TMC_LCD":1044,"carriage_ref":"a","TMC_coords":{"lat":46.21825,"lng":9.0374}},"geometry":{"type":"Point","coordinates":[9.036551397059931,46.21812125575005]}},{"type":"Feature","properties":{"bearing":346.15866779607063,"junctionName":"45","roadName":"A2","TMC_LCD":1044,"carriage_ref":"b","TMC_coords":{"lat":46.21825,"lng":9.0374}},"geometry":{"type":"Point","coordinates":[9.0367057,46.218167]}},{"type":"Feature","properties":{"bearing":143.65795920235996,"junctionName":"30","roadName":"A2","TMC_LCD":1044,"carriage_ref":"a","TMC_coords":{"lat":46.98085,"lng":8.30832}},"geometry":{"type":"Point","coordinates":[8.308262750660942,46.98082323464897]}},{"type":"Feature","properties":{"bearing":328.9806925753017,"junctionName":"30","roadName":"A2","TMC_LCD":1044,"carriage_ref":"b","TMC_coords":{"lat":46.98085,"lng":8.30832}},"geometry":{"type":"Point","coordinates":[8.308453948450687,46.98092193932076]}},{"type":"Feature","properties":{"bearing":206.85337811478922,"junctionName":"24","roadName":"A2","TMC_LCD":1044,"carriage_ref":"a","TMC_coords":{"lat":47.07002,"lng":8.29618}},"geometry":{"type":"Point","coordinates":[8.2952983,47.0702576]}},{"type":"Feature","properties":{"bearing":12.810321178258567,"junctionName":"24","roadName":"A2","TMC_LCD":1044,"carriage_ref":"b","TMC_coords":{"lat":47.07002,"lng":8.29618}},"geometry":{"type":"Point","coordinates":[8.2957738,47.0700963]}},{"type":"Feature","properties":{"bearing":130.15705243514384,"junctionName":"45","roadName":"A2","TMC_LCD":1044,"carriage_ref":"a","TMC_coords":{"lat":47.3125,"lng":7.8073}},"geometry":{"type":"Point","coordinates":[7.8074957,47.3126357]}},{"type":"Feature","properties":{"bearing":316.70862305455375,"junctionName":"45","roadName":"A2","TMC_LCD":1044,"carriage_ref":"b","TMC_coords":{"lat":47.3125,"lng":7.8073}},"geometry":{"type":"Point","coordinates":[7.808267,47.3131896]}},{"type":"Feature","properties":{"bearing":136.15577309116236,"junctionName":"11","roadName":"A2","TMC_LCD":1044,"carriage_ref":"a","TMC_coords":{"lat":47.469,"lng":7.7957}},"geometry":{"type":"Point","coordinates":[7.795476871101295,47.46883870655165]}},{"type":"Feature","properties":{"bearing":313.47973289360846,"junctionName":"11","roadName":"A2","TMC_LCD":1044,"carriage_ref":"b","TMC_coords":{"lat":47.469,"lng":7.7957}},"geometry":{"type":"Point","coordinates":[7.795574596189545,47.4689162511715]}},{"type":"Feature","properties":{"bearing":188.70905391706015,"junctionName":"14","roadName":"A2","TMC_LCD":1044,"carriage_ref":"a","TMC_coords":{"lat":47.32275,"lng":7.80575}},"geometry":{"type":"Point","coordinates":[7.805619914228694,47.322763801191805]}},{"type":"Feature","properties":{"bearing":11.871725212144282,"junctionName":"14","roadName":"A2","TMC_LCD":1044,"carriage_ref":"b","TMC_coords":{"lat":47.32275,"lng":7.80575}},"geometry":{"type":"Point","coordinates":[7.8057733675110645,47.3227468392265]}},{"type":"Feature","properties":{"bearing":102.48640349428764,"junctionName":"34","roadName":"A2","TMC_LCD":1044,"carriage_ref":"a","TMC_coords":{"lat":46.972,"lng":8.4408}},"geometry":{"type":"Point","coordinates":[8.440844471469847,46.97213766214255]}},{"type":"Feature","properties":{"bearing":280.47935851967327,"junctionName":"34","roadName":"A2","TMC_LCD":1044,"carriage_ref":"b","TMC_coords":{"lat":46.972,"lng":8.4408}},"geometry":{"type":"Point","coordinates":[8.440872439612649,46.97222167035065]}},{"type":"Feature","properties":{"bearing":211.96312353553176,"junctionName":"52","roadName":"A2","TMC_LCD":1044,"carriage_ref":"a","TMC_coords":{"lat":45.87345,"lng":8.9764}},"geometry":{"type":"Point","coordinates":[8.976252539467675,45.87351403795303]}},{"type":"Feature","properties":{"bearing":31.980526514199266,"junctionName":"52","roadName":"A2","TMC_LCD":1044,"carriage_ref":"b","TMC_coords":{"lat":45.87345,"lng":8.9764}},"geometry":{"type":"Point","coordinates":[8.976385702813847,45.873456143939435]}},{"type":"Feature","properties":{"bearing":109.958682667925,"junctionName":"29","roadName":"A2","TMC_LCD":1044,"carriage_ref":"a","TMC_coords":{"lat":46.97881,"lng":8.33128}},"geometry":{"type":"Point","coordinates":[8.331240265087965,46.97872970153882]}},{"type":"Feature","properties":{"bearing":284.4426571243372,"junctionName":"29","roadName":"A2","TMC_LCD":1044,"carriage_ref":"b","TMC_coords":{"lat":46.97881,"lng":8.33128}},"geometry":{"type":"Point","coordinates":[8.331281358710756,46.97881287073851]}},{"type":"Feature","properties":{"bearing":178.7469518053657,"junctionName":"27","roadName":"A2","TMC_LCD":1044,"carriage_ref":"a","TMC_coords":{"lat":47.03602,"lng":8.2955}},"geometry":{"type":"Point","coordinates":[8.295438738790152,47.03601825766377]}},{"type":"Feature","properties":{"bearing":354.77374975570535,"junctionName":"27","roadName":"A2","TMC_LCD":1044,"carriage_ref":"b","TMC_coords":{"lat":47.03602,"lng":8.2955}},"geometry":{"type":"Point","coordinates":[8.295579396965802,47.03602056168325]}},{"type":"Feature","properties":{"bearing":106.69301812873572,"junctionName":"47","roadName":"A2","TMC_LCD":1044,"carriage_ref":"a","TMC_coords":{"lat":47.3043,"lng":7.91715}},"geometry":{"type":"Point","coordinates":[7.917161240798037,47.30432692941738]}},{"type":"Feature","properties":{"bearing":298.45098044469205,"junctionName":"47","roadName":"A2","TMC_LCD":1044,"carriage_ref":"b","TMC_coords":{"lat":47.3043,"lng":7.91715}},"geometry":{"type":"Point","coordinates":[7.918013009598083,47.30525694354924]}},{"type":"Feature","properties":{"bearing":153.94868277826552,"junctionName":"5","roadName":"A2","TMC_LCD":1044,"carriage_ref":"a","TMC_coords":{"lat":47.54555,"lng":7.61405}},"geometry":{"type":"Point","coordinates":[7.6148791,47.5457957]}},{"type":"Feature","properties":{"bearing":342.31413912842197,"junctionName":"5","roadName":"A2","TMC_LCD":1044,"carriage_ref":"b","TMC_coords":{"lat":47.54555,"lng":7.61405}},"geometry":{"type":"Point","coordinates":[7.6151984,47.5458787]}},{"type":"Feature","properties":{"bearing":148.1503360369398,"junctionName":"2","roadName":"A2","TMC_LCD":1044,"carriage_ref":"a","TMC_coords":{"lat":47.56235,"lng":7.6106}},"geometry":{"type":"Point","coordinates":[7.610646188499651,47.56236931271702]}},{"type":"Feature","properties":{"bearing":326.3061767419773,"junctionName":"2","roadName":"A2","TMC_LCD":1044,"carriage_ref":"b","TMC_coords":{"lat":47.56235,"lng":7.6106}},"geometry":{"type":"Point","coordinates":[7.610751013834738,47.56241909205002]}},{"type":"Feature","properties":{"bearing":154.93662965852752,"junctionName":"3","roadName":"A2","TMC_LCD":1044,"carriage_ref":"a","TMC_coords":{"lat":47.5601,"lng":7.6124}},"geometry":{"type":"Point","coordinates":[7.6124244394023926,47.56010770157493]}},{"type":"Feature","properties":{"bearing":334.55429852237233,"junctionName":"3","roadName":"A2","TMC_LCD":1044,"carriage_ref":"b","TMC_coords":{"lat":47.5601,"lng":7.6124}},"geometry":{"type":"Point","coordinates":[7.61255649002327,47.56015023376964]}},{"type":"Feature","properties":{"bearing":105.00063113138974,"junctionName":"51","roadName":"A2","TMC_LCD":1044,"carriage_ref":"a","TMC_coords":{"lat":45.95424,"lng":8.95476}},"geometry":{"type":"Point","coordinates":[8.954706704010812,45.95410747058411]}},{"type":"Feature","properties":{"bearing":285.6709739257999,"junctionName":"51","roadName":"A2","TMC_LCD":1044,"carriage_ref":"b","TMC_coords":{"lat":45.95424,"lng":8.95476}},"geometry":{"type":"Point","coordinates":[8.95474389089451,45.954198750607695]}},{"type":"Feature","properties":{"bearing":101.88980108358454,"junctionName":"6","roadName":"A2","TMC_LCD":1044,"carriage_ref":"a","TMC_coords":{"lat":47.54145,"lng":7.62715}},"geometry":{"type":"Point","coordinates":[7.6272049181729145,47.54162599814169]}},{"type":"Feature","properties":{"bearing":281.23629016587836,"junctionName":"6","roadName":"A2","TMC_LCD":1044,"carriage_ref":"b","TMC_coords":{"lat":47.54145,"lng":7.62715}},"geometry":{"type":"Point","coordinates":[7.627238990328808,47.54175231578278]}},{"type":"Feature","properties":{"bearing":157.85223206977383,"junctionName":"26","roadName":"A2","TMC_LCD":1044,"carriage_ref":"a","TMC_coords":{"lat":47.05455,"lng":8.2963}},"geometry":{"type":"Point","coordinates":[8.296346409957287,47.054565290022204]}},{"type":"Feature","properties":{"bearing":327.8073077450199,"junctionName":"26","roadName":"A2","TMC_LCD":1044,"carriage_ref":"b","TMC_coords":{"lat":47.05455,"lng":8.2963}},"geometry":{"type":"Point","coordinates":[8.29647290737,47.054610486470935]}},{"type":"Feature","properties":{"bearing":132.84054754087475,"junctionName":"10","roadName":"A2","TMC_LCD":1044,"carriage_ref":"a","TMC_coords":{"lat":47.4975,"lng":7.7652}},"geometry":{"type":"Point","coordinates":[7.765190794469757,47.497493828193456]}},{"type":"Feature","properties":{"bearing":317.25182288008006,"junctionName":"10","roadName":"A2","TMC_LCD":1044,"carriage_ref":"b","TMC_coords":{"lat":47.4975,"lng":7.7652}},"geometry":{"type":"Point","coordinates":[7.765328250989267,47.497582931130815]}},{"type":"Feature","properties":{"bearing":191.46821240952136,"junctionName":"48","roadName":"A2","TMC_LCD":1044,"carriage_ref":"a","TMC_coords":{"lat":46.12985,"lng":8.9187}},"geometry":{"type":"Point","coordinates":[8.918314925410737,46.12990758283249]}},{"type":"Feature","properties":{"bearing":14.268252670465221,"junctionName":"48","roadName":"A2","TMC_LCD":1044,"carriage_ref":"b","TMC_coords":{"lat":46.12985,"lng":8.9187}},"geometry":{"type":"Point","coordinates":[8.918500376891332,46.12988039690769]}},{"type":"Feature","properties":{"bearing":151.76038202550558,"junctionName":"38","roadName":"A2","TMC_LCD":1044,"carriage_ref":"a","TMC_coords":{"lat":46.7721,"lng":8.6681}},"geometry":{"type":"Point","coordinates":[8.667826669434678,46.77200019935623]}},{"type":"Feature","properties":{"bearing":331.36697956892215,"junctionName":"38","roadName":"A2","TMC_LCD":1044,"carriage_ref":"b","TMC_coords":{"lat":46.7721,"lng":8.6681}},"geometry":{"type":"Point","coordinates":[8.667949889733585,46.77204382938984]}},{"type":"Feature","properties":{"bearing":98.42500124519084,"junctionName":"35","roadName":"A2","TMC_LCD":1044,"carriage_ref":"a","TMC_coords":{"lat":46.96235,"lng":8.4745}},"geometry":{"type":"Point","coordinates":[8.474530121612117,46.962475073599066]}},{"type":"Feature","properties":{"bearing":279.35034332884595,"junctionName":"35","roadName":"A2","TMC_LCD":1044,"carriage_ref":"b","TMC_coords":{"lat":46.96235,"lng":8.4745}},"geometry":{"type":"Point","coordinates":[8.474548409874487,46.962555390168156]}},{"type":"Feature","properties":{"bearing":79.10261973323323,"junctionName":"7","roadName":"A2","TMC_LCD":1044,"carriage_ref":"a","TMC_coords":{"lat":47.5289,"lng":7.68685}},"geometry":{"type":"Point","coordinates":[7.6869510636266725,47.528545459341956]}},{"type":"Feature","properties":{"bearing":259.0422231241279,"junctionName":"7","roadName":"A2","TMC_LCD":1044,"carriage_ref":"b","TMC_coords":{"lat":47.5289,"lng":7.68685}},"geometry":{"type":"Point","coordinates":[7.686913643596247,47.528678004810416]}},{"type":"Feature","properties":{"bearing":129.32341257955252,"junctionName":"21","roadName":"A2","TMC_LCD":1044,"carriage_ref":"a","TMC_coords":{"lat":47.1369,"lng":8.1994}},"geometry":{"type":"Point","coordinates":[8.199115385342797,47.13666160087895]}},{"type":"Feature","properties":{"bearing":309.73569753633757,"junctionName":"21","roadName":"A2","TMC_LCD":1044,"carriage_ref":"b","TMC_coords":{"lat":47.1369,"lng":8.1994}},"geometry":{"type":"Point","coordinates":[8.199210838352078,47.136744945601066]}},{"type":"Feature","properties":{"bearing":145.72872934704006,"junctionName":"28","roadName":"A2","TMC_LCD":1044,"carriage_ref":"a","TMC_coords":{"lat":47.01819,"lng":8.29705}},"geometry":{"type":"Point","coordinates":[8.296945106002708,47.01814696326944]}},{"type":"Feature","properties":{"bearing":329.6242169034486,"junctionName":"28","roadName":"A2","TMC_LCD":1044,"carriage_ref":"b","TMC_coords":{"lat":47.01819,"lng":8.29705}},"geometry":{"type":"Point","coordinates":[8.29706769946464,47.01819706377168]}},{"type":"Feature","properties":{"bearing":141.1566678482873,"junctionName":"36","roadName":"A2","TMC_LCD":1044,"carriage_ref":"a","TMC_coords":{"lat":46.8898,"lng":8.61885}},"geometry":{"type":"Point","coordinates":[8.61869850328953,46.88970882942196]}},{"type":"Feature","properties":{"bearing":313.3012705227339,"junctionName":"36","roadName":"A2","TMC_LCD":1044,"carriage_ref":"b","TMC_coords":{"lat":46.8898,"lng":8.61885}},"geometry":{"type":"Point","coordinates":[8.61879987480875,46.88977034299713]}},{"type":"Feature","properties":{"bearing":164.88201630617368,"junctionName":"18","roadName":"A2","TMC_LCD":1044,"carriage_ref":"a","TMC_coords":{"lat":47.24505,"lng":7.9557}},"geometry":{"type":"Point","coordinates":[7.955506893792871,47.24501457956738]}},{"type":"Feature","properties":{"bearing":347.1833908258789,"junctionName":"18","roadName":"A2","TMC_LCD":1044,"carriage_ref":"b","TMC_coords":{"lat":47.24505,"lng":7.9557}},"geometry":{"type":"Point","coordinates":[7.955675642550845,47.24504631840362]}},{"type":"Feature","properties":{"bearing":221.0229834361901,"junctionName":"39","roadName":"A2","TMC_LCD":1044,"carriage_ref":"a","TMC_coords":{"lat":46.70565,"lng":8.6015}},"geometry":{"type":"Point","coordinates":[8.601654611728703,46.705557432802564]}},{"type":"Feature","properties":{"bearing":39.8444391085804,"junctionName":"39","roadName":"A2","TMC_LCD":1044,"carriage_ref":"b","TMC_coords":{"lat":46.70565,"lng":8.6015}},"geometry":{"type":"Point","coordinates":[8.601777781503182,46.705491037503684]}},{"type":"Feature","properties":{"bearing":125.05631193844373,"junctionName":"42","roadName":"A2","TMC_LCD":1044,"carriage_ref":"a","TMC_coords":{"lat":46.50085,"lng":8.72685}},"geometry":{"type":"Point","coordinates":[8.726487228435968,46.500494096655004]}},{"type":"Feature","properties":{"bearing":307.39718724372227,"junctionName":"42","roadName":"A2","TMC_LCD":1044,"carriage_ref":"b","TMC_coords":{"lat":46.50085,"lng":8.72685}},"geometry":{"type":"Point","coordinates":[8.726573181150178,46.500600716838846]}},{"type":"Feature","properties":{"bearing":91.45363746439541,"junctionName":"9","roadName":"A2","TMC_LCD":1044,"carriage_ref":"a","TMC_coords":{"lat":47.5308,"lng":7.7315}},"geometry":{"type":"Point","coordinates":[7.731491388315744,47.53011505646774]}},{"type":"Feature","properties":{"bearing":268.05261398507014,"junctionName":"9","roadName":"A2","TMC_LCD":1044,"carriage_ref":"b","TMC_coords":{"lat":47.5308,"lng":7.7315}},"geometry":{"type":"Point","coordinates":[7.731475036328247,47.530308497441645]}},{"type":"Feature","properties":{"bearing":178.53493508401135,"junctionName":"40","roadName":"A2","TMC_LCD":1044,"carriage_ref":"a","TMC_coords":{"lat":46.67485,"lng":8.59345}},"geometry":{"type":"Point","coordinates":[8.592932967676399,46.67484092373069]}},{"type":"Feature","properties":{"bearing":357.8759766428351,"junctionName":"40","roadName":"A2","TMC_LCD":1044,"carriage_ref":"b","TMC_coords":{"lat":46.67485,"lng":8.59345}},"geometry":{"type":"Point","coordinates":[8.593066084538991,46.674843497333306]}},{"type":"Feature","properties":{"bearing":103.64327918569643,"junctionName":"6","roadName":"A2","TMC_LCD":1044,"carriage_ref":"a","TMC_coords":{"lat":47.5402,"lng":7.63575}},"geometry":{"type":"Point","coordinates":[7.635804015452738,47.540357273373594]}},{"type":"Feature","properties":{"bearing":283.3792699084011,"junctionName":"6","roadName":"A2","TMC_LCD":1044,"carriage_ref":"b","TMC_coords":{"lat":47.5402,"lng":7.63575}},"geometry":{"type":"Point","coordinates":[7.635852983197537,47.54049227077166]}},{"type":"Feature","properties":{"bearing":153.57729609170855,"junctionName":"1","roadName":"A2","TMC_LCD":1044,"carriage_ref":"a","TMC_coords":{"lat":47.5711,"lng":7.6036}},"geometry":{"type":"Point","coordinates":[7.603478874883575,47.571060131376605]}},{"type":"Feature","properties":{"bearing":329.9990691250158,"junctionName":"1","roadName":"A2","TMC_LCD":1044,"carriage_ref":"b","TMC_coords":{"lat":47.5711,"lng":7.6036}},"geometry":{"type":"Point","coordinates":[7.603656131358785,47.57111812616319]}},{"type":"Feature","properties":{"bearing":152.4222178988273,"junctionName":"1a","roadName":"A2","TMC_LCD":1044,"carriage_ref":"a","TMC_coords":{"lat":47.57543,"lng":7.59954}},"geometry":{"type":"Point","coordinates":[7.599530681901929,47.57542713110149]}},{"type":"Feature","properties":{"bearing":338.20920533526953,"junctionName":"1a","roadName":"A2","TMC_LCD":1044,"carriage_ref":"b","TMC_coords":{"lat":47.57543,"lng":7.59954}},"geometry":{"type":"Point","coordinates":[7.5996403,47.5754594]}},{"type":"Feature","properties":{"bearing":99.03128949084024,"junctionName":"32","roadName":"A2","TMC_LCD":1044,"carriage_ref":"a","TMC_coords":{"lat":46.96665,"lng":8.3556}},"geometry":{"type":"Point","coordinates":[8.355614723158913,46.966710892561615]}},{"type":"Feature","properties":{"bearing":279.68441255321636,"junctionName":"32","roadName":"A2","TMC_LCD":1044,"carriage_ref":"b","TMC_coords":{"lat":46.96665,"lng":8.3556}},"geometry":{"type":"Point","coordinates":[8.355634824751911,46.966793897034975]}},{"type":"Feature","properties":{"bearing":91.34612926698952,"junctionName":"41","roadName":"A2","TMC_LCD":1044,"carriage_ref":"a","TMC_coords":{"lat":46.526,"lng":8.6149}},"geometry":{"type":"Point","coordinates":[8.614900120534468,46.526003522075705]}},{"type":"Feature","properties":{"bearing":273.0002149550602,"junctionName":"41","roadName":"A2","TMC_LCD":1044,"carriage_ref":"b","TMC_coords":{"lat":46.526,"lng":8.6149}},"geometry":{"type":"Point","coordinates":[8.61490173819064,46.5260935544571]}},{"type":"Feature","properties":{"bearing":73.00998610082647,"junctionName":"33","roadName":"A2","TMC_LCD":1044,"carriage_ref":"a","TMC_coords":{"lat":46.9662,"lng":8.38435}},"geometry":{"type":"Point","coordinates":[8.38448478116735,46.965890393968095]}},{"type":"Feature","properties":{"bearing":256.3362077421933,"junctionName":"33","roadName":"A2","TMC_LCD":1044,"carriage_ref":"b","TMC_coords":{"lat":46.9662,"lng":8.38435}},"geometry":{"type":"Point","coordinates":[8.384431306725318,46.96597537605704]}},{"type":"Feature","properties":{"bearing":201.37273233662083,"junctionName":"1","roadName":"A2","TMC_LCD":1044,"carriage_ref":"a","TMC_coords":{"lat":47.58054,"lng":7.60036}},"geometry":{"type":"Point","coordinates":[7.600323179799442,47.580549361394496]}},{"type":"Feature","properties":{"bearing":19.252703864936898,"junctionName":"1","roadName":"A2","TMC_LCD":1044,"carriage_ref":"b","TMC_coords":{"lat":47.58054,"lng":7.60036}},"geometry":{"type":"Point","coordinates":[7.600461388615991,47.580515417332315]}},{"type":"Feature","properties":{"bearing":138.5172021509204,"junctionName":"44","roadName":"A2","TMC_LCD":1044,"carriage_ref":"a","TMC_coords":{"lat":46.3558,"lng":8.95745}},"geometry":{"type":"Point","coordinates":[8.956923672735744,46.35547880352613]}},{"type":"Feature","properties":{"bearing":317.0614237709282,"junctionName":"44","roadName":"A2","TMC_LCD":1044,"carriage_ref":"b","TMC_coords":{"lat":46.3558,"lng":8.95745}},"geometry":{"type":"Point","coordinates":[8.9570479,46.3555423]}},{"type":"Feature","properties":{"bearing":204.15060794817956,"junctionName":"49","roadName":"A2","TMC_LCD":1044,"carriage_ref":"a","TMC_coords":{"lat":46.02755,"lng":8.92525}},"geometry":{"type":"Point","coordinates":[8.924625859292007,46.027744216814]}},{"type":"Feature","properties":{"bearing":24.636678334643396,"junctionName":"49","roadName":"A2","TMC_LCD":1044,"carriage_ref":"b","TMC_coords":{"lat":46.02755,"lng":8.92525}},"geometry":{"type":"Point","coordinates":[8.924722741380686,46.027712964058686]}},{"type":"Feature","properties":{"bearing":137.14518211968377,"junctionName":"22","roadName":"A2","TMC_LCD":1044,"carriage_ref":"a","TMC_coords":{"lat":47.08977,"lng":8.25072}},"geometry":{"type":"Point","coordinates":[8.25062656183108,47.089711809614464]}},{"type":"Feature","properties":{"bearing":317.32903874369737,"junctionName":"22","roadName":"A2","TMC_LCD":1044,"carriage_ref":"b","TMC_coords":{"lat":47.08977,"lng":8.25072}},"geometry":{"type":"Point","coordinates":[8.250731736908335,47.08977756035568]}},{"type":"Feature","properties":{"bearing":153.89250385813818,"junctionName":"43","roadName":"A2","TMC_LCD":1044,"carriage_ref":"a","TMC_coords":{"lat":46.46285,"lng":8.8225}},"geometry":{"type":"Point","coordinates":[8.822557392633488,46.46286936435241]}},{"type":"Feature","properties":{"bearing":333.90417877882993,"junctionName":"43","roadName":"A2","TMC_LCD":1044,"carriage_ref":"b","TMC_coords":{"lat":46.46285,"lng":8.8225}},"geometry":{"type":"Point","coordinates":[8.822697047976805,46.46291647627769]}},{"type":"Feature","properties":{"bearing":192.35707977792183,"junctionName":"29","roadName":"A2","TMC_LCD":1044,"carriage_ref":"a","TMC_coords":{"lat":46.9987,"lng":8.3114}},"geometry":{"type":"Point","coordinates":[8.311223205959775,46.99872228534025]}},{"type":"Feature","properties":{"bearing":8.32297161202872,"junctionName":"29","roadName":"A2","TMC_LCD":1044,"carriage_ref":"b","TMC_coords":{"lat":46.9987,"lng":8.3114}},"geometry":{"type":"Point","coordinates":[8.311351580578838,46.99870525175232]}},{"type":"Feature","properties":{"bearing":109.81270185519499,"junctionName":"19","roadName":"A2","TMC_LCD":1044,"carriage_ref":"a","TMC_coords":{"lat":47.2084,"lng":7.9834}},"geometry":{"type":"Point","coordinates":[7.983422874261335,47.208440820062606]}},{"type":"Feature","properties":{"bearing":292.64156314842546,"junctionName":"19","roadName":"A2","TMC_LCD":1044,"carriage_ref":"b","TMC_coords":{"lat":47.2084,"lng":7.9834}},"geometry":{"type":"Point","coordinates":[7.983474265111858,47.20853071509257]}},{"type":"Feature","properties":{"bearing":161.58779831792222,"junctionName":"4","roadName":"A2","TMC_LCD":1044,"carriage_ref":"a","TMC_coords":{"lat":47.5553,"lng":7.6157}},"geometry":{"type":"Point","coordinates":[7.615535407775757,47.55526113193128]}},{"type":"Feature","properties":{"bearing":339.88430802440934,"junctionName":"4","roadName":"A2","TMC_LCD":1044,"carriage_ref":"b","TMC_coords":{"lat":47.5553,"lng":7.6157}},"geometry":{"type":"Point","coordinates":[7.615657725103728,47.55528954658108]}},{"type":"Feature","properties":{"bearing":171.75776670803376,"junctionName":"47","roadName":"A2","TMC_LCD":1044,"carriage_ref":"a","TMC_coords":{"lat":46.1629,"lng":8.99105}},"geometry":{"type":"Point","coordinates":[8.990786612128037,46.16287332338243]}},{"type":"Feature","properties":{"bearing":352.0990962255143,"junctionName":"47","roadName":"A2","TMC_LCD":1044,"carriage_ref":"b","TMC_coords":{"lat":46.1629,"lng":8.99105}},"geometry":{"type":"Point","coordinates":[8.991000473055797,46.1628945907793]}},{"type":"Feature","properties":{"bearing":185.8062188686902,"junctionName":"13","roadName":"A2","TMC_LCD":1044,"carriage_ref":"a","TMC_coords":{"lat":47.3819,"lng":7.8172}},"geometry":{"type":"Point","coordinates":[7.81659278780847,47.381941774498635]}},{"type":"Feature","properties":{"bearing":6.3609554611876336,"junctionName":"13","roadName":"A2","TMC_LCD":1044,"carriage_ref":"b","TMC_coords":{"lat":47.3819,"lng":7.8172}},"geometry":{"type":"Point","coordinates":[7.816757942976644,47.38193329920262]}}]}